<?xml version="1.0" encoding="UTF-8"?>
<gpx version="1.1" creator="obc-sim grimsel" xmlns="http://www.topografix.com/GPX/1/1">
  <trk><name>Grimselpass climb</name><trkseg>
    <trkpt lat="46.653917" lon="8.290977"><ele>1063.1</ele><time>2025-09-11T08:00:00Z</time></trkpt>
    <trkpt lat="46.653877" lon="8.291013"><ele>1063.2</ele><time>2025-09-11T08:00:01Z</time></trkpt>
    <trkpt lat="46.653738" lon="8.291144"><ele>1063.7</ele><time>2025-09-11T08:00:07Z</time></trkpt>
    <trkpt lat="46.653700" lon="8.291189"><ele>1063.8</ele><time>2025-09-11T08:00:08Z</time></trkpt>
    <trkpt lat="46.653642" lon="8.291252"><ele>1064.1</ele><time>2025-09-11T08:00:11Z</time></trkpt>
    <trkpt lat="46.653625" lon="8.291272"><ele>1064.1</ele><time>2025-09-11T08:00:11Z</time></trkpt>
    <trkpt lat="46.653538" lon="8.291401"><ele>1064.5</ele><time>2025-09-11T08:00:16Z</time></trkpt>
    <trkpt lat="46.653481" lon="8.291499"><ele>1064.8</ele><time>2025-09-11T08:00:18Z</time></trkpt>
    <trkpt lat="46.653433" lon="8.291576"><ele>1065.0</ele><time>2025-09-11T08:00:21Z</time></trkpt>
    <trkpt lat="46.653404" lon="8.291625"><ele>1065.1</ele><time>2025-09-11T08:00:22Z</time></trkpt>
    <trkpt lat="46.653379" lon="8.291663"><ele>1065.2</ele><time>2025-09-11T08:00:24Z</time></trkpt>
    <trkpt lat="46.653352" lon="8.291714"><ele>1065.4</ele><time>2025-09-11T08:00:25Z</time></trkpt>
    <trkpt lat="46.653265" lon="8.291833"><ele>1065.8</ele><time>2025-09-11T08:00:29Z</time></trkpt>
    <trkpt lat="46.653230" lon="8.291878"><ele>1066.1</ele><time>2025-09-11T08:00:31Z</time></trkpt>
    <trkpt lat="46.653082" lon="8.292082"><ele>1067.4</ele><time>2025-09-11T08:00:37Z</time></trkpt>
    <trkpt lat="46.653029" lon="8.292155"><ele>1067.8</ele><time>2025-09-11T08:00:40Z</time></trkpt>
    <trkpt lat="46.653012" lon="8.292176"><ele>1068.0</ele><time>2025-09-11T08:00:41Z</time></trkpt>
    <trkpt lat="46.652941" lon="8.292265"><ele>1068.6</ele><time>2025-09-11T08:00:44Z</time></trkpt>
    <trkpt lat="46.652821" lon="8.292414"><ele>1069.6</ele><time>2025-09-11T08:00:49Z</time></trkpt>
    <trkpt lat="46.652803" lon="8.292435"><ele>1069.7</ele><time>2025-09-11T08:00:50Z</time></trkpt>
    <trkpt lat="46.652769" lon="8.292470"><ele>1070.0</ele><time>2025-09-11T08:00:51Z</time></trkpt>
    <trkpt lat="46.652693" lon="8.292555"><ele>1070.6</ele><time>2025-09-11T08:00:54Z</time></trkpt>
    <trkpt lat="46.652645" lon="8.292601"><ele>1070.9</ele><time>2025-09-11T08:00:56Z</time></trkpt>
    <trkpt lat="46.652614" lon="8.292634"><ele>1071.2</ele><time>2025-09-11T08:00:57Z</time></trkpt>
    <trkpt lat="46.652518" lon="8.292733"><ele>1071.9</ele><time>2025-09-11T08:01:01Z</time></trkpt>
    <trkpt lat="46.652491" lon="8.292761"><ele>1072.1</ele><time>2025-09-11T08:01:02Z</time></trkpt>
    <trkpt lat="46.652390" lon="8.292851"><ele>1072.9</ele><time>2025-09-11T08:01:06Z</time></trkpt>
    <trkpt lat="46.652336" lon="8.292898"><ele>1073.3</ele><time>2025-09-11T08:01:09Z</time></trkpt>
    <trkpt lat="46.652292" lon="8.292935"><ele>1073.6</ele><time>2025-09-11T08:01:10Z</time></trkpt>
    <trkpt lat="46.652240" lon="8.292971"><ele>1074.0</ele><time>2025-09-11T08:01:12Z</time></trkpt>
    <trkpt lat="46.652172" lon="8.293014"><ele>1074.4</ele><time>2025-09-11T08:01:15Z</time></trkpt>
    <trkpt lat="46.652134" lon="8.293041"><ele>1074.7</ele><time>2025-09-11T08:01:16Z</time></trkpt>
    <trkpt lat="46.652086" lon="8.293076"><ele>1075.1</ele><time>2025-09-11T08:01:18Z</time></trkpt>
    <trkpt lat="46.652058" lon="8.293083"><ele>1075.2</ele><time>2025-09-11T08:01:19Z</time></trkpt>
    <trkpt lat="46.652046" lon="8.293089"><ele>1075.3</ele><time>2025-09-11T08:01:19Z</time></trkpt>
    <trkpt lat="46.651979" lon="8.293142"><ele>1075.8</ele><time>2025-09-11T08:01:22Z</time></trkpt>
    <trkpt lat="46.651953" lon="8.293157"><ele>1076.0</ele><time>2025-09-11T08:01:23Z</time></trkpt>
    <trkpt lat="46.651904" lon="8.293188"><ele>1076.3</ele><time>2025-09-11T08:01:24Z</time></trkpt>
    <trkpt lat="46.651831" lon="8.293216"><ele>1076.8</ele><time>2025-09-11T08:01:27Z</time></trkpt>
    <trkpt lat="46.651722" lon="8.293272"><ele>1077.6</ele><time>2025-09-11T08:01:31Z</time></trkpt>
    <trkpt lat="46.651640" lon="8.293308"><ele>1078.2</ele><time>2025-09-11T08:01:34Z</time></trkpt>
    <trkpt lat="46.651598" lon="8.293322"><ele>1078.5</ele><time>2025-09-11T08:01:35Z</time></trkpt>
    <trkpt lat="46.651554" lon="8.293334"><ele>1078.8</ele><time>2025-09-11T08:01:37Z</time></trkpt>
    <trkpt lat="46.651492" lon="8.293364"><ele>1079.2</ele><time>2025-09-11T08:01:39Z</time></trkpt>
    <trkpt lat="46.651463" lon="8.293372"><ele>1079.4</ele><time>2025-09-11T08:01:40Z</time></trkpt>
    <trkpt lat="46.651448" lon="8.293376"><ele>1079.5</ele><time>2025-09-11T08:01:40Z</time></trkpt>
    <trkpt lat="46.651414" lon="8.293382"><ele>1079.8</ele><time>2025-09-11T08:01:41Z</time></trkpt>
    <trkpt lat="46.651384" lon="8.293392"><ele>1080.0</ele><time>2025-09-11T08:01:42Z</time></trkpt>
    <trkpt lat="46.651332" lon="8.293409"><ele>1080.4</ele><time>2025-09-11T08:01:44Z</time></trkpt>
    <trkpt lat="46.651276" lon="8.293435"><ele>1080.8</ele><time>2025-09-11T08:01:46Z</time></trkpt>
    <trkpt lat="46.651214" lon="8.293450"><ele>1081.2</ele><time>2025-09-11T08:01:48Z</time></trkpt>
    <trkpt lat="46.651168" lon="8.293460"><ele>1081.5</ele><time>2025-09-11T08:01:50Z</time></trkpt>
    <trkpt lat="46.651084" lon="8.293481"><ele>1082.1</ele><time>2025-09-11T08:01:53Z</time></trkpt>
    <trkpt lat="46.651046" lon="8.293491"><ele>1082.4</ele><time>2025-09-11T08:01:54Z</time></trkpt>
    <trkpt lat="46.650991" lon="8.293502"><ele>1082.8</ele><time>2025-09-11T08:01:56Z</time></trkpt>
    <trkpt lat="46.650949" lon="8.293517"><ele>1083.1</ele><time>2025-09-11T08:01:57Z</time></trkpt>
    <trkpt lat="46.650904" lon="8.293537"><ele>1083.4</ele><time>2025-09-11T08:01:59Z</time></trkpt>
    <trkpt lat="46.650872" lon="8.293544"><ele>1083.6</ele><time>2025-09-11T08:02:00Z</time></trkpt>
    <trkpt lat="46.650825" lon="8.293555"><ele>1084.0</ele><time>2025-09-11T08:02:01Z</time></trkpt>
    <trkpt lat="46.650750" lon="8.293582"><ele>1084.5</ele><time>2025-09-11T08:02:04Z</time></trkpt>
    <trkpt lat="46.650670" lon="8.293615"><ele>1085.1</ele><time>2025-09-11T08:02:07Z</time></trkpt>
    <trkpt lat="46.650615" lon="8.293645"><ele>1085.5</ele><time>2025-09-11T08:02:09Z</time></trkpt>
    <trkpt lat="46.650522" lon="8.293707"><ele>1086.2</ele><time>2025-09-11T08:02:12Z</time></trkpt>
    <trkpt lat="46.650449" lon="8.293777"><ele>1086.8</ele><time>2025-09-11T08:02:15Z</time></trkpt>
    <trkpt lat="46.650337" lon="8.293900"><ele>1087.8</ele><time>2025-09-11T08:02:20Z</time></trkpt>
    <trkpt lat="46.650322" lon="8.293917"><ele>1087.9</ele><time>2025-09-11T08:02:20Z</time></trkpt>
    <trkpt lat="46.650237" lon="8.294055"><ele>1088.8</ele><time>2025-09-11T08:02:25Z</time></trkpt>
    <trkpt lat="46.650156" lon="8.294228"><ele>1089.6</ele><time>2025-09-11T08:02:29Z</time></trkpt>
    <trkpt lat="46.650146" lon="8.294253"><ele>1089.6</ele><time>2025-09-11T08:02:30Z</time></trkpt>
    <trkpt lat="46.650090" lon="8.294433"><ele>1089.7</ele><time>2025-09-11T08:02:35Z</time></trkpt>
    <trkpt lat="46.650060" lon="8.294557"><ele>1089.7</ele><time>2025-09-11T08:02:38Z</time></trkpt>
    <trkpt lat="46.650042" lon="8.294688"><ele>1089.7</ele><time>2025-09-11T08:02:41Z</time></trkpt>
    <trkpt lat="46.650037" lon="8.294756"><ele>1089.8</ele><time>2025-09-11T08:02:42Z</time></trkpt>
    <trkpt lat="46.650026" lon="8.294862"><ele>1089.8</ele><time>2025-09-11T08:02:45Z</time></trkpt>
    <trkpt lat="46.650024" lon="8.294899"><ele>1089.8</ele><time>2025-09-11T08:02:46Z</time></trkpt>
    <trkpt lat="46.650023" lon="8.294938"><ele>1089.8</ele><time>2025-09-11T08:02:46Z</time></trkpt>
    <trkpt lat="46.650011" lon="8.295017"><ele>1089.9</ele><time>2025-09-11T08:02:48Z</time></trkpt>
    <trkpt lat="46.650004" lon="8.295060"><ele>1089.9</ele><time>2025-09-11T08:02:49Z</time></trkpt>
    <trkpt lat="46.649997" lon="8.295106"><ele>1089.9</ele><time>2025-09-11T08:02:50Z</time></trkpt>
    <trkpt lat="46.649972" lon="8.295270"><ele>1089.9</ele><time>2025-09-11T08:02:54Z</time></trkpt>
    <trkpt lat="46.649965" lon="8.295311"><ele>1090.0</ele><time>2025-09-11T08:02:55Z</time></trkpt>
    <trkpt lat="46.649957" lon="8.295393"><ele>1090.0</ele><time>2025-09-11T08:02:57Z</time></trkpt>
    <trkpt lat="46.649940" lon="8.295480"><ele>1090.0</ele><time>2025-09-11T08:02:59Z</time></trkpt>
    <trkpt lat="46.649917" lon="8.295565"><ele>1090.0</ele><time>2025-09-11T08:03:01Z</time></trkpt>
    <trkpt lat="46.649871" lon="8.295685"><ele>1090.1</ele><time>2025-09-11T08:03:04Z</time></trkpt>
    <trkpt lat="46.649671" lon="8.296076"><ele>1090.2</ele><time>2025-09-11T08:03:16Z</time></trkpt>
    <trkpt lat="46.649589" lon="8.296191"><ele>1090.3</ele><time>2025-09-11T08:03:19Z</time></trkpt>
    <trkpt lat="46.649449" lon="8.296406"><ele>1090.4</ele><time>2025-09-11T08:03:26Z</time></trkpt>
    <trkpt lat="46.649294" lon="8.296608"><ele>1090.5</ele><time>2025-09-11T08:03:33Z</time></trkpt>
    <trkpt lat="46.649200" lon="8.296724"><ele>1090.5</ele><time>2025-09-11T08:03:37Z</time></trkpt>
    <trkpt lat="46.648992" lon="8.296997"><ele>1090.6</ele><time>2025-09-11T08:03:47Z</time></trkpt>
    <trkpt lat="46.648884" lon="8.297141"><ele>1090.7</ele><time>2025-09-11T08:03:51Z</time></trkpt>
    <trkpt lat="46.648725" lon="8.297363"><ele>1090.8</ele><time>2025-09-11T08:03:59Z</time></trkpt>
    <trkpt lat="46.648505" lon="8.297718"><ele>1090.9</ele><time>2025-09-11T08:04:10Z</time></trkpt>
    <trkpt lat="46.648307" lon="8.298086"><ele>1091.0</ele><time>2025-09-11T08:04:20Z</time></trkpt>
    <trkpt lat="46.648216" lon="8.298237"><ele>1091.1</ele><time>2025-09-11T08:04:25Z</time></trkpt>
    <trkpt lat="46.648142" lon="8.298348"><ele>1091.1</ele><time>2025-09-11T08:04:29Z</time></trkpt>
    <trkpt lat="46.648120" lon="8.298384"><ele>1091.4</ele><time>2025-09-11T08:04:30Z</time></trkpt>
    <trkpt lat="46.648025" lon="8.298526"><ele>1092.3</ele><time>2025-09-11T08:04:34Z</time></trkpt>
    <trkpt lat="46.648008" lon="8.298552"><ele>1092.5</ele><time>2025-09-11T08:04:35Z</time></trkpt>
    <trkpt lat="46.647945" lon="8.298635"><ele>1093.1</ele><time>2025-09-11T08:04:38Z</time></trkpt>
    <trkpt lat="46.647908" lon="8.298677"><ele>1093.4</ele><time>2025-09-11T08:04:39Z</time></trkpt>
    <trkpt lat="46.647894" lon="8.298695"><ele>1093.5</ele><time>2025-09-11T08:04:40Z</time></trkpt>
    <trkpt lat="46.647819" lon="8.298798"><ele>1094.3</ele><time>2025-09-11T08:04:44Z</time></trkpt>
    <trkpt lat="46.647804" lon="8.298816"><ele>1094.4</ele><time>2025-09-11T08:04:44Z</time></trkpt>
    <trkpt lat="46.647712" lon="8.298928"><ele>1095.2</ele><time>2025-09-11T08:04:48Z</time></trkpt>
    <trkpt lat="46.647609" lon="8.299045"><ele>1096.1</ele><time>2025-09-11T08:04:53Z</time></trkpt>
    <trkpt lat="46.647484" lon="8.299152"><ele>1097.2</ele><time>2025-09-11T08:04:57Z</time></trkpt>
    <trkpt lat="46.647470" lon="8.299166"><ele>1097.3</ele><time>2025-09-11T08:04:58Z</time></trkpt>
    <trkpt lat="46.647371" lon="8.299245"><ele>1098.1</ele><time>2025-09-11T08:05:02Z</time></trkpt>
    <trkpt lat="46.647334" lon="8.299266"><ele>1098.3</ele><time>2025-09-11T08:05:03Z</time></trkpt>
    <trkpt lat="46.647321" lon="8.299288"><ele>1098.5</ele><time>2025-09-11T08:05:04Z</time></trkpt>
    <trkpt lat="46.647290" lon="8.299306"><ele>1098.7</ele><time>2025-09-11T08:05:05Z</time></trkpt>
    <trkpt lat="46.647204" lon="8.299376"><ele>1099.4</ele><time>2025-09-11T08:05:08Z</time></trkpt>
    <trkpt lat="46.647102" lon="8.299459"><ele>1100.2</ele><time>2025-09-11T08:05:12Z</time></trkpt>
    <trkpt lat="46.647063" lon="8.299497"><ele>1100.5</ele><time>2025-09-11T08:05:14Z</time></trkpt>
    <trkpt lat="46.647027" lon="8.299537"><ele>1100.9</ele><time>2025-09-11T08:05:15Z</time></trkpt>
    <trkpt lat="46.646934" lon="8.299620"><ele>1101.6</ele><time>2025-09-11T08:05:19Z</time></trkpt>
    <trkpt lat="46.646839" lon="8.299684"><ele>1102.3</ele><time>2025-09-11T08:05:22Z</time></trkpt>
    <trkpt lat="46.646807" lon="8.299704"><ele>1102.6</ele><time>2025-09-11T08:05:23Z</time></trkpt>
    <trkpt lat="46.646771" lon="8.299731"><ele>1102.9</ele><time>2025-09-11T08:05:25Z</time></trkpt>
    <trkpt lat="46.646711" lon="8.299782"><ele>1103.4</ele><time>2025-09-11T08:05:27Z</time></trkpt>
    <trkpt lat="46.646698" lon="8.299791"><ele>1103.5</ele><time>2025-09-11T08:05:28Z</time></trkpt>
    <trkpt lat="46.646683" lon="8.299803"><ele>1103.6</ele><time>2025-09-11T08:05:28Z</time></trkpt>
    <trkpt lat="46.646620" lon="8.299888"><ele>1104.2</ele><time>2025-09-11T08:05:31Z</time></trkpt>
    <trkpt lat="46.646579" lon="8.299947"><ele>1104.6</ele><time>2025-09-11T08:05:33Z</time></trkpt>
    <trkpt lat="46.646558" lon="8.299975"><ele>1104.8</ele><time>2025-09-11T08:05:34Z</time></trkpt>
    <trkpt lat="46.646477" lon="8.300073"><ele>1105.6</ele><time>2025-09-11T08:05:37Z</time></trkpt>
    <trkpt lat="46.646467" lon="8.300086"><ele>1105.7</ele><time>2025-09-11T08:05:38Z</time></trkpt>
    <trkpt lat="46.646410" lon="8.300168"><ele>1106.3</ele><time>2025-09-11T08:05:40Z</time></trkpt>
    <trkpt lat="46.646347" lon="8.300246"><ele>1106.9</ele><time>2025-09-11T08:05:43Z</time></trkpt>
    <trkpt lat="46.646338" lon="8.300266"><ele>1107.0</ele><time>2025-09-11T08:05:44Z</time></trkpt>
    <trkpt lat="46.646272" lon="8.300364"><ele>1107.7</ele><time>2025-09-11T08:05:47Z</time></trkpt>
    <trkpt lat="46.646243" lon="8.300414"><ele>1108.1</ele><time>2025-09-11T08:05:48Z</time></trkpt>
    <trkpt lat="46.646202" lon="8.300470"><ele>1108.5</ele><time>2025-09-11T08:05:50Z</time></trkpt>
    <trkpt lat="46.646161" lon="8.300532"><ele>1108.9</ele><time>2025-09-11T08:05:52Z</time></trkpt>
    <trkpt lat="46.646133" lon="8.300590"><ele>1109.3</ele><time>2025-09-11T08:05:54Z</time></trkpt>
    <trkpt lat="46.646120" lon="8.300610"><ele>1109.4</ele><time>2025-09-11T08:05:55Z</time></trkpt>
    <trkpt lat="46.646108" lon="8.300630"><ele>1109.5</ele><time>2025-09-11T08:05:55Z</time></trkpt>
    <trkpt lat="46.646096" lon="8.300651"><ele>1109.7</ele><time>2025-09-11T08:05:56Z</time></trkpt>
    <trkpt lat="46.646084" lon="8.300666"><ele>1109.8</ele><time>2025-09-11T08:05:56Z</time></trkpt>
    <trkpt lat="46.646073" lon="8.300692"><ele>1109.9</ele><time>2025-09-11T08:05:57Z</time></trkpt>
    <trkpt lat="46.646038" lon="8.300735"><ele>1110.3</ele><time>2025-09-11T08:05:59Z</time></trkpt>
    <trkpt lat="46.645990" lon="8.300802"><ele>1110.8</ele><time>2025-09-11T08:06:01Z</time></trkpt>
    <trkpt lat="46.645963" lon="8.300832"><ele>1111.0</ele><time>2025-09-11T08:06:02Z</time></trkpt>
    <trkpt lat="46.645887" lon="8.300921"><ele>1111.7</ele><time>2025-09-11T08:06:05Z</time></trkpt>
    <trkpt lat="46.645874" lon="8.300940"><ele>1111.9</ele><time>2025-09-11T08:06:06Z</time></trkpt>
    <trkpt lat="46.645837" lon="8.300991"><ele>1112.2</ele><time>2025-09-11T08:06:07Z</time></trkpt>
    <trkpt lat="46.645826" lon="8.301009"><ele>1112.4</ele><time>2025-09-11T08:06:08Z</time></trkpt>
    <trkpt lat="46.645766" lon="8.301108"><ele>1113.0</ele><time>2025-09-11T08:06:11Z</time></trkpt>
    <trkpt lat="46.645733" lon="8.301172"><ele>1113.4</ele><time>2025-09-11T08:06:13Z</time></trkpt>
    <trkpt lat="46.645666" lon="8.301286"><ele>1114.2</ele><time>2025-09-11T08:06:16Z</time></trkpt>
    <trkpt lat="46.645631" lon="8.301336"><ele>1114.6</ele><time>2025-09-11T08:06:18Z</time></trkpt>
    <trkpt lat="46.645558" lon="8.301423"><ele>1115.2</ele><time>2025-09-11T08:06:21Z</time></trkpt>
    <trkpt lat="46.645521" lon="8.301465"><ele>1115.6</ele><time>2025-09-11T08:06:23Z</time></trkpt>
    <trkpt lat="46.645459" lon="8.301535"><ele>1116.2</ele><time>2025-09-11T08:06:25Z</time></trkpt>
    <trkpt lat="46.645445" lon="8.301550"><ele>1116.3</ele><time>2025-09-11T08:06:26Z</time></trkpt>
    <trkpt lat="46.645334" lon="8.301633"><ele>1117.2</ele><time>2025-09-11T08:06:30Z</time></trkpt>
    <trkpt lat="46.645321" lon="8.301651"><ele>1117.3</ele><time>2025-09-11T08:06:31Z</time></trkpt>
    <trkpt lat="46.645223" lon="8.301721"><ele>1118.0</ele><time>2025-09-11T08:06:34Z</time></trkpt>
    <trkpt lat="46.645189" lon="8.301729"><ele>1118.2</ele><time>2025-09-11T08:06:35Z</time></trkpt>
    <trkpt lat="46.645123" lon="8.301754"><ele>1118.6</ele><time>2025-09-11T08:06:38Z</time></trkpt>
    <trkpt lat="46.645086" lon="8.301778"><ele>1118.9</ele><time>2025-09-11T08:06:39Z</time></trkpt>
    <trkpt lat="46.645048" lon="8.301791"><ele>1119.1</ele><time>2025-09-11T08:06:40Z</time></trkpt>
    <trkpt lat="46.644975" lon="8.301795"><ele>1119.6</ele><time>2025-09-11T08:06:43Z</time></trkpt>
    <trkpt lat="46.644887" lon="8.301809"><ele>1120.2</ele><time>2025-09-11T08:06:46Z</time></trkpt>
    <trkpt lat="46.644856" lon="8.301817"><ele>1120.4</ele><time>2025-09-11T08:06:47Z</time></trkpt>
    <trkpt lat="46.644764" lon="8.301796"><ele>1121.0</ele><time>2025-09-11T08:06:50Z</time></trkpt>
    <trkpt lat="46.644747" lon="8.301792"><ele>1121.1</ele><time>2025-09-11T08:06:50Z</time></trkpt>
    <trkpt lat="46.644728" lon="8.301791"><ele>1121.2</ele><time>2025-09-11T08:06:51Z</time></trkpt>
    <trkpt lat="46.644639" lon="8.301773"><ele>1121.8</ele><time>2025-09-11T08:06:54Z</time></trkpt>
    <trkpt lat="46.644583" lon="8.301762"><ele>1122.1</ele><time>2025-09-11T08:06:56Z</time></trkpt>
    <trkpt lat="46.644553" lon="8.301760"><ele>1122.3</ele><time>2025-09-11T08:06:57Z</time></trkpt>
    <trkpt lat="46.644471" lon="8.301749"><ele>1122.8</ele><time>2025-09-11T08:07:00Z</time></trkpt>
    <trkpt lat="46.644401" lon="8.301722"><ele>1123.3</ele><time>2025-09-11T08:07:02Z</time></trkpt>
    <trkpt lat="46.644347" lon="8.301726"><ele>1123.6</ele><time>2025-09-11T08:07:04Z</time></trkpt>
    <trkpt lat="46.644238" lon="8.301713"><ele>1124.3</ele><time>2025-09-11T08:07:08Z</time></trkpt>
    <trkpt lat="46.644093" lon="8.301676"><ele>1125.3</ele><time>2025-09-11T08:07:12Z</time></trkpt>
    <trkpt lat="46.644046" lon="8.301658"><ele>1125.6</ele><time>2025-09-11T08:07:14Z</time></trkpt>
    <trkpt lat="46.643980" lon="8.301625"><ele>1126.0</ele><time>2025-09-11T08:07:16Z</time></trkpt>
    <trkpt lat="46.643964" lon="8.301623"><ele>1126.1</ele><time>2025-09-11T08:07:17Z</time></trkpt>
    <trkpt lat="46.643883" lon="8.301617"><ele>1126.7</ele><time>2025-09-11T08:07:20Z</time></trkpt>
    <trkpt lat="46.643830" lon="8.301621"><ele>1127.0</ele><time>2025-09-11T08:07:21Z</time></trkpt>
    <trkpt lat="46.643707" lon="8.301608"><ele>1127.8</ele><time>2025-09-11T08:07:26Z</time></trkpt>
    <trkpt lat="46.643590" lon="8.301601"><ele>1128.5</ele><time>2025-09-11T08:07:29Z</time></trkpt>
    <trkpt lat="46.643485" lon="8.301618"><ele>1128.9</ele><time>2025-09-11T08:07:33Z</time></trkpt>
    <trkpt lat="46.643467" lon="8.301617"><ele>1129.0</ele><time>2025-09-11T08:07:34Z</time></trkpt>
    <trkpt lat="46.643370" lon="8.301635"><ele>1129.4</ele><time>2025-09-11T08:07:37Z</time></trkpt>
    <trkpt lat="46.643293" lon="8.301653"><ele>1129.7</ele><time>2025-09-11T08:07:39Z</time></trkpt>
    <trkpt lat="46.643220" lon="8.301709"><ele>1130.1</ele><time>2025-09-11T08:07:42Z</time></trkpt>
    <trkpt lat="46.643174" lon="8.301752"><ele>1130.3</ele><time>2025-09-11T08:07:44Z</time></trkpt>
    <trkpt lat="46.642980" lon="8.302056"><ele>1131.5</ele><time>2025-09-11T08:07:54Z</time></trkpt>
    <trkpt lat="46.642893" lon="8.302090"><ele>1131.9</ele><time>2025-09-11T08:07:57Z</time></trkpt>
    <trkpt lat="46.642835" lon="8.302083"><ele>1132.2</ele><time>2025-09-11T08:07:58Z</time></trkpt>
    <trkpt lat="46.642809" lon="8.301812"><ele>1133.0</ele><time>2025-09-11T08:08:05Z</time></trkpt>
    <trkpt lat="46.642763" lon="8.301786"><ele>1133.2</ele><time>2025-09-11T08:08:06Z</time></trkpt>
    <trkpt lat="46.642642" lon="8.301745"><ele>1133.7</ele><time>2025-09-11T08:08:11Z</time></trkpt>
    <trkpt lat="46.642510" lon="8.301743"><ele>1134.3</ele><time>2025-09-11T08:08:15Z</time></trkpt>
    <trkpt lat="46.642350" lon="8.301757"><ele>1134.9</ele><time>2025-09-11T08:08:20Z</time></trkpt>
    <trkpt lat="46.642257" lon="8.301759"><ele>1135.3</ele><time>2025-09-11T08:08:23Z</time></trkpt>
    <trkpt lat="46.642180" lon="8.301762"><ele>1135.7</ele><time>2025-09-11T08:08:26Z</time></trkpt>
    <trkpt lat="46.642086" lon="8.301768"><ele>1136.1</ele><time>2025-09-11T08:08:29Z</time></trkpt>
    <trkpt lat="46.642028" lon="8.301766"><ele>1136.4</ele><time>2025-09-11T08:08:31Z</time></trkpt>
    <trkpt lat="46.641945" lon="8.301772"><ele>1136.8</ele><time>2025-09-11T08:08:34Z</time></trkpt>
    <trkpt lat="46.641844" lon="8.301794"><ele>1137.4</ele><time>2025-09-11T08:08:37Z</time></trkpt>
    <trkpt lat="46.641696" lon="8.301809"><ele>1138.2</ele><time>2025-09-11T08:08:42Z</time></trkpt>
    <trkpt lat="46.641570" lon="8.301819"><ele>1138.8</ele><time>2025-09-11T08:08:46Z</time></trkpt>
    <trkpt lat="46.641440" lon="8.301838"><ele>1139.5</ele><time>2025-09-11T08:08:51Z</time></trkpt>
    <trkpt lat="46.641404" lon="8.301842"><ele>1139.7</ele><time>2025-09-11T08:08:52Z</time></trkpt>
    <trkpt lat="46.641330" lon="8.301851"><ele>1140.1</ele><time>2025-09-11T08:08:54Z</time></trkpt>
    <trkpt lat="46.641225" lon="8.301838"><ele>1140.7</ele><time>2025-09-11T08:08:58Z</time></trkpt>
    <trkpt lat="46.641207" lon="8.301838"><ele>1140.8</ele><time>2025-09-11T08:08:59Z</time></trkpt>
    <trkpt lat="46.641112" lon="8.301854"><ele>1141.3</ele><time>2025-09-11T08:09:02Z</time></trkpt>
    <trkpt lat="46.641033" lon="8.301870"><ele>1141.7</ele><time>2025-09-11T08:09:04Z</time></trkpt>
    <trkpt lat="46.641001" lon="8.301873"><ele>1141.9</ele><time>2025-09-11T08:09:05Z</time></trkpt>
    <trkpt lat="46.640880" lon="8.301890"><ele>1142.5</ele><time>2025-09-11T08:09:09Z</time></trkpt>
    <trkpt lat="46.640806" lon="8.301898"><ele>1142.9</ele><time>2025-09-11T08:09:12Z</time></trkpt>
    <trkpt lat="46.640703" lon="8.301915"><ele>1143.5</ele><time>2025-09-11T08:09:15Z</time></trkpt>
    <trkpt lat="46.640672" lon="8.301920"><ele>1143.6</ele><time>2025-09-11T08:09:16Z</time></trkpt>
    <trkpt lat="46.640633" lon="8.301923"><ele>1143.9</ele><time>2025-09-11T08:09:18Z</time></trkpt>
    <trkpt lat="46.640619" lon="8.301922"><ele>1143.9</ele><time>2025-09-11T08:09:18Z</time></trkpt>
    <trkpt lat="46.640550" lon="8.301927"><ele>1144.3</ele><time>2025-09-11T08:09:21Z</time></trkpt>
    <trkpt lat="46.640473" lon="8.301931"><ele>1144.7</ele><time>2025-09-11T08:09:23Z</time></trkpt>
    <trkpt lat="46.640396" lon="8.301938"><ele>1145.1</ele><time>2025-09-11T08:09:26Z</time></trkpt>
    <trkpt lat="46.640363" lon="8.301942"><ele>1145.3</ele><time>2025-09-11T08:09:27Z</time></trkpt>
    <trkpt lat="46.640319" lon="8.301947"><ele>1145.5</ele><time>2025-09-11T08:09:28Z</time></trkpt>
    <trkpt lat="46.640229" lon="8.301965"><ele>1146.1</ele><time>2025-09-11T08:09:31Z</time></trkpt>
    <trkpt lat="46.640214" lon="8.301967"><ele>1146.2</ele><time>2025-09-11T08:09:32Z</time></trkpt>
    <trkpt lat="46.640124" lon="8.301994"><ele>1146.8</ele><time>2025-09-11T08:09:35Z</time></trkpt>
    <trkpt lat="46.640091" lon="8.302001"><ele>1147.0</ele><time>2025-09-11T08:09:36Z</time></trkpt>
    <trkpt lat="46.639999" lon="8.302033"><ele>1147.6</ele><time>2025-09-11T08:09:39Z</time></trkpt>
    <trkpt lat="46.639927" lon="8.302068"><ele>1148.1</ele><time>2025-09-11T08:09:42Z</time></trkpt>
    <trkpt lat="46.639894" lon="8.302083"><ele>1148.4</ele><time>2025-09-11T08:09:43Z</time></trkpt>
    <trkpt lat="46.639780" lon="8.302158"><ele>1149.2</ele><time>2025-09-11T08:09:47Z</time></trkpt>
    <trkpt lat="46.639751" lon="8.302182"><ele>1149.4</ele><time>2025-09-11T08:09:48Z</time></trkpt>
    <trkpt lat="46.639696" lon="8.302223"><ele>1149.8</ele><time>2025-09-11T08:09:50Z</time></trkpt>
    <trkpt lat="46.639612" lon="8.302280"><ele>1150.4</ele><time>2025-09-11T08:09:53Z</time></trkpt>
    <trkpt lat="46.639531" lon="8.302369"><ele>1151.1</ele><time>2025-09-11T08:09:57Z</time></trkpt>
    <trkpt lat="46.639478" lon="8.302451"><ele>1151.6</ele><time>2025-09-11T08:09:59Z</time></trkpt>
    <trkpt lat="46.639467" lon="8.302466"><ele>1151.7</ele><time>2025-09-11T08:10:00Z</time></trkpt>
    <trkpt lat="46.639411" lon="8.302538"><ele>1152.1</ele><time>2025-09-11T08:10:02Z</time></trkpt>
    <trkpt lat="46.639346" lon="8.302624"><ele>1152.7</ele><time>2025-09-11T08:10:05Z</time></trkpt>
    <trkpt lat="46.639332" lon="8.302629"><ele>1152.8</ele><time>2025-09-11T08:10:06Z</time></trkpt>
    <trkpt lat="46.639279" lon="8.302683"><ele>1153.2</ele><time>2025-09-11T08:10:08Z</time></trkpt>
    <trkpt lat="46.639234" lon="8.302748"><ele>1153.6</ele><time>2025-09-11T08:10:10Z</time></trkpt>
    <trkpt lat="46.639206" lon="8.302781"><ele>1153.9</ele><time>2025-09-11T08:10:11Z</time></trkpt>
    <trkpt lat="46.639112" lon="8.302898"><ele>1154.7</ele><time>2025-09-11T08:10:15Z</time></trkpt>
    <trkpt lat="46.639102" lon="8.302912"><ele>1154.8</ele><time>2025-09-11T08:10:16Z</time></trkpt>
    <trkpt lat="46.639030" lon="8.303002"><ele>1155.4</ele><time>2025-09-11T08:10:19Z</time></trkpt>
    <trkpt lat="46.638974" lon="8.303062"><ele>1155.8</ele><time>2025-09-11T08:10:21Z</time></trkpt>
    <trkpt lat="46.638963" lon="8.303077"><ele>1155.9</ele><time>2025-09-11T08:10:22Z</time></trkpt>
    <trkpt lat="46.638936" lon="8.303102"><ele>1156.1</ele><time>2025-09-11T08:10:23Z</time></trkpt>
    <trkpt lat="46.638843" lon="8.303171"><ele>1156.8</ele><time>2025-09-11T08:10:26Z</time></trkpt>
    <trkpt lat="46.638815" lon="8.303188"><ele>1157.0</ele><time>2025-09-11T08:10:27Z</time></trkpt>
    <trkpt lat="46.638721" lon="8.303256"><ele>1157.7</ele><time>2025-09-11T08:10:31Z</time></trkpt>
    <trkpt lat="46.638668" lon="8.303286"><ele>1158.2</ele><time>2025-09-11T08:10:33Z</time></trkpt>
    <trkpt lat="46.638610" lon="8.303310"><ele>1158.6</ele><time>2025-09-11T08:10:35Z</time></trkpt>
    <trkpt lat="46.638541" lon="8.303348"><ele>1159.1</ele><time>2025-09-11T08:10:37Z</time></trkpt>
    <trkpt lat="46.638514" lon="8.303362"><ele>1159.3</ele><time>2025-09-11T08:10:38Z</time></trkpt>
    <trkpt lat="46.638398" lon="8.303412"><ele>1160.2</ele><time>2025-09-11T08:10:42Z</time></trkpt>
    <trkpt lat="46.638381" lon="8.303417"><ele>1160.3</ele><time>2025-09-11T08:10:43Z</time></trkpt>
    <trkpt lat="46.638257" lon="8.303441"><ele>1161.2</ele><time>2025-09-11T08:10:47Z</time></trkpt>
    <trkpt lat="46.638226" lon="8.303444"><ele>1161.4</ele><time>2025-09-11T08:10:48Z</time></trkpt>
    <trkpt lat="46.638115" lon="8.303455"><ele>1162.2</ele><time>2025-09-11T08:10:52Z</time></trkpt>
    <trkpt lat="46.638062" lon="8.303458"><ele>1162.6</ele><time>2025-09-11T08:10:53Z</time></trkpt>
    <trkpt lat="46.637989" lon="8.303441"><ele>1163.1</ele><time>2025-09-11T08:10:56Z</time></trkpt>
    <trkpt lat="46.637929" lon="8.303427"><ele>1163.6</ele><time>2025-09-11T08:10:58Z</time></trkpt>
    <trkpt lat="46.637902" lon="8.303427"><ele>1163.8</ele><time>2025-09-11T08:10:59Z</time></trkpt>
    <trkpt lat="46.637823" lon="8.303411"><ele>1164.3</ele><time>2025-09-11T08:11:01Z</time></trkpt>
    <trkpt lat="46.637784" lon="8.303399"><ele>1164.6</ele><time>2025-09-11T08:11:03Z</time></trkpt>
    <trkpt lat="46.637748" lon="8.303394"><ele>1164.9</ele><time>2025-09-11T08:11:04Z</time></trkpt>
    <trkpt lat="46.637666" lon="8.303381"><ele>1165.5</ele><time>2025-09-11T08:11:07Z</time></trkpt>
    <trkpt lat="46.637631" lon="8.303379"><ele>1165.7</ele><time>2025-09-11T08:11:08Z</time></trkpt>
    <trkpt lat="46.637551" lon="8.303354"><ele>1166.3</ele><time>2025-09-11T08:11:11Z</time></trkpt>
    <trkpt lat="46.637519" lon="8.303346"><ele>1166.6</ele><time>2025-09-11T08:11:12Z</time></trkpt>
    <trkpt lat="46.637479" lon="8.303336"><ele>1166.9</ele><time>2025-09-11T08:11:13Z</time></trkpt>
    <trkpt lat="46.637388" lon="8.303310"><ele>1167.5</ele><time>2025-09-11T08:11:16Z</time></trkpt>
    <trkpt lat="46.637374" lon="8.303305"><ele>1167.6</ele><time>2025-09-11T08:11:17Z</time></trkpt>
    <trkpt lat="46.637267" lon="8.303293"><ele>1168.4</ele><time>2025-09-11T08:11:20Z</time></trkpt>
    <trkpt lat="46.637252" lon="8.303295"><ele>1168.5</ele><time>2025-09-11T08:11:21Z</time></trkpt>
    <trkpt lat="46.637222" lon="8.303295"><ele>1168.7</ele><time>2025-09-11T08:11:22Z</time></trkpt>
    <trkpt lat="46.637145" lon="8.303295"><ele>1169.3</ele><time>2025-09-11T08:11:24Z</time></trkpt>
    <trkpt lat="46.637111" lon="8.303295"><ele>1169.5</ele><time>2025-09-11T08:11:25Z</time></trkpt>
    <trkpt lat="46.637032" lon="8.303303"><ele>1170.1</ele><time>2025-09-11T08:11:28Z</time></trkpt>
    <trkpt lat="46.636971" lon="8.303307"><ele>1170.5</ele><time>2025-09-11T08:11:30Z</time></trkpt>
    <trkpt lat="46.636929" lon="8.303320"><ele>1170.7</ele><time>2025-09-11T08:11:31Z</time></trkpt>
    <trkpt lat="46.636815" lon="8.303352"><ele>1171.5</ele><time>2025-09-11T08:11:35Z</time></trkpt>
    <trkpt lat="46.636796" lon="8.303356"><ele>1171.6</ele><time>2025-09-11T08:11:36Z</time></trkpt>
    <trkpt lat="46.636696" lon="8.303389"><ele>1172.3</ele><time>2025-09-11T08:11:39Z</time></trkpt>
    <trkpt lat="46.636679" lon="8.303395"><ele>1172.4</ele><time>2025-09-11T08:11:40Z</time></trkpt>
    <trkpt lat="46.636594" lon="8.303447"><ele>1173.0</ele><time>2025-09-11T08:11:43Z</time></trkpt>
    <trkpt lat="46.636565" lon="8.303462"><ele>1173.1</ele><time>2025-09-11T08:11:44Z</time></trkpt>
    <trkpt lat="46.636554" lon="8.303462"><ele>1173.2</ele><time>2025-09-11T08:11:44Z</time></trkpt>
    <trkpt lat="46.636524" lon="8.303486"><ele>1173.4</ele><time>2025-09-11T08:11:46Z</time></trkpt>
    <trkpt lat="46.636435" lon="8.303548"><ele>1174.1</ele><time>2025-09-11T08:11:49Z</time></trkpt>
    <trkpt lat="46.636370" lon="8.303584"><ele>1174.5</ele><time>2025-09-11T08:11:51Z</time></trkpt>
    <trkpt lat="46.636344" lon="8.303607"><ele>1174.7</ele><time>2025-09-11T08:11:52Z</time></trkpt>
    <trkpt lat="46.636254" lon="8.303660"><ele>1175.3</ele><time>2025-09-11T08:11:55Z</time></trkpt>
    <trkpt lat="46.636240" lon="8.303678"><ele>1175.4</ele><time>2025-09-11T08:11:56Z</time></trkpt>
    <trkpt lat="46.636189" lon="8.303704"><ele>1175.8</ele><time>2025-09-11T08:11:58Z</time></trkpt>
    <trkpt lat="46.636152" lon="8.303720"><ele>1176.0</ele><time>2025-09-11T08:11:59Z</time></trkpt>
    <trkpt lat="46.636085" lon="8.303757"><ele>1176.5</ele><time>2025-09-11T08:12:02Z</time></trkpt>
    <trkpt lat="46.635999" lon="8.303810"><ele>1177.1</ele><time>2025-09-11T08:12:05Z</time></trkpt>
    <trkpt lat="46.635978" lon="8.303816"><ele>1177.2</ele><time>2025-09-11T08:12:05Z</time></trkpt>
    <trkpt lat="46.635867" lon="8.303834"><ele>1177.9</ele><time>2025-09-11T08:12:09Z</time></trkpt>
    <trkpt lat="46.635822" lon="8.303853"><ele>1178.2</ele><time>2025-09-11T08:12:11Z</time></trkpt>
    <trkpt lat="46.635769" lon="8.303869"><ele>1178.5</ele><time>2025-09-11T08:12:13Z</time></trkpt>
    <trkpt lat="46.635644" lon="8.303886"><ele>1179.3</ele><time>2025-09-11T08:12:17Z</time></trkpt>
    <trkpt lat="46.635627" lon="8.303888"><ele>1179.4</ele><time>2025-09-11T08:12:17Z</time></trkpt>
    <trkpt lat="46.635488" lon="8.303905"><ele>1180.3</ele><time>2025-09-11T08:12:22Z</time></trkpt>
    <trkpt lat="46.635436" lon="8.303911"><ele>1180.7</ele><time>2025-09-11T08:12:24Z</time></trkpt>
    <trkpt lat="46.635343" lon="8.303907"><ele>1181.2</ele><time>2025-09-11T08:12:27Z</time></trkpt>
    <trkpt lat="46.635289" lon="8.303913"><ele>1181.6</ele><time>2025-09-11T08:12:29Z</time></trkpt>
    <trkpt lat="46.635209" lon="8.303931"><ele>1181.9</ele><time>2025-09-11T08:12:31Z</time></trkpt>
    <trkpt lat="46.635089" lon="8.303946"><ele>1182.4</ele><time>2025-09-11T08:12:35Z</time></trkpt>
    <trkpt lat="46.634958" lon="8.303992"><ele>1183.0</ele><time>2025-09-11T08:12:40Z</time></trkpt>
    <trkpt lat="46.634934" lon="8.304000"><ele>1183.1</ele><time>2025-09-11T08:12:41Z</time></trkpt>
    <trkpt lat="46.634784" lon="8.304075"><ele>1183.8</ele><time>2025-09-11T08:12:46Z</time></trkpt>
    <trkpt lat="46.634727" lon="8.304104"><ele>1184.1</ele><time>2025-09-11T08:12:48Z</time></trkpt>
    <trkpt lat="46.634538" lon="8.304203"><ele>1184.9</ele><time>2025-09-11T08:12:55Z</time></trkpt>
    <trkpt lat="46.634512" lon="8.304214"><ele>1185.0</ele><time>2025-09-11T08:12:56Z</time></trkpt>
    <trkpt lat="46.634437" lon="8.304240"><ele>1185.4</ele><time>2025-09-11T08:12:58Z</time></trkpt>
    <trkpt lat="46.634360" lon="8.304271"><ele>1185.7</ele><time>2025-09-11T08:13:01Z</time></trkpt>
    <trkpt lat="46.634337" lon="8.304280"><ele>1185.8</ele><time>2025-09-11T08:13:02Z</time></trkpt>
    <trkpt lat="46.634267" lon="8.304301"><ele>1186.1</ele><time>2025-09-11T08:13:04Z</time></trkpt>
    <trkpt lat="46.634182" lon="8.304325"><ele>1186.5</ele><time>2025-09-11T08:13:07Z</time></trkpt>
    <trkpt lat="46.634022" lon="8.304358"><ele>1187.2</ele><time>2025-09-11T08:13:12Z</time></trkpt>
    <trkpt lat="46.633971" lon="8.304360"><ele>1187.4</ele><time>2025-09-11T08:13:14Z</time></trkpt>
    <trkpt lat="46.633875" lon="8.304364"><ele>1187.8</ele><time>2025-09-11T08:13:17Z</time></trkpt>
    <trkpt lat="46.633813" lon="8.304373"><ele>1188.1</ele><time>2025-09-11T08:13:19Z</time></trkpt>
    <trkpt lat="46.633744" lon="8.304384"><ele>1188.4</ele><time>2025-09-11T08:13:22Z</time></trkpt>
    <trkpt lat="46.633728" lon="8.304387"><ele>1188.4</ele><time>2025-09-11T08:13:22Z</time></trkpt>
    <trkpt lat="46.633698" lon="8.304393"><ele>1188.6</ele><time>2025-09-11T08:13:23Z</time></trkpt>
    <trkpt lat="46.633681" lon="8.304396"><ele>1188.7</ele><time>2025-09-11T08:13:24Z</time></trkpt>
    <trkpt lat="46.633581" lon="8.304405"><ele>1189.1</ele><time>2025-09-11T08:13:27Z</time></trkpt>
    <trkpt lat="46.633549" lon="8.304409"><ele>1189.2</ele><time>2025-09-11T08:13:28Z</time></trkpt>
    <trkpt lat="46.633459" lon="8.304419"><ele>1189.9</ele><time>2025-09-11T08:13:31Z</time></trkpt>
    <trkpt lat="46.633390" lon="8.304419"><ele>1190.5</ele><time>2025-09-11T08:13:33Z</time></trkpt>
    <trkpt lat="46.633346" lon="8.304422"><ele>1190.9</ele><time>2025-09-11T08:13:35Z</time></trkpt>
    <trkpt lat="46.633250" lon="8.304429"><ele>1191.8</ele><time>2025-09-11T08:13:38Z</time></trkpt>
    <trkpt lat="46.633194" lon="8.304440"><ele>1192.3</ele><time>2025-09-11T08:13:40Z</time></trkpt>
    <trkpt lat="46.633114" lon="8.304448"><ele>1192.9</ele><time>2025-09-11T08:13:43Z</time></trkpt>
    <trkpt lat="46.633066" lon="8.304452"><ele>1193.4</ele><time>2025-09-11T08:13:44Z</time></trkpt>
    <trkpt lat="46.633012" lon="8.304456"><ele>1193.8</ele><time>2025-09-11T08:13:46Z</time></trkpt>
    <trkpt lat="46.632951" lon="8.304461"><ele>1194.4</ele><time>2025-09-11T08:13:48Z</time></trkpt>
    <trkpt lat="46.632904" lon="8.304472"><ele>1194.8</ele><time>2025-09-11T08:13:50Z</time></trkpt>
    <trkpt lat="46.632819" lon="8.304499"><ele>1195.5</ele><time>2025-09-11T08:13:53Z</time></trkpt>
    <trkpt lat="46.632786" lon="8.304507"><ele>1195.8</ele><time>2025-09-11T08:13:54Z</time></trkpt>
    <trkpt lat="46.632687" lon="8.304516"><ele>1196.7</ele><time>2025-09-11T08:13:57Z</time></trkpt>
    <trkpt lat="46.632661" lon="8.304518"><ele>1196.9</ele><time>2025-09-11T08:13:58Z</time></trkpt>
    <trkpt lat="46.632582" lon="8.304530"><ele>1197.6</ele><time>2025-09-11T08:14:00Z</time></trkpt>
    <trkpt lat="46.632569" lon="8.304534"><ele>1197.7</ele><time>2025-09-11T08:14:01Z</time></trkpt>
    <trkpt lat="46.632518" lon="8.304525"><ele>1198.2</ele><time>2025-09-11T08:14:03Z</time></trkpt>
    <trkpt lat="46.632455" lon="8.304504"><ele>1198.7</ele><time>2025-09-11T08:14:05Z</time></trkpt>
    <trkpt lat="46.632437" lon="8.304503"><ele>1198.9</ele><time>2025-09-11T08:14:05Z</time></trkpt>
    <trkpt lat="46.632348" lon="8.304493"><ele>1199.7</ele><time>2025-09-11T08:14:08Z</time></trkpt>
    <trkpt lat="46.632334" lon="8.304489"><ele>1199.8</ele><time>2025-09-11T08:14:09Z</time></trkpt>
    <trkpt lat="46.632320" lon="8.304487"><ele>1199.9</ele><time>2025-09-11T08:14:09Z</time></trkpt>
    <trkpt lat="46.632235" lon="8.304462"><ele>1200.7</ele><time>2025-09-11T08:14:12Z</time></trkpt>
    <trkpt lat="46.632216" lon="8.304457"><ele>1200.8</ele><time>2025-09-11T08:14:13Z</time></trkpt>
    <trkpt lat="46.632120" lon="8.304431"><ele>1201.7</ele><time>2025-09-11T08:14:16Z</time></trkpt>
    <trkpt lat="46.632095" lon="8.304419"><ele>1201.9</ele><time>2025-09-11T08:14:17Z</time></trkpt>
    <trkpt lat="46.632033" lon="8.304388"><ele>1202.5</ele><time>2025-09-11T08:14:19Z</time></trkpt>
    <trkpt lat="46.632006" lon="8.304379"><ele>1202.7</ele><time>2025-09-11T08:14:20Z</time></trkpt>
    <trkpt lat="46.631954" lon="8.304349"><ele>1203.2</ele><time>2025-09-11T08:14:22Z</time></trkpt>
    <trkpt lat="46.631898" lon="8.304317"><ele>1203.7</ele><time>2025-09-11T08:14:24Z</time></trkpt>
    <trkpt lat="46.631881" lon="8.304311"><ele>1203.9</ele><time>2025-09-11T08:14:25Z</time></trkpt>
    <trkpt lat="46.631787" lon="8.304265"><ele>1204.7</ele><time>2025-09-11T08:14:28Z</time></trkpt>
    <trkpt lat="46.631713" lon="8.304236"><ele>1205.1</ele><time>2025-09-11T08:14:30Z</time></trkpt>
    <trkpt lat="46.631678" lon="8.304227"><ele>1205.3</ele><time>2025-09-11T08:14:32Z</time></trkpt>
    <trkpt lat="46.631637" lon="8.304218"><ele>1205.5</ele><time>2025-09-11T08:14:33Z</time></trkpt>
    <trkpt lat="46.631559" lon="8.304205"><ele>1205.8</ele><time>2025-09-11T08:14:36Z</time></trkpt>
    <trkpt lat="46.631542" lon="8.304202"><ele>1205.9</ele><time>2025-09-11T08:14:36Z</time></trkpt>
    <trkpt lat="46.631446" lon="8.304182"><ele>1206.3</ele><time>2025-09-11T08:14:39Z</time></trkpt>
    <trkpt lat="46.631429" lon="8.304182"><ele>1206.4</ele><time>2025-09-11T08:14:40Z</time></trkpt>
    <trkpt lat="46.631278" lon="8.304195"><ele>1207.1</ele><time>2025-09-11T08:14:45Z</time></trkpt>
    <trkpt lat="46.631260" lon="8.304198"><ele>1207.2</ele><time>2025-09-11T08:14:46Z</time></trkpt>
    <trkpt lat="46.631170" lon="8.304221"><ele>1207.6</ele><time>2025-09-11T08:14:49Z</time></trkpt>
    <trkpt lat="46.631063" lon="8.304259"><ele>1208.1</ele><time>2025-09-11T08:14:52Z</time></trkpt>
    <trkpt lat="46.631020" lon="8.304266"><ele>1208.3</ele><time>2025-09-11T08:14:54Z</time></trkpt>
    <trkpt lat="46.630834" lon="8.304317"><ele>1209.1</ele><time>2025-09-11T08:15:00Z</time></trkpt>
    <trkpt lat="46.630750" lon="8.304321"><ele>1209.5</ele><time>2025-09-11T08:15:03Z</time></trkpt>
    <trkpt lat="46.630702" lon="8.304328"><ele>1209.7</ele><time>2025-09-11T08:15:05Z</time></trkpt>
    <trkpt lat="46.630656" lon="8.304328"><ele>1209.9</ele><time>2025-09-11T08:15:06Z</time></trkpt>
    <trkpt lat="46.630564" lon="8.304326"><ele>1210.3</ele><time>2025-09-11T08:15:09Z</time></trkpt>
    <trkpt lat="46.630489" lon="8.304321"><ele>1210.6</ele><time>2025-09-11T08:15:12Z</time></trkpt>
    <trkpt lat="46.630419" lon="8.304311"><ele>1210.9</ele><time>2025-09-11T08:15:14Z</time></trkpt>
    <trkpt lat="46.630313" lon="8.304291"><ele>1211.4</ele><time>2025-09-11T08:15:18Z</time></trkpt>
    <trkpt lat="46.630120" lon="8.304250"><ele>1212.3</ele><time>2025-09-11T08:15:24Z</time></trkpt>
    <trkpt lat="46.629961" lon="8.304222"><ele>1213.0</ele><time>2025-09-11T08:15:29Z</time></trkpt>
    <trkpt lat="46.629783" lon="8.304210"><ele>1213.4</ele><time>2025-09-11T08:15:35Z</time></trkpt>
    <trkpt lat="46.629640" lon="8.304212"><ele>1213.8</ele><time>2025-09-11T08:15:40Z</time></trkpt>
    <trkpt lat="46.629485" lon="8.304222"><ele>1214.3</ele><time>2025-09-11T08:15:45Z</time></trkpt>
    <trkpt lat="46.629416" lon="8.304227"><ele>1214.5</ele><time>2025-09-11T08:15:48Z</time></trkpt>
    <trkpt lat="46.629234" lon="8.304257"><ele>1215.0</ele><time>2025-09-11T08:15:54Z</time></trkpt>
    <trkpt lat="46.629201" lon="8.304266"><ele>1215.1</ele><time>2025-09-11T08:15:55Z</time></trkpt>
    <trkpt lat="46.628997" lon="8.304296"><ele>1215.7</ele><time>2025-09-11T08:16:02Z</time></trkpt>
    <trkpt lat="46.628858" lon="8.304307"><ele>1216.0</ele><time>2025-09-11T08:16:06Z</time></trkpt>
    <trkpt lat="46.628769" lon="8.304307"><ele>1216.3</ele><time>2025-09-11T08:16:09Z</time></trkpt>
    <trkpt lat="46.628630" lon="8.304285"><ele>1216.7</ele><time>2025-09-11T08:16:14Z</time></trkpt>
    <trkpt lat="46.628495" lon="8.304215"><ele>1217.1</ele><time>2025-09-11T08:16:19Z</time></trkpt>
    <trkpt lat="46.628480" lon="8.304199"><ele>1217.1</ele><time>2025-09-11T08:16:19Z</time></trkpt>
    <trkpt lat="46.628429" lon="8.304172"><ele>1217.3</ele><time>2025-09-11T08:16:21Z</time></trkpt>
    <trkpt lat="46.628397" lon="8.304171"><ele>1217.4</ele><time>2025-09-11T08:16:22Z</time></trkpt>
    <trkpt lat="46.628360" lon="8.304162"><ele>1217.5</ele><time>2025-09-11T08:16:23Z</time></trkpt>
    <trkpt lat="46.628305" lon="8.304133"><ele>1217.6</ele><time>2025-09-11T08:16:25Z</time></trkpt>
    <trkpt lat="46.628249" lon="8.304091"><ele>1217.8</ele><time>2025-09-11T08:16:28Z</time></trkpt>
    <trkpt lat="46.628136" lon="8.304006"><ele>1218.6</ele><time>2025-09-11T08:16:32Z</time></trkpt>
    <trkpt lat="46.628074" lon="8.303953"><ele>1219.1</ele><time>2025-09-11T08:16:34Z</time></trkpt>
    <trkpt lat="46.628046" lon="8.303928"><ele>1219.4</ele><time>2025-09-11T08:16:35Z</time></trkpt>
    <trkpt lat="46.628021" lon="8.303903"><ele>1219.6</ele><time>2025-09-11T08:16:36Z</time></trkpt>
    <trkpt lat="46.627972" lon="8.303843"><ele>1220.0</ele><time>2025-09-11T08:16:38Z</time></trkpt>
    <trkpt lat="46.627937" lon="8.303805"><ele>1220.4</ele><time>2025-09-11T08:16:40Z</time></trkpt>
    <trkpt lat="46.627925" lon="8.303792"><ele>1220.5</ele><time>2025-09-11T08:16:40Z</time></trkpt>
    <trkpt lat="46.627891" lon="8.303748"><ele>1220.8</ele><time>2025-09-11T08:16:42Z</time></trkpt>
    <trkpt lat="46.627880" lon="8.303738"><ele>1220.9</ele><time>2025-09-11T08:16:42Z</time></trkpt>
    <trkpt lat="46.627820" lon="8.303687"><ele>1221.4</ele><time>2025-09-11T08:16:45Z</time></trkpt>
    <trkpt lat="46.627809" lon="8.303671"><ele>1221.5</ele><time>2025-09-11T08:16:45Z</time></trkpt>
    <trkpt lat="46.627800" lon="8.303651"><ele>1221.6</ele><time>2025-09-11T08:16:46Z</time></trkpt>
    <trkpt lat="46.627770" lon="8.303633"><ele>1221.8</ele><time>2025-09-11T08:16:47Z</time></trkpt>
    <trkpt lat="46.627742" lon="8.303612"><ele>1222.1</ele><time>2025-09-11T08:16:48Z</time></trkpt>
    <trkpt lat="46.627680" lon="8.303539"><ele>1222.6</ele><time>2025-09-11T08:16:50Z</time></trkpt>
    <trkpt lat="46.627676" lon="8.303536"><ele>1222.7</ele><time>2025-09-11T08:16:51Z</time></trkpt>
    <trkpt lat="46.627668" lon="8.303527"><ele>1222.7</ele><time>2025-09-11T08:16:51Z</time></trkpt>
    <trkpt lat="46.627664" lon="8.303524"><ele>1222.8</ele><time>2025-09-11T08:16:51Z</time></trkpt>
    <trkpt lat="46.627661" lon="8.303512"><ele>1222.8</ele><time>2025-09-11T08:16:51Z</time></trkpt>
    <trkpt lat="46.627661" lon="8.303512"><ele>1222.8</ele><time>2025-09-11T08:16:51Z</time></trkpt>
    <trkpt lat="46.627626" lon="8.303490"><ele>1223.1</ele><time>2025-09-11T08:16:53Z</time></trkpt>
    <trkpt lat="46.627574" lon="8.303489"><ele>1223.5</ele><time>2025-09-11T08:16:54Z</time></trkpt>
    <trkpt lat="46.627523" lon="8.303445"><ele>1223.9</ele><time>2025-09-11T08:16:56Z</time></trkpt>
    <trkpt lat="46.627490" lon="8.303420"><ele>1224.2</ele><time>2025-09-11T08:16:58Z</time></trkpt>
    <trkpt lat="46.627421" lon="8.303372"><ele>1224.7</ele><time>2025-09-11T08:17:00Z</time></trkpt>
    <trkpt lat="46.627404" lon="8.303366"><ele>1224.8</ele><time>2025-09-11T08:17:01Z</time></trkpt>
    <trkpt lat="46.627368" lon="8.303360"><ele>1225.1</ele><time>2025-09-11T08:17:02Z</time></trkpt>
    <trkpt lat="46.627270" lon="8.303318"><ele>1225.8</ele><time>2025-09-11T08:17:05Z</time></trkpt>
    <trkpt lat="46.627255" lon="8.303312"><ele>1226.0</ele><time>2025-09-11T08:17:06Z</time></trkpt>
    <trkpt lat="46.627173" lon="8.303279"><ele>1226.6</ele><time>2025-09-11T08:17:09Z</time></trkpt>
    <trkpt lat="46.627157" lon="8.303278"><ele>1226.7</ele><time>2025-09-11T08:17:09Z</time></trkpt>
    <trkpt lat="46.627094" lon="8.303271"><ele>1227.1</ele><time>2025-09-11T08:17:11Z</time></trkpt>
    <trkpt lat="46.626987" lon="8.303249"><ele>1227.9</ele><time>2025-09-11T08:17:15Z</time></trkpt>
    <trkpt lat="46.626970" lon="8.303248"><ele>1228.0</ele><time>2025-09-11T08:17:16Z</time></trkpt>
    <trkpt lat="46.626891" lon="8.303245"><ele>1228.6</ele><time>2025-09-11T08:17:18Z</time></trkpt>
    <trkpt lat="46.626826" lon="8.303244"><ele>1229.1</ele><time>2025-09-11T08:17:20Z</time></trkpt>
    <trkpt lat="46.626811" lon="8.303244"><ele>1229.2</ele><time>2025-09-11T08:17:21Z</time></trkpt>
    <trkpt lat="46.626729" lon="8.303259"><ele>1229.8</ele><time>2025-09-11T08:17:24Z</time></trkpt>
    <trkpt lat="46.626681" lon="8.303270"><ele>1230.1</ele><time>2025-09-11T08:17:25Z</time></trkpt>
    <trkpt lat="46.626580" lon="8.303308"><ele>1230.9</ele><time>2025-09-11T08:17:29Z</time></trkpt>
    <trkpt lat="46.626548" lon="8.303320"><ele>1231.1</ele><time>2025-09-11T08:17:30Z</time></trkpt>
    <trkpt lat="46.626479" lon="8.303345"><ele>1231.7</ele><time>2025-09-11T08:17:32Z</time></trkpt>
    <trkpt lat="46.626425" lon="8.303375"><ele>1232.2</ele><time>2025-09-11T08:17:34Z</time></trkpt>
    <trkpt lat="46.626402" lon="8.303393"><ele>1232.4</ele><time>2025-09-11T08:17:35Z</time></trkpt>
    <trkpt lat="46.626342" lon="8.303423"><ele>1233.0</ele><time>2025-09-11T08:17:37Z</time></trkpt>
    <trkpt lat="46.626319" lon="8.303425"><ele>1233.1</ele><time>2025-09-11T08:17:38Z</time></trkpt>
    <trkpt lat="46.626290" lon="8.303439"><ele>1233.4</ele><time>2025-09-11T08:17:39Z</time></trkpt>
    <trkpt lat="46.626271" lon="8.303447"><ele>1233.6</ele><time>2025-09-11T08:17:40Z</time></trkpt>
    <trkpt lat="46.626242" lon="8.303470"><ele>1233.8</ele><time>2025-09-11T08:17:41Z</time></trkpt>
    <trkpt lat="46.626195" lon="8.303485"><ele>1234.2</ele><time>2025-09-11T08:17:42Z</time></trkpt>
    <trkpt lat="46.626198" lon="8.303484"><ele>1234.3</ele><time>2025-09-11T08:17:42Z</time></trkpt>
    <trkpt lat="46.626198" lon="8.303486"><ele>1234.3</ele><time>2025-09-11T08:17:42Z</time></trkpt>
    <trkpt lat="46.626160" lon="8.303516"><ele>1234.6</ele><time>2025-09-11T08:17:44Z</time></trkpt>
    <trkpt lat="46.626069" lon="8.303576"><ele>1235.5</ele><time>2025-09-11T08:17:47Z</time></trkpt>
    <trkpt lat="46.626049" lon="8.303592"><ele>1235.7</ele><time>2025-09-11T08:17:48Z</time></trkpt>
    <trkpt lat="46.625978" lon="8.303659"><ele>1236.4</ele><time>2025-09-11T08:17:51Z</time></trkpt>
    <trkpt lat="46.625961" lon="8.303676"><ele>1236.5</ele><time>2025-09-11T08:17:51Z</time></trkpt>
    <trkpt lat="46.625946" lon="8.303693"><ele>1236.7</ele><time>2025-09-11T08:17:52Z</time></trkpt>
    <trkpt lat="46.625864" lon="8.303784"><ele>1237.5</ele><time>2025-09-11T08:17:56Z</time></trkpt>
    <trkpt lat="46.625847" lon="8.303796"><ele>1237.7</ele><time>2025-09-11T08:17:56Z</time></trkpt>
    <trkpt lat="46.625766" lon="8.303896"><ele>1238.6</ele><time>2025-09-11T08:18:00Z</time></trkpt>
    <trkpt lat="46.625684" lon="8.303996"><ele>1239.5</ele><time>2025-09-11T08:18:03Z</time></trkpt>
    <trkpt lat="46.625675" lon="8.304017"><ele>1239.6</ele><time>2025-09-11T08:18:04Z</time></trkpt>
    <trkpt lat="46.625611" lon="8.304094"><ele>1240.3</ele><time>2025-09-11T08:18:07Z</time></trkpt>
    <trkpt lat="46.625571" lon="8.304145"><ele>1240.7</ele><time>2025-09-11T08:18:08Z</time></trkpt>
    <trkpt lat="46.625559" lon="8.304167"><ele>1240.9</ele><time>2025-09-11T08:18:09Z</time></trkpt>
    <trkpt lat="46.625545" lon="8.304187"><ele>1241.1</ele><time>2025-09-11T08:18:10Z</time></trkpt>
    <trkpt lat="46.625533" lon="8.304208"><ele>1241.2</ele><time>2025-09-11T08:18:10Z</time></trkpt>
    <trkpt lat="46.625505" lon="8.304265"><ele>1241.6</ele><time>2025-09-11T08:18:12Z</time></trkpt>
    <trkpt lat="46.625472" lon="8.304299"><ele>1242.0</ele><time>2025-09-11T08:18:13Z</time></trkpt>
    <trkpt lat="46.625430" lon="8.304372"><ele>1242.5</ele><time>2025-09-11T08:18:15Z</time></trkpt>
    <trkpt lat="46.625410" lon="8.304398"><ele>1242.7</ele><time>2025-09-11T08:18:16Z</time></trkpt>
    <trkpt lat="46.625409" lon="8.304394"><ele>1242.7</ele><time>2025-09-11T08:18:16Z</time></trkpt>
    <trkpt lat="46.625410" lon="8.304415"><ele>1242.9</ele><time>2025-09-11T08:18:17Z</time></trkpt>
    <trkpt lat="46.625403" lon="8.304440"><ele>1243.0</ele><time>2025-09-11T08:18:18Z</time></trkpt>
    <trkpt lat="46.625396" lon="8.304456"><ele>1243.1</ele><time>2025-09-11T08:18:18Z</time></trkpt>
    <trkpt lat="46.625293" lon="8.304603"><ele>1244.3</ele><time>2025-09-11T08:18:23Z</time></trkpt>
    <trkpt lat="46.625206" lon="8.304752"><ele>1245.4</ele><time>2025-09-11T08:18:27Z</time></trkpt>
    <trkpt lat="46.625192" lon="8.304776"><ele>1245.6</ele><time>2025-09-11T08:18:28Z</time></trkpt>
    <trkpt lat="46.625124" lon="8.304887"><ele>1247.3</ele><time>2025-09-11T08:18:31Z</time></trkpt>
    <trkpt lat="46.625095" lon="8.304932"><ele>1248.1</ele><time>2025-09-11T08:18:33Z</time></trkpt>
    <trkpt lat="46.625035" lon="8.305031"><ele>1249.8</ele><time>2025-09-11T08:18:36Z</time></trkpt>
    <trkpt lat="46.624982" lon="8.305133"><ele>1251.4</ele><time>2025-09-11T08:18:39Z</time></trkpt>
    <trkpt lat="46.624969" lon="8.305147"><ele>1251.7</ele><time>2025-09-11T08:18:39Z</time></trkpt>
    <trkpt lat="46.624929" lon="8.305210"><ele>1252.7</ele><time>2025-09-11T08:18:41Z</time></trkpt>
    <trkpt lat="46.624920" lon="8.305226"><ele>1253.0</ele><time>2025-09-11T08:18:42Z</time></trkpt>
    <trkpt lat="46.624840" lon="8.305347"><ele>1255.1</ele><time>2025-09-11T08:18:46Z</time></trkpt>
    <trkpt lat="46.624843" lon="8.305366"><ele>1255.3</ele><time>2025-09-11T08:18:46Z</time></trkpt>
    <trkpt lat="46.624840" lon="8.305446"><ele>1256.3</ele><time>2025-09-11T08:18:48Z</time></trkpt>
    <trkpt lat="46.624831" lon="8.305514"><ele>1257.2</ele><time>2025-09-11T08:18:49Z</time></trkpt>
    <trkpt lat="46.624816" lon="8.305550"><ele>1257.7</ele><time>2025-09-11T08:18:50Z</time></trkpt>
    <trkpt lat="46.624795" lon="8.305544"><ele>1258.1</ele><time>2025-09-11T08:18:51Z</time></trkpt>
    <trkpt lat="46.624767" lon="8.305528"><ele>1258.7</ele><time>2025-09-11T08:18:52Z</time></trkpt>
    <trkpt lat="46.624684" lon="8.305563"><ele>1260.2</ele><time>2025-09-11T08:18:55Z</time></trkpt>
    <trkpt lat="46.624671" lon="8.305575"><ele>1260.5</ele><time>2025-09-11T08:18:56Z</time></trkpt>
    <trkpt lat="46.624614" lon="8.305625"><ele>1261.7</ele><time>2025-09-11T08:18:58Z</time></trkpt>
    <trkpt lat="46.624614" lon="8.305625"><ele>1261.7</ele><time>2025-09-11T08:18:58Z</time></trkpt>
    <trkpt lat="46.624614" lon="8.305625"><ele>1261.7</ele><time>2025-09-11T08:18:58Z</time></trkpt>
    <trkpt lat="46.624614" lon="8.305625"><ele>1261.7</ele><time>2025-09-11T08:18:58Z</time></trkpt>
    <trkpt lat="46.624614" lon="8.305625"><ele>1261.7</ele><time>2025-09-11T08:18:58Z</time></trkpt>
    <trkpt lat="46.624614" lon="8.305625"><ele>1261.7</ele><time>2025-09-11T08:18:58Z</time></trkpt>
    <trkpt lat="46.624614" lon="8.305625"><ele>1261.7</ele><time>2025-09-11T08:18:58Z</time></trkpt>
    <trkpt lat="46.624614" lon="8.305625"><ele>1261.7</ele><time>2025-09-11T08:18:58Z</time></trkpt>
    <trkpt lat="46.624614" lon="8.305625"><ele>1261.7</ele><time>2025-09-11T08:18:58Z</time></trkpt>
    <trkpt lat="46.624614" lon="8.305625"><ele>1261.7</ele><time>2025-09-11T08:18:58Z</time></trkpt>
    <trkpt lat="46.624614" lon="8.305625"><ele>1261.7</ele><time>2025-09-11T08:18:58Z</time></trkpt>
    <trkpt lat="46.624614" lon="8.305625"><ele>1261.7</ele><time>2025-09-11T08:18:58Z</time></trkpt>
    <trkpt lat="46.624614" lon="8.305625"><ele>1261.7</ele><time>2025-09-11T08:18:58Z</time></trkpt>
    <trkpt lat="46.624614" lon="8.305625"><ele>1261.7</ele><time>2025-09-11T08:18:58Z</time></trkpt>
    <trkpt lat="46.624614" lon="8.305625"><ele>1261.7</ele><time>2025-09-11T08:18:58Z</time></trkpt>
    <trkpt lat="46.624614" lon="8.305625"><ele>1261.7</ele><time>2025-09-11T08:18:58Z</time></trkpt>
    <trkpt lat="46.624614" lon="8.305625"><ele>1261.7</ele><time>2025-09-11T08:18:58Z</time></trkpt>
    <trkpt lat="46.624614" lon="8.305625"><ele>1261.7</ele><time>2025-09-11T08:18:58Z</time></trkpt>
    <trkpt lat="46.624614" lon="8.305625"><ele>1261.7</ele><time>2025-09-11T08:18:58Z</time></trkpt>
    <trkpt lat="46.624614" lon="8.305625"><ele>1261.7</ele><time>2025-09-11T08:18:58Z</time></trkpt>
    <trkpt lat="46.624614" lon="8.305625"><ele>1261.7</ele><time>2025-09-11T08:18:58Z</time></trkpt>
    <trkpt lat="46.624614" lon="8.305625"><ele>1261.7</ele><time>2025-09-11T08:18:58Z</time></trkpt>
    <trkpt lat="46.624614" lon="8.305625"><ele>1261.7</ele><time>2025-09-11T08:18:58Z</time></trkpt>
    <trkpt lat="46.624614" lon="8.305625"><ele>1261.7</ele><time>2025-09-11T08:18:58Z</time></trkpt>
    <trkpt lat="46.624614" lon="8.305625"><ele>1261.7</ele><time>2025-09-11T08:18:58Z</time></trkpt>
    <trkpt lat="46.624614" lon="8.305625"><ele>1261.7</ele><time>2025-09-11T08:18:58Z</time></trkpt>
    <trkpt lat="46.624614" lon="8.305625"><ele>1261.7</ele><time>2025-09-11T08:18:58Z</time></trkpt>
    <trkpt lat="46.624614" lon="8.305625"><ele>1261.7</ele><time>2025-09-11T08:18:58Z</time></trkpt>
    <trkpt lat="46.624614" lon="8.305625"><ele>1261.7</ele><time>2025-09-11T08:18:58Z</time></trkpt>
    <trkpt lat="46.624614" lon="8.305625"><ele>1261.7</ele><time>2025-09-11T08:18:58Z</time></trkpt>
    <trkpt lat="46.621523" lon="8.306323"><ele>1280.9</ele><time>2025-09-11T08:20:42Z</time></trkpt>
    <trkpt lat="46.621443" lon="8.306245"><ele>1281.3</ele><time>2025-09-11T08:20:45Z</time></trkpt>
    <trkpt lat="46.621423" lon="8.306241"><ele>1281.4</ele><time>2025-09-11T08:20:46Z</time></trkpt>
    <trkpt lat="46.621357" lon="8.306216"><ele>1281.7</ele><time>2025-09-11T08:20:48Z</time></trkpt>
    <trkpt lat="46.621337" lon="8.306209"><ele>1281.8</ele><time>2025-09-11T08:20:49Z</time></trkpt>
    <trkpt lat="46.621222" lon="8.306155"><ele>1282.3</ele><time>2025-09-11T08:20:53Z</time></trkpt>
    <trkpt lat="46.621189" lon="8.306140"><ele>1282.4</ele><time>2025-09-11T08:20:54Z</time></trkpt>
    <trkpt lat="46.621125" lon="8.306097"><ele>1282.7</ele><time>2025-09-11T08:20:56Z</time></trkpt>
    <trkpt lat="46.621083" lon="8.306081"><ele>1282.9</ele><time>2025-09-11T08:20:58Z</time></trkpt>
    <trkpt lat="46.621033" lon="8.306055"><ele>1283.1</ele><time>2025-09-11T08:21:00Z</time></trkpt>
    <trkpt lat="46.620961" lon="8.305998"><ele>1283.4</ele><time>2025-09-11T08:21:02Z</time></trkpt>
    <trkpt lat="46.620943" lon="8.305980"><ele>1283.5</ele><time>2025-09-11T08:21:03Z</time></trkpt>
    <trkpt lat="46.620895" lon="8.305961"><ele>1283.7</ele><time>2025-09-11T08:21:05Z</time></trkpt>
    <trkpt lat="46.620839" lon="8.305923"><ele>1284.0</ele><time>2025-09-11T08:21:07Z</time></trkpt>
    <trkpt lat="46.620737" lon="8.305862"><ele>1284.5</ele><time>2025-09-11T08:21:11Z</time></trkpt>
    <trkpt lat="46.620692" lon="8.305834"><ele>1284.7</ele><time>2025-09-11T08:21:12Z</time></trkpt>
    <trkpt lat="46.620630" lon="8.305787"><ele>1285.0</ele><time>2025-09-11T08:21:15Z</time></trkpt>
    <trkpt lat="46.620528" lon="8.305721"><ele>1285.4</ele><time>2025-09-11T08:21:18Z</time></trkpt>
    <trkpt lat="46.620509" lon="8.305710"><ele>1285.5</ele><time>2025-09-11T08:21:19Z</time></trkpt>
    <trkpt lat="46.620447" lon="8.305673"><ele>1285.8</ele><time>2025-09-11T08:21:21Z</time></trkpt>
    <trkpt lat="46.620420" lon="8.305652"><ele>1285.9</ele><time>2025-09-11T08:21:22Z</time></trkpt>
    <trkpt lat="46.620335" lon="8.305612"><ele>1286.3</ele><time>2025-09-11T08:21:25Z</time></trkpt>
    <trkpt lat="46.620301" lon="8.305585"><ele>1286.5</ele><time>2025-09-11T08:21:26Z</time></trkpt>
    <trkpt lat="46.620262" lon="8.305562"><ele>1286.6</ele><time>2025-09-11T08:21:28Z</time></trkpt>
    <trkpt lat="46.620180" lon="8.305529"><ele>1287.0</ele><time>2025-09-11T08:21:31Z</time></trkpt>
    <trkpt lat="46.620121" lon="8.305503"><ele>1287.3</ele><time>2025-09-11T08:21:33Z</time></trkpt>
    <trkpt lat="46.620079" lon="8.305489"><ele>1287.5</ele><time>2025-09-11T08:21:34Z</time></trkpt>
    <trkpt lat="46.620037" lon="8.305482"><ele>1287.7</ele><time>2025-09-11T08:21:36Z</time></trkpt>
    <trkpt lat="46.619919" lon="8.305461"><ele>1288.3</ele><time>2025-09-11T08:21:40Z</time></trkpt>
    <trkpt lat="46.619903" lon="8.305463"><ele>1288.3</ele><time>2025-09-11T08:21:40Z</time></trkpt>
    <trkpt lat="46.619792" lon="8.305463"><ele>1288.9</ele><time>2025-09-11T08:21:44Z</time></trkpt>
    <trkpt lat="46.619725" lon="8.305461"><ele>1289.2</ele><time>2025-09-11T08:21:46Z</time></trkpt>
    <trkpt lat="46.619670" lon="8.305469"><ele>1289.4</ele><time>2025-09-11T08:21:48Z</time></trkpt>
    <trkpt lat="46.619555" lon="8.305481"><ele>1290.0</ele><time>2025-09-11T08:21:52Z</time></trkpt>
    <trkpt lat="46.619535" lon="8.305483"><ele>1290.1</ele><time>2025-09-11T08:21:52Z</time></trkpt>
    <trkpt lat="46.619501" lon="8.305483"><ele>1290.2</ele><time>2025-09-11T08:21:54Z</time></trkpt>
    <trkpt lat="46.619427" lon="8.305500"><ele>1290.6</ele><time>2025-09-11T08:21:56Z</time></trkpt>
    <trkpt lat="46.619308" lon="8.305533"><ele>1291.2</ele><time>2025-09-11T08:22:00Z</time></trkpt>
    <trkpt lat="46.619286" lon="8.305532"><ele>1291.3</ele><time>2025-09-11T08:22:01Z</time></trkpt>
    <trkpt lat="46.619173" lon="8.305565"><ele>1291.8</ele><time>2025-09-11T08:22:05Z</time></trkpt>
    <trkpt lat="46.619119" lon="8.305583"><ele>1292.1</ele><time>2025-09-11T08:22:06Z</time></trkpt>
    <trkpt lat="46.619067" lon="8.305583"><ele>1292.3</ele><time>2025-09-11T08:22:08Z</time></trkpt>
    <trkpt lat="46.618964" lon="8.305605"><ele>1292.8</ele><time>2025-09-11T08:22:12Z</time></trkpt>
    <trkpt lat="46.618926" lon="8.305616"><ele>1293.0</ele><time>2025-09-11T08:22:13Z</time></trkpt>
    <trkpt lat="46.618907" lon="8.305620"><ele>1293.1</ele><time>2025-09-11T08:22:14Z</time></trkpt>
    <trkpt lat="46.618750" lon="8.305640"><ele>1293.8</ele><time>2025-09-11T08:22:19Z</time></trkpt>
    <trkpt lat="46.618646" lon="8.305645"><ele>1294.3</ele><time>2025-09-11T08:22:22Z</time></trkpt>
    <trkpt lat="46.618613" lon="8.305643"><ele>1294.5</ele><time>2025-09-11T08:22:23Z</time></trkpt>
    <trkpt lat="46.618488" lon="8.305635"><ele>1295.0</ele><time>2025-09-11T08:22:28Z</time></trkpt>
    <trkpt lat="46.618367" lon="8.305623"><ele>1295.8</ele><time>2025-09-11T08:22:32Z</time></trkpt>
    <trkpt lat="46.618248" lon="8.305588"><ele>1296.5</ele><time>2025-09-11T08:22:36Z</time></trkpt>
    <trkpt lat="46.618143" lon="8.305554"><ele>1297.2</ele><time>2025-09-11T08:22:39Z</time></trkpt>
    <trkpt lat="46.618110" lon="8.305544"><ele>1297.4</ele><time>2025-09-11T08:22:40Z</time></trkpt>
    <trkpt lat="46.618037" lon="8.305487"><ele>1297.9</ele><time>2025-09-11T08:22:43Z</time></trkpt>
    <trkpt lat="46.617953" lon="8.305457"><ele>1298.5</ele><time>2025-09-11T08:22:46Z</time></trkpt>
    <trkpt lat="46.617889" lon="8.305430"><ele>1298.9</ele><time>2025-09-11T08:22:48Z</time></trkpt>
    <trkpt lat="46.617822" lon="8.305392"><ele>1299.3</ele><time>2025-09-11T08:22:51Z</time></trkpt>
    <trkpt lat="46.617744" lon="8.305364"><ele>1299.8</ele><time>2025-09-11T08:22:53Z</time></trkpt>
    <trkpt lat="46.617731" lon="8.305351"><ele>1299.9</ele><time>2025-09-11T08:22:54Z</time></trkpt>
    <trkpt lat="46.617634" lon="8.305297"><ele>1300.6</ele><time>2025-09-11T08:22:57Z</time></trkpt>
    <trkpt lat="46.617599" lon="8.305295"><ele>1300.8</ele><time>2025-09-11T08:22:59Z</time></trkpt>
    <trkpt lat="46.617536" lon="8.305264"><ele>1301.2</ele><time>2025-09-11T08:23:01Z</time></trkpt>
    <trkpt lat="46.617489" lon="8.305240"><ele>1301.5</ele><time>2025-09-11T08:23:02Z</time></trkpt>
    <trkpt lat="46.617431" lon="8.305212"><ele>1301.9</ele><time>2025-09-11T08:23:04Z</time></trkpt>
    <trkpt lat="46.617390" lon="8.305197"><ele>1302.2</ele><time>2025-09-11T08:23:06Z</time></trkpt>
    <trkpt lat="46.617315" lon="8.305167"><ele>1302.7</ele><time>2025-09-11T08:23:08Z</time></trkpt>
    <trkpt lat="46.617207" lon="8.305112"><ele>1303.4</ele><time>2025-09-11T08:23:12Z</time></trkpt>
    <trkpt lat="46.617191" lon="8.305102"><ele>1303.5</ele><time>2025-09-11T08:23:13Z</time></trkpt>
    <trkpt lat="46.617066" lon="8.305045"><ele>1304.3</ele><time>2025-09-11T08:23:17Z</time></trkpt>
    <trkpt lat="46.616957" lon="8.304992"><ele>1305.0</ele><time>2025-09-11T08:23:21Z</time></trkpt>
    <trkpt lat="46.616912" lon="8.304968"><ele>1305.3</ele><time>2025-09-11T08:23:23Z</time></trkpt>
    <trkpt lat="46.616868" lon="8.304951"><ele>1305.6</ele><time>2025-09-11T08:23:24Z</time></trkpt>
    <trkpt lat="46.616781" lon="8.304911"><ele>1306.2</ele><time>2025-09-11T08:23:27Z</time></trkpt>
    <trkpt lat="46.616767" lon="8.304908"><ele>1306.3</ele><time>2025-09-11T08:23:28Z</time></trkpt>
    <trkpt lat="46.616681" lon="8.304867"><ele>1307.0</ele><time>2025-09-11T08:23:31Z</time></trkpt>
    <trkpt lat="46.616655" lon="8.304860"><ele>1307.2</ele><time>2025-09-11T08:23:32Z</time></trkpt>
    <trkpt lat="46.616644" lon="8.304856"><ele>1307.3</ele><time>2025-09-11T08:23:32Z</time></trkpt>
    <trkpt lat="46.616605" lon="8.304847"><ele>1307.6</ele><time>2025-09-11T08:23:33Z</time></trkpt>
    <trkpt lat="46.616574" lon="8.304839"><ele>1307.9</ele><time>2025-09-11T08:23:34Z</time></trkpt>
    <trkpt lat="46.616492" lon="8.304828"><ele>1308.5</ele><time>2025-09-11T08:23:37Z</time></trkpt>
    <trkpt lat="46.616403" lon="8.304815"><ele>1309.3</ele><time>2025-09-11T08:23:40Z</time></trkpt>
    <trkpt lat="46.616360" lon="8.304824"><ele>1309.6</ele><time>2025-09-11T08:23:42Z</time></trkpt>
    <trkpt lat="46.616331" lon="8.304835"><ele>1309.9</ele><time>2025-09-11T08:23:43Z</time></trkpt>
    <trkpt lat="46.616262" lon="8.304859"><ele>1310.4</ele><time>2025-09-11T08:23:45Z</time></trkpt>
    <trkpt lat="46.616186" lon="8.304897"><ele>1311.1</ele><time>2025-09-11T08:23:48Z</time></trkpt>
    <trkpt lat="46.616118" lon="8.304946"><ele>1311.7</ele><time>2025-09-11T08:23:50Z</time></trkpt>
    <trkpt lat="46.616069" lon="8.304983"><ele>1312.1</ele><time>2025-09-11T08:23:52Z</time></trkpt>
    <trkpt lat="46.616048" lon="8.305005"><ele>1312.3</ele><time>2025-09-11T08:23:53Z</time></trkpt>
    <trkpt lat="46.615966" lon="8.305099"><ele>1313.2</ele><time>2025-09-11T08:23:56Z</time></trkpt>
    <trkpt lat="46.615919" lon="8.305183"><ele>1313.8</ele><time>2025-09-11T08:23:59Z</time></trkpt>
    <trkpt lat="46.615897" lon="8.305223"><ele>1314.1</ele><time>2025-09-11T08:24:00Z</time></trkpt>
    <trkpt lat="46.615861" lon="8.305290"><ele>1314.6</ele><time>2025-09-11T08:24:02Z</time></trkpt>
    <trkpt lat="46.615844" lon="8.305321"><ele>1314.8</ele><time>2025-09-11T08:24:03Z</time></trkpt>
    <trkpt lat="46.615825" lon="8.305412"><ele>1315.3</ele><time>2025-09-11T08:24:05Z</time></trkpt>
    <trkpt lat="46.615802" lon="8.305482"><ele>1315.7</ele><time>2025-09-11T08:24:07Z</time></trkpt>
    <trkpt lat="46.615787" lon="8.305522"><ele>1316.0</ele><time>2025-09-11T08:24:08Z</time></trkpt>
    <trkpt lat="46.615750" lon="8.305663"><ele>1316.8</ele><time>2025-09-11T08:24:11Z</time></trkpt>
    <trkpt lat="46.615747" lon="8.305678"><ele>1316.9</ele><time>2025-09-11T08:24:12Z</time></trkpt>
    <trkpt lat="46.615727" lon="8.305786"><ele>1317.5</ele><time>2025-09-11T08:24:14Z</time></trkpt>
    <trkpt lat="46.615704" lon="8.305846"><ele>1317.9</ele><time>2025-09-11T08:24:16Z</time></trkpt>
    <trkpt lat="46.615706" lon="8.305866"><ele>1318.0</ele><time>2025-09-11T08:24:16Z</time></trkpt>
    <trkpt lat="46.615709" lon="8.305884"><ele>1318.1</ele><time>2025-09-11T08:24:17Z</time></trkpt>
    <trkpt lat="46.615701" lon="8.305936"><ele>1318.4</ele><time>2025-09-11T08:24:18Z</time></trkpt>
    <trkpt lat="46.615691" lon="8.305973"><ele>1318.7</ele><time>2025-09-11T08:24:19Z</time></trkpt>
    <trkpt lat="46.615685" lon="8.306006"><ele>1318.8</ele><time>2025-09-11T08:24:20Z</time></trkpt>
    <trkpt lat="46.615670" lon="8.306102"><ele>1319.4</ele><time>2025-09-11T08:24:22Z</time></trkpt>
    <trkpt lat="46.615667" lon="8.306124"><ele>1319.5</ele><time>2025-09-11T08:24:22Z</time></trkpt>
    <trkpt lat="46.615662" lon="8.306240"><ele>1320.2</ele><time>2025-09-11T08:24:25Z</time></trkpt>
    <trkpt lat="46.615662" lon="8.306280"><ele>1320.4</ele><time>2025-09-11T08:24:26Z</time></trkpt>
    <trkpt lat="46.615662" lon="8.306344"><ele>1320.7</ele><time>2025-09-11T08:24:27Z</time></trkpt>
    <trkpt lat="46.615672" lon="8.306475"><ele>1321.5</ele><time>2025-09-11T08:24:30Z</time></trkpt>
    <trkpt lat="46.615672" lon="8.306493"><ele>1321.6</ele><time>2025-09-11T08:24:31Z</time></trkpt>
    <trkpt lat="46.615679" lon="8.306627"><ele>1322.3</ele><time>2025-09-11T08:24:34Z</time></trkpt>
    <trkpt lat="46.615678" lon="8.306651"><ele>1322.4</ele><time>2025-09-11T08:24:34Z</time></trkpt>
    <trkpt lat="46.615680" lon="8.306800"><ele>1323.3</ele><time>2025-09-11T08:24:38Z</time></trkpt>
    <trkpt lat="46.615664" lon="8.306951"><ele>1324.1</ele><time>2025-09-11T08:24:41Z</time></trkpt>
    <trkpt lat="46.615654" lon="8.306993"><ele>1324.4</ele><time>2025-09-11T08:24:42Z</time></trkpt>
    <trkpt lat="46.615629" lon="8.307054"><ele>1324.7</ele><time>2025-09-11T08:24:44Z</time></trkpt>
    <trkpt lat="46.615591" lon="8.307100"><ele>1325.1</ele><time>2025-09-11T08:24:46Z</time></trkpt>
    <trkpt lat="46.615504" lon="8.307088"><ele>1325.8</ele><time>2025-09-11T08:24:49Z</time></trkpt>
    <trkpt lat="46.615475" lon="8.307039"><ele>1326.2</ele><time>2025-09-11T08:24:50Z</time></trkpt>
    <trkpt lat="46.615459" lon="8.307000"><ele>1326.5</ele><time>2025-09-11T08:24:51Z</time></trkpt>
    <trkpt lat="46.615450" lon="8.306890"><ele>1327.1</ele><time>2025-09-11T08:24:54Z</time></trkpt>
    <trkpt lat="46.615446" lon="8.306808"><ele>1327.5</ele><time>2025-09-11T08:24:56Z</time></trkpt>
    <trkpt lat="46.615444" lon="8.306723"><ele>1328.0</ele><time>2025-09-11T08:24:57Z</time></trkpt>
    <trkpt lat="46.615440" lon="8.306663"><ele>1328.3</ele><time>2025-09-11T08:24:59Z</time></trkpt>
    <trkpt lat="46.615438" lon="8.306597"><ele>1328.7</ele><time>2025-09-11T08:25:00Z</time></trkpt>
    <trkpt lat="46.615435" lon="8.306447"><ele>1329.5</ele><time>2025-09-11T08:25:04Z</time></trkpt>
    <trkpt lat="46.615423" lon="8.306295"><ele>1330.4</ele><time>2025-09-11T08:25:07Z</time></trkpt>
    <trkpt lat="46.615420" lon="8.306257"><ele>1330.6</ele><time>2025-09-11T08:25:08Z</time></trkpt>
    <trkpt lat="46.615401" lon="8.306172"><ele>1331.1</ele><time>2025-09-11T08:25:10Z</time></trkpt>
    <trkpt lat="46.615387" lon="8.306122"><ele>1331.4</ele><time>2025-09-11T08:25:11Z</time></trkpt>
    <trkpt lat="46.615370" lon="8.306045"><ele>1331.8</ele><time>2025-09-11T08:25:13Z</time></trkpt>
    <trkpt lat="46.615326" lon="8.305934"><ele>1332.5</ele><time>2025-09-11T08:25:16Z</time></trkpt>
    <trkpt lat="46.615256" lon="8.305812"><ele>1333.4</ele><time>2025-09-11T08:25:20Z</time></trkpt>
    <trkpt lat="46.615200" lon="8.305725"><ele>1334.0</ele><time>2025-09-11T08:25:23Z</time></trkpt>
    <trkpt lat="46.615196" lon="8.305712"><ele>1334.1</ele><time>2025-09-11T08:25:23Z</time></trkpt>
    <trkpt lat="46.615168" lon="8.305659"><ele>1334.5</ele><time>2025-09-11T08:25:24Z</time></trkpt>
    <trkpt lat="46.615145" lon="8.305622"><ele>1334.8</ele><time>2025-09-11T08:25:26Z</time></trkpt>
    <trkpt lat="46.615134" lon="8.305607"><ele>1334.9</ele><time>2025-09-11T08:25:26Z</time></trkpt>
    <trkpt lat="46.615120" lon="8.305574"><ele>1335.1</ele><time>2025-09-11T08:25:27Z</time></trkpt>
    <trkpt lat="46.615104" lon="8.305524"><ele>1335.4</ele><time>2025-09-11T08:25:28Z</time></trkpt>
    <trkpt lat="46.615037" lon="8.305439"><ele>1336.0</ele><time>2025-09-11T08:25:31Z</time></trkpt>
    <trkpt lat="46.615006" lon="8.305396"><ele>1336.2</ele><time>2025-09-11T08:25:33Z</time></trkpt>
    <trkpt lat="46.615001" lon="8.305387"><ele>1336.3</ele><time>2025-09-11T08:25:33Z</time></trkpt>
    <trkpt lat="46.614983" lon="8.305342"><ele>1336.5</ele><time>2025-09-11T08:25:34Z</time></trkpt>
    <trkpt lat="46.614974" lon="8.305328"><ele>1336.6</ele><time>2025-09-11T08:25:35Z</time></trkpt>
    <trkpt lat="46.614943" lon="8.305208"><ele>1337.1</ele><time>2025-09-11T08:25:38Z</time></trkpt>
    <trkpt lat="46.614931" lon="8.305172"><ele>1337.3</ele><time>2025-09-11T08:25:38Z</time></trkpt>
    <trkpt lat="46.614918" lon="8.305112"><ele>1337.5</ele><time>2025-09-11T08:25:40Z</time></trkpt>
    <trkpt lat="46.614902" lon="8.305026"><ele>1337.9</ele><time>2025-09-11T08:25:42Z</time></trkpt>
    <trkpt lat="46.614894" lon="8.304956"><ele>1338.2</ele><time>2025-09-11T08:25:44Z</time></trkpt>
    <trkpt lat="46.614903" lon="8.304859"><ele>1338.6</ele><time>2025-09-11T08:25:46Z</time></trkpt>
    <trkpt lat="46.614930" lon="8.304697"><ele>1339.3</ele><time>2025-09-11T08:25:50Z</time></trkpt>
    <trkpt lat="46.614934" lon="8.304675"><ele>1339.4</ele><time>2025-09-11T08:25:50Z</time></trkpt>
    <trkpt lat="46.614978" lon="8.304554"><ele>1339.9</ele><time>2025-09-11T08:25:53Z</time></trkpt>
    <trkpt lat="46.615024" lon="8.304462"><ele>1340.4</ele><time>2025-09-11T08:25:56Z</time></trkpt>
    <trkpt lat="46.615054" lon="8.304401"><ele>1340.7</ele><time>2025-09-11T08:25:58Z</time></trkpt>
    <trkpt lat="46.615092" lon="8.304272"><ele>1341.3</ele><time>2025-09-11T08:26:01Z</time></trkpt>
    <trkpt lat="46.615093" lon="8.304183"><ele>1341.7</ele><time>2025-09-11T08:26:03Z</time></trkpt>
    <trkpt lat="46.615086" lon="8.304087"><ele>1342.1</ele><time>2025-09-11T08:26:05Z</time></trkpt>
    <trkpt lat="46.615051" lon="8.303992"><ele>1342.5</ele><time>2025-09-11T08:26:08Z</time></trkpt>
    <trkpt lat="46.615038" lon="8.303974"><ele>1342.6</ele><time>2025-09-11T08:26:08Z</time></trkpt>
    <trkpt lat="46.614927" lon="8.303931"><ele>1343.3</ele><time>2025-09-11T08:26:12Z</time></trkpt>
    <trkpt lat="46.614884" lon="8.303943"><ele>1343.6</ele><time>2025-09-11T08:26:13Z</time></trkpt>
    <trkpt lat="46.614811" lon="8.304009"><ele>1344.1</ele><time>2025-09-11T08:26:16Z</time></trkpt>
    <trkpt lat="46.614760" lon="8.304179"><ele>1344.9</ele><time>2025-09-11T08:26:21Z</time></trkpt>
    <trkpt lat="46.614762" lon="8.304273"><ele>1345.2</ele><time>2025-09-11T08:26:23Z</time></trkpt>
    <trkpt lat="46.614760" lon="8.304371"><ele>1345.6</ele><time>2025-09-11T08:26:25Z</time></trkpt>
    <trkpt lat="46.614761" lon="8.304508"><ele>1346.2</ele><time>2025-09-11T08:26:28Z</time></trkpt>
    <trkpt lat="46.614762" lon="8.304659"><ele>1347.2</ele><time>2025-09-11T08:26:32Z</time></trkpt>
    <trkpt lat="46.614767" lon="8.304884"><ele>1348.6</ele><time>2025-09-11T08:26:37Z</time></trkpt>
    <trkpt lat="46.614765" lon="8.304906"><ele>1348.8</ele><time>2025-09-11T08:26:37Z</time></trkpt>
    <trkpt lat="46.614752" lon="8.305026"><ele>1349.6</ele><time>2025-09-11T08:26:40Z</time></trkpt>
    <trkpt lat="46.614746" lon="8.305093"><ele>1350.0</ele><time>2025-09-11T08:26:42Z</time></trkpt>
    <trkpt lat="46.614746" lon="8.305159"><ele>1350.5</ele><time>2025-09-11T08:26:43Z</time></trkpt>
    <trkpt lat="46.614743" lon="8.305276"><ele>1351.2</ele><time>2025-09-11T08:26:46Z</time></trkpt>
    <trkpt lat="46.614743" lon="8.305298"><ele>1351.4</ele><time>2025-09-11T08:26:46Z</time></trkpt>
    <trkpt lat="46.614746" lon="8.305398"><ele>1352.0</ele><time>2025-09-11T08:26:49Z</time></trkpt>
    <trkpt lat="46.614748" lon="8.305449"><ele>1352.4</ele><time>2025-09-11T08:26:50Z</time></trkpt>
    <trkpt lat="46.614765" lon="8.305550"><ele>1353.1</ele><time>2025-09-11T08:26:52Z</time></trkpt>
    <trkpt lat="46.614785" lon="8.305651"><ele>1353.7</ele><time>2025-09-11T08:26:54Z</time></trkpt>
    <trkpt lat="46.614804" lon="8.305744"><ele>1354.4</ele><time>2025-09-11T08:26:57Z</time></trkpt>
    <trkpt lat="46.614815" lon="8.305796"><ele>1354.7</ele><time>2025-09-11T08:26:58Z</time></trkpt>
    <trkpt lat="46.614852" lon="8.305895"><ele>1355.5</ele><time>2025-09-11T08:27:01Z</time></trkpt>
    <trkpt lat="46.614903" lon="8.306059"><ele>1356.7</ele><time>2025-09-11T08:27:05Z</time></trkpt>
    <trkpt lat="46.614924" lon="8.306142"><ele>1357.2</ele><time>2025-09-11T08:27:07Z</time></trkpt>
    <trkpt lat="46.614942" lon="8.306225"><ele>1357.8</ele><time>2025-09-11T08:27:09Z</time></trkpt>
    <trkpt lat="46.614953" lon="8.306263"><ele>1358.1</ele><time>2025-09-11T08:27:10Z</time></trkpt>
    <trkpt lat="46.614963" lon="8.306324"><ele>1358.5</ele><time>2025-09-11T08:27:11Z</time></trkpt>
    <trkpt lat="46.614964" lon="8.306342"><ele>1358.6</ele><time>2025-09-11T08:27:11Z</time></trkpt>
    <trkpt lat="46.614984" lon="8.306458"><ele>1359.4</ele><time>2025-09-11T08:27:14Z</time></trkpt>
    <trkpt lat="46.614970" lon="8.306585"><ele>1360.2</ele><time>2025-09-11T08:27:17Z</time></trkpt>
    <trkpt lat="46.614962" lon="8.306658"><ele>1360.7</ele><time>2025-09-11T08:27:19Z</time></trkpt>
    <trkpt lat="46.614942" lon="8.306731"><ele>1361.2</ele><time>2025-09-11T08:27:21Z</time></trkpt>
    <trkpt lat="46.614920" lon="8.306818"><ele>1361.9</ele><time>2025-09-11T08:27:23Z</time></trkpt>
    <trkpt lat="46.614900" lon="8.306852"><ele>1362.2</ele><time>2025-09-11T08:27:24Z</time></trkpt>
    <trkpt lat="46.614874" lon="8.306897"><ele>1362.5</ele><time>2025-09-11T08:27:25Z</time></trkpt>
    <trkpt lat="46.614874" lon="8.306897"><ele>1362.5</ele><time>2025-09-11T08:27:25Z</time></trkpt>
    <trkpt lat="46.614874" lon="8.306897"><ele>1362.5</ele><time>2025-09-11T08:27:25Z</time></trkpt>
    <trkpt lat="46.614874" lon="8.306897"><ele>1362.5</ele><time>2025-09-11T08:27:25Z</time></trkpt>
    <trkpt lat="46.614874" lon="8.306897"><ele>1362.5</ele><time>2025-09-11T08:27:25Z</time></trkpt>
    <trkpt lat="46.614874" lon="8.306897"><ele>1362.5</ele><time>2025-09-11T08:27:25Z</time></trkpt>
    <trkpt lat="46.614867" lon="8.306913"><ele>1362.7</ele><time>2025-09-11T08:27:26Z</time></trkpt>
    <trkpt lat="46.614867" lon="8.306916"><ele>1362.7</ele><time>2025-09-11T08:27:26Z</time></trkpt>
    <trkpt lat="46.614872" lon="8.306949"><ele>1362.9</ele><time>2025-09-11T08:27:26Z</time></trkpt>
    <trkpt lat="46.614857" lon="8.307004"><ele>1363.3</ele><time>2025-09-11T08:27:28Z</time></trkpt>
    <trkpt lat="46.614842" lon="8.307033"><ele>1363.5</ele><time>2025-09-11T08:27:29Z</time></trkpt>
    <trkpt lat="46.614822" lon="8.307054"><ele>1363.7</ele><time>2025-09-11T08:27:29Z</time></trkpt>
    <trkpt lat="46.614784" lon="8.307068"><ele>1364.0</ele><time>2025-09-11T08:27:31Z</time></trkpt>
    <trkpt lat="46.614760" lon="8.307079"><ele>1364.2</ele><time>2025-09-11T08:27:32Z</time></trkpt>
    <trkpt lat="46.614723" lon="8.307122"><ele>1364.6</ele><time>2025-09-11T08:27:33Z</time></trkpt>
    <trkpt lat="46.614707" lon="8.307126"><ele>1364.7</ele><time>2025-09-11T08:27:34Z</time></trkpt>
    <trkpt lat="46.614679" lon="8.307152"><ele>1365.0</ele><time>2025-09-11T08:27:35Z</time></trkpt>
    <trkpt lat="46.614674" lon="8.307164"><ele>1365.1</ele><time>2025-09-11T08:27:35Z</time></trkpt>
    <trkpt lat="46.614665" lon="8.307185"><ele>1365.2</ele><time>2025-09-11T08:27:36Z</time></trkpt>
    <trkpt lat="46.614655" lon="8.307209"><ele>1365.4</ele><time>2025-09-11T08:27:36Z</time></trkpt>
    <trkpt lat="46.614654" lon="8.307218"><ele>1365.4</ele><time>2025-09-11T08:27:37Z</time></trkpt>
    <trkpt lat="46.614652" lon="8.307220"><ele>1365.4</ele><time>2025-09-11T08:27:37Z</time></trkpt>
    <trkpt lat="46.614652" lon="8.307220"><ele>1365.4</ele><time>2025-09-11T08:27:37Z</time></trkpt>
    <trkpt lat="46.614652" lon="8.307220"><ele>1365.4</ele><time>2025-09-11T08:27:37Z</time></trkpt>
    <trkpt lat="46.614652" lon="8.307220"><ele>1365.4</ele><time>2025-09-11T08:27:37Z</time></trkpt>
    <trkpt lat="46.614652" lon="8.307220"><ele>1365.4</ele><time>2025-09-11T08:27:37Z</time></trkpt>
    <trkpt lat="46.614652" lon="8.307220"><ele>1365.4</ele><time>2025-09-11T08:27:37Z</time></trkpt>
    <trkpt lat="46.614652" lon="8.307220"><ele>1365.4</ele><time>2025-09-11T08:27:37Z</time></trkpt>
    <trkpt lat="46.614652" lon="8.307220"><ele>1365.4</ele><time>2025-09-11T08:27:37Z</time></trkpt>
    <trkpt lat="46.614652" lon="8.307220"><ele>1365.4</ele><time>2025-09-11T08:27:37Z</time></trkpt>
    <trkpt lat="46.614652" lon="8.307220"><ele>1365.4</ele><time>2025-09-11T08:27:37Z</time></trkpt>
    <trkpt lat="46.614652" lon="8.307220"><ele>1365.4</ele><time>2025-09-11T08:27:37Z</time></trkpt>
    <trkpt lat="46.614652" lon="8.307220"><ele>1365.4</ele><time>2025-09-11T08:27:37Z</time></trkpt>
    <trkpt lat="46.613363" lon="8.307802"><ele>1376.2</ele><time>2025-09-11T08:28:22Z</time></trkpt>
    <trkpt lat="46.613328" lon="8.307865"><ele>1376.7</ele><time>2025-09-11T08:28:24Z</time></trkpt>
    <trkpt lat="46.613322" lon="8.307891"><ele>1376.8</ele><time>2025-09-11T08:28:24Z</time></trkpt>
    <trkpt lat="46.613278" lon="8.307949"><ele>1377.3</ele><time>2025-09-11T08:28:26Z</time></trkpt>
    <trkpt lat="46.613267" lon="8.307962"><ele>1377.4</ele><time>2025-09-11T08:28:27Z</time></trkpt>
    <trkpt lat="46.613257" lon="8.307978"><ele>1377.6</ele><time>2025-09-11T08:28:27Z</time></trkpt>
    <trkpt lat="46.613233" lon="8.308036"><ele>1377.9</ele><time>2025-09-11T08:28:29Z</time></trkpt>
    <trkpt lat="46.613215" lon="8.308067"><ele>1378.1</ele><time>2025-09-11T08:28:30Z</time></trkpt>
    <trkpt lat="46.613163" lon="8.308198"><ele>1378.9</ele><time>2025-09-11T08:28:33Z</time></trkpt>
    <trkpt lat="46.613135" lon="8.308248"><ele>1379.3</ele><time>2025-09-11T08:28:35Z</time></trkpt>
    <trkpt lat="46.613119" lon="8.308302"><ele>1379.6</ele><time>2025-09-11T08:28:36Z</time></trkpt>
    <trkpt lat="46.613069" lon="8.308416"><ele>1380.3</ele><time>2025-09-11T08:28:39Z</time></trkpt>
    <trkpt lat="46.613052" lon="8.308451"><ele>1380.5</ele><time>2025-09-11T08:28:40Z</time></trkpt>
    <trkpt lat="46.613015" lon="8.308523"><ele>1381.0</ele><time>2025-09-11T08:28:42Z</time></trkpt>
    <trkpt lat="46.612976" lon="8.308587"><ele>1381.4</ele><time>2025-09-11T08:28:44Z</time></trkpt>
    <trkpt lat="46.612918" lon="8.308651"><ele>1382.0</ele><time>2025-09-11T08:28:46Z</time></trkpt>
    <trkpt lat="46.612900" lon="8.308664"><ele>1382.1</ele><time>2025-09-11T08:28:47Z</time></trkpt>
    <trkpt lat="46.612835" lon="8.308703"><ele>1382.7</ele><time>2025-09-11T08:28:49Z</time></trkpt>
    <trkpt lat="46.612819" lon="8.308714"><ele>1382.8</ele><time>2025-09-11T08:28:50Z</time></trkpt>
    <trkpt lat="46.612804" lon="8.308726"><ele>1382.9</ele><time>2025-09-11T08:28:51Z</time></trkpt>
    <trkpt lat="46.612788" lon="8.308738"><ele>1383.1</ele><time>2025-09-11T08:28:51Z</time></trkpt>
    <trkpt lat="46.612757" lon="8.308757"><ele>1383.3</ele><time>2025-09-11T08:28:52Z</time></trkpt>
    <trkpt lat="46.612726" lon="8.308779"><ele>1383.6</ele><time>2025-09-11T08:28:53Z</time></trkpt>
    <trkpt lat="46.612664" lon="8.308801"><ele>1384.1</ele><time>2025-09-11T08:28:56Z</time></trkpt>
    <trkpt lat="46.612650" lon="8.308808"><ele>1384.2</ele><time>2025-09-11T08:28:56Z</time></trkpt>
    <trkpt lat="46.612565" lon="8.308841"><ele>1384.8</ele><time>2025-09-11T08:28:59Z</time></trkpt>
    <trkpt lat="46.612519" lon="8.308856"><ele>1385.2</ele><time>2025-09-11T08:29:01Z</time></trkpt>
    <trkpt lat="46.612467" lon="8.308877"><ele>1385.6</ele><time>2025-09-11T08:29:02Z</time></trkpt>
    <trkpt lat="46.612413" lon="8.308864"><ele>1386.0</ele><time>2025-09-11T08:29:04Z</time></trkpt>
    <trkpt lat="46.612384" lon="8.308867"><ele>1386.3</ele><time>2025-09-11T08:29:05Z</time></trkpt>
    <trkpt lat="46.612300" lon="8.308876"><ele>1386.9</ele><time>2025-09-11T08:29:08Z</time></trkpt>
    <trkpt lat="46.612278" lon="8.308872"><ele>1387.1</ele><time>2025-09-11T08:29:09Z</time></trkpt>
    <trkpt lat="46.612267" lon="8.308864"><ele>1387.2</ele><time>2025-09-11T08:29:09Z</time></trkpt>
    <trkpt lat="46.612227" lon="8.308856"><ele>1387.5</ele><time>2025-09-11T08:29:10Z</time></trkpt>
    <trkpt lat="46.612158" lon="8.308847"><ele>1388.0</ele><time>2025-09-11T08:29:13Z</time></trkpt>
    <trkpt lat="46.612146" lon="8.308841"><ele>1388.1</ele><time>2025-09-11T08:29:13Z</time></trkpt>
    <trkpt lat="46.612034" lon="8.308803"><ele>1389.0</ele><time>2025-09-11T08:29:17Z</time></trkpt>
    <trkpt lat="46.612013" lon="8.308790"><ele>1389.1</ele><time>2025-09-11T08:29:18Z</time></trkpt>
    <trkpt lat="46.611949" lon="8.308739"><ele>1389.7</ele><time>2025-09-11T08:29:20Z</time></trkpt>
    <trkpt lat="46.611918" lon="8.308717"><ele>1390.0</ele><time>2025-09-11T08:29:21Z</time></trkpt>
    <trkpt lat="46.611870" lon="8.308680"><ele>1390.4</ele><time>2025-09-11T08:29:23Z</time></trkpt>
    <trkpt lat="46.611818" lon="8.308653"><ele>1390.8</ele><time>2025-09-11T08:29:25Z</time></trkpt>
    <trkpt lat="46.611792" lon="8.308637"><ele>1391.0</ele><time>2025-09-11T08:29:26Z</time></trkpt>
    <trkpt lat="46.611707" lon="8.308554"><ele>1391.7</ele><time>2025-09-11T08:29:29Z</time></trkpt>
    <trkpt lat="46.611695" lon="8.308541"><ele>1391.8</ele><time>2025-09-11T08:29:30Z</time></trkpt>
    <trkpt lat="46.611623" lon="8.308468"><ele>1392.3</ele><time>2025-09-11T08:29:33Z</time></trkpt>
    <trkpt lat="46.611610" lon="8.308456"><ele>1392.4</ele><time>2025-09-11T08:29:33Z</time></trkpt>
    <trkpt lat="46.611537" lon="8.308386"><ele>1392.9</ele><time>2025-09-11T08:29:36Z</time></trkpt>
    <trkpt lat="46.611501" lon="8.308347"><ele>1393.2</ele><time>2025-09-11T08:29:38Z</time></trkpt>
    <trkpt lat="46.611437" lon="8.308289"><ele>1393.6</ele><time>2025-09-11T08:29:40Z</time></trkpt>
    <trkpt lat="46.611386" lon="8.308254"><ele>1393.9</ele><time>2025-09-11T08:29:42Z</time></trkpt>
    <trkpt lat="46.611371" lon="8.308242"><ele>1394.0</ele><time>2025-09-11T08:29:43Z</time></trkpt>
    <trkpt lat="46.611300" lon="8.308185"><ele>1394.5</ele><time>2025-09-11T08:29:45Z</time></trkpt>
    <trkpt lat="46.611292" lon="8.308161"><ele>1394.6</ele><time>2025-09-11T08:29:46Z</time></trkpt>
    <trkpt lat="46.611288" lon="8.308139"><ele>1394.7</ele><time>2025-09-11T08:29:47Z</time></trkpt>
    <trkpt lat="46.611253" lon="8.308006"><ele>1395.3</ele><time>2025-09-11T08:29:50Z</time></trkpt>
    <trkpt lat="46.611205" lon="8.308000"><ele>1395.5</ele><time>2025-09-11T08:29:51Z</time></trkpt>
    <trkpt lat="46.611187" lon="8.308011"><ele>1395.7</ele><time>2025-09-11T08:29:52Z</time></trkpt>
    <trkpt lat="46.611141" lon="8.308031"><ele>1395.9</ele><time>2025-09-11T08:29:54Z</time></trkpt>
    <trkpt lat="46.611141" lon="8.308031"><ele>1395.9</ele><time>2025-09-11T08:29:54Z</time></trkpt>
    <trkpt lat="46.611002" lon="8.308074"><ele>1396.7</ele><time>2025-09-11T08:29:58Z</time></trkpt>
    <trkpt lat="46.610935" lon="8.308036"><ele>1397.2</ele><time>2025-09-11T08:30:01Z</time></trkpt>
    <trkpt lat="46.610859" lon="8.308039"><ele>1397.6</ele><time>2025-09-11T08:30:03Z</time></trkpt>
    <trkpt lat="46.610808" lon="8.308030"><ele>1397.9</ele><time>2025-09-11T08:30:05Z</time></trkpt>
    <trkpt lat="46.610713" lon="8.308028"><ele>1398.4</ele><time>2025-09-11T08:30:08Z</time></trkpt>
    <trkpt lat="46.610597" lon="8.308042"><ele>1399.1</ele><time>2025-09-11T08:30:12Z</time></trkpt>
    <trkpt lat="46.610579" lon="8.308044"><ele>1399.2</ele><time>2025-09-11T08:30:13Z</time></trkpt>
    <trkpt lat="46.610420" lon="8.308084"><ele>1400.2</ele><time>2025-09-11T08:30:18Z</time></trkpt>
    <trkpt lat="46.610403" lon="8.308091"><ele>1400.3</ele><time>2025-09-11T08:30:19Z</time></trkpt>
    <trkpt lat="46.610309" lon="8.308132"><ele>1400.8</ele><time>2025-09-11T08:30:22Z</time></trkpt>
    <trkpt lat="46.610181" lon="8.308194"><ele>1401.6</ele><time>2025-09-11T08:30:26Z</time></trkpt>
    <trkpt lat="46.610165" lon="8.308203"><ele>1401.7</ele><time>2025-09-11T08:30:27Z</time></trkpt>
    <trkpt lat="46.610151" lon="8.308213"><ele>1401.8</ele><time>2025-09-11T08:30:28Z</time></trkpt>
    <trkpt lat="46.610137" lon="8.308223"><ele>1401.9</ele><time>2025-09-11T08:30:28Z</time></trkpt>
    <trkpt lat="46.610036" lon="8.308299"><ele>1402.4</ele><time>2025-09-11T08:30:32Z</time></trkpt>
    <trkpt lat="46.609972" lon="8.308340"><ele>1402.7</ele><time>2025-09-11T08:30:34Z</time></trkpt>
    <trkpt lat="46.609916" lon="8.308386"><ele>1403.0</ele><time>2025-09-11T08:30:36Z</time></trkpt>
    <trkpt lat="46.609797" lon="8.308483"><ele>1403.6</ele><time>2025-09-11T08:30:41Z</time></trkpt>
    <trkpt lat="46.609783" lon="8.308496"><ele>1403.7</ele><time>2025-09-11T08:30:41Z</time></trkpt>
    <trkpt lat="46.609720" lon="8.308555"><ele>1404.0</ele><time>2025-09-11T08:30:44Z</time></trkpt>
    <trkpt lat="46.609676" lon="8.308589"><ele>1404.2</ele><time>2025-09-11T08:30:46Z</time></trkpt>
    <trkpt lat="46.609665" lon="8.308605"><ele>1404.3</ele><time>2025-09-11T08:30:46Z</time></trkpt>
    <trkpt lat="46.609589" lon="8.308674"><ele>1404.7</ele><time>2025-09-11T08:30:49Z</time></trkpt>
    <trkpt lat="46.609579" lon="8.308685"><ele>1404.7</ele><time>2025-09-11T08:30:50Z</time></trkpt>
    <trkpt lat="46.609526" lon="8.308721"><ele>1405.0</ele><time>2025-09-11T08:30:52Z</time></trkpt>
    <trkpt lat="46.609464" lon="8.308771"><ele>1405.3</ele><time>2025-09-11T08:30:54Z</time></trkpt>
    <trkpt lat="46.609437" lon="8.308783"><ele>1405.4</ele><time>2025-09-11T08:30:55Z</time></trkpt>
    <trkpt lat="46.609411" lon="8.308804"><ele>1405.5</ele><time>2025-09-11T08:30:56Z</time></trkpt>
    <trkpt lat="46.609376" lon="8.308842"><ele>1405.7</ele><time>2025-09-11T08:30:57Z</time></trkpt>
    <trkpt lat="46.609310" lon="8.308905"><ele>1406.1</ele><time>2025-09-11T08:31:00Z</time></trkpt>
    <trkpt lat="46.609300" lon="8.308912"><ele>1406.1</ele><time>2025-09-11T08:31:00Z</time></trkpt>
    <trkpt lat="46.609237" lon="8.308960"><ele>1406.4</ele><time>2025-09-11T08:31:03Z</time></trkpt>
    <trkpt lat="46.609226" lon="8.308971"><ele>1406.5</ele><time>2025-09-11T08:31:03Z</time></trkpt>
    <trkpt lat="46.609203" lon="8.308991"><ele>1406.6</ele><time>2025-09-11T08:31:04Z</time></trkpt>
    <trkpt lat="46.609163" lon="8.309033"><ele>1406.8</ele><time>2025-09-11T08:31:06Z</time></trkpt>
    <trkpt lat="46.609063" lon="8.309110"><ele>1407.3</ele><time>2025-09-11T08:31:09Z</time></trkpt>
    <trkpt lat="46.609049" lon="8.309121"><ele>1407.4</ele><time>2025-09-11T08:31:10Z</time></trkpt>
    <trkpt lat="46.608973" lon="8.309187"><ele>1407.8</ele><time>2025-09-11T08:31:13Z</time></trkpt>
    <trkpt lat="46.608913" lon="8.309238"><ele>1408.1</ele><time>2025-09-11T08:31:15Z</time></trkpt>
    <trkpt lat="46.608846" lon="8.309289"><ele>1408.4</ele><time>2025-09-11T08:31:18Z</time></trkpt>
    <trkpt lat="46.608767" lon="8.309366"><ele>1408.9</ele><time>2025-09-11T08:31:21Z</time></trkpt>
    <trkpt lat="46.608679" lon="8.309453"><ele>1409.3</ele><time>2025-09-11T08:31:24Z</time></trkpt>
    <trkpt lat="46.608610" lon="8.309505"><ele>1409.7</ele><time>2025-09-11T08:31:27Z</time></trkpt>
    <trkpt lat="46.608523" lon="8.309581"><ele>1410.0</ele><time>2025-09-11T08:31:30Z</time></trkpt>
    <trkpt lat="46.608481" lon="8.309617"><ele>1410.1</ele><time>2025-09-11T08:31:32Z</time></trkpt>
    <trkpt lat="46.608436" lon="8.309658"><ele>1410.2</ele><time>2025-09-11T08:31:34Z</time></trkpt>
    <trkpt lat="46.608419" lon="8.309674"><ele>1410.2</ele><time>2025-09-11T08:31:34Z</time></trkpt>
    <trkpt lat="46.608339" lon="8.309735"><ele>1410.4</ele><time>2025-09-11T08:31:38Z</time></trkpt>
    <trkpt lat="46.608232" lon="8.309812"><ele>1410.6</ele><time>2025-09-11T08:31:41Z</time></trkpt>
    <trkpt lat="46.608194" lon="8.309844"><ele>1410.7</ele><time>2025-09-11T08:31:43Z</time></trkpt>
    <trkpt lat="46.608127" lon="8.309903"><ele>1410.9</ele><time>2025-09-11T08:31:46Z</time></trkpt>
    <trkpt lat="46.608004" lon="8.310015"><ele>1411.2</ele><time>2025-09-11T08:31:50Z</time></trkpt>
    <trkpt lat="46.607899" lon="8.310108"><ele>1411.4</ele><time>2025-09-11T08:31:55Z</time></trkpt>
    <trkpt lat="46.607809" lon="8.310183"><ele>1411.6</ele><time>2025-09-11T08:31:58Z</time></trkpt>
    <trkpt lat="46.607770" lon="8.310214"><ele>1411.7</ele><time>2025-09-11T08:31:59Z</time></trkpt>
    <trkpt lat="46.607664" lon="8.310311"><ele>1412.0</ele><time>2025-09-11T08:32:04Z</time></trkpt>
    <trkpt lat="46.607551" lon="8.310402"><ele>1412.2</ele><time>2025-09-11T08:32:08Z</time></trkpt>
    <trkpt lat="46.607444" lon="8.310489"><ele>1412.5</ele><time>2025-09-11T08:32:12Z</time></trkpt>
    <trkpt lat="46.607277" lon="8.310630"><ele>1412.9</ele><time>2025-09-11T08:32:18Z</time></trkpt>
    <trkpt lat="46.607112" lon="8.310763"><ele>1413.3</ele><time>2025-09-11T08:32:25Z</time></trkpt>
    <trkpt lat="46.606903" lon="8.310942"><ele>1413.7</ele><time>2025-09-11T08:32:33Z</time></trkpt>
    <trkpt lat="46.606693" lon="8.311123"><ele>1414.0</ele><time>2025-09-11T08:32:41Z</time></trkpt>
    <trkpt lat="46.606668" lon="8.311143"><ele>1414.0</ele><time>2025-09-11T08:32:42Z</time></trkpt>
    <trkpt lat="46.606498" lon="8.311278"><ele>1414.3</ele><time>2025-09-11T08:32:48Z</time></trkpt>
    <trkpt lat="46.606370" lon="8.311389"><ele>1414.5</ele><time>2025-09-11T08:32:53Z</time></trkpt>
    <trkpt lat="46.606176" lon="8.311560"><ele>1414.7</ele><time>2025-09-11T08:33:01Z</time></trkpt>
    <trkpt lat="46.605965" lon="8.311738"><ele>1415.1</ele><time>2025-09-11T08:33:09Z</time></trkpt>
    <trkpt lat="46.605911" lon="8.311781"><ele>1415.1</ele><time>2025-09-11T08:33:11Z</time></trkpt>
    <trkpt lat="46.605741" lon="8.311944"><ele>1415.4</ele><time>2025-09-11T08:33:18Z</time></trkpt>
    <trkpt lat="46.605535" lon="8.312163"><ele>1415.7</ele><time>2025-09-11T08:33:26Z</time></trkpt>
    <trkpt lat="46.605406" lon="8.312356"><ele>1416.4</ele><time>2025-09-11T08:33:33Z</time></trkpt>
    <trkpt lat="46.605252" lon="8.312662"><ele>1417.6</ele><time>2025-09-11T08:33:41Z</time></trkpt>
    <trkpt lat="46.605224" lon="8.312737"><ele>1417.9</ele><time>2025-09-11T08:33:43Z</time></trkpt>
    <trkpt lat="46.605145" lon="8.313012"><ele>1418.8</ele><time>2025-09-11T08:33:50Z</time></trkpt>
    <trkpt lat="46.605111" lon="8.313225"><ele>1419.5</ele><time>2025-09-11T08:33:55Z</time></trkpt>
    <trkpt lat="46.605097" lon="8.313365"><ele>1420.0</ele><time>2025-09-11T08:33:58Z</time></trkpt>
    <trkpt lat="46.605095" lon="8.313397"><ele>1420.1</ele><time>2025-09-11T08:33:59Z</time></trkpt>
    <trkpt lat="46.605091" lon="8.313493"><ele>1420.4</ele><time>2025-09-11T08:34:01Z</time></trkpt>
    <trkpt lat="46.605103" lon="8.313706"><ele>1421.1</ele><time>2025-09-11T08:34:06Z</time></trkpt>
    <trkpt lat="46.605104" lon="8.313735"><ele>1421.2</ele><time>2025-09-11T08:34:07Z</time></trkpt>
    <trkpt lat="46.605114" lon="8.313926"><ele>1421.8</ele><time>2025-09-11T08:34:11Z</time></trkpt>
    <trkpt lat="46.605116" lon="8.313947"><ele>1421.8</ele><time>2025-09-11T08:34:12Z</time></trkpt>
    <trkpt lat="46.605141" lon="8.314108"><ele>1422.4</ele><time>2025-09-11T08:34:15Z</time></trkpt>
    <trkpt lat="46.605154" lon="8.314194"><ele>1422.6</ele><time>2025-09-11T08:34:18Z</time></trkpt>
    <trkpt lat="46.605172" lon="8.314263"><ele>1422.9</ele><time>2025-09-11T08:34:19Z</time></trkpt>
    <trkpt lat="46.605191" lon="8.314389"><ele>1423.3</ele><time>2025-09-11T08:34:22Z</time></trkpt>
    <trkpt lat="46.605195" lon="8.314412"><ele>1423.4</ele><time>2025-09-11T08:34:23Z</time></trkpt>
    <trkpt lat="46.605226" lon="8.314542"><ele>1423.8</ele><time>2025-09-11T08:34:26Z</time></trkpt>
    <trkpt lat="46.605230" lon="8.314564"><ele>1423.9</ele><time>2025-09-11T08:34:26Z</time></trkpt>
    <trkpt lat="46.605258" lon="8.314687"><ele>1424.4</ele><time>2025-09-11T08:34:29Z</time></trkpt>
    <trkpt lat="46.605262" lon="8.314730"><ele>1424.7</ele><time>2025-09-11T08:34:30Z</time></trkpt>
    <trkpt lat="46.605284" lon="8.314852"><ele>1425.5</ele><time>2025-09-11T08:34:33Z</time></trkpt>
    <trkpt lat="46.605304" lon="8.315008"><ele>1426.5</ele><time>2025-09-11T08:34:37Z</time></trkpt>
    <trkpt lat="46.605322" lon="8.315132"><ele>1427.3</ele><time>2025-09-11T08:34:40Z</time></trkpt>
    <trkpt lat="46.605327" lon="8.315173"><ele>1427.5</ele><time>2025-09-11T08:34:41Z</time></trkpt>
    <trkpt lat="46.605338" lon="8.315261"><ele>1428.1</ele><time>2025-09-11T08:34:43Z</time></trkpt>
    <trkpt lat="46.605342" lon="8.315350"><ele>1428.7</ele><time>2025-09-11T08:34:45Z</time></trkpt>
    <trkpt lat="46.605349" lon="8.315393"><ele>1428.9</ele><time>2025-09-11T08:34:46Z</time></trkpt>
    <trkpt lat="46.605368" lon="8.315521"><ele>1429.7</ele><time>2025-09-11T08:34:49Z</time></trkpt>
    <trkpt lat="46.605369" lon="8.315539"><ele>1429.9</ele><time>2025-09-11T08:34:49Z</time></trkpt>
    <trkpt lat="46.605374" lon="8.315648"><ele>1430.5</ele><time>2025-09-11T08:34:52Z</time></trkpt>
    <trkpt lat="46.605375" lon="8.315664"><ele>1430.6</ele><time>2025-09-11T08:34:52Z</time></trkpt>
    <trkpt lat="46.605393" lon="8.315773"><ele>1431.3</ele><time>2025-09-11T08:34:55Z</time></trkpt>
    <trkpt lat="46.605413" lon="8.315859"><ele>1431.9</ele><time>2025-09-11T08:34:57Z</time></trkpt>
    <trkpt lat="46.605428" lon="8.315897"><ele>1432.2</ele><time>2025-09-11T08:34:58Z</time></trkpt>
    <trkpt lat="46.605452" lon="8.315993"><ele>1432.8</ele><time>2025-09-11T08:35:00Z</time></trkpt>
    <trkpt lat="46.605466" lon="8.316028"><ele>1433.1</ele><time>2025-09-11T08:35:01Z</time></trkpt>
    <trkpt lat="46.605503" lon="8.316135"><ele>1433.8</ele><time>2025-09-11T08:35:04Z</time></trkpt>
    <trkpt lat="46.605507" lon="8.316152"><ele>1434.0</ele><time>2025-09-11T08:35:04Z</time></trkpt>
    <trkpt lat="46.605564" lon="8.316277"><ele>1434.9</ele><time>2025-09-11T08:35:08Z</time></trkpt>
    <trkpt lat="46.605626" lon="8.316380"><ele>1435.8</ele><time>2025-09-11T08:35:11Z</time></trkpt>
    <trkpt lat="46.605640" lon="8.316403"><ele>1435.9</ele><time>2025-09-11T08:35:11Z</time></trkpt>
    <trkpt lat="46.605683" lon="8.316458"><ele>1436.5</ele><time>2025-09-11T08:35:13Z</time></trkpt>
    <trkpt lat="46.605752" lon="8.316542"><ele>1437.3</ele><time>2025-09-11T08:35:16Z</time></trkpt>
    <trkpt lat="46.605773" lon="8.316562"><ele>1437.5</ele><time>2025-09-11T08:35:17Z</time></trkpt>
    <trkpt lat="46.605830" lon="8.316618"><ele>1438.1</ele><time>2025-09-11T08:35:20Z</time></trkpt>
    <trkpt lat="46.605853" lon="8.316632"><ele>1438.4</ele><time>2025-09-11T08:35:20Z</time></trkpt>
    <trkpt lat="46.605901" lon="8.316678"><ele>1438.9</ele><time>2025-09-11T08:35:22Z</time></trkpt>
    <trkpt lat="46.605941" lon="8.316696"><ele>1439.3</ele><time>2025-09-11T08:35:24Z</time></trkpt>
    <trkpt lat="46.605976" lon="8.316717"><ele>1439.6</ele><time>2025-09-11T08:35:25Z</time></trkpt>
    <trkpt lat="46.606036" lon="8.316744"><ele>1440.2</ele><time>2025-09-11T08:35:27Z</time></trkpt>
    <trkpt lat="46.606096" lon="8.316761"><ele>1440.8</ele><time>2025-09-11T08:35:29Z</time></trkpt>
    <trkpt lat="46.606118" lon="8.316768"><ele>1441.0</ele><time>2025-09-11T08:35:30Z</time></trkpt>
    <trkpt lat="46.606153" lon="8.316766"><ele>1441.3</ele><time>2025-09-11T08:35:31Z</time></trkpt>
    <trkpt lat="46.606202" lon="8.316782"><ele>1441.7</ele><time>2025-09-11T08:35:33Z</time></trkpt>
    <trkpt lat="46.606277" lon="8.316788"><ele>1442.4</ele><time>2025-09-11T08:35:35Z</time></trkpt>
    <trkpt lat="46.606352" lon="8.316792"><ele>1443.1</ele><time>2025-09-11T08:35:38Z</time></trkpt>
    <trkpt lat="46.606378" lon="8.316788"><ele>1443.4</ele><time>2025-09-11T08:35:39Z</time></trkpt>
    <trkpt lat="46.606456" lon="8.316777"><ele>1444.1</ele><time>2025-09-11T08:35:41Z</time></trkpt>
    <trkpt lat="46.606498" lon="8.316768"><ele>1444.5</ele><time>2025-09-11T08:35:43Z</time></trkpt>
    <trkpt lat="46.606551" lon="8.316754"><ele>1444.9</ele><time>2025-09-11T08:35:44Z</time></trkpt>
    <trkpt lat="46.606620" lon="8.316719"><ele>1445.6</ele><time>2025-09-11T08:35:47Z</time></trkpt>
    <trkpt lat="46.606650" lon="8.316704"><ele>1445.9</ele><time>2025-09-11T08:35:48Z</time></trkpt>
    <trkpt lat="46.606714" lon="8.316681"><ele>1446.5</ele><time>2025-09-11T08:35:50Z</time></trkpt>
    <trkpt lat="46.606775" lon="8.316640"><ele>1447.1</ele><time>2025-09-11T08:35:52Z</time></trkpt>
    <trkpt lat="46.606800" lon="8.316632"><ele>1447.4</ele><time>2025-09-11T08:35:53Z</time></trkpt>
    <trkpt lat="46.606859" lon="8.316589"><ele>1448.0</ele><time>2025-09-11T08:35:55Z</time></trkpt>
    <trkpt lat="46.606884" lon="8.316569"><ele>1448.2</ele><time>2025-09-11T08:35:56Z</time></trkpt>
    <trkpt lat="46.606953" lon="8.316523"><ele>1448.9</ele><time>2025-09-11T08:35:59Z</time></trkpt>
    <trkpt lat="46.607002" lon="8.316501"><ele>1449.4</ele><time>2025-09-11T08:36:01Z</time></trkpt>
    <trkpt lat="46.607024" lon="8.316488"><ele>1449.6</ele><time>2025-09-11T08:36:01Z</time></trkpt>
    <trkpt lat="46.607083" lon="8.316450"><ele>1450.2</ele><time>2025-09-11T08:36:03Z</time></trkpt>
    <trkpt lat="46.607106" lon="8.316433"><ele>1450.4</ele><time>2025-09-11T08:36:04Z</time></trkpt>
    <trkpt lat="46.607162" lon="8.316382"><ele>1451.0</ele><time>2025-09-11T08:36:07Z</time></trkpt>
    <trkpt lat="46.607179" lon="8.316374"><ele>1451.2</ele><time>2025-09-11T08:36:07Z</time></trkpt>
    <trkpt lat="46.607230" lon="8.316329"><ele>1451.7</ele><time>2025-09-11T08:36:09Z</time></trkpt>
    <trkpt lat="46.607244" lon="8.316319"><ele>1451.9</ele><time>2025-09-11T08:36:10Z</time></trkpt>
    <trkpt lat="46.607296" lon="8.316294"><ele>1452.4</ele><time>2025-09-11T08:36:11Z</time></trkpt>
    <trkpt lat="46.607330" lon="8.316262"><ele>1452.8</ele><time>2025-09-11T08:36:13Z</time></trkpt>
    <trkpt lat="46.607360" lon="8.316226"><ele>1453.1</ele><time>2025-09-11T08:36:14Z</time></trkpt>
    <trkpt lat="46.607417" lon="8.316173"><ele>1453.7</ele><time>2025-09-11T08:36:16Z</time></trkpt>
    <trkpt lat="46.607428" lon="8.316161"><ele>1453.8</ele><time>2025-09-11T08:36:17Z</time></trkpt>
    <trkpt lat="46.607473" lon="8.316100"><ele>1454.4</ele><time>2025-09-11T08:36:19Z</time></trkpt>
    <trkpt lat="46.607492" lon="8.316068"><ele>1454.7</ele><time>2025-09-11T08:36:20Z</time></trkpt>
    <trkpt lat="46.607539" lon="8.316010"><ele>1455.2</ele><time>2025-09-11T08:36:22Z</time></trkpt>
    <trkpt lat="46.607552" lon="8.315996"><ele>1455.4</ele><time>2025-09-11T08:36:22Z</time></trkpt>
    <trkpt lat="46.607573" lon="8.315963"><ele>1455.7</ele><time>2025-09-11T08:36:23Z</time></trkpt>
    <trkpt lat="46.607612" lon="8.315898"><ele>1456.2</ele><time>2025-09-11T08:36:25Z</time></trkpt>
    <trkpt lat="46.607648" lon="8.315854"><ele>1456.6</ele><time>2025-09-11T08:36:27Z</time></trkpt>
    <trkpt lat="46.607674" lon="8.315829"><ele>1456.9</ele><time>2025-09-11T08:36:28Z</time></trkpt>
    <trkpt lat="46.607687" lon="8.315820"><ele>1457.1</ele><time>2025-09-11T08:36:29Z</time></trkpt>
    <trkpt lat="46.607757" lon="8.315825"><ele>1457.7</ele><time>2025-09-11T08:36:31Z</time></trkpt>
    <trkpt lat="46.607816" lon="8.315887"><ele>1458.3</ele><time>2025-09-11T08:36:33Z</time></trkpt>
    <trkpt lat="46.607825" lon="8.315909"><ele>1458.5</ele><time>2025-09-11T08:36:34Z</time></trkpt>
    <trkpt lat="46.607815" lon="8.316026"><ele>1459.2</ele><time>2025-09-11T08:36:37Z</time></trkpt>
    <trkpt lat="46.607764" lon="8.316100"><ele>1459.9</ele><time>2025-09-11T08:36:39Z</time></trkpt>
    <trkpt lat="46.607752" lon="8.316110"><ele>1460.0</ele><time>2025-09-11T08:36:39Z</time></trkpt>
    <trkpt lat="46.607728" lon="8.316133"><ele>1460.2</ele><time>2025-09-11T08:36:40Z</time></trkpt>
    <trkpt lat="46.607660" lon="8.316172"><ele>1460.9</ele><time>2025-09-11T08:36:43Z</time></trkpt>
    <trkpt lat="46.607632" lon="8.316188"><ele>1461.2</ele><time>2025-09-11T08:36:44Z</time></trkpt>
    <trkpt lat="46.607581" lon="8.316222"><ele>1461.7</ele><time>2025-09-11T08:36:46Z</time></trkpt>
    <trkpt lat="46.607517" lon="8.316260"><ele>1462.3</ele><time>2025-09-11T08:36:48Z</time></trkpt>
    <trkpt lat="46.607505" lon="8.316269"><ele>1462.4</ele><time>2025-09-11T08:36:49Z</time></trkpt>
    <trkpt lat="46.607426" lon="8.316321"><ele>1463.2</ele><time>2025-09-11T08:36:51Z</time></trkpt>
    <trkpt lat="46.607393" lon="8.316353"><ele>1463.5</ele><time>2025-09-11T08:36:53Z</time></trkpt>
    <trkpt lat="46.607357" lon="8.316384"><ele>1463.9</ele><time>2025-09-11T08:36:54Z</time></trkpt>
    <trkpt lat="46.607306" lon="8.316442"><ele>1464.5</ele><time>2025-09-11T08:36:56Z</time></trkpt>
    <trkpt lat="46.607270" lon="8.316483"><ele>1464.9</ele><time>2025-09-11T08:36:58Z</time></trkpt>
    <trkpt lat="46.607211" lon="8.316544"><ele>1465.5</ele><time>2025-09-11T08:37:00Z</time></trkpt>
    <trkpt lat="46.607202" lon="8.316556"><ele>1465.6</ele><time>2025-09-11T08:37:01Z</time></trkpt>
    <trkpt lat="46.607159" lon="8.316602"><ele>1466.1</ele><time>2025-09-11T08:37:02Z</time></trkpt>
    <trkpt lat="46.607132" lon="8.316634"><ele>1466.4</ele><time>2025-09-11T08:37:04Z</time></trkpt>
    <trkpt lat="46.607107" lon="8.316665"><ele>1466.7</ele><time>2025-09-11T08:37:05Z</time></trkpt>
    <trkpt lat="46.607061" lon="8.316700"><ele>1467.2</ele><time>2025-09-11T08:37:06Z</time></trkpt>
    <trkpt lat="46.607007" lon="8.316735"><ele>1467.7</ele><time>2025-09-11T08:37:08Z</time></trkpt>
    <trkpt lat="46.606942" lon="8.316796"><ele>1468.4</ele><time>2025-09-11T08:37:11Z</time></trkpt>
    <trkpt lat="46.606904" lon="8.316835"><ele>1468.8</ele><time>2025-09-11T08:37:12Z</time></trkpt>
    <trkpt lat="46.606840" lon="8.316921"><ele>1469.6</ele><time>2025-09-11T08:37:15Z</time></trkpt>
    <trkpt lat="46.606823" lon="8.316935"><ele>1469.8</ele><time>2025-09-11T08:37:16Z</time></trkpt>
    <trkpt lat="46.606762" lon="8.316990"><ele>1470.4</ele><time>2025-09-11T08:37:18Z</time></trkpt>
    <trkpt lat="46.606737" lon="8.317015"><ele>1470.7</ele><time>2025-09-11T08:37:19Z</time></trkpt>
    <trkpt lat="46.606693" lon="8.317044"><ele>1471.1</ele><time>2025-09-11T08:37:21Z</time></trkpt>
    <trkpt lat="46.606674" lon="8.317069"><ele>1471.3</ele><time>2025-09-11T08:37:22Z</time></trkpt>
    <trkpt lat="46.606634" lon="8.317100"><ele>1471.7</ele><time>2025-09-11T08:37:23Z</time></trkpt>
    <trkpt lat="46.606588" lon="8.317145"><ele>1472.2</ele><time>2025-09-11T08:37:25Z</time></trkpt>
    <trkpt lat="46.606535" lon="8.317196"><ele>1472.8</ele><time>2025-09-11T08:37:27Z</time></trkpt>
    <trkpt lat="46.606496" lon="8.317238"><ele>1473.2</ele><time>2025-09-11T08:37:29Z</time></trkpt>
    <trkpt lat="46.606467" lon="8.317277"><ele>1473.6</ele><time>2025-09-11T08:37:30Z</time></trkpt>
    <trkpt lat="46.606442" lon="8.317304"><ele>1473.9</ele><time>2025-09-11T08:37:31Z</time></trkpt>
    <trkpt lat="46.606408" lon="8.317343"><ele>1474.3</ele><time>2025-09-11T08:37:33Z</time></trkpt>
    <trkpt lat="46.606367" lon="8.317368"><ele>1474.7</ele><time>2025-09-11T08:37:34Z</time></trkpt>
    <trkpt lat="46.606356" lon="8.317382"><ele>1474.8</ele><time>2025-09-11T08:37:35Z</time></trkpt>
    <trkpt lat="46.606289" lon="8.317440"><ele>1475.5</ele><time>2025-09-11T08:37:37Z</time></trkpt>
    <trkpt lat="46.606203" lon="8.317505"><ele>1476.4</ele><time>2025-09-11T08:37:41Z</time></trkpt>
    <trkpt lat="46.606119" lon="8.317568"><ele>1477.2</ele><time>2025-09-11T08:37:44Z</time></trkpt>
    <trkpt lat="46.606051" lon="8.317575"><ele>1477.8</ele><time>2025-09-11T08:37:46Z</time></trkpt>
    <trkpt lat="46.605999" lon="8.317603"><ele>1478.3</ele><time>2025-09-11T08:37:48Z</time></trkpt>
    <trkpt lat="46.605959" lon="8.317610"><ele>1478.7</ele><time>2025-09-11T08:37:49Z</time></trkpt>
    <trkpt lat="46.605889" lon="8.317627"><ele>1479.3</ele><time>2025-09-11T08:37:52Z</time></trkpt>
    <trkpt lat="46.605820" lon="8.317628"><ele>1480.0</ele><time>2025-09-11T08:37:54Z</time></trkpt>
    <trkpt lat="46.605788" lon="8.317637"><ele>1480.3</ele><time>2025-09-11T08:37:55Z</time></trkpt>
    <trkpt lat="46.605765" lon="8.317637"><ele>1480.5</ele><time>2025-09-11T08:37:56Z</time></trkpt>
    <trkpt lat="46.605743" lon="8.317633"><ele>1480.7</ele><time>2025-09-11T08:37:57Z</time></trkpt>
    <trkpt lat="46.605721" lon="8.317608"><ele>1480.9</ele><time>2025-09-11T08:37:57Z</time></trkpt>
    <trkpt lat="46.605686" lon="8.317597"><ele>1481.2</ele><time>2025-09-11T08:37:59Z</time></trkpt>
    <trkpt lat="46.605660" lon="8.317578"><ele>1481.5</ele><time>2025-09-11T08:38:00Z</time></trkpt>
    <trkpt lat="46.605635" lon="8.317573"><ele>1481.7</ele><time>2025-09-11T08:38:00Z</time></trkpt>
    <trkpt lat="46.605581" lon="8.317565"><ele>1482.2</ele><time>2025-09-11T08:38:02Z</time></trkpt>
    <trkpt lat="46.605520" lon="8.317563"><ele>1482.8</ele><time>2025-09-11T08:38:04Z</time></trkpt>
    <trkpt lat="46.605455" lon="8.317534"><ele>1483.4</ele><time>2025-09-11T08:38:07Z</time></trkpt>
    <trkpt lat="46.605425" lon="8.317505"><ele>1483.7</ele><time>2025-09-11T08:38:08Z</time></trkpt>
    <trkpt lat="46.605411" lon="8.317493"><ele>1483.9</ele><time>2025-09-11T08:38:08Z</time></trkpt>
    <trkpt lat="46.605387" lon="8.317473"><ele>1484.1</ele><time>2025-09-11T08:38:09Z</time></trkpt>
    <trkpt lat="46.605332" lon="8.317409"><ele>1484.7</ele><time>2025-09-11T08:38:12Z</time></trkpt>
    <trkpt lat="46.605337" lon="8.317402"><ele>1484.8</ele><time>2025-09-11T08:38:12Z</time></trkpt>
    <trkpt lat="46.605351" lon="8.317407"><ele>1484.9</ele><time>2025-09-11T08:38:12Z</time></trkpt>
    <trkpt lat="46.605332" lon="8.317397"><ele>1485.1</ele><time>2025-09-11T08:38:13Z</time></trkpt>
    <trkpt lat="46.605332" lon="8.317397"><ele>1485.1</ele><time>2025-09-11T08:38:13Z</time></trkpt>
    <trkpt lat="46.605332" lon="8.317397"><ele>1485.1</ele><time>2025-09-11T08:38:13Z</time></trkpt>
    <trkpt lat="46.605332" lon="8.317397"><ele>1485.1</ele><time>2025-09-11T08:38:13Z</time></trkpt>
    <trkpt lat="46.605332" lon="8.317397"><ele>1485.1</ele><time>2025-09-11T08:38:13Z</time></trkpt>
    <trkpt lat="46.605332" lon="8.317397"><ele>1485.1</ele><time>2025-09-11T08:38:13Z</time></trkpt>
    <trkpt lat="46.605332" lon="8.317397"><ele>1485.1</ele><time>2025-09-11T08:38:13Z</time></trkpt>
    <trkpt lat="46.605332" lon="8.317397"><ele>1485.1</ele><time>2025-09-11T08:38:13Z</time></trkpt>
    <trkpt lat="46.605332" lon="8.317397"><ele>1485.1</ele><time>2025-09-11T08:38:13Z</time></trkpt>
    <trkpt lat="46.605332" lon="8.317397"><ele>1485.1</ele><time>2025-09-11T08:38:13Z</time></trkpt>
    <trkpt lat="46.604817" lon="8.316657"><ele>1491.3</ele><time>2025-09-11T08:38:37Z</time></trkpt>
    <trkpt lat="46.604823" lon="8.316639"><ele>1491.4</ele><time>2025-09-11T08:38:38Z</time></trkpt>
    <trkpt lat="46.604823" lon="8.316640"><ele>1491.4</ele><time>2025-09-11T08:38:38Z</time></trkpt>
    <trkpt lat="46.604778" lon="8.316599"><ele>1491.8</ele><time>2025-09-11T08:38:39Z</time></trkpt>
    <trkpt lat="46.604756" lon="8.316604"><ele>1492.0</ele><time>2025-09-11T08:38:40Z</time></trkpt>
    <trkpt lat="46.604730" lon="8.316591"><ele>1492.2</ele><time>2025-09-11T08:38:41Z</time></trkpt>
    <trkpt lat="46.604667" lon="8.316551"><ele>1492.7</ele><time>2025-09-11T08:38:43Z</time></trkpt>
    <trkpt lat="46.604623" lon="8.316488"><ele>1493.2</ele><time>2025-09-11T08:38:45Z</time></trkpt>
    <trkpt lat="46.604586" lon="8.316472"><ele>1493.5</ele><time>2025-09-11T08:38:47Z</time></trkpt>
    <trkpt lat="46.604571" lon="8.316466"><ele>1493.6</ele><time>2025-09-11T08:38:47Z</time></trkpt>
    <trkpt lat="46.604559" lon="8.316448"><ele>1493.7</ele><time>2025-09-11T08:38:48Z</time></trkpt>
    <trkpt lat="46.604526" lon="8.316393"><ele>1494.1</ele><time>2025-09-11T08:38:49Z</time></trkpt>
    <trkpt lat="46.604474" lon="8.316333"><ele>1494.6</ele><time>2025-09-11T08:38:52Z</time></trkpt>
    <trkpt lat="46.604437" lon="8.316322"><ele>1494.9</ele><time>2025-09-11T08:38:53Z</time></trkpt>
    <trkpt lat="46.604373" lon="8.316220"><ele>1495.6</ele><time>2025-09-11T08:38:56Z</time></trkpt>
    <trkpt lat="46.604362" lon="8.316180"><ele>1495.9</ele><time>2025-09-11T08:38:57Z</time></trkpt>
    <trkpt lat="46.604342" lon="8.316110"><ele>1496.2</ele><time>2025-09-11T08:38:59Z</time></trkpt>
    <trkpt lat="46.604325" lon="8.316007"><ele>1496.8</ele><time>2025-09-11T08:39:01Z</time></trkpt>
    <trkpt lat="46.604310" lon="8.315896"><ele>1497.4</ele><time>2025-09-11T08:39:04Z</time></trkpt>
    <trkpt lat="46.604299" lon="8.315846"><ele>1497.7</ele><time>2025-09-11T08:39:05Z</time></trkpt>
    <trkpt lat="46.604294" lon="8.315768"><ele>1498.1</ele><time>2025-09-11T08:39:07Z</time></trkpt>
    <trkpt lat="46.604279" lon="8.315674"><ele>1498.6</ele><time>2025-09-11T08:39:09Z</time></trkpt>
    <trkpt lat="46.604266" lon="8.315626"><ele>1498.9</ele><time>2025-09-11T08:39:10Z</time></trkpt>
    <trkpt lat="46.604232" lon="8.315522"><ele>1499.5</ele><time>2025-09-11T08:39:13Z</time></trkpt>
    <trkpt lat="46.604227" lon="8.315503"><ele>1499.6</ele><time>2025-09-11T08:39:13Z</time></trkpt>
    <trkpt lat="46.604210" lon="8.315418"><ele>1500.0</ele><time>2025-09-11T08:39:15Z</time></trkpt>
    <trkpt lat="46.604193" lon="8.315371"><ele>1500.3</ele><time>2025-09-11T08:39:17Z</time></trkpt>
    <trkpt lat="46.604180" lon="8.315382"><ele>1500.4</ele><time>2025-09-11T08:39:17Z</time></trkpt>
    <trkpt lat="46.604175" lon="8.315382"><ele>1500.5</ele><time>2025-09-11T08:39:17Z</time></trkpt>
    <trkpt lat="46.604177" lon="8.315374"><ele>1500.5</ele><time>2025-09-11T08:39:17Z</time></trkpt>
    <trkpt lat="46.604181" lon="8.315371"><ele>1500.6</ele><time>2025-09-11T08:39:18Z</time></trkpt>
    <trkpt lat="46.604175" lon="8.315382"><ele>1500.6</ele><time>2025-09-11T08:39:18Z</time></trkpt>
    <trkpt lat="46.604180" lon="8.315371"><ele>1500.7</ele><time>2025-09-11T08:39:18Z</time></trkpt>
    <trkpt lat="46.604179" lon="8.315367"><ele>1500.7</ele><time>2025-09-11T08:39:18Z</time></trkpt>
    <trkpt lat="46.604175" lon="8.315382"><ele>1500.8</ele><time>2025-09-11T08:39:19Z</time></trkpt>
    <trkpt lat="46.604181" lon="8.315379"><ele>1500.9</ele><time>2025-09-11T08:39:19Z</time></trkpt>
    <trkpt lat="46.604179" lon="8.315378"><ele>1500.9</ele><time>2025-09-11T08:39:19Z</time></trkpt>
    <trkpt lat="46.604175" lon="8.315382"><ele>1500.9</ele><time>2025-09-11T08:39:19Z</time></trkpt>
    <trkpt lat="46.604182" lon="8.315381"><ele>1501.0</ele><time>2025-09-11T08:39:19Z</time></trkpt>
    <trkpt lat="46.604175" lon="8.315382"><ele>1501.0</ele><time>2025-09-11T08:39:20Z</time></trkpt>
    <trkpt lat="46.604175" lon="8.315382"><ele>1501.0</ele><time>2025-09-11T08:39:20Z</time></trkpt>
    <trkpt lat="46.604187" lon="8.315381"><ele>1501.1</ele><time>2025-09-11T08:39:20Z</time></trkpt>
    <trkpt lat="46.604167" lon="8.315393"><ele>1501.3</ele><time>2025-09-11T08:39:21Z</time></trkpt>
    <trkpt lat="46.604175" lon="8.315382"><ele>1501.4</ele><time>2025-09-11T08:39:21Z</time></trkpt>
    <trkpt lat="46.604167" lon="8.315397"><ele>1501.5</ele><time>2025-09-11T08:39:21Z</time></trkpt>
    <trkpt lat="46.604169" lon="8.315392"><ele>1501.5</ele><time>2025-09-11T08:39:22Z</time></trkpt>
    <trkpt lat="46.604170" lon="8.315392"><ele>1501.5</ele><time>2025-09-11T08:39:22Z</time></trkpt>
    <trkpt lat="46.604166" lon="8.315387"><ele>1501.5</ele><time>2025-09-11T08:39:22Z</time></trkpt>
    <trkpt lat="46.604146" lon="8.315378"><ele>1501.7</ele><time>2025-09-11T08:39:23Z</time></trkpt>
    <trkpt lat="46.604145" lon="8.315381"><ele>1501.7</ele><time>2025-09-11T08:39:23Z</time></trkpt>
    <trkpt lat="46.604140" lon="8.315363"><ele>1501.8</ele><time>2025-09-11T08:39:23Z</time></trkpt>
    <trkpt lat="46.604154" lon="8.315343"><ele>1502.0</ele><time>2025-09-11T08:39:24Z</time></trkpt>
    <trkpt lat="46.604154" lon="8.315345"><ele>1502.0</ele><time>2025-09-11T08:39:24Z</time></trkpt>
    <trkpt lat="46.604160" lon="8.315357"><ele>1502.1</ele><time>2025-09-11T08:39:24Z</time></trkpt>
    <trkpt lat="46.604162" lon="8.315366"><ele>1502.1</ele><time>2025-09-11T08:39:24Z</time></trkpt>
    <trkpt lat="46.604165" lon="8.315355"><ele>1502.2</ele><time>2025-09-11T08:39:25Z</time></trkpt>
    <trkpt lat="46.604166" lon="8.315356"><ele>1502.2</ele><time>2025-09-11T08:39:25Z</time></trkpt>
    <trkpt lat="46.604160" lon="8.315329"><ele>1502.3</ele><time>2025-09-11T08:39:25Z</time></trkpt>
    <trkpt lat="46.604154" lon="8.315345"><ele>1502.4</ele><time>2025-09-11T08:39:26Z</time></trkpt>
    <trkpt lat="46.604154" lon="8.315345"><ele>1502.4</ele><time>2025-09-11T08:39:26Z</time></trkpt>
    <trkpt lat="46.604170" lon="8.315369"><ele>1502.6</ele><time>2025-09-11T08:39:26Z</time></trkpt>
    <trkpt lat="46.604177" lon="8.315379"><ele>1502.7</ele><time>2025-09-11T08:39:27Z</time></trkpt>
    <trkpt lat="46.604177" lon="8.315379"><ele>1502.7</ele><time>2025-09-11T08:39:27Z</time></trkpt>
    <trkpt lat="46.604177" lon="8.315379"><ele>1502.7</ele><time>2025-09-11T08:39:27Z</time></trkpt>
    <trkpt lat="46.604167" lon="8.315382"><ele>1502.7</ele><time>2025-09-11T08:39:27Z</time></trkpt>
    <trkpt lat="46.604138" lon="8.315407"><ele>1503.0</ele><time>2025-09-11T08:39:28Z</time></trkpt>
    <trkpt lat="46.604100" lon="8.315435"><ele>1503.4</ele><time>2025-09-11T08:39:30Z</time></trkpt>
    <trkpt lat="46.604053" lon="8.315498"><ele>1503.9</ele><time>2025-09-11T08:39:32Z</time></trkpt>
    <trkpt lat="46.604006" lon="8.315559"><ele>1504.5</ele><time>2025-09-11T08:39:34Z</time></trkpt>
    <trkpt lat="46.603988" lon="8.315595"><ele>1504.8</ele><time>2025-09-11T08:39:35Z</time></trkpt>
    <trkpt lat="46.603975" lon="8.315609"><ele>1504.9</ele><time>2025-09-11T08:39:35Z</time></trkpt>
    <trkpt lat="46.603933" lon="8.315720"><ele>1505.7</ele><time>2025-09-11T08:39:38Z</time></trkpt>
    <trkpt lat="46.603909" lon="8.315768"><ele>1506.0</ele><time>2025-09-11T08:39:40Z</time></trkpt>
    <trkpt lat="46.603871" lon="8.315835"><ele>1506.6</ele><time>2025-09-11T08:39:42Z</time></trkpt>
    <trkpt lat="46.603845" lon="8.315889"><ele>1507.0</ele><time>2025-09-11T08:39:43Z</time></trkpt>
    <trkpt lat="46.603830" lon="8.315917"><ele>1507.2</ele><time>2025-09-11T08:39:44Z</time></trkpt>
    <trkpt lat="46.603821" lon="8.315927"><ele>1507.3</ele><time>2025-09-11T08:39:44Z</time></trkpt>
    <trkpt lat="46.603791" lon="8.315960"><ele>1507.6</ele><time>2025-09-11T08:39:46Z</time></trkpt>
    <trkpt lat="46.603758" lon="8.315990"><ele>1508.0</ele><time>2025-09-11T08:39:47Z</time></trkpt>
    <trkpt lat="46.603740" lon="8.316019"><ele>1508.2</ele><time>2025-09-11T08:39:48Z</time></trkpt>
    <trkpt lat="46.603712" lon="8.316054"><ele>1508.5</ele><time>2025-09-11T08:39:49Z</time></trkpt>
    <trkpt lat="46.603647" lon="8.316114"><ele>1509.2</ele><time>2025-09-11T08:39:52Z</time></trkpt>
    <trkpt lat="46.603582" lon="8.316202"><ele>1510.0</ele><time>2025-09-11T08:39:55Z</time></trkpt>
    <trkpt lat="46.603558" lon="8.316229"><ele>1510.3</ele><time>2025-09-11T08:39:56Z</time></trkpt>
    <trkpt lat="46.603525" lon="8.316250"><ele>1510.6</ele><time>2025-09-11T08:39:57Z</time></trkpt>
    <trkpt lat="46.603480" lon="8.316309"><ele>1511.1</ele><time>2025-09-11T08:39:59Z</time></trkpt>
    <trkpt lat="46.603459" lon="8.316329"><ele>1511.4</ele><time>2025-09-11T08:40:00Z</time></trkpt>
    <trkpt lat="46.603447" lon="8.316342"><ele>1511.5</ele><time>2025-09-11T08:40:00Z</time></trkpt>
    <trkpt lat="46.603436" lon="8.316371"><ele>1511.7</ele><time>2025-09-11T08:40:01Z</time></trkpt>
    <trkpt lat="46.603386" lon="8.316428"><ele>1512.3</ele><time>2025-09-11T08:40:03Z</time></trkpt>
    <trkpt lat="46.603378" lon="8.316432"><ele>1512.3</ele><time>2025-09-11T08:40:03Z</time></trkpt>
    <trkpt lat="46.603321" lon="8.316521"><ele>1513.1</ele><time>2025-09-11T08:40:06Z</time></trkpt>
    <trkpt lat="46.603312" lon="8.316529"><ele>1513.2</ele><time>2025-09-11T08:40:06Z</time></trkpt>
    <trkpt lat="46.603272" lon="8.316566"><ele>1513.6</ele><time>2025-09-11T08:40:08Z</time></trkpt>
    <trkpt lat="46.603249" lon="8.316596"><ele>1513.9</ele><time>2025-09-11T08:40:09Z</time></trkpt>
    <trkpt lat="46.603240" lon="8.316606"><ele>1514.0</ele><time>2025-09-11T08:40:09Z</time></trkpt>
    <trkpt lat="46.603220" lon="8.316631"><ele>1514.2</ele><time>2025-09-11T08:40:10Z</time></trkpt>
    <trkpt lat="46.603197" lon="8.316668"><ele>1514.5</ele><time>2025-09-11T08:40:12Z</time></trkpt>
    <trkpt lat="46.603181" lon="8.316693"><ele>1514.7</ele><time>2025-09-11T08:40:12Z</time></trkpt>
    <trkpt lat="46.603174" lon="8.316705"><ele>1514.8</ele><time>2025-09-11T08:40:13Z</time></trkpt>
    <trkpt lat="46.603106" lon="8.316740"><ele>1515.4</ele><time>2025-09-11T08:40:15Z</time></trkpt>
    <trkpt lat="46.603085" lon="8.316781"><ele>1515.7</ele><time>2025-09-11T08:40:16Z</time></trkpt>
    <trkpt lat="46.603057" lon="8.316810"><ele>1516.1</ele><time>2025-09-11T08:40:17Z</time></trkpt>
    <trkpt lat="46.602997" lon="8.316863"><ele>1516.7</ele><time>2025-09-11T08:40:20Z</time></trkpt>
    <trkpt lat="46.602989" lon="8.316873"><ele>1516.8</ele><time>2025-09-11T08:40:20Z</time></trkpt>
    <trkpt lat="46.602985" lon="8.316879"><ele>1516.8</ele><time>2025-09-11T08:40:20Z</time></trkpt>
    <trkpt lat="46.602984" lon="8.316881"><ele>1516.8</ele><time>2025-09-11T08:40:20Z</time></trkpt>
    <trkpt lat="46.602967" lon="8.316916"><ele>1517.1</ele><time>2025-09-11T08:40:21Z</time></trkpt>
    <trkpt lat="46.602944" lon="8.316939"><ele>1517.3</ele><time>2025-09-11T08:40:22Z</time></trkpt>
    <trkpt lat="46.602929" lon="8.316953"><ele>1517.5</ele><time>2025-09-11T08:40:23Z</time></trkpt>
    <trkpt lat="46.602899" lon="8.316992"><ele>1517.9</ele><time>2025-09-11T08:40:24Z</time></trkpt>
    <trkpt lat="46.602859" lon="8.317033"><ele>1518.3</ele><time>2025-09-11T08:40:26Z</time></trkpt>
    <trkpt lat="46.602797" lon="8.317077"><ele>1518.9</ele><time>2025-09-11T08:40:28Z</time></trkpt>
    <trkpt lat="46.602770" lon="8.317102"><ele>1519.2</ele><time>2025-09-11T08:40:29Z</time></trkpt>
    <trkpt lat="46.602750" lon="8.317115"><ele>1519.4</ele><time>2025-09-11T08:40:30Z</time></trkpt>
    <trkpt lat="46.602742" lon="8.317117"><ele>1519.5</ele><time>2025-09-11T08:40:30Z</time></trkpt>
    <trkpt lat="46.602733" lon="8.317142"><ele>1519.7</ele><time>2025-09-11T08:40:31Z</time></trkpt>
    <trkpt lat="46.602715" lon="8.317175"><ele>1520.0</ele><time>2025-09-11T08:40:32Z</time></trkpt>
    <trkpt lat="46.602680" lon="8.317206"><ele>1520.4</ele><time>2025-09-11T08:40:33Z</time></trkpt>
    <trkpt lat="46.602670" lon="8.317208"><ele>1520.5</ele><time>2025-09-11T08:40:33Z</time></trkpt>
    <trkpt lat="46.602630" lon="8.317246"><ele>1521.0</ele><time>2025-09-11T08:40:35Z</time></trkpt>
    <trkpt lat="46.602591" lon="8.317294"><ele>1521.5</ele><time>2025-09-11T08:40:37Z</time></trkpt>
    <trkpt lat="46.602542" lon="8.317331"><ele>1522.0</ele><time>2025-09-11T08:40:39Z</time></trkpt>
    <trkpt lat="46.602516" lon="8.317350"><ele>1522.3</ele><time>2025-09-11T08:40:40Z</time></trkpt>
    <trkpt lat="46.602459" lon="8.317387"><ele>1522.9</ele><time>2025-09-11T08:40:42Z</time></trkpt>
    <trkpt lat="46.602444" lon="8.317386"><ele>1523.0</ele><time>2025-09-11T08:40:42Z</time></trkpt>
    <trkpt lat="46.602380" lon="8.317437"><ele>1523.8</ele><time>2025-09-11T08:40:45Z</time></trkpt>
    <trkpt lat="46.602370" lon="8.317444"><ele>1523.9</ele><time>2025-09-11T08:40:45Z</time></trkpt>
    <trkpt lat="46.602361" lon="8.317454"><ele>1524.0</ele><time>2025-09-11T08:40:45Z</time></trkpt>
    <trkpt lat="46.602295" lon="8.317502"><ele>1524.7</ele><time>2025-09-11T08:40:48Z</time></trkpt>
    <trkpt lat="46.602271" lon="8.317516"><ele>1525.0</ele><time>2025-09-11T08:40:49Z</time></trkpt>
    <trkpt lat="46.602217" lon="8.317539"><ele>1525.5</ele><time>2025-09-11T08:40:51Z</time></trkpt>
    <trkpt lat="46.602183" lon="8.317566"><ele>1525.9</ele><time>2025-09-11T08:40:52Z</time></trkpt>
    <trkpt lat="46.602173" lon="8.317574"><ele>1526.0</ele><time>2025-09-11T08:40:52Z</time></trkpt>
    <trkpt lat="46.602103" lon="8.317642"><ele>1526.8</ele><time>2025-09-11T08:40:55Z</time></trkpt>
    <trkpt lat="46.602094" lon="8.317648"><ele>1526.9</ele><time>2025-09-11T08:40:55Z</time></trkpt>
    <trkpt lat="46.602043" lon="8.317693"><ele>1527.5</ele><time>2025-09-11T08:40:57Z</time></trkpt>
    <trkpt lat="46.602005" lon="8.317727"><ele>1528.0</ele><time>2025-09-11T08:40:59Z</time></trkpt>
    <trkpt lat="46.601981" lon="8.317739"><ele>1528.2</ele><time>2025-09-11T08:41:00Z</time></trkpt>
    <trkpt lat="46.601973" lon="8.317752"><ele>1528.3</ele><time>2025-09-11T08:41:00Z</time></trkpt>
    <trkpt lat="46.601912" lon="8.317792"><ele>1529.0</ele><time>2025-09-11T08:41:02Z</time></trkpt>
    <trkpt lat="46.601886" lon="8.317822"><ele>1529.3</ele><time>2025-09-11T08:41:03Z</time></trkpt>
    <trkpt lat="46.601847" lon="8.317840"><ele>1529.7</ele><time>2025-09-11T08:41:05Z</time></trkpt>
    <trkpt lat="46.601801" lon="8.317858"><ele>1530.2</ele><time>2025-09-11T08:41:06Z</time></trkpt>
    <trkpt lat="46.601772" lon="8.317877"><ele>1530.5</ele><time>2025-09-11T08:41:07Z</time></trkpt>
    <trkpt lat="46.601762" lon="8.317884"><ele>1530.6</ele><time>2025-09-11T08:41:08Z</time></trkpt>
    <trkpt lat="46.601708" lon="8.317895"><ele>1531.2</ele><time>2025-09-11T08:41:10Z</time></trkpt>
    <trkpt lat="46.601685" lon="8.317895"><ele>1531.4</ele><time>2025-09-11T08:41:10Z</time></trkpt>
    <trkpt lat="46.601667" lon="8.317903"><ele>1531.6</ele><time>2025-09-11T08:41:11Z</time></trkpt>
    <trkpt lat="46.601657" lon="8.317909"><ele>1531.7</ele><time>2025-09-11T08:41:11Z</time></trkpt>
    <trkpt lat="46.601579" lon="8.317947"><ele>1532.5</ele><time>2025-09-11T08:41:14Z</time></trkpt>
    <trkpt lat="46.601525" lon="8.317963"><ele>1533.0</ele><time>2025-09-11T08:41:16Z</time></trkpt>
    <trkpt lat="46.601477" lon="8.317988"><ele>1533.5</ele><time>2025-09-11T08:41:18Z</time></trkpt>
    <trkpt lat="46.601464" lon="8.317987"><ele>1533.7</ele><time>2025-09-11T08:41:18Z</time></trkpt>
    <trkpt lat="46.601398" lon="8.318024"><ele>1534.4</ele><time>2025-09-11T08:41:20Z</time></trkpt>
    <trkpt lat="46.601387" lon="8.318031"><ele>1534.5</ele><time>2025-09-11T08:41:21Z</time></trkpt>
    <trkpt lat="46.601322" lon="8.318073"><ele>1535.2</ele><time>2025-09-11T08:41:23Z</time></trkpt>
    <trkpt lat="46.601308" lon="8.318084"><ele>1535.3</ele><time>2025-09-11T08:41:24Z</time></trkpt>
    <trkpt lat="46.601249" lon="8.318136"><ele>1536.0</ele><time>2025-09-11T08:41:26Z</time></trkpt>
    <trkpt lat="46.601213" lon="8.318160"><ele>1536.4</ele><time>2025-09-11T08:41:27Z</time></trkpt>
    <trkpt lat="46.601146" lon="8.318254"><ele>1537.3</ele><time>2025-09-11T08:41:30Z</time></trkpt>
    <trkpt lat="46.601119" lon="8.318289"><ele>1537.7</ele><time>2025-09-11T08:41:32Z</time></trkpt>
    <trkpt lat="46.601100" lon="8.318304"><ele>1537.9</ele><time>2025-09-11T08:41:32Z</time></trkpt>
    <trkpt lat="46.601076" lon="8.318354"><ele>1538.3</ele><time>2025-09-11T08:41:34Z</time></trkpt>
    <trkpt lat="46.601057" lon="8.318404"><ele>1538.6</ele><time>2025-09-11T08:41:35Z</time></trkpt>
    <trkpt lat="46.601052" lon="8.318420"><ele>1538.8</ele><time>2025-09-11T08:41:36Z</time></trkpt>
    <trkpt lat="46.601051" lon="8.318489"><ele>1539.2</ele><time>2025-09-11T08:41:37Z</time></trkpt>
    <trkpt lat="46.601046" lon="8.318495"><ele>1539.3</ele><time>2025-09-11T08:41:37Z</time></trkpt>
    <trkpt lat="46.601023" lon="8.318506"><ele>1539.5</ele><time>2025-09-11T08:41:38Z</time></trkpt>
    <trkpt lat="46.600988" lon="8.318525"><ele>1539.9</ele><time>2025-09-11T08:41:39Z</time></trkpt>
    <trkpt lat="46.600997" lon="8.318555"><ele>1540.1</ele><time>2025-09-11T08:41:40Z</time></trkpt>
    <trkpt lat="46.600998" lon="8.318577"><ele>1540.2</ele><time>2025-09-11T08:41:41Z</time></trkpt>
    <trkpt lat="46.600995" lon="8.318581"><ele>1540.3</ele><time>2025-09-11T08:41:41Z</time></trkpt>
    <trkpt lat="46.600980" lon="8.318606"><ele>1540.5</ele><time>2025-09-11T08:41:42Z</time></trkpt>
    <trkpt lat="46.600961" lon="8.318632"><ele>1540.8</ele><time>2025-09-11T08:41:42Z</time></trkpt>
    <trkpt lat="46.600952" lon="8.318646"><ele>1540.9</ele><time>2025-09-11T08:41:43Z</time></trkpt>
    <trkpt lat="46.600950" lon="8.318667"><ele>1541.0</ele><time>2025-09-11T08:41:43Z</time></trkpt>
    <trkpt lat="46.600912" lon="8.318720"><ele>1541.5</ele><time>2025-09-11T08:41:45Z</time></trkpt>
    <trkpt lat="46.600893" lon="8.318758"><ele>1541.8</ele><time>2025-09-11T08:41:46Z</time></trkpt>
    <trkpt lat="46.600861" lon="8.318814"><ele>1542.3</ele><time>2025-09-11T08:41:48Z</time></trkpt>
    <trkpt lat="46.600811" lon="8.318886"><ele>1543.0</ele><time>2025-09-11T08:41:50Z</time></trkpt>
    <trkpt lat="46.600803" lon="8.318897"><ele>1543.1</ele><time>2025-09-11T08:41:51Z</time></trkpt>
    <trkpt lat="46.600742" lon="8.318980"><ele>1543.9</ele><time>2025-09-11T08:41:53Z</time></trkpt>
    <trkpt lat="46.600714" lon="8.319009"><ele>1544.2</ele><time>2025-09-11T08:41:54Z</time></trkpt>
    <trkpt lat="46.600673" lon="8.319071"><ele>1544.8</ele><time>2025-09-11T08:41:56Z</time></trkpt>
    <trkpt lat="46.600664" lon="8.319083"><ele>1544.9</ele><time>2025-09-11T08:41:57Z</time></trkpt>
    <trkpt lat="46.600632" lon="8.319155"><ele>1545.5</ele><time>2025-09-11T08:41:59Z</time></trkpt>
    <trkpt lat="46.600624" lon="8.319182"><ele>1545.7</ele><time>2025-09-11T08:42:00Z</time></trkpt>
    <trkpt lat="46.600589" lon="8.319248"><ele>1546.3</ele><time>2025-09-11T08:42:01Z</time></trkpt>
    <trkpt lat="46.600575" lon="8.319279"><ele>1546.5</ele><time>2025-09-11T08:42:02Z</time></trkpt>
    <trkpt lat="46.600567" lon="8.319312"><ele>1546.7</ele><time>2025-09-11T08:42:03Z</time></trkpt>
    <trkpt lat="46.600555" lon="8.319362"><ele>1547.1</ele><time>2025-09-11T08:42:04Z</time></trkpt>
    <trkpt lat="46.600535" lon="8.319447"><ele>1547.7</ele><time>2025-09-11T08:42:06Z</time></trkpt>
    <trkpt lat="46.600528" lon="8.319484"><ele>1547.9</ele><time>2025-09-11T08:42:07Z</time></trkpt>
    <trkpt lat="46.600535" lon="8.319550"><ele>1548.4</ele><time>2025-09-11T08:42:09Z</time></trkpt>
    <trkpt lat="46.600533" lon="8.319571"><ele>1548.5</ele><time>2025-09-11T08:42:09Z</time></trkpt>
    <trkpt lat="46.600513" lon="8.319658"><ele>1549.1</ele><time>2025-09-11T08:42:11Z</time></trkpt>
    <trkpt lat="46.600513" lon="8.319676"><ele>1549.3</ele><time>2025-09-11T08:42:12Z</time></trkpt>
    <trkpt lat="46.600495" lon="8.319771"><ele>1549.9</ele><time>2025-09-11T08:42:14Z</time></trkpt>
    <trkpt lat="46.600478" lon="8.319882"><ele>1550.7</ele><time>2025-09-11T08:42:17Z</time></trkpt>
    <trkpt lat="46.600458" lon="8.319896"><ele>1550.9</ele><time>2025-09-11T08:42:17Z</time></trkpt>
    <trkpt lat="46.600449" lon="8.319896"><ele>1551.0</ele><time>2025-09-11T08:42:18Z</time></trkpt>
    <trkpt lat="46.600448" lon="8.319897"><ele>1551.0</ele><time>2025-09-11T08:42:18Z</time></trkpt>
    <trkpt lat="46.600443" lon="8.319898"><ele>1551.0</ele><time>2025-09-11T08:42:18Z</time></trkpt>
    <trkpt lat="46.600420" lon="8.319948"><ele>1551.4</ele><time>2025-09-11T08:42:19Z</time></trkpt>
    <trkpt lat="46.600436" lon="8.320003"><ele>1551.8</ele><time>2025-09-11T08:42:21Z</time></trkpt>
    <trkpt lat="46.600434" lon="8.320019"><ele>1551.9</ele><time>2025-09-11T08:42:21Z</time></trkpt>
    <trkpt lat="46.600421" lon="8.320039"><ele>1552.1</ele><time>2025-09-11T08:42:22Z</time></trkpt>
    <trkpt lat="46.600358" lon="8.320134"><ele>1553.0</ele><time>2025-09-11T08:42:25Z</time></trkpt>
    <trkpt lat="46.600315" lon="8.320172"><ele>1553.5</ele><time>2025-09-11T08:42:26Z</time></trkpt>
    <trkpt lat="46.600305" lon="8.320188"><ele>1553.6</ele><time>2025-09-11T08:42:27Z</time></trkpt>
    <trkpt lat="46.600276" lon="8.320233"><ele>1554.0</ele><time>2025-09-11T08:42:28Z</time></trkpt>
    <trkpt lat="46.600254" lon="8.320284"><ele>1554.4</ele><time>2025-09-11T08:42:30Z</time></trkpt>
    <trkpt lat="46.600250" lon="8.320297"><ele>1554.5</ele><time>2025-09-11T08:42:30Z</time></trkpt>
    <trkpt lat="46.600203" lon="8.320383"><ele>1555.2</ele><time>2025-09-11T08:42:32Z</time></trkpt>
    <trkpt lat="46.600180" lon="8.320413"><ele>1555.5</ele><time>2025-09-11T08:42:33Z</time></trkpt>
    <trkpt lat="46.600143" lon="8.320451"><ele>1555.9</ele><time>2025-09-11T08:42:35Z</time></trkpt>
    <trkpt lat="46.600116" lon="8.320458"><ele>1556.2</ele><time>2025-09-11T08:42:36Z</time></trkpt>
    <trkpt lat="46.600094" lon="8.320470"><ele>1556.4</ele><time>2025-09-11T08:42:37Z</time></trkpt>
    <trkpt lat="46.600012" lon="8.320511"><ele>1557.2</ele><time>2025-09-11T08:42:40Z</time></trkpt>
    <trkpt lat="46.599981" lon="8.320526"><ele>1557.5</ele><time>2025-09-11T08:42:41Z</time></trkpt>
    <trkpt lat="46.599958" lon="8.320537"><ele>1557.8</ele><time>2025-09-11T08:42:41Z</time></trkpt>
    <trkpt lat="46.599958" lon="8.320535"><ele>1557.8</ele><time>2025-09-11T08:42:42Z</time></trkpt>
    <trkpt lat="46.599958" lon="8.320535"><ele>1557.8</ele><time>2025-09-11T08:42:42Z</time></trkpt>
    <trkpt lat="46.599958" lon="8.320535"><ele>1557.8</ele><time>2025-09-11T08:42:42Z</time></trkpt>
    <trkpt lat="46.599958" lon="8.320535"><ele>1557.8</ele><time>2025-09-11T08:42:42Z</time></trkpt>
    <trkpt lat="46.599958" lon="8.320535"><ele>1557.8</ele><time>2025-09-11T08:42:42Z</time></trkpt>
    <trkpt lat="46.599958" lon="8.320535"><ele>1557.8</ele><time>2025-09-11T08:42:42Z</time></trkpt>
    <trkpt lat="46.599958" lon="8.320535"><ele>1557.8</ele><time>2025-09-11T08:42:42Z</time></trkpt>
    <trkpt lat="46.599958" lon="8.320535"><ele>1557.8</ele><time>2025-09-11T08:42:42Z</time></trkpt>
    <trkpt lat="46.599533" lon="8.320841"><ele>1562.2</ele><time>2025-09-11T08:42:57Z</time></trkpt>
    <trkpt lat="46.599531" lon="8.320860"><ele>1562.3</ele><time>2025-09-11T08:42:58Z</time></trkpt>
    <trkpt lat="46.599517" lon="8.320920"><ele>1562.8</ele><time>2025-09-11T08:42:59Z</time></trkpt>
    <trkpt lat="46.599481" lon="8.320955"><ele>1563.2</ele><time>2025-09-11T08:43:01Z</time></trkpt>
    <trkpt lat="46.599423" lon="8.321061"><ele>1564.0</ele><time>2025-09-11T08:43:04Z</time></trkpt>
    <trkpt lat="46.599396" lon="8.321128"><ele>1564.5</ele><time>2025-09-11T08:43:06Z</time></trkpt>
    <trkpt lat="46.599390" lon="8.321145"><ele>1564.7</ele><time>2025-09-11T08:43:06Z</time></trkpt>
    <trkpt lat="46.599366" lon="8.321177"><ele>1565.0</ele><time>2025-09-11T08:43:07Z</time></trkpt>
    <trkpt lat="46.599338" lon="8.321203"><ele>1565.3</ele><time>2025-09-11T08:43:08Z</time></trkpt>
    <trkpt lat="46.599328" lon="8.321220"><ele>1565.4</ele><time>2025-09-11T08:43:09Z</time></trkpt>
    <trkpt lat="46.599311" lon="8.321255"><ele>1565.7</ele><time>2025-09-11T08:43:10Z</time></trkpt>
    <trkpt lat="46.599298" lon="8.321270"><ele>1565.8</ele><time>2025-09-11T08:43:10Z</time></trkpt>
    <trkpt lat="46.599281" lon="8.321286"><ele>1566.0</ele><time>2025-09-11T08:43:11Z</time></trkpt>
    <trkpt lat="46.599250" lon="8.321321"><ele>1566.4</ele><time>2025-09-11T08:43:12Z</time></trkpt>
    <trkpt lat="46.599196" lon="8.321367"><ele>1567.0</ele><time>2025-09-11T08:43:14Z</time></trkpt>
    <trkpt lat="46.599172" lon="8.321392"><ele>1567.3</ele><time>2025-09-11T08:43:15Z</time></trkpt>
    <trkpt lat="46.599160" lon="8.321399"><ele>1567.4</ele><time>2025-09-11T08:43:16Z</time></trkpt>
    <trkpt lat="46.599146" lon="8.321405"><ele>1567.5</ele><time>2025-09-11T08:43:16Z</time></trkpt>
    <trkpt lat="46.599085" lon="8.321451"><ele>1568.2</ele><time>2025-09-11T08:43:19Z</time></trkpt>
    <trkpt lat="46.599073" lon="8.321457"><ele>1568.3</ele><time>2025-09-11T08:43:19Z</time></trkpt>
    <trkpt lat="46.599070" lon="8.321478"><ele>1568.4</ele><time>2025-09-11T08:43:19Z</time></trkpt>
    <trkpt lat="46.599031" lon="8.321514"><ele>1568.9</ele><time>2025-09-11T08:43:21Z</time></trkpt>
    <trkpt lat="46.598989" lon="8.321553"><ele>1569.3</ele><time>2025-09-11T08:43:23Z</time></trkpt>
    <trkpt lat="46.598935" lon="8.321596"><ele>1569.9</ele><time>2025-09-11T08:43:25Z</time></trkpt>
    <trkpt lat="46.598886" lon="8.321650"><ele>1570.5</ele><time>2025-09-11T08:43:27Z</time></trkpt>
    <trkpt lat="46.598859" lon="8.321706"><ele>1570.9</ele><time>2025-09-11T08:43:28Z</time></trkpt>
    <trkpt lat="46.598817" lon="8.321759"><ele>1571.4</ele><time>2025-09-11T08:43:30Z</time></trkpt>
    <trkpt lat="46.598769" lon="8.321852"><ele>1572.2</ele><time>2025-09-11T08:43:33Z</time></trkpt>
    <trkpt lat="46.598752" lon="8.321900"><ele>1572.5</ele><time>2025-09-11T08:43:34Z</time></trkpt>
    <trkpt lat="46.598745" lon="8.321936"><ele>1572.7</ele><time>2025-09-11T08:43:35Z</time></trkpt>
    <trkpt lat="46.598725" lon="8.322057"><ele>1573.5</ele><time>2025-09-11T08:43:38Z</time></trkpt>
    <trkpt lat="46.598722" lon="8.322155"><ele>1574.1</ele><time>2025-09-11T08:43:40Z</time></trkpt>
    <trkpt lat="46.598709" lon="8.322240"><ele>1574.6</ele><time>2025-09-11T08:43:42Z</time></trkpt>
    <trkpt lat="46.598704" lon="8.322363"><ele>1575.4</ele><time>2025-09-11T08:43:45Z</time></trkpt>
    <trkpt lat="46.598700" lon="8.322379"><ele>1575.5</ele><time>2025-09-11T08:43:45Z</time></trkpt>
    <trkpt lat="46.598698" lon="8.322395"><ele>1575.6</ele><time>2025-09-11T08:43:46Z</time></trkpt>
    <trkpt lat="46.598688" lon="8.322439"><ele>1575.9</ele><time>2025-09-11T08:43:47Z</time></trkpt>
    <trkpt lat="46.598687" lon="8.322458"><ele>1576.0</ele><time>2025-09-11T08:43:47Z</time></trkpt>
    <trkpt lat="46.598681" lon="8.322515"><ele>1576.4</ele><time>2025-09-11T08:43:48Z</time></trkpt>
    <trkpt lat="46.598680" lon="8.322628"><ele>1577.1</ele><time>2025-09-11T08:43:51Z</time></trkpt>
    <trkpt lat="46.598679" lon="8.322644"><ele>1577.2</ele><time>2025-09-11T08:43:51Z</time></trkpt>
    <trkpt lat="46.598674" lon="8.322693"><ele>1577.5</ele><time>2025-09-11T08:43:53Z</time></trkpt>
    <trkpt lat="46.598677" lon="8.322739"><ele>1577.8</ele><time>2025-09-11T08:43:54Z</time></trkpt>
    <trkpt lat="46.598677" lon="8.322758"><ele>1577.9</ele><time>2025-09-11T08:43:54Z</time></trkpt>
    <trkpt lat="46.598663" lon="8.322844"><ele>1578.4</ele><time>2025-09-11T08:43:56Z</time></trkpt>
    <trkpt lat="46.598666" lon="8.322927"><ele>1579.0</ele><time>2025-09-11T08:43:58Z</time></trkpt>
    <trkpt lat="46.598665" lon="8.322941"><ele>1579.0</ele><time>2025-09-11T08:43:58Z</time></trkpt>
    <trkpt lat="46.598669" lon="8.322997"><ele>1579.4</ele><time>2025-09-11T08:44:00Z</time></trkpt>
    <trkpt lat="46.598691" lon="8.323029"><ele>1579.7</ele><time>2025-09-11T08:44:01Z</time></trkpt>
    <trkpt lat="46.598688" lon="8.323040"><ele>1579.7</ele><time>2025-09-11T08:44:01Z</time></trkpt>
    <trkpt lat="46.598694" lon="8.323072"><ele>1580.0</ele><time>2025-09-11T08:44:02Z</time></trkpt>
    <trkpt lat="46.598695" lon="8.323113"><ele>1580.2</ele><time>2025-09-11T08:44:03Z</time></trkpt>
    <trkpt lat="46.598692" lon="8.323129"><ele>1580.3</ele><time>2025-09-11T08:44:03Z</time></trkpt>
    <trkpt lat="46.598670" lon="8.323252"><ele>1581.1</ele><time>2025-09-11T08:44:06Z</time></trkpt>
    <trkpt lat="46.598666" lon="8.323271"><ele>1581.2</ele><time>2025-09-11T08:44:06Z</time></trkpt>
    <trkpt lat="46.598643" lon="8.323391"><ele>1582.0</ele><time>2025-09-11T08:44:09Z</time></trkpt>
    <trkpt lat="46.598638" lon="8.323427"><ele>1582.2</ele><time>2025-09-11T08:44:10Z</time></trkpt>
    <trkpt lat="46.598621" lon="8.323534"><ele>1582.9</ele><time>2025-09-11T08:44:13Z</time></trkpt>
    <trkpt lat="46.598611" lon="8.323570"><ele>1583.1</ele><time>2025-09-11T08:44:13Z</time></trkpt>
    <trkpt lat="46.598602" lon="8.323683"><ele>1583.9</ele><time>2025-09-11T08:44:16Z</time></trkpt>
    <trkpt lat="46.598592" lon="8.323762"><ele>1584.4</ele><time>2025-09-11T08:44:18Z</time></trkpt>
    <trkpt lat="46.598584" lon="8.323803"><ele>1584.6</ele><time>2025-09-11T08:44:19Z</time></trkpt>
    <trkpt lat="46.598571" lon="8.323902"><ele>1585.2</ele><time>2025-09-11T08:44:21Z</time></trkpt>
    <trkpt lat="46.598564" lon="8.323984"><ele>1585.8</ele><time>2025-09-11T08:44:23Z</time></trkpt>
    <trkpt lat="46.598551" lon="8.324063"><ele>1586.3</ele><time>2025-09-11T08:44:25Z</time></trkpt>
    <trkpt lat="46.598532" lon="8.324182"><ele>1587.0</ele><time>2025-09-11T08:44:28Z</time></trkpt>
    <trkpt lat="46.598511" lon="8.324247"><ele>1587.5</ele><time>2025-09-11T08:44:29Z</time></trkpt>
    <trkpt lat="46.598501" lon="8.324283"><ele>1587.7</ele><time>2025-09-11T08:44:30Z</time></trkpt>
    <trkpt lat="46.598479" lon="8.324341"><ele>1588.2</ele><time>2025-09-11T08:44:32Z</time></trkpt>
    <trkpt lat="46.598437" lon="8.324422"><ele>1588.8</ele><time>2025-09-11T08:44:34Z</time></trkpt>
    <trkpt lat="46.598382" lon="8.324512"><ele>1589.6</ele><time>2025-09-11T08:44:37Z</time></trkpt>
    <trkpt lat="46.598351" lon="8.324551"><ele>1590.0</ele><time>2025-09-11T08:44:38Z</time></trkpt>
    <trkpt lat="46.598302" lon="8.324598"><ele>1590.6</ele><time>2025-09-11T08:44:40Z</time></trkpt>
    <trkpt lat="46.598277" lon="8.324621"><ele>1590.9</ele><time>2025-09-11T08:44:41Z</time></trkpt>
    <trkpt lat="46.598221" lon="8.324676"><ele>1591.5</ele><time>2025-09-11T08:44:43Z</time></trkpt>
    <trkpt lat="46.598183" lon="8.324706"><ele>1591.9</ele><time>2025-09-11T08:44:45Z</time></trkpt>
    <trkpt lat="46.598085" lon="8.324743"><ele>1592.9</ele><time>2025-09-11T08:44:48Z</time></trkpt>
    <trkpt lat="46.597987" lon="8.324776"><ele>1593.9</ele><time>2025-09-11T08:44:52Z</time></trkpt>
    <trkpt lat="46.597914" lon="8.324853"><ele>1594.7</ele><time>2025-09-11T08:44:55Z</time></trkpt>
    <trkpt lat="46.597892" lon="8.324882"><ele>1595.0</ele><time>2025-09-11T08:44:56Z</time></trkpt>
    <trkpt lat="46.597859" lon="8.324898"><ele>1595.3</ele><time>2025-09-11T08:44:57Z</time></trkpt>
    <trkpt lat="46.597780" lon="8.324938"><ele>1596.1</ele><time>2025-09-11T08:45:00Z</time></trkpt>
    <trkpt lat="46.597717" lon="8.324994"><ele>1596.8</ele><time>2025-09-11T08:45:02Z</time></trkpt>
    <trkpt lat="46.597670" lon="8.325060"><ele>1597.5</ele><time>2025-09-11T08:45:04Z</time></trkpt>
    <trkpt lat="46.597610" lon="8.325110"><ele>1598.1</ele><time>2025-09-11T08:45:06Z</time></trkpt>
    <trkpt lat="46.597593" lon="8.325134"><ele>1598.4</ele><time>2025-09-11T08:45:07Z</time></trkpt>
    <trkpt lat="46.597537" lon="8.325164"><ele>1598.9</ele><time>2025-09-11T08:45:09Z</time></trkpt>
    <trkpt lat="46.597527" lon="8.325183"><ele>1599.1</ele><time>2025-09-11T08:45:10Z</time></trkpt>
    <trkpt lat="46.597519" lon="8.325196"><ele>1599.2</ele><time>2025-09-11T08:45:10Z</time></trkpt>
    <trkpt lat="46.597492" lon="8.325236"><ele>1599.6</ele><time>2025-09-11T08:45:12Z</time></trkpt>
    <trkpt lat="46.597480" lon="8.325242"><ele>1599.7</ele><time>2025-09-11T08:45:12Z</time></trkpt>
    <trkpt lat="46.597452" lon="8.325294"><ele>1600.1</ele><time>2025-09-11T08:45:13Z</time></trkpt>
    <trkpt lat="46.597419" lon="8.325349"><ele>1600.6</ele><time>2025-09-11T08:45:15Z</time></trkpt>
    <trkpt lat="46.597409" lon="8.325360"><ele>1600.7</ele><time>2025-09-11T08:45:16Z</time></trkpt>
    <trkpt lat="46.597382" lon="8.325397"><ele>1601.1</ele><time>2025-09-11T08:45:17Z</time></trkpt>
    <trkpt lat="46.597361" lon="8.325418"><ele>1601.3</ele><time>2025-09-11T08:45:18Z</time></trkpt>
    <trkpt lat="46.597338" lon="8.325445"><ele>1601.6</ele><time>2025-09-11T08:45:19Z</time></trkpt>
    <trkpt lat="46.597287" lon="8.325478"><ele>1602.1</ele><time>2025-09-11T08:45:20Z</time></trkpt>
    <trkpt lat="46.597275" lon="8.325487"><ele>1602.3</ele><time>2025-09-11T08:45:21Z</time></trkpt>
    <trkpt lat="46.597231" lon="8.325513"><ele>1602.7</ele><time>2025-09-11T08:45:23Z</time></trkpt>
    <trkpt lat="46.597181" lon="8.325545"><ele>1603.2</ele><time>2025-09-11T08:45:24Z</time></trkpt>
    <trkpt lat="46.597145" lon="8.325559"><ele>1603.6</ele><time>2025-09-11T08:45:26Z</time></trkpt>
    <trkpt lat="46.597082" lon="8.325571"><ele>1604.2</ele><time>2025-09-11T08:45:28Z</time></trkpt>
    <trkpt lat="46.597042" lon="8.325574"><ele>1604.6</ele><time>2025-09-11T08:45:29Z</time></trkpt>
    <trkpt lat="46.597031" lon="8.325574"><ele>1604.7</ele><time>2025-09-11T08:45:29Z</time></trkpt>
    <trkpt lat="46.597017" lon="8.325576"><ele>1604.9</ele><time>2025-09-11T08:45:30Z</time></trkpt>
    <trkpt lat="46.596971" lon="8.325582"><ele>1605.3</ele><time>2025-09-11T08:45:31Z</time></trkpt>
    <trkpt lat="46.596941" lon="8.325574"><ele>1605.7</ele><time>2025-09-11T08:45:32Z</time></trkpt>
    <trkpt lat="46.596893" lon="8.325562"><ele>1606.2</ele><time>2025-09-11T08:45:34Z</time></trkpt>
    <trkpt lat="46.596859" lon="8.325564"><ele>1606.5</ele><time>2025-09-11T08:45:35Z</time></trkpt>
    <trkpt lat="46.596848" lon="8.325556"><ele>1606.6</ele><time>2025-09-11T08:45:36Z</time></trkpt>
    <trkpt lat="46.596812" lon="8.325531"><ele>1607.1</ele><time>2025-09-11T08:45:37Z</time></trkpt>
    <trkpt lat="46.596763" lon="8.325517"><ele>1607.6</ele><time>2025-09-11T08:45:39Z</time></trkpt>
    <trkpt lat="46.596745" lon="8.325500"><ele>1607.8</ele><time>2025-09-11T08:45:39Z</time></trkpt>
    <trkpt lat="46.596730" lon="8.325485"><ele>1608.0</ele><time>2025-09-11T08:45:40Z</time></trkpt>
    <trkpt lat="46.596701" lon="8.325475"><ele>1608.3</ele><time>2025-09-11T08:45:41Z</time></trkpt>
    <trkpt lat="46.596663" lon="8.325423"><ele>1608.8</ele><time>2025-09-11T08:45:43Z</time></trkpt>
    <trkpt lat="46.596616" lon="8.325357"><ele>1609.5</ele><time>2025-09-11T08:45:45Z</time></trkpt>
    <trkpt lat="46.596606" lon="8.325342"><ele>1609.7</ele><time>2025-09-11T08:45:45Z</time></trkpt>
    <trkpt lat="46.596573" lon="8.325246"><ele>1610.4</ele><time>2025-09-11T08:45:48Z</time></trkpt>
    <trkpt lat="46.596566" lon="8.325215"><ele>1610.6</ele><time>2025-09-11T08:45:49Z</time></trkpt>
    <trkpt lat="46.596539" lon="8.325137"><ele>1611.3</ele><time>2025-09-11T08:45:51Z</time></trkpt>
    <trkpt lat="46.596515" lon="8.325075"><ele>1611.8</ele><time>2025-09-11T08:45:52Z</time></trkpt>
    <trkpt lat="46.596508" lon="8.325039"><ele>1612.0</ele><time>2025-09-11T08:45:53Z</time></trkpt>
    <trkpt lat="46.596492" lon="8.324965"><ele>1612.6</ele><time>2025-09-11T08:45:55Z</time></trkpt>
    <trkpt lat="46.596487" lon="8.324931"><ele>1612.8</ele><time>2025-09-11T08:45:56Z</time></trkpt>
    <trkpt lat="46.596465" lon="8.324811"><ele>1613.7</ele><time>2025-09-11T08:45:58Z</time></trkpt>
    <trkpt lat="46.596459" lon="8.324766"><ele>1614.0</ele><time>2025-09-11T08:45:59Z</time></trkpt>
    <trkpt lat="46.596438" lon="8.324663"><ele>1614.8</ele><time>2025-09-11T08:46:02Z</time></trkpt>
    <trkpt lat="46.596439" lon="8.324639"><ele>1615.0</ele><time>2025-09-11T08:46:02Z</time></trkpt>
    <trkpt lat="46.596429" lon="8.324557"><ele>1615.6</ele><time>2025-09-11T08:46:04Z</time></trkpt>
    <trkpt lat="46.596424" lon="8.324515"><ele>1615.9</ele><time>2025-09-11T08:46:05Z</time></trkpt>
    <trkpt lat="46.596417" lon="8.324467"><ele>1616.2</ele><time>2025-09-11T08:46:06Z</time></trkpt>
    <trkpt lat="46.596393" lon="8.324366"><ele>1617.0</ele><time>2025-09-11T08:46:09Z</time></trkpt>
    <trkpt lat="46.596389" lon="8.324339"><ele>1617.2</ele><time>2025-09-11T08:46:10Z</time></trkpt>
    <trkpt lat="46.596370" lon="8.324236"><ele>1617.9</ele><time>2025-09-11T08:46:12Z</time></trkpt>
    <trkpt lat="46.596366" lon="8.324222"><ele>1618.0</ele><time>2025-09-11T08:46:12Z</time></trkpt>
    <trkpt lat="46.596352" lon="8.324119"><ele>1618.8</ele><time>2025-09-11T08:46:15Z</time></trkpt>
    <trkpt lat="46.596342" lon="8.324072"><ele>1619.1</ele><time>2025-09-11T08:46:16Z</time></trkpt>
    <trkpt lat="46.596318" lon="8.323968"><ele>1619.9</ele><time>2025-09-11T08:46:18Z</time></trkpt>
    <trkpt lat="46.596313" lon="8.323952"><ele>1620.0</ele><time>2025-09-11T08:46:19Z</time></trkpt>
    <trkpt lat="46.596282" lon="8.323864"><ele>1620.7</ele><time>2025-09-11T08:46:21Z</time></trkpt>
    <trkpt lat="46.596258" lon="8.323792"><ele>1621.3</ele><time>2025-09-11T08:46:23Z</time></trkpt>
    <trkpt lat="46.596246" lon="8.323763"><ele>1621.6</ele><time>2025-09-11T08:46:24Z</time></trkpt>
    <trkpt lat="46.596204" lon="8.323648"><ele>1622.5</ele><time>2025-09-11T08:46:27Z</time></trkpt>
    <trkpt lat="46.596197" lon="8.323631"><ele>1622.6</ele><time>2025-09-11T08:46:27Z</time></trkpt>
    <trkpt lat="46.596160" lon="8.323544"><ele>1623.3</ele><time>2025-09-11T08:46:29Z</time></trkpt>
    <trkpt lat="46.596117" lon="8.323453"><ele>1624.0</ele><time>2025-09-11T08:46:32Z</time></trkpt>
    <trkpt lat="46.596111" lon="8.323439"><ele>1624.1</ele><time>2025-09-11T08:46:32Z</time></trkpt>
    <trkpt lat="46.596066" lon="8.323364"><ele>1624.7</ele><time>2025-09-11T08:46:35Z</time></trkpt>
    <trkpt lat="46.596020" lon="8.323288"><ele>1625.4</ele><time>2025-09-11T08:46:37Z</time></trkpt>
    <trkpt lat="46.596004" lon="8.323263"><ele>1625.6</ele><time>2025-09-11T08:46:38Z</time></trkpt>
    <trkpt lat="46.595976" lon="8.323215"><ele>1626.0</ele><time>2025-09-11T08:46:39Z</time></trkpt>
    <trkpt lat="46.595941" lon="8.323162"><ele>1626.5</ele><time>2025-09-11T08:46:41Z</time></trkpt>
    <trkpt lat="46.595894" lon="8.323101"><ele>1627.0</ele><time>2025-09-11T08:46:43Z</time></trkpt>
    <trkpt lat="46.595879" lon="8.323075"><ele>1627.2</ele><time>2025-09-11T08:46:44Z</time></trkpt>
    <trkpt lat="46.595862" lon="8.323050"><ele>1627.5</ele><time>2025-09-11T08:46:45Z</time></trkpt>
    <trkpt lat="46.595799" lon="8.322981"><ele>1628.2</ele><time>2025-09-11T08:46:47Z</time></trkpt>
    <trkpt lat="46.595744" lon="8.322920"><ele>1628.8</ele><time>2025-09-11T08:46:50Z</time></trkpt>
    <trkpt lat="46.595706" lon="8.322885"><ele>1629.2</ele><time>2025-09-11T08:46:51Z</time></trkpt>
    <trkpt lat="46.595635" lon="8.322834"><ele>1630.0</ele><time>2025-09-11T08:46:54Z</time></trkpt>
    <trkpt lat="46.595615" lon="8.322818"><ele>1630.2</ele><time>2025-09-11T08:46:54Z</time></trkpt>
    <trkpt lat="46.595602" lon="8.322808"><ele>1630.3</ele><time>2025-09-11T08:46:55Z</time></trkpt>
    <trkpt lat="46.595531" lon="8.322768"><ele>1631.0</ele><time>2025-09-11T08:46:57Z</time></trkpt>
    <trkpt lat="46.595483" lon="8.322730"><ele>1631.5</ele><time>2025-09-11T08:46:59Z</time></trkpt>
    <trkpt lat="46.595461" lon="8.322709"><ele>1631.8</ele><time>2025-09-11T08:47:00Z</time></trkpt>
    <trkpt lat="46.595396" lon="8.322658"><ele>1632.4</ele><time>2025-09-11T08:47:03Z</time></trkpt>
    <trkpt lat="46.595317" lon="8.322593"><ele>1633.3</ele><time>2025-09-11T08:47:06Z</time></trkpt>
    <trkpt lat="46.595264" lon="8.322565"><ele>1633.8</ele><time>2025-09-11T08:47:08Z</time></trkpt>
    <trkpt lat="46.595226" lon="8.322537"><ele>1634.2</ele><time>2025-09-11T08:47:09Z</time></trkpt>
    <trkpt lat="46.595156" lon="8.322486"><ele>1634.9</ele><time>2025-09-11T08:47:12Z</time></trkpt>
    <trkpt lat="46.595133" lon="8.322474"><ele>1635.1</ele><time>2025-09-11T08:47:12Z</time></trkpt>
    <trkpt lat="46.595062" lon="8.322428"><ele>1635.8</ele><time>2025-09-11T08:47:15Z</time></trkpt>
    <trkpt lat="46.595039" lon="8.322415"><ele>1636.1</ele><time>2025-09-11T08:47:16Z</time></trkpt>
    <trkpt lat="46.594961" lon="8.322394"><ele>1636.8</ele><time>2025-09-11T08:47:18Z</time></trkpt>
    <trkpt lat="46.594929" lon="8.322381"><ele>1637.1</ele><time>2025-09-11T08:47:20Z</time></trkpt>
    <trkpt lat="46.594862" lon="8.322379"><ele>1637.7</ele><time>2025-09-11T08:47:22Z</time></trkpt>
    <trkpt lat="46.594837" lon="8.322373"><ele>1637.9</ele><time>2025-09-11T08:47:23Z</time></trkpt>
    <trkpt lat="46.594785" lon="8.322371"><ele>1638.4</ele><time>2025-09-11T08:47:24Z</time></trkpt>
    <trkpt lat="46.594734" lon="8.322376"><ele>1638.9</ele><time>2025-09-11T08:47:26Z</time></trkpt>
    <trkpt lat="46.594700" lon="8.322392"><ele>1639.2</ele><time>2025-09-11T08:47:27Z</time></trkpt>
    <trkpt lat="46.594625" lon="8.322420"><ele>1639.9</ele><time>2025-09-11T08:47:30Z</time></trkpt>
    <trkpt lat="46.594615" lon="8.322426"><ele>1640.0</ele><time>2025-09-11T08:47:30Z</time></trkpt>
    <trkpt lat="46.594563" lon="8.322445"><ele>1640.5</ele><time>2025-09-11T08:47:32Z</time></trkpt>
    <trkpt lat="46.594501" lon="8.322481"><ele>1641.2</ele><time>2025-09-11T08:47:34Z</time></trkpt>
    <trkpt lat="46.594484" lon="8.322481"><ele>1641.3</ele><time>2025-09-11T08:47:35Z</time></trkpt>
    <trkpt lat="46.594470" lon="8.322496"><ele>1641.5</ele><time>2025-09-11T08:47:35Z</time></trkpt>
    <trkpt lat="46.594465" lon="8.322510"><ele>1641.6</ele><time>2025-09-11T08:47:36Z</time></trkpt>
    <trkpt lat="46.594451" lon="8.322517"><ele>1641.7</ele><time>2025-09-11T08:47:36Z</time></trkpt>
    <trkpt lat="46.594407" lon="8.322533"><ele>1642.1</ele><time>2025-09-11T08:47:38Z</time></trkpt>
    <trkpt lat="46.594383" lon="8.322542"><ele>1642.4</ele><time>2025-09-11T08:47:39Z</time></trkpt>
    <trkpt lat="46.594359" lon="8.322558"><ele>1642.6</ele><time>2025-09-11T08:47:39Z</time></trkpt>
    <trkpt lat="46.594348" lon="8.322568"><ele>1642.7</ele><time>2025-09-11T08:47:40Z</time></trkpt>
    <trkpt lat="46.594259" lon="8.322637"><ele>1643.7</ele><time>2025-09-11T08:47:43Z</time></trkpt>
    <trkpt lat="46.594248" lon="8.322645"><ele>1643.8</ele><time>2025-09-11T08:47:44Z</time></trkpt>
    <trkpt lat="46.594155" lon="8.322719"><ele>1644.8</ele><time>2025-09-11T08:47:47Z</time></trkpt>
    <trkpt lat="46.594143" lon="8.322728"><ele>1644.9</ele><time>2025-09-11T08:47:48Z</time></trkpt>
    <trkpt lat="46.594088" lon="8.322791"><ele>1645.6</ele><time>2025-09-11T08:47:50Z</time></trkpt>
    <trkpt lat="46.594076" lon="8.322802"><ele>1645.7</ele><time>2025-09-11T08:47:50Z</time></trkpt>
    <trkpt lat="46.594009" lon="8.322865"><ele>1646.4</ele><time>2025-09-11T08:47:53Z</time></trkpt>
    <trkpt lat="46.593976" lon="8.322899"><ele>1646.8</ele><time>2025-09-11T08:47:54Z</time></trkpt>
    <trkpt lat="46.593939" lon="8.322935"><ele>1647.2</ele><time>2025-09-11T08:47:56Z</time></trkpt>
    <trkpt lat="46.593859" lon="8.323022"><ele>1648.2</ele><time>2025-09-11T08:47:59Z</time></trkpt>
    <trkpt lat="46.593840" lon="8.323046"><ele>1648.4</ele><time>2025-09-11T08:48:00Z</time></trkpt>
    <trkpt lat="46.593799" lon="8.323099"><ele>1648.9</ele><time>2025-09-11T08:48:02Z</time></trkpt>
    <trkpt lat="46.593770" lon="8.323141"><ele>1649.3</ele><time>2025-09-11T08:48:03Z</time></trkpt>
    <trkpt lat="46.593759" lon="8.323150"><ele>1649.4</ele><time>2025-09-11T08:48:04Z</time></trkpt>
    <trkpt lat="46.593699" lon="8.323213"><ele>1650.1</ele><time>2025-09-11T08:48:06Z</time></trkpt>
    <trkpt lat="46.593692" lon="8.323224"><ele>1650.2</ele><time>2025-09-11T08:48:07Z</time></trkpt>
    <trkpt lat="46.593659" lon="8.323274"><ele>1650.6</ele><time>2025-09-11T08:48:08Z</time></trkpt>
    <trkpt lat="46.593621" lon="8.323338"><ele>1651.2</ele><time>2025-09-11T08:48:10Z</time></trkpt>
    <trkpt lat="46.593566" lon="8.323407"><ele>1651.8</ele><time>2025-09-11T08:48:12Z</time></trkpt>
    <trkpt lat="46.593542" lon="8.323447"><ele>1652.2</ele><time>2025-09-11T08:48:14Z</time></trkpt>
    <trkpt lat="46.593497" lon="8.323497"><ele>1652.7</ele><time>2025-09-11T08:48:16Z</time></trkpt>
    <trkpt lat="46.593491" lon="8.323513"><ele>1652.8</ele><time>2025-09-11T08:48:16Z</time></trkpt>
    <trkpt lat="46.593466" lon="8.323535"><ele>1653.1</ele><time>2025-09-11T08:48:17Z</time></trkpt>
    <trkpt lat="46.593452" lon="8.323552"><ele>1653.3</ele><time>2025-09-11T08:48:18Z</time></trkpt>
    <trkpt lat="46.593416" lon="8.323590"><ele>1653.7</ele><time>2025-09-11T08:48:19Z</time></trkpt>
    <trkpt lat="46.593408" lon="8.323601"><ele>1653.8</ele><time>2025-09-11T08:48:19Z</time></trkpt>
    <trkpt lat="46.593361" lon="8.323643"><ele>1654.3</ele><time>2025-09-11T08:48:21Z</time></trkpt>
    <trkpt lat="46.593354" lon="8.323656"><ele>1654.4</ele><time>2025-09-11T08:48:22Z</time></trkpt>
    <trkpt lat="46.593302" lon="8.323724"><ele>1655.1</ele><time>2025-09-11T08:48:24Z</time></trkpt>
    <trkpt lat="46.593286" lon="8.323746"><ele>1655.3</ele><time>2025-09-11T08:48:25Z</time></trkpt>
    <trkpt lat="46.593225" lon="8.323795"><ele>1655.9</ele><time>2025-09-11T08:48:27Z</time></trkpt>
    <trkpt lat="46.593167" lon="8.323825"><ele>1656.5</ele><time>2025-09-11T08:48:29Z</time></trkpt>
    <trkpt lat="46.593141" lon="8.323831"><ele>1656.7</ele><time>2025-09-11T08:48:30Z</time></trkpt>
    <trkpt lat="46.593080" lon="8.323868"><ele>1657.4</ele><time>2025-09-11T08:48:32Z</time></trkpt>
    <trkpt lat="46.593064" lon="8.323874"><ele>1657.5</ele><time>2025-09-11T08:48:33Z</time></trkpt>
    <trkpt lat="46.592988" lon="8.323904"><ele>1658.3</ele><time>2025-09-11T08:48:35Z</time></trkpt>
    <trkpt lat="46.592887" lon="8.323932"><ele>1659.2</ele><time>2025-09-11T08:48:39Z</time></trkpt>
    <trkpt lat="46.592875" lon="8.323936"><ele>1659.3</ele><time>2025-09-11T08:48:39Z</time></trkpt>
    <trkpt lat="46.592783" lon="8.323949"><ele>1660.2</ele><time>2025-09-11T08:48:42Z</time></trkpt>
    <trkpt lat="46.592745" lon="8.323952"><ele>1660.6</ele><time>2025-09-11T08:48:44Z</time></trkpt>
    <trkpt lat="46.592693" lon="8.323956"><ele>1661.1</ele><time>2025-09-11T08:48:45Z</time></trkpt>
    <trkpt lat="46.592656" lon="8.323951"><ele>1661.4</ele><time>2025-09-11T08:48:47Z</time></trkpt>
    <trkpt lat="46.592598" lon="8.323962"><ele>1662.0</ele><time>2025-09-11T08:48:48Z</time></trkpt>
    <trkpt lat="46.592560" lon="8.323970"><ele>1662.3</ele><time>2025-09-11T08:48:50Z</time></trkpt>
    <trkpt lat="46.592535" lon="8.323978"><ele>1662.6</ele><time>2025-09-11T08:48:51Z</time></trkpt>
    <trkpt lat="46.592479" lon="8.323991"><ele>1663.1</ele><time>2025-09-11T08:48:53Z</time></trkpt>
    <trkpt lat="46.592461" lon="8.323999"><ele>1663.3</ele><time>2025-09-11T08:48:53Z</time></trkpt>
    <trkpt lat="46.592388" lon="8.324007"><ele>1664.0</ele><time>2025-09-11T08:48:56Z</time></trkpt>
    <trkpt lat="46.592379" lon="8.324010"><ele>1664.0</ele><time>2025-09-11T08:48:56Z</time></trkpt>
    <trkpt lat="46.592276" lon="8.324041"><ele>1665.0</ele><time>2025-09-11T08:48:59Z</time></trkpt>
    <trkpt lat="46.592265" lon="8.324047"><ele>1665.1</ele><time>2025-09-11T08:49:00Z</time></trkpt>
    <trkpt lat="46.592188" lon="8.324091"><ele>1665.9</ele><time>2025-09-11T08:49:03Z</time></trkpt>
    <trkpt lat="46.592177" lon="8.324108"><ele>1666.1</ele><time>2025-09-11T08:49:03Z</time></trkpt>
    <trkpt lat="46.592112" lon="8.324149"><ele>1666.7</ele><time>2025-09-11T08:49:05Z</time></trkpt>
    <trkpt lat="46.592099" lon="8.324157"><ele>1666.9</ele><time>2025-09-11T08:49:06Z</time></trkpt>
    <trkpt lat="46.592032" lon="8.324195"><ele>1667.6</ele><time>2025-09-11T08:49:08Z</time></trkpt>
    <trkpt lat="46.591978" lon="8.324239"><ele>1668.1</ele><time>2025-09-11T08:49:10Z</time></trkpt>
    <trkpt lat="46.591968" lon="8.324252"><ele>1668.3</ele><time>2025-09-11T08:49:11Z</time></trkpt>
    <trkpt lat="46.591922" lon="8.324297"><ele>1668.8</ele><time>2025-09-11T08:49:13Z</time></trkpt>
    <trkpt lat="46.591908" lon="8.324303"><ele>1668.9</ele><time>2025-09-11T08:49:13Z</time></trkpt>
    <trkpt lat="46.591889" lon="8.324311"><ele>1669.1</ele><time>2025-09-11T08:49:14Z</time></trkpt>
    <trkpt lat="46.591853" lon="8.324329"><ele>1669.5</ele><time>2025-09-11T08:49:15Z</time></trkpt>
    <trkpt lat="46.591776" lon="8.324375"><ele>1670.3</ele><time>2025-09-11T08:49:18Z</time></trkpt>
    <trkpt lat="46.591704" lon="8.324413"><ele>1671.0</ele><time>2025-09-11T08:49:20Z</time></trkpt>
    <trkpt lat="46.591677" lon="8.324432"><ele>1671.3</ele><time>2025-09-11T08:49:21Z</time></trkpt>
    <trkpt lat="46.591636" lon="8.324450"><ele>1671.7</ele><time>2025-09-11T08:49:23Z</time></trkpt>
    <trkpt lat="46.591590" lon="8.324467"><ele>1672.1</ele><time>2025-09-11T08:49:24Z</time></trkpt>
    <trkpt lat="46.591547" lon="8.324489"><ele>1672.5</ele><time>2025-09-11T08:49:26Z</time></trkpt>
    <trkpt lat="46.591489" lon="8.324500"><ele>1673.1</ele><time>2025-09-11T08:49:28Z</time></trkpt>
    <trkpt lat="46.591446" lon="8.324513"><ele>1673.4</ele><time>2025-09-11T08:49:29Z</time></trkpt>
    <trkpt lat="46.591407" lon="8.324521"><ele>1673.7</ele><time>2025-09-11T08:49:31Z</time></trkpt>
    <trkpt lat="46.591340" lon="8.324540"><ele>1674.2</ele><time>2025-09-11T08:49:33Z</time></trkpt>
    <trkpt lat="46.591268" lon="8.324561"><ele>1674.8</ele><time>2025-09-11T08:49:35Z</time></trkpt>
    <trkpt lat="46.591242" lon="8.324567"><ele>1675.0</ele><time>2025-09-11T08:49:36Z</time></trkpt>
    <trkpt lat="46.591157" lon="8.324635"><ele>1675.7</ele><time>2025-09-11T08:49:40Z</time></trkpt>
    <trkpt lat="46.591106" lon="8.324709"><ele>1676.2</ele><time>2025-09-11T08:49:42Z</time></trkpt>
    <trkpt lat="46.591094" lon="8.324761"><ele>1676.5</ele><time>2025-09-11T08:49:43Z</time></trkpt>
    <trkpt lat="46.591094" lon="8.324800"><ele>1676.7</ele><time>2025-09-11T08:49:44Z</time></trkpt>
    <trkpt lat="46.591093" lon="8.324887"><ele>1677.1</ele><time>2025-09-11T08:49:46Z</time></trkpt>
    <trkpt lat="46.591124" lon="8.325000"><ele>1677.8</ele><time>2025-09-11T08:49:49Z</time></trkpt>
    <trkpt lat="46.591148" lon="8.325029"><ele>1678.0</ele><time>2025-09-11T08:49:50Z</time></trkpt>
    <trkpt lat="46.591194" lon="8.325052"><ele>1678.3</ele><time>2025-09-11T08:49:52Z</time></trkpt>
    <trkpt lat="46.591252" lon="8.325059"><ele>1678.8</ele><time>2025-09-11T08:49:53Z</time></trkpt>
    <trkpt lat="46.591339" lon="8.325016"><ele>1679.5</ele><time>2025-09-11T08:49:57Z</time></trkpt>
    <trkpt lat="46.591370" lon="8.324993"><ele>1679.7</ele><time>2025-09-11T08:49:58Z</time></trkpt>
    <trkpt lat="46.591415" lon="8.324953"><ele>1680.1</ele><time>2025-09-11T08:49:59Z</time></trkpt>
    <trkpt lat="46.591445" lon="8.324929"><ele>1680.4</ele><time>2025-09-11T08:50:01Z</time></trkpt>
    <trkpt lat="46.591493" lon="8.324865"><ele>1680.8</ele><time>2025-09-11T08:50:03Z</time></trkpt>
    <trkpt lat="46.591578" lon="8.324774"><ele>1681.6</ele><time>2025-09-11T08:50:06Z</time></trkpt>
    <trkpt lat="46.591634" lon="8.324706"><ele>1682.2</ele><time>2025-09-11T08:50:09Z</time></trkpt>
    <trkpt lat="46.591658" lon="8.324688"><ele>1682.4</ele><time>2025-09-11T08:50:10Z</time></trkpt>
    <trkpt lat="46.591745" lon="8.324611"><ele>1683.1</ele><time>2025-09-11T08:50:13Z</time></trkpt>
    <trkpt lat="46.591819" lon="8.324569"><ele>1683.7</ele><time>2025-09-11T08:50:16Z</time></trkpt>
    <trkpt lat="46.591883" lon="8.324537"><ele>1684.2</ele><time>2025-09-11T08:50:18Z</time></trkpt>
    <trkpt lat="46.591895" lon="8.324533"><ele>1684.3</ele><time>2025-09-11T08:50:18Z</time></trkpt>
    <trkpt lat="46.591909" lon="8.324527"><ele>1684.4</ele><time>2025-09-11T08:50:19Z</time></trkpt>
    <trkpt lat="46.591977" lon="8.324505"><ele>1684.9</ele><time>2025-09-11T08:50:21Z</time></trkpt>
    <trkpt lat="46.592005" lon="8.324501"><ele>1685.1</ele><time>2025-09-11T08:50:22Z</time></trkpt>
    <trkpt lat="46.592077" lon="8.324486"><ele>1685.6</ele><time>2025-09-11T08:50:25Z</time></trkpt>
    <trkpt lat="46.592141" lon="8.324455"><ele>1686.1</ele><time>2025-09-11T08:50:27Z</time></trkpt>
    <trkpt lat="46.592181" lon="8.324445"><ele>1686.4</ele><time>2025-09-11T08:50:28Z</time></trkpt>
    <trkpt lat="46.592205" lon="8.324434"><ele>1686.7</ele><time>2025-09-11T08:50:29Z</time></trkpt>
    <trkpt lat="46.592305" lon="8.324400"><ele>1687.6</ele><time>2025-09-11T08:50:32Z</time></trkpt>
    <trkpt lat="46.592329" lon="8.324387"><ele>1687.8</ele><time>2025-09-11T08:50:33Z</time></trkpt>
    <trkpt lat="46.592377" lon="8.324372"><ele>1688.3</ele><time>2025-09-11T08:50:35Z</time></trkpt>
    <trkpt lat="46.592394" lon="8.324364"><ele>1688.4</ele><time>2025-09-11T08:50:35Z</time></trkpt>
    <trkpt lat="46.592477" lon="8.324336"><ele>1689.2</ele><time>2025-09-11T08:50:38Z</time></trkpt>
    <trkpt lat="46.592533" lon="8.324322"><ele>1689.7</ele><time>2025-09-11T08:50:40Z</time></trkpt>
    <trkpt lat="46.592545" lon="8.324322"><ele>1689.8</ele><time>2025-09-11T08:50:41Z</time></trkpt>
    <trkpt lat="46.592585" lon="8.324313"><ele>1690.2</ele><time>2025-09-11T08:50:42Z</time></trkpt>
    <trkpt lat="46.592637" lon="8.324311"><ele>1690.6</ele><time>2025-09-11T08:50:44Z</time></trkpt>
    <trkpt lat="46.592668" lon="8.324310"><ele>1690.9</ele><time>2025-09-11T08:50:45Z</time></trkpt>
    <trkpt lat="46.592702" lon="8.324310"><ele>1691.2</ele><time>2025-09-11T08:50:46Z</time></trkpt>
    <trkpt lat="46.592733" lon="8.324309"><ele>1691.5</ele><time>2025-09-11T08:50:47Z</time></trkpt>
    <trkpt lat="46.592773" lon="8.324313"><ele>1691.9</ele><time>2025-09-11T08:50:48Z</time></trkpt>
    <trkpt lat="46.592859" lon="8.324351"><ele>1692.7</ele><time>2025-09-11T08:50:51Z</time></trkpt>
    <trkpt lat="46.592915" lon="8.324403"><ele>1693.3</ele><time>2025-09-11T08:50:53Z</time></trkpt>
    <trkpt lat="46.592927" lon="8.324413"><ele>1693.4</ele><time>2025-09-11T08:50:54Z</time></trkpt>
    <trkpt lat="46.592983" lon="8.324457"><ele>1694.0</ele><time>2025-09-11T08:50:56Z</time></trkpt>
    <trkpt lat="46.592992" lon="8.324466"><ele>1694.1</ele><time>2025-09-11T08:50:56Z</time></trkpt>
    <trkpt lat="46.593006" lon="8.324479"><ele>1694.2</ele><time>2025-09-11T08:50:57Z</time></trkpt>
    <trkpt lat="46.593030" lon="8.324501"><ele>1694.5</ele><time>2025-09-11T08:50:58Z</time></trkpt>
    <trkpt lat="46.593047" lon="8.324527"><ele>1694.7</ele><time>2025-09-11T08:50:59Z</time></trkpt>
    <trkpt lat="46.593095" lon="8.324602"><ele>1695.3</ele><time>2025-09-11T08:51:01Z</time></trkpt>
    <trkpt lat="46.593104" lon="8.324618"><ele>1695.5</ele><time>2025-09-11T08:51:02Z</time></trkpt>
    <trkpt lat="46.593162" lon="8.324721"><ele>1696.3</ele><time>2025-09-11T08:51:05Z</time></trkpt>
    <trkpt lat="46.593169" lon="8.324730"><ele>1696.4</ele><time>2025-09-11T08:51:05Z</time></trkpt>
    <trkpt lat="46.593204" lon="8.324807"><ele>1696.9</ele><time>2025-09-11T08:51:07Z</time></trkpt>
    <trkpt lat="46.593222" lon="8.324872"><ele>1697.4</ele><time>2025-09-11T08:51:09Z</time></trkpt>
    <trkpt lat="46.593233" lon="8.324896"><ele>1697.6</ele><time>2025-09-11T08:51:09Z</time></trkpt>
    <trkpt lat="46.593241" lon="8.324906"><ele>1697.7</ele><time>2025-09-11T08:51:10Z</time></trkpt>
    <trkpt lat="46.593265" lon="8.324986"><ele>1698.2</ele><time>2025-09-11T08:51:12Z</time></trkpt>
    <trkpt lat="46.593279" lon="8.325016"><ele>1698.4</ele><time>2025-09-11T08:51:12Z</time></trkpt>
    <trkpt lat="46.593291" lon="8.325049"><ele>1698.6</ele><time>2025-09-11T08:51:13Z</time></trkpt>
    <trkpt lat="46.593327" lon="8.325161"><ele>1699.4</ele><time>2025-09-11T08:51:16Z</time></trkpt>
    <trkpt lat="46.593370" lon="8.325263"><ele>1700.2</ele><time>2025-09-11T08:51:19Z</time></trkpt>
    <trkpt lat="46.593408" lon="8.325319"><ele>1700.6</ele><time>2025-09-11T08:51:21Z</time></trkpt>
    <trkpt lat="46.593447" lon="8.325373"><ele>1701.1</ele><time>2025-09-11T08:51:23Z</time></trkpt>
    <trkpt lat="46.593489" lon="8.325406"><ele>1701.6</ele><time>2025-09-11T08:51:24Z</time></trkpt>
    <trkpt lat="46.593515" lon="8.325427"><ele>1701.8</ele><time>2025-09-11T08:51:25Z</time></trkpt>
    <trkpt lat="46.593601" lon="8.325482"><ele>1702.7</ele><time>2025-09-11T08:51:28Z</time></trkpt>
    <trkpt lat="46.593615" lon="8.325488"><ele>1702.8</ele><time>2025-09-11T08:51:29Z</time></trkpt>
    <trkpt lat="46.593682" lon="8.325509"><ele>1703.3</ele><time>2025-09-11T08:51:31Z</time></trkpt>
    <trkpt lat="46.593716" lon="8.325510"><ele>1703.6</ele><time>2025-09-11T08:51:32Z</time></trkpt>
    <trkpt lat="46.593756" lon="8.325518"><ele>1703.9</ele><time>2025-09-11T08:51:33Z</time></trkpt>
    <trkpt lat="46.593842" lon="8.325546"><ele>1704.6</ele><time>2025-09-11T08:51:36Z</time></trkpt>
    <trkpt lat="46.593905" lon="8.325562"><ele>1705.1</ele><time>2025-09-11T08:51:39Z</time></trkpt>
    <trkpt lat="46.593971" lon="8.325581"><ele>1705.7</ele><time>2025-09-11T08:51:41Z</time></trkpt>
    <trkpt lat="46.594013" lon="8.325598"><ele>1706.0</ele><time>2025-09-11T08:51:42Z</time></trkpt>
    <trkpt lat="46.594073" lon="8.325610"><ele>1706.5</ele><time>2025-09-11T08:51:44Z</time></trkpt>
    <trkpt lat="46.594150" lon="8.325643"><ele>1707.1</ele><time>2025-09-11T08:51:47Z</time></trkpt>
    <trkpt lat="46.594176" lon="8.325651"><ele>1707.4</ele><time>2025-09-11T08:51:48Z</time></trkpt>
    <trkpt lat="46.594237" lon="8.325716"><ele>1708.0</ele><time>2025-09-11T08:51:50Z</time></trkpt>
    <trkpt lat="46.594279" lon="8.325780"><ele>1708.4</ele><time>2025-09-11T08:51:52Z</time></trkpt>
    <trkpt lat="46.594296" lon="8.325845"><ele>1708.8</ele><time>2025-09-11T08:51:54Z</time></trkpt>
    <trkpt lat="46.594295" lon="8.325969"><ele>1709.5</ele><time>2025-09-11T08:51:57Z</time></trkpt>
    <trkpt lat="46.594279" lon="8.326010"><ele>1709.8</ele><time>2025-09-11T08:51:58Z</time></trkpt>
    <trkpt lat="46.594201" lon="8.326126"><ele>1710.6</ele><time>2025-09-11T08:52:02Z</time></trkpt>
    <trkpt lat="46.594155" lon="8.326148"><ele>1711.0</ele><time>2025-09-11T08:52:03Z</time></trkpt>
    <trkpt lat="46.594099" lon="8.326168"><ele>1711.5</ele><time>2025-09-11T08:52:05Z</time></trkpt>
    <trkpt lat="46.594021" lon="8.326156"><ele>1712.1</ele><time>2025-09-11T08:52:08Z</time></trkpt>
    <trkpt lat="46.593984" lon="8.326132"><ele>1712.4</ele><time>2025-09-11T08:52:09Z</time></trkpt>
    <trkpt lat="46.593953" lon="8.326104"><ele>1712.7</ele><time>2025-09-11T08:52:10Z</time></trkpt>
    <trkpt lat="46.593886" lon="8.326049"><ele>1713.3</ele><time>2025-09-11T08:52:13Z</time></trkpt>
    <trkpt lat="46.593872" lon="8.326028"><ele>1713.5</ele><time>2025-09-11T08:52:14Z</time></trkpt>
    <trkpt lat="46.593820" lon="8.325965"><ele>1714.0</ele><time>2025-09-11T08:52:16Z</time></trkpt>
    <trkpt lat="46.593813" lon="8.325951"><ele>1714.1</ele><time>2025-09-11T08:52:16Z</time></trkpt>
    <trkpt lat="46.593769" lon="8.325880"><ele>1714.7</ele><time>2025-09-11T08:52:18Z</time></trkpt>
    <trkpt lat="46.593743" lon="8.325847"><ele>1714.9</ele><time>2025-09-11T08:52:20Z</time></trkpt>
    <trkpt lat="46.593733" lon="8.325839"><ele>1715.0</ele><time>2025-09-11T08:52:20Z</time></trkpt>
    <trkpt lat="46.593661" lon="8.325792"><ele>1715.6</ele><time>2025-09-11T08:52:23Z</time></trkpt>
    <trkpt lat="46.593642" lon="8.325788"><ele>1715.8</ele><time>2025-09-11T08:52:23Z</time></trkpt>
    <trkpt lat="46.593621" lon="8.325777"><ele>1716.0</ele><time>2025-09-11T08:52:24Z</time></trkpt>
    <trkpt lat="46.593594" lon="8.325757"><ele>1716.2</ele><time>2025-09-11T08:52:25Z</time></trkpt>
    <trkpt lat="46.593542" lon="8.325740"><ele>1716.6</ele><time>2025-09-11T08:52:27Z</time></trkpt>
    <trkpt lat="46.593509" lon="8.325734"><ele>1716.9</ele><time>2025-09-11T08:52:28Z</time></trkpt>
    <trkpt lat="46.593497" lon="8.325736"><ele>1717.0</ele><time>2025-09-11T08:52:28Z</time></trkpt>
    <trkpt lat="46.593464" lon="8.325734"><ele>1717.3</ele><time>2025-09-11T08:52:29Z</time></trkpt>
    <trkpt lat="46.593450" lon="8.325732"><ele>1717.5</ele><time>2025-09-11T08:52:30Z</time></trkpt>
    <trkpt lat="46.593441" lon="8.325729"><ele>1717.6</ele><time>2025-09-11T08:52:30Z</time></trkpt>
    <trkpt lat="46.593429" lon="8.325727"><ele>1717.7</ele><time>2025-09-11T08:52:31Z</time></trkpt>
    <trkpt lat="46.593415" lon="8.325722"><ele>1717.8</ele><time>2025-09-11T08:52:31Z</time></trkpt>
    <trkpt lat="46.593405" lon="8.325718"><ele>1717.9</ele><time>2025-09-11T08:52:31Z</time></trkpt>
    <trkpt lat="46.593389" lon="8.325719"><ele>1718.1</ele><time>2025-09-11T08:52:32Z</time></trkpt>
    <trkpt lat="46.593333" lon="8.325707"><ele>1718.7</ele><time>2025-09-11T08:52:34Z</time></trkpt>
    <trkpt lat="46.593321" lon="8.325707"><ele>1718.8</ele><time>2025-09-11T08:52:34Z</time></trkpt>
    <trkpt lat="46.593218" lon="8.325715"><ele>1719.8</ele><time>2025-09-11T08:52:38Z</time></trkpt>
    <trkpt lat="46.593205" lon="8.325720"><ele>1719.9</ele><time>2025-09-11T08:52:38Z</time></trkpt>
    <trkpt lat="46.593116" lon="8.325719"><ele>1720.8</ele><time>2025-09-11T08:52:41Z</time></trkpt>
    <trkpt lat="46.593104" lon="8.325716"><ele>1721.0</ele><time>2025-09-11T08:52:41Z</time></trkpt>
    <trkpt lat="46.593026" lon="8.325704"><ele>1721.7</ele><time>2025-09-11T08:52:44Z</time></trkpt>
    <trkpt lat="46.592992" lon="8.325688"><ele>1722.1</ele><time>2025-09-11T08:52:45Z</time></trkpt>
    <trkpt lat="46.592944" lon="8.325660"><ele>1722.6</ele><time>2025-09-11T08:52:47Z</time></trkpt>
    <trkpt lat="46.592903" lon="8.325633"><ele>1723.1</ele><time>2025-09-11T08:52:49Z</time></trkpt>
    <trkpt lat="46.592891" lon="8.325628"><ele>1723.2</ele><time>2025-09-11T08:52:49Z</time></trkpt>
    <trkpt lat="46.592839" lon="8.325581"><ele>1723.8</ele><time>2025-09-11T08:52:51Z</time></trkpt>
    <trkpt lat="46.592816" lon="8.325560"><ele>1724.1</ele><time>2025-09-11T08:52:52Z</time></trkpt>
    <trkpt lat="46.592777" lon="8.325502"><ele>1724.6</ele><time>2025-09-11T08:52:54Z</time></trkpt>
    <trkpt lat="46.592742" lon="8.325435"><ele>1725.2</ele><time>2025-09-11T08:52:56Z</time></trkpt>
    <trkpt lat="46.592707" lon="8.325373"><ele>1725.8</ele><time>2025-09-11T08:52:58Z</time></trkpt>
    <trkpt lat="46.592688" lon="8.325332"><ele>1726.1</ele><time>2025-09-11T08:52:59Z</time></trkpt>
    <trkpt lat="46.592657" lon="8.325250"><ele>1726.8</ele><time>2025-09-11T08:53:01Z</time></trkpt>
    <trkpt lat="46.592607" lon="8.325114"><ele>1727.8</ele><time>2025-09-11T08:53:04Z</time></trkpt>
    <trkpt lat="46.592580" lon="8.325060"><ele>1728.3</ele><time>2025-09-11T08:53:06Z</time></trkpt>
    <trkpt lat="46.592551" lon="8.325018"><ele>1728.7</ele><time>2025-09-11T08:53:07Z</time></trkpt>
    <trkpt lat="46.592538" lon="8.324944"><ele>1729.2</ele><time>2025-09-11T08:53:09Z</time></trkpt>
    <trkpt lat="46.592543" lon="8.324952"><ele>1729.3</ele><time>2025-09-11T08:53:09Z</time></trkpt>
    <trkpt lat="46.592543" lon="8.324951"><ele>1729.3</ele><time>2025-09-11T08:53:09Z</time></trkpt>
    <trkpt lat="46.592543" lon="8.324951"><ele>1729.3</ele><time>2025-09-11T08:53:09Z</time></trkpt>
    <trkpt lat="46.592540" lon="8.324953"><ele>1729.3</ele><time>2025-09-11T08:53:09Z</time></trkpt>
    <trkpt lat="46.592538" lon="8.324947"><ele>1729.4</ele><time>2025-09-11T08:53:10Z</time></trkpt>
    <trkpt lat="46.592543" lon="8.324951"><ele>1729.4</ele><time>2025-09-11T08:53:10Z</time></trkpt>
    <trkpt lat="46.592543" lon="8.324951"><ele>1729.4</ele><time>2025-09-11T08:53:10Z</time></trkpt>
    <trkpt lat="46.592543" lon="8.324951"><ele>1729.4</ele><time>2025-09-11T08:53:10Z</time></trkpt>
    <trkpt lat="46.592543" lon="8.324951"><ele>1729.4</ele><time>2025-09-11T08:53:10Z</time></trkpt>
    <trkpt lat="46.592543" lon="8.324951"><ele>1729.4</ele><time>2025-09-11T08:53:10Z</time></trkpt>
    <trkpt lat="46.592522" lon="8.324943"><ele>1729.7</ele><time>2025-09-11T08:53:10Z</time></trkpt>
    <trkpt lat="46.592514" lon="8.324948"><ele>1729.7</ele><time>2025-09-11T08:53:11Z</time></trkpt>
    <trkpt lat="46.592489" lon="8.324945"><ele>1730.0</ele><time>2025-09-11T08:53:12Z</time></trkpt>
    <trkpt lat="46.592463" lon="8.324926"><ele>1730.3</ele><time>2025-09-11T08:53:13Z</time></trkpt>
    <trkpt lat="46.592370" lon="8.324891"><ele>1731.2</ele><time>2025-09-11T08:53:16Z</time></trkpt>
    <trkpt lat="46.592281" lon="8.324907"><ele>1732.1</ele><time>2025-09-11T08:53:19Z</time></trkpt>
    <trkpt lat="46.592236" lon="8.324933"><ele>1732.6</ele><time>2025-09-11T08:53:20Z</time></trkpt>
    <trkpt lat="46.592202" lon="8.324965"><ele>1733.0</ele><time>2025-09-11T08:53:22Z</time></trkpt>
    <trkpt lat="46.592158" lon="8.325054"><ele>1733.8</ele><time>2025-09-11T08:53:24Z</time></trkpt>
    <trkpt lat="46.592144" lon="8.325095"><ele>1734.1</ele><time>2025-09-11T08:53:25Z</time></trkpt>
    <trkpt lat="46.592100" lon="8.325229"><ele>1735.1</ele><time>2025-09-11T08:53:29Z</time></trkpt>
    <trkpt lat="46.592062" lon="8.325368"><ele>1736.1</ele><time>2025-09-11T08:53:32Z</time></trkpt>
    <trkpt lat="46.592051" lon="8.325404"><ele>1736.4</ele><time>2025-09-11T08:53:33Z</time></trkpt>
    <trkpt lat="46.592041" lon="8.325455"><ele>1736.8</ele><time>2025-09-11T08:53:34Z</time></trkpt>
    <trkpt lat="46.592014" lon="8.325543"><ele>1737.4</ele><time>2025-09-11T08:53:36Z</time></trkpt>
    <trkpt lat="46.592011" lon="8.325556"><ele>1737.5</ele><time>2025-09-11T08:53:37Z</time></trkpt>
    <trkpt lat="46.591989" lon="8.325591"><ele>1737.8</ele><time>2025-09-11T08:53:38Z</time></trkpt>
    <trkpt lat="46.591965" lon="8.325625"><ele>1738.2</ele><time>2025-09-11T08:53:39Z</time></trkpt>
    <trkpt lat="46.591924" lon="8.325697"><ele>1738.8</ele><time>2025-09-11T08:53:41Z</time></trkpt>
    <trkpt lat="46.591919" lon="8.325710"><ele>1738.9</ele><time>2025-09-11T08:53:41Z</time></trkpt>
    <trkpt lat="46.591865" lon="8.325796"><ele>1739.7</ele><time>2025-09-11T08:53:44Z</time></trkpt>
    <trkpt lat="46.591857" lon="8.325808"><ele>1739.8</ele><time>2025-09-11T08:53:44Z</time></trkpt>
    <trkpt lat="46.591825" lon="8.325859"><ele>1740.3</ele><time>2025-09-11T08:53:46Z</time></trkpt>
    <trkpt lat="46.591777" lon="8.325905"><ele>1740.9</ele><time>2025-09-11T08:53:48Z</time></trkpt>
    <trkpt lat="46.591770" lon="8.325915"><ele>1741.0</ele><time>2025-09-11T08:53:48Z</time></trkpt>
    <trkpt lat="46.591702" lon="8.325971"><ele>1741.7</ele><time>2025-09-11T08:53:51Z</time></trkpt>
    <trkpt lat="46.591693" lon="8.325977"><ele>1741.8</ele><time>2025-09-11T08:53:51Z</time></trkpt>
    <trkpt lat="46.591625" lon="8.326025"><ele>1742.6</ele><time>2025-09-11T08:53:54Z</time></trkpt>
    <trkpt lat="46.591598" lon="8.326046"><ele>1742.9</ele><time>2025-09-11T08:53:55Z</time></trkpt>
    <trkpt lat="46.591558" lon="8.326078"><ele>1743.3</ele><time>2025-09-11T08:53:56Z</time></trkpt>
    <trkpt lat="46.591514" lon="8.326122"><ele>1743.9</ele><time>2025-09-11T08:53:58Z</time></trkpt>
    <trkpt lat="46.591491" lon="8.326142"><ele>1744.1</ele><time>2025-09-11T08:53:59Z</time></trkpt>
    <trkpt lat="46.591420" lon="8.326197"><ele>1744.9</ele><time>2025-09-11T08:54:02Z</time></trkpt>
    <trkpt lat="46.591408" lon="8.326205"><ele>1745.0</ele><time>2025-09-11T08:54:02Z</time></trkpt>
    <trkpt lat="46.591361" lon="8.326249"><ele>1745.6</ele><time>2025-09-11T08:54:04Z</time></trkpt>
    <trkpt lat="46.591342" lon="8.326273"><ele>1745.9</ele><time>2025-09-11T08:54:05Z</time></trkpt>
    <trkpt lat="46.591325" lon="8.326297"><ele>1746.1</ele><time>2025-09-11T08:54:06Z</time></trkpt>
    <trkpt lat="46.591324" lon="8.326313"><ele>1746.2</ele><time>2025-09-11T08:54:06Z</time></trkpt>
    <trkpt lat="46.591290" lon="8.326394"><ele>1746.8</ele><time>2025-09-11T08:54:08Z</time></trkpt>
    <trkpt lat="46.591270" lon="8.326416"><ele>1747.1</ele><time>2025-09-11T08:54:09Z</time></trkpt>
    <trkpt lat="46.591231" lon="8.326468"><ele>1747.6</ele><time>2025-09-11T08:54:11Z</time></trkpt>
    <trkpt lat="46.591182" lon="8.326534"><ele>1748.3</ele><time>2025-09-11T08:54:13Z</time></trkpt>
    <trkpt lat="46.591161" lon="8.326562"><ele>1748.6</ele><time>2025-09-11T08:54:14Z</time></trkpt>
    <trkpt lat="46.591119" lon="8.326626"><ele>1749.2</ele><time>2025-09-11T08:54:16Z</time></trkpt>
    <trkpt lat="46.591097" lon="8.326673"><ele>1749.5</ele><time>2025-09-11T08:54:17Z</time></trkpt>
    <trkpt lat="46.591066" lon="8.326730"><ele>1750.0</ele><time>2025-09-11T08:54:19Z</time></trkpt>
    <trkpt lat="46.591061" lon="8.326742"><ele>1750.1</ele><time>2025-09-11T08:54:19Z</time></trkpt>
    <trkpt lat="46.591057" lon="8.326756"><ele>1750.2</ele><time>2025-09-11T08:54:20Z</time></trkpt>
    <trkpt lat="46.591019" lon="8.326861"><ele>1751.0</ele><time>2025-09-11T08:54:22Z</time></trkpt>
    <trkpt lat="46.590990" lon="8.326914"><ele>1751.5</ele><time>2025-09-11T08:54:24Z</time></trkpt>
    <trkpt lat="46.590983" lon="8.326921"><ele>1751.6</ele><time>2025-09-11T08:54:24Z</time></trkpt>
    <trkpt lat="46.590962" lon="8.326944"><ele>1751.8</ele><time>2025-09-11T08:54:25Z</time></trkpt>
    <trkpt lat="46.590936" lon="8.327004"><ele>1752.3</ele><time>2025-09-11T08:54:27Z</time></trkpt>
    <trkpt lat="46.590905" lon="8.327052"><ele>1752.8</ele><time>2025-09-11T08:54:28Z</time></trkpt>
    <trkpt lat="46.590883" lon="8.327095"><ele>1753.0</ele><time>2025-09-11T08:54:29Z</time></trkpt>
    <trkpt lat="46.590857" lon="8.327183"><ele>1753.4</ele><time>2025-09-11T08:54:32Z</time></trkpt>
    <trkpt lat="46.590841" lon="8.327216"><ele>1753.6</ele><time>2025-09-11T08:54:32Z</time></trkpt>
    <trkpt lat="46.590834" lon="8.327233"><ele>1753.6</ele><time>2025-09-11T08:54:33Z</time></trkpt>
    <trkpt lat="46.590817" lon="8.327270"><ele>1753.8</ele><time>2025-09-11T08:54:34Z</time></trkpt>
    <trkpt lat="46.590793" lon="8.327332"><ele>1754.1</ele><time>2025-09-11T08:54:36Z</time></trkpt>
    <trkpt lat="46.590785" lon="8.327345"><ele>1754.2</ele><time>2025-09-11T08:54:36Z</time></trkpt>
    <trkpt lat="46.590774" lon="8.327398"><ele>1754.4</ele><time>2025-09-11T08:54:37Z</time></trkpt>
    <trkpt lat="46.590744" lon="8.327416"><ele>1754.6</ele><time>2025-09-11T08:54:38Z</time></trkpt>
    <trkpt lat="46.590728" lon="8.327447"><ele>1754.7</ele><time>2025-09-11T08:54:39Z</time></trkpt>
    <trkpt lat="46.590710" lon="8.327495"><ele>1754.9</ele><time>2025-09-11T08:54:40Z</time></trkpt>
    <trkpt lat="46.590697" lon="8.327508"><ele>1755.0</ele><time>2025-09-11T08:54:41Z</time></trkpt>
    <trkpt lat="46.590690" lon="8.327519"><ele>1755.1</ele><time>2025-09-11T08:54:41Z</time></trkpt>
    <trkpt lat="46.590645" lon="8.327616"><ele>1755.6</ele><time>2025-09-11T08:54:44Z</time></trkpt>
    <trkpt lat="46.590640" lon="8.327645"><ele>1755.7</ele><time>2025-09-11T08:54:45Z</time></trkpt>
    <trkpt lat="46.590631" lon="8.327704"><ele>1755.9</ele><time>2025-09-11T08:54:46Z</time></trkpt>
    <trkpt lat="46.590634" lon="8.327719"><ele>1756.0</ele><time>2025-09-11T08:54:46Z</time></trkpt>
    <trkpt lat="46.590633" lon="8.327765"><ele>1756.2</ele><time>2025-09-11T08:54:48Z</time></trkpt>
    <trkpt lat="46.590626" lon="8.327818"><ele>1756.4</ele><time>2025-09-11T08:54:49Z</time></trkpt>
    <trkpt lat="46.590620" lon="8.327918"><ele>1756.8</ele><time>2025-09-11T08:54:51Z</time></trkpt>
    <trkpt lat="46.590621" lon="8.327961"><ele>1756.9</ele><time>2025-09-11T08:54:52Z</time></trkpt>
    <trkpt lat="46.590616" lon="8.328121"><ele>1757.6</ele><time>2025-09-11T08:54:56Z</time></trkpt>
    <trkpt lat="46.590614" lon="8.328165"><ele>1757.7</ele><time>2025-09-11T08:54:57Z</time></trkpt>
    <trkpt lat="46.590602" lon="8.328260"><ele>1758.1</ele><time>2025-09-11T08:54:59Z</time></trkpt>
    <trkpt lat="46.590582" lon="8.328396"><ele>1758.7</ele><time>2025-09-11T08:55:02Z</time></trkpt>
    <trkpt lat="46.590579" lon="8.328416"><ele>1758.8</ele><time>2025-09-11T08:55:03Z</time></trkpt>
    <trkpt lat="46.590565" lon="8.328553"><ele>1759.3</ele><time>2025-09-11T08:55:06Z</time></trkpt>
    <trkpt lat="46.590554" lon="8.328571"><ele>1759.4</ele><time>2025-09-11T08:55:06Z</time></trkpt>
    <trkpt lat="46.590516" lon="8.328580"><ele>1759.6</ele><time>2025-09-11T08:55:08Z</time></trkpt>
    <trkpt lat="46.590514" lon="8.328524"><ele>1759.8</ele><time>2025-09-11T08:55:09Z</time></trkpt>
    <trkpt lat="46.590538" lon="8.328426"><ele>1760.2</ele><time>2025-09-11T08:55:11Z</time></trkpt>
    <trkpt lat="46.590543" lon="8.328403"><ele>1760.3</ele><time>2025-09-11T08:55:12Z</time></trkpt>
    <trkpt lat="46.590554" lon="8.328309"><ele>1760.7</ele><time>2025-09-11T08:55:14Z</time></trkpt>
    <trkpt lat="46.590559" lon="8.328261"><ele>1760.9</ele><time>2025-09-11T08:55:15Z</time></trkpt>
    <trkpt lat="46.590562" lon="8.328237"><ele>1761.0</ele><time>2025-09-11T08:55:16Z</time></trkpt>
    <trkpt lat="46.590573" lon="8.328129"><ele>1761.4</ele><time>2025-09-11T08:55:18Z</time></trkpt>
    <trkpt lat="46.590572" lon="8.328089"><ele>1761.6</ele><time>2025-09-11T08:55:19Z</time></trkpt>
    <trkpt lat="46.590567" lon="8.327963"><ele>1762.1</ele><time>2025-09-11T08:55:22Z</time></trkpt>
    <trkpt lat="46.590552" lon="8.327831"><ele>1762.6</ele><time>2025-09-11T08:55:25Z</time></trkpt>
    <trkpt lat="46.590535" lon="8.327713"><ele>1763.1</ele><time>2025-09-11T08:55:28Z</time></trkpt>
    <trkpt lat="46.590505" lon="8.327604"><ele>1763.2</ele><time>2025-09-11T08:55:31Z</time></trkpt>
    <trkpt lat="46.590471" lon="8.327441"><ele>1763.3</ele><time>2025-09-11T08:55:34Z</time></trkpt>
    <trkpt lat="46.590436" lon="8.327216"><ele>1763.3</ele><time>2025-09-11T08:55:40Z</time></trkpt>
    <trkpt lat="46.590405" lon="8.327042"><ele>1763.4</ele><time>2025-09-11T08:55:44Z</time></trkpt>
    <trkpt lat="46.590394" lon="8.326989"><ele>1763.4</ele><time>2025-09-11T08:55:45Z</time></trkpt>
    <trkpt lat="46.590388" lon="8.326935"><ele>1763.4</ele><time>2025-09-11T08:55:46Z</time></trkpt>
    <trkpt lat="46.590383" lon="8.326857"><ele>1763.4</ele><time>2025-09-11T08:55:48Z</time></trkpt>
    <trkpt lat="46.590378" lon="8.326833"><ele>1763.4</ele><time>2025-09-11T08:55:49Z</time></trkpt>
    <trkpt lat="46.590351" lon="8.326728"><ele>1763.4</ele><time>2025-09-11T08:55:51Z</time></trkpt>
    <trkpt lat="46.590310" lon="8.326559"><ele>1763.5</ele><time>2025-09-11T08:55:55Z</time></trkpt>
    <trkpt lat="46.590264" lon="8.326461"><ele>1763.5</ele><time>2025-09-11T08:55:58Z</time></trkpt>
    <trkpt lat="46.590262" lon="8.326422"><ele>1763.5</ele><time>2025-09-11T08:55:59Z</time></trkpt>
    <trkpt lat="46.590263" lon="8.326417"><ele>1763.5</ele><time>2025-09-11T08:55:59Z</time></trkpt>
    <trkpt lat="46.590260" lon="8.326417"><ele>1763.5</ele><time>2025-09-11T08:55:59Z</time></trkpt>
    <trkpt lat="46.590260" lon="8.326417"><ele>1763.5</ele><time>2025-09-11T08:55:59Z</time></trkpt>
    <trkpt lat="46.590260" lon="8.326417"><ele>1763.5</ele><time>2025-09-11T08:55:59Z</time></trkpt>
    <trkpt lat="46.590377" lon="8.326820"><ele>1763.6</ele><time>2025-09-11T08:56:09Z</time></trkpt>
    <trkpt lat="46.590367" lon="8.326801"><ele>1763.6</ele><time>2025-09-11T08:56:10Z</time></trkpt>
    <trkpt lat="46.590387" lon="8.326855"><ele>1763.6</ele><time>2025-09-11T08:56:11Z</time></trkpt>
    <trkpt lat="46.590385" lon="8.326866"><ele>1763.6</ele><time>2025-09-11T08:56:12Z</time></trkpt>
    <trkpt lat="46.590396" lon="8.326976"><ele>1763.7</ele><time>2025-09-11T08:56:14Z</time></trkpt>
    <trkpt lat="46.590410" lon="8.327095"><ele>1763.7</ele><time>2025-09-11T08:56:17Z</time></trkpt>
    <trkpt lat="46.590427" lon="8.327159"><ele>1763.7</ele><time>2025-09-11T08:56:18Z</time></trkpt>
    <trkpt lat="46.590438" lon="8.327268"><ele>1763.7</ele><time>2025-09-11T08:56:21Z</time></trkpt>
    <trkpt lat="46.590445" lon="8.327301"><ele>1763.7</ele><time>2025-09-11T08:56:22Z</time></trkpt>
    <trkpt lat="46.590480" lon="8.327474"><ele>1763.8</ele><time>2025-09-11T08:56:26Z</time></trkpt>
    <trkpt lat="46.590527" lon="8.327719"><ele>1763.8</ele><time>2025-09-11T08:56:32Z</time></trkpt>
    <trkpt lat="46.590567" lon="8.327958"><ele>1763.7</ele><time>2025-09-11T08:56:37Z</time></trkpt>
    <trkpt lat="46.590555" lon="8.328244"><ele>1763.6</ele><time>2025-09-11T08:56:44Z</time></trkpt>
    <trkpt lat="46.590530" lon="8.328560"><ele>1763.5</ele><time>2025-09-11T08:56:51Z</time></trkpt>
    <trkpt lat="46.590496" lon="8.328735"><ele>1763.5</ele><time>2025-09-11T08:56:55Z</time></trkpt>
    <trkpt lat="46.590479" lon="8.328760"><ele>1763.5</ele><time>2025-09-11T08:56:56Z</time></trkpt>
    <trkpt lat="46.590349" lon="8.328912"><ele>1763.4</ele><time>2025-09-11T08:57:02Z</time></trkpt>
    <trkpt lat="46.590170" lon="8.329124"><ele>1763.3</ele><time>2025-09-11T08:57:09Z</time></trkpt>
    <trkpt lat="46.590114" lon="8.329181"><ele>1763.3</ele><time>2025-09-11T08:57:12Z</time></trkpt>
    <trkpt lat="46.589947" lon="8.329376"><ele>1763.2</ele><time>2025-09-11T08:57:19Z</time></trkpt>
    <trkpt lat="46.589917" lon="8.329405"><ele>1763.2</ele><time>2025-09-11T08:57:20Z</time></trkpt>
    <trkpt lat="46.589792" lon="8.329579"><ele>1763.1</ele><time>2025-09-11T08:57:26Z</time></trkpt>
    <trkpt lat="46.589745" lon="8.329665"><ele>1763.0</ele><time>2025-09-11T08:57:28Z</time></trkpt>
    <trkpt lat="46.589582" lon="8.330001"><ele>1762.9</ele><time>2025-09-11T08:57:38Z</time></trkpt>
    <trkpt lat="46.589400" lon="8.330345"><ele>1762.8</ele><time>2025-09-11T08:57:48Z</time></trkpt>
    <trkpt lat="46.589183" lon="8.330684"><ele>1762.7</ele><time>2025-09-11T08:57:58Z</time></trkpt>
    <trkpt lat="46.589156" lon="8.330732"><ele>1762.7</ele><time>2025-09-11T08:58:00Z</time></trkpt>
    <trkpt lat="46.588942" lon="8.331105"><ele>1762.5</ele><time>2025-09-11T08:58:11Z</time></trkpt>
    <trkpt lat="46.588769" lon="8.331372"><ele>1762.4</ele><time>2025-09-11T08:58:19Z</time></trkpt>
    <trkpt lat="46.588723" lon="8.331411"><ele>1762.4</ele><time>2025-09-11T08:58:21Z</time></trkpt>
    <trkpt lat="46.588571" lon="8.331484"><ele>1762.4</ele><time>2025-09-11T08:58:26Z</time></trkpt>
    <trkpt lat="46.588460" lon="8.331515"><ele>1762.4</ele><time>2025-09-11T08:58:30Z</time></trkpt>
    <trkpt lat="46.588405" lon="8.331515"><ele>1762.4</ele><time>2025-09-11T08:58:32Z</time></trkpt>
    <trkpt lat="46.588266" lon="8.331469"><ele>1762.4</ele><time>2025-09-11T08:58:37Z</time></trkpt>
    <trkpt lat="46.587966" lon="8.331258"><ele>1762.6</ele><time>2025-09-11T08:58:48Z</time></trkpt>
    <trkpt lat="46.587722" lon="8.331089"><ele>1762.7</ele><time>2025-09-11T08:58:57Z</time></trkpt>
    <trkpt lat="46.587679" lon="8.331071"><ele>1762.7</ele><time>2025-09-11T08:58:58Z</time></trkpt>
    <trkpt lat="46.587591" lon="8.331054"><ele>1762.7</ele><time>2025-09-11T08:59:01Z</time></trkpt>
    <trkpt lat="46.587504" lon="8.331077"><ele>1762.8</ele><time>2025-09-11T08:59:04Z</time></trkpt>
    <trkpt lat="46.587461" lon="8.331100"><ele>1762.8</ele><time>2025-09-11T08:59:06Z</time></trkpt>
    <trkpt lat="46.587421" lon="8.331131"><ele>1762.8</ele><time>2025-09-11T08:59:07Z</time></trkpt>
    <trkpt lat="46.587306" lon="8.331242"><ele>1762.9</ele><time>2025-09-11T08:59:12Z</time></trkpt>
    <trkpt lat="46.587275" lon="8.331293"><ele>1762.9</ele><time>2025-09-11T08:59:14Z</time></trkpt>
    <trkpt lat="46.586975" lon="8.331733"><ele>1763.1</ele><time>2025-09-11T08:59:28Z</time></trkpt>
    <trkpt lat="46.586890" lon="8.331796"><ele>1763.1</ele><time>2025-09-11T08:59:31Z</time></trkpt>
    <trkpt lat="46.586717" lon="8.331918"><ele>1763.1</ele><time>2025-09-11T08:59:37Z</time></trkpt>
    <trkpt lat="46.586359" lon="8.332168"><ele>1763.1</ele><time>2025-09-11T08:59:51Z</time></trkpt>
    <trkpt lat="46.586274" lon="8.332244"><ele>1763.1</ele><time>2025-09-11T08:59:54Z</time></trkpt>
    <trkpt lat="46.586098" lon="8.332472"><ele>1763.1</ele><time>2025-09-11T09:00:02Z</time></trkpt>
    <trkpt lat="46.585831" lon="8.332783"><ele>1763.1</ele><time>2025-09-11T09:00:13Z</time></trkpt>
    <trkpt lat="46.585555" lon="8.332960"><ele>1763.1</ele><time>2025-09-11T09:00:23Z</time></trkpt>
    <trkpt lat="46.585347" lon="8.332994"><ele>1763.1</ele><time>2025-09-11T09:00:30Z</time></trkpt>
    <trkpt lat="46.585247" lon="8.332994"><ele>1763.1</ele><time>2025-09-11T09:00:34Z</time></trkpt>
    <trkpt lat="46.584900" lon="8.333002"><ele>1763.2</ele><time>2025-09-11T09:00:45Z</time></trkpt>
    <trkpt lat="46.584621" lon="8.333128"><ele>1763.2</ele><time>2025-09-11T09:00:55Z</time></trkpt>
    <trkpt lat="46.584374" lon="8.333232"><ele>1763.3</ele><time>2025-09-11T09:01:03Z</time></trkpt>
    <trkpt lat="46.584215" lon="8.333256"><ele>1763.3</ele><time>2025-09-11T09:01:09Z</time></trkpt>
    <trkpt lat="46.583855" lon="8.333231"><ele>1763.4</ele><time>2025-09-11T09:01:21Z</time></trkpt>
    <trkpt lat="46.583805" lon="8.333223"><ele>1763.4</ele><time>2025-09-11T09:01:22Z</time></trkpt>
    <trkpt lat="46.583343" lon="8.333138"><ele>1763.7</ele><time>2025-09-11T09:01:38Z</time></trkpt>
    <trkpt lat="46.582846" lon="8.332959"><ele>1764.1</ele><time>2025-09-11T09:01:55Z</time></trkpt>
    <trkpt lat="46.582502" lon="8.332867"><ele>1764.3</ele><time>2025-09-11T09:02:07Z</time></trkpt>
    <trkpt lat="46.582209" lon="8.332913"><ele>1764.6</ele><time>2025-09-11T09:02:17Z</time></trkpt>
    <trkpt lat="46.582110" lon="8.332933"><ele>1764.6</ele><time>2025-09-11T09:02:20Z</time></trkpt>
    <trkpt lat="46.582110" lon="8.332933"><ele>1764.6</ele><time>2025-09-11T09:02:20Z</time></trkpt>
    <trkpt lat="46.582110" lon="8.332933"><ele>1764.6</ele><time>2025-09-11T09:02:20Z</time></trkpt>
    <trkpt lat="46.581641" lon="8.332986"><ele>1765.0</ele><time>2025-09-11T09:02:36Z</time></trkpt>
    <trkpt lat="46.581212" lon="8.333111"><ele>1765.2</ele><time>2025-09-11T09:02:50Z</time></trkpt>
    <trkpt lat="46.581107" lon="8.333148"><ele>1765.3</ele><time>2025-09-11T09:02:54Z</time></trkpt>
    <trkpt lat="46.580945" lon="8.333246"><ele>1765.4</ele><time>2025-09-11T09:03:00Z</time></trkpt>
    <trkpt lat="46.580880" lon="8.333325"><ele>1765.4</ele><time>2025-09-11T09:03:02Z</time></trkpt>
    <trkpt lat="46.580677" lon="8.333674"><ele>1765.6</ele><time>2025-09-11T09:03:13Z</time></trkpt>
    <trkpt lat="46.580471" lon="8.333958"><ele>1765.8</ele><time>2025-09-11T09:03:22Z</time></trkpt>
    <trkpt lat="46.580429" lon="8.333993"><ele>1765.8</ele><time>2025-09-11T09:03:24Z</time></trkpt>
    <trkpt lat="46.580347" lon="8.334059"><ele>1765.9</ele><time>2025-09-11T09:03:27Z</time></trkpt>
    <trkpt lat="46.580219" lon="8.334133"><ele>1766.6</ele><time>2025-09-11T09:03:32Z</time></trkpt>
    <trkpt lat="46.580136" lon="8.334175"><ele>1767.2</ele><time>2025-09-11T09:03:35Z</time></trkpt>
    <trkpt lat="46.579926" lon="8.334294"><ele>1768.7</ele><time>2025-09-11T09:03:42Z</time></trkpt>
    <trkpt lat="46.579898" lon="8.334312"><ele>1768.9</ele><time>2025-09-11T09:03:43Z</time></trkpt>
    <trkpt lat="46.579823" lon="8.334344"><ele>1769.4</ele><time>2025-09-11T09:03:46Z</time></trkpt>
    <trkpt lat="46.579775" lon="8.334377"><ele>1769.7</ele><time>2025-09-11T09:03:48Z</time></trkpt>
    <trkpt lat="46.579689" lon="8.334452"><ele>1770.4</ele><time>2025-09-11T09:03:51Z</time></trkpt>
    <trkpt lat="46.579647" lon="8.334494"><ele>1770.7</ele><time>2025-09-11T09:03:53Z</time></trkpt>
    <trkpt lat="46.579605" lon="8.334539"><ele>1771.1</ele><time>2025-09-11T09:03:54Z</time></trkpt>
    <trkpt lat="46.579560" lon="8.334587"><ele>1771.5</ele><time>2025-09-11T09:03:56Z</time></trkpt>
    <trkpt lat="46.579512" lon="8.334642"><ele>1771.9</ele><time>2025-09-11T09:03:58Z</time></trkpt>
    <trkpt lat="46.579480" lon="8.334694"><ele>1772.2</ele><time>2025-09-11T09:04:00Z</time></trkpt>
    <trkpt lat="46.579447" lon="8.334740"><ele>1772.5</ele><time>2025-09-11T09:04:01Z</time></trkpt>
    <trkpt lat="46.579417" lon="8.334792"><ele>1772.8</ele><time>2025-09-11T09:04:03Z</time></trkpt>
    <trkpt lat="46.579376" lon="8.334864"><ele>1773.2</ele><time>2025-09-11T09:04:05Z</time></trkpt>
    <trkpt lat="46.579336" lon="8.334953"><ele>1773.7</ele><time>2025-09-11T09:04:08Z</time></trkpt>
    <trkpt lat="46.579324" lon="8.334992"><ele>1773.9</ele><time>2025-09-11T09:04:09Z</time></trkpt>
    <trkpt lat="46.579287" lon="8.335099"><ele>1774.5</ele><time>2025-09-11T09:04:11Z</time></trkpt>
    <trkpt lat="46.579277" lon="8.335116"><ele>1774.6</ele><time>2025-09-11T09:04:12Z</time></trkpt>
    <trkpt lat="46.579237" lon="8.335208"><ele>1775.1</ele><time>2025-09-11T09:04:14Z</time></trkpt>
    <trkpt lat="46.579195" lon="8.335294"><ele>1775.5</ele><time>2025-09-11T09:04:17Z</time></trkpt>
    <trkpt lat="46.579180" lon="8.335321"><ele>1775.7</ele><time>2025-09-11T09:04:18Z</time></trkpt>
    <trkpt lat="46.579130" lon="8.335425"><ele>1776.3</ele><time>2025-09-11T09:04:20Z</time></trkpt>
    <trkpt lat="46.579064" lon="8.335570"><ele>1777.1</ele><time>2025-09-11T09:04:24Z</time></trkpt>
    <trkpt lat="46.579067" lon="8.335595"><ele>1777.2</ele><time>2025-09-11T09:04:25Z</time></trkpt>
    <trkpt lat="46.579046" lon="8.335642"><ele>1777.5</ele><time>2025-09-11T09:04:26Z</time></trkpt>
    <trkpt lat="46.579014" lon="8.335714"><ele>1777.8</ele><time>2025-09-11T09:04:28Z</time></trkpt>
    <trkpt lat="46.578997" lon="8.335743"><ele>1778.1</ele><time>2025-09-11T09:04:29Z</time></trkpt>
    <trkpt lat="46.578949" lon="8.335829"><ele>1778.7</ele><time>2025-09-11T09:04:32Z</time></trkpt>
    <trkpt lat="46.578932" lon="8.335865"><ele>1778.9</ele><time>2025-09-11T09:04:33Z</time></trkpt>
    <trkpt lat="46.578904" lon="8.335928"><ele>1779.4</ele><time>2025-09-11T09:04:34Z</time></trkpt>
    <trkpt lat="46.578858" lon="8.336002"><ele>1780.0</ele><time>2025-09-11T09:04:37Z</time></trkpt>
    <trkpt lat="46.578836" lon="8.336049"><ele>1780.3</ele><time>2025-09-11T09:04:38Z</time></trkpt>
    <trkpt lat="46.578778" lon="8.336137"><ele>1781.0</ele><time>2025-09-11T09:04:41Z</time></trkpt>
    <trkpt lat="46.578759" lon="8.336163"><ele>1781.2</ele><time>2025-09-11T09:04:42Z</time></trkpt>
    <trkpt lat="46.578718" lon="8.336226"><ele>1781.7</ele><time>2025-09-11T09:04:44Z</time></trkpt>
    <trkpt lat="46.578676" lon="8.336278"><ele>1782.2</ele><time>2025-09-11T09:04:45Z</time></trkpt>
    <trkpt lat="46.578642" lon="8.336324"><ele>1782.5</ele><time>2025-09-11T09:04:47Z</time></trkpt>
    <trkpt lat="46.578577" lon="8.336423"><ele>1783.3</ele><time>2025-09-11T09:04:50Z</time></trkpt>
    <trkpt lat="46.578523" lon="8.336501"><ele>1784.0</ele><time>2025-09-11T09:04:53Z</time></trkpt>
    <trkpt lat="46.578473" lon="8.336580"><ele>1784.6</ele><time>2025-09-11T09:04:55Z</time></trkpt>
    <trkpt lat="46.578414" lon="8.336657"><ele>1785.3</ele><time>2025-09-11T09:04:58Z</time></trkpt>
    <trkpt lat="46.578371" lon="8.336705"><ele>1785.7</ele><time>2025-09-11T09:05:00Z</time></trkpt>
    <trkpt lat="46.578364" lon="8.336719"><ele>1785.8</ele><time>2025-09-11T09:05:00Z</time></trkpt>
    <trkpt lat="46.578339" lon="8.336761"><ele>1786.1</ele><time>2025-09-11T09:05:01Z</time></trkpt>
    <trkpt lat="46.578307" lon="8.336794"><ele>1786.5</ele><time>2025-09-11T09:05:03Z</time></trkpt>
    <trkpt lat="46.578252" lon="8.336861"><ele>1787.1</ele><time>2025-09-11T09:05:05Z</time></trkpt>
    <trkpt lat="46.578224" lon="8.336896"><ele>1787.4</ele><time>2025-09-11T09:05:06Z</time></trkpt>
    <trkpt lat="46.578156" lon="8.336973"><ele>1788.1</ele><time>2025-09-11T09:05:09Z</time></trkpt>
    <trkpt lat="46.578138" lon="8.337001"><ele>1788.3</ele><time>2025-09-11T09:05:10Z</time></trkpt>
    <trkpt lat="46.578083" lon="8.337093"><ele>1789.0</ele><time>2025-09-11T09:05:13Z</time></trkpt>
    <trkpt lat="46.578072" lon="8.337105"><ele>1789.1</ele><time>2025-09-11T09:05:13Z</time></trkpt>
    <trkpt lat="46.578042" lon="8.337141"><ele>1789.4</ele><time>2025-09-11T09:05:15Z</time></trkpt>
    <trkpt lat="46.578030" lon="8.337155"><ele>1789.6</ele><time>2025-09-11T09:05:15Z</time></trkpt>
    <trkpt lat="46.578007" lon="8.337173"><ele>1789.8</ele><time>2025-09-11T09:05:16Z</time></trkpt>
    <trkpt lat="46.577948" lon="8.337254"><ele>1790.5</ele><time>2025-09-11T09:05:19Z</time></trkpt>
    <trkpt lat="46.577869" lon="8.337319"><ele>1791.2</ele><time>2025-09-11T09:05:22Z</time></trkpt>
    <trkpt lat="46.577857" lon="8.337328"><ele>1791.3</ele><time>2025-09-11T09:05:22Z</time></trkpt>
    <trkpt lat="46.577794" lon="8.337365"><ele>1791.9</ele><time>2025-09-11T09:05:24Z</time></trkpt>
    <trkpt lat="46.577734" lon="8.337399"><ele>1792.5</ele><time>2025-09-11T09:05:27Z</time></trkpt>
    <trkpt lat="46.577709" lon="8.337411"><ele>1792.7</ele><time>2025-09-11T09:05:27Z</time></trkpt>
    <trkpt lat="46.577631" lon="8.337439"><ele>1793.4</ele><time>2025-09-11T09:05:30Z</time></trkpt>
    <trkpt lat="46.577602" lon="8.337440"><ele>1793.7</ele><time>2025-09-11T09:05:31Z</time></trkpt>
    <trkpt lat="46.577572" lon="8.337439"><ele>1794.0</ele><time>2025-09-11T09:05:32Z</time></trkpt>
    <trkpt lat="46.577541" lon="8.337442"><ele>1794.3</ele><time>2025-09-11T09:05:33Z</time></trkpt>
    <trkpt lat="46.577514" lon="8.337443"><ele>1794.5</ele><time>2025-09-11T09:05:34Z</time></trkpt>
    <trkpt lat="46.577448" lon="8.337431"><ele>1795.2</ele><time>2025-09-11T09:05:36Z</time></trkpt>
    <trkpt lat="46.577424" lon="8.337422"><ele>1795.4</ele><time>2025-09-11T09:05:37Z</time></trkpt>
    <trkpt lat="46.577381" lon="8.337388"><ele>1795.9</ele><time>2025-09-11T09:05:39Z</time></trkpt>
    <trkpt lat="46.577341" lon="8.337367"><ele>1796.3</ele><time>2025-09-11T09:05:40Z</time></trkpt>
    <trkpt lat="46.577317" lon="8.337358"><ele>1796.5</ele><time>2025-09-11T09:05:41Z</time></trkpt>
    <trkpt lat="46.577261" lon="8.337316"><ele>1797.1</ele><time>2025-09-11T09:05:43Z</time></trkpt>
    <trkpt lat="46.577241" lon="8.337305"><ele>1797.3</ele><time>2025-09-11T09:05:44Z</time></trkpt>
    <trkpt lat="46.577195" lon="8.337262"><ele>1797.8</ele><time>2025-09-11T09:05:46Z</time></trkpt>
    <trkpt lat="46.577187" lon="8.337253"><ele>1797.9</ele><time>2025-09-11T09:05:46Z</time></trkpt>
    <trkpt lat="46.577148" lon="8.337195"><ele>1798.5</ele><time>2025-09-11T09:05:48Z</time></trkpt>
    <trkpt lat="46.577130" lon="8.337177"><ele>1798.7</ele><time>2025-09-11T09:05:48Z</time></trkpt>
    <trkpt lat="46.577083" lon="8.337146"><ele>1799.2</ele><time>2025-09-11T09:05:50Z</time></trkpt>
    <trkpt lat="46.577003" lon="8.337092"><ele>1800.0</ele><time>2025-09-11T09:05:53Z</time></trkpt>
    <trkpt lat="46.576931" lon="8.337052"><ele>1800.8</ele><time>2025-09-11T09:05:56Z</time></trkpt>
    <trkpt lat="46.576908" lon="8.337040"><ele>1801.0</ele><time>2025-09-11T09:05:57Z</time></trkpt>
    <trkpt lat="46.576849" lon="8.337013"><ele>1801.6</ele><time>2025-09-11T09:05:59Z</time></trkpt>
    <trkpt lat="46.576812" lon="8.337008"><ele>1801.9</ele><time>2025-09-11T09:06:00Z</time></trkpt>
    <trkpt lat="46.576768" lon="8.337008"><ele>1802.4</ele><time>2025-09-11T09:06:01Z</time></trkpt>
    <trkpt lat="46.576757" lon="8.337021"><ele>1802.5</ele><time>2025-09-11T09:06:02Z</time></trkpt>
    <trkpt lat="46.576716" lon="8.337013"><ele>1802.9</ele><time>2025-09-11T09:06:03Z</time></trkpt>
    <trkpt lat="46.576701" lon="8.337013"><ele>1803.0</ele><time>2025-09-11T09:06:04Z</time></trkpt>
    <trkpt lat="46.576637" lon="8.337021"><ele>1803.6</ele><time>2025-09-11T09:06:06Z</time></trkpt>
    <trkpt lat="46.576609" lon="8.337029"><ele>1803.9</ele><time>2025-09-11T09:06:07Z</time></trkpt>
    <trkpt lat="46.576572" lon="8.337044"><ele>1804.3</ele><time>2025-09-11T09:06:08Z</time></trkpt>
    <trkpt lat="46.576500" lon="8.337083"><ele>1805.0</ele><time>2025-09-11T09:06:11Z</time></trkpt>
    <trkpt lat="46.576443" lon="8.337138"><ele>1805.7</ele><time>2025-09-11T09:06:13Z</time></trkpt>
    <trkpt lat="46.576422" lon="8.337144"><ele>1805.9</ele><time>2025-09-11T09:06:14Z</time></trkpt>
    <trkpt lat="46.576370" lon="8.337204"><ele>1806.5</ele><time>2025-09-11T09:06:16Z</time></trkpt>
    <trkpt lat="46.576359" lon="8.337215"><ele>1806.6</ele><time>2025-09-11T09:06:16Z</time></trkpt>
    <trkpt lat="46.576325" lon="8.337262"><ele>1807.1</ele><time>2025-09-11T09:06:18Z</time></trkpt>
    <trkpt lat="46.576312" lon="8.337273"><ele>1807.2</ele><time>2025-09-11T09:06:18Z</time></trkpt>
    <trkpt lat="46.576261" lon="8.337341"><ele>1807.9</ele><time>2025-09-11T09:06:21Z</time></trkpt>
    <trkpt lat="46.576210" lon="8.337409"><ele>1808.6</ele><time>2025-09-11T09:06:23Z</time></trkpt>
    <trkpt lat="46.576170" lon="8.337464"><ele>1809.1</ele><time>2025-09-11T09:06:25Z</time></trkpt>
    <trkpt lat="46.576165" lon="8.337471"><ele>1809.1</ele><time>2025-09-11T09:06:25Z</time></trkpt>
    <trkpt lat="46.576153" lon="8.337493"><ele>1809.3</ele><time>2025-09-11T09:06:26Z</time></trkpt>
    <trkpt lat="46.576134" lon="8.337522"><ele>1809.6</ele><time>2025-09-11T09:06:27Z</time></trkpt>
    <trkpt lat="46.576127" lon="8.337530"><ele>1809.7</ele><time>2025-09-11T09:06:27Z</time></trkpt>
    <trkpt lat="46.576111" lon="8.337545"><ele>1809.9</ele><time>2025-09-11T09:06:27Z</time></trkpt>
    <trkpt lat="46.576094" lon="8.337566"><ele>1810.1</ele><time>2025-09-11T09:06:28Z</time></trkpt>
    <trkpt lat="46.576080" lon="8.337578"><ele>1810.2</ele><time>2025-09-11T09:06:29Z</time></trkpt>
    <trkpt lat="46.576055" lon="8.337608"><ele>1810.5</ele><time>2025-09-11T09:06:30Z</time></trkpt>
    <trkpt lat="46.576024" lon="8.337658"><ele>1811.0</ele><time>2025-09-11T09:06:31Z</time></trkpt>
    <trkpt lat="46.575973" lon="8.337721"><ele>1811.6</ele><time>2025-09-11T09:06:34Z</time></trkpt>
    <trkpt lat="46.575963" lon="8.337732"><ele>1811.7</ele><time>2025-09-11T09:06:34Z</time></trkpt>
    <trkpt lat="46.575904" lon="8.337785"><ele>1812.4</ele><time>2025-09-11T09:06:36Z</time></trkpt>
    <trkpt lat="46.575891" lon="8.337795"><ele>1812.5</ele><time>2025-09-11T09:06:37Z</time></trkpt>
    <trkpt lat="46.575851" lon="8.337839"><ele>1813.0</ele><time>2025-09-11T09:06:39Z</time></trkpt>
    <trkpt lat="46.575820" lon="8.337873"><ele>1813.4</ele><time>2025-09-11T09:06:40Z</time></trkpt>
    <trkpt lat="46.575755" lon="8.337920"><ele>1814.1</ele><time>2025-09-11T09:06:42Z</time></trkpt>
    <trkpt lat="46.575744" lon="8.337927"><ele>1814.2</ele><time>2025-09-11T09:06:43Z</time></trkpt>
    <trkpt lat="46.575696" lon="8.337960"><ele>1814.7</ele><time>2025-09-11T09:06:44Z</time></trkpt>
    <trkpt lat="46.575648" lon="8.337975"><ele>1815.2</ele><time>2025-09-11T09:06:46Z</time></trkpt>
    <trkpt lat="46.575628" lon="8.337976"><ele>1815.4</ele><time>2025-09-11T09:06:47Z</time></trkpt>
    <trkpt lat="46.575609" lon="8.337979"><ele>1815.6</ele><time>2025-09-11T09:06:47Z</time></trkpt>
    <trkpt lat="46.575608" lon="8.337979"><ele>1815.6</ele><time>2025-09-11T09:06:47Z</time></trkpt>
    <trkpt lat="46.575605" lon="8.337981"><ele>1815.6</ele><time>2025-09-11T09:06:47Z</time></trkpt>
    <trkpt lat="46.575586" lon="8.337991"><ele>1815.8</ele><time>2025-09-11T09:06:48Z</time></trkpt>
    <trkpt lat="46.575577" lon="8.337999"><ele>1815.9</ele><time>2025-09-11T09:06:49Z</time></trkpt>
    <trkpt lat="46.575558" lon="8.338001"><ele>1816.1</ele><time>2025-09-11T09:06:49Z</time></trkpt>
    <trkpt lat="46.575539" lon="8.338009"><ele>1816.3</ele><time>2025-09-11T09:06:50Z</time></trkpt>
    <trkpt lat="46.575462" lon="8.338030"><ele>1817.0</ele><time>2025-09-11T09:06:52Z</time></trkpt>
    <trkpt lat="46.575439" lon="8.338031"><ele>1817.2</ele><time>2025-09-11T09:06:53Z</time></trkpt>
    <trkpt lat="46.575401" lon="8.338034"><ele>1817.6</ele><time>2025-09-11T09:06:54Z</time></trkpt>
    <trkpt lat="46.575324" lon="8.338042"><ele>1818.3</ele><time>2025-09-11T09:06:57Z</time></trkpt>
    <trkpt lat="46.575257" lon="8.338045"><ele>1819.0</ele><time>2025-09-11T09:06:59Z</time></trkpt>
    <trkpt lat="46.575220" lon="8.338042"><ele>1819.3</ele><time>2025-09-11T09:07:01Z</time></trkpt>
    <trkpt lat="46.575189" lon="8.338036"><ele>1819.6</ele><time>2025-09-11T09:07:02Z</time></trkpt>
    <trkpt lat="46.575112" lon="8.338033"><ele>1820.4</ele><time>2025-09-11T09:07:04Z</time></trkpt>
    <trkpt lat="46.575102" lon="8.338031"><ele>1820.4</ele><time>2025-09-11T09:07:04Z</time></trkpt>
    <trkpt lat="46.575003" lon="8.338001"><ele>1821.4</ele><time>2025-09-11T09:07:08Z</time></trkpt>
    <trkpt lat="46.574926" lon="8.337965"><ele>1822.2</ele><time>2025-09-11T09:07:11Z</time></trkpt>
    <trkpt lat="46.574894" lon="8.337957"><ele>1822.5</ele><time>2025-09-11T09:07:12Z</time></trkpt>
    <trkpt lat="46.574847" lon="8.337939"><ele>1823.0</ele><time>2025-09-11T09:07:13Z</time></trkpt>
    <trkpt lat="46.574774" lon="8.337910"><ele>1823.7</ele><time>2025-09-11T09:07:16Z</time></trkpt>
    <trkpt lat="46.574709" lon="8.337884"><ele>1824.3</ele><time>2025-09-11T09:07:18Z</time></trkpt>
    <trkpt lat="46.574667" lon="8.337878"><ele>1824.7</ele><time>2025-09-11T09:07:19Z</time></trkpt>
    <trkpt lat="46.574639" lon="8.337858"><ele>1825.0</ele><time>2025-09-11T09:07:20Z</time></trkpt>
    <trkpt lat="46.574583" lon="8.337828"><ele>1825.6</ele><time>2025-09-11T09:07:22Z</time></trkpt>
    <trkpt lat="46.574559" lon="8.337818"><ele>1825.8</ele><time>2025-09-11T09:07:23Z</time></trkpt>
    <trkpt lat="46.574484" lon="8.337780"><ele>1826.6</ele><time>2025-09-11T09:07:26Z</time></trkpt>
    <trkpt lat="46.574470" lon="8.337771"><ele>1826.7</ele><time>2025-09-11T09:07:26Z</time></trkpt>
    <trkpt lat="46.574400" lon="8.337735"><ele>1827.4</ele><time>2025-09-11T09:07:29Z</time></trkpt>
    <trkpt lat="46.574388" lon="8.337727"><ele>1827.6</ele><time>2025-09-11T09:07:29Z</time></trkpt>
    <trkpt lat="46.574316" lon="8.337684"><ele>1828.3</ele><time>2025-09-11T09:07:32Z</time></trkpt>
    <trkpt lat="46.574259" lon="8.337660"><ele>1828.9</ele><time>2025-09-11T09:07:34Z</time></trkpt>
    <trkpt lat="46.574225" lon="8.337633"><ele>1829.2</ele><time>2025-09-11T09:07:35Z</time></trkpt>
    <trkpt lat="46.574169" lon="8.337591"><ele>1829.8</ele><time>2025-09-11T09:07:37Z</time></trkpt>
    <trkpt lat="46.574146" lon="8.337578"><ele>1830.1</ele><time>2025-09-11T09:07:38Z</time></trkpt>
    <trkpt lat="46.574080" lon="8.337526"><ele>1830.8</ele><time>2025-09-11T09:07:41Z</time></trkpt>
    <trkpt lat="46.574070" lon="8.337516"><ele>1830.9</ele><time>2025-09-11T09:07:41Z</time></trkpt>
    <trkpt lat="46.574026" lon="8.337464"><ele>1831.4</ele><time>2025-09-11T09:07:43Z</time></trkpt>
    <trkpt lat="46.574004" lon="8.337452"><ele>1831.6</ele><time>2025-09-11T09:07:44Z</time></trkpt>
    <trkpt lat="46.573992" lon="8.337427"><ele>1831.8</ele><time>2025-09-11T09:07:44Z</time></trkpt>
    <trkpt lat="46.573940" lon="8.337341"><ele>1832.6</ele><time>2025-09-11T09:07:47Z</time></trkpt>
    <trkpt lat="46.573884" lon="8.337245"><ele>1833.4</ele><time>2025-09-11T09:07:50Z</time></trkpt>
    <trkpt lat="46.573842" lon="8.337165"><ele>1834.1</ele><time>2025-09-11T09:07:52Z</time></trkpt>
    <trkpt lat="46.573828" lon="8.337115"><ele>1834.4</ele><time>2025-09-11T09:07:53Z</time></trkpt>
    <trkpt lat="46.573815" lon="8.337085"><ele>1834.6</ele><time>2025-09-11T09:07:54Z</time></trkpt>
    <trkpt lat="46.573800" lon="8.337031"><ele>1835.0</ele><time>2025-09-11T09:07:56Z</time></trkpt>
    <trkpt lat="46.573791" lon="8.337002"><ele>1835.2</ele><time>2025-09-11T09:07:56Z</time></trkpt>
    <trkpt lat="46.573778" lon="8.336921"><ele>1835.8</ele><time>2025-09-11T09:07:58Z</time></trkpt>
    <trkpt lat="46.573780" lon="8.336891"><ele>1836.0</ele><time>2025-09-11T09:07:59Z</time></trkpt>
    <trkpt lat="46.573781" lon="8.336846"><ele>1836.3</ele><time>2025-09-11T09:08:00Z</time></trkpt>
    <trkpt lat="46.573768" lon="8.336774"><ele>1836.7</ele><time>2025-09-11T09:08:02Z</time></trkpt>
    <trkpt lat="46.573766" lon="8.336753"><ele>1836.9</ele><time>2025-09-11T09:08:02Z</time></trkpt>
    <trkpt lat="46.573765" lon="8.336656"><ele>1837.5</ele><time>2025-09-11T09:08:04Z</time></trkpt>
    <trkpt lat="46.573767" lon="8.336592"><ele>1837.9</ele><time>2025-09-11T09:08:06Z</time></trkpt>
    <trkpt lat="46.573766" lon="8.336576"><ele>1838.0</ele><time>2025-09-11T09:08:06Z</time></trkpt>
    <trkpt lat="46.573765" lon="8.336561"><ele>1838.1</ele><time>2025-09-11T09:08:07Z</time></trkpt>
    <trkpt lat="46.573760" lon="8.336547"><ele>1838.2</ele><time>2025-09-11T09:08:07Z</time></trkpt>
    <trkpt lat="46.573757" lon="8.336530"><ele>1838.3</ele><time>2025-09-11T09:08:07Z</time></trkpt>
    <trkpt lat="46.573741" lon="8.336430"><ele>1839.0</ele><time>2025-09-11T09:08:10Z</time></trkpt>
    <trkpt lat="46.573739" lon="8.336412"><ele>1839.1</ele><time>2025-09-11T09:08:10Z</time></trkpt>
    <trkpt lat="46.573686" lon="8.336313"><ele>1839.9</ele><time>2025-09-11T09:08:13Z</time></trkpt>
    <trkpt lat="46.573623" lon="8.336262"><ele>1840.6</ele><time>2025-09-11T09:08:15Z</time></trkpt>
    <trkpt lat="46.573568" lon="8.336250"><ele>1841.2</ele><time>2025-09-11T09:08:17Z</time></trkpt>
    <trkpt lat="46.573543" lon="8.336244"><ele>1841.4</ele><time>2025-09-11T09:08:18Z</time></trkpt>
    <trkpt lat="46.573530" lon="8.336237"><ele>1841.5</ele><time>2025-09-11T09:08:19Z</time></trkpt>
    <trkpt lat="46.573508" lon="8.336233"><ele>1841.7</ele><time>2025-09-11T09:08:19Z</time></trkpt>
    <trkpt lat="46.573472" lon="8.336246"><ele>1842.1</ele><time>2025-09-11T09:08:21Z</time></trkpt>
    <trkpt lat="46.573423" lon="8.336329"><ele>1842.8</ele><time>2025-09-11T09:08:23Z</time></trkpt>
    <trkpt lat="46.573410" lon="8.336383"><ele>1843.2</ele><time>2025-09-11T09:08:24Z</time></trkpt>
    <trkpt lat="46.573409" lon="8.336457"><ele>1843.6</ele><time>2025-09-11T09:08:26Z</time></trkpt>
    <trkpt lat="46.573423" lon="8.336597"><ele>1844.6</ele><time>2025-09-11T09:08:29Z</time></trkpt>
    <trkpt lat="46.573417" lon="8.336646"><ele>1844.9</ele><time>2025-09-11T09:08:30Z</time></trkpt>
    <trkpt lat="46.573431" lon="8.336671"><ele>1845.1</ele><time>2025-09-11T09:08:31Z</time></trkpt>
    <trkpt lat="46.573436" lon="8.336690"><ele>1845.2</ele><time>2025-09-11T09:08:32Z</time></trkpt>
    <trkpt lat="46.573436" lon="8.336709"><ele>1845.3</ele><time>2025-09-11T09:08:32Z</time></trkpt>
    <trkpt lat="46.573449" lon="8.336826"><ele>1846.1</ele><time>2025-09-11T09:08:35Z</time></trkpt>
    <trkpt lat="46.573462" lon="8.336875"><ele>1846.4</ele><time>2025-09-11T09:08:36Z</time></trkpt>
    <trkpt lat="46.573475" lon="8.336908"><ele>1846.7</ele><time>2025-09-11T09:08:37Z</time></trkpt>
    <trkpt lat="46.573493" lon="8.336992"><ele>1847.2</ele><time>2025-09-11T09:08:39Z</time></trkpt>
    <trkpt lat="46.573495" lon="8.337011"><ele>1847.4</ele><time>2025-09-11T09:08:39Z</time></trkpt>
    <trkpt lat="46.573516" lon="8.337082"><ele>1847.9</ele><time>2025-09-11T09:08:41Z</time></trkpt>
    <trkpt lat="46.573521" lon="8.337146"><ele>1848.3</ele><time>2025-09-11T09:08:43Z</time></trkpt>
    <trkpt lat="46.573524" lon="8.337161"><ele>1848.4</ele><time>2025-09-11T09:08:43Z</time></trkpt>
    <trkpt lat="46.573553" lon="8.337250"><ele>1849.0</ele><time>2025-09-11T09:08:45Z</time></trkpt>
    <trkpt lat="46.573558" lon="8.337278"><ele>1849.2</ele><time>2025-09-11T09:08:46Z</time></trkpt>
    <trkpt lat="46.573568" lon="8.337349"><ele>1849.7</ele><time>2025-09-11T09:08:48Z</time></trkpt>
    <trkpt lat="46.573570" lon="8.337399"><ele>1850.0</ele><time>2025-09-11T09:08:49Z</time></trkpt>
    <trkpt lat="46.573588" lon="8.337488"><ele>1850.6</ele><time>2025-09-11T09:08:51Z</time></trkpt>
    <trkpt lat="46.573599" lon="8.337523"><ele>1850.8</ele><time>2025-09-11T09:08:52Z</time></trkpt>
    <trkpt lat="46.573616" lon="8.337557"><ele>1851.1</ele><time>2025-09-11T09:08:53Z</time></trkpt>
    <trkpt lat="46.573637" lon="8.337648"><ele>1851.7</ele><time>2025-09-11T09:08:55Z</time></trkpt>
    <trkpt lat="46.573648" lon="8.337678"><ele>1851.9</ele><time>2025-09-11T09:08:56Z</time></trkpt>
    <trkpt lat="46.573663" lon="8.337737"><ele>1852.3</ele><time>2025-09-11T09:08:57Z</time></trkpt>
    <trkpt lat="46.573681" lon="8.337785"><ele>1852.7</ele><time>2025-09-11T09:08:58Z</time></trkpt>
    <trkpt lat="46.573707" lon="8.337871"><ele>1853.3</ele><time>2025-09-11T09:09:01Z</time></trkpt>
    <trkpt lat="46.573718" lon="8.337903"><ele>1853.5</ele><time>2025-09-11T09:09:01Z</time></trkpt>
    <trkpt lat="46.573748" lon="8.337996"><ele>1854.2</ele><time>2025-09-11T09:09:04Z</time></trkpt>
    <trkpt lat="46.573758" lon="8.338045"><ele>1854.5</ele><time>2025-09-11T09:09:05Z</time></trkpt>
    <trkpt lat="46.573769" lon="8.338068"><ele>1854.7</ele><time>2025-09-11T09:09:05Z</time></trkpt>
    <trkpt lat="46.573797" lon="8.338169"><ele>1855.4</ele><time>2025-09-11T09:09:08Z</time></trkpt>
    <trkpt lat="46.573802" lon="8.338183"><ele>1855.5</ele><time>2025-09-11T09:09:08Z</time></trkpt>
    <trkpt lat="46.573858" lon="8.338298"><ele>1856.4</ele><time>2025-09-11T09:09:12Z</time></trkpt>
    <trkpt lat="46.573865" lon="8.338312"><ele>1856.5</ele><time>2025-09-11T09:09:12Z</time></trkpt>
    <trkpt lat="46.573918" lon="8.338427"><ele>1857.4</ele><time>2025-09-11T09:09:15Z</time></trkpt>
    <trkpt lat="46.573928" lon="8.338441"><ele>1857.5</ele><time>2025-09-11T09:09:16Z</time></trkpt>
    <trkpt lat="46.573965" lon="8.338519"><ele>1858.1</ele><time>2025-09-11T09:09:18Z</time></trkpt>
    <trkpt lat="46.573982" lon="8.338545"><ele>1858.3</ele><time>2025-09-11T09:09:19Z</time></trkpt>
    <trkpt lat="46.574037" lon="8.338625"><ele>1859.1</ele><time>2025-09-11T09:09:21Z</time></trkpt>
    <trkpt lat="46.574069" lon="8.338668"><ele>1859.5</ele><time>2025-09-11T09:09:23Z</time></trkpt>
    <trkpt lat="46.574094" lon="8.338703"><ele>1859.8</ele><time>2025-09-11T09:09:24Z</time></trkpt>
    <trkpt lat="46.574157" lon="8.338779"><ele>1860.6</ele><time>2025-09-11T09:09:27Z</time></trkpt>
    <trkpt lat="46.574226" lon="8.338841"><ele>1861.3</ele><time>2025-09-11T09:09:29Z</time></trkpt>
    <trkpt lat="46.574253" lon="8.338864"><ele>1861.5</ele><time>2025-09-11T09:09:30Z</time></trkpt>
    <trkpt lat="46.574294" lon="8.338891"><ele>1861.9</ele><time>2025-09-11T09:09:32Z</time></trkpt>
    <trkpt lat="46.574349" lon="8.338937"><ele>1862.4</ele><time>2025-09-11T09:09:34Z</time></trkpt>
    <trkpt lat="46.574376" lon="8.338960"><ele>1862.7</ele><time>2025-09-11T09:09:35Z</time></trkpt>
    <trkpt lat="46.574401" lon="8.338998"><ele>1863.0</ele><time>2025-09-11T09:09:36Z</time></trkpt>
    <trkpt lat="46.574475" lon="8.339058"><ele>1863.6</ele><time>2025-09-11T09:09:39Z</time></trkpt>
    <trkpt lat="46.574482" lon="8.339068"><ele>1863.7</ele><time>2025-09-11T09:09:39Z</time></trkpt>
    <trkpt lat="46.574539" lon="8.339105"><ele>1864.2</ele><time>2025-09-11T09:09:41Z</time></trkpt>
    <trkpt lat="46.574550" lon="8.339071"><ele>1864.4</ele><time>2025-09-11T09:09:42Z</time></trkpt>
    <trkpt lat="46.574575" lon="8.339005"><ele>1864.8</ele><time>2025-09-11T09:09:44Z</time></trkpt>
    <trkpt lat="46.574581" lon="8.339006"><ele>1864.9</ele><time>2025-09-11T09:09:44Z</time></trkpt>
    <trkpt lat="46.574586" lon="8.338992"><ele>1865.0</ele><time>2025-09-11T09:09:45Z</time></trkpt>
    <trkpt lat="46.574586" lon="8.338995"><ele>1865.0</ele><time>2025-09-11T09:09:45Z</time></trkpt>
    <trkpt lat="46.574586" lon="8.338995"><ele>1865.0</ele><time>2025-09-11T09:09:45Z</time></trkpt>
    <trkpt lat="46.574586" lon="8.338995"><ele>1865.0</ele><time>2025-09-11T09:09:45Z</time></trkpt>
    <trkpt lat="46.574661" lon="8.339186"><ele>1866.2</ele><time>2025-09-11T09:09:50Z</time></trkpt>
    <trkpt lat="46.574667" lon="8.339207"><ele>1866.3</ele><time>2025-09-11T09:09:50Z</time></trkpt>
    <trkpt lat="46.574693" lon="8.339241"><ele>1866.6</ele><time>2025-09-11T09:09:51Z</time></trkpt>
    <trkpt lat="46.574720" lon="8.339270"><ele>1866.9</ele><time>2025-09-11T09:09:52Z</time></trkpt>
    <trkpt lat="46.574782" lon="8.339322"><ele>1867.4</ele><time>2025-09-11T09:09:55Z</time></trkpt>
    <trkpt lat="46.574851" lon="8.339376"><ele>1868.1</ele><time>2025-09-11T09:09:57Z</time></trkpt>
    <trkpt lat="46.574876" lon="8.339389"><ele>1868.3</ele><time>2025-09-11T09:09:58Z</time></trkpt>
    <trkpt lat="46.574946" lon="8.339434"><ele>1868.9</ele><time>2025-09-11T09:10:01Z</time></trkpt>
    <trkpt lat="46.574977" lon="8.339456"><ele>1869.2</ele><time>2025-09-11T09:10:02Z</time></trkpt>
    <trkpt lat="46.575027" lon="8.339485"><ele>1869.6</ele><time>2025-09-11T09:10:04Z</time></trkpt>
    <trkpt lat="46.575105" lon="8.339529"><ele>1870.3</ele><time>2025-09-11T09:10:07Z</time></trkpt>
    <trkpt lat="46.575131" lon="8.339540"><ele>1870.5</ele><time>2025-09-11T09:10:08Z</time></trkpt>
    <trkpt lat="46.575209" lon="8.339561"><ele>1871.1</ele><time>2025-09-11T09:10:10Z</time></trkpt>
    <trkpt lat="46.575234" lon="8.339575"><ele>1871.3</ele><time>2025-09-11T09:10:11Z</time></trkpt>
    <trkpt lat="46.575291" lon="8.339592"><ele>1871.8</ele><time>2025-09-11T09:10:13Z</time></trkpt>
    <trkpt lat="46.575313" lon="8.339599"><ele>1872.0</ele><time>2025-09-11T09:10:14Z</time></trkpt>
    <trkpt lat="46.575378" lon="8.339611"><ele>1872.5</ele><time>2025-09-11T09:10:16Z</time></trkpt>
    <trkpt lat="46.575428" lon="8.339623"><ele>1872.9</ele><time>2025-09-11T09:10:18Z</time></trkpt>
    <trkpt lat="46.575465" lon="8.339624"><ele>1873.2</ele><time>2025-09-11T09:10:19Z</time></trkpt>
    <trkpt lat="46.575531" lon="8.339622"><ele>1873.7</ele><time>2025-09-11T09:10:21Z</time></trkpt>
    <trkpt lat="46.575541" lon="8.339620"><ele>1873.8</ele><time>2025-09-11T09:10:21Z</time></trkpt>
    <trkpt lat="46.575654" lon="8.339603"><ele>1874.7</ele><time>2025-09-11T09:10:25Z</time></trkpt>
    <trkpt lat="46.575754" lon="8.339589"><ele>1875.5</ele><time>2025-09-11T09:10:29Z</time></trkpt>
    <trkpt lat="46.575779" lon="8.339581"><ele>1875.7</ele><time>2025-09-11T09:10:29Z</time></trkpt>
    <trkpt lat="46.575818" lon="8.339571"><ele>1876.0</ele><time>2025-09-11T09:10:31Z</time></trkpt>
    <trkpt lat="46.575901" lon="8.339540"><ele>1876.6</ele><time>2025-09-11T09:10:34Z</time></trkpt>
    <trkpt lat="46.575926" lon="8.339536"><ele>1876.8</ele><time>2025-09-11T09:10:34Z</time></trkpt>
    <trkpt lat="46.575951" lon="8.339511"><ele>1877.0</ele><time>2025-09-11T09:10:35Z</time></trkpt>
    <trkpt lat="46.576023" lon="8.339486"><ele>1877.5</ele><time>2025-09-11T09:10:38Z</time></trkpt>
    <trkpt lat="46.576061" lon="8.339470"><ele>1877.8</ele><time>2025-09-11T09:10:39Z</time></trkpt>
    <trkpt lat="46.576100" lon="8.339460"><ele>1878.0</ele><time>2025-09-11T09:10:41Z</time></trkpt>
    <trkpt lat="46.576115" lon="8.339453"><ele>1878.1</ele><time>2025-09-11T09:10:41Z</time></trkpt>
    <trkpt lat="46.576143" lon="8.339440"><ele>1878.3</ele><time>2025-09-11T09:10:42Z</time></trkpt>
    <trkpt lat="46.576178" lon="8.339427"><ele>1878.6</ele><time>2025-09-11T09:10:43Z</time></trkpt>
    <trkpt lat="46.576270" lon="8.339378"><ele>1879.3</ele><time>2025-09-11T09:10:47Z</time></trkpt>
    <trkpt lat="46.576369" lon="8.339390"><ele>1880.0</ele><time>2025-09-11T09:10:50Z</time></trkpt>
    <trkpt lat="46.576386" lon="8.339404"><ele>1880.1</ele><time>2025-09-11T09:10:51Z</time></trkpt>
    <trkpt lat="46.576412" lon="8.339431"><ele>1880.3</ele><time>2025-09-11T09:10:52Z</time></trkpt>
    <trkpt lat="46.576425" lon="8.339466"><ele>1880.5</ele><time>2025-09-11T09:10:52Z</time></trkpt>
    <trkpt lat="46.576434" lon="8.339502"><ele>1880.7</ele><time>2025-09-11T09:10:53Z</time></trkpt>
    <trkpt lat="46.576430" lon="8.339524"><ele>1880.8</ele><time>2025-09-11T09:10:54Z</time></trkpt>
    <trkpt lat="46.576421" lon="8.339595"><ele>1881.1</ele><time>2025-09-11T09:10:56Z</time></trkpt>
    <trkpt lat="46.576410" lon="8.339620"><ele>1881.3</ele><time>2025-09-11T09:10:56Z</time></trkpt>
    <trkpt lat="46.576336" lon="8.339694"><ele>1881.9</ele><time>2025-09-11T09:10:59Z</time></trkpt>
    <trkpt lat="46.576219" lon="8.339717"><ele>1882.7</ele><time>2025-09-11T09:11:03Z</time></trkpt>
    <trkpt lat="46.576207" lon="8.339719"><ele>1882.8</ele><time>2025-09-11T09:11:04Z</time></trkpt>
    <trkpt lat="46.576091" lon="8.339716"><ele>1883.6</ele><time>2025-09-11T09:11:07Z</time></trkpt>
    <trkpt lat="46.576064" lon="8.339710"><ele>1883.8</ele><time>2025-09-11T09:11:08Z</time></trkpt>
    <trkpt lat="46.575990" lon="8.339704"><ele>1884.3</ele><time>2025-09-11T09:11:11Z</time></trkpt>
    <trkpt lat="46.575907" lon="8.339710"><ele>1884.9</ele><time>2025-09-11T09:11:14Z</time></trkpt>
    <trkpt lat="46.575878" lon="8.339713"><ele>1885.1</ele><time>2025-09-11T09:11:15Z</time></trkpt>
    <trkpt lat="46.575812" lon="8.339732"><ele>1885.6</ele><time>2025-09-11T09:11:17Z</time></trkpt>
    <trkpt lat="46.575759" lon="8.339745"><ele>1885.9</ele><time>2025-09-11T09:11:19Z</time></trkpt>
    <trkpt lat="46.575719" lon="8.339751"><ele>1886.2</ele><time>2025-09-11T09:11:20Z</time></trkpt>
    <trkpt lat="46.575653" lon="8.339773"><ele>1886.7</ele><time>2025-09-11T09:11:22Z</time></trkpt>
    <trkpt lat="46.575611" lon="8.339790"><ele>1887.0</ele><time>2025-09-11T09:11:24Z</time></trkpt>
    <trkpt lat="46.575521" lon="8.339822"><ele>1887.6</ele><time>2025-09-11T09:11:27Z</time></trkpt>
    <trkpt lat="46.575456" lon="8.339837"><ele>1888.1</ele><time>2025-09-11T09:11:29Z</time></trkpt>
    <trkpt lat="46.575445" lon="8.339842"><ele>1888.1</ele><time>2025-09-11T09:11:29Z</time></trkpt>
    <trkpt lat="46.575435" lon="8.339845"><ele>1888.2</ele><time>2025-09-11T09:11:30Z</time></trkpt>
    <trkpt lat="46.575364" lon="8.339872"><ele>1888.7</ele><time>2025-09-11T09:11:32Z</time></trkpt>
    <trkpt lat="46.575344" lon="8.339873"><ele>1888.8</ele><time>2025-09-11T09:11:33Z</time></trkpt>
    <trkpt lat="46.575277" lon="8.339893"><ele>1889.3</ele><time>2025-09-11T09:11:35Z</time></trkpt>
    <trkpt lat="46.575205" lon="8.339911"><ele>1889.7</ele><time>2025-09-11T09:11:38Z</time></trkpt>
    <trkpt lat="46.575191" lon="8.339912"><ele>1889.8</ele><time>2025-09-11T09:11:38Z</time></trkpt>
    <trkpt lat="46.575116" lon="8.339954"><ele>1890.4</ele><time>2025-09-11T09:11:41Z</time></trkpt>
    <trkpt lat="46.575092" lon="8.339964"><ele>1890.5</ele><time>2025-09-11T09:11:41Z</time></trkpt>
    <trkpt lat="46.575039" lon="8.339970"><ele>1890.9</ele><time>2025-09-11T09:11:43Z</time></trkpt>
    <trkpt lat="46.575007" lon="8.339983"><ele>1891.1</ele><time>2025-09-11T09:11:44Z</time></trkpt>
    <trkpt lat="46.574958" lon="8.340003"><ele>1891.4</ele><time>2025-09-11T09:11:46Z</time></trkpt>
    <trkpt lat="46.574890" lon="8.340025"><ele>1891.9</ele><time>2025-09-11T09:11:48Z</time></trkpt>
    <trkpt lat="46.574859" lon="8.340023"><ele>1892.1</ele><time>2025-09-11T09:11:49Z</time></trkpt>
    <trkpt lat="46.574833" lon="8.340035"><ele>1892.3</ele><time>2025-09-11T09:11:50Z</time></trkpt>
    <trkpt lat="46.574763" lon="8.340056"><ele>1892.7</ele><time>2025-09-11T09:11:53Z</time></trkpt>
    <trkpt lat="46.574709" lon="8.340072"><ele>1893.1</ele><time>2025-09-11T09:11:55Z</time></trkpt>
    <trkpt lat="46.574659" lon="8.340082"><ele>1893.4</ele><time>2025-09-11T09:11:56Z</time></trkpt>
    <trkpt lat="46.574569" lon="8.340104"><ele>1894.0</ele><time>2025-09-11T09:11:59Z</time></trkpt>
    <trkpt lat="46.574458" lon="8.340111"><ele>1894.8</ele><time>2025-09-11T09:12:03Z</time></trkpt>
    <trkpt lat="46.574373" lon="8.340111"><ele>1895.3</ele><time>2025-09-11T09:12:06Z</time></trkpt>
    <trkpt lat="46.574357" lon="8.340097"><ele>1895.4</ele><time>2025-09-11T09:12:06Z</time></trkpt>
    <trkpt lat="46.574357" lon="8.340097"><ele>1895.4</ele><time>2025-09-11T09:12:06Z</time></trkpt>
    <trkpt lat="46.574357" lon="8.340097"><ele>1895.4</ele><time>2025-09-11T09:12:06Z</time></trkpt>
    <trkpt lat="46.574367" lon="8.340099"><ele>1895.5</ele><time>2025-09-11T09:12:07Z</time></trkpt>
    <trkpt lat="46.574375" lon="8.340097"><ele>1895.6</ele><time>2025-09-11T09:12:07Z</time></trkpt>
    <trkpt lat="46.574375" lon="8.340097"><ele>1895.6</ele><time>2025-09-11T09:12:07Z</time></trkpt>
    <trkpt lat="46.574375" lon="8.340097"><ele>1895.6</ele><time>2025-09-11T09:12:07Z</time></trkpt>
    <trkpt lat="46.574358" lon="8.340124"><ele>1895.7</ele><time>2025-09-11T09:12:08Z</time></trkpt>
    <trkpt lat="46.574364" lon="8.340128"><ele>1895.8</ele><time>2025-09-11T09:12:08Z</time></trkpt>
    <trkpt lat="46.574370" lon="8.340130"><ele>1895.8</ele><time>2025-09-11T09:12:08Z</time></trkpt>
    <trkpt lat="46.574381" lon="8.340140"><ele>1895.9</ele><time>2025-09-11T09:12:09Z</time></trkpt>
    <trkpt lat="46.574388" lon="8.340157"><ele>1896.0</ele><time>2025-09-11T09:12:09Z</time></trkpt>
    <trkpt lat="46.574377" lon="8.340191"><ele>1896.1</ele><time>2025-09-11T09:12:10Z</time></trkpt>
    <trkpt lat="46.574362" lon="8.340191"><ele>1896.2</ele><time>2025-09-11T09:12:11Z</time></trkpt>
    <trkpt lat="46.574242" lon="8.340198"><ele>1897.0</ele><time>2025-09-11T09:12:15Z</time></trkpt>
    <trkpt lat="46.574185" lon="8.340201"><ele>1897.4</ele><time>2025-09-11T09:12:16Z</time></trkpt>
    <trkpt lat="46.574141" lon="8.340198"><ele>1897.7</ele><time>2025-09-11T09:12:18Z</time></trkpt>
    <trkpt lat="46.574024" lon="8.340212"><ele>1898.5</ele><time>2025-09-11T09:12:22Z</time></trkpt>
    <trkpt lat="46.574002" lon="8.340214"><ele>1898.6</ele><time>2025-09-11T09:12:23Z</time></trkpt>
    <trkpt lat="46.573917" lon="8.340217"><ele>1899.2</ele><time>2025-09-11T09:12:25Z</time></trkpt>
    <trkpt lat="46.573841" lon="8.340218"><ele>1899.7</ele><time>2025-09-11T09:12:28Z</time></trkpt>
    <trkpt lat="46.573757" lon="8.340155"><ele>1899.8</ele><time>2025-09-11T09:12:31Z</time></trkpt>
    <trkpt lat="46.573747" lon="8.340132"><ele>1899.8</ele><time>2025-09-11T09:12:32Z</time></trkpt>
    <trkpt lat="46.573686" lon="8.340008"><ele>1899.9</ele><time>2025-09-11T09:12:35Z</time></trkpt>
    <trkpt lat="46.573681" lon="8.339980"><ele>1900.0</ele><time>2025-09-11T09:12:36Z</time></trkpt>
    <trkpt lat="46.573689" lon="8.339910"><ele>1900.0</ele><time>2025-09-11T09:12:38Z</time></trkpt>
    <trkpt lat="46.573688" lon="8.339912"><ele>1900.0</ele><time>2025-09-11T09:12:38Z</time></trkpt>
    <trkpt lat="46.573689" lon="8.339903"><ele>1900.0</ele><time>2025-09-11T09:12:38Z</time></trkpt>
    <trkpt lat="46.573689" lon="8.339783"><ele>1900.1</ele><time>2025-09-11T09:12:41Z</time></trkpt>
    <trkpt lat="46.573695" lon="8.339764"><ele>1900.1</ele><time>2025-09-11T09:12:41Z</time></trkpt>
    <trkpt lat="46.573687" lon="8.339709"><ele>1900.1</ele><time>2025-09-11T09:12:42Z</time></trkpt>
    <trkpt lat="46.573703" lon="8.339550"><ele>1900.2</ele><time>2025-09-11T09:12:46Z</time></trkpt>
    <trkpt lat="46.573698" lon="8.339408"><ele>1900.3</ele><time>2025-09-11T09:12:49Z</time></trkpt>
    <trkpt lat="46.573696" lon="8.339350"><ele>1900.3</ele><time>2025-09-11T09:12:51Z</time></trkpt>
    <trkpt lat="46.573696" lon="8.339345"><ele>1900.3</ele><time>2025-09-11T09:12:51Z</time></trkpt>
    <trkpt lat="46.573691" lon="8.339342"><ele>1900.3</ele><time>2025-09-11T09:12:51Z</time></trkpt>
    <trkpt lat="46.573686" lon="8.339335"><ele>1900.3</ele><time>2025-09-11T09:12:51Z</time></trkpt>
    <trkpt lat="46.573691" lon="8.339342"><ele>1900.4</ele><time>2025-09-11T09:12:51Z</time></trkpt>
    <trkpt lat="46.573695" lon="8.339352"><ele>1900.4</ele><time>2025-09-11T09:12:52Z</time></trkpt>
    <trkpt lat="46.573700" lon="8.339341"><ele>1900.4</ele><time>2025-09-11T09:12:52Z</time></trkpt>
    <trkpt lat="46.573691" lon="8.339342"><ele>1900.4</ele><time>2025-09-11T09:12:52Z</time></trkpt>
    <trkpt lat="46.573694" lon="8.339336"><ele>1900.4</ele><time>2025-09-11T09:12:52Z</time></trkpt>
    <trkpt lat="46.573691" lon="8.339342"><ele>1900.4</ele><time>2025-09-11T09:12:53Z</time></trkpt>
    <trkpt lat="46.573691" lon="8.339342"><ele>1900.4</ele><time>2025-09-11T09:12:53Z</time></trkpt>
    <trkpt lat="46.573691" lon="8.339342"><ele>1900.4</ele><time>2025-09-11T09:12:53Z</time></trkpt>
    <trkpt lat="46.573689" lon="8.339356"><ele>1900.4</ele><time>2025-09-11T09:12:53Z</time></trkpt>
    <trkpt lat="46.573675" lon="8.339331"><ele>1900.4</ele><time>2025-09-11T09:12:54Z</time></trkpt>
    <trkpt lat="46.573689" lon="8.339320"><ele>1900.4</ele><time>2025-09-11T09:12:54Z</time></trkpt>
    <trkpt lat="46.573689" lon="8.339320"><ele>1900.4</ele><time>2025-09-11T09:12:54Z</time></trkpt>
    <trkpt lat="46.573698" lon="8.339340"><ele>1900.4</ele><time>2025-09-11T09:12:55Z</time></trkpt>
    <trkpt lat="46.573705" lon="8.339358"><ele>1900.5</ele><time>2025-09-11T09:12:55Z</time></trkpt>
    <trkpt lat="46.573699" lon="8.339357"><ele>1900.5</ele><time>2025-09-11T09:12:55Z</time></trkpt>
    <trkpt lat="46.573691" lon="8.339335"><ele>1900.5</ele><time>2025-09-11T09:12:56Z</time></trkpt>
    <trkpt lat="46.573684" lon="8.339337"><ele>1900.5</ele><time>2025-09-11T09:12:56Z</time></trkpt>
    <trkpt lat="46.573686" lon="8.339333"><ele>1900.5</ele><time>2025-09-11T09:12:56Z</time></trkpt>
    <trkpt lat="46.573696" lon="8.339344"><ele>1900.5</ele><time>2025-09-11T09:12:57Z</time></trkpt>
    <trkpt lat="46.573699" lon="8.339357"><ele>1900.5</ele><time>2025-09-11T09:12:57Z</time></trkpt>
    <trkpt lat="46.573688" lon="8.339351"><ele>1900.5</ele><time>2025-09-11T09:12:57Z</time></trkpt>
    <trkpt lat="46.573695" lon="8.339345"><ele>1900.5</ele><time>2025-09-11T09:12:58Z</time></trkpt>
    <trkpt lat="46.573706" lon="8.339351"><ele>1900.5</ele><time>2025-09-11T09:12:58Z</time></trkpt>
    <trkpt lat="46.573706" lon="8.339351"><ele>1900.5</ele><time>2025-09-11T09:12:58Z</time></trkpt>
    <trkpt lat="46.573706" lon="8.339351"><ele>1900.5</ele><time>2025-09-11T09:12:58Z</time></trkpt>
    <trkpt lat="46.573547" lon="8.340208"><ele>1901.1</ele><time>2025-09-11T09:13:18Z</time></trkpt>
    <trkpt lat="46.573497" lon="8.340165"><ele>1901.1</ele><time>2025-09-11T09:13:20Z</time></trkpt>
    <trkpt lat="46.573337" lon="8.340193"><ele>1901.3</ele><time>2025-09-11T09:13:26Z</time></trkpt>
    <trkpt lat="46.573135" lon="8.340173"><ele>1901.3</ele><time>2025-09-11T09:13:33Z</time></trkpt>
    <trkpt lat="46.572969" lon="8.340188"><ele>1901.2</ele><time>2025-09-11T09:13:38Z</time></trkpt>
    <trkpt lat="46.572933" lon="8.340190"><ele>1901.2</ele><time>2025-09-11T09:13:39Z</time></trkpt>
    <trkpt lat="46.572752" lon="8.340195"><ele>1901.2</ele><time>2025-09-11T09:13:45Z</time></trkpt>
    <trkpt lat="46.572715" lon="8.340196"><ele>1901.1</ele><time>2025-09-11T09:13:47Z</time></trkpt>
    <trkpt lat="46.572679" lon="8.340201"><ele>1901.1</ele><time>2025-09-11T09:13:48Z</time></trkpt>
    <trkpt lat="46.572566" lon="8.340194"><ele>1901.1</ele><time>2025-09-11T09:13:52Z</time></trkpt>
    <trkpt lat="46.572164" lon="8.340124"><ele>1900.9</ele><time>2025-09-11T09:14:05Z</time></trkpt>
    <trkpt lat="46.572047" lon="8.340087"><ele>1900.9</ele><time>2025-09-11T09:14:09Z</time></trkpt>
    <trkpt lat="46.571762" lon="8.339997"><ele>1900.8</ele><time>2025-09-11T09:14:19Z</time></trkpt>
    <trkpt lat="46.571636" lon="8.339956"><ele>1900.8</ele><time>2025-09-11T09:14:23Z</time></trkpt>
    <trkpt lat="46.571596" lon="8.339944"><ele>1900.7</ele><time>2025-09-11T09:14:24Z</time></trkpt>
    <trkpt lat="46.571556" lon="8.339932"><ele>1900.7</ele><time>2025-09-11T09:14:26Z</time></trkpt>
    <trkpt lat="46.571480" lon="8.339906"><ele>1900.7</ele><time>2025-09-11T09:14:28Z</time></trkpt>
    <trkpt lat="46.571403" lon="8.339880"><ele>1900.8</ele><time>2025-09-11T09:14:31Z</time></trkpt>
    <trkpt lat="46.571205" lon="8.339796"><ele>1900.9</ele><time>2025-09-11T09:14:38Z</time></trkpt>
    <trkpt lat="46.571167" lon="8.339778"><ele>1901.0</ele><time>2025-09-11T09:14:39Z</time></trkpt>
    <trkpt lat="46.571127" lon="8.339760"><ele>1901.0</ele><time>2025-09-11T09:14:41Z</time></trkpt>
    <trkpt lat="46.571092" lon="8.339740"><ele>1901.0</ele><time>2025-09-11T09:14:42Z</time></trkpt>
    <trkpt lat="46.571019" lon="8.339699"><ele>1901.1</ele><time>2025-09-11T09:14:45Z</time></trkpt>
    <trkpt lat="46.570650" lon="8.339438"><ele>1901.4</ele><time>2025-09-11T09:14:58Z</time></trkpt>
    <trkpt lat="46.570451" lon="8.339231"><ele>1901.6</ele><time>2025-09-11T09:15:06Z</time></trkpt>
    <trkpt lat="46.570386" lon="8.339145"><ele>1901.6</ele><time>2025-09-11T09:15:09Z</time></trkpt>
    <trkpt lat="46.570176" lon="8.338763"><ele>1901.9</ele><time>2025-09-11T09:15:20Z</time></trkpt>
    <trkpt lat="46.570034" lon="8.338400"><ele>1902.4</ele><time>2025-09-11T09:15:30Z</time></trkpt>
    <trkpt lat="46.569983" lon="8.338241"><ele>1903.3</ele><time>2025-09-11T09:15:34Z</time></trkpt>
    <trkpt lat="46.569954" lon="8.338141"><ele>1903.8</ele><time>2025-09-11T09:15:37Z</time></trkpt>
    <trkpt lat="46.569873" lon="8.337893"><ele>1905.1</ele><time>2025-09-11T09:15:43Z</time></trkpt>
    <trkpt lat="46.569859" lon="8.337856"><ele>1905.3</ele><time>2025-09-11T09:15:44Z</time></trkpt>
    <trkpt lat="46.569803" lon="8.337691"><ele>1906.2</ele><time>2025-09-11T09:15:48Z</time></trkpt>
    <trkpt lat="46.569787" lon="8.337642"><ele>1906.5</ele><time>2025-09-11T09:15:49Z</time></trkpt>
    <trkpt lat="46.569769" lon="8.337598"><ele>1906.7</ele><time>2025-09-11T09:15:50Z</time></trkpt>
    <trkpt lat="46.569764" lon="8.337580"><ele>1906.8</ele><time>2025-09-11T09:15:51Z</time></trkpt>
    <trkpt lat="46.569756" lon="8.337557"><ele>1906.9</ele><time>2025-09-11T09:15:52Z</time></trkpt>
    <trkpt lat="46.569747" lon="8.337541"><ele>1907.0</ele><time>2025-09-11T09:15:52Z</time></trkpt>
    <trkpt lat="46.569693" lon="8.337414"><ele>1907.8</ele><time>2025-09-11T09:15:55Z</time></trkpt>
    <trkpt lat="46.569683" lon="8.337393"><ele>1907.9</ele><time>2025-09-11T09:15:56Z</time></trkpt>
    <trkpt lat="46.569638" lon="8.337299"><ele>1908.4</ele><time>2025-09-11T09:15:59Z</time></trkpt>
    <trkpt lat="46.569618" lon="8.337264"><ele>1908.7</ele><time>2025-09-11T09:16:00Z</time></trkpt>
    <trkpt lat="46.569547" lon="8.337152"><ele>1909.4</ele><time>2025-09-11T09:16:03Z</time></trkpt>
    <trkpt lat="46.569538" lon="8.337139"><ele>1909.5</ele><time>2025-09-11T09:16:04Z</time></trkpt>
    <trkpt lat="46.569444" lon="8.337007"><ele>1910.4</ele><time>2025-09-11T09:16:08Z</time></trkpt>
    <trkpt lat="46.569419" lon="8.336975"><ele>1910.6</ele><time>2025-09-11T09:16:09Z</time></trkpt>
    <trkpt lat="46.569371" lon="8.336898"><ele>1911.2</ele><time>2025-09-11T09:16:11Z</time></trkpt>
    <trkpt lat="46.569340" lon="8.336854"><ele>1911.5</ele><time>2025-09-11T09:16:13Z</time></trkpt>
    <trkpt lat="46.569273" lon="8.336774"><ele>1912.1</ele><time>2025-09-11T09:16:16Z</time></trkpt>
    <trkpt lat="46.569246" lon="8.336738"><ele>1912.3</ele><time>2025-09-11T09:16:17Z</time></trkpt>
    <trkpt lat="46.569199" lon="8.336668"><ele>1912.8</ele><time>2025-09-11T09:16:19Z</time></trkpt>
    <trkpt lat="46.569166" lon="8.336619"><ele>1913.1</ele><time>2025-09-11T09:16:21Z</time></trkpt>
    <trkpt lat="46.569153" lon="8.336606"><ele>1913.2</ele><time>2025-09-11T09:16:21Z</time></trkpt>
    <trkpt lat="46.569123" lon="8.336554"><ele>1913.6</ele><time>2025-09-11T09:16:23Z</time></trkpt>
    <trkpt lat="46.569080" lon="8.336473"><ele>1914.1</ele><time>2025-09-11T09:16:25Z</time></trkpt>
    <trkpt lat="46.569050" lon="8.336413"><ele>1914.4</ele><time>2025-09-11T09:16:27Z</time></trkpt>
    <trkpt lat="46.569022" lon="8.336363"><ele>1914.7</ele><time>2025-09-11T09:16:28Z</time></trkpt>
    <trkpt lat="46.568987" lon="8.336293"><ele>1915.3</ele><time>2025-09-11T09:16:30Z</time></trkpt>
    <trkpt lat="46.568956" lon="8.336230"><ele>1915.8</ele><time>2025-09-11T09:16:32Z</time></trkpt>
    <trkpt lat="46.568911" lon="8.336145"><ele>1916.4</ele><time>2025-09-11T09:16:35Z</time></trkpt>
    <trkpt lat="46.568904" lon="8.336133"><ele>1916.5</ele><time>2025-09-11T09:16:35Z</time></trkpt>
    <trkpt lat="46.568838" lon="8.336011"><ele>1917.5</ele><time>2025-09-11T09:16:39Z</time></trkpt>
    <trkpt lat="46.568829" lon="8.335999"><ele>1917.6</ele><time>2025-09-11T09:16:39Z</time></trkpt>
    <trkpt lat="46.568771" lon="8.335876"><ele>1918.5</ele><time>2025-09-11T09:16:42Z</time></trkpt>
    <trkpt lat="46.568720" lon="8.335750"><ele>1919.5</ele><time>2025-09-11T09:16:46Z</time></trkpt>
    <trkpt lat="46.568713" lon="8.335736"><ele>1919.6</ele><time>2025-09-11T09:16:46Z</time></trkpt>
    <trkpt lat="46.568651" lon="8.335619"><ele>1920.5</ele><time>2025-09-11T09:16:50Z</time></trkpt>
    <trkpt lat="46.568634" lon="8.335585"><ele>1920.7</ele><time>2025-09-11T09:16:51Z</time></trkpt>
    <trkpt lat="46.568593" lon="8.335503"><ele>1921.4</ele><time>2025-09-11T09:16:53Z</time></trkpt>
    <trkpt lat="46.568563" lon="8.335444"><ele>1921.8</ele><time>2025-09-11T09:16:55Z</time></trkpt>
    <trkpt lat="46.568545" lon="8.335409"><ele>1922.1</ele><time>2025-09-11T09:16:56Z</time></trkpt>
    <trkpt lat="46.568494" lon="8.335302"><ele>1922.9</ele><time>2025-09-11T09:16:59Z</time></trkpt>
    <trkpt lat="46.568494" lon="8.335284"><ele>1923.0</ele><time>2025-09-11T09:16:59Z</time></trkpt>
    <trkpt lat="46.568453" lon="8.335218"><ele>1923.6</ele><time>2025-09-11T09:17:01Z</time></trkpt>
    <trkpt lat="46.568414" lon="8.335145"><ele>1924.2</ele><time>2025-09-11T09:17:03Z</time></trkpt>
    <trkpt lat="46.568387" lon="8.335093"><ele>1924.6</ele><time>2025-09-11T09:17:05Z</time></trkpt>
    <trkpt lat="46.568327" lon="8.334988"><ele>1925.4</ele><time>2025-09-11T09:17:08Z</time></trkpt>
    <trkpt lat="46.568318" lon="8.334972"><ele>1925.6</ele><time>2025-09-11T09:17:08Z</time></trkpt>
    <trkpt lat="46.568265" lon="8.334872"><ele>1926.3</ele><time>2025-09-11T09:17:11Z</time></trkpt>
    <trkpt lat="46.568255" lon="8.334856"><ele>1926.5</ele><time>2025-09-11T09:17:12Z</time></trkpt>
    <trkpt lat="46.568246" lon="8.334840"><ele>1926.6</ele><time>2025-09-11T09:17:12Z</time></trkpt>
    <trkpt lat="46.568237" lon="8.334826"><ele>1926.7</ele><time>2025-09-11T09:17:12Z</time></trkpt>
    <trkpt lat="46.568174" lon="8.334737"><ele>1927.5</ele><time>2025-09-11T09:17:15Z</time></trkpt>
    <trkpt lat="46.568163" lon="8.334720"><ele>1927.7</ele><time>2025-09-11T09:17:16Z</time></trkpt>
    <trkpt lat="46.568113" lon="8.334618"><ele>1928.5</ele><time>2025-09-11T09:17:19Z</time></trkpt>
    <trkpt lat="46.568106" lon="8.334600"><ele>1928.6</ele><time>2025-09-11T09:17:19Z</time></trkpt>
    <trkpt lat="46.568066" lon="8.334539"><ele>1929.1</ele><time>2025-09-11T09:17:21Z</time></trkpt>
    <trkpt lat="46.568057" lon="8.334527"><ele>1929.2</ele><time>2025-09-11T09:17:22Z</time></trkpt>
    <trkpt lat="46.568028" lon="8.334472"><ele>1929.7</ele><time>2025-09-11T09:17:23Z</time></trkpt>
    <trkpt lat="46.568010" lon="8.334441"><ele>1929.9</ele><time>2025-09-11T09:17:24Z</time></trkpt>
    <trkpt lat="46.567943" lon="8.334341"><ele>1930.8</ele><time>2025-09-11T09:17:27Z</time></trkpt>
    <trkpt lat="46.567900" lon="8.334259"><ele>1931.4</ele><time>2025-09-11T09:17:30Z</time></trkpt>
    <trkpt lat="46.567894" lon="8.334247"><ele>1931.5</ele><time>2025-09-11T09:17:30Z</time></trkpt>
    <trkpt lat="46.567832" lon="8.334157"><ele>1932.4</ele><time>2025-09-11T09:17:33Z</time></trkpt>
    <trkpt lat="46.567803" lon="8.334116"><ele>1932.7</ele><time>2025-09-11T09:17:34Z</time></trkpt>
    <trkpt lat="46.567762" lon="8.334038"><ele>1933.4</ele><time>2025-09-11T09:17:37Z</time></trkpt>
    <trkpt lat="46.567746" lon="8.334001"><ele>1933.6</ele><time>2025-09-11T09:17:38Z</time></trkpt>
    <trkpt lat="46.567730" lon="8.333970"><ele>1933.9</ele><time>2025-09-11T09:17:38Z</time></trkpt>
    <trkpt lat="46.567709" lon="8.333940"><ele>1934.2</ele><time>2025-09-11T09:17:39Z</time></trkpt>
    <trkpt lat="46.567700" lon="8.333926"><ele>1934.3</ele><time>2025-09-11T09:17:40Z</time></trkpt>
    <trkpt lat="46.567662" lon="8.333873"><ele>1934.8</ele><time>2025-09-11T09:17:42Z</time></trkpt>
    <trkpt lat="46.567627" lon="8.333816"><ele>1935.3</ele><time>2025-09-11T09:17:43Z</time></trkpt>
    <trkpt lat="46.567579" lon="8.333738"><ele>1935.9</ele><time>2025-09-11T09:17:46Z</time></trkpt>
    <trkpt lat="46.567571" lon="8.333726"><ele>1936.0</ele><time>2025-09-11T09:17:46Z</time></trkpt>
    <trkpt lat="46.567511" lon="8.333645"><ele>1936.8</ele><time>2025-09-11T09:17:49Z</time></trkpt>
    <trkpt lat="46.567505" lon="8.333630"><ele>1936.9</ele><time>2025-09-11T09:17:49Z</time></trkpt>
    <trkpt lat="46.567462" lon="8.333548"><ele>1937.6</ele><time>2025-09-11T09:17:52Z</time></trkpt>
    <trkpt lat="46.567412" lon="8.333455"><ele>1938.3</ele><time>2025-09-11T09:17:54Z</time></trkpt>
    <trkpt lat="46.567394" lon="8.333417"><ele>1938.6</ele><time>2025-09-11T09:17:55Z</time></trkpt>
    <trkpt lat="46.567348" lon="8.333315"><ele>1939.4</ele><time>2025-09-11T09:17:58Z</time></trkpt>
    <trkpt lat="46.567295" lon="8.333203"><ele>1940.3</ele><time>2025-09-11T09:18:01Z</time></trkpt>
    <trkpt lat="46.567288" lon="8.333188"><ele>1940.4</ele><time>2025-09-11T09:18:02Z</time></trkpt>
    <trkpt lat="46.567239" lon="8.333068"><ele>1941.3</ele><time>2025-09-11T09:18:05Z</time></trkpt>
    <trkpt lat="46.567224" lon="8.333033"><ele>1941.6</ele><time>2025-09-11T09:18:06Z</time></trkpt>
    <trkpt lat="46.567179" lon="8.332918"><ele>1942.4</ele><time>2025-09-11T09:18:09Z</time></trkpt>
    <trkpt lat="46.567176" lon="8.332902"><ele>1942.5</ele><time>2025-09-11T09:18:09Z</time></trkpt>
    <trkpt lat="46.567145" lon="8.332800"><ele>1943.3</ele><time>2025-09-11T09:18:12Z</time></trkpt>
    <trkpt lat="46.567140" lon="8.332784"><ele>1943.4</ele><time>2025-09-11T09:18:12Z</time></trkpt>
    <trkpt lat="46.567106" lon="8.332651"><ele>1944.3</ele><time>2025-09-11T09:18:16Z</time></trkpt>
    <trkpt lat="46.567095" lon="8.332612"><ele>1944.5</ele><time>2025-09-11T09:18:17Z</time></trkpt>
    <trkpt lat="46.567066" lon="8.332472"><ele>1945.5</ele><time>2025-09-11T09:18:20Z</time></trkpt>
    <trkpt lat="46.567061" lon="8.332451"><ele>1945.6</ele><time>2025-09-11T09:18:20Z</time></trkpt>
    <trkpt lat="46.567033" lon="8.332333"><ele>1946.4</ele><time>2025-09-11T09:18:23Z</time></trkpt>
    <trkpt lat="46.567031" lon="8.332291"><ele>1946.7</ele><time>2025-09-11T09:18:24Z</time></trkpt>
    <trkpt lat="46.567014" lon="8.332192"><ele>1947.4</ele><time>2025-09-11T09:18:27Z</time></trkpt>
    <trkpt lat="46.567001" lon="8.332116"><ele>1947.9</ele><time>2025-09-11T09:18:28Z</time></trkpt>
    <trkpt lat="46.566997" lon="8.332082"><ele>1948.0</ele><time>2025-09-11T09:18:29Z</time></trkpt>
    <trkpt lat="46.566968" lon="8.331979"><ele>1948.6</ele><time>2025-09-11T09:18:32Z</time></trkpt>
    <trkpt lat="46.566960" lon="8.331934"><ele>1948.8</ele><time>2025-09-11T09:18:33Z</time></trkpt>
    <trkpt lat="46.566945" lon="8.331809"><ele>1949.4</ele><time>2025-09-11T09:18:36Z</time></trkpt>
    <trkpt lat="46.566941" lon="8.331788"><ele>1949.5</ele><time>2025-09-11T09:18:36Z</time></trkpt>
    <trkpt lat="46.566916" lon="8.331642"><ele>1950.3</ele><time>2025-09-11T09:18:40Z</time></trkpt>
    <trkpt lat="46.566911" lon="8.331620"><ele>1950.4</ele><time>2025-09-11T09:18:40Z</time></trkpt>
    <trkpt lat="46.566897" lon="8.331521"><ele>1950.9</ele><time>2025-09-11T09:18:42Z</time></trkpt>
    <trkpt lat="46.566888" lon="8.331453"><ele>1951.2</ele><time>2025-09-11T09:18:44Z</time></trkpt>
    <trkpt lat="46.566864" lon="8.331303"><ele>1952.0</ele><time>2025-09-11T09:18:48Z</time></trkpt>
    <trkpt lat="46.566864" lon="8.331256"><ele>1952.2</ele><time>2025-09-11T09:18:49Z</time></trkpt>
    <trkpt lat="46.566860" lon="8.331235"><ele>1952.3</ele><time>2025-09-11T09:18:49Z</time></trkpt>
    <trkpt lat="46.566852" lon="8.331125"><ele>1952.9</ele><time>2025-09-11T09:18:52Z</time></trkpt>
    <trkpt lat="46.566853" lon="8.331082"><ele>1953.1</ele><time>2025-09-11T09:18:53Z</time></trkpt>
    <trkpt lat="46.566857" lon="8.330953"><ele>1953.7</ele><time>2025-09-11T09:18:56Z</time></trkpt>
    <trkpt lat="46.566868" lon="8.330786"><ele>1954.5</ele><time>2025-09-11T09:19:00Z</time></trkpt>
    <trkpt lat="46.566872" lon="8.330740"><ele>1954.8</ele><time>2025-09-11T09:19:01Z</time></trkpt>
    <trkpt lat="46.566880" lon="8.330656"><ele>1955.2</ele><time>2025-09-11T09:19:03Z</time></trkpt>
    <trkpt lat="46.566889" lon="8.330587"><ele>1955.5</ele><time>2025-09-11T09:19:04Z</time></trkpt>
    <trkpt lat="46.566895" lon="8.330524"><ele>1955.8</ele><time>2025-09-11T09:19:06Z</time></trkpt>
    <trkpt lat="46.566885" lon="8.330431"><ele>1956.3</ele><time>2025-09-11T09:19:08Z</time></trkpt>
    <trkpt lat="46.566850" lon="8.330335"><ele>1956.8</ele><time>2025-09-11T09:19:10Z</time></trkpt>
    <trkpt lat="46.566822" lon="8.330309"><ele>1957.1</ele><time>2025-09-11T09:19:11Z</time></trkpt>
    <trkpt lat="46.566736" lon="8.330270"><ele>1957.7</ele><time>2025-09-11T09:19:14Z</time></trkpt>
    <trkpt lat="46.566674" lon="8.330294"><ele>1958.2</ele><time>2025-09-11T09:19:16Z</time></trkpt>
    <trkpt lat="46.566646" lon="8.330313"><ele>1958.4</ele><time>2025-09-11T09:19:18Z</time></trkpt>
    <trkpt lat="46.566568" lon="8.330445"><ele>1959.2</ele><time>2025-09-11T09:19:22Z</time></trkpt>
    <trkpt lat="46.566554" lon="8.330591"><ele>1959.9</ele><time>2025-09-11T09:19:25Z</time></trkpt>
    <trkpt lat="46.566560" lon="8.330637"><ele>1960.2</ele><time>2025-09-11T09:19:26Z</time></trkpt>
    <trkpt lat="46.566575" lon="8.330746"><ele>1960.7</ele><time>2025-09-11T09:19:29Z</time></trkpt>
    <trkpt lat="46.566593" lon="8.330861"><ele>1961.4</ele><time>2025-09-11T09:19:31Z</time></trkpt>
    <trkpt lat="46.566598" lon="8.330878"><ele>1961.5</ele><time>2025-09-11T09:19:32Z</time></trkpt>
    <trkpt lat="46.566622" lon="8.330990"><ele>1962.1</ele><time>2025-09-11T09:19:34Z</time></trkpt>
    <trkpt lat="46.566638" lon="8.331128"><ele>1962.9</ele><time>2025-09-11T09:19:38Z</time></trkpt>
    <trkpt lat="46.566642" lon="8.331179"><ele>1963.2</ele><time>2025-09-11T09:19:39Z</time></trkpt>
    <trkpt lat="46.566646" lon="8.331243"><ele>1963.6</ele><time>2025-09-11T09:19:40Z</time></trkpt>
    <trkpt lat="46.566651" lon="8.331308"><ele>1963.9</ele><time>2025-09-11T09:19:42Z</time></trkpt>
    <trkpt lat="46.566652" lon="8.331331"><ele>1964.1</ele><time>2025-09-11T09:19:42Z</time></trkpt>
    <trkpt lat="46.566668" lon="8.331516"><ele>1965.1</ele><time>2025-09-11T09:19:47Z</time></trkpt>
    <trkpt lat="46.566665" lon="8.331675"><ele>1966.0</ele><time>2025-09-11T09:19:50Z</time></trkpt>
    <trkpt lat="46.566661" lon="8.331760"><ele>1966.5</ele><time>2025-09-11T09:19:52Z</time></trkpt>
    <trkpt lat="46.566663" lon="8.331815"><ele>1966.8</ele><time>2025-09-11T09:19:53Z</time></trkpt>
    <trkpt lat="46.566664" lon="8.331890"><ele>1967.2</ele><time>2025-09-11T09:19:55Z</time></trkpt>
    <trkpt lat="46.566661" lon="8.331924"><ele>1967.4</ele><time>2025-09-11T09:19:56Z</time></trkpt>
    <trkpt lat="46.566662" lon="8.332066"><ele>1968.2</ele><time>2025-09-11T09:19:59Z</time></trkpt>
    <trkpt lat="46.566660" lon="8.332212"><ele>1969.0</ele><time>2025-09-11T09:20:02Z</time></trkpt>
    <trkpt lat="46.566667" lon="8.332233"><ele>1969.2</ele><time>2025-09-11T09:20:03Z</time></trkpt>
    <trkpt lat="46.566665" lon="8.332336"><ele>1969.7</ele><time>2025-09-11T09:20:05Z</time></trkpt>
    <trkpt lat="46.566664" lon="8.332406"><ele>1970.1</ele><time>2025-09-11T09:20:07Z</time></trkpt>
    <trkpt lat="46.566660" lon="8.332507"><ele>1970.7</ele><time>2025-09-11T09:20:09Z</time></trkpt>
    <trkpt lat="46.566659" lon="8.332551"><ele>1970.9</ele><time>2025-09-11T09:20:10Z</time></trkpt>
    <trkpt lat="46.566654" lon="8.332611"><ele>1971.3</ele><time>2025-09-11T09:20:12Z</time></trkpt>
    <trkpt lat="46.566660" lon="8.332715"><ele>1971.9</ele><time>2025-09-11T09:20:14Z</time></trkpt>
    <trkpt lat="46.566666" lon="8.332780"><ele>1972.2</ele><time>2025-09-11T09:20:16Z</time></trkpt>
    <trkpt lat="46.566667" lon="8.332908"><ele>1973.0</ele><time>2025-09-11T09:20:19Z</time></trkpt>
    <trkpt lat="46.566665" lon="8.332954"><ele>1973.2</ele><time>2025-09-11T09:20:20Z</time></trkpt>
    <trkpt lat="46.566660" lon="8.332983"><ele>1973.4</ele><time>2025-09-11T09:20:20Z</time></trkpt>
    <trkpt lat="46.566659" lon="8.333023"><ele>1973.6</ele><time>2025-09-11T09:20:21Z</time></trkpt>
    <trkpt lat="46.566657" lon="8.333111"><ele>1974.1</ele><time>2025-09-11T09:20:23Z</time></trkpt>
    <trkpt lat="46.566661" lon="8.333163"><ele>1974.4</ele><time>2025-09-11T09:20:24Z</time></trkpt>
    <trkpt lat="46.566664" lon="8.333204"><ele>1974.6</ele><time>2025-09-11T09:20:25Z</time></trkpt>
    <trkpt lat="46.566669" lon="8.333314"><ele>1975.2</ele><time>2025-09-11T09:20:28Z</time></trkpt>
    <trkpt lat="46.566670" lon="8.333334"><ele>1975.3</ele><time>2025-09-11T09:20:28Z</time></trkpt>
    <trkpt lat="46.566675" lon="8.333403"><ele>1975.8</ele><time>2025-09-11T09:20:30Z</time></trkpt>
    <trkpt lat="46.566677" lon="8.333450"><ele>1976.1</ele><time>2025-09-11T09:20:31Z</time></trkpt>
    <trkpt lat="46.566682" lon="8.333496"><ele>1976.4</ele><time>2025-09-11T09:20:32Z</time></trkpt>
    <trkpt lat="46.566681" lon="8.333613"><ele>1977.1</ele><time>2025-09-11T09:20:35Z</time></trkpt>
    <trkpt lat="46.566683" lon="8.333633"><ele>1977.2</ele><time>2025-09-11T09:20:35Z</time></trkpt>
    <trkpt lat="46.566682" lon="8.333681"><ele>1977.6</ele><time>2025-09-11T09:20:36Z</time></trkpt>
    <trkpt lat="46.566678" lon="8.333726"><ele>1977.8</ele><time>2025-09-11T09:20:37Z</time></trkpt>
    <trkpt lat="46.566690" lon="8.333815"><ele>1978.4</ele><time>2025-09-11T09:20:39Z</time></trkpt>
    <trkpt lat="46.566688" lon="8.333858"><ele>1978.7</ele><time>2025-09-11T09:20:40Z</time></trkpt>
    <trkpt lat="46.566695" lon="8.333966"><ele>1979.4</ele><time>2025-09-11T09:20:43Z</time></trkpt>
    <trkpt lat="46.566695" lon="8.334008"><ele>1979.6</ele><time>2025-09-11T09:20:44Z</time></trkpt>
    <trkpt lat="46.566707" lon="8.334138"><ele>1980.5</ele><time>2025-09-11T09:20:47Z</time></trkpt>
    <trkpt lat="46.566708" lon="8.334157"><ele>1980.6</ele><time>2025-09-11T09:20:47Z</time></trkpt>
    <trkpt lat="46.566717" lon="8.334270"><ele>1981.3</ele><time>2025-09-11T09:20:50Z</time></trkpt>
    <trkpt lat="46.566718" lon="8.334291"><ele>1981.4</ele><time>2025-09-11T09:20:50Z</time></trkpt>
    <trkpt lat="46.566724" lon="8.334331"><ele>1981.7</ele><time>2025-09-11T09:20:51Z</time></trkpt>
    <trkpt lat="46.566731" lon="8.334372"><ele>1982.0</ele><time>2025-09-11T09:20:52Z</time></trkpt>
    <trkpt lat="46.566748" lon="8.334434"><ele>1982.4</ele><time>2025-09-11T09:20:54Z</time></trkpt>
    <trkpt lat="46.566749" lon="8.334449"><ele>1982.5</ele><time>2025-09-11T09:20:54Z</time></trkpt>
    <trkpt lat="46.566782" lon="8.334583"><ele>1983.4</ele><time>2025-09-11T09:20:57Z</time></trkpt>
    <trkpt lat="46.566795" lon="8.334623"><ele>1983.7</ele><time>2025-09-11T09:20:58Z</time></trkpt>
    <trkpt lat="46.566830" lon="8.334717"><ele>1984.4</ele><time>2025-09-11T09:21:01Z</time></trkpt>
    <trkpt lat="46.566839" lon="8.334730"><ele>1984.5</ele><time>2025-09-11T09:21:01Z</time></trkpt>
    <trkpt lat="46.566875" lon="8.334798"><ele>1985.0</ele><time>2025-09-11T09:21:03Z</time></trkpt>
    <trkpt lat="46.566920" lon="8.334868"><ele>1985.6</ele><time>2025-09-11T09:21:06Z</time></trkpt>
    <trkpt lat="46.566944" lon="8.334894"><ele>1985.9</ele><time>2025-09-11T09:21:07Z</time></trkpt>
    <trkpt lat="46.566977" lon="8.334930"><ele>1986.3</ele><time>2025-09-11T09:21:08Z</time></trkpt>
    <trkpt lat="46.567001" lon="8.334965"><ele>1986.6</ele><time>2025-09-11T09:21:09Z</time></trkpt>
    <trkpt lat="46.567045" lon="8.335009"><ele>1987.1</ele><time>2025-09-11T09:21:11Z</time></trkpt>
    <trkpt lat="46.567065" lon="8.335035"><ele>1987.3</ele><time>2025-09-11T09:21:12Z</time></trkpt>
    <trkpt lat="46.567078" lon="8.335048"><ele>1987.5</ele><time>2025-09-11T09:21:12Z</time></trkpt>
    <trkpt lat="46.567107" lon="8.335101"><ele>1987.9</ele><time>2025-09-11T09:21:14Z</time></trkpt>
    <trkpt lat="46.567171" lon="8.335183"><ele>1988.7</ele><time>2025-09-11T09:21:17Z</time></trkpt>
    <trkpt lat="46.567190" lon="8.335208"><ele>1988.9</ele><time>2025-09-11T09:21:18Z</time></trkpt>
    <trkpt lat="46.567233" lon="8.335291"><ele>1989.6</ele><time>2025-09-11T09:21:20Z</time></trkpt>
    <trkpt lat="46.567277" lon="8.335399"><ele>1990.4</ele><time>2025-09-11T09:21:23Z</time></trkpt>
    <trkpt lat="46.567293" lon="8.335432"><ele>1990.6</ele><time>2025-09-11T09:21:24Z</time></trkpt>
    <trkpt lat="46.567326" lon="8.335538"><ele>1991.4</ele><time>2025-09-11T09:21:26Z</time></trkpt>
    <trkpt lat="46.567330" lon="8.335555"><ele>1991.5</ele><time>2025-09-11T09:21:27Z</time></trkpt>
    <trkpt lat="46.567364" lon="8.335643"><ele>1992.1</ele><time>2025-09-11T09:21:29Z</time></trkpt>
    <trkpt lat="46.567368" lon="8.335696"><ele>1992.5</ele><time>2025-09-11T09:21:30Z</time></trkpt>
    <trkpt lat="46.567383" lon="8.335746"><ele>1992.8</ele><time>2025-09-11T09:21:32Z</time></trkpt>
    <trkpt lat="46.567403" lon="8.335822"><ele>1993.4</ele><time>2025-09-11T09:21:33Z</time></trkpt>
    <trkpt lat="46.567412" lon="8.335894"><ele>1993.9</ele><time>2025-09-11T09:21:35Z</time></trkpt>
    <trkpt lat="46.567431" lon="8.336009"><ele>1994.6</ele><time>2025-09-11T09:21:38Z</time></trkpt>
    <trkpt lat="46.567438" lon="8.336045"><ele>1994.9</ele><time>2025-09-11T09:21:39Z</time></trkpt>
    <trkpt lat="46.567461" lon="8.336116"><ele>1995.4</ele><time>2025-09-11T09:21:40Z</time></trkpt>
    <trkpt lat="46.567477" lon="8.336169"><ele>1995.8</ele><time>2025-09-11T09:21:42Z</time></trkpt>
    <trkpt lat="46.567484" lon="8.336206"><ele>1996.0</ele><time>2025-09-11T09:21:43Z</time></trkpt>
    <trkpt lat="46.567489" lon="8.336222"><ele>1996.2</ele><time>2025-09-11T09:21:43Z</time></trkpt>
    <trkpt lat="46.567510" lon="8.336312"><ele>1996.8</ele><time>2025-09-11T09:21:45Z</time></trkpt>
    <trkpt lat="46.567540" lon="8.336429"><ele>1997.6</ele><time>2025-09-11T09:21:48Z</time></trkpt>
    <trkpt lat="46.567548" lon="8.336505"><ele>1998.1</ele><time>2025-09-11T09:21:50Z</time></trkpt>
    <trkpt lat="46.567561" lon="8.336561"><ele>1998.5</ele><time>2025-09-11T09:21:51Z</time></trkpt>
    <trkpt lat="46.567576" lon="8.336631"><ele>1999.0</ele><time>2025-09-11T09:21:53Z</time></trkpt>
    <trkpt lat="46.567587" lon="8.336669"><ele>1999.2</ele><time>2025-09-11T09:21:54Z</time></trkpt>
    <trkpt lat="46.567607" lon="8.336740"><ele>1999.8</ele><time>2025-09-11T09:21:56Z</time></trkpt>
    <trkpt lat="46.567623" lon="8.336826"><ele>2000.3</ele><time>2025-09-11T09:21:58Z</time></trkpt>
    <trkpt lat="46.567651" lon="8.336933"><ele>2001.1</ele><time>2025-09-11T09:22:00Z</time></trkpt>
    <trkpt lat="46.567661" lon="8.337007"><ele>2001.6</ele><time>2025-09-11T09:22:02Z</time></trkpt>
    <trkpt lat="46.567671" lon="8.337058"><ele>2001.9</ele><time>2025-09-11T09:22:03Z</time></trkpt>
    <trkpt lat="46.567681" lon="8.337115"><ele>2002.3</ele><time>2025-09-11T09:22:05Z</time></trkpt>
    <trkpt lat="46.567686" lon="8.337134"><ele>2002.5</ele><time>2025-09-11T09:22:05Z</time></trkpt>
    <trkpt lat="46.567699" lon="8.337172"><ele>2002.7</ele><time>2025-09-11T09:22:06Z</time></trkpt>
    <trkpt lat="46.567701" lon="8.337204"><ele>2003.0</ele><time>2025-09-11T09:22:07Z</time></trkpt>
    <trkpt lat="46.567716" lon="8.337273"><ele>2003.4</ele><time>2025-09-11T09:22:08Z</time></trkpt>
    <trkpt lat="46.567732" lon="8.337325"><ele>2003.8</ele><time>2025-09-11T09:22:10Z</time></trkpt>
    <trkpt lat="46.567752" lon="8.337412"><ele>2004.4</ele><time>2025-09-11T09:22:12Z</time></trkpt>
    <trkpt lat="46.567763" lon="8.337462"><ele>2004.8</ele><time>2025-09-11T09:22:13Z</time></trkpt>
    <trkpt lat="46.567775" lon="8.337507"><ele>2005.1</ele><time>2025-09-11T09:22:14Z</time></trkpt>
    <trkpt lat="46.567786" lon="8.337560"><ele>2005.4</ele><time>2025-09-11T09:22:15Z</time></trkpt>
    <trkpt lat="46.567801" lon="8.337627"><ele>2005.9</ele><time>2025-09-11T09:22:17Z</time></trkpt>
    <trkpt lat="46.567803" lon="8.337649"><ele>2006.0</ele><time>2025-09-11T09:22:18Z</time></trkpt>
    <trkpt lat="46.567828" lon="8.337747"><ele>2006.7</ele><time>2025-09-11T09:22:20Z</time></trkpt>
    <trkpt lat="46.567844" lon="8.337799"><ele>2007.1</ele><time>2025-09-11T09:22:21Z</time></trkpt>
    <trkpt lat="46.567860" lon="8.337840"><ele>2007.4</ele><time>2025-09-11T09:22:22Z</time></trkpt>
    <trkpt lat="46.567873" lon="8.337876"><ele>2007.7</ele><time>2025-09-11T09:22:23Z</time></trkpt>
    <trkpt lat="46.567878" lon="8.337893"><ele>2007.8</ele><time>2025-09-11T09:22:24Z</time></trkpt>
    <trkpt lat="46.567885" lon="8.337911"><ele>2007.9</ele><time>2025-09-11T09:22:24Z</time></trkpt>
    <trkpt lat="46.567927" lon="8.338022"><ele>2008.8</ele><time>2025-09-11T09:22:27Z</time></trkpt>
    <trkpt lat="46.567935" lon="8.338041"><ele>2008.9</ele><time>2025-09-11T09:22:28Z</time></trkpt>
    <trkpt lat="46.567944" lon="8.338076"><ele>2009.2</ele><time>2025-09-11T09:22:28Z</time></trkpt>
    <trkpt lat="46.567978" lon="8.338134"><ele>2009.5</ele><time>2025-09-11T09:22:30Z</time></trkpt>
    <trkpt lat="46.568004" lon="8.338191"><ele>2009.7</ele><time>2025-09-11T09:22:32Z</time></trkpt>
    <trkpt lat="46.568037" lon="8.338274"><ele>2010.1</ele><time>2025-09-11T09:22:34Z</time></trkpt>
    <trkpt lat="46.568068" lon="8.338367"><ele>2010.5</ele><time>2025-09-11T09:22:36Z</time></trkpt>
    <trkpt lat="46.568076" lon="8.338474"><ele>2010.9</ele><time>2025-09-11T09:22:39Z</time></trkpt>
    <trkpt lat="46.568070" lon="8.338510"><ele>2011.0</ele><time>2025-09-11T09:22:40Z</time></trkpt>
    <trkpt lat="46.568055" lon="8.338541"><ele>2011.2</ele><time>2025-09-11T09:22:41Z</time></trkpt>
    <trkpt lat="46.567988" lon="8.338607"><ele>2011.6</ele><time>2025-09-11T09:22:43Z</time></trkpt>
    <trkpt lat="46.567970" lon="8.338610"><ele>2011.7</ele><time>2025-09-11T09:22:44Z</time></trkpt>
    <trkpt lat="46.567877" lon="8.338563"><ele>2012.3</ele><time>2025-09-11T09:22:47Z</time></trkpt>
    <trkpt lat="46.567868" lon="8.338547"><ele>2012.3</ele><time>2025-09-11T09:22:48Z</time></trkpt>
    <trkpt lat="46.567827" lon="8.338472"><ele>2012.7</ele><time>2025-09-11T09:22:50Z</time></trkpt>
    <trkpt lat="46.567800" lon="8.338359"><ele>2013.2</ele><time>2025-09-11T09:22:53Z</time></trkpt>
    <trkpt lat="46.567794" lon="8.338344"><ele>2013.2</ele><time>2025-09-11T09:22:53Z</time></trkpt>
    <trkpt lat="46.567767" lon="8.338268"><ele>2013.6</ele><time>2025-09-11T09:22:55Z</time></trkpt>
    <trkpt lat="46.567758" lon="8.338252"><ele>2013.6</ele><time>2025-09-11T09:22:55Z</time></trkpt>
    <trkpt lat="46.567720" lon="8.338191"><ele>2013.9</ele><time>2025-09-11T09:22:57Z</time></trkpt>
    <trkpt lat="46.567687" lon="8.338095"><ele>2014.4</ele><time>2025-09-11T09:23:00Z</time></trkpt>
    <trkpt lat="46.567686" lon="8.338072"><ele>2014.4</ele><time>2025-09-11T09:23:00Z</time></trkpt>
    <trkpt lat="46.567673" lon="8.338023"><ele>2014.6</ele><time>2025-09-11T09:23:01Z</time></trkpt>
    <trkpt lat="46.567651" lon="8.337983"><ele>2014.8</ele><time>2025-09-11T09:23:03Z</time></trkpt>
    <trkpt lat="46.567630" lon="8.337957"><ele>2015.0</ele><time>2025-09-11T09:23:04Z</time></trkpt>
    <trkpt lat="46.567628" lon="8.337934"><ele>2015.1</ele><time>2025-09-11T09:23:04Z</time></trkpt>
    <trkpt lat="46.567626" lon="8.337918"><ele>2015.1</ele><time>2025-09-11T09:23:04Z</time></trkpt>
    <trkpt lat="46.567596" lon="8.337827"><ele>2015.5</ele><time>2025-09-11T09:23:07Z</time></trkpt>
    <trkpt lat="46.567576" lon="8.337781"><ele>2015.7</ele><time>2025-09-11T09:23:08Z</time></trkpt>
    <trkpt lat="46.567573" lon="8.337777"><ele>2015.8</ele><time>2025-09-11T09:23:08Z</time></trkpt>
    <trkpt lat="46.567576" lon="8.337775"><ele>2015.8</ele><time>2025-09-11T09:23:08Z</time></trkpt>
    <trkpt lat="46.567576" lon="8.337775"><ele>2015.8</ele><time>2025-09-11T09:23:08Z</time></trkpt>
    <trkpt lat="46.567576" lon="8.337775"><ele>2015.8</ele><time>2025-09-11T09:23:08Z</time></trkpt>
    <trkpt lat="46.567577" lon="8.337773"><ele>2015.8</ele><time>2025-09-11T09:23:08Z</time></trkpt>
    <trkpt lat="46.567576" lon="8.337775"><ele>2015.8</ele><time>2025-09-11T09:23:08Z</time></trkpt>
    <trkpt lat="46.567550" lon="8.337790"><ele>2015.9</ele><time>2025-09-11T09:23:09Z</time></trkpt>
    <trkpt lat="46.567531" lon="8.337796"><ele>2016.1</ele><time>2025-09-11T09:23:10Z</time></trkpt>
    <trkpt lat="46.567513" lon="8.337783"><ele>2016.2</ele><time>2025-09-11T09:23:11Z</time></trkpt>
    <trkpt lat="46.567460" lon="8.337748"><ele>2016.5</ele><time>2025-09-11T09:23:13Z</time></trkpt>
    <trkpt lat="46.567428" lon="8.337713"><ele>2016.7</ele><time>2025-09-11T09:23:14Z</time></trkpt>
    <trkpt lat="46.567425" lon="8.337711"><ele>2016.7</ele><time>2025-09-11T09:23:14Z</time></trkpt>
    <trkpt lat="46.567417" lon="8.337697"><ele>2016.8</ele><time>2025-09-11T09:23:14Z</time></trkpt>
    <trkpt lat="46.567400" lon="8.337674"><ele>2016.9</ele><time>2025-09-11T09:23:15Z</time></trkpt>
    <trkpt lat="46.567395" lon="8.337669"><ele>2017.0</ele><time>2025-09-11T09:23:15Z</time></trkpt>
    <trkpt lat="46.567385" lon="8.337654"><ele>2017.0</ele><time>2025-09-11T09:23:16Z</time></trkpt>
    <trkpt lat="46.567364" lon="8.337619"><ele>2017.2</ele><time>2025-09-11T09:23:17Z</time></trkpt>
    <trkpt lat="46.567369" lon="8.337616"><ele>2017.2</ele><time>2025-09-11T09:23:17Z</time></trkpt>
    <trkpt lat="46.567355" lon="8.337601"><ele>2017.3</ele><time>2025-09-11T09:23:18Z</time></trkpt>
    <trkpt lat="46.567339" lon="8.337587"><ele>2017.4</ele><time>2025-09-11T09:23:18Z</time></trkpt>
    <trkpt lat="46.567336" lon="8.337584"><ele>2017.5</ele><time>2025-09-11T09:23:18Z</time></trkpt>
    <trkpt lat="46.567339" lon="8.337575"><ele>2017.5</ele><time>2025-09-11T09:23:19Z</time></trkpt>
    <trkpt lat="46.567340" lon="8.337598"><ele>2017.6</ele><time>2025-09-11T09:23:19Z</time></trkpt>
    <trkpt lat="46.567335" lon="8.337640"><ele>2017.8</ele><time>2025-09-11T09:23:20Z</time></trkpt>
    <trkpt lat="46.567338" lon="8.337647"><ele>2017.8</ele><time>2025-09-11T09:23:20Z</time></trkpt>
    <trkpt lat="46.567349" lon="8.337678"><ele>2017.9</ele><time>2025-09-11T09:23:21Z</time></trkpt>
    <trkpt lat="46.567350" lon="8.337700"><ele>2018.0</ele><time>2025-09-11T09:23:22Z</time></trkpt>
    <trkpt lat="46.567360" lon="8.337729"><ele>2018.1</ele><time>2025-09-11T09:23:22Z</time></trkpt>
    <trkpt lat="46.567382" lon="8.337755"><ele>2018.3</ele><time>2025-09-11T09:23:23Z</time></trkpt>
    <trkpt lat="46.567382" lon="8.337767"><ele>2018.3</ele><time>2025-09-11T09:23:24Z</time></trkpt>
    <trkpt lat="46.567379" lon="8.337776"><ele>2018.4</ele><time>2025-09-11T09:23:24Z</time></trkpt>
    <trkpt lat="46.567379" lon="8.337776"><ele>2018.4</ele><time>2025-09-11T09:23:24Z</time></trkpt>
    <trkpt lat="46.567372" lon="8.337754"><ele>2018.5</ele><time>2025-09-11T09:23:24Z</time></trkpt>
    <trkpt lat="46.567362" lon="8.337743"><ele>2018.5</ele><time>2025-09-11T09:23:25Z</time></trkpt>
    <trkpt lat="46.567352" lon="8.337715"><ele>2018.6</ele><time>2025-09-11T09:23:26Z</time></trkpt>
    <trkpt lat="46.567361" lon="8.337675"><ele>2018.8</ele><time>2025-09-11T09:23:27Z</time></trkpt>
    <trkpt lat="46.567356" lon="8.337659"><ele>2018.9</ele><time>2025-09-11T09:23:27Z</time></trkpt>
    <trkpt lat="46.567346" lon="8.337654"><ele>2018.9</ele><time>2025-09-11T09:23:27Z</time></trkpt>
    <trkpt lat="46.567330" lon="8.337615"><ele>2019.1</ele><time>2025-09-11T09:23:28Z</time></trkpt>
    <trkpt lat="46.567334" lon="8.337604"><ele>2019.1</ele><time>2025-09-11T09:23:29Z</time></trkpt>
    <trkpt lat="46.567344" lon="8.337601"><ele>2019.2</ele><time>2025-09-11T09:23:29Z</time></trkpt>
    <trkpt lat="46.567384" lon="8.337608"><ele>2019.4</ele><time>2025-09-11T09:23:30Z</time></trkpt>
    <trkpt lat="46.567399" lon="8.337633"><ele>2019.5</ele><time>2025-09-11T09:23:31Z</time></trkpt>
    <trkpt lat="46.567412" lon="8.337662"><ele>2019.6</ele><time>2025-09-11T09:23:32Z</time></trkpt>
    <trkpt lat="46.567412" lon="8.337663"><ele>2019.6</ele><time>2025-09-11T09:23:32Z</time></trkpt>
    <trkpt lat="46.567440" lon="8.337738"><ele>2019.9</ele><time>2025-09-11T09:23:34Z</time></trkpt>
    <trkpt lat="46.567471" lon="8.337776"><ele>2020.1</ele><time>2025-09-11T09:23:35Z</time></trkpt>
    <trkpt lat="46.567484" lon="8.337783"><ele>2020.1</ele><time>2025-09-11T09:23:36Z</time></trkpt>
    <trkpt lat="46.567500" lon="8.337801"><ele>2020.2</ele><time>2025-09-11T09:23:36Z</time></trkpt>
    <trkpt lat="46.567511" lon="8.337803"><ele>2020.3</ele><time>2025-09-11T09:23:37Z</time></trkpt>
    <trkpt lat="46.567522" lon="8.337794"><ele>2020.3</ele><time>2025-09-11T09:23:37Z</time></trkpt>
    <trkpt lat="46.567529" lon="8.337777"><ele>2020.4</ele><time>2025-09-11T09:23:38Z</time></trkpt>
    <trkpt lat="46.567557" lon="8.337784"><ele>2020.5</ele><time>2025-09-11T09:23:39Z</time></trkpt>
    <trkpt lat="46.567562" lon="8.337790"><ele>2020.6</ele><time>2025-09-11T09:23:39Z</time></trkpt>
    <trkpt lat="46.567577" lon="8.337789"><ele>2020.6</ele><time>2025-09-11T09:23:39Z</time></trkpt>
    <trkpt lat="46.567577" lon="8.337789"><ele>2020.6</ele><time>2025-09-11T09:23:39Z</time></trkpt>
    <trkpt lat="46.567577" lon="8.337789"><ele>2020.6</ele><time>2025-09-11T09:23:39Z</time></trkpt>
    <trkpt lat="46.567577" lon="8.337789"><ele>2020.6</ele><time>2025-09-11T09:23:39Z</time></trkpt>
    <trkpt lat="46.567577" lon="8.337789"><ele>2020.6</ele><time>2025-09-11T09:23:39Z</time></trkpt>
    <trkpt lat="46.567577" lon="8.337789"><ele>2020.6</ele><time>2025-09-11T09:23:39Z</time></trkpt>
    <trkpt lat="46.567561" lon="8.337764"><ele>2020.7</ele><time>2025-09-11T09:23:40Z</time></trkpt>
    <trkpt lat="46.567556" lon="8.337764"><ele>2020.8</ele><time>2025-09-11T09:23:40Z</time></trkpt>
    <trkpt lat="46.567561" lon="8.337782"><ele>2020.8</ele><time>2025-09-11T09:23:41Z</time></trkpt>
    <trkpt lat="46.567566" lon="8.337774"><ele>2020.9</ele><time>2025-09-11T09:23:41Z</time></trkpt>
    <trkpt lat="46.567577" lon="8.337789"><ele>2020.9</ele><time>2025-09-11T09:23:41Z</time></trkpt>
    <trkpt lat="46.567568" lon="8.337784"><ele>2021.0</ele><time>2025-09-11T09:23:42Z</time></trkpt>
    <trkpt lat="46.567577" lon="8.337789"><ele>2021.0</ele><time>2025-09-11T09:23:42Z</time></trkpt>
    <trkpt lat="46.567577" lon="8.337789"><ele>2021.0</ele><time>2025-09-11T09:23:42Z</time></trkpt>
    <trkpt lat="46.567570" lon="8.337773"><ele>2021.1</ele><time>2025-09-11T09:23:42Z</time></trkpt>
    <trkpt lat="46.567577" lon="8.337789"><ele>2021.1</ele><time>2025-09-11T09:23:43Z</time></trkpt>
    <trkpt lat="46.567490" lon="8.337593"><ele>2021.9</ele><time>2025-09-11T09:23:48Z</time></trkpt>
    <trkpt lat="46.567510" lon="8.337645"><ele>2022.1</ele><time>2025-09-11T09:23:50Z</time></trkpt>
    <trkpt lat="46.567438" lon="8.337498"><ele>2022.7</ele><time>2025-09-11T09:23:54Z</time></trkpt>
    <trkpt lat="46.567409" lon="8.337430"><ele>2022.9</ele><time>2025-09-11T09:23:56Z</time></trkpt>
    <trkpt lat="46.567375" lon="8.337358"><ele>2023.2</ele><time>2025-09-11T09:23:58Z</time></trkpt>
    <trkpt lat="46.567346" lon="8.337293"><ele>2023.5</ele><time>2025-09-11T09:23:59Z</time></trkpt>
    <trkpt lat="46.567333" lon="8.337257"><ele>2023.6</ele><time>2025-09-11T09:24:00Z</time></trkpt>
    <trkpt lat="46.567286" lon="8.337149"><ele>2024.0</ele><time>2025-09-11T09:24:03Z</time></trkpt>
    <trkpt lat="46.567275" lon="8.337131"><ele>2024.1</ele><time>2025-09-11T09:24:04Z</time></trkpt>
    <trkpt lat="46.567220" lon="8.337012"><ele>2024.5</ele><time>2025-09-11T09:24:07Z</time></trkpt>
    <trkpt lat="46.567185" lon="8.336949"><ele>2024.8</ele><time>2025-09-11T09:24:09Z</time></trkpt>
    <trkpt lat="46.567159" lon="8.336892"><ele>2025.0</ele><time>2025-09-11T09:24:10Z</time></trkpt>
    <trkpt lat="46.567155" lon="8.336871"><ele>2025.1</ele><time>2025-09-11T09:24:11Z</time></trkpt>
    <trkpt lat="46.567114" lon="8.336780"><ele>2025.4</ele><time>2025-09-11T09:24:13Z</time></trkpt>
    <trkpt lat="46.567095" lon="8.336744"><ele>2025.6</ele><time>2025-09-11T09:24:15Z</time></trkpt>
    <trkpt lat="46.567043" lon="8.336641"><ele>2026.0</ele><time>2025-09-11T09:24:17Z</time></trkpt>
    <trkpt lat="46.567036" lon="8.336625"><ele>2026.1</ele><time>2025-09-11T09:24:18Z</time></trkpt>
    <trkpt lat="46.566967" lon="8.336503"><ele>2026.6</ele><time>2025-09-11T09:24:22Z</time></trkpt>
    <trkpt lat="46.566959" lon="8.336486"><ele>2026.6</ele><time>2025-09-11T09:24:22Z</time></trkpt>
    <trkpt lat="46.566896" lon="8.336373"><ele>2027.1</ele><time>2025-09-11T09:24:25Z</time></trkpt>
    <trkpt lat="46.566840" lon="8.336294"><ele>2027.5</ele><time>2025-09-11T09:24:28Z</time></trkpt>
    <trkpt lat="46.566815" lon="8.336249"><ele>2027.8</ele><time>2025-09-11T09:24:29Z</time></trkpt>
    <trkpt lat="46.566756" lon="8.336149"><ele>2028.6</ele><time>2025-09-11T09:24:32Z</time></trkpt>
    <trkpt lat="46.566751" lon="8.336139"><ele>2028.7</ele><time>2025-09-11T09:24:33Z</time></trkpt>
    <trkpt lat="46.566746" lon="8.336138"><ele>2028.8</ele><time>2025-09-11T09:24:33Z</time></trkpt>
    <trkpt lat="46.566688" lon="8.336064"><ele>2029.5</ele><time>2025-09-11T09:24:35Z</time></trkpt>
    <trkpt lat="46.566674" lon="8.336057"><ele>2029.7</ele><time>2025-09-11T09:24:36Z</time></trkpt>
    <trkpt lat="46.566619" lon="8.336010"><ele>2030.3</ele><time>2025-09-11T09:24:38Z</time></trkpt>
    <trkpt lat="46.566576" lon="8.335968"><ele>2030.8</ele><time>2025-09-11T09:24:40Z</time></trkpt>
    <trkpt lat="46.566562" lon="8.335961"><ele>2030.9</ele><time>2025-09-11T09:24:40Z</time></trkpt>
    <trkpt lat="46.566530" lon="8.335949"><ele>2031.2</ele><time>2025-09-11T09:24:41Z</time></trkpt>
    <trkpt lat="46.566484" lon="8.335927"><ele>2031.7</ele><time>2025-09-11T09:24:43Z</time></trkpt>
    <trkpt lat="46.566451" lon="8.335909"><ele>2032.1</ele><time>2025-09-11T09:24:44Z</time></trkpt>
    <trkpt lat="46.566402" lon="8.335889"><ele>2032.5</ele><time>2025-09-11T09:24:46Z</time></trkpt>
    <trkpt lat="46.566333" lon="8.335873"><ele>2033.2</ele><time>2025-09-11T09:24:48Z</time></trkpt>
    <trkpt lat="46.566291" lon="8.335867"><ele>2033.6</ele><time>2025-09-11T09:24:49Z</time></trkpt>
    <trkpt lat="46.566221" lon="8.335857"><ele>2034.3</ele><time>2025-09-11T09:24:52Z</time></trkpt>
    <trkpt lat="46.566193" lon="8.335856"><ele>2034.6</ele><time>2025-09-11T09:24:53Z</time></trkpt>
    <trkpt lat="46.566115" lon="8.335844"><ele>2035.3</ele><time>2025-09-11T09:24:55Z</time></trkpt>
    <trkpt lat="46.566088" lon="8.335849"><ele>2035.6</ele><time>2025-09-11T09:24:56Z</time></trkpt>
    <trkpt lat="46.566001" lon="8.335838"><ele>2036.4</ele><time>2025-09-11T09:24:59Z</time></trkpt>
    <trkpt lat="46.565985" lon="8.335836"><ele>2036.6</ele><time>2025-09-11T09:25:00Z</time></trkpt>
    <trkpt lat="46.565896" lon="8.335820"><ele>2037.5</ele><time>2025-09-11T09:25:03Z</time></trkpt>
    <trkpt lat="46.565878" lon="8.335811"><ele>2037.6</ele><time>2025-09-11T09:25:03Z</time></trkpt>
    <trkpt lat="46.565777" lon="8.335747"><ele>2038.7</ele><time>2025-09-11T09:25:07Z</time></trkpt>
    <trkpt lat="46.565688" lon="8.335672"><ele>2039.7</ele><time>2025-09-11T09:25:10Z</time></trkpt>
    <trkpt lat="46.565590" lon="8.335557"><ele>2040.9</ele><time>2025-09-11T09:25:15Z</time></trkpt>
    <trkpt lat="46.565513" lon="8.335410"><ele>2042.1</ele><time>2025-09-11T09:25:19Z</time></trkpt>
    <trkpt lat="46.565462" lon="8.335274"><ele>2043.2</ele><time>2025-09-11T09:25:22Z</time></trkpt>
    <trkpt lat="46.565450" lon="8.335231"><ele>2043.5</ele><time>2025-09-11T09:25:24Z</time></trkpt>
    <trkpt lat="46.565427" lon="8.335121"><ele>2044.2</ele><time>2025-09-11T09:25:26Z</time></trkpt>
    <trkpt lat="46.565418" lon="8.335073"><ele>2044.6</ele><time>2025-09-11T09:25:27Z</time></trkpt>
    <trkpt lat="46.565428" lon="8.335001"><ele>2045.1</ele><time>2025-09-11T09:25:29Z</time></trkpt>
    <trkpt lat="46.565435" lon="8.334887"><ele>2045.8</ele><time>2025-09-11T09:25:32Z</time></trkpt>
    <trkpt lat="46.565431" lon="8.334852"><ele>2046.0</ele><time>2025-09-11T09:25:32Z</time></trkpt>
    <trkpt lat="46.565426" lon="8.334770"><ele>2046.5</ele><time>2025-09-11T09:25:34Z</time></trkpt>
    <trkpt lat="46.565428" lon="8.334734"><ele>2046.7</ele><time>2025-09-11T09:25:35Z</time></trkpt>
    <trkpt lat="46.565425" lon="8.334685"><ele>2047.0</ele><time>2025-09-11T09:25:36Z</time></trkpt>
    <trkpt lat="46.565420" lon="8.334653"><ele>2047.3</ele><time>2025-09-11T09:25:37Z</time></trkpt>
    <trkpt lat="46.565418" lon="8.334640"><ele>2047.3</ele><time>2025-09-11T09:25:37Z</time></trkpt>
    <trkpt lat="46.565427" lon="8.334540"><ele>2048.0</ele><time>2025-09-11T09:25:40Z</time></trkpt>
    <trkpt lat="46.565425" lon="8.334494"><ele>2048.3</ele><time>2025-09-11T09:25:41Z</time></trkpt>
    <trkpt lat="46.565424" lon="8.334441"><ele>2048.6</ele><time>2025-09-11T09:25:42Z</time></trkpt>
    <trkpt lat="46.565425" lon="8.334402"><ele>2048.8</ele><time>2025-09-11T09:25:43Z</time></trkpt>
    <trkpt lat="46.565422" lon="8.334381"><ele>2049.0</ele><time>2025-09-11T09:25:43Z</time></trkpt>
    <trkpt lat="46.565424" lon="8.334307"><ele>2049.4</ele><time>2025-09-11T09:25:45Z</time></trkpt>
    <trkpt lat="46.565427" lon="8.334225"><ele>2050.0</ele><time>2025-09-11T09:25:47Z</time></trkpt>
    <trkpt lat="46.565426" lon="8.334193"><ele>2050.2</ele><time>2025-09-11T09:25:48Z</time></trkpt>
    <trkpt lat="46.565420" lon="8.334077"><ele>2050.9</ele><time>2025-09-11T09:25:50Z</time></trkpt>
    <trkpt lat="46.565419" lon="8.334058"><ele>2051.0</ele><time>2025-09-11T09:25:51Z</time></trkpt>
    <trkpt lat="46.565421" lon="8.333941"><ele>2051.7</ele><time>2025-09-11T09:25:53Z</time></trkpt>
    <trkpt lat="46.565420" lon="8.333921"><ele>2051.9</ele><time>2025-09-11T09:25:54Z</time></trkpt>
    <trkpt lat="46.565428" lon="8.333795"><ele>2052.7</ele><time>2025-09-11T09:25:57Z</time></trkpt>
    <trkpt lat="46.565428" lon="8.333732"><ele>2053.1</ele><time>2025-09-11T09:25:58Z</time></trkpt>
    <trkpt lat="46.565423" lon="8.333636"><ele>2053.7</ele><time>2025-09-11T09:26:00Z</time></trkpt>
    <trkpt lat="46.565418" lon="8.333579"><ele>2054.0</ele><time>2025-09-11T09:26:02Z</time></trkpt>
    <trkpt lat="46.565417" lon="8.333497"><ele>2054.5</ele><time>2025-09-11T09:26:04Z</time></trkpt>
    <trkpt lat="46.565417" lon="8.333455"><ele>2054.8</ele><time>2025-09-11T09:26:05Z</time></trkpt>
    <trkpt lat="46.565425" lon="8.333418"><ele>2055.0</ele><time>2025-09-11T09:26:05Z</time></trkpt>
    <trkpt lat="46.565414" lon="8.333362"><ele>2055.4</ele><time>2025-09-11T09:26:07Z</time></trkpt>
    <trkpt lat="46.565412" lon="8.333324"><ele>2055.7</ele><time>2025-09-11T09:26:08Z</time></trkpt>
    <trkpt lat="46.565411" lon="8.333280"><ele>2055.9</ele><time>2025-09-11T09:26:09Z</time></trkpt>
    <trkpt lat="46.565409" lon="8.333198"><ele>2056.4</ele><time>2025-09-11T09:26:11Z</time></trkpt>
    <trkpt lat="46.565414" lon="8.333116"><ele>2057.0</ele><time>2025-09-11T09:26:12Z</time></trkpt>
    <trkpt lat="46.565413" lon="8.333097"><ele>2057.1</ele><time>2025-09-11T09:26:13Z</time></trkpt>
    <trkpt lat="46.565415" lon="8.332938"><ele>2058.1</ele><time>2025-09-11T09:26:17Z</time></trkpt>
    <trkpt lat="46.565416" lon="8.332792"><ele>2059.0</ele><time>2025-09-11T09:26:20Z</time></trkpt>
    <trkpt lat="46.565408" lon="8.332723"><ele>2059.4</ele><time>2025-09-11T09:26:21Z</time></trkpt>
    <trkpt lat="46.565404" lon="8.332645"><ele>2059.9</ele><time>2025-09-11T09:26:23Z</time></trkpt>
    <trkpt lat="46.565349" lon="8.332551"><ele>2060.7</ele><time>2025-09-11T09:26:26Z</time></trkpt>
    <trkpt lat="46.565336" lon="8.332543"><ele>2060.8</ele><time>2025-09-11T09:26:27Z</time></trkpt>
    <trkpt lat="46.565226" lon="8.332527"><ele>2061.8</ele><time>2025-09-11T09:26:30Z</time></trkpt>
    <trkpt lat="46.565167" lon="8.332564"><ele>2062.3</ele><time>2025-09-11T09:26:32Z</time></trkpt>
    <trkpt lat="46.565123" lon="8.332622"><ele>2062.8</ele><time>2025-09-11T09:26:34Z</time></trkpt>
    <trkpt lat="46.565116" lon="8.332644"><ele>2062.9</ele><time>2025-09-11T09:26:35Z</time></trkpt>
    <trkpt lat="46.565094" lon="8.332713"><ele>2063.3</ele><time>2025-09-11T09:26:37Z</time></trkpt>
    <trkpt lat="46.565098" lon="8.332882"><ele>2064.3</ele><time>2025-09-11T09:26:41Z</time></trkpt>
    <trkpt lat="46.565106" lon="8.332968"><ele>2064.7</ele><time>2025-09-11T09:26:43Z</time></trkpt>
    <trkpt lat="46.565105" lon="8.333041"><ele>2065.1</ele><time>2025-09-11T09:26:44Z</time></trkpt>
    <trkpt lat="46.565108" lon="8.333143"><ele>2065.7</ele><time>2025-09-11T09:26:47Z</time></trkpt>
    <trkpt lat="46.565108" lon="8.333182"><ele>2065.9</ele><time>2025-09-11T09:26:47Z</time></trkpt>
    <trkpt lat="46.565104" lon="8.333304"><ele>2066.6</ele><time>2025-09-11T09:26:50Z</time></trkpt>
    <trkpt lat="46.565109" lon="8.333332"><ele>2066.7</ele><time>2025-09-11T09:26:51Z</time></trkpt>
    <trkpt lat="46.565114" lon="8.333401"><ele>2067.1</ele><time>2025-09-11T09:26:53Z</time></trkpt>
    <trkpt lat="46.565113" lon="8.333421"><ele>2067.2</ele><time>2025-09-11T09:26:53Z</time></trkpt>
    <trkpt lat="46.565102" lon="8.333536"><ele>2067.9</ele><time>2025-09-11T09:26:56Z</time></trkpt>
    <trkpt lat="46.565099" lon="8.333555"><ele>2068.0</ele><time>2025-09-11T09:26:56Z</time></trkpt>
    <trkpt lat="46.565092" lon="8.333661"><ele>2068.6</ele><time>2025-09-11T09:26:59Z</time></trkpt>
    <trkpt lat="46.565093" lon="8.333701"><ele>2068.8</ele><time>2025-09-11T09:26:59Z</time></trkpt>
    <trkpt lat="46.565081" lon="8.333751"><ele>2069.1</ele><time>2025-09-11T09:27:01Z</time></trkpt>
    <trkpt lat="46.565059" lon="8.333864"><ele>2069.7</ele><time>2025-09-11T09:27:03Z</time></trkpt>
    <trkpt lat="46.565056" lon="8.333884"><ele>2069.8</ele><time>2025-09-11T09:27:04Z</time></trkpt>
    <trkpt lat="46.565027" lon="8.333979"><ele>2070.4</ele><time>2025-09-11T09:27:06Z</time></trkpt>
    <trkpt lat="46.565003" lon="8.334057"><ele>2070.9</ele><time>2025-09-11T09:27:08Z</time></trkpt>
    <trkpt lat="46.564991" lon="8.334113"><ele>2071.2</ele><time>2025-09-11T09:27:10Z</time></trkpt>
    <trkpt lat="46.564970" lon="8.334192"><ele>2071.7</ele><time>2025-09-11T09:27:11Z</time></trkpt>
    <trkpt lat="46.564963" lon="8.334232"><ele>2071.9</ele><time>2025-09-11T09:27:12Z</time></trkpt>
    <trkpt lat="46.564950" lon="8.334245"><ele>2072.0</ele><time>2025-09-11T09:27:13Z</time></trkpt>
    <trkpt lat="46.564929" lon="8.334316"><ele>2072.5</ele><time>2025-09-11T09:27:15Z</time></trkpt>
    <trkpt lat="46.564923" lon="8.334342"><ele>2072.6</ele><time>2025-09-11T09:27:15Z</time></trkpt>
    <trkpt lat="46.564903" lon="8.334399"><ele>2073.0</ele><time>2025-09-11T09:27:17Z</time></trkpt>
    <trkpt lat="46.564860" lon="8.334505"><ele>2073.6</ele><time>2025-09-11T09:27:20Z</time></trkpt>
    <trkpt lat="46.564835" lon="8.334610"><ele>2074.2</ele><time>2025-09-11T09:27:22Z</time></trkpt>
    <trkpt lat="46.564822" lon="8.334647"><ele>2074.5</ele><time>2025-09-11T09:27:23Z</time></trkpt>
    <trkpt lat="46.564805" lon="8.334699"><ele>2074.8</ele><time>2025-09-11T09:27:24Z</time></trkpt>
    <trkpt lat="46.564794" lon="8.334729"><ele>2075.0</ele><time>2025-09-11T09:27:25Z</time></trkpt>
    <trkpt lat="46.564781" lon="8.334799"><ele>2075.4</ele><time>2025-09-11T09:27:27Z</time></trkpt>
    <trkpt lat="46.564768" lon="8.334849"><ele>2075.7</ele><time>2025-09-11T09:27:28Z</time></trkpt>
    <trkpt lat="46.564727" lon="8.334947"><ele>2076.3</ele><time>2025-09-11T09:27:31Z</time></trkpt>
    <trkpt lat="46.564720" lon="8.334962"><ele>2076.4</ele><time>2025-09-11T09:27:31Z</time></trkpt>
    <trkpt lat="46.564704" lon="8.335015"><ele>2076.7</ele><time>2025-09-11T09:27:33Z</time></trkpt>
    <trkpt lat="46.564691" lon="8.335054"><ele>2076.9</ele><time>2025-09-11T09:27:33Z</time></trkpt>
    <trkpt lat="46.564682" lon="8.335094"><ele>2077.1</ele><time>2025-09-11T09:27:34Z</time></trkpt>
    <trkpt lat="46.564679" lon="8.335114"><ele>2077.2</ele><time>2025-09-11T09:27:35Z</time></trkpt>
    <trkpt lat="46.564675" lon="8.335134"><ele>2077.3</ele><time>2025-09-11T09:27:35Z</time></trkpt>
    <trkpt lat="46.564657" lon="8.335228"><ele>2077.8</ele><time>2025-09-11T09:27:38Z</time></trkpt>
    <trkpt lat="46.564643" lon="8.335300"><ele>2078.2</ele><time>2025-09-11T09:27:39Z</time></trkpt>
    <trkpt lat="46.564637" lon="8.335333"><ele>2078.4</ele><time>2025-09-11T09:27:40Z</time></trkpt>
    <trkpt lat="46.564619" lon="8.335473"><ele>2079.1</ele><time>2025-09-11T09:27:43Z</time></trkpt>
    <trkpt lat="46.564619" lon="8.335496"><ele>2079.2</ele><time>2025-09-11T09:27:44Z</time></trkpt>
    <trkpt lat="46.564602" lon="8.335632"><ele>2079.9</ele><time>2025-09-11T09:27:47Z</time></trkpt>
    <trkpt lat="46.564596" lon="8.335742"><ele>2080.5</ele><time>2025-09-11T09:27:50Z</time></trkpt>
    <trkpt lat="46.564601" lon="8.335819"><ele>2080.9</ele><time>2025-09-11T09:27:51Z</time></trkpt>
    <trkpt lat="46.564562" lon="8.335831"><ele>2081.2</ele><time>2025-09-11T09:27:53Z</time></trkpt>
    <trkpt lat="46.564558" lon="8.335818"><ele>2081.3</ele><time>2025-09-11T09:27:53Z</time></trkpt>
    <trkpt lat="46.564522" lon="8.335772"><ele>2081.6</ele><time>2025-09-11T09:27:55Z</time></trkpt>
    <trkpt lat="46.564521" lon="8.335776"><ele>2081.6</ele><time>2025-09-11T09:27:55Z</time></trkpt>
    <trkpt lat="46.564521" lon="8.335776"><ele>2081.6</ele><time>2025-09-11T09:27:55Z</time></trkpt>
    <trkpt lat="46.564504" lon="8.335784"><ele>2081.8</ele><time>2025-09-11T09:27:55Z</time></trkpt>
    <trkpt lat="46.564521" lon="8.335811"><ele>2082.0</ele><time>2025-09-11T09:27:56Z</time></trkpt>
    <trkpt lat="46.564537" lon="8.335806"><ele>2082.1</ele><time>2025-09-11T09:27:57Z</time></trkpt>
    <trkpt lat="46.564578" lon="8.335819"><ele>2082.4</ele><time>2025-09-11T09:27:58Z</time></trkpt>
    <trkpt lat="46.564605" lon="8.335836"><ele>2082.6</ele><time>2025-09-11T09:27:59Z</time></trkpt>
    <trkpt lat="46.564610" lon="8.335923"><ele>2083.1</ele><time>2025-09-11T09:28:01Z</time></trkpt>
    <trkpt lat="46.564622" lon="8.336068"><ele>2083.8</ele><time>2025-09-11T09:28:04Z</time></trkpt>
    <trkpt lat="46.564636" lon="8.336127"><ele>2084.1</ele><time>2025-09-11T09:28:06Z</time></trkpt>
    <trkpt lat="46.564647" lon="8.336166"><ele>2084.4</ele><time>2025-09-11T09:28:07Z</time></trkpt>
    <trkpt lat="46.564672" lon="8.336269"><ele>2084.9</ele><time>2025-09-11T09:28:09Z</time></trkpt>
    <trkpt lat="46.564674" lon="8.336287"><ele>2085.0</ele><time>2025-09-11T09:28:10Z</time></trkpt>
    <trkpt lat="46.564702" lon="8.336382"><ele>2085.5</ele><time>2025-09-11T09:28:12Z</time></trkpt>
    <trkpt lat="46.564722" lon="8.336445"><ele>2085.9</ele><time>2025-09-11T09:28:14Z</time></trkpt>
    <trkpt lat="46.564751" lon="8.336520"><ele>2086.3</ele><time>2025-09-11T09:28:16Z</time></trkpt>
    <trkpt lat="46.564802" lon="8.336629"><ele>2087.0</ele><time>2025-09-11T09:28:19Z</time></trkpt>
    <trkpt lat="46.564857" lon="8.336713"><ele>2087.6</ele><time>2025-09-11T09:28:21Z</time></trkpt>
    <trkpt lat="46.564904" lon="8.336815"><ele>2088.2</ele><time>2025-09-11T09:28:24Z</time></trkpt>
    <trkpt lat="46.564950" lon="8.336890"><ele>2088.8</ele><time>2025-09-11T09:28:27Z</time></trkpt>
    <trkpt lat="46.564972" lon="8.336919"><ele>2089.0</ele><time>2025-09-11T09:28:28Z</time></trkpt>
    <trkpt lat="46.565017" lon="8.336982"><ele>2089.5</ele><time>2025-09-11T09:28:30Z</time></trkpt>
    <trkpt lat="46.565058" lon="8.337038"><ele>2089.9</ele><time>2025-09-11T09:28:31Z</time></trkpt>
    <trkpt lat="46.565078" lon="8.337068"><ele>2090.2</ele><time>2025-09-11T09:28:32Z</time></trkpt>
    <trkpt lat="46.565108" lon="8.337116"><ele>2090.6</ele><time>2025-09-11T09:28:34Z</time></trkpt>
    <trkpt lat="46.565127" lon="8.337147"><ele>2090.8</ele><time>2025-09-11T09:28:35Z</time></trkpt>
    <trkpt lat="46.565203" lon="8.337250"><ele>2091.7</ele><time>2025-09-11T09:28:38Z</time></trkpt>
    <trkpt lat="46.565215" lon="8.337267"><ele>2091.8</ele><time>2025-09-11T09:28:39Z</time></trkpt>
    <trkpt lat="46.565263" lon="8.337350"><ele>2092.4</ele><time>2025-09-11T09:28:41Z</time></trkpt>
    <trkpt lat="46.565313" lon="8.337437"><ele>2093.1</ele><time>2025-09-11T09:28:44Z</time></trkpt>
    <trkpt lat="46.565334" lon="8.337471"><ele>2093.3</ele><time>2025-09-11T09:28:45Z</time></trkpt>
    <trkpt lat="46.565387" lon="8.337575"><ele>2094.1</ele><time>2025-09-11T09:28:48Z</time></trkpt>
    <trkpt lat="46.565397" lon="8.337590"><ele>2094.2</ele><time>2025-09-11T09:28:49Z</time></trkpt>
    <trkpt lat="46.565446" lon="8.337668"><ele>2094.8</ele><time>2025-09-11T09:28:51Z</time></trkpt>
    <trkpt lat="46.565465" lon="8.337702"><ele>2095.0</ele><time>2025-09-11T09:28:52Z</time></trkpt>
    <trkpt lat="46.565482" lon="8.337734"><ele>2095.3</ele><time>2025-09-11T09:28:53Z</time></trkpt>
    <trkpt lat="46.565532" lon="8.337809"><ele>2095.9</ele><time>2025-09-11T09:28:55Z</time></trkpt>
    <trkpt lat="46.565549" lon="8.337844"><ele>2096.1</ele><time>2025-09-11T09:28:56Z</time></trkpt>
    <trkpt lat="46.565597" lon="8.337926"><ele>2096.7</ele><time>2025-09-11T09:28:59Z</time></trkpt>
    <trkpt lat="46.565613" lon="8.337962"><ele>2097.0</ele><time>2025-09-11T09:29:00Z</time></trkpt>
    <trkpt lat="46.565649" lon="8.338024"><ele>2097.4</ele><time>2025-09-11T09:29:02Z</time></trkpt>
    <trkpt lat="46.565687" lon="8.338086"><ele>2097.9</ele><time>2025-09-11T09:29:03Z</time></trkpt>
    <trkpt lat="46.565713" lon="8.338131"><ele>2098.3</ele><time>2025-09-11T09:29:05Z</time></trkpt>
    <trkpt lat="46.565760" lon="8.338221"><ele>2098.9</ele><time>2025-09-11T09:29:07Z</time></trkpt>
    <trkpt lat="46.565778" lon="8.338250"><ele>2099.1</ele><time>2025-09-11T09:29:08Z</time></trkpt>
    <trkpt lat="46.565827" lon="8.338326"><ele>2099.7</ele><time>2025-09-11T09:29:11Z</time></trkpt>
    <trkpt lat="46.565865" lon="8.338393"><ele>2100.2</ele><time>2025-09-11T09:29:13Z</time></trkpt>
    <trkpt lat="46.565875" lon="8.338413"><ele>2100.4</ele><time>2025-09-11T09:29:13Z</time></trkpt>
    <trkpt lat="46.565917" lon="8.338500"><ele>2101.0</ele><time>2025-09-11T09:29:16Z</time></trkpt>
    <trkpt lat="46.565934" lon="8.338519"><ele>2101.1</ele><time>2025-09-11T09:29:16Z</time></trkpt>
    <trkpt lat="46.565952" lon="8.338554"><ele>2101.4</ele><time>2025-09-11T09:29:17Z</time></trkpt>
    <trkpt lat="46.565969" lon="8.338590"><ele>2101.6</ele><time>2025-09-11T09:29:18Z</time></trkpt>
    <trkpt lat="46.565978" lon="8.338607"><ele>2101.8</ele><time>2025-09-11T09:29:19Z</time></trkpt>
    <trkpt lat="46.565993" lon="8.338615"><ele>2101.9</ele><time>2025-09-11T09:29:19Z</time></trkpt>
    <trkpt lat="46.566034" lon="8.338679"><ele>2102.4</ele><time>2025-09-11T09:29:21Z</time></trkpt>
    <trkpt lat="46.566070" lon="8.338803"><ele>2103.2</ele><time>2025-09-11T09:29:25Z</time></trkpt>
    <trkpt lat="46.566049" lon="8.338911"><ele>2103.8</ele><time>2025-09-11T09:29:27Z</time></trkpt>
    <trkpt lat="46.566009" lon="8.338960"><ele>2104.2</ele><time>2025-09-11T09:29:29Z</time></trkpt>
    <trkpt lat="46.565981" lon="8.338983"><ele>2104.5</ele><time>2025-09-11T09:29:30Z</time></trkpt>
    <trkpt lat="46.565965" lon="8.338992"><ele>2104.6</ele><time>2025-09-11T09:29:30Z</time></trkpt>
    <trkpt lat="46.565904" lon="8.338973"><ele>2105.1</ele><time>2025-09-11T09:29:33Z</time></trkpt>
    <trkpt lat="46.565830" lon="8.338909"><ele>2105.7</ele><time>2025-09-11T09:29:35Z</time></trkpt>
    <trkpt lat="46.565775" lon="8.338791"><ele>2106.4</ele><time>2025-09-11T09:29:39Z</time></trkpt>
    <trkpt lat="46.565730" lon="8.338715"><ele>2106.9</ele><time>2025-09-11T09:29:41Z</time></trkpt>
    <trkpt lat="46.565694" lon="8.338660"><ele>2107.3</ele><time>2025-09-11T09:29:43Z</time></trkpt>
    <trkpt lat="46.565664" lon="8.338614"><ele>2107.7</ele><time>2025-09-11T09:29:44Z</time></trkpt>
    <trkpt lat="46.565637" lon="8.338587"><ele>2107.9</ele><time>2025-09-11T09:29:45Z</time></trkpt>
    <trkpt lat="46.565606" lon="8.338532"><ele>2108.3</ele><time>2025-09-11T09:29:47Z</time></trkpt>
    <trkpt lat="46.565555" lon="8.338462"><ele>2108.8</ele><time>2025-09-11T09:29:49Z</time></trkpt>
    <trkpt lat="46.565542" lon="8.338450"><ele>2108.9</ele><time>2025-09-11T09:29:50Z</time></trkpt>
    <trkpt lat="46.565468" lon="8.338366"><ele>2109.6</ele><time>2025-09-11T09:29:53Z</time></trkpt>
    <trkpt lat="46.565444" lon="8.338354"><ele>2109.8</ele><time>2025-09-11T09:29:54Z</time></trkpt>
    <trkpt lat="46.565374" lon="8.338293"><ele>2110.4</ele><time>2025-09-11T09:29:56Z</time></trkpt>
    <trkpt lat="46.565323" lon="8.338266"><ele>2110.8</ele><time>2025-09-11T09:29:58Z</time></trkpt>
    <trkpt lat="46.565297" lon="8.338252"><ele>2111.0</ele><time>2025-09-11T09:29:59Z</time></trkpt>
    <trkpt lat="46.565210" lon="8.338225"><ele>2111.7</ele><time>2025-09-11T09:30:02Z</time></trkpt>
    <trkpt lat="46.565196" lon="8.338227"><ele>2111.8</ele><time>2025-09-11T09:30:03Z</time></trkpt>
    <trkpt lat="46.565181" lon="8.338218"><ele>2111.9</ele><time>2025-09-11T09:30:03Z</time></trkpt>
    <trkpt lat="46.565139" lon="8.338197"><ele>2112.2</ele><time>2025-09-11T09:30:05Z</time></trkpt>
    <trkpt lat="46.565079" lon="8.338188"><ele>2112.7</ele><time>2025-09-11T09:30:07Z</time></trkpt>
    <trkpt lat="46.565066" lon="8.338184"><ele>2112.8</ele><time>2025-09-11T09:30:07Z</time></trkpt>
    <trkpt lat="46.565052" lon="8.338179"><ele>2112.9</ele><time>2025-09-11T09:30:08Z</time></trkpt>
    <trkpt lat="46.564961" lon="8.338155"><ele>2113.5</ele><time>2025-09-11T09:30:11Z</time></trkpt>
    <trkpt lat="46.564930" lon="8.338153"><ele>2113.8</ele><time>2025-09-11T09:30:12Z</time></trkpt>
    <trkpt lat="46.564852" lon="8.338147"><ele>2114.4</ele><time>2025-09-11T09:30:14Z</time></trkpt>
    <trkpt lat="46.564834" lon="8.338148"><ele>2114.5</ele><time>2025-09-11T09:30:15Z</time></trkpt>
    <trkpt lat="46.564802" lon="8.338149"><ele>2114.7</ele><time>2025-09-11T09:30:16Z</time></trkpt>
    <trkpt lat="46.564786" lon="8.338150"><ele>2114.8</ele><time>2025-09-11T09:30:17Z</time></trkpt>
    <trkpt lat="46.564771" lon="8.338147"><ele>2115.0</ele><time>2025-09-11T09:30:17Z</time></trkpt>
    <trkpt lat="46.564708" lon="8.338136"><ele>2115.4</ele><time>2025-09-11T09:30:19Z</time></trkpt>
    <trkpt lat="46.564634" lon="8.338123"><ele>2116.0</ele><time>2025-09-11T09:30:22Z</time></trkpt>
    <trkpt lat="46.564573" lon="8.338113"><ele>2116.4</ele><time>2025-09-11T09:30:24Z</time></trkpt>
    <trkpt lat="46.564518" lon="8.338098"><ele>2116.9</ele><time>2025-09-11T09:30:26Z</time></trkpt>
    <trkpt lat="46.564476" lon="8.338084"><ele>2117.2</ele><time>2025-09-11T09:30:27Z</time></trkpt>
    <trkpt lat="46.564406" lon="8.338062"><ele>2117.7</ele><time>2025-09-11T09:30:29Z</time></trkpt>
    <trkpt lat="46.564379" lon="8.338053"><ele>2118.0</ele><time>2025-09-11T09:30:30Z</time></trkpt>
    <trkpt lat="46.564302" lon="8.338017"><ele>2118.7</ele><time>2025-09-11T09:30:33Z</time></trkpt>
    <trkpt lat="46.564253" lon="8.337986"><ele>2119.2</ele><time>2025-09-11T09:30:35Z</time></trkpt>
    <trkpt lat="46.564212" lon="8.337963"><ele>2119.6</ele><time>2025-09-11T09:30:36Z</time></trkpt>
    <trkpt lat="46.564156" lon="8.337919"><ele>2120.2</ele><time>2025-09-11T09:30:38Z</time></trkpt>
    <trkpt lat="46.564146" lon="8.337910"><ele>2120.3</ele><time>2025-09-11T09:30:39Z</time></trkpt>
    <trkpt lat="46.564117" lon="8.337902"><ele>2120.5</ele><time>2025-09-11T09:30:40Z</time></trkpt>
    <trkpt lat="46.564105" lon="8.337895"><ele>2120.6</ele><time>2025-09-11T09:30:40Z</time></trkpt>
    <trkpt lat="46.564046" lon="8.337858"><ele>2121.2</ele><time>2025-09-11T09:30:42Z</time></trkpt>
    <trkpt lat="46.564033" lon="8.337853"><ele>2121.3</ele><time>2025-09-11T09:30:43Z</time></trkpt>
    <trkpt lat="46.563940" lon="8.337803"><ele>2122.2</ele><time>2025-09-11T09:30:46Z</time></trkpt>
    <trkpt lat="46.563919" lon="8.337785"><ele>2122.4</ele><time>2025-09-11T09:30:47Z</time></trkpt>
    <trkpt lat="46.563909" lon="8.337778"><ele>2122.5</ele><time>2025-09-11T09:30:47Z</time></trkpt>
    <trkpt lat="46.563895" lon="8.337772"><ele>2122.7</ele><time>2025-09-11T09:30:48Z</time></trkpt>
    <trkpt lat="46.563868" lon="8.337759"><ele>2122.9</ele><time>2025-09-11T09:30:49Z</time></trkpt>
    <trkpt lat="46.563839" lon="8.337752"><ele>2123.2</ele><time>2025-09-11T09:30:50Z</time></trkpt>
    <trkpt lat="46.563798" lon="8.337733"><ele>2123.6</ele><time>2025-09-11T09:30:51Z</time></trkpt>
    <trkpt lat="46.563771" lon="8.337722"><ele>2123.8</ele><time>2025-09-11T09:30:52Z</time></trkpt>
    <trkpt lat="46.563710" lon="8.337704"><ele>2124.4</ele><time>2025-09-11T09:30:54Z</time></trkpt>
    <trkpt lat="46.563682" lon="8.337691"><ele>2124.6</ele><time>2025-09-11T09:30:55Z</time></trkpt>
    <trkpt lat="46.563601" lon="8.337675"><ele>2125.4</ele><time>2025-09-11T09:30:58Z</time></trkpt>
    <trkpt lat="46.563587" lon="8.337672"><ele>2125.5</ele><time>2025-09-11T09:30:58Z</time></trkpt>
    <trkpt lat="46.563508" lon="8.337646"><ele>2126.2</ele><time>2025-09-11T09:31:01Z</time></trkpt>
    <trkpt lat="46.563468" lon="8.337642"><ele>2126.6</ele><time>2025-09-11T09:31:02Z</time></trkpt>
    <trkpt lat="46.563399" lon="8.337634"><ele>2127.2</ele><time>2025-09-11T09:31:05Z</time></trkpt>
    <trkpt lat="46.563349" lon="8.337633"><ele>2127.6</ele><time>2025-09-11T09:31:06Z</time></trkpt>
    <trkpt lat="46.563288" lon="8.337636"><ele>2128.2</ele><time>2025-09-11T09:31:08Z</time></trkpt>
    <trkpt lat="46.563217" lon="8.337645"><ele>2128.8</ele><time>2025-09-11T09:31:11Z</time></trkpt>
    <trkpt lat="46.563203" lon="8.337646"><ele>2128.9</ele><time>2025-09-11T09:31:11Z</time></trkpt>
    <trkpt lat="46.563108" lon="8.337653"><ele>2129.8</ele><time>2025-09-11T09:31:14Z</time></trkpt>
    <trkpt lat="46.563099" lon="8.337657"><ele>2129.9</ele><time>2025-09-11T09:31:15Z</time></trkpt>
    <trkpt lat="46.563085" lon="8.337665"><ele>2130.0</ele><time>2025-09-11T09:31:15Z</time></trkpt>
    <trkpt lat="46.563034" lon="8.337674"><ele>2130.5</ele><time>2025-09-11T09:31:17Z</time></trkpt>
    <trkpt lat="46.563010" lon="8.337678"><ele>2130.7</ele><time>2025-09-11T09:31:18Z</time></trkpt>
    <trkpt lat="46.562948" lon="8.337687"><ele>2131.2</ele><time>2025-09-11T09:31:20Z</time></trkpt>
    <trkpt lat="46.562874" lon="8.337683"><ele>2131.9</ele><time>2025-09-11T09:31:22Z</time></trkpt>
    <trkpt lat="46.562861" lon="8.337686"><ele>2132.0</ele><time>2025-09-11T09:31:23Z</time></trkpt>
    <trkpt lat="46.562778" lon="8.337688"><ele>2132.8</ele><time>2025-09-11T09:31:25Z</time></trkpt>
    <trkpt lat="46.562737" lon="8.337688"><ele>2133.1</ele><time>2025-09-11T09:31:27Z</time></trkpt>
    <trkpt lat="46.562710" lon="8.337675"><ele>2133.4</ele><time>2025-09-11T09:31:28Z</time></trkpt>
    <trkpt lat="46.562656" lon="8.337656"><ele>2133.9</ele><time>2025-09-11T09:31:30Z</time></trkpt>
    <trkpt lat="46.562616" lon="8.337640"><ele>2134.2</ele><time>2025-09-11T09:31:31Z</time></trkpt>
    <trkpt lat="46.562539" lon="8.337614"><ele>2134.9</ele><time>2025-09-11T09:31:34Z</time></trkpt>
    <trkpt lat="46.562526" lon="8.337607"><ele>2135.0</ele><time>2025-09-11T09:31:34Z</time></trkpt>
    <trkpt lat="46.562450" lon="8.337553"><ele>2135.8</ele><time>2025-09-11T09:31:37Z</time></trkpt>
    <trkpt lat="46.562429" lon="8.337531"><ele>2136.0</ele><time>2025-09-11T09:31:38Z</time></trkpt>
    <trkpt lat="46.562390" lon="8.337478"><ele>2136.5</ele><time>2025-09-11T09:31:40Z</time></trkpt>
    <trkpt lat="46.562380" lon="8.337467"><ele>2136.6</ele><time>2025-09-11T09:31:40Z</time></trkpt>
    <trkpt lat="46.562330" lon="8.337406"><ele>2137.1</ele><time>2025-09-11T09:31:42Z</time></trkpt>
    <trkpt lat="46.562304" lon="8.337369"><ele>2137.5</ele><time>2025-09-11T09:31:43Z</time></trkpt>
    <trkpt lat="46.562267" lon="8.337315"><ele>2137.9</ele><time>2025-09-11T09:31:45Z</time></trkpt>
    <trkpt lat="46.562220" lon="8.337250"><ele>2138.5</ele><time>2025-09-11T09:31:47Z</time></trkpt>
    <trkpt lat="46.562197" lon="8.337201"><ele>2138.8</ele><time>2025-09-11T09:31:49Z</time></trkpt>
    <trkpt lat="46.562181" lon="8.337172"><ele>2139.1</ele><time>2025-09-11T09:31:50Z</time></trkpt>
    <trkpt lat="46.562166" lon="8.337141"><ele>2139.3</ele><time>2025-09-11T09:31:50Z</time></trkpt>
    <trkpt lat="46.562119" lon="8.337065"><ele>2139.9</ele><time>2025-09-11T09:31:53Z</time></trkpt>
    <trkpt lat="46.562103" lon="8.337033"><ele>2140.1</ele><time>2025-09-11T09:31:54Z</time></trkpt>
    <trkpt lat="46.562063" lon="8.336949"><ele>2140.7</ele><time>2025-09-11T09:31:56Z</time></trkpt>
    <trkpt lat="46.562055" lon="8.336932"><ele>2140.9</ele><time>2025-09-11T09:31:56Z</time></trkpt>
    <trkpt lat="46.562005" lon="8.336858"><ele>2141.5</ele><time>2025-09-11T09:31:59Z</time></trkpt>
    <trkpt lat="46.561985" lon="8.336831"><ele>2141.7</ele><time>2025-09-11T09:32:00Z</time></trkpt>
    <trkpt lat="46.561951" lon="8.336771"><ele>2142.2</ele><time>2025-09-11T09:32:02Z</time></trkpt>
    <trkpt lat="46.561954" lon="8.336750"><ele>2142.3</ele><time>2025-09-11T09:32:02Z</time></trkpt>
    <trkpt lat="46.561946" lon="8.336729"><ele>2142.5</ele><time>2025-09-11T09:32:03Z</time></trkpt>
    <trkpt lat="46.561943" lon="8.336730"><ele>2142.5</ele><time>2025-09-11T09:32:03Z</time></trkpt>
    <trkpt lat="46.561944" lon="8.336729"><ele>2142.5</ele><time>2025-09-11T09:32:03Z</time></trkpt>
    <trkpt lat="46.561944" lon="8.336729"><ele>2142.5</ele><time>2025-09-11T09:32:03Z</time></trkpt>
    <trkpt lat="46.561944" lon="8.336729"><ele>2142.5</ele><time>2025-09-11T09:32:03Z</time></trkpt>
    <trkpt lat="46.561944" lon="8.336729"><ele>2142.5</ele><time>2025-09-11T09:32:03Z</time></trkpt>
    <trkpt lat="46.561884" lon="8.336753"><ele>2143.0</ele><time>2025-09-11T09:32:05Z</time></trkpt>
    <trkpt lat="46.561877" lon="8.336684"><ele>2143.5</ele><time>2025-09-11T09:32:06Z</time></trkpt>
    <trkpt lat="46.561873" lon="8.336685"><ele>2143.5</ele><time>2025-09-11T09:32:07Z</time></trkpt>
    <trkpt lat="46.561873" lon="8.336685"><ele>2143.5</ele><time>2025-09-11T09:32:07Z</time></trkpt>
    <trkpt lat="46.561835" lon="8.336633"><ele>2143.9</ele><time>2025-09-11T09:32:08Z</time></trkpt>
    <trkpt lat="46.561796" lon="8.336603"><ele>2144.3</ele><time>2025-09-11T09:32:10Z</time></trkpt>
    <trkpt lat="46.561788" lon="8.336588"><ele>2144.4</ele><time>2025-09-11T09:32:10Z</time></trkpt>
    <trkpt lat="46.561772" lon="8.336575"><ele>2144.6</ele><time>2025-09-11T09:32:11Z</time></trkpt>
    <trkpt lat="46.561689" lon="8.336510"><ele>2145.4</ele><time>2025-09-11T09:32:14Z</time></trkpt>
    <trkpt lat="46.561613" lon="8.336484"><ele>2146.1</ele><time>2025-09-11T09:32:17Z</time></trkpt>
    <trkpt lat="46.561595" lon="8.336483"><ele>2146.3</ele><time>2025-09-11T09:32:17Z</time></trkpt>
    <trkpt lat="46.561550" lon="8.336463"><ele>2146.7</ele><time>2025-09-11T09:32:19Z</time></trkpt>
    <trkpt lat="46.561516" lon="8.336456"><ele>2147.0</ele><time>2025-09-11T09:32:20Z</time></trkpt>
    <trkpt lat="46.561382" lon="8.336478"><ele>2148.1</ele><time>2025-09-11T09:32:24Z</time></trkpt>
    <trkpt lat="46.561365" lon="8.336474"><ele>2148.3</ele><time>2025-09-11T09:32:25Z</time></trkpt>
    <trkpt lat="46.561347" lon="8.336471"><ele>2148.5</ele><time>2025-09-11T09:32:26Z</time></trkpt>
    <trkpt lat="46.561340" lon="8.336482"><ele>2148.5</ele><time>2025-09-11T09:32:26Z</time></trkpt>
    <trkpt lat="46.561318" lon="8.336511"><ele>2148.8</ele><time>2025-09-11T09:32:27Z</time></trkpt>
    <trkpt lat="46.561283" lon="8.336539"><ele>2149.1</ele><time>2025-09-11T09:32:28Z</time></trkpt>
    <trkpt lat="46.561210" lon="8.336607"><ele>2149.3</ele><time>2025-09-11T09:32:31Z</time></trkpt>
    <trkpt lat="46.561182" lon="8.336612"><ele>2149.3</ele><time>2025-09-11T09:32:32Z</time></trkpt>
    <trkpt lat="46.561170" lon="8.336606"><ele>2149.3</ele><time>2025-09-11T09:32:32Z</time></trkpt>
    <trkpt lat="46.561154" lon="8.336586"><ele>2149.4</ele><time>2025-09-11T09:32:33Z</time></trkpt>
    <trkpt lat="46.561133" lon="8.336578"><ele>2149.4</ele><time>2025-09-11T09:32:34Z</time></trkpt>
    <trkpt lat="46.561107" lon="8.336584"><ele>2149.4</ele><time>2025-09-11T09:32:35Z</time></trkpt>
    <trkpt lat="46.561079" lon="8.336618"><ele>2149.4</ele><time>2025-09-11T09:32:36Z</time></trkpt>
    <trkpt lat="46.561052" lon="8.336664"><ele>2149.5</ele><time>2025-09-11T09:32:37Z</time></trkpt>
    <trkpt lat="46.561048" lon="8.336688"><ele>2149.5</ele><time>2025-09-11T09:32:38Z</time></trkpt>
    <trkpt lat="46.561061" lon="8.336808"><ele>2149.6</ele><time>2025-09-11T09:32:41Z</time></trkpt>
    <trkpt lat="46.561033" lon="8.336901"><ele>2149.7</ele><time>2025-09-11T09:32:43Z</time></trkpt>
    <trkpt lat="46.561034" lon="8.336928"><ele>2149.7</ele><time>2025-09-11T09:32:44Z</time></trkpt>
    <trkpt lat="46.561036" lon="8.336934"><ele>2149.7</ele><time>2025-09-11T09:32:44Z</time></trkpt>
    <trkpt lat="46.561034" lon="8.336928"><ele>2149.7</ele><time>2025-09-11T09:32:44Z</time></trkpt>
    <trkpt lat="46.561034" lon="8.336928"><ele>2149.7</ele><time>2025-09-11T09:32:44Z</time></trkpt>
    <trkpt lat="46.561034" lon="8.336928"><ele>2149.7</ele><time>2025-09-11T09:32:44Z</time></trkpt>
    <trkpt lat="46.561034" lon="8.336928"><ele>2149.7</ele><time>2025-09-11T09:32:44Z</time></trkpt>
    <trkpt lat="46.561034" lon="8.336928"><ele>2149.7</ele><time>2025-09-11T09:32:44Z</time></trkpt>
    <trkpt lat="46.561034" lon="8.336928"><ele>2149.7</ele><time>2025-09-11T09:32:44Z</time></trkpt>
    <trkpt lat="46.561034" lon="8.336928"><ele>2149.7</ele><time>2025-09-11T09:32:44Z</time></trkpt>
    <trkpt lat="46.561034" lon="8.336928"><ele>2149.7</ele><time>2025-09-11T09:32:44Z</time></trkpt>
    <trkpt lat="46.561033" lon="8.336955"><ele>2149.7</ele><time>2025-09-11T09:32:45Z</time></trkpt>
    <trkpt lat="46.561036" lon="8.336969"><ele>2149.7</ele><time>2025-09-11T09:32:45Z</time></trkpt>
    <trkpt lat="46.561078" lon="8.337036"><ele>2149.8</ele><time>2025-09-11T09:32:47Z</time></trkpt>
    <trkpt lat="46.561100" lon="8.337141"><ele>2149.9</ele><time>2025-09-11T09:32:50Z</time></trkpt>
    <trkpt lat="46.561137" lon="8.337232"><ele>2149.9</ele><time>2025-09-11T09:32:52Z</time></trkpt>
    <trkpt lat="46.561243" lon="8.337420"><ele>2150.1</ele><time>2025-09-11T09:32:58Z</time></trkpt>
    <trkpt lat="46.561261" lon="8.337444"><ele>2150.1</ele><time>2025-09-11T09:32:58Z</time></trkpt>
    <trkpt lat="46.561279" lon="8.337468"><ele>2150.2</ele><time>2025-09-11T09:32:59Z</time></trkpt>
    <trkpt lat="46.561334" lon="8.337539"><ele>2150.2</ele><time>2025-09-11T09:33:02Z</time></trkpt>
    <trkpt lat="46.561434" lon="8.337682"><ele>2150.4</ele><time>2025-09-11T09:33:06Z</time></trkpt>
    <trkpt lat="46.561509" lon="8.337753"><ele>2150.5</ele><time>2025-09-11T09:33:09Z</time></trkpt>
    <trkpt lat="46.561563" lon="8.337829"><ele>2150.6</ele><time>2025-09-11T09:33:12Z</time></trkpt>
    <trkpt lat="46.561623" lon="8.337930"><ele>2150.6</ele><time>2025-09-11T09:33:15Z</time></trkpt>
    <trkpt lat="46.561669" lon="8.338004"><ele>2150.7</ele><time>2025-09-11T09:33:17Z</time></trkpt>
    <trkpt lat="46.561739" lon="8.338118"><ele>2150.8</ele><time>2025-09-11T09:33:21Z</time></trkpt>
    <trkpt lat="46.561942" lon="8.338458"><ele>2151.0</ele><time>2025-09-11T09:33:31Z</time></trkpt>
  </trkseg></trk>
</gpx>