ISO-10303-21;
HEADER;
FILE_DESCRIPTION(('Open CASCADE Model'),'2;1');
FILE_NAME('Open CASCADE Shape Model','2026-10-01T23:31:10',('Author'),(
    'Open CASCADE'),'Open CASCADE STEP processor 7.9','Open CASCADE 7.9'
  ,'Unknown');
FILE_SCHEMA(('AUTOMOTIVE_DESIGN { 1 0 10303 214 1 1 1 1 }'));
ENDSEC;
DATA;
#1 = APPLICATION_PROTOCOL_DEFINITION('international standard',
  'automotive_design',2000,#2);
#2 = APPLICATION_CONTEXT(
  'core data for automotive mechanical design processes');
#3 = SHAPE_DEFINITION_REPRESENTATION(#4,#10);
#4 = PRODUCT_DEFINITION_SHAPE('','',#5);
#5 = PRODUCT_DEFINITION('design','',#6,#9);
#6 = PRODUCT_DEFINITION_FORMATION('','',#7);
#7 = PRODUCT('Hirose_FH34SRJ_12S_0p5SH','Hirose_FH34SRJ_12S_0p5SH','',(
    #8));
#8 = PRODUCT_CONTEXT('',#2,'mechanical');
#9 = PRODUCT_DEFINITION_CONTEXT('part definition',#2,'design');
#10 = SHAPE_REPRESENTATION('',(#11,#15,#19,#23,#27,#31,#35,#39,#43,#47,
    #51,#55,#59,#63,#67,#71,#75),#79);
#11 = AXIS2_PLACEMENT_3D('',#12,#13,#14);
#12 = CARTESIAN_POINT('',(0.,0.,0.));
#13 = DIRECTION('',(0.,0.,1.));
#14 = DIRECTION('',(1.,0.,-0.));
#15 = AXIS2_PLACEMENT_3D('',#16,#17,#18);
#16 = CARTESIAN_POINT('',(0.,0.,0.));
#17 = DIRECTION('',(0.,0.,1.));
#18 = DIRECTION('',(1.,0.,-0.));
#19 = AXIS2_PLACEMENT_3D('',#20,#21,#22);
#20 = CARTESIAN_POINT('',(0.,0.,0.));
#21 = DIRECTION('',(0.,0.,1.));
#22 = DIRECTION('',(1.,0.,-0.));
#23 = AXIS2_PLACEMENT_3D('',#24,#25,#26);
#24 = CARTESIAN_POINT('',(0.,0.,0.));
#25 = DIRECTION('',(0.,0.,1.));
#26 = DIRECTION('',(1.,0.,-0.));
#27 = AXIS2_PLACEMENT_3D('',#28,#29,#30);
#28 = CARTESIAN_POINT('',(0.,0.,0.));
#29 = DIRECTION('',(0.,0.,1.));
#30 = DIRECTION('',(1.,0.,-0.));
#31 = AXIS2_PLACEMENT_3D('',#32,#33,#34);
#32 = CARTESIAN_POINT('',(0.,0.,0.));
#33 = DIRECTION('',(0.,0.,1.));
#34 = DIRECTION('',(1.,0.,-0.));
#35 = AXIS2_PLACEMENT_3D('',#36,#37,#38);
#36 = CARTESIAN_POINT('',(0.,0.,0.));
#37 = DIRECTION('',(0.,0.,1.));
#38 = DIRECTION('',(1.,0.,-0.));
#39 = AXIS2_PLACEMENT_3D('',#40,#41,#42);
#40 = CARTESIAN_POINT('',(0.,0.,0.));
#41 = DIRECTION('',(0.,0.,1.));
#42 = DIRECTION('',(1.,0.,-0.));
#43 = AXIS2_PLACEMENT_3D('',#44,#45,#46);
#44 = CARTESIAN_POINT('',(0.,0.,0.));
#45 = DIRECTION('',(0.,0.,1.));
#46 = DIRECTION('',(1.,0.,-0.));
#47 = AXIS2_PLACEMENT_3D('',#48,#49,#50);
#48 = CARTESIAN_POINT('',(0.,0.,0.));
#49 = DIRECTION('',(0.,0.,1.));
#50 = DIRECTION('',(1.,0.,-0.));
#51 = AXIS2_PLACEMENT_3D('',#52,#53,#54);
#52 = CARTESIAN_POINT('',(0.,0.,0.));
#53 = DIRECTION('',(0.,0.,1.));
#54 = DIRECTION('',(1.,0.,-0.));
#55 = AXIS2_PLACEMENT_3D('',#56,#57,#58);
#56 = CARTESIAN_POINT('',(0.,0.,0.));
#57 = DIRECTION('',(0.,0.,1.));
#58 = DIRECTION('',(1.,0.,-0.));
#59 = AXIS2_PLACEMENT_3D('',#60,#61,#62);
#60 = CARTESIAN_POINT('',(0.,0.,0.));
#61 = DIRECTION('',(0.,0.,1.));
#62 = DIRECTION('',(1.,0.,-0.));
#63 = AXIS2_PLACEMENT_3D('',#64,#65,#66);
#64 = CARTESIAN_POINT('',(0.,0.,0.));
#65 = DIRECTION('',(0.,0.,1.));
#66 = DIRECTION('',(1.,0.,-0.));
#67 = AXIS2_PLACEMENT_3D('',#68,#69,#70);
#68 = CARTESIAN_POINT('',(0.,0.,0.));
#69 = DIRECTION('',(0.,0.,1.));
#70 = DIRECTION('',(1.,0.,-0.));
#71 = AXIS2_PLACEMENT_3D('',#72,#73,#74);
#72 = CARTESIAN_POINT('',(0.,0.,0.));
#73 = DIRECTION('',(0.,0.,1.));
#74 = DIRECTION('',(1.,0.,-0.));
#75 = AXIS2_PLACEMENT_3D('',#76,#77,#78);
#76 = CARTESIAN_POINT('',(0.,0.,0.));
#77 = DIRECTION('',(0.,0.,1.));
#78 = DIRECTION('',(1.,0.,-0.));
#79 = ( GEOMETRIC_REPRESENTATION_CONTEXT(3)
GLOBAL_UNCERTAINTY_ASSIGNED_CONTEXT((#83)) GLOBAL_UNIT_ASSIGNED_CONTEXT(
(#80,#81,#82)) REPRESENTATION_CONTEXT('Context #1',
  '3D Context with UNIT and UNCERTAINTY') );
#80 = ( LENGTH_UNIT() NAMED_UNIT(*) SI_UNIT(.MILLI.,.METRE.) );
#81 = ( NAMED_UNIT(*) PLANE_ANGLE_UNIT() SI_UNIT($,.RADIAN.) );
#82 = ( NAMED_UNIT(*) SI_UNIT($,.STERADIAN.) SOLID_ANGLE_UNIT() );
#83 = UNCERTAINTY_MEASURE_WITH_UNIT(LENGTH_MEASURE(1.E-07),#80,
  'distance_accuracy_value','confusion accuracy');
#84 = PRODUCT_RELATED_PRODUCT_CATEGORY('part',$,(#7));
#85 = SHAPE_DEFINITION_REPRESENTATION(#86,#92);
#86 = PRODUCT_DEFINITION_SHAPE('','',#87);
#87 = PRODUCT_DEFINITION('design','',#88,#91);
#88 = PRODUCT_DEFINITION_FORMATION('','',#89);
#89 = PRODUCT('Grey_LCP_housing','Grey_LCP_housing','',(#90));
#90 = PRODUCT_CONTEXT('',#2,'mechanical');
#91 = PRODUCT_DEFINITION_CONTEXT('part definition',#2,'design');
#92 = ADVANCED_BREP_SHAPE_REPRESENTATION('',(#11,#93),#5450);
#93 = MANIFOLD_SOLID_BREP('',#94);
#94 = CLOSED_SHELL('',(#95,#169,#200,#231,#310,#341,#420,#451,#530,#561,
    #640,#671,#750,#781,#860,#891,#970,#1001,#1080,#1111,#1190,#1221,
    #1300,#1331,#1410,#1441,#1520,#1551,#1630,#1661,#1740,#1771,#1850,
    #1881,#1960,#1991,#2070,#2101,#2180,#2211,#2290,#2321,#2400,#2431,
    #2510,#2541,#2620,#2651,#2730,#2761,#2840,#2871,#2902,#2933,#2950,
    #2983,#3016,#3047,#3080,#3111,#3144,#3175,#3192,#3209,#3231,#3253,
    #3270,#3287,#3304,#3321,#3343,#3365,#3382,#3399,#3416,#3433,#3455,
    #3477,#3494,#3511,#3528,#3545,#3567,#3589,#3606,#3623,#3640,#3657,
    #3679,#3701,#3718,#3735,#3752,#3769,#3791,#3813,#3830,#3847,#3864,
    #3881,#3903,#3925,#3942,#3959,#3976,#3993,#4015,#4037,#4054,#4071,
    #4088,#4105,#4127,#4149,#4166,#4183,#4200,#4217,#4239,#4261,#4278,
    #4295,#4312,#4329,#4351,#4373,#4390,#4407,#4424,#4441,#4472,#4503,
    #4520,#4553,#4586,#4617,#4650,#4681,#4714,#4745,#4767,#4808,#4825,
    #4861,#4975,#5006,#5029,#5046,#5058,#5076,#5094,#5234,#5265,#5296,
    #5313,#5330,#5342,#5373,#5404,#5421,#5438));
#95 = ADVANCED_FACE('',(#96,#130),#164,.F.);
#96 = FACE_BOUND('',#97,.F.);
#97 = EDGE_LOOP('',(#98,#108,#116,#124));
#98 = ORIENTED_EDGE('',*,*,#99,.F.);
#99 = EDGE_CURVE('',#100,#102,#104,.T.);
#100 = VERTEX_POINT('',#101);
#101 = CARTESIAN_POINT('',(-3.909644660941,-1.9,4.E-02));
#102 = VERTEX_POINT('',#103);
#103 = CARTESIAN_POINT('',(3.909644660941,-1.9,4.E-02));
#104 = LINE('',#105,#106);
#105 = CARTESIAN_POINT('',(-3.92,-1.9,4.E-02));
#106 = VECTOR('',#107,1.);
#107 = DIRECTION('',(1.,0.,0.));
#108 = ORIENTED_EDGE('',*,*,#109,.T.);
#109 = EDGE_CURVE('',#100,#110,#112,.T.);
#110 = VERTEX_POINT('',#111);
#111 = CARTESIAN_POINT('',(-3.909644660941,-1.9,1.));
#112 = LINE('',#113,#114);
#113 = CARTESIAN_POINT('',(-3.909644660941,-1.9,4.E-02));
#114 = VECTOR('',#115,1.);
#115 = DIRECTION('',(0.,0.,1.));
#116 = ORIENTED_EDGE('',*,*,#117,.T.);
#117 = EDGE_CURVE('',#110,#118,#120,.T.);
#118 = VERTEX_POINT('',#119);
#119 = CARTESIAN_POINT('',(3.909644660941,-1.9,1.));
#120 = LINE('',#121,#122);
#121 = CARTESIAN_POINT('',(-3.92,-1.9,1.));
#122 = VECTOR('',#123,1.);
#123 = DIRECTION('',(1.,0.,0.));
#124 = ORIENTED_EDGE('',*,*,#125,.F.);
#125 = EDGE_CURVE('',#102,#118,#126,.T.);
#126 = LINE('',#127,#128);
#127 = CARTESIAN_POINT('',(3.909644660941,-1.9,4.E-02));
#128 = VECTOR('',#129,1.);
#129 = DIRECTION('',(0.,0.,1.));
#130 = FACE_BOUND('',#131,.F.);
#131 = EDGE_LOOP('',(#132,#142,#150,#158));
#132 = ORIENTED_EDGE('',*,*,#133,.F.);
#133 = EDGE_CURVE('',#134,#136,#138,.T.);
#134 = VERTEX_POINT('',#135);
#135 = CARTESIAN_POINT('',(-3.265,-1.9,0.65));
#136 = VERTEX_POINT('',#137);
#137 = CARTESIAN_POINT('',(3.265,-1.9,0.65));
#138 = LINE('',#139,#140);
#139 = CARTESIAN_POINT('',(-3.5925,-1.9,0.65));
#140 = VECTOR('',#141,1.);
#141 = DIRECTION('',(1.,0.,0.));
#142 = ORIENTED_EDGE('',*,*,#143,.T.);
#143 = EDGE_CURVE('',#134,#144,#146,.T.);
#144 = VERTEX_POINT('',#145);
#145 = CARTESIAN_POINT('',(-3.265,-1.9,0.35));
#146 = LINE('',#147,#148);
#147 = CARTESIAN_POINT('',(-3.265,-1.9,0.195));
#148 = VECTOR('',#149,1.);
#149 = DIRECTION('',(0.,0.,-1.));
#150 = ORIENTED_EDGE('',*,*,#151,.T.);
#151 = EDGE_CURVE('',#144,#152,#154,.T.);
#152 = VERTEX_POINT('',#153);
#153 = CARTESIAN_POINT('',(3.265,-1.9,0.35));
#154 = LINE('',#155,#156);
#155 = CARTESIAN_POINT('',(-3.5925,-1.9,0.35));
#156 = VECTOR('',#157,1.);
#157 = DIRECTION('',(1.,0.,0.));
#158 = ORIENTED_EDGE('',*,*,#159,.F.);
#159 = EDGE_CURVE('',#136,#152,#160,.T.);
#160 = LINE('',#161,#162);
#161 = CARTESIAN_POINT('',(3.265,-1.9,0.195));
#162 = VECTOR('',#163,1.);
#163 = DIRECTION('',(0.,0.,-1.));
#164 = PLANE('',#165);
#165 = AXIS2_PLACEMENT_3D('',#166,#167,#168);
#166 = CARTESIAN_POINT('',(-3.92,-1.9,4.E-02));
#167 = DIRECTION('',(0.,1.,0.));
#168 = DIRECTION('',(1.,0.,0.));
#169 = ADVANCED_FACE('',(#170),#195,.T.);
#170 = FACE_BOUND('',#171,.T.);
#171 = EDGE_LOOP('',(#172,#180,#181,#189));
#172 = ORIENTED_EDGE('',*,*,#173,.F.);
#173 = EDGE_CURVE('',#134,#174,#176,.T.);
#174 = VERTEX_POINT('',#175);
#175 = CARTESIAN_POINT('',(-3.265,-0.55,0.65));
#176 = LINE('',#177,#178);
#177 = CARTESIAN_POINT('',(-3.265,-1.95,0.65));
#178 = VECTOR('',#179,1.);
#179 = DIRECTION('',(0.,1.,0.));
#180 = ORIENTED_EDGE('',*,*,#143,.T.);
#181 = ORIENTED_EDGE('',*,*,#182,.T.);
#182 = EDGE_CURVE('',#144,#183,#185,.T.);
#183 = VERTEX_POINT('',#184);
#184 = CARTESIAN_POINT('',(-3.265,-0.55,0.35));
#185 = LINE('',#186,#187);
#186 = CARTESIAN_POINT('',(-3.265,-1.95,0.35));
#187 = VECTOR('',#188,1.);
#188 = DIRECTION('',(0.,1.,0.));
#189 = ORIENTED_EDGE('',*,*,#190,.T.);
#190 = EDGE_CURVE('',#183,#174,#191,.T.);
#191 = LINE('',#192,#193);
#192 = CARTESIAN_POINT('',(-3.265,-0.55,0.35));
#193 = VECTOR('',#194,1.);
#194 = DIRECTION('',(0.,0.,1.));
#195 = PLANE('',#196);
#196 = AXIS2_PLACEMENT_3D('',#197,#198,#199);
#197 = CARTESIAN_POINT('',(-3.265,-1.95,0.35));
#198 = DIRECTION('',(1.,0.,0.));
#199 = DIRECTION('',(0.,0.,1.));
#200 = ADVANCED_FACE('',(#201),#226,.F.);
#201 = FACE_BOUND('',#202,.F.);
#202 = EDGE_LOOP('',(#203,#211,#212,#220));
#203 = ORIENTED_EDGE('',*,*,#204,.F.);
#204 = EDGE_CURVE('',#183,#205,#207,.T.);
#205 = VERTEX_POINT('',#206);
#206 = CARTESIAN_POINT('',(-2.85,-0.55,0.35));
#207 = LINE('',#208,#209);
#208 = CARTESIAN_POINT('',(-3.265,-0.55,0.35));
#209 = VECTOR('',#210,1.);
#210 = DIRECTION('',(1.,0.,0.));
#211 = ORIENTED_EDGE('',*,*,#190,.T.);
#212 = ORIENTED_EDGE('',*,*,#213,.T.);
#213 = EDGE_CURVE('',#174,#214,#216,.T.);
#214 = VERTEX_POINT('',#215);
#215 = CARTESIAN_POINT('',(-2.85,-0.55,0.65));
#216 = LINE('',#217,#218);
#217 = CARTESIAN_POINT('',(-3.265,-0.55,0.65));
#218 = VECTOR('',#219,1.);
#219 = DIRECTION('',(1.,0.,0.));
#220 = ORIENTED_EDGE('',*,*,#221,.F.);
#221 = EDGE_CURVE('',#205,#214,#222,.T.);
#222 = LINE('',#223,#224);
#223 = CARTESIAN_POINT('',(-2.85,-0.55,4.E-02));
#224 = VECTOR('',#225,1.);
#225 = DIRECTION('',(0.,0.,1.));
#226 = PLANE('',#227);
#227 = AXIS2_PLACEMENT_3D('',#228,#229,#230);
#228 = CARTESIAN_POINT('',(-3.265,-0.55,0.35));
#229 = DIRECTION('',(0.,1.,0.));
#230 = DIRECTION('',(0.,0.,1.));
#231 = ADVANCED_FACE('',(#232),#305,.T.);
#232 = FACE_BOUND('',#233,.T.);
#233 = EDGE_LOOP('',(#234,#242,#250,#258,#266,#274,#282,#290,#298,#304)
  );
#234 = ORIENTED_EDGE('',*,*,#235,.F.);
#235 = EDGE_CURVE('',#236,#205,#238,.T.);
#236 = VERTEX_POINT('',#237);
#237 = CARTESIAN_POINT('',(-2.85,-0.55,4.E-02));
#238 = LINE('',#239,#240);
#239 = CARTESIAN_POINT('',(-2.85,-0.55,4.E-02));
#240 = VECTOR('',#241,1.);
#241 = DIRECTION('',(0.,0.,1.));
#242 = ORIENTED_EDGE('',*,*,#243,.T.);
#243 = EDGE_CURVE('',#236,#244,#246,.T.);
#244 = VERTEX_POINT('',#245);
#245 = CARTESIAN_POINT('',(-2.85,1.,4.E-02));
#246 = LINE('',#247,#248);
#247 = CARTESIAN_POINT('',(-2.85,-0.55,4.E-02));
#248 = VECTOR('',#249,1.);
#249 = DIRECTION('',(0.,1.,0.));
#250 = ORIENTED_EDGE('',*,*,#251,.T.);
#251 = EDGE_CURVE('',#244,#252,#254,.T.);
#252 = VERTEX_POINT('',#253);
#253 = CARTESIAN_POINT('',(-2.85,1.,0.46));
#254 = LINE('',#255,#256);
#255 = CARTESIAN_POINT('',(-2.85,1.,4.E-02));
#256 = VECTOR('',#257,1.);
#257 = DIRECTION('',(-0.,0.,1.));
#258 = ORIENTED_EDGE('',*,*,#259,.F.);
#259 = EDGE_CURVE('',#260,#252,#262,.T.);
#260 = VERTEX_POINT('',#261);
#261 = CARTESIAN_POINT('',(-2.85,-5.E-02,0.46));
#262 = LINE('',#263,#264);
#263 = CARTESIAN_POINT('',(-2.85,-0.3,0.46));
#264 = VECTOR('',#265,1.);
#265 = DIRECTION('',(0.,1.,0.));
#266 = ORIENTED_EDGE('',*,*,#267,.T.);
#267 = EDGE_CURVE('',#260,#268,#270,.T.);
#268 = VERTEX_POINT('',#269);
#269 = CARTESIAN_POINT('',(-2.85,-5.E-02,1.));
#270 = LINE('',#271,#272);
#271 = CARTESIAN_POINT('',(-2.85,-5.E-02,0.46));
#272 = VECTOR('',#273,1.);
#273 = DIRECTION('',(0.,5.139921410302E-17,1.));
#274 = ORIENTED_EDGE('',*,*,#275,.F.);
#275 = EDGE_CURVE('',#276,#268,#278,.T.);
#276 = VERTEX_POINT('',#277);
#277 = CARTESIAN_POINT('',(-2.85,-0.35,1.));
#278 = LINE('',#279,#280);
#279 = CARTESIAN_POINT('',(-2.85,-0.4,1.));
#280 = VECTOR('',#281,1.);
#281 = DIRECTION('',(0.,1.,0.));
#282 = ORIENTED_EDGE('',*,*,#283,.F.);
#283 = EDGE_CURVE('',#284,#276,#286,.T.);
#284 = VERTEX_POINT('',#285);
#285 = CARTESIAN_POINT('',(-2.85,-0.35,0.86));
#286 = LINE('',#287,#288);
#287 = CARTESIAN_POINT('',(-2.85,-0.35,0.85));
#288 = VECTOR('',#289,1.);
#289 = DIRECTION('',(0.,0.,1.));
#290 = ORIENTED_EDGE('',*,*,#291,.F.);
#291 = EDGE_CURVE('',#292,#284,#294,.T.);
#292 = VERTEX_POINT('',#293);
#293 = CARTESIAN_POINT('',(-2.85,-0.55,0.86));
#294 = LINE('',#295,#296);
#295 = CARTESIAN_POINT('',(-2.85,-0.55,0.86));
#296 = VECTOR('',#297,1.);
#297 = DIRECTION('',(0.,1.,0.));
#298 = ORIENTED_EDGE('',*,*,#299,.F.);
#299 = EDGE_CURVE('',#214,#292,#300,.T.);
#300 = LINE('',#301,#302);
#301 = CARTESIAN_POINT('',(-2.85,-0.55,4.E-02));
#302 = VECTOR('',#303,1.);
#303 = DIRECTION('',(0.,0.,1.));
#304 = ORIENTED_EDGE('',*,*,#221,.F.);
#305 = PLANE('',#306);
#306 = AXIS2_PLACEMENT_3D('',#307,#308,#309);
#307 = CARTESIAN_POINT('',(-2.85,-0.55,4.E-02));
#308 = DIRECTION('',(1.,0.,0.));
#309 = DIRECTION('',(0.,0.,1.));
#310 = ADVANCED_FACE('',(#311),#336,.T.);
#311 = FACE_BOUND('',#312,.T.);
#312 = EDGE_LOOP('',(#313,#323,#329,#330));
#313 = ORIENTED_EDGE('',*,*,#314,.F.);
#314 = EDGE_CURVE('',#315,#317,#319,.T.);
#315 = VERTEX_POINT('',#316);
#316 = CARTESIAN_POINT('',(-2.65,-0.55,0.65));
#317 = VERTEX_POINT('',#318);
#318 = CARTESIAN_POINT('',(-2.65,-0.55,0.86));
#319 = LINE('',#320,#321);
#320 = CARTESIAN_POINT('',(-2.65,-0.55,4.E-02));
#321 = VECTOR('',#322,1.);
#322 = DIRECTION('',(0.,0.,1.));
#323 = ORIENTED_EDGE('',*,*,#324,.F.);
#324 = EDGE_CURVE('',#214,#315,#325,.T.);
#325 = LINE('',#326,#327);
#326 = CARTESIAN_POINT('',(-3.265,-0.55,0.65));
#327 = VECTOR('',#328,1.);
#328 = DIRECTION('',(1.,0.,0.));
#329 = ORIENTED_EDGE('',*,*,#299,.T.);
#330 = ORIENTED_EDGE('',*,*,#331,.T.);
#331 = EDGE_CURVE('',#292,#317,#332,.T.);
#332 = LINE('',#333,#334);
#333 = CARTESIAN_POINT('',(-2.85,-0.55,0.86));
#334 = VECTOR('',#335,1.);
#335 = DIRECTION('',(1.,0.,0.));
#336 = PLANE('',#337);
#337 = AXIS2_PLACEMENT_3D('',#338,#339,#340);
#338 = CARTESIAN_POINT('',(-2.85,-0.55,4.E-02));
#339 = DIRECTION('',(0.,1.,0.));
#340 = DIRECTION('',(0.,0.,1.));
#341 = ADVANCED_FACE('',(#342),#415,.F.);
#342 = FACE_BOUND('',#343,.F.);
#343 = EDGE_LOOP('',(#344,#354,#362,#370,#378,#386,#394,#402,#408,#409)
  );
#344 = ORIENTED_EDGE('',*,*,#345,.F.);
#345 = EDGE_CURVE('',#346,#348,#350,.T.);
#346 = VERTEX_POINT('',#347);
#347 = CARTESIAN_POINT('',(-2.65,-0.55,4.E-02));
#348 = VERTEX_POINT('',#349);
#349 = CARTESIAN_POINT('',(-2.65,-0.55,0.35));
#350 = LINE('',#351,#352);
#351 = CARTESIAN_POINT('',(-2.65,-0.55,4.E-02));
#352 = VECTOR('',#353,1.);
#353 = DIRECTION('',(0.,0.,1.));
#354 = ORIENTED_EDGE('',*,*,#355,.T.);
#355 = EDGE_CURVE('',#346,#356,#358,.T.);
#356 = VERTEX_POINT('',#357);
#357 = CARTESIAN_POINT('',(-2.65,1.,4.E-02));
#358 = LINE('',#359,#360);
#359 = CARTESIAN_POINT('',(-2.65,-0.55,4.E-02));
#360 = VECTOR('',#361,1.);
#361 = DIRECTION('',(0.,1.,0.));
#362 = ORIENTED_EDGE('',*,*,#363,.T.);
#363 = EDGE_CURVE('',#356,#364,#366,.T.);
#364 = VERTEX_POINT('',#365);
#365 = CARTESIAN_POINT('',(-2.65,1.,0.46));
#366 = LINE('',#367,#368);
#367 = CARTESIAN_POINT('',(-2.65,1.,4.E-02));
#368 = VECTOR('',#369,1.);
#369 = DIRECTION('',(-0.,0.,1.));
#370 = ORIENTED_EDGE('',*,*,#371,.F.);
#371 = EDGE_CURVE('',#372,#364,#374,.T.);
#372 = VERTEX_POINT('',#373);
#373 = CARTESIAN_POINT('',(-2.65,-5.E-02,0.46));
#374 = LINE('',#375,#376);
#375 = CARTESIAN_POINT('',(-2.65,-0.3,0.46));
#376 = VECTOR('',#377,1.);
#377 = DIRECTION('',(0.,1.,0.));
#378 = ORIENTED_EDGE('',*,*,#379,.F.);
#379 = EDGE_CURVE('',#380,#372,#382,.T.);
#380 = VERTEX_POINT('',#381);
#381 = CARTESIAN_POINT('',(-2.65,-5.E-02,1.));
#382 = LINE('',#383,#384);
#383 = CARTESIAN_POINT('',(-2.65,-5.E-02,1.));
#384 = VECTOR('',#385,1.);
#385 = DIRECTION('',(0.,-5.139921410302E-17,-1.));
#386 = ORIENTED_EDGE('',*,*,#387,.F.);
#387 = EDGE_CURVE('',#388,#380,#390,.T.);
#388 = VERTEX_POINT('',#389);
#389 = CARTESIAN_POINT('',(-2.65,-0.35,1.));
#390 = LINE('',#391,#392);
#391 = CARTESIAN_POINT('',(-2.65,-0.4,1.));
#392 = VECTOR('',#393,1.);
#393 = DIRECTION('',(0.,1.,0.));
#394 = ORIENTED_EDGE('',*,*,#395,.F.);
#395 = EDGE_CURVE('',#396,#388,#398,.T.);
#396 = VERTEX_POINT('',#397);
#397 = CARTESIAN_POINT('',(-2.65,-0.35,0.86));
#398 = LINE('',#399,#400);
#399 = CARTESIAN_POINT('',(-2.65,-0.35,0.85));
#400 = VECTOR('',#401,1.);
#401 = DIRECTION('',(0.,0.,1.));
#402 = ORIENTED_EDGE('',*,*,#403,.F.);
#403 = EDGE_CURVE('',#317,#396,#404,.T.);
#404 = LINE('',#405,#406);
#405 = CARTESIAN_POINT('',(-2.65,-0.55,0.86));
#406 = VECTOR('',#407,1.);
#407 = DIRECTION('',(0.,1.,0.));
#408 = ORIENTED_EDGE('',*,*,#314,.F.);
#409 = ORIENTED_EDGE('',*,*,#410,.F.);
#410 = EDGE_CURVE('',#348,#315,#411,.T.);
#411 = LINE('',#412,#413);
#412 = CARTESIAN_POINT('',(-2.65,-0.55,4.E-02));
#413 = VECTOR('',#414,1.);
#414 = DIRECTION('',(0.,0.,1.));
#415 = PLANE('',#416);
#416 = AXIS2_PLACEMENT_3D('',#417,#418,#419);
#417 = CARTESIAN_POINT('',(-2.65,-0.55,4.E-02));
#418 = DIRECTION('',(1.,0.,0.));
#419 = DIRECTION('',(0.,0.,1.));
#420 = ADVANCED_FACE('',(#421),#446,.F.);
#421 = FACE_BOUND('',#422,.F.);
#422 = EDGE_LOOP('',(#423,#431,#432,#440));
#423 = ORIENTED_EDGE('',*,*,#424,.F.);
#424 = EDGE_CURVE('',#348,#425,#427,.T.);
#425 = VERTEX_POINT('',#426);
#426 = CARTESIAN_POINT('',(-2.35,-0.55,0.35));
#427 = LINE('',#428,#429);
#428 = CARTESIAN_POINT('',(-3.265,-0.55,0.35));
#429 = VECTOR('',#430,1.);
#430 = DIRECTION('',(1.,0.,0.));
#431 = ORIENTED_EDGE('',*,*,#410,.T.);
#432 = ORIENTED_EDGE('',*,*,#433,.T.);
#433 = EDGE_CURVE('',#315,#434,#436,.T.);
#434 = VERTEX_POINT('',#435);
#435 = CARTESIAN_POINT('',(-2.35,-0.55,0.65));
#436 = LINE('',#437,#438);
#437 = CARTESIAN_POINT('',(-3.265,-0.55,0.65));
#438 = VECTOR('',#439,1.);
#439 = DIRECTION('',(1.,0.,0.));
#440 = ORIENTED_EDGE('',*,*,#441,.F.);
#441 = EDGE_CURVE('',#425,#434,#442,.T.);
#442 = LINE('',#443,#444);
#443 = CARTESIAN_POINT('',(-2.35,-0.55,4.E-02));
#444 = VECTOR('',#445,1.);
#445 = DIRECTION('',(0.,0.,1.));
#446 = PLANE('',#447);
#447 = AXIS2_PLACEMENT_3D('',#448,#449,#450);
#448 = CARTESIAN_POINT('',(-3.265,-0.55,0.35));
#449 = DIRECTION('',(0.,1.,0.));
#450 = DIRECTION('',(0.,0.,1.));
#451 = ADVANCED_FACE('',(#452),#525,.T.);
#452 = FACE_BOUND('',#453,.T.);
#453 = EDGE_LOOP('',(#454,#462,#470,#478,#486,#494,#502,#510,#518,#524)
  );
#454 = ORIENTED_EDGE('',*,*,#455,.F.);
#455 = EDGE_CURVE('',#456,#425,#458,.T.);
#456 = VERTEX_POINT('',#457);
#457 = CARTESIAN_POINT('',(-2.35,-0.55,4.E-02));
#458 = LINE('',#459,#460);
#459 = CARTESIAN_POINT('',(-2.35,-0.55,4.E-02));
#460 = VECTOR('',#461,1.);
#461 = DIRECTION('',(0.,0.,1.));
#462 = ORIENTED_EDGE('',*,*,#463,.T.);
#463 = EDGE_CURVE('',#456,#464,#466,.T.);
#464 = VERTEX_POINT('',#465);
#465 = CARTESIAN_POINT('',(-2.35,1.,4.E-02));
#466 = LINE('',#467,#468);
#467 = CARTESIAN_POINT('',(-2.35,-0.55,4.E-02));
#468 = VECTOR('',#469,1.);
#469 = DIRECTION('',(0.,1.,0.));
#470 = ORIENTED_EDGE('',*,*,#471,.T.);
#471 = EDGE_CURVE('',#464,#472,#474,.T.);
#472 = VERTEX_POINT('',#473);
#473 = CARTESIAN_POINT('',(-2.35,1.,0.46));
#474 = LINE('',#475,#476);
#475 = CARTESIAN_POINT('',(-2.35,1.,4.E-02));
#476 = VECTOR('',#477,1.);
#477 = DIRECTION('',(-0.,0.,1.));
#478 = ORIENTED_EDGE('',*,*,#479,.F.);
#479 = EDGE_CURVE('',#480,#472,#482,.T.);
#480 = VERTEX_POINT('',#481);
#481 = CARTESIAN_POINT('',(-2.35,-5.E-02,0.46));
#482 = LINE('',#483,#484);
#483 = CARTESIAN_POINT('',(-2.35,-0.3,0.46));
#484 = VECTOR('',#485,1.);
#485 = DIRECTION('',(0.,1.,0.));
#486 = ORIENTED_EDGE('',*,*,#487,.T.);
#487 = EDGE_CURVE('',#480,#488,#490,.T.);
#488 = VERTEX_POINT('',#489);
#489 = CARTESIAN_POINT('',(-2.35,-5.E-02,1.));
#490 = LINE('',#491,#492);
#491 = CARTESIAN_POINT('',(-2.35,-5.E-02,0.46));
#492 = VECTOR('',#493,1.);
#493 = DIRECTION('',(0.,5.139921410302E-17,1.));
#494 = ORIENTED_EDGE('',*,*,#495,.F.);
#495 = EDGE_CURVE('',#496,#488,#498,.T.);
#496 = VERTEX_POINT('',#497);
#497 = CARTESIAN_POINT('',(-2.35,-0.35,1.));
#498 = LINE('',#499,#500);
#499 = CARTESIAN_POINT('',(-2.35,-0.4,1.));
#500 = VECTOR('',#501,1.);
#501 = DIRECTION('',(0.,1.,0.));
#502 = ORIENTED_EDGE('',*,*,#503,.F.);
#503 = EDGE_CURVE('',#504,#496,#506,.T.);
#504 = VERTEX_POINT('',#505);
#505 = CARTESIAN_POINT('',(-2.35,-0.35,0.86));
#506 = LINE('',#507,#508);
#507 = CARTESIAN_POINT('',(-2.35,-0.35,0.85));
#508 = VECTOR('',#509,1.);
#509 = DIRECTION('',(0.,0.,1.));
#510 = ORIENTED_EDGE('',*,*,#511,.F.);
#511 = EDGE_CURVE('',#512,#504,#514,.T.);
#512 = VERTEX_POINT('',#513);
#513 = CARTESIAN_POINT('',(-2.35,-0.55,0.86));
#514 = LINE('',#515,#516);
#515 = CARTESIAN_POINT('',(-2.35,-0.55,0.86));
#516 = VECTOR('',#517,1.);
#517 = DIRECTION('',(0.,1.,0.));
#518 = ORIENTED_EDGE('',*,*,#519,.F.);
#519 = EDGE_CURVE('',#434,#512,#520,.T.);
#520 = LINE('',#521,#522);
#521 = CARTESIAN_POINT('',(-2.35,-0.55,4.E-02));
#522 = VECTOR('',#523,1.);
#523 = DIRECTION('',(0.,0.,1.));
#524 = ORIENTED_EDGE('',*,*,#441,.F.);
#525 = PLANE('',#526);
#526 = AXIS2_PLACEMENT_3D('',#527,#528,#529);
#527 = CARTESIAN_POINT('',(-2.35,-0.55,4.E-02));
#528 = DIRECTION('',(1.,0.,0.));
#529 = DIRECTION('',(0.,0.,1.));
#530 = ADVANCED_FACE('',(#531),#556,.T.);
#531 = FACE_BOUND('',#532,.T.);
#532 = EDGE_LOOP('',(#533,#543,#549,#550));
#533 = ORIENTED_EDGE('',*,*,#534,.F.);
#534 = EDGE_CURVE('',#535,#537,#539,.T.);
#535 = VERTEX_POINT('',#536);
#536 = CARTESIAN_POINT('',(-2.15,-0.55,0.65));
#537 = VERTEX_POINT('',#538);
#538 = CARTESIAN_POINT('',(-2.15,-0.55,0.86));
#539 = LINE('',#540,#541);
#540 = CARTESIAN_POINT('',(-2.15,-0.55,4.E-02));
#541 = VECTOR('',#542,1.);
#542 = DIRECTION('',(0.,0.,1.));
#543 = ORIENTED_EDGE('',*,*,#544,.F.);
#544 = EDGE_CURVE('',#434,#535,#545,.T.);
#545 = LINE('',#546,#547);
#546 = CARTESIAN_POINT('',(-3.265,-0.55,0.65));
#547 = VECTOR('',#548,1.);
#548 = DIRECTION('',(1.,0.,0.));
#549 = ORIENTED_EDGE('',*,*,#519,.T.);
#550 = ORIENTED_EDGE('',*,*,#551,.T.);
#551 = EDGE_CURVE('',#512,#537,#552,.T.);
#552 = LINE('',#553,#554);
#553 = CARTESIAN_POINT('',(-2.35,-0.55,0.86));
#554 = VECTOR('',#555,1.);
#555 = DIRECTION('',(1.,0.,0.));
#556 = PLANE('',#557);
#557 = AXIS2_PLACEMENT_3D('',#558,#559,#560);
#558 = CARTESIAN_POINT('',(-2.35,-0.55,4.E-02));
#559 = DIRECTION('',(0.,1.,0.));
#560 = DIRECTION('',(0.,0.,1.));
#561 = ADVANCED_FACE('',(#562),#635,.F.);
#562 = FACE_BOUND('',#563,.F.);
#563 = EDGE_LOOP('',(#564,#574,#582,#590,#598,#606,#614,#622,#628,#629)
  );
#564 = ORIENTED_EDGE('',*,*,#565,.F.);
#565 = EDGE_CURVE('',#566,#568,#570,.T.);
#566 = VERTEX_POINT('',#567);
#567 = CARTESIAN_POINT('',(-2.15,-0.55,4.E-02));
#568 = VERTEX_POINT('',#569);
#569 = CARTESIAN_POINT('',(-2.15,-0.55,0.35));
#570 = LINE('',#571,#572);
#571 = CARTESIAN_POINT('',(-2.15,-0.55,4.E-02));
#572 = VECTOR('',#573,1.);
#573 = DIRECTION('',(0.,0.,1.));
#574 = ORIENTED_EDGE('',*,*,#575,.T.);
#575 = EDGE_CURVE('',#566,#576,#578,.T.);
#576 = VERTEX_POINT('',#577);
#577 = CARTESIAN_POINT('',(-2.15,1.,4.E-02));
#578 = LINE('',#579,#580);
#579 = CARTESIAN_POINT('',(-2.15,-0.55,4.E-02));
#580 = VECTOR('',#581,1.);
#581 = DIRECTION('',(0.,1.,0.));
#582 = ORIENTED_EDGE('',*,*,#583,.T.);
#583 = EDGE_CURVE('',#576,#584,#586,.T.);
#584 = VERTEX_POINT('',#585);
#585 = CARTESIAN_POINT('',(-2.15,1.,0.46));
#586 = LINE('',#587,#588);
#587 = CARTESIAN_POINT('',(-2.15,1.,4.E-02));
#588 = VECTOR('',#589,1.);
#589 = DIRECTION('',(-0.,0.,1.));
#590 = ORIENTED_EDGE('',*,*,#591,.F.);
#591 = EDGE_CURVE('',#592,#584,#594,.T.);
#592 = VERTEX_POINT('',#593);
#593 = CARTESIAN_POINT('',(-2.15,-5.E-02,0.46));
#594 = LINE('',#595,#596);
#595 = CARTESIAN_POINT('',(-2.15,-0.3,0.46));
#596 = VECTOR('',#597,1.);
#597 = DIRECTION('',(0.,1.,0.));
#598 = ORIENTED_EDGE('',*,*,#599,.F.);
#599 = EDGE_CURVE('',#600,#592,#602,.T.);
#600 = VERTEX_POINT('',#601);
#601 = CARTESIAN_POINT('',(-2.15,-5.E-02,1.));
#602 = LINE('',#603,#604);
#603 = CARTESIAN_POINT('',(-2.15,-5.E-02,1.));
#604 = VECTOR('',#605,1.);
#605 = DIRECTION('',(0.,-5.139921410302E-17,-1.));
#606 = ORIENTED_EDGE('',*,*,#607,.F.);
#607 = EDGE_CURVE('',#608,#600,#610,.T.);
#608 = VERTEX_POINT('',#609);
#609 = CARTESIAN_POINT('',(-2.15,-0.35,1.));
#610 = LINE('',#611,#612);
#611 = CARTESIAN_POINT('',(-2.15,-0.4,1.));
#612 = VECTOR('',#613,1.);
#613 = DIRECTION('',(0.,1.,0.));
#614 = ORIENTED_EDGE('',*,*,#615,.F.);
#615 = EDGE_CURVE('',#616,#608,#618,.T.);
#616 = VERTEX_POINT('',#617);
#617 = CARTESIAN_POINT('',(-2.15,-0.35,0.86));
#618 = LINE('',#619,#620);
#619 = CARTESIAN_POINT('',(-2.15,-0.35,0.85));
#620 = VECTOR('',#621,1.);
#621 = DIRECTION('',(0.,0.,1.));
#622 = ORIENTED_EDGE('',*,*,#623,.F.);
#623 = EDGE_CURVE('',#537,#616,#624,.T.);
#624 = LINE('',#625,#626);
#625 = CARTESIAN_POINT('',(-2.15,-0.55,0.86));
#626 = VECTOR('',#627,1.);
#627 = DIRECTION('',(0.,1.,0.));
#628 = ORIENTED_EDGE('',*,*,#534,.F.);
#629 = ORIENTED_EDGE('',*,*,#630,.F.);
#630 = EDGE_CURVE('',#568,#535,#631,.T.);
#631 = LINE('',#632,#633);
#632 = CARTESIAN_POINT('',(-2.15,-0.55,4.E-02));
#633 = VECTOR('',#634,1.);
#634 = DIRECTION('',(0.,0.,1.));
#635 = PLANE('',#636);
#636 = AXIS2_PLACEMENT_3D('',#637,#638,#639);
#637 = CARTESIAN_POINT('',(-2.15,-0.55,4.E-02));
#638 = DIRECTION('',(1.,0.,0.));
#639 = DIRECTION('',(0.,0.,1.));
#640 = ADVANCED_FACE('',(#641),#666,.F.);
#641 = FACE_BOUND('',#642,.F.);
#642 = EDGE_LOOP('',(#643,#651,#652,#660));
#643 = ORIENTED_EDGE('',*,*,#644,.F.);
#644 = EDGE_CURVE('',#568,#645,#647,.T.);
#645 = VERTEX_POINT('',#646);
#646 = CARTESIAN_POINT('',(-1.85,-0.55,0.35));
#647 = LINE('',#648,#649);
#648 = CARTESIAN_POINT('',(-3.265,-0.55,0.35));
#649 = VECTOR('',#650,1.);
#650 = DIRECTION('',(1.,0.,0.));
#651 = ORIENTED_EDGE('',*,*,#630,.T.);
#652 = ORIENTED_EDGE('',*,*,#653,.T.);
#653 = EDGE_CURVE('',#535,#654,#656,.T.);
#654 = VERTEX_POINT('',#655);
#655 = CARTESIAN_POINT('',(-1.85,-0.55,0.65));
#656 = LINE('',#657,#658);
#657 = CARTESIAN_POINT('',(-3.265,-0.55,0.65));
#658 = VECTOR('',#659,1.);
#659 = DIRECTION('',(1.,0.,0.));
#660 = ORIENTED_EDGE('',*,*,#661,.F.);
#661 = EDGE_CURVE('',#645,#654,#662,.T.);
#662 = LINE('',#663,#664);
#663 = CARTESIAN_POINT('',(-1.85,-0.55,4.E-02));
#664 = VECTOR('',#665,1.);
#665 = DIRECTION('',(0.,0.,1.));
#666 = PLANE('',#667);
#667 = AXIS2_PLACEMENT_3D('',#668,#669,#670);
#668 = CARTESIAN_POINT('',(-3.265,-0.55,0.35));
#669 = DIRECTION('',(0.,1.,0.));
#670 = DIRECTION('',(0.,0.,1.));
#671 = ADVANCED_FACE('',(#672),#745,.T.);
#672 = FACE_BOUND('',#673,.T.);
#673 = EDGE_LOOP('',(#674,#682,#690,#698,#706,#714,#722,#730,#738,#744)
  );
#674 = ORIENTED_EDGE('',*,*,#675,.F.);
#675 = EDGE_CURVE('',#676,#645,#678,.T.);
#676 = VERTEX_POINT('',#677);
#677 = CARTESIAN_POINT('',(-1.85,-0.55,4.E-02));
#678 = LINE('',#679,#680);
#679 = CARTESIAN_POINT('',(-1.85,-0.55,4.E-02));
#680 = VECTOR('',#681,1.);
#681 = DIRECTION('',(0.,0.,1.));
#682 = ORIENTED_EDGE('',*,*,#683,.T.);
#683 = EDGE_CURVE('',#676,#684,#686,.T.);
#684 = VERTEX_POINT('',#685);
#685 = CARTESIAN_POINT('',(-1.85,1.,4.E-02));
#686 = LINE('',#687,#688);
#687 = CARTESIAN_POINT('',(-1.85,-0.55,4.E-02));
#688 = VECTOR('',#689,1.);
#689 = DIRECTION('',(0.,1.,0.));
#690 = ORIENTED_EDGE('',*,*,#691,.T.);
#691 = EDGE_CURVE('',#684,#692,#694,.T.);
#692 = VERTEX_POINT('',#693);
#693 = CARTESIAN_POINT('',(-1.85,1.,0.46));
#694 = LINE('',#695,#696);
#695 = CARTESIAN_POINT('',(-1.85,1.,4.E-02));
#696 = VECTOR('',#697,1.);
#697 = DIRECTION('',(-0.,0.,1.));
#698 = ORIENTED_EDGE('',*,*,#699,.F.);
#699 = EDGE_CURVE('',#700,#692,#702,.T.);
#700 = VERTEX_POINT('',#701);
#701 = CARTESIAN_POINT('',(-1.85,-5.E-02,0.46));
#702 = LINE('',#703,#704);
#703 = CARTESIAN_POINT('',(-1.85,-0.3,0.46));
#704 = VECTOR('',#705,1.);
#705 = DIRECTION('',(0.,1.,0.));
#706 = ORIENTED_EDGE('',*,*,#707,.T.);
#707 = EDGE_CURVE('',#700,#708,#710,.T.);
#708 = VERTEX_POINT('',#709);
#709 = CARTESIAN_POINT('',(-1.85,-5.E-02,1.));
#710 = LINE('',#711,#712);
#711 = CARTESIAN_POINT('',(-1.85,-5.E-02,0.46));
#712 = VECTOR('',#713,1.);
#713 = DIRECTION('',(0.,5.139921410302E-17,1.));
#714 = ORIENTED_EDGE('',*,*,#715,.F.);
#715 = EDGE_CURVE('',#716,#708,#718,.T.);
#716 = VERTEX_POINT('',#717);
#717 = CARTESIAN_POINT('',(-1.85,-0.35,1.));
#718 = LINE('',#719,#720);
#719 = CARTESIAN_POINT('',(-1.85,-0.4,1.));
#720 = VECTOR('',#721,1.);
#721 = DIRECTION('',(0.,1.,0.));
#722 = ORIENTED_EDGE('',*,*,#723,.F.);
#723 = EDGE_CURVE('',#724,#716,#726,.T.);
#724 = VERTEX_POINT('',#725);
#725 = CARTESIAN_POINT('',(-1.85,-0.35,0.86));
#726 = LINE('',#727,#728);
#727 = CARTESIAN_POINT('',(-1.85,-0.35,0.85));
#728 = VECTOR('',#729,1.);
#729 = DIRECTION('',(0.,0.,1.));
#730 = ORIENTED_EDGE('',*,*,#731,.F.);
#731 = EDGE_CURVE('',#732,#724,#734,.T.);
#732 = VERTEX_POINT('',#733);
#733 = CARTESIAN_POINT('',(-1.85,-0.55,0.86));
#734 = LINE('',#735,#736);
#735 = CARTESIAN_POINT('',(-1.85,-0.55,0.86));
#736 = VECTOR('',#737,1.);
#737 = DIRECTION('',(0.,1.,0.));
#738 = ORIENTED_EDGE('',*,*,#739,.F.);
#739 = EDGE_CURVE('',#654,#732,#740,.T.);
#740 = LINE('',#741,#742);
#741 = CARTESIAN_POINT('',(-1.85,-0.55,4.E-02));
#742 = VECTOR('',#743,1.);
#743 = DIRECTION('',(0.,0.,1.));
#744 = ORIENTED_EDGE('',*,*,#661,.F.);
#745 = PLANE('',#746);
#746 = AXIS2_PLACEMENT_3D('',#747,#748,#749);
#747 = CARTESIAN_POINT('',(-1.85,-0.55,4.E-02));
#748 = DIRECTION('',(1.,0.,0.));
#749 = DIRECTION('',(0.,0.,1.));
#750 = ADVANCED_FACE('',(#751),#776,.T.);
#751 = FACE_BOUND('',#752,.T.);
#752 = EDGE_LOOP('',(#753,#763,#769,#770));
#753 = ORIENTED_EDGE('',*,*,#754,.F.);
#754 = EDGE_CURVE('',#755,#757,#759,.T.);
#755 = VERTEX_POINT('',#756);
#756 = CARTESIAN_POINT('',(-1.65,-0.55,0.65));
#757 = VERTEX_POINT('',#758);
#758 = CARTESIAN_POINT('',(-1.65,-0.55,0.86));
#759 = LINE('',#760,#761);
#760 = CARTESIAN_POINT('',(-1.65,-0.55,4.E-02));
#761 = VECTOR('',#762,1.);
#762 = DIRECTION('',(0.,0.,1.));
#763 = ORIENTED_EDGE('',*,*,#764,.F.);
#764 = EDGE_CURVE('',#654,#755,#765,.T.);
#765 = LINE('',#766,#767);
#766 = CARTESIAN_POINT('',(-3.265,-0.55,0.65));
#767 = VECTOR('',#768,1.);
#768 = DIRECTION('',(1.,0.,0.));
#769 = ORIENTED_EDGE('',*,*,#739,.T.);
#770 = ORIENTED_EDGE('',*,*,#771,.T.);
#771 = EDGE_CURVE('',#732,#757,#772,.T.);
#772 = LINE('',#773,#774);
#773 = CARTESIAN_POINT('',(-1.85,-0.55,0.86));
#774 = VECTOR('',#775,1.);
#775 = DIRECTION('',(1.,0.,0.));
#776 = PLANE('',#777);
#777 = AXIS2_PLACEMENT_3D('',#778,#779,#780);
#778 = CARTESIAN_POINT('',(-1.85,-0.55,4.E-02));
#779 = DIRECTION('',(0.,1.,0.));
#780 = DIRECTION('',(0.,0.,1.));
#781 = ADVANCED_FACE('',(#782),#855,.F.);
#782 = FACE_BOUND('',#783,.F.);
#783 = EDGE_LOOP('',(#784,#794,#802,#810,#818,#826,#834,#842,#848,#849)
  );
#784 = ORIENTED_EDGE('',*,*,#785,.F.);
#785 = EDGE_CURVE('',#786,#788,#790,.T.);
#786 = VERTEX_POINT('',#787);
#787 = CARTESIAN_POINT('',(-1.65,-0.55,4.E-02));
#788 = VERTEX_POINT('',#789);
#789 = CARTESIAN_POINT('',(-1.65,-0.55,0.35));
#790 = LINE('',#791,#792);
#791 = CARTESIAN_POINT('',(-1.65,-0.55,4.E-02));
#792 = VECTOR('',#793,1.);
#793 = DIRECTION('',(0.,0.,1.));
#794 = ORIENTED_EDGE('',*,*,#795,.T.);
#795 = EDGE_CURVE('',#786,#796,#798,.T.);
#796 = VERTEX_POINT('',#797);
#797 = CARTESIAN_POINT('',(-1.65,1.,4.E-02));
#798 = LINE('',#799,#800);
#799 = CARTESIAN_POINT('',(-1.65,-0.55,4.E-02));
#800 = VECTOR('',#801,1.);
#801 = DIRECTION('',(0.,1.,0.));
#802 = ORIENTED_EDGE('',*,*,#803,.T.);
#803 = EDGE_CURVE('',#796,#804,#806,.T.);
#804 = VERTEX_POINT('',#805);
#805 = CARTESIAN_POINT('',(-1.65,1.,0.46));
#806 = LINE('',#807,#808);
#807 = CARTESIAN_POINT('',(-1.65,1.,4.E-02));
#808 = VECTOR('',#809,1.);
#809 = DIRECTION('',(-0.,0.,1.));
#810 = ORIENTED_EDGE('',*,*,#811,.F.);
#811 = EDGE_CURVE('',#812,#804,#814,.T.);
#812 = VERTEX_POINT('',#813);
#813 = CARTESIAN_POINT('',(-1.65,-5.E-02,0.46));
#814 = LINE('',#815,#816);
#815 = CARTESIAN_POINT('',(-1.65,-0.3,0.46));
#816 = VECTOR('',#817,1.);
#817 = DIRECTION('',(0.,1.,0.));
#818 = ORIENTED_EDGE('',*,*,#819,.F.);
#819 = EDGE_CURVE('',#820,#812,#822,.T.);
#820 = VERTEX_POINT('',#821);
#821 = CARTESIAN_POINT('',(-1.65,-5.E-02,1.));
#822 = LINE('',#823,#824);
#823 = CARTESIAN_POINT('',(-1.65,-5.E-02,1.));
#824 = VECTOR('',#825,1.);
#825 = DIRECTION('',(0.,-5.139921410302E-17,-1.));
#826 = ORIENTED_EDGE('',*,*,#827,.F.);
#827 = EDGE_CURVE('',#828,#820,#830,.T.);
#828 = VERTEX_POINT('',#829);
#829 = CARTESIAN_POINT('',(-1.65,-0.35,1.));
#830 = LINE('',#831,#832);
#831 = CARTESIAN_POINT('',(-1.65,-0.4,1.));
#832 = VECTOR('',#833,1.);
#833 = DIRECTION('',(0.,1.,0.));
#834 = ORIENTED_EDGE('',*,*,#835,.F.);
#835 = EDGE_CURVE('',#836,#828,#838,.T.);
#836 = VERTEX_POINT('',#837);
#837 = CARTESIAN_POINT('',(-1.65,-0.35,0.86));
#838 = LINE('',#839,#840);
#839 = CARTESIAN_POINT('',(-1.65,-0.35,0.85));
#840 = VECTOR('',#841,1.);
#841 = DIRECTION('',(0.,0.,1.));
#842 = ORIENTED_EDGE('',*,*,#843,.F.);
#843 = EDGE_CURVE('',#757,#836,#844,.T.);
#844 = LINE('',#845,#846);
#845 = CARTESIAN_POINT('',(-1.65,-0.55,0.86));
#846 = VECTOR('',#847,1.);
#847 = DIRECTION('',(0.,1.,0.));
#848 = ORIENTED_EDGE('',*,*,#754,.F.);
#849 = ORIENTED_EDGE('',*,*,#850,.F.);
#850 = EDGE_CURVE('',#788,#755,#851,.T.);
#851 = LINE('',#852,#853);
#852 = CARTESIAN_POINT('',(-1.65,-0.55,4.E-02));
#853 = VECTOR('',#854,1.);
#854 = DIRECTION('',(0.,0.,1.));
#855 = PLANE('',#856);
#856 = AXIS2_PLACEMENT_3D('',#857,#858,#859);
#857 = CARTESIAN_POINT('',(-1.65,-0.55,4.E-02));
#858 = DIRECTION('',(1.,0.,0.));
#859 = DIRECTION('',(0.,0.,1.));
#860 = ADVANCED_FACE('',(#861),#886,.F.);
#861 = FACE_BOUND('',#862,.F.);
#862 = EDGE_LOOP('',(#863,#871,#872,#880));
#863 = ORIENTED_EDGE('',*,*,#864,.F.);
#864 = EDGE_CURVE('',#788,#865,#867,.T.);
#865 = VERTEX_POINT('',#866);
#866 = CARTESIAN_POINT('',(-1.35,-0.55,0.35));
#867 = LINE('',#868,#869);
#868 = CARTESIAN_POINT('',(-3.265,-0.55,0.35));
#869 = VECTOR('',#870,1.);
#870 = DIRECTION('',(1.,0.,0.));
#871 = ORIENTED_EDGE('',*,*,#850,.T.);
#872 = ORIENTED_EDGE('',*,*,#873,.T.);
#873 = EDGE_CURVE('',#755,#874,#876,.T.);
#874 = VERTEX_POINT('',#875);
#875 = CARTESIAN_POINT('',(-1.35,-0.55,0.65));
#876 = LINE('',#877,#878);
#877 = CARTESIAN_POINT('',(-3.265,-0.55,0.65));
#878 = VECTOR('',#879,1.);
#879 = DIRECTION('',(1.,0.,0.));
#880 = ORIENTED_EDGE('',*,*,#881,.F.);
#881 = EDGE_CURVE('',#865,#874,#882,.T.);
#882 = LINE('',#883,#884);
#883 = CARTESIAN_POINT('',(-1.35,-0.55,4.E-02));
#884 = VECTOR('',#885,1.);
#885 = DIRECTION('',(0.,0.,1.));
#886 = PLANE('',#887);
#887 = AXIS2_PLACEMENT_3D('',#888,#889,#890);
#888 = CARTESIAN_POINT('',(-3.265,-0.55,0.35));
#889 = DIRECTION('',(0.,1.,0.));
#890 = DIRECTION('',(0.,0.,1.));
#891 = ADVANCED_FACE('',(#892),#965,.T.);
#892 = FACE_BOUND('',#893,.T.);
#893 = EDGE_LOOP('',(#894,#902,#910,#918,#926,#934,#942,#950,#958,#964)
  );
#894 = ORIENTED_EDGE('',*,*,#895,.F.);
#895 = EDGE_CURVE('',#896,#865,#898,.T.);
#896 = VERTEX_POINT('',#897);
#897 = CARTESIAN_POINT('',(-1.35,-0.55,4.E-02));
#898 = LINE('',#899,#900);
#899 = CARTESIAN_POINT('',(-1.35,-0.55,4.E-02));
#900 = VECTOR('',#901,1.);
#901 = DIRECTION('',(0.,0.,1.));
#902 = ORIENTED_EDGE('',*,*,#903,.T.);
#903 = EDGE_CURVE('',#896,#904,#906,.T.);
#904 = VERTEX_POINT('',#905);
#905 = CARTESIAN_POINT('',(-1.35,1.,4.E-02));
#906 = LINE('',#907,#908);
#907 = CARTESIAN_POINT('',(-1.35,-0.55,4.E-02));
#908 = VECTOR('',#909,1.);
#909 = DIRECTION('',(0.,1.,0.));
#910 = ORIENTED_EDGE('',*,*,#911,.T.);
#911 = EDGE_CURVE('',#904,#912,#914,.T.);
#912 = VERTEX_POINT('',#913);
#913 = CARTESIAN_POINT('',(-1.35,1.,0.46));
#914 = LINE('',#915,#916);
#915 = CARTESIAN_POINT('',(-1.35,1.,4.E-02));
#916 = VECTOR('',#917,1.);
#917 = DIRECTION('',(-0.,0.,1.));
#918 = ORIENTED_EDGE('',*,*,#919,.F.);
#919 = EDGE_CURVE('',#920,#912,#922,.T.);
#920 = VERTEX_POINT('',#921);
#921 = CARTESIAN_POINT('',(-1.35,-5.E-02,0.46));
#922 = LINE('',#923,#924);
#923 = CARTESIAN_POINT('',(-1.35,-0.3,0.46));
#924 = VECTOR('',#925,1.);
#925 = DIRECTION('',(0.,1.,0.));
#926 = ORIENTED_EDGE('',*,*,#927,.T.);
#927 = EDGE_CURVE('',#920,#928,#930,.T.);
#928 = VERTEX_POINT('',#929);
#929 = CARTESIAN_POINT('',(-1.35,-5.E-02,1.));
#930 = LINE('',#931,#932);
#931 = CARTESIAN_POINT('',(-1.35,-5.E-02,0.46));
#932 = VECTOR('',#933,1.);
#933 = DIRECTION('',(0.,5.139921410302E-17,1.));
#934 = ORIENTED_EDGE('',*,*,#935,.F.);
#935 = EDGE_CURVE('',#936,#928,#938,.T.);
#936 = VERTEX_POINT('',#937);
#937 = CARTESIAN_POINT('',(-1.35,-0.35,1.));
#938 = LINE('',#939,#940);
#939 = CARTESIAN_POINT('',(-1.35,-0.4,1.));
#940 = VECTOR('',#941,1.);
#941 = DIRECTION('',(0.,1.,0.));
#942 = ORIENTED_EDGE('',*,*,#943,.F.);
#943 = EDGE_CURVE('',#944,#936,#946,.T.);
#944 = VERTEX_POINT('',#945);
#945 = CARTESIAN_POINT('',(-1.35,-0.35,0.86));
#946 = LINE('',#947,#948);
#947 = CARTESIAN_POINT('',(-1.35,-0.35,0.85));
#948 = VECTOR('',#949,1.);
#949 = DIRECTION('',(0.,0.,1.));
#950 = ORIENTED_EDGE('',*,*,#951,.F.);
#951 = EDGE_CURVE('',#952,#944,#954,.T.);
#952 = VERTEX_POINT('',#953);
#953 = CARTESIAN_POINT('',(-1.35,-0.55,0.86));
#954 = LINE('',#955,#956);
#955 = CARTESIAN_POINT('',(-1.35,-0.55,0.86));
#956 = VECTOR('',#957,1.);
#957 = DIRECTION('',(0.,1.,0.));
#958 = ORIENTED_EDGE('',*,*,#959,.F.);
#959 = EDGE_CURVE('',#874,#952,#960,.T.);
#960 = LINE('',#961,#962);
#961 = CARTESIAN_POINT('',(-1.35,-0.55,4.E-02));
#962 = VECTOR('',#963,1.);
#963 = DIRECTION('',(0.,0.,1.));
#964 = ORIENTED_EDGE('',*,*,#881,.F.);
#965 = PLANE('',#966);
#966 = AXIS2_PLACEMENT_3D('',#967,#968,#969);
#967 = CARTESIAN_POINT('',(-1.35,-0.55,4.E-02));
#968 = DIRECTION('',(1.,0.,0.));
#969 = DIRECTION('',(0.,0.,1.));
#970 = ADVANCED_FACE('',(#971),#996,.T.);
#971 = FACE_BOUND('',#972,.T.);
#972 = EDGE_LOOP('',(#973,#983,#989,#990));
#973 = ORIENTED_EDGE('',*,*,#974,.F.);
#974 = EDGE_CURVE('',#975,#977,#979,.T.);
#975 = VERTEX_POINT('',#976);
#976 = CARTESIAN_POINT('',(-1.15,-0.55,0.65));
#977 = VERTEX_POINT('',#978);
#978 = CARTESIAN_POINT('',(-1.15,-0.55,0.86));
#979 = LINE('',#980,#981);
#980 = CARTESIAN_POINT('',(-1.15,-0.55,4.E-02));
#981 = VECTOR('',#982,1.);
#982 = DIRECTION('',(0.,0.,1.));
#983 = ORIENTED_EDGE('',*,*,#984,.F.);
#984 = EDGE_CURVE('',#874,#975,#985,.T.);
#985 = LINE('',#986,#987);
#986 = CARTESIAN_POINT('',(-3.265,-0.55,0.65));
#987 = VECTOR('',#988,1.);
#988 = DIRECTION('',(1.,0.,0.));
#989 = ORIENTED_EDGE('',*,*,#959,.T.);
#990 = ORIENTED_EDGE('',*,*,#991,.T.);
#991 = EDGE_CURVE('',#952,#977,#992,.T.);
#992 = LINE('',#993,#994);
#993 = CARTESIAN_POINT('',(-1.35,-0.55,0.86));
#994 = VECTOR('',#995,1.);
#995 = DIRECTION('',(1.,0.,0.));
#996 = PLANE('',#997);
#997 = AXIS2_PLACEMENT_3D('',#998,#999,#1000);
#998 = CARTESIAN_POINT('',(-1.35,-0.55,4.E-02));
#999 = DIRECTION('',(0.,1.,0.));
#1000 = DIRECTION('',(0.,0.,1.));
#1001 = ADVANCED_FACE('',(#1002),#1075,.F.);
#1002 = FACE_BOUND('',#1003,.F.);
#1003 = EDGE_LOOP('',(#1004,#1014,#1022,#1030,#1038,#1046,#1054,#1062,
    #1068,#1069));
#1004 = ORIENTED_EDGE('',*,*,#1005,.F.);
#1005 = EDGE_CURVE('',#1006,#1008,#1010,.T.);
#1006 = VERTEX_POINT('',#1007);
#1007 = CARTESIAN_POINT('',(-1.15,-0.55,4.E-02));
#1008 = VERTEX_POINT('',#1009);
#1009 = CARTESIAN_POINT('',(-1.15,-0.55,0.35));
#1010 = LINE('',#1011,#1012);
#1011 = CARTESIAN_POINT('',(-1.15,-0.55,4.E-02));
#1012 = VECTOR('',#1013,1.);
#1013 = DIRECTION('',(0.,0.,1.));
#1014 = ORIENTED_EDGE('',*,*,#1015,.T.);
#1015 = EDGE_CURVE('',#1006,#1016,#1018,.T.);
#1016 = VERTEX_POINT('',#1017);
#1017 = CARTESIAN_POINT('',(-1.15,1.,4.E-02));
#1018 = LINE('',#1019,#1020);
#1019 = CARTESIAN_POINT('',(-1.15,-0.55,4.E-02));
#1020 = VECTOR('',#1021,1.);
#1021 = DIRECTION('',(0.,1.,0.));
#1022 = ORIENTED_EDGE('',*,*,#1023,.T.);
#1023 = EDGE_CURVE('',#1016,#1024,#1026,.T.);
#1024 = VERTEX_POINT('',#1025);
#1025 = CARTESIAN_POINT('',(-1.15,1.,0.46));
#1026 = LINE('',#1027,#1028);
#1027 = CARTESIAN_POINT('',(-1.15,1.,4.E-02));
#1028 = VECTOR('',#1029,1.);
#1029 = DIRECTION('',(-0.,0.,1.));
#1030 = ORIENTED_EDGE('',*,*,#1031,.F.);
#1031 = EDGE_CURVE('',#1032,#1024,#1034,.T.);
#1032 = VERTEX_POINT('',#1033);
#1033 = CARTESIAN_POINT('',(-1.15,-5.E-02,0.46));
#1034 = LINE('',#1035,#1036);
#1035 = CARTESIAN_POINT('',(-1.15,-0.3,0.46));
#1036 = VECTOR('',#1037,1.);
#1037 = DIRECTION('',(0.,1.,0.));
#1038 = ORIENTED_EDGE('',*,*,#1039,.F.);
#1039 = EDGE_CURVE('',#1040,#1032,#1042,.T.);
#1040 = VERTEX_POINT('',#1041);
#1041 = CARTESIAN_POINT('',(-1.15,-5.E-02,1.));
#1042 = LINE('',#1043,#1044);
#1043 = CARTESIAN_POINT('',(-1.15,-5.E-02,1.));
#1044 = VECTOR('',#1045,1.);
#1045 = DIRECTION('',(0.,-5.139921410302E-17,-1.));
#1046 = ORIENTED_EDGE('',*,*,#1047,.F.);
#1047 = EDGE_CURVE('',#1048,#1040,#1050,.T.);
#1048 = VERTEX_POINT('',#1049);
#1049 = CARTESIAN_POINT('',(-1.15,-0.35,1.));
#1050 = LINE('',#1051,#1052);
#1051 = CARTESIAN_POINT('',(-1.15,-0.4,1.));
#1052 = VECTOR('',#1053,1.);
#1053 = DIRECTION('',(0.,1.,0.));
#1054 = ORIENTED_EDGE('',*,*,#1055,.F.);
#1055 = EDGE_CURVE('',#1056,#1048,#1058,.T.);
#1056 = VERTEX_POINT('',#1057);
#1057 = CARTESIAN_POINT('',(-1.15,-0.35,0.86));
#1058 = LINE('',#1059,#1060);
#1059 = CARTESIAN_POINT('',(-1.15,-0.35,0.85));
#1060 = VECTOR('',#1061,1.);
#1061 = DIRECTION('',(0.,0.,1.));
#1062 = ORIENTED_EDGE('',*,*,#1063,.F.);
#1063 = EDGE_CURVE('',#977,#1056,#1064,.T.);
#1064 = LINE('',#1065,#1066);
#1065 = CARTESIAN_POINT('',(-1.15,-0.55,0.86));
#1066 = VECTOR('',#1067,1.);
#1067 = DIRECTION('',(0.,1.,0.));
#1068 = ORIENTED_EDGE('',*,*,#974,.F.);
#1069 = ORIENTED_EDGE('',*,*,#1070,.F.);
#1070 = EDGE_CURVE('',#1008,#975,#1071,.T.);
#1071 = LINE('',#1072,#1073);
#1072 = CARTESIAN_POINT('',(-1.15,-0.55,4.E-02));
#1073 = VECTOR('',#1074,1.);
#1074 = DIRECTION('',(0.,0.,1.));
#1075 = PLANE('',#1076);
#1076 = AXIS2_PLACEMENT_3D('',#1077,#1078,#1079);
#1077 = CARTESIAN_POINT('',(-1.15,-0.55,4.E-02));
#1078 = DIRECTION('',(1.,0.,0.));
#1079 = DIRECTION('',(0.,0.,1.));
#1080 = ADVANCED_FACE('',(#1081),#1106,.F.);
#1081 = FACE_BOUND('',#1082,.F.);
#1082 = EDGE_LOOP('',(#1083,#1091,#1092,#1100));
#1083 = ORIENTED_EDGE('',*,*,#1084,.F.);
#1084 = EDGE_CURVE('',#1008,#1085,#1087,.T.);
#1085 = VERTEX_POINT('',#1086);
#1086 = CARTESIAN_POINT('',(-0.85,-0.55,0.35));
#1087 = LINE('',#1088,#1089);
#1088 = CARTESIAN_POINT('',(-3.265,-0.55,0.35));
#1089 = VECTOR('',#1090,1.);
#1090 = DIRECTION('',(1.,0.,0.));
#1091 = ORIENTED_EDGE('',*,*,#1070,.T.);
#1092 = ORIENTED_EDGE('',*,*,#1093,.T.);
#1093 = EDGE_CURVE('',#975,#1094,#1096,.T.);
#1094 = VERTEX_POINT('',#1095);
#1095 = CARTESIAN_POINT('',(-0.85,-0.55,0.65));
#1096 = LINE('',#1097,#1098);
#1097 = CARTESIAN_POINT('',(-3.265,-0.55,0.65));
#1098 = VECTOR('',#1099,1.);
#1099 = DIRECTION('',(1.,0.,0.));
#1100 = ORIENTED_EDGE('',*,*,#1101,.F.);
#1101 = EDGE_CURVE('',#1085,#1094,#1102,.T.);
#1102 = LINE('',#1103,#1104);
#1103 = CARTESIAN_POINT('',(-0.85,-0.55,4.E-02));
#1104 = VECTOR('',#1105,1.);
#1105 = DIRECTION('',(0.,0.,1.));
#1106 = PLANE('',#1107);
#1107 = AXIS2_PLACEMENT_3D('',#1108,#1109,#1110);
#1108 = CARTESIAN_POINT('',(-3.265,-0.55,0.35));
#1109 = DIRECTION('',(0.,1.,0.));
#1110 = DIRECTION('',(0.,0.,1.));
#1111 = ADVANCED_FACE('',(#1112),#1185,.T.);
#1112 = FACE_BOUND('',#1113,.T.);
#1113 = EDGE_LOOP('',(#1114,#1122,#1130,#1138,#1146,#1154,#1162,#1170,
    #1178,#1184));
#1114 = ORIENTED_EDGE('',*,*,#1115,.F.);
#1115 = EDGE_CURVE('',#1116,#1085,#1118,.T.);
#1116 = VERTEX_POINT('',#1117);
#1117 = CARTESIAN_POINT('',(-0.85,-0.55,4.E-02));
#1118 = LINE('',#1119,#1120);
#1119 = CARTESIAN_POINT('',(-0.85,-0.55,4.E-02));
#1120 = VECTOR('',#1121,1.);
#1121 = DIRECTION('',(0.,0.,1.));
#1122 = ORIENTED_EDGE('',*,*,#1123,.T.);
#1123 = EDGE_CURVE('',#1116,#1124,#1126,.T.);
#1124 = VERTEX_POINT('',#1125);
#1125 = CARTESIAN_POINT('',(-0.85,1.,4.E-02));
#1126 = LINE('',#1127,#1128);
#1127 = CARTESIAN_POINT('',(-0.85,-0.55,4.E-02));
#1128 = VECTOR('',#1129,1.);
#1129 = DIRECTION('',(0.,1.,0.));
#1130 = ORIENTED_EDGE('',*,*,#1131,.T.);
#1131 = EDGE_CURVE('',#1124,#1132,#1134,.T.);
#1132 = VERTEX_POINT('',#1133);
#1133 = CARTESIAN_POINT('',(-0.85,1.,0.46));
#1134 = LINE('',#1135,#1136);
#1135 = CARTESIAN_POINT('',(-0.85,1.,4.E-02));
#1136 = VECTOR('',#1137,1.);
#1137 = DIRECTION('',(-0.,0.,1.));
#1138 = ORIENTED_EDGE('',*,*,#1139,.F.);
#1139 = EDGE_CURVE('',#1140,#1132,#1142,.T.);
#1140 = VERTEX_POINT('',#1141);
#1141 = CARTESIAN_POINT('',(-0.85,-5.E-02,0.46));
#1142 = LINE('',#1143,#1144);
#1143 = CARTESIAN_POINT('',(-0.85,-0.3,0.46));
#1144 = VECTOR('',#1145,1.);
#1145 = DIRECTION('',(0.,1.,0.));
#1146 = ORIENTED_EDGE('',*,*,#1147,.T.);
#1147 = EDGE_CURVE('',#1140,#1148,#1150,.T.);
#1148 = VERTEX_POINT('',#1149);
#1149 = CARTESIAN_POINT('',(-0.85,-5.E-02,1.));
#1150 = LINE('',#1151,#1152);
#1151 = CARTESIAN_POINT('',(-0.85,-5.E-02,0.46));
#1152 = VECTOR('',#1153,1.);
#1153 = DIRECTION('',(0.,5.139921410302E-17,1.));
#1154 = ORIENTED_EDGE('',*,*,#1155,.F.);
#1155 = EDGE_CURVE('',#1156,#1148,#1158,.T.);
#1156 = VERTEX_POINT('',#1157);
#1157 = CARTESIAN_POINT('',(-0.85,-0.35,1.));
#1158 = LINE('',#1159,#1160);
#1159 = CARTESIAN_POINT('',(-0.85,-0.4,1.));
#1160 = VECTOR('',#1161,1.);
#1161 = DIRECTION('',(0.,1.,0.));
#1162 = ORIENTED_EDGE('',*,*,#1163,.F.);
#1163 = EDGE_CURVE('',#1164,#1156,#1166,.T.);
#1164 = VERTEX_POINT('',#1165);
#1165 = CARTESIAN_POINT('',(-0.85,-0.35,0.86));
#1166 = LINE('',#1167,#1168);
#1167 = CARTESIAN_POINT('',(-0.85,-0.35,0.85));
#1168 = VECTOR('',#1169,1.);
#1169 = DIRECTION('',(0.,0.,1.));
#1170 = ORIENTED_EDGE('',*,*,#1171,.F.);
#1171 = EDGE_CURVE('',#1172,#1164,#1174,.T.);
#1172 = VERTEX_POINT('',#1173);
#1173 = CARTESIAN_POINT('',(-0.85,-0.55,0.86));
#1174 = LINE('',#1175,#1176);
#1175 = CARTESIAN_POINT('',(-0.85,-0.55,0.86));
#1176 = VECTOR('',#1177,1.);
#1177 = DIRECTION('',(0.,1.,0.));
#1178 = ORIENTED_EDGE('',*,*,#1179,.F.);
#1179 = EDGE_CURVE('',#1094,#1172,#1180,.T.);
#1180 = LINE('',#1181,#1182);
#1181 = CARTESIAN_POINT('',(-0.85,-0.55,4.E-02));
#1182 = VECTOR('',#1183,1.);
#1183 = DIRECTION('',(0.,0.,1.));
#1184 = ORIENTED_EDGE('',*,*,#1101,.F.);
#1185 = PLANE('',#1186);
#1186 = AXIS2_PLACEMENT_3D('',#1187,#1188,#1189);
#1187 = CARTESIAN_POINT('',(-0.85,-0.55,4.E-02));
#1188 = DIRECTION('',(1.,0.,0.));
#1189 = DIRECTION('',(0.,0.,1.));
#1190 = ADVANCED_FACE('',(#1191),#1216,.T.);
#1191 = FACE_BOUND('',#1192,.T.);
#1192 = EDGE_LOOP('',(#1193,#1203,#1209,#1210));
#1193 = ORIENTED_EDGE('',*,*,#1194,.F.);
#1194 = EDGE_CURVE('',#1195,#1197,#1199,.T.);
#1195 = VERTEX_POINT('',#1196);
#1196 = CARTESIAN_POINT('',(-0.65,-0.55,0.65));
#1197 = VERTEX_POINT('',#1198);
#1198 = CARTESIAN_POINT('',(-0.65,-0.55,0.86));
#1199 = LINE('',#1200,#1201);
#1200 = CARTESIAN_POINT('',(-0.65,-0.55,4.E-02));
#1201 = VECTOR('',#1202,1.);
#1202 = DIRECTION('',(0.,0.,1.));
#1203 = ORIENTED_EDGE('',*,*,#1204,.F.);
#1204 = EDGE_CURVE('',#1094,#1195,#1205,.T.);
#1205 = LINE('',#1206,#1207);
#1206 = CARTESIAN_POINT('',(-3.265,-0.55,0.65));
#1207 = VECTOR('',#1208,1.);
#1208 = DIRECTION('',(1.,0.,0.));
#1209 = ORIENTED_EDGE('',*,*,#1179,.T.);
#1210 = ORIENTED_EDGE('',*,*,#1211,.T.);
#1211 = EDGE_CURVE('',#1172,#1197,#1212,.T.);
#1212 = LINE('',#1213,#1214);
#1213 = CARTESIAN_POINT('',(-0.85,-0.55,0.86));
#1214 = VECTOR('',#1215,1.);
#1215 = DIRECTION('',(1.,0.,0.));
#1216 = PLANE('',#1217);
#1217 = AXIS2_PLACEMENT_3D('',#1218,#1219,#1220);
#1218 = CARTESIAN_POINT('',(-0.85,-0.55,4.E-02));
#1219 = DIRECTION('',(0.,1.,0.));
#1220 = DIRECTION('',(0.,0.,1.));
#1221 = ADVANCED_FACE('',(#1222),#1295,.F.);
#1222 = FACE_BOUND('',#1223,.F.);
#1223 = EDGE_LOOP('',(#1224,#1234,#1242,#1250,#1258,#1266,#1274,#1282,
    #1288,#1289));
#1224 = ORIENTED_EDGE('',*,*,#1225,.F.);
#1225 = EDGE_CURVE('',#1226,#1228,#1230,.T.);
#1226 = VERTEX_POINT('',#1227);
#1227 = CARTESIAN_POINT('',(-0.65,-0.55,4.E-02));
#1228 = VERTEX_POINT('',#1229);
#1229 = CARTESIAN_POINT('',(-0.65,-0.55,0.35));
#1230 = LINE('',#1231,#1232);
#1231 = CARTESIAN_POINT('',(-0.65,-0.55,4.E-02));
#1232 = VECTOR('',#1233,1.);
#1233 = DIRECTION('',(0.,0.,1.));
#1234 = ORIENTED_EDGE('',*,*,#1235,.T.);
#1235 = EDGE_CURVE('',#1226,#1236,#1238,.T.);
#1236 = VERTEX_POINT('',#1237);
#1237 = CARTESIAN_POINT('',(-0.65,1.,4.E-02));
#1238 = LINE('',#1239,#1240);
#1239 = CARTESIAN_POINT('',(-0.65,-0.55,4.E-02));
#1240 = VECTOR('',#1241,1.);
#1241 = DIRECTION('',(0.,1.,0.));
#1242 = ORIENTED_EDGE('',*,*,#1243,.T.);
#1243 = EDGE_CURVE('',#1236,#1244,#1246,.T.);
#1244 = VERTEX_POINT('',#1245);
#1245 = CARTESIAN_POINT('',(-0.65,1.,0.46));
#1246 = LINE('',#1247,#1248);
#1247 = CARTESIAN_POINT('',(-0.65,1.,4.E-02));
#1248 = VECTOR('',#1249,1.);
#1249 = DIRECTION('',(-0.,0.,1.));
#1250 = ORIENTED_EDGE('',*,*,#1251,.F.);
#1251 = EDGE_CURVE('',#1252,#1244,#1254,.T.);
#1252 = VERTEX_POINT('',#1253);
#1253 = CARTESIAN_POINT('',(-0.65,-5.E-02,0.46));
#1254 = LINE('',#1255,#1256);
#1255 = CARTESIAN_POINT('',(-0.65,-0.3,0.46));
#1256 = VECTOR('',#1257,1.);
#1257 = DIRECTION('',(0.,1.,0.));
#1258 = ORIENTED_EDGE('',*,*,#1259,.F.);
#1259 = EDGE_CURVE('',#1260,#1252,#1262,.T.);
#1260 = VERTEX_POINT('',#1261);
#1261 = CARTESIAN_POINT('',(-0.65,-5.E-02,1.));
#1262 = LINE('',#1263,#1264);
#1263 = CARTESIAN_POINT('',(-0.65,-5.E-02,1.));
#1264 = VECTOR('',#1265,1.);
#1265 = DIRECTION('',(0.,-5.139921410302E-17,-1.));
#1266 = ORIENTED_EDGE('',*,*,#1267,.F.);
#1267 = EDGE_CURVE('',#1268,#1260,#1270,.T.);
#1268 = VERTEX_POINT('',#1269);
#1269 = CARTESIAN_POINT('',(-0.65,-0.35,1.));
#1270 = LINE('',#1271,#1272);
#1271 = CARTESIAN_POINT('',(-0.65,-0.4,1.));
#1272 = VECTOR('',#1273,1.);
#1273 = DIRECTION('',(0.,1.,0.));
#1274 = ORIENTED_EDGE('',*,*,#1275,.F.);
#1275 = EDGE_CURVE('',#1276,#1268,#1278,.T.);
#1276 = VERTEX_POINT('',#1277);
#1277 = CARTESIAN_POINT('',(-0.65,-0.35,0.86));
#1278 = LINE('',#1279,#1280);
#1279 = CARTESIAN_POINT('',(-0.65,-0.35,0.85));
#1280 = VECTOR('',#1281,1.);
#1281 = DIRECTION('',(0.,0.,1.));
#1282 = ORIENTED_EDGE('',*,*,#1283,.F.);
#1283 = EDGE_CURVE('',#1197,#1276,#1284,.T.);
#1284 = LINE('',#1285,#1286);
#1285 = CARTESIAN_POINT('',(-0.65,-0.55,0.86));
#1286 = VECTOR('',#1287,1.);
#1287 = DIRECTION('',(0.,1.,0.));
#1288 = ORIENTED_EDGE('',*,*,#1194,.F.);
#1289 = ORIENTED_EDGE('',*,*,#1290,.F.);
#1290 = EDGE_CURVE('',#1228,#1195,#1291,.T.);
#1291 = LINE('',#1292,#1293);
#1292 = CARTESIAN_POINT('',(-0.65,-0.55,4.E-02));
#1293 = VECTOR('',#1294,1.);
#1294 = DIRECTION('',(0.,0.,1.));
#1295 = PLANE('',#1296);
#1296 = AXIS2_PLACEMENT_3D('',#1297,#1298,#1299);
#1297 = CARTESIAN_POINT('',(-0.65,-0.55,4.E-02));
#1298 = DIRECTION('',(1.,0.,0.));
#1299 = DIRECTION('',(0.,0.,1.));
#1300 = ADVANCED_FACE('',(#1301),#1326,.F.);
#1301 = FACE_BOUND('',#1302,.F.);
#1302 = EDGE_LOOP('',(#1303,#1311,#1312,#1320));
#1303 = ORIENTED_EDGE('',*,*,#1304,.F.);
#1304 = EDGE_CURVE('',#1228,#1305,#1307,.T.);
#1305 = VERTEX_POINT('',#1306);
#1306 = CARTESIAN_POINT('',(-0.35,-0.55,0.35));
#1307 = LINE('',#1308,#1309);
#1308 = CARTESIAN_POINT('',(-3.265,-0.55,0.35));
#1309 = VECTOR('',#1310,1.);
#1310 = DIRECTION('',(1.,0.,0.));
#1311 = ORIENTED_EDGE('',*,*,#1290,.T.);
#1312 = ORIENTED_EDGE('',*,*,#1313,.T.);
#1313 = EDGE_CURVE('',#1195,#1314,#1316,.T.);
#1314 = VERTEX_POINT('',#1315);
#1315 = CARTESIAN_POINT('',(-0.35,-0.55,0.65));
#1316 = LINE('',#1317,#1318);
#1317 = CARTESIAN_POINT('',(-3.265,-0.55,0.65));
#1318 = VECTOR('',#1319,1.);
#1319 = DIRECTION('',(1.,0.,0.));
#1320 = ORIENTED_EDGE('',*,*,#1321,.F.);
#1321 = EDGE_CURVE('',#1305,#1314,#1322,.T.);
#1322 = LINE('',#1323,#1324);
#1323 = CARTESIAN_POINT('',(-0.35,-0.55,4.E-02));
#1324 = VECTOR('',#1325,1.);
#1325 = DIRECTION('',(0.,0.,1.));
#1326 = PLANE('',#1327);
#1327 = AXIS2_PLACEMENT_3D('',#1328,#1329,#1330);
#1328 = CARTESIAN_POINT('',(-3.265,-0.55,0.35));
#1329 = DIRECTION('',(0.,1.,0.));
#1330 = DIRECTION('',(0.,0.,1.));
#1331 = ADVANCED_FACE('',(#1332),#1405,.T.);
#1332 = FACE_BOUND('',#1333,.T.);
#1333 = EDGE_LOOP('',(#1334,#1342,#1350,#1358,#1366,#1374,#1382,#1390,
    #1398,#1404));
#1334 = ORIENTED_EDGE('',*,*,#1335,.F.);
#1335 = EDGE_CURVE('',#1336,#1305,#1338,.T.);
#1336 = VERTEX_POINT('',#1337);
#1337 = CARTESIAN_POINT('',(-0.35,-0.55,4.E-02));
#1338 = LINE('',#1339,#1340);
#1339 = CARTESIAN_POINT('',(-0.35,-0.55,4.E-02));
#1340 = VECTOR('',#1341,1.);
#1341 = DIRECTION('',(0.,0.,1.));
#1342 = ORIENTED_EDGE('',*,*,#1343,.T.);
#1343 = EDGE_CURVE('',#1336,#1344,#1346,.T.);
#1344 = VERTEX_POINT('',#1345);
#1345 = CARTESIAN_POINT('',(-0.35,1.,4.E-02));
#1346 = LINE('',#1347,#1348);
#1347 = CARTESIAN_POINT('',(-0.35,-0.55,4.E-02));
#1348 = VECTOR('',#1349,1.);
#1349 = DIRECTION('',(0.,1.,0.));
#1350 = ORIENTED_EDGE('',*,*,#1351,.T.);
#1351 = EDGE_CURVE('',#1344,#1352,#1354,.T.);
#1352 = VERTEX_POINT('',#1353);
#1353 = CARTESIAN_POINT('',(-0.35,1.,0.46));
#1354 = LINE('',#1355,#1356);
#1355 = CARTESIAN_POINT('',(-0.35,1.,4.E-02));
#1356 = VECTOR('',#1357,1.);
#1357 = DIRECTION('',(-0.,0.,1.));
#1358 = ORIENTED_EDGE('',*,*,#1359,.F.);
#1359 = EDGE_CURVE('',#1360,#1352,#1362,.T.);
#1360 = VERTEX_POINT('',#1361);
#1361 = CARTESIAN_POINT('',(-0.35,-5.E-02,0.46));
#1362 = LINE('',#1363,#1364);
#1363 = CARTESIAN_POINT('',(-0.35,-0.3,0.46));
#1364 = VECTOR('',#1365,1.);
#1365 = DIRECTION('',(0.,1.,0.));
#1366 = ORIENTED_EDGE('',*,*,#1367,.T.);
#1367 = EDGE_CURVE('',#1360,#1368,#1370,.T.);
#1368 = VERTEX_POINT('',#1369);
#1369 = CARTESIAN_POINT('',(-0.35,-5.E-02,1.));
#1370 = LINE('',#1371,#1372);
#1371 = CARTESIAN_POINT('',(-0.35,-5.E-02,0.46));
#1372 = VECTOR('',#1373,1.);
#1373 = DIRECTION('',(1.02798428206E-16,5.139921410302E-17,1.));
#1374 = ORIENTED_EDGE('',*,*,#1375,.F.);
#1375 = EDGE_CURVE('',#1376,#1368,#1378,.T.);
#1376 = VERTEX_POINT('',#1377);
#1377 = CARTESIAN_POINT('',(-0.35,-0.35,1.));
#1378 = LINE('',#1379,#1380);
#1379 = CARTESIAN_POINT('',(-0.35,-0.4,1.));
#1380 = VECTOR('',#1381,1.);
#1381 = DIRECTION('',(0.,1.,0.));
#1382 = ORIENTED_EDGE('',*,*,#1383,.F.);
#1383 = EDGE_CURVE('',#1384,#1376,#1386,.T.);
#1384 = VERTEX_POINT('',#1385);
#1385 = CARTESIAN_POINT('',(-0.35,-0.35,0.86));
#1386 = LINE('',#1387,#1388);
#1387 = CARTESIAN_POINT('',(-0.35,-0.35,0.85));
#1388 = VECTOR('',#1389,1.);
#1389 = DIRECTION('',(0.,0.,1.));
#1390 = ORIENTED_EDGE('',*,*,#1391,.F.);
#1391 = EDGE_CURVE('',#1392,#1384,#1394,.T.);
#1392 = VERTEX_POINT('',#1393);
#1393 = CARTESIAN_POINT('',(-0.35,-0.55,0.86));
#1394 = LINE('',#1395,#1396);
#1395 = CARTESIAN_POINT('',(-0.35,-0.55,0.86));
#1396 = VECTOR('',#1397,1.);
#1397 = DIRECTION('',(0.,1.,0.));
#1398 = ORIENTED_EDGE('',*,*,#1399,.F.);
#1399 = EDGE_CURVE('',#1314,#1392,#1400,.T.);
#1400 = LINE('',#1401,#1402);
#1401 = CARTESIAN_POINT('',(-0.35,-0.55,4.E-02));
#1402 = VECTOR('',#1403,1.);
#1403 = DIRECTION('',(0.,0.,1.));
#1404 = ORIENTED_EDGE('',*,*,#1321,.F.);
#1405 = PLANE('',#1406);
#1406 = AXIS2_PLACEMENT_3D('',#1407,#1408,#1409);
#1407 = CARTESIAN_POINT('',(-0.35,-0.55,4.E-02));
#1408 = DIRECTION('',(1.,0.,0.));
#1409 = DIRECTION('',(0.,0.,1.));
#1410 = ADVANCED_FACE('',(#1411),#1436,.T.);
#1411 = FACE_BOUND('',#1412,.T.);
#1412 = EDGE_LOOP('',(#1413,#1423,#1429,#1430));
#1413 = ORIENTED_EDGE('',*,*,#1414,.F.);
#1414 = EDGE_CURVE('',#1415,#1417,#1419,.T.);
#1415 = VERTEX_POINT('',#1416);
#1416 = CARTESIAN_POINT('',(-0.15,-0.55,0.65));
#1417 = VERTEX_POINT('',#1418);
#1418 = CARTESIAN_POINT('',(-0.15,-0.55,0.86));
#1419 = LINE('',#1420,#1421);
#1420 = CARTESIAN_POINT('',(-0.15,-0.55,4.E-02));
#1421 = VECTOR('',#1422,1.);
#1422 = DIRECTION('',(0.,0.,1.));
#1423 = ORIENTED_EDGE('',*,*,#1424,.F.);
#1424 = EDGE_CURVE('',#1314,#1415,#1425,.T.);
#1425 = LINE('',#1426,#1427);
#1426 = CARTESIAN_POINT('',(-3.265,-0.55,0.65));
#1427 = VECTOR('',#1428,1.);
#1428 = DIRECTION('',(1.,0.,0.));
#1429 = ORIENTED_EDGE('',*,*,#1399,.T.);
#1430 = ORIENTED_EDGE('',*,*,#1431,.T.);
#1431 = EDGE_CURVE('',#1392,#1417,#1432,.T.);
#1432 = LINE('',#1433,#1434);
#1433 = CARTESIAN_POINT('',(-0.35,-0.55,0.86));
#1434 = VECTOR('',#1435,1.);
#1435 = DIRECTION('',(1.,0.,0.));
#1436 = PLANE('',#1437);
#1437 = AXIS2_PLACEMENT_3D('',#1438,#1439,#1440);
#1438 = CARTESIAN_POINT('',(-0.35,-0.55,4.E-02));
#1439 = DIRECTION('',(0.,1.,0.));
#1440 = DIRECTION('',(0.,0.,1.));
#1441 = ADVANCED_FACE('',(#1442),#1515,.F.);
#1442 = FACE_BOUND('',#1443,.F.);
#1443 = EDGE_LOOP('',(#1444,#1454,#1462,#1470,#1478,#1486,#1494,#1502,
    #1508,#1509));
#1444 = ORIENTED_EDGE('',*,*,#1445,.F.);
#1445 = EDGE_CURVE('',#1446,#1448,#1450,.T.);
#1446 = VERTEX_POINT('',#1447);
#1447 = CARTESIAN_POINT('',(-0.15,-0.55,4.E-02));
#1448 = VERTEX_POINT('',#1449);
#1449 = CARTESIAN_POINT('',(-0.15,-0.55,0.35));
#1450 = LINE('',#1451,#1452);
#1451 = CARTESIAN_POINT('',(-0.15,-0.55,4.E-02));
#1452 = VECTOR('',#1453,1.);
#1453 = DIRECTION('',(0.,0.,1.));
#1454 = ORIENTED_EDGE('',*,*,#1455,.T.);
#1455 = EDGE_CURVE('',#1446,#1456,#1458,.T.);
#1456 = VERTEX_POINT('',#1457);
#1457 = CARTESIAN_POINT('',(-0.15,1.,4.E-02));
#1458 = LINE('',#1459,#1460);
#1459 = CARTESIAN_POINT('',(-0.15,-0.55,4.E-02));
#1460 = VECTOR('',#1461,1.);
#1461 = DIRECTION('',(0.,1.,0.));
#1462 = ORIENTED_EDGE('',*,*,#1463,.T.);
#1463 = EDGE_CURVE('',#1456,#1464,#1466,.T.);
#1464 = VERTEX_POINT('',#1465);
#1465 = CARTESIAN_POINT('',(-0.15,1.,0.46));
#1466 = LINE('',#1467,#1468);
#1467 = CARTESIAN_POINT('',(-0.15,1.,4.E-02));
#1468 = VECTOR('',#1469,1.);
#1469 = DIRECTION('',(-0.,0.,1.));
#1470 = ORIENTED_EDGE('',*,*,#1471,.F.);
#1471 = EDGE_CURVE('',#1472,#1464,#1474,.T.);
#1472 = VERTEX_POINT('',#1473);
#1473 = CARTESIAN_POINT('',(-0.15,-5.E-02,0.46));
#1474 = LINE('',#1475,#1476);
#1475 = CARTESIAN_POINT('',(-0.15,-0.3,0.46));
#1476 = VECTOR('',#1477,1.);
#1477 = DIRECTION('',(0.,1.,0.));
#1478 = ORIENTED_EDGE('',*,*,#1479,.F.);
#1479 = EDGE_CURVE('',#1480,#1472,#1482,.T.);
#1480 = VERTEX_POINT('',#1481);
#1481 = CARTESIAN_POINT('',(-0.15,-5.E-02,1.));
#1482 = LINE('',#1483,#1484);
#1483 = CARTESIAN_POINT('',(-0.15,-5.E-02,1.));
#1484 = VECTOR('',#1485,1.);
#1485 = DIRECTION('',(1.02798428206E-16,-5.139921410302E-17,-1.));
#1486 = ORIENTED_EDGE('',*,*,#1487,.F.);
#1487 = EDGE_CURVE('',#1488,#1480,#1490,.T.);
#1488 = VERTEX_POINT('',#1489);
#1489 = CARTESIAN_POINT('',(-0.15,-0.35,1.));
#1490 = LINE('',#1491,#1492);
#1491 = CARTESIAN_POINT('',(-0.15,-0.4,1.));
#1492 = VECTOR('',#1493,1.);
#1493 = DIRECTION('',(0.,1.,0.));
#1494 = ORIENTED_EDGE('',*,*,#1495,.F.);
#1495 = EDGE_CURVE('',#1496,#1488,#1498,.T.);
#1496 = VERTEX_POINT('',#1497);
#1497 = CARTESIAN_POINT('',(-0.15,-0.35,0.86));
#1498 = LINE('',#1499,#1500);
#1499 = CARTESIAN_POINT('',(-0.15,-0.35,0.85));
#1500 = VECTOR('',#1501,1.);
#1501 = DIRECTION('',(0.,0.,1.));
#1502 = ORIENTED_EDGE('',*,*,#1503,.F.);
#1503 = EDGE_CURVE('',#1417,#1496,#1504,.T.);
#1504 = LINE('',#1505,#1506);
#1505 = CARTESIAN_POINT('',(-0.15,-0.55,0.86));
#1506 = VECTOR('',#1507,1.);
#1507 = DIRECTION('',(0.,1.,0.));
#1508 = ORIENTED_EDGE('',*,*,#1414,.F.);
#1509 = ORIENTED_EDGE('',*,*,#1510,.F.);
#1510 = EDGE_CURVE('',#1448,#1415,#1511,.T.);
#1511 = LINE('',#1512,#1513);
#1512 = CARTESIAN_POINT('',(-0.15,-0.55,4.E-02));
#1513 = VECTOR('',#1514,1.);
#1514 = DIRECTION('',(0.,0.,1.));
#1515 = PLANE('',#1516);
#1516 = AXIS2_PLACEMENT_3D('',#1517,#1518,#1519);
#1517 = CARTESIAN_POINT('',(-0.15,-0.55,4.E-02));
#1518 = DIRECTION('',(1.,0.,0.));
#1519 = DIRECTION('',(0.,0.,1.));
#1520 = ADVANCED_FACE('',(#1521),#1546,.F.);
#1521 = FACE_BOUND('',#1522,.F.);
#1522 = EDGE_LOOP('',(#1523,#1531,#1532,#1540));
#1523 = ORIENTED_EDGE('',*,*,#1524,.F.);
#1524 = EDGE_CURVE('',#1448,#1525,#1527,.T.);
#1525 = VERTEX_POINT('',#1526);
#1526 = CARTESIAN_POINT('',(0.15,-0.55,0.35));
#1527 = LINE('',#1528,#1529);
#1528 = CARTESIAN_POINT('',(-3.265,-0.55,0.35));
#1529 = VECTOR('',#1530,1.);
#1530 = DIRECTION('',(1.,0.,0.));
#1531 = ORIENTED_EDGE('',*,*,#1510,.T.);
#1532 = ORIENTED_EDGE('',*,*,#1533,.T.);
#1533 = EDGE_CURVE('',#1415,#1534,#1536,.T.);
#1534 = VERTEX_POINT('',#1535);
#1535 = CARTESIAN_POINT('',(0.15,-0.55,0.65));
#1536 = LINE('',#1537,#1538);
#1537 = CARTESIAN_POINT('',(-3.265,-0.55,0.65));
#1538 = VECTOR('',#1539,1.);
#1539 = DIRECTION('',(1.,0.,0.));
#1540 = ORIENTED_EDGE('',*,*,#1541,.F.);
#1541 = EDGE_CURVE('',#1525,#1534,#1542,.T.);
#1542 = LINE('',#1543,#1544);
#1543 = CARTESIAN_POINT('',(0.15,-0.55,4.E-02));
#1544 = VECTOR('',#1545,1.);
#1545 = DIRECTION('',(0.,0.,1.));
#1546 = PLANE('',#1547);
#1547 = AXIS2_PLACEMENT_3D('',#1548,#1549,#1550);
#1548 = CARTESIAN_POINT('',(-3.265,-0.55,0.35));
#1549 = DIRECTION('',(0.,1.,0.));
#1550 = DIRECTION('',(0.,0.,1.));
#1551 = ADVANCED_FACE('',(#1552),#1625,.T.);
#1552 = FACE_BOUND('',#1553,.T.);
#1553 = EDGE_LOOP('',(#1554,#1562,#1570,#1578,#1586,#1594,#1602,#1610,
    #1618,#1624));
#1554 = ORIENTED_EDGE('',*,*,#1555,.F.);
#1555 = EDGE_CURVE('',#1556,#1525,#1558,.T.);
#1556 = VERTEX_POINT('',#1557);
#1557 = CARTESIAN_POINT('',(0.15,-0.55,4.E-02));
#1558 = LINE('',#1559,#1560);
#1559 = CARTESIAN_POINT('',(0.15,-0.55,4.E-02));
#1560 = VECTOR('',#1561,1.);
#1561 = DIRECTION('',(0.,0.,1.));
#1562 = ORIENTED_EDGE('',*,*,#1563,.T.);
#1563 = EDGE_CURVE('',#1556,#1564,#1566,.T.);
#1564 = VERTEX_POINT('',#1565);
#1565 = CARTESIAN_POINT('',(0.15,1.,4.E-02));
#1566 = LINE('',#1567,#1568);
#1567 = CARTESIAN_POINT('',(0.15,-0.55,4.E-02));
#1568 = VECTOR('',#1569,1.);
#1569 = DIRECTION('',(0.,1.,0.));
#1570 = ORIENTED_EDGE('',*,*,#1571,.T.);
#1571 = EDGE_CURVE('',#1564,#1572,#1574,.T.);
#1572 = VERTEX_POINT('',#1573);
#1573 = CARTESIAN_POINT('',(0.15,1.,0.46));
#1574 = LINE('',#1575,#1576);
#1575 = CARTESIAN_POINT('',(0.15,1.,4.E-02));
#1576 = VECTOR('',#1577,1.);
#1577 = DIRECTION('',(-0.,0.,1.));
#1578 = ORIENTED_EDGE('',*,*,#1579,.F.);
#1579 = EDGE_CURVE('',#1580,#1572,#1582,.T.);
#1580 = VERTEX_POINT('',#1581);
#1581 = CARTESIAN_POINT('',(0.15,-5.E-02,0.46));
#1582 = LINE('',#1583,#1584);
#1583 = CARTESIAN_POINT('',(0.15,-0.3,0.46));
#1584 = VECTOR('',#1585,1.);
#1585 = DIRECTION('',(0.,1.,0.));
#1586 = ORIENTED_EDGE('',*,*,#1587,.T.);
#1587 = EDGE_CURVE('',#1580,#1588,#1590,.T.);
#1588 = VERTEX_POINT('',#1589);
#1589 = CARTESIAN_POINT('',(0.15,-5.E-02,1.));
#1590 = LINE('',#1591,#1592);
#1591 = CARTESIAN_POINT('',(0.15,-5.E-02,0.46));
#1592 = VECTOR('',#1593,1.);
#1593 = DIRECTION('',(1.02798428206E-16,5.139921410302E-17,1.));
#1594 = ORIENTED_EDGE('',*,*,#1595,.F.);
#1595 = EDGE_CURVE('',#1596,#1588,#1598,.T.);
#1596 = VERTEX_POINT('',#1597);
#1597 = CARTESIAN_POINT('',(0.15,-0.35,1.));
#1598 = LINE('',#1599,#1600);
#1599 = CARTESIAN_POINT('',(0.15,-0.4,1.));
#1600 = VECTOR('',#1601,1.);
#1601 = DIRECTION('',(0.,1.,0.));
#1602 = ORIENTED_EDGE('',*,*,#1603,.F.);
#1603 = EDGE_CURVE('',#1604,#1596,#1606,.T.);
#1604 = VERTEX_POINT('',#1605);
#1605 = CARTESIAN_POINT('',(0.15,-0.35,0.86));
#1606 = LINE('',#1607,#1608);
#1607 = CARTESIAN_POINT('',(0.15,-0.35,0.85));
#1608 = VECTOR('',#1609,1.);
#1609 = DIRECTION('',(0.,0.,1.));
#1610 = ORIENTED_EDGE('',*,*,#1611,.F.);
#1611 = EDGE_CURVE('',#1612,#1604,#1614,.T.);
#1612 = VERTEX_POINT('',#1613);
#1613 = CARTESIAN_POINT('',(0.15,-0.55,0.86));
#1614 = LINE('',#1615,#1616);
#1615 = CARTESIAN_POINT('',(0.15,-0.55,0.86));
#1616 = VECTOR('',#1617,1.);
#1617 = DIRECTION('',(0.,1.,0.));
#1618 = ORIENTED_EDGE('',*,*,#1619,.F.);
#1619 = EDGE_CURVE('',#1534,#1612,#1620,.T.);
#1620 = LINE('',#1621,#1622);
#1621 = CARTESIAN_POINT('',(0.15,-0.55,4.E-02));
#1622 = VECTOR('',#1623,1.);
#1623 = DIRECTION('',(0.,0.,1.));
#1624 = ORIENTED_EDGE('',*,*,#1541,.F.);
#1625 = PLANE('',#1626);
#1626 = AXIS2_PLACEMENT_3D('',#1627,#1628,#1629);
#1627 = CARTESIAN_POINT('',(0.15,-0.55,4.E-02));
#1628 = DIRECTION('',(1.,0.,0.));
#1629 = DIRECTION('',(0.,0.,1.));
#1630 = ADVANCED_FACE('',(#1631),#1656,.T.);
#1631 = FACE_BOUND('',#1632,.T.);
#1632 = EDGE_LOOP('',(#1633,#1643,#1649,#1650));
#1633 = ORIENTED_EDGE('',*,*,#1634,.F.);
#1634 = EDGE_CURVE('',#1635,#1637,#1639,.T.);
#1635 = VERTEX_POINT('',#1636);
#1636 = CARTESIAN_POINT('',(0.35,-0.55,0.65));
#1637 = VERTEX_POINT('',#1638);
#1638 = CARTESIAN_POINT('',(0.35,-0.55,0.86));
#1639 = LINE('',#1640,#1641);
#1640 = CARTESIAN_POINT('',(0.35,-0.55,4.E-02));
#1641 = VECTOR('',#1642,1.);
#1642 = DIRECTION('',(0.,0.,1.));
#1643 = ORIENTED_EDGE('',*,*,#1644,.F.);
#1644 = EDGE_CURVE('',#1534,#1635,#1645,.T.);
#1645 = LINE('',#1646,#1647);
#1646 = CARTESIAN_POINT('',(-3.265,-0.55,0.65));
#1647 = VECTOR('',#1648,1.);
#1648 = DIRECTION('',(1.,0.,0.));
#1649 = ORIENTED_EDGE('',*,*,#1619,.T.);
#1650 = ORIENTED_EDGE('',*,*,#1651,.T.);
#1651 = EDGE_CURVE('',#1612,#1637,#1652,.T.);
#1652 = LINE('',#1653,#1654);
#1653 = CARTESIAN_POINT('',(0.15,-0.55,0.86));
#1654 = VECTOR('',#1655,1.);
#1655 = DIRECTION('',(1.,0.,0.));
#1656 = PLANE('',#1657);
#1657 = AXIS2_PLACEMENT_3D('',#1658,#1659,#1660);
#1658 = CARTESIAN_POINT('',(0.15,-0.55,4.E-02));
#1659 = DIRECTION('',(0.,1.,0.));
#1660 = DIRECTION('',(0.,0.,1.));
#1661 = ADVANCED_FACE('',(#1662),#1735,.F.);
#1662 = FACE_BOUND('',#1663,.F.);
#1663 = EDGE_LOOP('',(#1664,#1674,#1682,#1690,#1698,#1706,#1714,#1722,
    #1728,#1729));
#1664 = ORIENTED_EDGE('',*,*,#1665,.F.);
#1665 = EDGE_CURVE('',#1666,#1668,#1670,.T.);
#1666 = VERTEX_POINT('',#1667);
#1667 = CARTESIAN_POINT('',(0.35,-0.55,4.E-02));
#1668 = VERTEX_POINT('',#1669);
#1669 = CARTESIAN_POINT('',(0.35,-0.55,0.35));
#1670 = LINE('',#1671,#1672);
#1671 = CARTESIAN_POINT('',(0.35,-0.55,4.E-02));
#1672 = VECTOR('',#1673,1.);
#1673 = DIRECTION('',(0.,0.,1.));
#1674 = ORIENTED_EDGE('',*,*,#1675,.T.);
#1675 = EDGE_CURVE('',#1666,#1676,#1678,.T.);
#1676 = VERTEX_POINT('',#1677);
#1677 = CARTESIAN_POINT('',(0.35,1.,4.E-02));
#1678 = LINE('',#1679,#1680);
#1679 = CARTESIAN_POINT('',(0.35,-0.55,4.E-02));
#1680 = VECTOR('',#1681,1.);
#1681 = DIRECTION('',(0.,1.,0.));
#1682 = ORIENTED_EDGE('',*,*,#1683,.T.);
#1683 = EDGE_CURVE('',#1676,#1684,#1686,.T.);
#1684 = VERTEX_POINT('',#1685);
#1685 = CARTESIAN_POINT('',(0.35,1.,0.46));
#1686 = LINE('',#1687,#1688);
#1687 = CARTESIAN_POINT('',(0.35,1.,4.E-02));
#1688 = VECTOR('',#1689,1.);
#1689 = DIRECTION('',(-0.,0.,1.));
#1690 = ORIENTED_EDGE('',*,*,#1691,.F.);
#1691 = EDGE_CURVE('',#1692,#1684,#1694,.T.);
#1692 = VERTEX_POINT('',#1693);
#1693 = CARTESIAN_POINT('',(0.35,-5.E-02,0.46));
#1694 = LINE('',#1695,#1696);
#1695 = CARTESIAN_POINT('',(0.35,-0.3,0.46));
#1696 = VECTOR('',#1697,1.);
#1697 = DIRECTION('',(0.,1.,0.));
#1698 = ORIENTED_EDGE('',*,*,#1699,.F.);
#1699 = EDGE_CURVE('',#1700,#1692,#1702,.T.);
#1700 = VERTEX_POINT('',#1701);
#1701 = CARTESIAN_POINT('',(0.35,-5.E-02,1.));
#1702 = LINE('',#1703,#1704);
#1703 = CARTESIAN_POINT('',(0.35,-5.E-02,1.));
#1704 = VECTOR('',#1705,1.);
#1705 = DIRECTION('',(-7.195889974422E-16,-5.139921410302E-17,-1.));
#1706 = ORIENTED_EDGE('',*,*,#1707,.F.);
#1707 = EDGE_CURVE('',#1708,#1700,#1710,.T.);
#1708 = VERTEX_POINT('',#1709);
#1709 = CARTESIAN_POINT('',(0.35,-0.35,1.));
#1710 = LINE('',#1711,#1712);
#1711 = CARTESIAN_POINT('',(0.35,-0.4,1.));
#1712 = VECTOR('',#1713,1.);
#1713 = DIRECTION('',(0.,1.,0.));
#1714 = ORIENTED_EDGE('',*,*,#1715,.F.);
#1715 = EDGE_CURVE('',#1716,#1708,#1718,.T.);
#1716 = VERTEX_POINT('',#1717);
#1717 = CARTESIAN_POINT('',(0.35,-0.35,0.86));
#1718 = LINE('',#1719,#1720);
#1719 = CARTESIAN_POINT('',(0.35,-0.35,0.85));
#1720 = VECTOR('',#1721,1.);
#1721 = DIRECTION('',(0.,0.,1.));
#1722 = ORIENTED_EDGE('',*,*,#1723,.F.);
#1723 = EDGE_CURVE('',#1637,#1716,#1724,.T.);
#1724 = LINE('',#1725,#1726);
#1725 = CARTESIAN_POINT('',(0.35,-0.55,0.86));
#1726 = VECTOR('',#1727,1.);
#1727 = DIRECTION('',(0.,1.,0.));
#1728 = ORIENTED_EDGE('',*,*,#1634,.F.);
#1729 = ORIENTED_EDGE('',*,*,#1730,.F.);
#1730 = EDGE_CURVE('',#1668,#1635,#1731,.T.);
#1731 = LINE('',#1732,#1733);
#1732 = CARTESIAN_POINT('',(0.35,-0.55,4.E-02));
#1733 = VECTOR('',#1734,1.);
#1734 = DIRECTION('',(0.,0.,1.));
#1735 = PLANE('',#1736);
#1736 = AXIS2_PLACEMENT_3D('',#1737,#1738,#1739);
#1737 = CARTESIAN_POINT('',(0.35,-0.55,4.E-02));
#1738 = DIRECTION('',(1.,0.,0.));
#1739 = DIRECTION('',(0.,0.,1.));
#1740 = ADVANCED_FACE('',(#1741),#1766,.F.);
#1741 = FACE_BOUND('',#1742,.F.);
#1742 = EDGE_LOOP('',(#1743,#1751,#1752,#1760));
#1743 = ORIENTED_EDGE('',*,*,#1744,.F.);
#1744 = EDGE_CURVE('',#1668,#1745,#1747,.T.);
#1745 = VERTEX_POINT('',#1746);
#1746 = CARTESIAN_POINT('',(0.65,-0.55,0.35));
#1747 = LINE('',#1748,#1749);
#1748 = CARTESIAN_POINT('',(-3.265,-0.55,0.35));
#1749 = VECTOR('',#1750,1.);
#1750 = DIRECTION('',(1.,0.,0.));
#1751 = ORIENTED_EDGE('',*,*,#1730,.T.);
#1752 = ORIENTED_EDGE('',*,*,#1753,.T.);
#1753 = EDGE_CURVE('',#1635,#1754,#1756,.T.);
#1754 = VERTEX_POINT('',#1755);
#1755 = CARTESIAN_POINT('',(0.65,-0.55,0.65));
#1756 = LINE('',#1757,#1758);
#1757 = CARTESIAN_POINT('',(-3.265,-0.55,0.65));
#1758 = VECTOR('',#1759,1.);
#1759 = DIRECTION('',(1.,0.,0.));
#1760 = ORIENTED_EDGE('',*,*,#1761,.F.);
#1761 = EDGE_CURVE('',#1745,#1754,#1762,.T.);
#1762 = LINE('',#1763,#1764);
#1763 = CARTESIAN_POINT('',(0.65,-0.55,4.E-02));
#1764 = VECTOR('',#1765,1.);
#1765 = DIRECTION('',(0.,0.,1.));
#1766 = PLANE('',#1767);
#1767 = AXIS2_PLACEMENT_3D('',#1768,#1769,#1770);
#1768 = CARTESIAN_POINT('',(-3.265,-0.55,0.35));
#1769 = DIRECTION('',(0.,1.,0.));
#1770 = DIRECTION('',(0.,0.,1.));
#1771 = ADVANCED_FACE('',(#1772),#1845,.T.);
#1772 = FACE_BOUND('',#1773,.T.);
#1773 = EDGE_LOOP('',(#1774,#1782,#1790,#1798,#1806,#1814,#1822,#1830,
    #1838,#1844));
#1774 = ORIENTED_EDGE('',*,*,#1775,.F.);
#1775 = EDGE_CURVE('',#1776,#1745,#1778,.T.);
#1776 = VERTEX_POINT('',#1777);
#1777 = CARTESIAN_POINT('',(0.65,-0.55,4.E-02));
#1778 = LINE('',#1779,#1780);
#1779 = CARTESIAN_POINT('',(0.65,-0.55,4.E-02));
#1780 = VECTOR('',#1781,1.);
#1781 = DIRECTION('',(0.,0.,1.));
#1782 = ORIENTED_EDGE('',*,*,#1783,.T.);
#1783 = EDGE_CURVE('',#1776,#1784,#1786,.T.);
#1784 = VERTEX_POINT('',#1785);
#1785 = CARTESIAN_POINT('',(0.65,1.,4.E-02));
#1786 = LINE('',#1787,#1788);
#1787 = CARTESIAN_POINT('',(0.65,-0.55,4.E-02));
#1788 = VECTOR('',#1789,1.);
#1789 = DIRECTION('',(0.,1.,0.));
#1790 = ORIENTED_EDGE('',*,*,#1791,.T.);
#1791 = EDGE_CURVE('',#1784,#1792,#1794,.T.);
#1792 = VERTEX_POINT('',#1793);
#1793 = CARTESIAN_POINT('',(0.65,1.,0.46));
#1794 = LINE('',#1795,#1796);
#1795 = CARTESIAN_POINT('',(0.65,1.,4.E-02));
#1796 = VECTOR('',#1797,1.);
#1797 = DIRECTION('',(-0.,0.,1.));
#1798 = ORIENTED_EDGE('',*,*,#1799,.F.);
#1799 = EDGE_CURVE('',#1800,#1792,#1802,.T.);
#1800 = VERTEX_POINT('',#1801);
#1801 = CARTESIAN_POINT('',(0.65,-5.E-02,0.46));
#1802 = LINE('',#1803,#1804);
#1803 = CARTESIAN_POINT('',(0.65,-0.3,0.46));
#1804 = VECTOR('',#1805,1.);
#1805 = DIRECTION('',(0.,1.,0.));
#1806 = ORIENTED_EDGE('',*,*,#1807,.T.);
#1807 = EDGE_CURVE('',#1800,#1808,#1810,.T.);
#1808 = VERTEX_POINT('',#1809);
#1809 = CARTESIAN_POINT('',(0.65,-5.E-02,1.));
#1810 = LINE('',#1811,#1812);
#1811 = CARTESIAN_POINT('',(0.65,-5.E-02,0.46));
#1812 = VECTOR('',#1813,1.);
#1813 = DIRECTION('',(-8.223874256483E-16,5.139921410302E-17,1.));
#1814 = ORIENTED_EDGE('',*,*,#1815,.F.);
#1815 = EDGE_CURVE('',#1816,#1808,#1818,.T.);
#1816 = VERTEX_POINT('',#1817);
#1817 = CARTESIAN_POINT('',(0.65,-0.35,1.));
#1818 = LINE('',#1819,#1820);
#1819 = CARTESIAN_POINT('',(0.65,-0.4,1.));
#1820 = VECTOR('',#1821,1.);
#1821 = DIRECTION('',(0.,1.,0.));
#1822 = ORIENTED_EDGE('',*,*,#1823,.F.);
#1823 = EDGE_CURVE('',#1824,#1816,#1826,.T.);
#1824 = VERTEX_POINT('',#1825);
#1825 = CARTESIAN_POINT('',(0.65,-0.35,0.86));
#1826 = LINE('',#1827,#1828);
#1827 = CARTESIAN_POINT('',(0.65,-0.35,0.85));
#1828 = VECTOR('',#1829,1.);
#1829 = DIRECTION('',(0.,0.,1.));
#1830 = ORIENTED_EDGE('',*,*,#1831,.F.);
#1831 = EDGE_CURVE('',#1832,#1824,#1834,.T.);
#1832 = VERTEX_POINT('',#1833);
#1833 = CARTESIAN_POINT('',(0.65,-0.55,0.86));
#1834 = LINE('',#1835,#1836);
#1835 = CARTESIAN_POINT('',(0.65,-0.55,0.86));
#1836 = VECTOR('',#1837,1.);
#1837 = DIRECTION('',(0.,1.,0.));
#1838 = ORIENTED_EDGE('',*,*,#1839,.F.);
#1839 = EDGE_CURVE('',#1754,#1832,#1840,.T.);
#1840 = LINE('',#1841,#1842);
#1841 = CARTESIAN_POINT('',(0.65,-0.55,4.E-02));
#1842 = VECTOR('',#1843,1.);
#1843 = DIRECTION('',(0.,0.,1.));
#1844 = ORIENTED_EDGE('',*,*,#1761,.F.);
#1845 = PLANE('',#1846);
#1846 = AXIS2_PLACEMENT_3D('',#1847,#1848,#1849);
#1847 = CARTESIAN_POINT('',(0.65,-0.55,4.E-02));
#1848 = DIRECTION('',(1.,0.,0.));
#1849 = DIRECTION('',(0.,0.,1.));
#1850 = ADVANCED_FACE('',(#1851),#1876,.T.);
#1851 = FACE_BOUND('',#1852,.T.);
#1852 = EDGE_LOOP('',(#1853,#1863,#1869,#1870));
#1853 = ORIENTED_EDGE('',*,*,#1854,.F.);
#1854 = EDGE_CURVE('',#1855,#1857,#1859,.T.);
#1855 = VERTEX_POINT('',#1856);
#1856 = CARTESIAN_POINT('',(0.85,-0.55,0.65));
#1857 = VERTEX_POINT('',#1858);
#1858 = CARTESIAN_POINT('',(0.85,-0.55,0.86));
#1859 = LINE('',#1860,#1861);
#1860 = CARTESIAN_POINT('',(0.85,-0.55,4.E-02));
#1861 = VECTOR('',#1862,1.);
#1862 = DIRECTION('',(0.,0.,1.));
#1863 = ORIENTED_EDGE('',*,*,#1864,.F.);
#1864 = EDGE_CURVE('',#1754,#1855,#1865,.T.);
#1865 = LINE('',#1866,#1867);
#1866 = CARTESIAN_POINT('',(-3.265,-0.55,0.65));
#1867 = VECTOR('',#1868,1.);
#1868 = DIRECTION('',(1.,0.,0.));
#1869 = ORIENTED_EDGE('',*,*,#1839,.T.);
#1870 = ORIENTED_EDGE('',*,*,#1871,.T.);
#1871 = EDGE_CURVE('',#1832,#1857,#1872,.T.);
#1872 = LINE('',#1873,#1874);
#1873 = CARTESIAN_POINT('',(0.65,-0.55,0.86));
#1874 = VECTOR('',#1875,1.);
#1875 = DIRECTION('',(1.,0.,0.));
#1876 = PLANE('',#1877);
#1877 = AXIS2_PLACEMENT_3D('',#1878,#1879,#1880);
#1878 = CARTESIAN_POINT('',(0.65,-0.55,4.E-02));
#1879 = DIRECTION('',(0.,1.,0.));
#1880 = DIRECTION('',(0.,0.,1.));
#1881 = ADVANCED_FACE('',(#1882),#1955,.F.);
#1882 = FACE_BOUND('',#1883,.F.);
#1883 = EDGE_LOOP('',(#1884,#1894,#1902,#1910,#1918,#1926,#1934,#1942,
    #1948,#1949));
#1884 = ORIENTED_EDGE('',*,*,#1885,.F.);
#1885 = EDGE_CURVE('',#1886,#1888,#1890,.T.);
#1886 = VERTEX_POINT('',#1887);
#1887 = CARTESIAN_POINT('',(0.85,-0.55,4.E-02));
#1888 = VERTEX_POINT('',#1889);
#1889 = CARTESIAN_POINT('',(0.85,-0.55,0.35));
#1890 = LINE('',#1891,#1892);
#1891 = CARTESIAN_POINT('',(0.85,-0.55,4.E-02));
#1892 = VECTOR('',#1893,1.);
#1893 = DIRECTION('',(0.,0.,1.));
#1894 = ORIENTED_EDGE('',*,*,#1895,.T.);
#1895 = EDGE_CURVE('',#1886,#1896,#1898,.T.);
#1896 = VERTEX_POINT('',#1897);
#1897 = CARTESIAN_POINT('',(0.85,1.,4.E-02));
#1898 = LINE('',#1899,#1900);
#1899 = CARTESIAN_POINT('',(0.85,-0.55,4.E-02));
#1900 = VECTOR('',#1901,1.);
#1901 = DIRECTION('',(0.,1.,0.));
#1902 = ORIENTED_EDGE('',*,*,#1903,.T.);
#1903 = EDGE_CURVE('',#1896,#1904,#1906,.T.);
#1904 = VERTEX_POINT('',#1905);
#1905 = CARTESIAN_POINT('',(0.85,1.,0.46));
#1906 = LINE('',#1907,#1908);
#1907 = CARTESIAN_POINT('',(0.85,1.,4.E-02));
#1908 = VECTOR('',#1909,1.);
#1909 = DIRECTION('',(-0.,0.,1.));
#1910 = ORIENTED_EDGE('',*,*,#1911,.F.);
#1911 = EDGE_CURVE('',#1912,#1904,#1914,.T.);
#1912 = VERTEX_POINT('',#1913);
#1913 = CARTESIAN_POINT('',(0.85,-5.E-02,0.46));
#1914 = LINE('',#1915,#1916);
#1915 = CARTESIAN_POINT('',(0.85,-0.3,0.46));
#1916 = VECTOR('',#1917,1.);
#1917 = DIRECTION('',(0.,1.,0.));
#1918 = ORIENTED_EDGE('',*,*,#1919,.F.);
#1919 = EDGE_CURVE('',#1920,#1912,#1922,.T.);
#1920 = VERTEX_POINT('',#1921);
#1921 = CARTESIAN_POINT('',(0.85,-5.E-02,1.));
#1922 = LINE('',#1923,#1924);
#1923 = CARTESIAN_POINT('',(0.85,-5.E-02,1.));
#1924 = VECTOR('',#1925,1.);
#1925 = DIRECTION('',(-8.223874256483E-16,-5.139921410302E-17,-1.));
#1926 = ORIENTED_EDGE('',*,*,#1927,.F.);
#1927 = EDGE_CURVE('',#1928,#1920,#1930,.T.);
#1928 = VERTEX_POINT('',#1929);
#1929 = CARTESIAN_POINT('',(0.85,-0.35,1.));
#1930 = LINE('',#1931,#1932);
#1931 = CARTESIAN_POINT('',(0.85,-0.4,1.));
#1932 = VECTOR('',#1933,1.);
#1933 = DIRECTION('',(0.,1.,0.));
#1934 = ORIENTED_EDGE('',*,*,#1935,.F.);
#1935 = EDGE_CURVE('',#1936,#1928,#1938,.T.);
#1936 = VERTEX_POINT('',#1937);
#1937 = CARTESIAN_POINT('',(0.85,-0.35,0.86));
#1938 = LINE('',#1939,#1940);
#1939 = CARTESIAN_POINT('',(0.85,-0.35,0.85));
#1940 = VECTOR('',#1941,1.);
#1941 = DIRECTION('',(0.,0.,1.));
#1942 = ORIENTED_EDGE('',*,*,#1943,.F.);
#1943 = EDGE_CURVE('',#1857,#1936,#1944,.T.);
#1944 = LINE('',#1945,#1946);
#1945 = CARTESIAN_POINT('',(0.85,-0.55,0.86));
#1946 = VECTOR('',#1947,1.);
#1947 = DIRECTION('',(0.,1.,0.));
#1948 = ORIENTED_EDGE('',*,*,#1854,.F.);
#1949 = ORIENTED_EDGE('',*,*,#1950,.F.);
#1950 = EDGE_CURVE('',#1888,#1855,#1951,.T.);
#1951 = LINE('',#1952,#1953);
#1952 = CARTESIAN_POINT('',(0.85,-0.55,4.E-02));
#1953 = VECTOR('',#1954,1.);
#1954 = DIRECTION('',(0.,0.,1.));
#1955 = PLANE('',#1956);
#1956 = AXIS2_PLACEMENT_3D('',#1957,#1958,#1959);
#1957 = CARTESIAN_POINT('',(0.85,-0.55,4.E-02));
#1958 = DIRECTION('',(1.,0.,0.));
#1959 = DIRECTION('',(0.,0.,1.));
#1960 = ADVANCED_FACE('',(#1961),#1986,.F.);
#1961 = FACE_BOUND('',#1962,.F.);
#1962 = EDGE_LOOP('',(#1963,#1971,#1972,#1980));
#1963 = ORIENTED_EDGE('',*,*,#1964,.F.);
#1964 = EDGE_CURVE('',#1888,#1965,#1967,.T.);
#1965 = VERTEX_POINT('',#1966);
#1966 = CARTESIAN_POINT('',(1.15,-0.55,0.35));
#1967 = LINE('',#1968,#1969);
#1968 = CARTESIAN_POINT('',(-3.265,-0.55,0.35));
#1969 = VECTOR('',#1970,1.);
#1970 = DIRECTION('',(1.,0.,0.));
#1971 = ORIENTED_EDGE('',*,*,#1950,.T.);
#1972 = ORIENTED_EDGE('',*,*,#1973,.T.);
#1973 = EDGE_CURVE('',#1855,#1974,#1976,.T.);
#1974 = VERTEX_POINT('',#1975);
#1975 = CARTESIAN_POINT('',(1.15,-0.55,0.65));
#1976 = LINE('',#1977,#1978);
#1977 = CARTESIAN_POINT('',(-3.265,-0.55,0.65));
#1978 = VECTOR('',#1979,1.);
#1979 = DIRECTION('',(1.,0.,0.));
#1980 = ORIENTED_EDGE('',*,*,#1981,.F.);
#1981 = EDGE_CURVE('',#1965,#1974,#1982,.T.);
#1982 = LINE('',#1983,#1984);
#1983 = CARTESIAN_POINT('',(1.15,-0.55,4.E-02));
#1984 = VECTOR('',#1985,1.);
#1985 = DIRECTION('',(0.,0.,1.));
#1986 = PLANE('',#1987);
#1987 = AXIS2_PLACEMENT_3D('',#1988,#1989,#1990);
#1988 = CARTESIAN_POINT('',(-3.265,-0.55,0.35));
#1989 = DIRECTION('',(0.,1.,0.));
#1990 = DIRECTION('',(0.,0.,1.));
#1991 = ADVANCED_FACE('',(#1992),#2065,.T.);
#1992 = FACE_BOUND('',#1993,.T.);
#1993 = EDGE_LOOP('',(#1994,#2002,#2010,#2018,#2026,#2034,#2042,#2050,
    #2058,#2064));
#1994 = ORIENTED_EDGE('',*,*,#1995,.F.);
#1995 = EDGE_CURVE('',#1996,#1965,#1998,.T.);
#1996 = VERTEX_POINT('',#1997);
#1997 = CARTESIAN_POINT('',(1.15,-0.55,4.E-02));
#1998 = LINE('',#1999,#2000);
#1999 = CARTESIAN_POINT('',(1.15,-0.55,4.E-02));
#2000 = VECTOR('',#2001,1.);
#2001 = DIRECTION('',(0.,0.,1.));
#2002 = ORIENTED_EDGE('',*,*,#2003,.T.);
#2003 = EDGE_CURVE('',#1996,#2004,#2006,.T.);
#2004 = VERTEX_POINT('',#2005);
#2005 = CARTESIAN_POINT('',(1.15,1.,4.E-02));
#2006 = LINE('',#2007,#2008);
#2007 = CARTESIAN_POINT('',(1.15,-0.55,4.E-02));
#2008 = VECTOR('',#2009,1.);
#2009 = DIRECTION('',(0.,1.,0.));
#2010 = ORIENTED_EDGE('',*,*,#2011,.T.);
#2011 = EDGE_CURVE('',#2004,#2012,#2014,.T.);
#2012 = VERTEX_POINT('',#2013);
#2013 = CARTESIAN_POINT('',(1.15,1.,0.46));
#2014 = LINE('',#2015,#2016);
#2015 = CARTESIAN_POINT('',(1.15,1.,4.E-02));
#2016 = VECTOR('',#2017,1.);
#2017 = DIRECTION('',(-0.,0.,1.));
#2018 = ORIENTED_EDGE('',*,*,#2019,.F.);
#2019 = EDGE_CURVE('',#2020,#2012,#2022,.T.);
#2020 = VERTEX_POINT('',#2021);
#2021 = CARTESIAN_POINT('',(1.15,-5.E-02,0.46));
#2022 = LINE('',#2023,#2024);
#2023 = CARTESIAN_POINT('',(1.15,-0.3,0.46));
#2024 = VECTOR('',#2025,1.);
#2025 = DIRECTION('',(0.,1.,0.));
#2026 = ORIENTED_EDGE('',*,*,#2027,.T.);
#2027 = EDGE_CURVE('',#2020,#2028,#2030,.T.);
#2028 = VERTEX_POINT('',#2029);
#2029 = CARTESIAN_POINT('',(1.15,-5.E-02,1.));
#2030 = LINE('',#2031,#2032);
#2031 = CARTESIAN_POINT('',(1.15,-5.E-02,0.46));
#2032 = VECTOR('',#2033,1.);
#2033 = DIRECTION('',(8.223874256483E-16,5.139921410302E-17,1.));
#2034 = ORIENTED_EDGE('',*,*,#2035,.F.);
#2035 = EDGE_CURVE('',#2036,#2028,#2038,.T.);
#2036 = VERTEX_POINT('',#2037);
#2037 = CARTESIAN_POINT('',(1.15,-0.35,1.));
#2038 = LINE('',#2039,#2040);
#2039 = CARTESIAN_POINT('',(1.15,-0.4,1.));
#2040 = VECTOR('',#2041,1.);
#2041 = DIRECTION('',(0.,1.,0.));
#2042 = ORIENTED_EDGE('',*,*,#2043,.F.);
#2043 = EDGE_CURVE('',#2044,#2036,#2046,.T.);
#2044 = VERTEX_POINT('',#2045);
#2045 = CARTESIAN_POINT('',(1.15,-0.35,0.86));
#2046 = LINE('',#2047,#2048);
#2047 = CARTESIAN_POINT('',(1.15,-0.35,0.85));
#2048 = VECTOR('',#2049,1.);
#2049 = DIRECTION('',(0.,0.,1.));
#2050 = ORIENTED_EDGE('',*,*,#2051,.F.);
#2051 = EDGE_CURVE('',#2052,#2044,#2054,.T.);
#2052 = VERTEX_POINT('',#2053);
#2053 = CARTESIAN_POINT('',(1.15,-0.55,0.86));
#2054 = LINE('',#2055,#2056);
#2055 = CARTESIAN_POINT('',(1.15,-0.55,0.86));
#2056 = VECTOR('',#2057,1.);
#2057 = DIRECTION('',(0.,1.,0.));
#2058 = ORIENTED_EDGE('',*,*,#2059,.F.);
#2059 = EDGE_CURVE('',#1974,#2052,#2060,.T.);
#2060 = LINE('',#2061,#2062);
#2061 = CARTESIAN_POINT('',(1.15,-0.55,4.E-02));
#2062 = VECTOR('',#2063,1.);
#2063 = DIRECTION('',(0.,0.,1.));
#2064 = ORIENTED_EDGE('',*,*,#1981,.F.);
#2065 = PLANE('',#2066);
#2066 = AXIS2_PLACEMENT_3D('',#2067,#2068,#2069);
#2067 = CARTESIAN_POINT('',(1.15,-0.55,4.E-02));
#2068 = DIRECTION('',(1.,0.,0.));
#2069 = DIRECTION('',(0.,0.,1.));
#2070 = ADVANCED_FACE('',(#2071),#2096,.T.);
#2071 = FACE_BOUND('',#2072,.T.);
#2072 = EDGE_LOOP('',(#2073,#2083,#2089,#2090));
#2073 = ORIENTED_EDGE('',*,*,#2074,.F.);
#2074 = EDGE_CURVE('',#2075,#2077,#2079,.T.);
#2075 = VERTEX_POINT('',#2076);
#2076 = CARTESIAN_POINT('',(1.35,-0.55,0.65));
#2077 = VERTEX_POINT('',#2078);
#2078 = CARTESIAN_POINT('',(1.35,-0.55,0.86));
#2079 = LINE('',#2080,#2081);
#2080 = CARTESIAN_POINT('',(1.35,-0.55,4.E-02));
#2081 = VECTOR('',#2082,1.);
#2082 = DIRECTION('',(0.,0.,1.));
#2083 = ORIENTED_EDGE('',*,*,#2084,.F.);
#2084 = EDGE_CURVE('',#1974,#2075,#2085,.T.);
#2085 = LINE('',#2086,#2087);
#2086 = CARTESIAN_POINT('',(-3.265,-0.55,0.65));
#2087 = VECTOR('',#2088,1.);
#2088 = DIRECTION('',(1.,0.,0.));
#2089 = ORIENTED_EDGE('',*,*,#2059,.T.);
#2090 = ORIENTED_EDGE('',*,*,#2091,.T.);
#2091 = EDGE_CURVE('',#2052,#2077,#2092,.T.);
#2092 = LINE('',#2093,#2094);
#2093 = CARTESIAN_POINT('',(1.15,-0.55,0.86));
#2094 = VECTOR('',#2095,1.);
#2095 = DIRECTION('',(1.,0.,0.));
#2096 = PLANE('',#2097);
#2097 = AXIS2_PLACEMENT_3D('',#2098,#2099,#2100);
#2098 = CARTESIAN_POINT('',(1.15,-0.55,4.E-02));
#2099 = DIRECTION('',(0.,1.,0.));
#2100 = DIRECTION('',(0.,0.,1.));
#2101 = ADVANCED_FACE('',(#2102),#2175,.F.);
#2102 = FACE_BOUND('',#2103,.F.);
#2103 = EDGE_LOOP('',(#2104,#2114,#2122,#2130,#2138,#2146,#2154,#2162,
    #2168,#2169));
#2104 = ORIENTED_EDGE('',*,*,#2105,.F.);
#2105 = EDGE_CURVE('',#2106,#2108,#2110,.T.);
#2106 = VERTEX_POINT('',#2107);
#2107 = CARTESIAN_POINT('',(1.35,-0.55,4.E-02));
#2108 = VERTEX_POINT('',#2109);
#2109 = CARTESIAN_POINT('',(1.35,-0.55,0.35));
#2110 = LINE('',#2111,#2112);
#2111 = CARTESIAN_POINT('',(1.35,-0.55,4.E-02));
#2112 = VECTOR('',#2113,1.);
#2113 = DIRECTION('',(0.,0.,1.));
#2114 = ORIENTED_EDGE('',*,*,#2115,.T.);
#2115 = EDGE_CURVE('',#2106,#2116,#2118,.T.);
#2116 = VERTEX_POINT('',#2117);
#2117 = CARTESIAN_POINT('',(1.35,1.,4.E-02));
#2118 = LINE('',#2119,#2120);
#2119 = CARTESIAN_POINT('',(1.35,-0.55,4.E-02));
#2120 = VECTOR('',#2121,1.);
#2121 = DIRECTION('',(0.,1.,0.));
#2122 = ORIENTED_EDGE('',*,*,#2123,.T.);
#2123 = EDGE_CURVE('',#2116,#2124,#2126,.T.);
#2124 = VERTEX_POINT('',#2125);
#2125 = CARTESIAN_POINT('',(1.35,1.,0.46));
#2126 = LINE('',#2127,#2128);
#2127 = CARTESIAN_POINT('',(1.35,1.,4.E-02));
#2128 = VECTOR('',#2129,1.);
#2129 = DIRECTION('',(-0.,0.,1.));
#2130 = ORIENTED_EDGE('',*,*,#2131,.F.);
#2131 = EDGE_CURVE('',#2132,#2124,#2134,.T.);
#2132 = VERTEX_POINT('',#2133);
#2133 = CARTESIAN_POINT('',(1.35,-5.E-02,0.46));
#2134 = LINE('',#2135,#2136);
#2135 = CARTESIAN_POINT('',(1.35,-0.3,0.46));
#2136 = VECTOR('',#2137,1.);
#2137 = DIRECTION('',(0.,1.,0.));
#2138 = ORIENTED_EDGE('',*,*,#2139,.F.);
#2139 = EDGE_CURVE('',#2140,#2132,#2142,.T.);
#2140 = VERTEX_POINT('',#2141);
#2141 = CARTESIAN_POINT('',(1.35,-5.E-02,1.));
#2142 = LINE('',#2143,#2144);
#2143 = CARTESIAN_POINT('',(1.35,-5.E-02,1.));
#2144 = VECTOR('',#2145,1.);
#2145 = DIRECTION('',(8.223874256483E-16,-5.139921410302E-17,-1.));
#2146 = ORIENTED_EDGE('',*,*,#2147,.F.);
#2147 = EDGE_CURVE('',#2148,#2140,#2150,.T.);
#2148 = VERTEX_POINT('',#2149);
#2149 = CARTESIAN_POINT('',(1.35,-0.35,1.));
#2150 = LINE('',#2151,#2152);
#2151 = CARTESIAN_POINT('',(1.35,-0.4,1.));
#2152 = VECTOR('',#2153,1.);
#2153 = DIRECTION('',(0.,1.,0.));
#2154 = ORIENTED_EDGE('',*,*,#2155,.F.);
#2155 = EDGE_CURVE('',#2156,#2148,#2158,.T.);
#2156 = VERTEX_POINT('',#2157);
#2157 = CARTESIAN_POINT('',(1.35,-0.35,0.86));
#2158 = LINE('',#2159,#2160);
#2159 = CARTESIAN_POINT('',(1.35,-0.35,0.85));
#2160 = VECTOR('',#2161,1.);
#2161 = DIRECTION('',(0.,0.,1.));
#2162 = ORIENTED_EDGE('',*,*,#2163,.F.);
#2163 = EDGE_CURVE('',#2077,#2156,#2164,.T.);
#2164 = LINE('',#2165,#2166);
#2165 = CARTESIAN_POINT('',(1.35,-0.55,0.86));
#2166 = VECTOR('',#2167,1.);
#2167 = DIRECTION('',(0.,1.,0.));
#2168 = ORIENTED_EDGE('',*,*,#2074,.F.);
#2169 = ORIENTED_EDGE('',*,*,#2170,.F.);
#2170 = EDGE_CURVE('',#2108,#2075,#2171,.T.);
#2171 = LINE('',#2172,#2173);
#2172 = CARTESIAN_POINT('',(1.35,-0.55,4.E-02));
#2173 = VECTOR('',#2174,1.);
#2174 = DIRECTION('',(0.,0.,1.));
#2175 = PLANE('',#2176);
#2176 = AXIS2_PLACEMENT_3D('',#2177,#2178,#2179);
#2177 = CARTESIAN_POINT('',(1.35,-0.55,4.E-02));
#2178 = DIRECTION('',(1.,0.,0.));
#2179 = DIRECTION('',(0.,0.,1.));
#2180 = ADVANCED_FACE('',(#2181),#2206,.F.);
#2181 = FACE_BOUND('',#2182,.F.);
#2182 = EDGE_LOOP('',(#2183,#2191,#2192,#2200));
#2183 = ORIENTED_EDGE('',*,*,#2184,.F.);
#2184 = EDGE_CURVE('',#2108,#2185,#2187,.T.);
#2185 = VERTEX_POINT('',#2186);
#2186 = CARTESIAN_POINT('',(1.65,-0.55,0.35));
#2187 = LINE('',#2188,#2189);
#2188 = CARTESIAN_POINT('',(-3.265,-0.55,0.35));
#2189 = VECTOR('',#2190,1.);
#2190 = DIRECTION('',(1.,0.,0.));
#2191 = ORIENTED_EDGE('',*,*,#2170,.T.);
#2192 = ORIENTED_EDGE('',*,*,#2193,.T.);
#2193 = EDGE_CURVE('',#2075,#2194,#2196,.T.);
#2194 = VERTEX_POINT('',#2195);
#2195 = CARTESIAN_POINT('',(1.65,-0.55,0.65));
#2196 = LINE('',#2197,#2198);
#2197 = CARTESIAN_POINT('',(-3.265,-0.55,0.65));
#2198 = VECTOR('',#2199,1.);
#2199 = DIRECTION('',(1.,0.,0.));
#2200 = ORIENTED_EDGE('',*,*,#2201,.F.);
#2201 = EDGE_CURVE('',#2185,#2194,#2202,.T.);
#2202 = LINE('',#2203,#2204);
#2203 = CARTESIAN_POINT('',(1.65,-0.55,4.E-02));
#2204 = VECTOR('',#2205,1.);
#2205 = DIRECTION('',(0.,0.,1.));
#2206 = PLANE('',#2207);
#2207 = AXIS2_PLACEMENT_3D('',#2208,#2209,#2210);
#2208 = CARTESIAN_POINT('',(-3.265,-0.55,0.35));
#2209 = DIRECTION('',(0.,1.,0.));
#2210 = DIRECTION('',(0.,0.,1.));
#2211 = ADVANCED_FACE('',(#2212),#2285,.T.);
#2212 = FACE_BOUND('',#2213,.T.);
#2213 = EDGE_LOOP('',(#2214,#2222,#2230,#2238,#2246,#2254,#2262,#2270,
    #2278,#2284));
#2214 = ORIENTED_EDGE('',*,*,#2215,.F.);
#2215 = EDGE_CURVE('',#2216,#2185,#2218,.T.);
#2216 = VERTEX_POINT('',#2217);
#2217 = CARTESIAN_POINT('',(1.65,-0.55,4.E-02));
#2218 = LINE('',#2219,#2220);
#2219 = CARTESIAN_POINT('',(1.65,-0.55,4.E-02));
#2220 = VECTOR('',#2221,1.);
#2221 = DIRECTION('',(0.,0.,1.));
#2222 = ORIENTED_EDGE('',*,*,#2223,.T.);
#2223 = EDGE_CURVE('',#2216,#2224,#2226,.T.);
#2224 = VERTEX_POINT('',#2225);
#2225 = CARTESIAN_POINT('',(1.65,1.,4.E-02));
#2226 = LINE('',#2227,#2228);
#2227 = CARTESIAN_POINT('',(1.65,-0.55,4.E-02));
#2228 = VECTOR('',#2229,1.);
#2229 = DIRECTION('',(0.,1.,0.));
#2230 = ORIENTED_EDGE('',*,*,#2231,.T.);
#2231 = EDGE_CURVE('',#2224,#2232,#2234,.T.);
#2232 = VERTEX_POINT('',#2233);
#2233 = CARTESIAN_POINT('',(1.65,1.,0.46));
#2234 = LINE('',#2235,#2236);
#2235 = CARTESIAN_POINT('',(1.65,1.,4.E-02));
#2236 = VECTOR('',#2237,1.);
#2237 = DIRECTION('',(-0.,0.,1.));
#2238 = ORIENTED_EDGE('',*,*,#2239,.F.);
#2239 = EDGE_CURVE('',#2240,#2232,#2242,.T.);
#2240 = VERTEX_POINT('',#2241);
#2241 = CARTESIAN_POINT('',(1.65,-5.E-02,0.46));
#2242 = LINE('',#2243,#2244);
#2243 = CARTESIAN_POINT('',(1.65,-0.3,0.46));
#2244 = VECTOR('',#2245,1.);
#2245 = DIRECTION('',(0.,1.,0.));
#2246 = ORIENTED_EDGE('',*,*,#2247,.T.);
#2247 = EDGE_CURVE('',#2240,#2248,#2250,.T.);
#2248 = VERTEX_POINT('',#2249);
#2249 = CARTESIAN_POINT('',(1.65,-5.E-02,1.));
#2250 = LINE('',#2251,#2252);
#2251 = CARTESIAN_POINT('',(1.65,-5.E-02,0.46));
#2252 = VECTOR('',#2253,1.);
#2253 = DIRECTION('',(8.223874256483E-16,5.139921410302E-17,1.));
#2254 = ORIENTED_EDGE('',*,*,#2255,.F.);
#2255 = EDGE_CURVE('',#2256,#2248,#2258,.T.);
#2256 = VERTEX_POINT('',#2257);
#2257 = CARTESIAN_POINT('',(1.65,-0.35,1.));
#2258 = LINE('',#2259,#2260);
#2259 = CARTESIAN_POINT('',(1.65,-0.4,1.));
#2260 = VECTOR('',#2261,1.);
#2261 = DIRECTION('',(0.,1.,0.));
#2262 = ORIENTED_EDGE('',*,*,#2263,.F.);
#2263 = EDGE_CURVE('',#2264,#2256,#2266,.T.);
#2264 = VERTEX_POINT('',#2265);
#2265 = CARTESIAN_POINT('',(1.65,-0.35,0.86));
#2266 = LINE('',#2267,#2268);
#2267 = CARTESIAN_POINT('',(1.65,-0.35,0.85));
#2268 = VECTOR('',#2269,1.);
#2269 = DIRECTION('',(0.,0.,1.));
#2270 = ORIENTED_EDGE('',*,*,#2271,.F.);
#2271 = EDGE_CURVE('',#2272,#2264,#2274,.T.);
#2272 = VERTEX_POINT('',#2273);
#2273 = CARTESIAN_POINT('',(1.65,-0.55,0.86));
#2274 = LINE('',#2275,#2276);
#2275 = CARTESIAN_POINT('',(1.65,-0.55,0.86));
#2276 = VECTOR('',#2277,1.);
#2277 = DIRECTION('',(0.,1.,0.));
#2278 = ORIENTED_EDGE('',*,*,#2279,.F.);
#2279 = EDGE_CURVE('',#2194,#2272,#2280,.T.);
#2280 = LINE('',#2281,#2282);
#2281 = CARTESIAN_POINT('',(1.65,-0.55,4.E-02));
#2282 = VECTOR('',#2283,1.);
#2283 = DIRECTION('',(0.,0.,1.));
#2284 = ORIENTED_EDGE('',*,*,#2201,.F.);
#2285 = PLANE('',#2286);
#2286 = AXIS2_PLACEMENT_3D('',#2287,#2288,#2289);
#2287 = CARTESIAN_POINT('',(1.65,-0.55,4.E-02));
#2288 = DIRECTION('',(1.,0.,0.));
#2289 = DIRECTION('',(0.,0.,1.));
#2290 = ADVANCED_FACE('',(#2291),#2316,.T.);
#2291 = FACE_BOUND('',#2292,.T.);
#2292 = EDGE_LOOP('',(#2293,#2303,#2309,#2310));
#2293 = ORIENTED_EDGE('',*,*,#2294,.F.);
#2294 = EDGE_CURVE('',#2295,#2297,#2299,.T.);
#2295 = VERTEX_POINT('',#2296);
#2296 = CARTESIAN_POINT('',(1.85,-0.55,0.65));
#2297 = VERTEX_POINT('',#2298);
#2298 = CARTESIAN_POINT('',(1.85,-0.55,0.86));
#2299 = LINE('',#2300,#2301);
#2300 = CARTESIAN_POINT('',(1.85,-0.55,4.E-02));
#2301 = VECTOR('',#2302,1.);
#2302 = DIRECTION('',(0.,0.,1.));
#2303 = ORIENTED_EDGE('',*,*,#2304,.F.);
#2304 = EDGE_CURVE('',#2194,#2295,#2305,.T.);
#2305 = LINE('',#2306,#2307);
#2306 = CARTESIAN_POINT('',(-3.265,-0.55,0.65));
#2307 = VECTOR('',#2308,1.);
#2308 = DIRECTION('',(1.,0.,0.));
#2309 = ORIENTED_EDGE('',*,*,#2279,.T.);
#2310 = ORIENTED_EDGE('',*,*,#2311,.T.);
#2311 = EDGE_CURVE('',#2272,#2297,#2312,.T.);
#2312 = LINE('',#2313,#2314);
#2313 = CARTESIAN_POINT('',(1.65,-0.55,0.86));
#2314 = VECTOR('',#2315,1.);
#2315 = DIRECTION('',(1.,0.,0.));
#2316 = PLANE('',#2317);
#2317 = AXIS2_PLACEMENT_3D('',#2318,#2319,#2320);
#2318 = CARTESIAN_POINT('',(1.65,-0.55,4.E-02));
#2319 = DIRECTION('',(0.,1.,0.));
#2320 = DIRECTION('',(0.,0.,1.));
#2321 = ADVANCED_FACE('',(#2322),#2395,.F.);
#2322 = FACE_BOUND('',#2323,.F.);
#2323 = EDGE_LOOP('',(#2324,#2334,#2342,#2350,#2358,#2366,#2374,#2382,
    #2388,#2389));
#2324 = ORIENTED_EDGE('',*,*,#2325,.F.);
#2325 = EDGE_CURVE('',#2326,#2328,#2330,.T.);
#2326 = VERTEX_POINT('',#2327);
#2327 = CARTESIAN_POINT('',(1.85,-0.55,4.E-02));
#2328 = VERTEX_POINT('',#2329);
#2329 = CARTESIAN_POINT('',(1.85,-0.55,0.35));
#2330 = LINE('',#2331,#2332);
#2331 = CARTESIAN_POINT('',(1.85,-0.55,4.E-02));
#2332 = VECTOR('',#2333,1.);
#2333 = DIRECTION('',(0.,0.,1.));
#2334 = ORIENTED_EDGE('',*,*,#2335,.T.);
#2335 = EDGE_CURVE('',#2326,#2336,#2338,.T.);
#2336 = VERTEX_POINT('',#2337);
#2337 = CARTESIAN_POINT('',(1.85,1.,4.E-02));
#2338 = LINE('',#2339,#2340);
#2339 = CARTESIAN_POINT('',(1.85,-0.55,4.E-02));
#2340 = VECTOR('',#2341,1.);
#2341 = DIRECTION('',(0.,1.,0.));
#2342 = ORIENTED_EDGE('',*,*,#2343,.T.);
#2343 = EDGE_CURVE('',#2336,#2344,#2346,.T.);
#2344 = VERTEX_POINT('',#2345);
#2345 = CARTESIAN_POINT('',(1.85,1.,0.46));
#2346 = LINE('',#2347,#2348);
#2347 = CARTESIAN_POINT('',(1.85,1.,4.E-02));
#2348 = VECTOR('',#2349,1.);
#2349 = DIRECTION('',(-0.,0.,1.));
#2350 = ORIENTED_EDGE('',*,*,#2351,.F.);
#2351 = EDGE_CURVE('',#2352,#2344,#2354,.T.);
#2352 = VERTEX_POINT('',#2353);
#2353 = CARTESIAN_POINT('',(1.85,-5.E-02,0.46));
#2354 = LINE('',#2355,#2356);
#2355 = CARTESIAN_POINT('',(1.85,-0.3,0.46));
#2356 = VECTOR('',#2357,1.);
#2357 = DIRECTION('',(0.,1.,0.));
#2358 = ORIENTED_EDGE('',*,*,#2359,.F.);
#2359 = EDGE_CURVE('',#2360,#2352,#2362,.T.);
#2360 = VERTEX_POINT('',#2361);
#2361 = CARTESIAN_POINT('',(1.85,-5.E-02,1.));
#2362 = LINE('',#2363,#2364);
#2363 = CARTESIAN_POINT('',(1.85,-5.E-02,1.));
#2364 = VECTOR('',#2365,1.);
#2365 = DIRECTION('',(8.223874256483E-16,-5.139921410302E-17,-1.));
#2366 = ORIENTED_EDGE('',*,*,#2367,.F.);
#2367 = EDGE_CURVE('',#2368,#2360,#2370,.T.);
#2368 = VERTEX_POINT('',#2369);
#2369 = CARTESIAN_POINT('',(1.85,-0.35,1.));
#2370 = LINE('',#2371,#2372);
#2371 = CARTESIAN_POINT('',(1.85,-0.4,1.));
#2372 = VECTOR('',#2373,1.);
#2373 = DIRECTION('',(0.,1.,0.));
#2374 = ORIENTED_EDGE('',*,*,#2375,.F.);
#2375 = EDGE_CURVE('',#2376,#2368,#2378,.T.);
#2376 = VERTEX_POINT('',#2377);
#2377 = CARTESIAN_POINT('',(1.85,-0.35,0.86));
#2378 = LINE('',#2379,#2380);
#2379 = CARTESIAN_POINT('',(1.85,-0.35,0.85));
#2380 = VECTOR('',#2381,1.);
#2381 = DIRECTION('',(0.,0.,1.));
#2382 = ORIENTED_EDGE('',*,*,#2383,.F.);
#2383 = EDGE_CURVE('',#2297,#2376,#2384,.T.);
#2384 = LINE('',#2385,#2386);
#2385 = CARTESIAN_POINT('',(1.85,-0.55,0.86));
#2386 = VECTOR('',#2387,1.);
#2387 = DIRECTION('',(0.,1.,0.));
#2388 = ORIENTED_EDGE('',*,*,#2294,.F.);
#2389 = ORIENTED_EDGE('',*,*,#2390,.F.);
#2390 = EDGE_CURVE('',#2328,#2295,#2391,.T.);
#2391 = LINE('',#2392,#2393);
#2392 = CARTESIAN_POINT('',(1.85,-0.55,4.E-02));
#2393 = VECTOR('',#2394,1.);
#2394 = DIRECTION('',(0.,0.,1.));
#2395 = PLANE('',#2396);
#2396 = AXIS2_PLACEMENT_3D('',#2397,#2398,#2399);
#2397 = CARTESIAN_POINT('',(1.85,-0.55,4.E-02));
#2398 = DIRECTION('',(1.,0.,0.));
#2399 = DIRECTION('',(0.,0.,1.));
#2400 = ADVANCED_FACE('',(#2401),#2426,.F.);
#2401 = FACE_BOUND('',#2402,.F.);
#2402 = EDGE_LOOP('',(#2403,#2411,#2412,#2420));
#2403 = ORIENTED_EDGE('',*,*,#2404,.F.);
#2404 = EDGE_CURVE('',#2328,#2405,#2407,.T.);
#2405 = VERTEX_POINT('',#2406);
#2406 = CARTESIAN_POINT('',(2.15,-0.55,0.35));
#2407 = LINE('',#2408,#2409);
#2408 = CARTESIAN_POINT('',(-3.265,-0.55,0.35));
#2409 = VECTOR('',#2410,1.);
#2410 = DIRECTION('',(1.,0.,0.));
#2411 = ORIENTED_EDGE('',*,*,#2390,.T.);
#2412 = ORIENTED_EDGE('',*,*,#2413,.T.);
#2413 = EDGE_CURVE('',#2295,#2414,#2416,.T.);
#2414 = VERTEX_POINT('',#2415);
#2415 = CARTESIAN_POINT('',(2.15,-0.55,0.65));
#2416 = LINE('',#2417,#2418);
#2417 = CARTESIAN_POINT('',(-3.265,-0.55,0.65));
#2418 = VECTOR('',#2419,1.);
#2419 = DIRECTION('',(1.,0.,0.));
#2420 = ORIENTED_EDGE('',*,*,#2421,.F.);
#2421 = EDGE_CURVE('',#2405,#2414,#2422,.T.);
#2422 = LINE('',#2423,#2424);
#2423 = CARTESIAN_POINT('',(2.15,-0.55,4.E-02));
#2424 = VECTOR('',#2425,1.);
#2425 = DIRECTION('',(0.,0.,1.));
#2426 = PLANE('',#2427);
#2427 = AXIS2_PLACEMENT_3D('',#2428,#2429,#2430);
#2428 = CARTESIAN_POINT('',(-3.265,-0.55,0.35));
#2429 = DIRECTION('',(0.,1.,0.));
#2430 = DIRECTION('',(0.,0.,1.));
#2431 = ADVANCED_FACE('',(#2432),#2505,.T.);
#2432 = FACE_BOUND('',#2433,.T.);
#2433 = EDGE_LOOP('',(#2434,#2442,#2450,#2458,#2466,#2474,#2482,#2490,
    #2498,#2504));
#2434 = ORIENTED_EDGE('',*,*,#2435,.F.);
#2435 = EDGE_CURVE('',#2436,#2405,#2438,.T.);
#2436 = VERTEX_POINT('',#2437);
#2437 = CARTESIAN_POINT('',(2.15,-0.55,4.E-02));
#2438 = LINE('',#2439,#2440);
#2439 = CARTESIAN_POINT('',(2.15,-0.55,4.E-02));
#2440 = VECTOR('',#2441,1.);
#2441 = DIRECTION('',(0.,0.,1.));
#2442 = ORIENTED_EDGE('',*,*,#2443,.T.);
#2443 = EDGE_CURVE('',#2436,#2444,#2446,.T.);
#2444 = VERTEX_POINT('',#2445);
#2445 = CARTESIAN_POINT('',(2.15,1.,4.E-02));
#2446 = LINE('',#2447,#2448);
#2447 = CARTESIAN_POINT('',(2.15,-0.55,4.E-02));
#2448 = VECTOR('',#2449,1.);
#2449 = DIRECTION('',(0.,1.,0.));
#2450 = ORIENTED_EDGE('',*,*,#2451,.T.);
#2451 = EDGE_CURVE('',#2444,#2452,#2454,.T.);
#2452 = VERTEX_POINT('',#2453);
#2453 = CARTESIAN_POINT('',(2.15,1.,0.46));
#2454 = LINE('',#2455,#2456);
#2455 = CARTESIAN_POINT('',(2.15,1.,4.E-02));
#2456 = VECTOR('',#2457,1.);
#2457 = DIRECTION('',(-0.,0.,1.));
#2458 = ORIENTED_EDGE('',*,*,#2459,.F.);
#2459 = EDGE_CURVE('',#2460,#2452,#2462,.T.);
#2460 = VERTEX_POINT('',#2461);
#2461 = CARTESIAN_POINT('',(2.15,-5.E-02,0.46));
#2462 = LINE('',#2463,#2464);
#2463 = CARTESIAN_POINT('',(2.15,-0.3,0.46));
#2464 = VECTOR('',#2465,1.);
#2465 = DIRECTION('',(0.,1.,0.));
#2466 = ORIENTED_EDGE('',*,*,#2467,.T.);
#2467 = EDGE_CURVE('',#2460,#2468,#2470,.T.);
#2468 = VERTEX_POINT('',#2469);
#2469 = CARTESIAN_POINT('',(2.15,-5.E-02,1.));
#2470 = LINE('',#2471,#2472);
#2471 = CARTESIAN_POINT('',(2.15,-5.E-02,0.46));
#2472 = VECTOR('',#2473,1.);
#2473 = DIRECTION('',(8.223874256483E-16,5.139921410302E-17,1.));
#2474 = ORIENTED_EDGE('',*,*,#2475,.F.);
#2475 = EDGE_CURVE('',#2476,#2468,#2478,.T.);
#2476 = VERTEX_POINT('',#2477);
#2477 = CARTESIAN_POINT('',(2.15,-0.35,1.));
#2478 = LINE('',#2479,#2480);
#2479 = CARTESIAN_POINT('',(2.15,-0.4,1.));
#2480 = VECTOR('',#2481,1.);
#2481 = DIRECTION('',(0.,1.,0.));
#2482 = ORIENTED_EDGE('',*,*,#2483,.F.);
#2483 = EDGE_CURVE('',#2484,#2476,#2486,.T.);
#2484 = VERTEX_POINT('',#2485);
#2485 = CARTESIAN_POINT('',(2.15,-0.35,0.86));
#2486 = LINE('',#2487,#2488);
#2487 = CARTESIAN_POINT('',(2.15,-0.35,0.85));
#2488 = VECTOR('',#2489,1.);
#2489 = DIRECTION('',(0.,0.,1.));
#2490 = ORIENTED_EDGE('',*,*,#2491,.F.);
#2491 = EDGE_CURVE('',#2492,#2484,#2494,.T.);
#2492 = VERTEX_POINT('',#2493);
#2493 = CARTESIAN_POINT('',(2.15,-0.55,0.86));
#2494 = LINE('',#2495,#2496);
#2495 = CARTESIAN_POINT('',(2.15,-0.55,0.86));
#2496 = VECTOR('',#2497,1.);
#2497 = DIRECTION('',(0.,1.,0.));
#2498 = ORIENTED_EDGE('',*,*,#2499,.F.);
#2499 = EDGE_CURVE('',#2414,#2492,#2500,.T.);
#2500 = LINE('',#2501,#2502);
#2501 = CARTESIAN_POINT('',(2.15,-0.55,4.E-02));
#2502 = VECTOR('',#2503,1.);
#2503 = DIRECTION('',(0.,0.,1.));
#2504 = ORIENTED_EDGE('',*,*,#2421,.F.);
#2505 = PLANE('',#2506);
#2506 = AXIS2_PLACEMENT_3D('',#2507,#2508,#2509);
#2507 = CARTESIAN_POINT('',(2.15,-0.55,4.E-02));
#2508 = DIRECTION('',(1.,0.,0.));
#2509 = DIRECTION('',(0.,0.,1.));
#2510 = ADVANCED_FACE('',(#2511),#2536,.T.);
#2511 = FACE_BOUND('',#2512,.T.);
#2512 = EDGE_LOOP('',(#2513,#2523,#2529,#2530));
#2513 = ORIENTED_EDGE('',*,*,#2514,.F.);
#2514 = EDGE_CURVE('',#2515,#2517,#2519,.T.);
#2515 = VERTEX_POINT('',#2516);
#2516 = CARTESIAN_POINT('',(2.35,-0.55,0.65));
#2517 = VERTEX_POINT('',#2518);
#2518 = CARTESIAN_POINT('',(2.35,-0.55,0.86));
#2519 = LINE('',#2520,#2521);
#2520 = CARTESIAN_POINT('',(2.35,-0.55,4.E-02));
#2521 = VECTOR('',#2522,1.);
#2522 = DIRECTION('',(0.,0.,1.));
#2523 = ORIENTED_EDGE('',*,*,#2524,.F.);
#2524 = EDGE_CURVE('',#2414,#2515,#2525,.T.);
#2525 = LINE('',#2526,#2527);
#2526 = CARTESIAN_POINT('',(-3.265,-0.55,0.65));
#2527 = VECTOR('',#2528,1.);
#2528 = DIRECTION('',(1.,0.,0.));
#2529 = ORIENTED_EDGE('',*,*,#2499,.T.);
#2530 = ORIENTED_EDGE('',*,*,#2531,.T.);
#2531 = EDGE_CURVE('',#2492,#2517,#2532,.T.);
#2532 = LINE('',#2533,#2534);
#2533 = CARTESIAN_POINT('',(2.15,-0.55,0.86));
#2534 = VECTOR('',#2535,1.);
#2535 = DIRECTION('',(1.,0.,0.));
#2536 = PLANE('',#2537);
#2537 = AXIS2_PLACEMENT_3D('',#2538,#2539,#2540);
#2538 = CARTESIAN_POINT('',(2.15,-0.55,4.E-02));
#2539 = DIRECTION('',(0.,1.,0.));
#2540 = DIRECTION('',(0.,0.,1.));
#2541 = ADVANCED_FACE('',(#2542),#2615,.F.);
#2542 = FACE_BOUND('',#2543,.F.);
#2543 = EDGE_LOOP('',(#2544,#2554,#2562,#2570,#2578,#2586,#2594,#2602,
    #2608,#2609));
#2544 = ORIENTED_EDGE('',*,*,#2545,.F.);
#2545 = EDGE_CURVE('',#2546,#2548,#2550,.T.);
#2546 = VERTEX_POINT('',#2547);
#2547 = CARTESIAN_POINT('',(2.35,-0.55,4.E-02));
#2548 = VERTEX_POINT('',#2549);
#2549 = CARTESIAN_POINT('',(2.35,-0.55,0.35));
#2550 = LINE('',#2551,#2552);
#2551 = CARTESIAN_POINT('',(2.35,-0.55,4.E-02));
#2552 = VECTOR('',#2553,1.);
#2553 = DIRECTION('',(0.,0.,1.));
#2554 = ORIENTED_EDGE('',*,*,#2555,.T.);
#2555 = EDGE_CURVE('',#2546,#2556,#2558,.T.);
#2556 = VERTEX_POINT('',#2557);
#2557 = CARTESIAN_POINT('',(2.35,1.,4.E-02));
#2558 = LINE('',#2559,#2560);
#2559 = CARTESIAN_POINT('',(2.35,-0.55,4.E-02));
#2560 = VECTOR('',#2561,1.);
#2561 = DIRECTION('',(0.,1.,0.));
#2562 = ORIENTED_EDGE('',*,*,#2563,.T.);
#2563 = EDGE_CURVE('',#2556,#2564,#2566,.T.);
#2564 = VERTEX_POINT('',#2565);
#2565 = CARTESIAN_POINT('',(2.35,1.,0.46));
#2566 = LINE('',#2567,#2568);
#2567 = CARTESIAN_POINT('',(2.35,1.,4.E-02));
#2568 = VECTOR('',#2569,1.);
#2569 = DIRECTION('',(-0.,0.,1.));
#2570 = ORIENTED_EDGE('',*,*,#2571,.F.);
#2571 = EDGE_CURVE('',#2572,#2564,#2574,.T.);
#2572 = VERTEX_POINT('',#2573);
#2573 = CARTESIAN_POINT('',(2.35,-5.E-02,0.46));
#2574 = LINE('',#2575,#2576);
#2575 = CARTESIAN_POINT('',(2.35,-0.3,0.46));
#2576 = VECTOR('',#2577,1.);
#2577 = DIRECTION('',(0.,1.,0.));
#2578 = ORIENTED_EDGE('',*,*,#2579,.F.);
#2579 = EDGE_CURVE('',#2580,#2572,#2582,.T.);
#2580 = VERTEX_POINT('',#2581);
#2581 = CARTESIAN_POINT('',(2.35,-5.E-02,1.));
#2582 = LINE('',#2583,#2584);
#2583 = CARTESIAN_POINT('',(2.35,-5.E-02,1.));
#2584 = VECTOR('',#2585,1.);
#2585 = DIRECTION('',(8.223874256483E-16,-5.139921410302E-17,-1.));
#2586 = ORIENTED_EDGE('',*,*,#2587,.F.);
#2587 = EDGE_CURVE('',#2588,#2580,#2590,.T.);
#2588 = VERTEX_POINT('',#2589);
#2589 = CARTESIAN_POINT('',(2.35,-0.35,1.));
#2590 = LINE('',#2591,#2592);
#2591 = CARTESIAN_POINT('',(2.35,-0.4,1.));
#2592 = VECTOR('',#2593,1.);
#2593 = DIRECTION('',(0.,1.,0.));
#2594 = ORIENTED_EDGE('',*,*,#2595,.F.);
#2595 = EDGE_CURVE('',#2596,#2588,#2598,.T.);
#2596 = VERTEX_POINT('',#2597);
#2597 = CARTESIAN_POINT('',(2.35,-0.35,0.86));
#2598 = LINE('',#2599,#2600);
#2599 = CARTESIAN_POINT('',(2.35,-0.35,0.85));
#2600 = VECTOR('',#2601,1.);
#2601 = DIRECTION('',(0.,0.,1.));
#2602 = ORIENTED_EDGE('',*,*,#2603,.F.);
#2603 = EDGE_CURVE('',#2517,#2596,#2604,.T.);
#2604 = LINE('',#2605,#2606);
#2605 = CARTESIAN_POINT('',(2.35,-0.55,0.86));
#2606 = VECTOR('',#2607,1.);
#2607 = DIRECTION('',(0.,1.,0.));
#2608 = ORIENTED_EDGE('',*,*,#2514,.F.);
#2609 = ORIENTED_EDGE('',*,*,#2610,.F.);
#2610 = EDGE_CURVE('',#2548,#2515,#2611,.T.);
#2611 = LINE('',#2612,#2613);
#2612 = CARTESIAN_POINT('',(2.35,-0.55,4.E-02));
#2613 = VECTOR('',#2614,1.);
#2614 = DIRECTION('',(0.,0.,1.));
#2615 = PLANE('',#2616);
#2616 = AXIS2_PLACEMENT_3D('',#2617,#2618,#2619);
#2617 = CARTESIAN_POINT('',(2.35,-0.55,4.E-02));
#2618 = DIRECTION('',(1.,0.,0.));
#2619 = DIRECTION('',(0.,0.,1.));
#2620 = ADVANCED_FACE('',(#2621),#2646,.F.);
#2621 = FACE_BOUND('',#2622,.F.);
#2622 = EDGE_LOOP('',(#2623,#2631,#2632,#2640));
#2623 = ORIENTED_EDGE('',*,*,#2624,.F.);
#2624 = EDGE_CURVE('',#2548,#2625,#2627,.T.);
#2625 = VERTEX_POINT('',#2626);
#2626 = CARTESIAN_POINT('',(2.65,-0.55,0.35));
#2627 = LINE('',#2628,#2629);
#2628 = CARTESIAN_POINT('',(-3.265,-0.55,0.35));
#2629 = VECTOR('',#2630,1.);
#2630 = DIRECTION('',(1.,0.,0.));
#2631 = ORIENTED_EDGE('',*,*,#2610,.T.);
#2632 = ORIENTED_EDGE('',*,*,#2633,.T.);
#2633 = EDGE_CURVE('',#2515,#2634,#2636,.T.);
#2634 = VERTEX_POINT('',#2635);
#2635 = CARTESIAN_POINT('',(2.65,-0.55,0.65));
#2636 = LINE('',#2637,#2638);
#2637 = CARTESIAN_POINT('',(-3.265,-0.55,0.65));
#2638 = VECTOR('',#2639,1.);
#2639 = DIRECTION('',(1.,0.,0.));
#2640 = ORIENTED_EDGE('',*,*,#2641,.F.);
#2641 = EDGE_CURVE('',#2625,#2634,#2642,.T.);
#2642 = LINE('',#2643,#2644);
#2643 = CARTESIAN_POINT('',(2.65,-0.55,4.E-02));
#2644 = VECTOR('',#2645,1.);
#2645 = DIRECTION('',(0.,0.,1.));
#2646 = PLANE('',#2647);
#2647 = AXIS2_PLACEMENT_3D('',#2648,#2649,#2650);
#2648 = CARTESIAN_POINT('',(-3.265,-0.55,0.35));
#2649 = DIRECTION('',(0.,1.,0.));
#2650 = DIRECTION('',(0.,0.,1.));
#2651 = ADVANCED_FACE('',(#2652),#2725,.T.);
#2652 = FACE_BOUND('',#2653,.T.);
#2653 = EDGE_LOOP('',(#2654,#2662,#2670,#2678,#2686,#2694,#2702,#2710,
    #2718,#2724));
#2654 = ORIENTED_EDGE('',*,*,#2655,.F.);
#2655 = EDGE_CURVE('',#2656,#2625,#2658,.T.);
#2656 = VERTEX_POINT('',#2657);
#2657 = CARTESIAN_POINT('',(2.65,-0.55,4.E-02));
#2658 = LINE('',#2659,#2660);
#2659 = CARTESIAN_POINT('',(2.65,-0.55,4.E-02));
#2660 = VECTOR('',#2661,1.);
#2661 = DIRECTION('',(0.,0.,1.));
#2662 = ORIENTED_EDGE('',*,*,#2663,.T.);
#2663 = EDGE_CURVE('',#2656,#2664,#2666,.T.);
#2664 = VERTEX_POINT('',#2665);
#2665 = CARTESIAN_POINT('',(2.65,1.,4.E-02));
#2666 = LINE('',#2667,#2668);
#2667 = CARTESIAN_POINT('',(2.65,-0.55,4.E-02));
#2668 = VECTOR('',#2669,1.);
#2669 = DIRECTION('',(0.,1.,0.));
#2670 = ORIENTED_EDGE('',*,*,#2671,.T.);
#2671 = EDGE_CURVE('',#2664,#2672,#2674,.T.);
#2672 = VERTEX_POINT('',#2673);
#2673 = CARTESIAN_POINT('',(2.65,1.,0.46));
#2674 = LINE('',#2675,#2676);
#2675 = CARTESIAN_POINT('',(2.65,1.,4.E-02));
#2676 = VECTOR('',#2677,1.);
#2677 = DIRECTION('',(-0.,0.,1.));
#2678 = ORIENTED_EDGE('',*,*,#2679,.F.);
#2679 = EDGE_CURVE('',#2680,#2672,#2682,.T.);
#2680 = VERTEX_POINT('',#2681);
#2681 = CARTESIAN_POINT('',(2.65,-5.E-02,0.46));
#2682 = LINE('',#2683,#2684);
#2683 = CARTESIAN_POINT('',(2.65,-0.3,0.46));
#2684 = VECTOR('',#2685,1.);
#2685 = DIRECTION('',(0.,1.,0.));
#2686 = ORIENTED_EDGE('',*,*,#2687,.T.);
#2687 = EDGE_CURVE('',#2680,#2688,#2690,.T.);
#2688 = VERTEX_POINT('',#2689);
#2689 = CARTESIAN_POINT('',(2.65,-5.E-02,1.));
#2690 = LINE('',#2691,#2692);
#2691 = CARTESIAN_POINT('',(2.65,-5.E-02,0.46));
#2692 = VECTOR('',#2693,1.);
#2693 = DIRECTION('',(8.223874256483E-16,5.139921410302E-17,1.));
#2694 = ORIENTED_EDGE('',*,*,#2695,.F.);
#2695 = EDGE_CURVE('',#2696,#2688,#2698,.T.);
#2696 = VERTEX_POINT('',#2697);
#2697 = CARTESIAN_POINT('',(2.65,-0.35,1.));
#2698 = LINE('',#2699,#2700);
#2699 = CARTESIAN_POINT('',(2.65,-0.4,1.));
#2700 = VECTOR('',#2701,1.);
#2701 = DIRECTION('',(0.,1.,0.));
#2702 = ORIENTED_EDGE('',*,*,#2703,.F.);
#2703 = EDGE_CURVE('',#2704,#2696,#2706,.T.);
#2704 = VERTEX_POINT('',#2705);
#2705 = CARTESIAN_POINT('',(2.65,-0.35,0.86));
#2706 = LINE('',#2707,#2708);
#2707 = CARTESIAN_POINT('',(2.65,-0.35,0.85));
#2708 = VECTOR('',#2709,1.);
#2709 = DIRECTION('',(0.,0.,1.));
#2710 = ORIENTED_EDGE('',*,*,#2711,.F.);
#2711 = EDGE_CURVE('',#2712,#2704,#2714,.T.);
#2712 = VERTEX_POINT('',#2713);
#2713 = CARTESIAN_POINT('',(2.65,-0.55,0.86));
#2714 = LINE('',#2715,#2716);
#2715 = CARTESIAN_POINT('',(2.65,-0.55,0.86));
#2716 = VECTOR('',#2717,1.);
#2717 = DIRECTION('',(0.,1.,0.));
#2718 = ORIENTED_EDGE('',*,*,#2719,.F.);
#2719 = EDGE_CURVE('',#2634,#2712,#2720,.T.);
#2720 = LINE('',#2721,#2722);
#2721 = CARTESIAN_POINT('',(2.65,-0.55,4.E-02));
#2722 = VECTOR('',#2723,1.);
#2723 = DIRECTION('',(0.,0.,1.));
#2724 = ORIENTED_EDGE('',*,*,#2641,.F.);
#2725 = PLANE('',#2726);
#2726 = AXIS2_PLACEMENT_3D('',#2727,#2728,#2729);
#2727 = CARTESIAN_POINT('',(2.65,-0.55,4.E-02));
#2728 = DIRECTION('',(1.,0.,0.));
#2729 = DIRECTION('',(0.,0.,1.));
#2730 = ADVANCED_FACE('',(#2731),#2756,.T.);
#2731 = FACE_BOUND('',#2732,.T.);
#2732 = EDGE_LOOP('',(#2733,#2743,#2749,#2750));
#2733 = ORIENTED_EDGE('',*,*,#2734,.F.);
#2734 = EDGE_CURVE('',#2735,#2737,#2739,.T.);
#2735 = VERTEX_POINT('',#2736);
#2736 = CARTESIAN_POINT('',(2.85,-0.55,0.65));
#2737 = VERTEX_POINT('',#2738);
#2738 = CARTESIAN_POINT('',(2.85,-0.55,0.86));
#2739 = LINE('',#2740,#2741);
#2740 = CARTESIAN_POINT('',(2.85,-0.55,4.E-02));
#2741 = VECTOR('',#2742,1.);
#2742 = DIRECTION('',(0.,0.,1.));
#2743 = ORIENTED_EDGE('',*,*,#2744,.F.);
#2744 = EDGE_CURVE('',#2634,#2735,#2745,.T.);
#2745 = LINE('',#2746,#2747);
#2746 = CARTESIAN_POINT('',(-3.265,-0.55,0.65));
#2747 = VECTOR('',#2748,1.);
#2748 = DIRECTION('',(1.,0.,0.));
#2749 = ORIENTED_EDGE('',*,*,#2719,.T.);
#2750 = ORIENTED_EDGE('',*,*,#2751,.T.);
#2751 = EDGE_CURVE('',#2712,#2737,#2752,.T.);
#2752 = LINE('',#2753,#2754);
#2753 = CARTESIAN_POINT('',(2.65,-0.55,0.86));
#2754 = VECTOR('',#2755,1.);
#2755 = DIRECTION('',(1.,0.,0.));
#2756 = PLANE('',#2757);
#2757 = AXIS2_PLACEMENT_3D('',#2758,#2759,#2760);
#2758 = CARTESIAN_POINT('',(2.65,-0.55,4.E-02));
#2759 = DIRECTION('',(0.,1.,0.));
#2760 = DIRECTION('',(0.,0.,1.));
#2761 = ADVANCED_FACE('',(#2762),#2835,.F.);
#2762 = FACE_BOUND('',#2763,.F.);
#2763 = EDGE_LOOP('',(#2764,#2774,#2782,#2790,#2798,#2806,#2814,#2822,
    #2828,#2829));
#2764 = ORIENTED_EDGE('',*,*,#2765,.F.);
#2765 = EDGE_CURVE('',#2766,#2768,#2770,.T.);
#2766 = VERTEX_POINT('',#2767);
#2767 = CARTESIAN_POINT('',(2.85,-0.55,4.E-02));
#2768 = VERTEX_POINT('',#2769);
#2769 = CARTESIAN_POINT('',(2.85,-0.55,0.35));
#2770 = LINE('',#2771,#2772);
#2771 = CARTESIAN_POINT('',(2.85,-0.55,4.E-02));
#2772 = VECTOR('',#2773,1.);
#2773 = DIRECTION('',(0.,0.,1.));
#2774 = ORIENTED_EDGE('',*,*,#2775,.T.);
#2775 = EDGE_CURVE('',#2766,#2776,#2778,.T.);
#2776 = VERTEX_POINT('',#2777);
#2777 = CARTESIAN_POINT('',(2.85,1.,4.E-02));
#2778 = LINE('',#2779,#2780);
#2779 = CARTESIAN_POINT('',(2.85,-0.55,4.E-02));
#2780 = VECTOR('',#2781,1.);
#2781 = DIRECTION('',(0.,1.,0.));
#2782 = ORIENTED_EDGE('',*,*,#2783,.T.);
#2783 = EDGE_CURVE('',#2776,#2784,#2786,.T.);
#2784 = VERTEX_POINT('',#2785);
#2785 = CARTESIAN_POINT('',(2.85,1.,0.46));
#2786 = LINE('',#2787,#2788);
#2787 = CARTESIAN_POINT('',(2.85,1.,4.E-02));
#2788 = VECTOR('',#2789,1.);
#2789 = DIRECTION('',(-0.,0.,1.));
#2790 = ORIENTED_EDGE('',*,*,#2791,.F.);
#2791 = EDGE_CURVE('',#2792,#2784,#2794,.T.);
#2792 = VERTEX_POINT('',#2793);
#2793 = CARTESIAN_POINT('',(2.85,-5.E-02,0.46));
#2794 = LINE('',#2795,#2796);
#2795 = CARTESIAN_POINT('',(2.85,-0.3,0.46));
#2796 = VECTOR('',#2797,1.);
#2797 = DIRECTION('',(0.,1.,0.));
#2798 = ORIENTED_EDGE('',*,*,#2799,.F.);
#2799 = EDGE_CURVE('',#2800,#2792,#2802,.T.);
#2800 = VERTEX_POINT('',#2801);
#2801 = CARTESIAN_POINT('',(2.85,-5.E-02,1.));
#2802 = LINE('',#2803,#2804);
#2803 = CARTESIAN_POINT('',(2.85,-5.E-02,1.));
#2804 = VECTOR('',#2805,1.);
#2805 = DIRECTION('',(8.223874256483E-16,-5.139921410302E-17,-1.));
#2806 = ORIENTED_EDGE('',*,*,#2807,.F.);
#2807 = EDGE_CURVE('',#2808,#2800,#2810,.T.);
#2808 = VERTEX_POINT('',#2809);
#2809 = CARTESIAN_POINT('',(2.85,-0.35,1.));
#2810 = LINE('',#2811,#2812);
#2811 = CARTESIAN_POINT('',(2.85,-0.4,1.));
#2812 = VECTOR('',#2813,1.);
#2813 = DIRECTION('',(0.,1.,0.));
#2814 = ORIENTED_EDGE('',*,*,#2815,.F.);
#2815 = EDGE_CURVE('',#2816,#2808,#2818,.T.);
#2816 = VERTEX_POINT('',#2817);
#2817 = CARTESIAN_POINT('',(2.85,-0.35,0.86));
#2818 = LINE('',#2819,#2820);
#2819 = CARTESIAN_POINT('',(2.85,-0.35,0.85));
#2820 = VECTOR('',#2821,1.);
#2821 = DIRECTION('',(0.,0.,1.));
#2822 = ORIENTED_EDGE('',*,*,#2823,.F.);
#2823 = EDGE_CURVE('',#2737,#2816,#2824,.T.);
#2824 = LINE('',#2825,#2826);
#2825 = CARTESIAN_POINT('',(2.85,-0.55,0.86));
#2826 = VECTOR('',#2827,1.);
#2827 = DIRECTION('',(0.,1.,0.));
#2828 = ORIENTED_EDGE('',*,*,#2734,.F.);
#2829 = ORIENTED_EDGE('',*,*,#2830,.F.);
#2830 = EDGE_CURVE('',#2768,#2735,#2831,.T.);
#2831 = LINE('',#2832,#2833);
#2832 = CARTESIAN_POINT('',(2.85,-0.55,4.E-02));
#2833 = VECTOR('',#2834,1.);
#2834 = DIRECTION('',(0.,0.,1.));
#2835 = PLANE('',#2836);
#2836 = AXIS2_PLACEMENT_3D('',#2837,#2838,#2839);
#2837 = CARTESIAN_POINT('',(2.85,-0.55,4.E-02));
#2838 = DIRECTION('',(1.,0.,0.));
#2839 = DIRECTION('',(0.,0.,1.));
#2840 = ADVANCED_FACE('',(#2841),#2866,.F.);
#2841 = FACE_BOUND('',#2842,.F.);
#2842 = EDGE_LOOP('',(#2843,#2851,#2852,#2860));
#2843 = ORIENTED_EDGE('',*,*,#2844,.F.);
#2844 = EDGE_CURVE('',#2768,#2845,#2847,.T.);
#2845 = VERTEX_POINT('',#2846);
#2846 = CARTESIAN_POINT('',(3.265,-0.55,0.35));
#2847 = LINE('',#2848,#2849);
#2848 = CARTESIAN_POINT('',(-3.265,-0.55,0.35));
#2849 = VECTOR('',#2850,1.);
#2850 = DIRECTION('',(1.,0.,0.));
#2851 = ORIENTED_EDGE('',*,*,#2830,.T.);
#2852 = ORIENTED_EDGE('',*,*,#2853,.T.);
#2853 = EDGE_CURVE('',#2735,#2854,#2856,.T.);
#2854 = VERTEX_POINT('',#2855);
#2855 = CARTESIAN_POINT('',(3.265,-0.55,0.65));
#2856 = LINE('',#2857,#2858);
#2857 = CARTESIAN_POINT('',(-3.265,-0.55,0.65));
#2858 = VECTOR('',#2859,1.);
#2859 = DIRECTION('',(1.,0.,0.));
#2860 = ORIENTED_EDGE('',*,*,#2861,.F.);
#2861 = EDGE_CURVE('',#2845,#2854,#2862,.T.);
#2862 = LINE('',#2863,#2864);
#2863 = CARTESIAN_POINT('',(3.265,-0.55,0.35));
#2864 = VECTOR('',#2865,1.);
#2865 = DIRECTION('',(0.,0.,1.));
#2866 = PLANE('',#2867);
#2867 = AXIS2_PLACEMENT_3D('',#2868,#2869,#2870);
#2868 = CARTESIAN_POINT('',(-3.265,-0.55,0.35));
#2869 = DIRECTION('',(0.,1.,0.));
#2870 = DIRECTION('',(0.,0.,1.));
#2871 = ADVANCED_FACE('',(#2872),#2897,.T.);
#2872 = FACE_BOUND('',#2873,.T.);
#2873 = EDGE_LOOP('',(#2874,#2884,#2890,#2891));
#2874 = ORIENTED_EDGE('',*,*,#2875,.F.);
#2875 = EDGE_CURVE('',#2876,#2878,#2880,.T.);
#2876 = VERTEX_POINT('',#2877);
#2877 = CARTESIAN_POINT('',(3.71,-5.E-02,0.46));
#2878 = VERTEX_POINT('',#2879);
#2879 = CARTESIAN_POINT('',(3.71,-5.E-02,1.));
#2880 = LINE('',#2881,#2882);
#2881 = CARTESIAN_POINT('',(3.71,-5.E-02,0.46));
#2882 = VECTOR('',#2883,1.);
#2883 = DIRECTION('',(0.,0.,1.));
#2884 = ORIENTED_EDGE('',*,*,#2885,.F.);
#2885 = EDGE_CURVE('',#2792,#2876,#2886,.T.);
#2886 = LINE('',#2887,#2888);
#2887 = CARTESIAN_POINT('',(-3.71,-5.E-02,0.46));
#2888 = VECTOR('',#2889,1.);
#2889 = DIRECTION('',(1.,0.,0.));
#2890 = ORIENTED_EDGE('',*,*,#2799,.F.);
#2891 = ORIENTED_EDGE('',*,*,#2892,.F.);
#2892 = EDGE_CURVE('',#2878,#2800,#2893,.T.);
#2893 = LINE('',#2894,#2895);
#2894 = CARTESIAN_POINT('',(-1.855,-5.E-02,1.));
#2895 = VECTOR('',#2896,1.);
#2896 = DIRECTION('',(-1.,0.,0.));
#2897 = PLANE('',#2898);
#2898 = AXIS2_PLACEMENT_3D('',#2899,#2900,#2901);
#2899 = CARTESIAN_POINT('',(-3.71,-5.E-02,0.46));
#2900 = DIRECTION('',(0.,1.,0.));
#2901 = DIRECTION('',(0.,0.,1.));
#2902 = ADVANCED_FACE('',(#2903),#2928,.F.);
#2903 = FACE_BOUND('',#2904,.F.);
#2904 = EDGE_LOOP('',(#2905,#2906,#2914,#2922));
#2905 = ORIENTED_EDGE('',*,*,#2875,.F.);
#2906 = ORIENTED_EDGE('',*,*,#2907,.T.);
#2907 = EDGE_CURVE('',#2876,#2908,#2910,.T.);
#2908 = VERTEX_POINT('',#2909);
#2909 = CARTESIAN_POINT('',(3.71,1.,0.46));
#2910 = LINE('',#2911,#2912);
#2911 = CARTESIAN_POINT('',(3.71,-5.E-02,0.46));
#2912 = VECTOR('',#2913,1.);
#2913 = DIRECTION('',(0.,1.,0.));
#2914 = ORIENTED_EDGE('',*,*,#2915,.T.);
#2915 = EDGE_CURVE('',#2908,#2916,#2918,.T.);
#2916 = VERTEX_POINT('',#2917);
#2917 = CARTESIAN_POINT('',(3.71,1.,1.));
#2918 = LINE('',#2919,#2920);
#2919 = CARTESIAN_POINT('',(3.71,1.,0.25));
#2920 = VECTOR('',#2921,1.);
#2921 = DIRECTION('',(-0.,0.,1.));
#2922 = ORIENTED_EDGE('',*,*,#2923,.F.);
#2923 = EDGE_CURVE('',#2878,#2916,#2924,.T.);
#2924 = LINE('',#2925,#2926);
#2925 = CARTESIAN_POINT('',(3.71,-0.25,1.));
#2926 = VECTOR('',#2927,1.);
#2927 = DIRECTION('',(0.,1.,0.));
#2928 = PLANE('',#2929);
#2929 = AXIS2_PLACEMENT_3D('',#2930,#2931,#2932);
#2930 = CARTESIAN_POINT('',(3.71,-5.E-02,0.46));
#2931 = DIRECTION('',(1.,0.,0.));
#2932 = DIRECTION('',(0.,0.,1.));
#2933 = ADVANCED_FACE('',(#2934),#2945,.T.);
#2934 = FACE_BOUND('',#2935,.T.);
#2935 = EDGE_LOOP('',(#2936,#2937,#2938,#2939));
#2936 = ORIENTED_EDGE('',*,*,#2791,.F.);
#2937 = ORIENTED_EDGE('',*,*,#2885,.T.);
#2938 = ORIENTED_EDGE('',*,*,#2907,.T.);
#2939 = ORIENTED_EDGE('',*,*,#2940,.T.);
#2940 = EDGE_CURVE('',#2908,#2784,#2941,.T.);
#2941 = LINE('',#2942,#2943);
#2942 = CARTESIAN_POINT('',(0.105,1.,0.46));
#2943 = VECTOR('',#2944,1.);
#2944 = DIRECTION('',(-1.,0.,0.));
#2945 = PLANE('',#2946);
#2946 = AXIS2_PLACEMENT_3D('',#2947,#2948,#2949);
#2947 = CARTESIAN_POINT('',(-3.71,-5.E-02,0.46));
#2948 = DIRECTION('',(0.,0.,1.));
#2949 = DIRECTION('',(1.,0.,0.));
#2950 = ADVANCED_FACE('',(#2951),#2978,.F.);
#2951 = FACE_BOUND('',#2952,.F.);
#2952 = EDGE_LOOP('',(#2953,#2961,#2969,#2975,#2976,#2977));
#2953 = ORIENTED_EDGE('',*,*,#2954,.F.);
#2954 = EDGE_CURVE('',#2955,#2776,#2957,.T.);
#2955 = VERTEX_POINT('',#2956);
#2956 = CARTESIAN_POINT('',(3.909644660941,1.,4.E-02));
#2957 = LINE('',#2958,#2959);
#2958 = CARTESIAN_POINT('',(3.92,1.,4.E-02));
#2959 = VECTOR('',#2960,1.);
#2960 = DIRECTION('',(-1.,0.,0.));
#2961 = ORIENTED_EDGE('',*,*,#2962,.T.);
#2962 = EDGE_CURVE('',#2955,#2963,#2965,.T.);
#2963 = VERTEX_POINT('',#2964);
#2964 = CARTESIAN_POINT('',(3.909644660941,1.,1.));
#2965 = LINE('',#2966,#2967);
#2966 = CARTESIAN_POINT('',(3.909644660941,1.,4.E-02));
#2967 = VECTOR('',#2968,1.);
#2968 = DIRECTION('',(0.,0.,1.));
#2969 = ORIENTED_EDGE('',*,*,#2970,.T.);
#2970 = EDGE_CURVE('',#2963,#2916,#2971,.T.);
#2971 = LINE('',#2972,#2973);
#2972 = CARTESIAN_POINT('',(3.92,1.,1.));
#2973 = VECTOR('',#2974,1.);
#2974 = DIRECTION('',(-1.,0.,0.));
#2975 = ORIENTED_EDGE('',*,*,#2915,.F.);
#2976 = ORIENTED_EDGE('',*,*,#2940,.T.);
#2977 = ORIENTED_EDGE('',*,*,#2783,.F.);
#2978 = PLANE('',#2979);
#2979 = AXIS2_PLACEMENT_3D('',#2980,#2981,#2982);
#2980 = CARTESIAN_POINT('',(3.92,1.,4.E-02));
#2981 = DIRECTION('',(0.,-1.,0.));
#2982 = DIRECTION('',(-1.,0.,0.));
#2983 = ADVANCED_FACE('',(#2984),#3011,.T.);
#2984 = FACE_BOUND('',#2985,.T.);
#2985 = EDGE_LOOP('',(#2986,#2995,#2996,#3005));
#2986 = ORIENTED_EDGE('',*,*,#2987,.T.);
#2987 = EDGE_CURVE('',#2988,#2955,#2990,.T.);
#2988 = VERTEX_POINT('',#2989);
#2989 = CARTESIAN_POINT('',(3.92732233047,0.99267766953,4.E-02));
#2990 = CIRCLE('',#2991,2.5E-02);
#2991 = AXIS2_PLACEMENT_3D('',#2992,#2993,#2994);
#2992 = CARTESIAN_POINT('',(3.909644660941,0.975,4.E-02));
#2993 = DIRECTION('',(0.,0.,1.));
#2994 = DIRECTION('',(0.,-1.,0.));
#2995 = ORIENTED_EDGE('',*,*,#2962,.T.);
#2996 = ORIENTED_EDGE('',*,*,#2997,.F.);
#2997 = EDGE_CURVE('',#2998,#2963,#3000,.T.);
#2998 = VERTEX_POINT('',#2999);
#2999 = CARTESIAN_POINT('',(3.92732233047,0.99267766953,1.));
#3000 = CIRCLE('',#3001,2.5E-02);
#3001 = AXIS2_PLACEMENT_3D('',#3002,#3003,#3004);
#3002 = CARTESIAN_POINT('',(3.909644660941,0.975,1.));
#3003 = DIRECTION('',(0.,0.,1.));
#3004 = DIRECTION('',(0.,-1.,0.));
#3005 = ORIENTED_EDGE('',*,*,#3006,.F.);
#3006 = EDGE_CURVE('',#2988,#2998,#3007,.T.);
#3007 = LINE('',#3008,#3009);
#3008 = CARTESIAN_POINT('',(3.92732233047,0.99267766953,4.E-02));
#3009 = VECTOR('',#3010,1.);
#3010 = DIRECTION('',(0.,0.,1.));
#3011 = CYLINDRICAL_SURFACE('',#3012,2.5E-02);
#3012 = AXIS2_PLACEMENT_3D('',#3013,#3014,#3015);
#3013 = CARTESIAN_POINT('',(3.909644660941,0.975,4.E-02));
#3014 = DIRECTION('',(0.,0.,1.));
#3015 = DIRECTION('',(0.707106781187,0.707106781187,-0.));
#3016 = ADVANCED_FACE('',(#3017),#3042,.F.);
#3017 = FACE_BOUND('',#3018,.F.);
#3018 = EDGE_LOOP('',(#3019,#3027,#3035,#3041));
#3019 = ORIENTED_EDGE('',*,*,#3020,.F.);
#3020 = EDGE_CURVE('',#3021,#2988,#3023,.T.);
#3021 = VERTEX_POINT('',#3022);
#3022 = CARTESIAN_POINT('',(3.99267766953,0.92732233047,4.E-02));
#3023 = LINE('',#3024,#3025);
#3024 = CARTESIAN_POINT('',(4.,0.92,4.E-02));
#3025 = VECTOR('',#3026,1.);
#3026 = DIRECTION('',(-0.707106781187,0.707106781187,0.));
#3027 = ORIENTED_EDGE('',*,*,#3028,.T.);
#3028 = EDGE_CURVE('',#3021,#3029,#3031,.T.);
#3029 = VERTEX_POINT('',#3030);
#3030 = CARTESIAN_POINT('',(3.99267766953,0.92732233047,1.));
#3031 = LINE('',#3032,#3033);
#3032 = CARTESIAN_POINT('',(3.99267766953,0.92732233047,4.E-02));
#3033 = VECTOR('',#3034,1.);
#3034 = DIRECTION('',(0.,0.,1.));
#3035 = ORIENTED_EDGE('',*,*,#3036,.T.);
#3036 = EDGE_CURVE('',#3029,#2998,#3037,.T.);
#3037 = LINE('',#3038,#3039);
#3038 = CARTESIAN_POINT('',(4.,0.92,1.));
#3039 = VECTOR('',#3040,1.);
#3040 = DIRECTION('',(-0.707106781187,0.707106781187,0.));
#3041 = ORIENTED_EDGE('',*,*,#3006,.F.);
#3042 = PLANE('',#3043);
#3043 = AXIS2_PLACEMENT_3D('',#3044,#3045,#3046);
#3044 = CARTESIAN_POINT('',(4.,0.92,4.E-02));
#3045 = DIRECTION('',(-0.707106781187,-0.707106781187,0.));
#3046 = DIRECTION('',(-0.707106781187,0.707106781187,0.));
#3047 = ADVANCED_FACE('',(#3048),#3075,.T.);
#3048 = FACE_BOUND('',#3049,.T.);
#3049 = EDGE_LOOP('',(#3050,#3059,#3060,#3069));
#3050 = ORIENTED_EDGE('',*,*,#3051,.T.);
#3051 = EDGE_CURVE('',#3052,#3021,#3054,.T.);
#3052 = VERTEX_POINT('',#3053);
#3053 = CARTESIAN_POINT('',(4.,0.909644660941,4.E-02));
#3054 = CIRCLE('',#3055,2.5E-02);
#3055 = AXIS2_PLACEMENT_3D('',#3056,#3057,#3058);
#3056 = CARTESIAN_POINT('',(3.975,0.909644660941,4.E-02));
#3057 = DIRECTION('',(0.,0.,1.));
#3058 = DIRECTION('',(0.,-1.,0.));
#3059 = ORIENTED_EDGE('',*,*,#3028,.T.);
#3060 = ORIENTED_EDGE('',*,*,#3061,.F.);
#3061 = EDGE_CURVE('',#3062,#3029,#3064,.T.);
#3062 = VERTEX_POINT('',#3063);
#3063 = CARTESIAN_POINT('',(4.,0.909644660941,1.));
#3064 = CIRCLE('',#3065,2.5E-02);
#3065 = AXIS2_PLACEMENT_3D('',#3066,#3067,#3068);
#3066 = CARTESIAN_POINT('',(3.975,0.909644660941,1.));
#3067 = DIRECTION('',(0.,0.,1.));
#3068 = DIRECTION('',(0.,-1.,0.));
#3069 = ORIENTED_EDGE('',*,*,#3070,.F.);
#3070 = EDGE_CURVE('',#3052,#3062,#3071,.T.);
#3071 = LINE('',#3072,#3073);
#3072 = CARTESIAN_POINT('',(4.,0.909644660941,4.E-02));
#3073 = VECTOR('',#3074,1.);
#3074 = DIRECTION('',(0.,0.,1.));
#3075 = CYLINDRICAL_SURFACE('',#3076,2.5E-02);
#3076 = AXIS2_PLACEMENT_3D('',#3077,#3078,#3079);
#3077 = CARTESIAN_POINT('',(3.975,0.909644660941,4.E-02));
#3078 = DIRECTION('',(0.,0.,1.));
#3079 = DIRECTION('',(1.,0.,-0.));
#3080 = ADVANCED_FACE('',(#3081),#3106,.F.);
#3081 = FACE_BOUND('',#3082,.F.);
#3082 = EDGE_LOOP('',(#3083,#3091,#3099,#3105));
#3083 = ORIENTED_EDGE('',*,*,#3084,.F.);
#3084 = EDGE_CURVE('',#3085,#3052,#3087,.T.);
#3085 = VERTEX_POINT('',#3086);
#3086 = CARTESIAN_POINT('',(4.,-1.809644660941,4.E-02));
#3087 = LINE('',#3088,#3089);
#3088 = CARTESIAN_POINT('',(4.,-1.82,4.E-02));
#3089 = VECTOR('',#3090,1.);
#3090 = DIRECTION('',(0.,1.,0.));
#3091 = ORIENTED_EDGE('',*,*,#3092,.T.);
#3092 = EDGE_CURVE('',#3085,#3093,#3095,.T.);
#3093 = VERTEX_POINT('',#3094);
#3094 = CARTESIAN_POINT('',(4.,-1.809644660941,1.));
#3095 = LINE('',#3096,#3097);
#3096 = CARTESIAN_POINT('',(4.,-1.809644660941,4.E-02));
#3097 = VECTOR('',#3098,1.);
#3098 = DIRECTION('',(0.,0.,1.));
#3099 = ORIENTED_EDGE('',*,*,#3100,.T.);
#3100 = EDGE_CURVE('',#3093,#3062,#3101,.T.);
#3101 = LINE('',#3102,#3103);
#3102 = CARTESIAN_POINT('',(4.,-1.82,1.));
#3103 = VECTOR('',#3104,1.);
#3104 = DIRECTION('',(0.,1.,0.));
#3105 = ORIENTED_EDGE('',*,*,#3070,.F.);
#3106 = PLANE('',#3107);
#3107 = AXIS2_PLACEMENT_3D('',#3108,#3109,#3110);
#3108 = CARTESIAN_POINT('',(4.,-1.82,4.E-02));
#3109 = DIRECTION('',(-1.,0.,0.));
#3110 = DIRECTION('',(0.,1.,0.));
#3111 = ADVANCED_FACE('',(#3112),#3139,.T.);
#3112 = FACE_BOUND('',#3113,.T.);
#3113 = EDGE_LOOP('',(#3114,#3123,#3124,#3133));
#3114 = ORIENTED_EDGE('',*,*,#3115,.T.);
#3115 = EDGE_CURVE('',#3116,#3085,#3118,.T.);
#3116 = VERTEX_POINT('',#3117);
#3117 = CARTESIAN_POINT('',(3.99267766953,-1.82732233047,4.E-02));
#3118 = CIRCLE('',#3119,2.5E-02);
#3119 = AXIS2_PLACEMENT_3D('',#3120,#3121,#3122);
#3120 = CARTESIAN_POINT('',(3.975,-1.809644660941,4.E-02));
#3121 = DIRECTION('',(0.,0.,1.));
#3122 = DIRECTION('',(0.,-1.,0.));
#3123 = ORIENTED_EDGE('',*,*,#3092,.T.);
#3124 = ORIENTED_EDGE('',*,*,#3125,.F.);
#3125 = EDGE_CURVE('',#3126,#3093,#3128,.T.);
#3126 = VERTEX_POINT('',#3127);
#3127 = CARTESIAN_POINT('',(3.99267766953,-1.82732233047,1.));
#3128 = CIRCLE('',#3129,2.5E-02);
#3129 = AXIS2_PLACEMENT_3D('',#3130,#3131,#3132);
#3130 = CARTESIAN_POINT('',(3.975,-1.809644660941,1.));
#3131 = DIRECTION('',(0.,0.,1.));
#3132 = DIRECTION('',(0.,-1.,0.));
#3133 = ORIENTED_EDGE('',*,*,#3134,.F.);
#3134 = EDGE_CURVE('',#3116,#3126,#3135,.T.);
#3135 = LINE('',#3136,#3137);
#3136 = CARTESIAN_POINT('',(3.99267766953,-1.82732233047,4.E-02));
#3137 = VECTOR('',#3138,1.);
#3138 = DIRECTION('',(0.,0.,1.));
#3139 = CYLINDRICAL_SURFACE('',#3140,2.5E-02);
#3140 = AXIS2_PLACEMENT_3D('',#3141,#3142,#3143);
#3141 = CARTESIAN_POINT('',(3.975,-1.809644660941,4.E-02));
#3142 = DIRECTION('',(0.,0.,1.));
#3143 = DIRECTION('',(0.707106781187,-0.707106781187,0.));
#3144 = ADVANCED_FACE('',(#3145),#3170,.F.);
#3145 = FACE_BOUND('',#3146,.F.);
#3146 = EDGE_LOOP('',(#3147,#3155,#3163,#3169));
#3147 = ORIENTED_EDGE('',*,*,#3148,.F.);
#3148 = EDGE_CURVE('',#3149,#3116,#3151,.T.);
#3149 = VERTEX_POINT('',#3150);
#3150 = CARTESIAN_POINT('',(3.92732233047,-1.89267766953,4.E-02));
#3151 = LINE('',#3152,#3153);
#3152 = CARTESIAN_POINT('',(3.92,-1.9,4.E-02));
#3153 = VECTOR('',#3154,1.);
#3154 = DIRECTION('',(0.707106781187,0.707106781187,0.));
#3155 = ORIENTED_EDGE('',*,*,#3156,.T.);
#3156 = EDGE_CURVE('',#3149,#3157,#3159,.T.);
#3157 = VERTEX_POINT('',#3158);
#3158 = CARTESIAN_POINT('',(3.92732233047,-1.89267766953,1.));
#3159 = LINE('',#3160,#3161);
#3160 = CARTESIAN_POINT('',(3.92732233047,-1.89267766953,4.E-02));
#3161 = VECTOR('',#3162,1.);
#3162 = DIRECTION('',(0.,0.,1.));
#3163 = ORIENTED_EDGE('',*,*,#3164,.T.);
#3164 = EDGE_CURVE('',#3157,#3126,#3165,.T.);
#3165 = LINE('',#3166,#3167);
#3166 = CARTESIAN_POINT('',(3.92,-1.9,1.));
#3167 = VECTOR('',#3168,1.);
#3168 = DIRECTION('',(0.707106781187,0.707106781187,0.));
#3169 = ORIENTED_EDGE('',*,*,#3134,.F.);
#3170 = PLANE('',#3171);
#3171 = AXIS2_PLACEMENT_3D('',#3172,#3173,#3174);
#3172 = CARTESIAN_POINT('',(3.92,-1.9,4.E-02));
#3173 = DIRECTION('',(-0.707106781187,0.707106781187,0.));
#3174 = DIRECTION('',(0.707106781187,0.707106781187,0.));
#3175 = ADVANCED_FACE('',(#3176),#3187,.F.);
#3176 = FACE_BOUND('',#3177,.F.);
#3177 = EDGE_LOOP('',(#3178,#3179,#3180,#3181));
#3178 = ORIENTED_EDGE('',*,*,#2711,.F.);
#3179 = ORIENTED_EDGE('',*,*,#2751,.T.);
#3180 = ORIENTED_EDGE('',*,*,#2823,.T.);
#3181 = ORIENTED_EDGE('',*,*,#3182,.T.);
#3182 = EDGE_CURVE('',#2816,#2704,#3183,.T.);
#3183 = LINE('',#3184,#3185);
#3184 = CARTESIAN_POINT('',(2.65,-0.35,0.86));
#3185 = VECTOR('',#3186,1.);
#3186 = DIRECTION('',(-1.,0.,0.));
#3187 = PLANE('',#3188);
#3188 = AXIS2_PLACEMENT_3D('',#3189,#3190,#3191);
#3189 = CARTESIAN_POINT('',(2.65,-0.55,0.86));
#3190 = DIRECTION('',(0.,0.,1.));
#3191 = DIRECTION('',(1.,0.,0.));
#3192 = ADVANCED_FACE('',(#3193),#3204,.T.);
#3193 = FACE_BOUND('',#3194,.T.);
#3194 = EDGE_LOOP('',(#3195,#3196,#3197,#3198));
#3195 = ORIENTED_EDGE('',*,*,#2815,.F.);
#3196 = ORIENTED_EDGE('',*,*,#3182,.T.);
#3197 = ORIENTED_EDGE('',*,*,#2703,.T.);
#3198 = ORIENTED_EDGE('',*,*,#3199,.F.);
#3199 = EDGE_CURVE('',#2808,#2696,#3200,.T.);
#3200 = LINE('',#3201,#3202);
#3201 = CARTESIAN_POINT('',(1.325,-0.35,1.));
#3202 = VECTOR('',#3203,1.);
#3203 = DIRECTION('',(-1.,0.,0.));
#3204 = PLANE('',#3205);
#3205 = AXIS2_PLACEMENT_3D('',#3206,#3207,#3208);
#3206 = CARTESIAN_POINT('',(2.65,-0.35,0.85));
#3207 = DIRECTION('',(0.,1.,0.));
#3208 = DIRECTION('',(0.,0.,1.));
#3209 = ADVANCED_FACE('',(#3210),#3226,.T.);
#3210 = FACE_BOUND('',#3211,.T.);
#3211 = EDGE_LOOP('',(#3212,#3213,#3219,#3220));
#3212 = ORIENTED_EDGE('',*,*,#2765,.F.);
#3213 = ORIENTED_EDGE('',*,*,#3214,.F.);
#3214 = EDGE_CURVE('',#2656,#2766,#3215,.T.);
#3215 = LINE('',#3216,#3217);
#3216 = CARTESIAN_POINT('',(2.65,-0.55,4.E-02));
#3217 = VECTOR('',#3218,1.);
#3218 = DIRECTION('',(1.,0.,0.));
#3219 = ORIENTED_EDGE('',*,*,#2655,.T.);
#3220 = ORIENTED_EDGE('',*,*,#3221,.T.);
#3221 = EDGE_CURVE('',#2625,#2768,#3222,.T.);
#3222 = LINE('',#3223,#3224);
#3223 = CARTESIAN_POINT('',(-3.265,-0.55,0.35));
#3224 = VECTOR('',#3225,1.);
#3225 = DIRECTION('',(1.,0.,0.));
#3226 = PLANE('',#3227);
#3227 = AXIS2_PLACEMENT_3D('',#3228,#3229,#3230);
#3228 = CARTESIAN_POINT('',(2.65,-0.55,4.E-02));
#3229 = DIRECTION('',(0.,1.,0.));
#3230 = DIRECTION('',(0.,0.,1.));
#3231 = ADVANCED_FACE('',(#3232),#3248,.T.);
#3232 = FACE_BOUND('',#3233,.T.);
#3233 = EDGE_LOOP('',(#3234,#3240,#3241,#3247));
#3234 = ORIENTED_EDGE('',*,*,#3235,.F.);
#3235 = EDGE_CURVE('',#2688,#2580,#3236,.T.);
#3236 = LINE('',#3237,#3238);
#3237 = CARTESIAN_POINT('',(-1.855,-5.E-02,1.));
#3238 = VECTOR('',#3239,1.);
#3239 = DIRECTION('',(-1.,0.,0.));
#3240 = ORIENTED_EDGE('',*,*,#2687,.F.);
#3241 = ORIENTED_EDGE('',*,*,#3242,.F.);
#3242 = EDGE_CURVE('',#2572,#2680,#3243,.T.);
#3243 = LINE('',#3244,#3245);
#3244 = CARTESIAN_POINT('',(-3.71,-5.E-02,0.46));
#3245 = VECTOR('',#3246,1.);
#3246 = DIRECTION('',(1.,0.,0.));
#3247 = ORIENTED_EDGE('',*,*,#2579,.F.);
#3248 = PLANE('',#3249);
#3249 = AXIS2_PLACEMENT_3D('',#3250,#3251,#3252);
#3250 = CARTESIAN_POINT('',(-3.71,-5.E-02,0.46));
#3251 = DIRECTION('',(0.,1.,0.));
#3252 = DIRECTION('',(0.,0.,1.));
#3253 = ADVANCED_FACE('',(#3254),#3265,.T.);
#3254 = FACE_BOUND('',#3255,.T.);
#3255 = EDGE_LOOP('',(#3256,#3257,#3258,#3259));
#3256 = ORIENTED_EDGE('',*,*,#2571,.F.);
#3257 = ORIENTED_EDGE('',*,*,#3242,.T.);
#3258 = ORIENTED_EDGE('',*,*,#2679,.T.);
#3259 = ORIENTED_EDGE('',*,*,#3260,.T.);
#3260 = EDGE_CURVE('',#2672,#2564,#3261,.T.);
#3261 = LINE('',#3262,#3263);
#3262 = CARTESIAN_POINT('',(0.105,1.,0.46));
#3263 = VECTOR('',#3264,1.);
#3264 = DIRECTION('',(-1.,0.,0.));
#3265 = PLANE('',#3266);
#3266 = AXIS2_PLACEMENT_3D('',#3267,#3268,#3269);
#3267 = CARTESIAN_POINT('',(-3.71,-5.E-02,0.46));
#3268 = DIRECTION('',(0.,0.,1.));
#3269 = DIRECTION('',(1.,0.,0.));
#3270 = ADVANCED_FACE('',(#3271),#3282,.F.);
#3271 = FACE_BOUND('',#3272,.F.);
#3272 = EDGE_LOOP('',(#3273,#3279,#3280,#3281));
#3273 = ORIENTED_EDGE('',*,*,#3274,.F.);
#3274 = EDGE_CURVE('',#2664,#2556,#3275,.T.);
#3275 = LINE('',#3276,#3277);
#3276 = CARTESIAN_POINT('',(3.92,1.,4.E-02));
#3277 = VECTOR('',#3278,1.);
#3278 = DIRECTION('',(-1.,0.,0.));
#3279 = ORIENTED_EDGE('',*,*,#2671,.T.);
#3280 = ORIENTED_EDGE('',*,*,#3260,.T.);
#3281 = ORIENTED_EDGE('',*,*,#2563,.F.);
#3282 = PLANE('',#3283);
#3283 = AXIS2_PLACEMENT_3D('',#3284,#3285,#3286);
#3284 = CARTESIAN_POINT('',(3.92,1.,4.E-02));
#3285 = DIRECTION('',(0.,-1.,0.));
#3286 = DIRECTION('',(-1.,0.,0.));
#3287 = ADVANCED_FACE('',(#3288),#3299,.F.);
#3288 = FACE_BOUND('',#3289,.F.);
#3289 = EDGE_LOOP('',(#3290,#3291,#3292,#3293));
#3290 = ORIENTED_EDGE('',*,*,#2491,.F.);
#3291 = ORIENTED_EDGE('',*,*,#2531,.T.);
#3292 = ORIENTED_EDGE('',*,*,#2603,.T.);
#3293 = ORIENTED_EDGE('',*,*,#3294,.T.);
#3294 = EDGE_CURVE('',#2596,#2484,#3295,.T.);
#3295 = LINE('',#3296,#3297);
#3296 = CARTESIAN_POINT('',(2.15,-0.35,0.86));
#3297 = VECTOR('',#3298,1.);
#3298 = DIRECTION('',(-1.,0.,0.));
#3299 = PLANE('',#3300);
#3300 = AXIS2_PLACEMENT_3D('',#3301,#3302,#3303);
#3301 = CARTESIAN_POINT('',(2.15,-0.55,0.86));
#3302 = DIRECTION('',(0.,0.,1.));
#3303 = DIRECTION('',(1.,0.,0.));
#3304 = ADVANCED_FACE('',(#3305),#3316,.T.);
#3305 = FACE_BOUND('',#3306,.T.);
#3306 = EDGE_LOOP('',(#3307,#3308,#3309,#3310));
#3307 = ORIENTED_EDGE('',*,*,#2595,.F.);
#3308 = ORIENTED_EDGE('',*,*,#3294,.T.);
#3309 = ORIENTED_EDGE('',*,*,#2483,.T.);
#3310 = ORIENTED_EDGE('',*,*,#3311,.F.);
#3311 = EDGE_CURVE('',#2588,#2476,#3312,.T.);
#3312 = LINE('',#3313,#3314);
#3313 = CARTESIAN_POINT('',(1.075,-0.35,1.));
#3314 = VECTOR('',#3315,1.);
#3315 = DIRECTION('',(-1.,0.,0.));
#3316 = PLANE('',#3317);
#3317 = AXIS2_PLACEMENT_3D('',#3318,#3319,#3320);
#3318 = CARTESIAN_POINT('',(2.15,-0.35,0.85));
#3319 = DIRECTION('',(0.,1.,0.));
#3320 = DIRECTION('',(0.,0.,1.));
#3321 = ADVANCED_FACE('',(#3322),#3338,.T.);
#3322 = FACE_BOUND('',#3323,.T.);
#3323 = EDGE_LOOP('',(#3324,#3325,#3331,#3332));
#3324 = ORIENTED_EDGE('',*,*,#2545,.F.);
#3325 = ORIENTED_EDGE('',*,*,#3326,.F.);
#3326 = EDGE_CURVE('',#2436,#2546,#3327,.T.);
#3327 = LINE('',#3328,#3329);
#3328 = CARTESIAN_POINT('',(2.15,-0.55,4.E-02));
#3329 = VECTOR('',#3330,1.);
#3330 = DIRECTION('',(1.,0.,0.));
#3331 = ORIENTED_EDGE('',*,*,#2435,.T.);
#3332 = ORIENTED_EDGE('',*,*,#3333,.T.);
#3333 = EDGE_CURVE('',#2405,#2548,#3334,.T.);
#3334 = LINE('',#3335,#3336);
#3335 = CARTESIAN_POINT('',(-3.265,-0.55,0.35));
#3336 = VECTOR('',#3337,1.);
#3337 = DIRECTION('',(1.,0.,0.));
#3338 = PLANE('',#3339);
#3339 = AXIS2_PLACEMENT_3D('',#3340,#3341,#3342);
#3340 = CARTESIAN_POINT('',(2.15,-0.55,4.E-02));
#3341 = DIRECTION('',(0.,1.,0.));
#3342 = DIRECTION('',(0.,0.,1.));
#3343 = ADVANCED_FACE('',(#3344),#3360,.T.);
#3344 = FACE_BOUND('',#3345,.T.);
#3345 = EDGE_LOOP('',(#3346,#3352,#3353,#3359));
#3346 = ORIENTED_EDGE('',*,*,#3347,.F.);
#3347 = EDGE_CURVE('',#2468,#2360,#3348,.T.);
#3348 = LINE('',#3349,#3350);
#3349 = CARTESIAN_POINT('',(-1.855,-5.E-02,1.));
#3350 = VECTOR('',#3351,1.);
#3351 = DIRECTION('',(-1.,0.,0.));
#3352 = ORIENTED_EDGE('',*,*,#2467,.F.);
#3353 = ORIENTED_EDGE('',*,*,#3354,.F.);
#3354 = EDGE_CURVE('',#2352,#2460,#3355,.T.);
#3355 = LINE('',#3356,#3357);
#3356 = CARTESIAN_POINT('',(-3.71,-5.E-02,0.46));
#3357 = VECTOR('',#3358,1.);
#3358 = DIRECTION('',(1.,0.,0.));
#3359 = ORIENTED_EDGE('',*,*,#2359,.F.);
#3360 = PLANE('',#3361);
#3361 = AXIS2_PLACEMENT_3D('',#3362,#3363,#3364);
#3362 = CARTESIAN_POINT('',(-3.71,-5.E-02,0.46));
#3363 = DIRECTION('',(0.,1.,0.));
#3364 = DIRECTION('',(0.,0.,1.));
#3365 = ADVANCED_FACE('',(#3366),#3377,.T.);
#3366 = FACE_BOUND('',#3367,.T.);
#3367 = EDGE_LOOP('',(#3368,#3369,#3370,#3371));
#3368 = ORIENTED_EDGE('',*,*,#2351,.F.);
#3369 = ORIENTED_EDGE('',*,*,#3354,.T.);
#3370 = ORIENTED_EDGE('',*,*,#2459,.T.);
#3371 = ORIENTED_EDGE('',*,*,#3372,.T.);
#3372 = EDGE_CURVE('',#2452,#2344,#3373,.T.);
#3373 = LINE('',#3374,#3375);
#3374 = CARTESIAN_POINT('',(0.105,1.,0.46));
#3375 = VECTOR('',#3376,1.);
#3376 = DIRECTION('',(-1.,0.,0.));
#3377 = PLANE('',#3378);
#3378 = AXIS2_PLACEMENT_3D('',#3379,#3380,#3381);
#3379 = CARTESIAN_POINT('',(-3.71,-5.E-02,0.46));
#3380 = DIRECTION('',(0.,0.,1.));
#3381 = DIRECTION('',(1.,0.,0.));
#3382 = ADVANCED_FACE('',(#3383),#3394,.F.);
#3383 = FACE_BOUND('',#3384,.F.);
#3384 = EDGE_LOOP('',(#3385,#3391,#3392,#3393));
#3385 = ORIENTED_EDGE('',*,*,#3386,.F.);
#3386 = EDGE_CURVE('',#2444,#2336,#3387,.T.);
#3387 = LINE('',#3388,#3389);
#3388 = CARTESIAN_POINT('',(3.92,1.,4.E-02));
#3389 = VECTOR('',#3390,1.);
#3390 = DIRECTION('',(-1.,0.,0.));
#3391 = ORIENTED_EDGE('',*,*,#2451,.T.);
#3392 = ORIENTED_EDGE('',*,*,#3372,.T.);
#3393 = ORIENTED_EDGE('',*,*,#2343,.F.);
#3394 = PLANE('',#3395);
#3395 = AXIS2_PLACEMENT_3D('',#3396,#3397,#3398);
#3396 = CARTESIAN_POINT('',(3.92,1.,4.E-02));
#3397 = DIRECTION('',(0.,-1.,0.));
#3398 = DIRECTION('',(-1.,0.,0.));
#3399 = ADVANCED_FACE('',(#3400),#3411,.F.);
#3400 = FACE_BOUND('',#3401,.F.);
#3401 = EDGE_LOOP('',(#3402,#3403,#3404,#3405));
#3402 = ORIENTED_EDGE('',*,*,#2271,.F.);
#3403 = ORIENTED_EDGE('',*,*,#2311,.T.);
#3404 = ORIENTED_EDGE('',*,*,#2383,.T.);
#3405 = ORIENTED_EDGE('',*,*,#3406,.T.);
#3406 = EDGE_CURVE('',#2376,#2264,#3407,.T.);
#3407 = LINE('',#3408,#3409);
#3408 = CARTESIAN_POINT('',(1.65,-0.35,0.86));
#3409 = VECTOR('',#3410,1.);
#3410 = DIRECTION('',(-1.,0.,0.));
#3411 = PLANE('',#3412);
#3412 = AXIS2_PLACEMENT_3D('',#3413,#3414,#3415);
#3413 = CARTESIAN_POINT('',(1.65,-0.55,0.86));
#3414 = DIRECTION('',(0.,0.,1.));
#3415 = DIRECTION('',(1.,0.,0.));
#3416 = ADVANCED_FACE('',(#3417),#3428,.T.);
#3417 = FACE_BOUND('',#3418,.T.);
#3418 = EDGE_LOOP('',(#3419,#3420,#3421,#3422));
#3419 = ORIENTED_EDGE('',*,*,#2375,.F.);
#3420 = ORIENTED_EDGE('',*,*,#3406,.T.);
#3421 = ORIENTED_EDGE('',*,*,#2263,.T.);
#3422 = ORIENTED_EDGE('',*,*,#3423,.F.);
#3423 = EDGE_CURVE('',#2368,#2256,#3424,.T.);
#3424 = LINE('',#3425,#3426);
#3425 = CARTESIAN_POINT('',(0.825,-0.35,1.));
#3426 = VECTOR('',#3427,1.);
#3427 = DIRECTION('',(-1.,0.,0.));
#3428 = PLANE('',#3429);
#3429 = AXIS2_PLACEMENT_3D('',#3430,#3431,#3432);
#3430 = CARTESIAN_POINT('',(1.65,-0.35,0.85));
#3431 = DIRECTION('',(0.,1.,0.));
#3432 = DIRECTION('',(0.,0.,1.));
#3433 = ADVANCED_FACE('',(#3434),#3450,.T.);
#3434 = FACE_BOUND('',#3435,.T.);
#3435 = EDGE_LOOP('',(#3436,#3437,#3443,#3444));
#3436 = ORIENTED_EDGE('',*,*,#2325,.F.);
#3437 = ORIENTED_EDGE('',*,*,#3438,.F.);
#3438 = EDGE_CURVE('',#2216,#2326,#3439,.T.);
#3439 = LINE('',#3440,#3441);
#3440 = CARTESIAN_POINT('',(1.65,-0.55,4.E-02));
#3441 = VECTOR('',#3442,1.);
#3442 = DIRECTION('',(1.,0.,0.));
#3443 = ORIENTED_EDGE('',*,*,#2215,.T.);
#3444 = ORIENTED_EDGE('',*,*,#3445,.T.);
#3445 = EDGE_CURVE('',#2185,#2328,#3446,.T.);
#3446 = LINE('',#3447,#3448);
#3447 = CARTESIAN_POINT('',(-3.265,-0.55,0.35));
#3448 = VECTOR('',#3449,1.);
#3449 = DIRECTION('',(1.,0.,0.));
#3450 = PLANE('',#3451);
#3451 = AXIS2_PLACEMENT_3D('',#3452,#3453,#3454);
#3452 = CARTESIAN_POINT('',(1.65,-0.55,4.E-02));
#3453 = DIRECTION('',(0.,1.,0.));
#3454 = DIRECTION('',(0.,0.,1.));
#3455 = ADVANCED_FACE('',(#3456),#3472,.T.);
#3456 = FACE_BOUND('',#3457,.T.);
#3457 = EDGE_LOOP('',(#3458,#3464,#3465,#3471));
#3458 = ORIENTED_EDGE('',*,*,#3459,.F.);
#3459 = EDGE_CURVE('',#2248,#2140,#3460,.T.);
#3460 = LINE('',#3461,#3462);
#3461 = CARTESIAN_POINT('',(-1.855,-5.E-02,1.));
#3462 = VECTOR('',#3463,1.);
#3463 = DIRECTION('',(-1.,0.,0.));
#3464 = ORIENTED_EDGE('',*,*,#2247,.F.);
#3465 = ORIENTED_EDGE('',*,*,#3466,.F.);
#3466 = EDGE_CURVE('',#2132,#2240,#3467,.T.);
#3467 = LINE('',#3468,#3469);
#3468 = CARTESIAN_POINT('',(-3.71,-5.E-02,0.46));
#3469 = VECTOR('',#3470,1.);
#3470 = DIRECTION('',(1.,0.,0.));
#3471 = ORIENTED_EDGE('',*,*,#2139,.F.);
#3472 = PLANE('',#3473);
#3473 = AXIS2_PLACEMENT_3D('',#3474,#3475,#3476);
#3474 = CARTESIAN_POINT('',(-3.71,-5.E-02,0.46));
#3475 = DIRECTION('',(0.,1.,0.));
#3476 = DIRECTION('',(0.,0.,1.));
#3477 = ADVANCED_FACE('',(#3478),#3489,.T.);
#3478 = FACE_BOUND('',#3479,.T.);
#3479 = EDGE_LOOP('',(#3480,#3481,#3482,#3483));
#3480 = ORIENTED_EDGE('',*,*,#2131,.F.);
#3481 = ORIENTED_EDGE('',*,*,#3466,.T.);
#3482 = ORIENTED_EDGE('',*,*,#2239,.T.);
#3483 = ORIENTED_EDGE('',*,*,#3484,.T.);
#3484 = EDGE_CURVE('',#2232,#2124,#3485,.T.);
#3485 = LINE('',#3486,#3487);
#3486 = CARTESIAN_POINT('',(0.105,1.,0.46));
#3487 = VECTOR('',#3488,1.);
#3488 = DIRECTION('',(-1.,0.,0.));
#3489 = PLANE('',#3490);
#3490 = AXIS2_PLACEMENT_3D('',#3491,#3492,#3493);
#3491 = CARTESIAN_POINT('',(-3.71,-5.E-02,0.46));
#3492 = DIRECTION('',(0.,0.,1.));
#3493 = DIRECTION('',(1.,0.,0.));
#3494 = ADVANCED_FACE('',(#3495),#3506,.F.);
#3495 = FACE_BOUND('',#3496,.F.);
#3496 = EDGE_LOOP('',(#3497,#3503,#3504,#3505));
#3497 = ORIENTED_EDGE('',*,*,#3498,.F.);
#3498 = EDGE_CURVE('',#2224,#2116,#3499,.T.);
#3499 = LINE('',#3500,#3501);
#3500 = CARTESIAN_POINT('',(3.92,1.,4.E-02));
#3501 = VECTOR('',#3502,1.);
#3502 = DIRECTION('',(-1.,0.,0.));
#3503 = ORIENTED_EDGE('',*,*,#2231,.T.);
#3504 = ORIENTED_EDGE('',*,*,#3484,.T.);
#3505 = ORIENTED_EDGE('',*,*,#2123,.F.);
#3506 = PLANE('',#3507);
#3507 = AXIS2_PLACEMENT_3D('',#3508,#3509,#3510);
#3508 = CARTESIAN_POINT('',(3.92,1.,4.E-02));
#3509 = DIRECTION('',(0.,-1.,0.));
#3510 = DIRECTION('',(-1.,0.,0.));
#3511 = ADVANCED_FACE('',(#3512),#3523,.F.);
#3512 = FACE_BOUND('',#3513,.F.);
#3513 = EDGE_LOOP('',(#3514,#3515,#3516,#3517));
#3514 = ORIENTED_EDGE('',*,*,#2051,.F.);
#3515 = ORIENTED_EDGE('',*,*,#2091,.T.);
#3516 = ORIENTED_EDGE('',*,*,#2163,.T.);
#3517 = ORIENTED_EDGE('',*,*,#3518,.T.);
#3518 = EDGE_CURVE('',#2156,#2044,#3519,.T.);
#3519 = LINE('',#3520,#3521);
#3520 = CARTESIAN_POINT('',(1.15,-0.35,0.86));
#3521 = VECTOR('',#3522,1.);
#3522 = DIRECTION('',(-1.,0.,0.));
#3523 = PLANE('',#3524);
#3524 = AXIS2_PLACEMENT_3D('',#3525,#3526,#3527);
#3525 = CARTESIAN_POINT('',(1.15,-0.55,0.86));
#3526 = DIRECTION('',(0.,0.,1.));
#3527 = DIRECTION('',(1.,0.,0.));
#3528 = ADVANCED_FACE('',(#3529),#3540,.T.);
#3529 = FACE_BOUND('',#3530,.T.);
#3530 = EDGE_LOOP('',(#3531,#3532,#3533,#3534));
#3531 = ORIENTED_EDGE('',*,*,#2155,.F.);
#3532 = ORIENTED_EDGE('',*,*,#3518,.T.);
#3533 = ORIENTED_EDGE('',*,*,#2043,.T.);
#3534 = ORIENTED_EDGE('',*,*,#3535,.F.);
#3535 = EDGE_CURVE('',#2148,#2036,#3536,.T.);
#3536 = LINE('',#3537,#3538);
#3537 = CARTESIAN_POINT('',(0.575,-0.35,1.));
#3538 = VECTOR('',#3539,1.);
#3539 = DIRECTION('',(-1.,0.,0.));
#3540 = PLANE('',#3541);
#3541 = AXIS2_PLACEMENT_3D('',#3542,#3543,#3544);
#3542 = CARTESIAN_POINT('',(1.15,-0.35,0.85));
#3543 = DIRECTION('',(0.,1.,0.));
#3544 = DIRECTION('',(0.,0.,1.));
#3545 = ADVANCED_FACE('',(#3546),#3562,.T.);
#3546 = FACE_BOUND('',#3547,.T.);
#3547 = EDGE_LOOP('',(#3548,#3549,#3555,#3556));
#3548 = ORIENTED_EDGE('',*,*,#2105,.F.);
#3549 = ORIENTED_EDGE('',*,*,#3550,.F.);
#3550 = EDGE_CURVE('',#1996,#2106,#3551,.T.);
#3551 = LINE('',#3552,#3553);
#3552 = CARTESIAN_POINT('',(1.15,-0.55,4.E-02));
#3553 = VECTOR('',#3554,1.);
#3554 = DIRECTION('',(1.,0.,0.));
#3555 = ORIENTED_EDGE('',*,*,#1995,.T.);
#3556 = ORIENTED_EDGE('',*,*,#3557,.T.);
#3557 = EDGE_CURVE('',#1965,#2108,#3558,.T.);
#3558 = LINE('',#3559,#3560);
#3559 = CARTESIAN_POINT('',(-3.265,-0.55,0.35));
#3560 = VECTOR('',#3561,1.);
#3561 = DIRECTION('',(1.,0.,0.));
#3562 = PLANE('',#3563);
#3563 = AXIS2_PLACEMENT_3D('',#3564,#3565,#3566);
#3564 = CARTESIAN_POINT('',(1.15,-0.55,4.E-02));
#3565 = DIRECTION('',(0.,1.,0.));
#3566 = DIRECTION('',(0.,0.,1.));
#3567 = ADVANCED_FACE('',(#3568),#3584,.T.);
#3568 = FACE_BOUND('',#3569,.T.);
#3569 = EDGE_LOOP('',(#3570,#3576,#3577,#3583));
#3570 = ORIENTED_EDGE('',*,*,#3571,.F.);
#3571 = EDGE_CURVE('',#2028,#1920,#3572,.T.);
#3572 = LINE('',#3573,#3574);
#3573 = CARTESIAN_POINT('',(-1.855,-5.E-02,1.));
#3574 = VECTOR('',#3575,1.);
#3575 = DIRECTION('',(-1.,0.,0.));
#3576 = ORIENTED_EDGE('',*,*,#2027,.F.);
#3577 = ORIENTED_EDGE('',*,*,#3578,.F.);
#3578 = EDGE_CURVE('',#1912,#2020,#3579,.T.);
#3579 = LINE('',#3580,#3581);
#3580 = CARTESIAN_POINT('',(-3.71,-5.E-02,0.46));
#3581 = VECTOR('',#3582,1.);
#3582 = DIRECTION('',(1.,0.,0.));
#3583 = ORIENTED_EDGE('',*,*,#1919,.F.);
#3584 = PLANE('',#3585);
#3585 = AXIS2_PLACEMENT_3D('',#3586,#3587,#3588);
#3586 = CARTESIAN_POINT('',(-3.71,-5.E-02,0.46));
#3587 = DIRECTION('',(0.,1.,0.));
#3588 = DIRECTION('',(0.,0.,1.));
#3589 = ADVANCED_FACE('',(#3590),#3601,.T.);
#3590 = FACE_BOUND('',#3591,.T.);
#3591 = EDGE_LOOP('',(#3592,#3593,#3594,#3595));
#3592 = ORIENTED_EDGE('',*,*,#1911,.F.);
#3593 = ORIENTED_EDGE('',*,*,#3578,.T.);
#3594 = ORIENTED_EDGE('',*,*,#2019,.T.);
#3595 = ORIENTED_EDGE('',*,*,#3596,.T.);
#3596 = EDGE_CURVE('',#2012,#1904,#3597,.T.);
#3597 = LINE('',#3598,#3599);
#3598 = CARTESIAN_POINT('',(0.105,1.,0.46));
#3599 = VECTOR('',#3600,1.);
#3600 = DIRECTION('',(-1.,0.,0.));
#3601 = PLANE('',#3602);
#3602 = AXIS2_PLACEMENT_3D('',#3603,#3604,#3605);
#3603 = CARTESIAN_POINT('',(-3.71,-5.E-02,0.46));
#3604 = DIRECTION('',(0.,0.,1.));
#3605 = DIRECTION('',(1.,0.,0.));
#3606 = ADVANCED_FACE('',(#3607),#3618,.F.);
#3607 = FACE_BOUND('',#3608,.F.);
#3608 = EDGE_LOOP('',(#3609,#3615,#3616,#3617));
#3609 = ORIENTED_EDGE('',*,*,#3610,.F.);
#3610 = EDGE_CURVE('',#2004,#1896,#3611,.T.);
#3611 = LINE('',#3612,#3613);
#3612 = CARTESIAN_POINT('',(3.92,1.,4.E-02));
#3613 = VECTOR('',#3614,1.);
#3614 = DIRECTION('',(-1.,0.,0.));
#3615 = ORIENTED_EDGE('',*,*,#2011,.T.);
#3616 = ORIENTED_EDGE('',*,*,#3596,.T.);
#3617 = ORIENTED_EDGE('',*,*,#1903,.F.);
#3618 = PLANE('',#3619);
#3619 = AXIS2_PLACEMENT_3D('',#3620,#3621,#3622);
#3620 = CARTESIAN_POINT('',(3.92,1.,4.E-02));
#3621 = DIRECTION('',(0.,-1.,0.));
#3622 = DIRECTION('',(-1.,0.,0.));
#3623 = ADVANCED_FACE('',(#3624),#3635,.F.);
#3624 = FACE_BOUND('',#3625,.F.);
#3625 = EDGE_LOOP('',(#3626,#3627,#3628,#3629));
#3626 = ORIENTED_EDGE('',*,*,#1831,.F.);
#3627 = ORIENTED_EDGE('',*,*,#1871,.T.);
#3628 = ORIENTED_EDGE('',*,*,#1943,.T.);
#3629 = ORIENTED_EDGE('',*,*,#3630,.T.);
#3630 = EDGE_CURVE('',#1936,#1824,#3631,.T.);
#3631 = LINE('',#3632,#3633);
#3632 = CARTESIAN_POINT('',(0.65,-0.35,0.86));
#3633 = VECTOR('',#3634,1.);
#3634 = DIRECTION('',(-1.,0.,0.));
#3635 = PLANE('',#3636);
#3636 = AXIS2_PLACEMENT_3D('',#3637,#3638,#3639);
#3637 = CARTESIAN_POINT('',(0.65,-0.55,0.86));
#3638 = DIRECTION('',(0.,0.,1.));
#3639 = DIRECTION('',(1.,0.,0.));
#3640 = ADVANCED_FACE('',(#3641),#3652,.T.);
#3641 = FACE_BOUND('',#3642,.T.);
#3642 = EDGE_LOOP('',(#3643,#3644,#3645,#3646));
#3643 = ORIENTED_EDGE('',*,*,#1935,.F.);
#3644 = ORIENTED_EDGE('',*,*,#3630,.T.);
#3645 = ORIENTED_EDGE('',*,*,#1823,.T.);
#3646 = ORIENTED_EDGE('',*,*,#3647,.F.);
#3647 = EDGE_CURVE('',#1928,#1816,#3648,.T.);
#3648 = LINE('',#3649,#3650);
#3649 = CARTESIAN_POINT('',(0.325,-0.35,1.));
#3650 = VECTOR('',#3651,1.);
#3651 = DIRECTION('',(-1.,0.,0.));
#3652 = PLANE('',#3653);
#3653 = AXIS2_PLACEMENT_3D('',#3654,#3655,#3656);
#3654 = CARTESIAN_POINT('',(0.65,-0.35,0.85));
#3655 = DIRECTION('',(0.,1.,0.));
#3656 = DIRECTION('',(0.,0.,1.));
#3657 = ADVANCED_FACE('',(#3658),#3674,.T.);
#3658 = FACE_BOUND('',#3659,.T.);
#3659 = EDGE_LOOP('',(#3660,#3661,#3667,#3668));
#3660 = ORIENTED_EDGE('',*,*,#1885,.F.);
#3661 = ORIENTED_EDGE('',*,*,#3662,.F.);
#3662 = EDGE_CURVE('',#1776,#1886,#3663,.T.);
#3663 = LINE('',#3664,#3665);
#3664 = CARTESIAN_POINT('',(0.65,-0.55,4.E-02));
#3665 = VECTOR('',#3666,1.);
#3666 = DIRECTION('',(1.,0.,0.));
#3667 = ORIENTED_EDGE('',*,*,#1775,.T.);
#3668 = ORIENTED_EDGE('',*,*,#3669,.T.);
#3669 = EDGE_CURVE('',#1745,#1888,#3670,.T.);
#3670 = LINE('',#3671,#3672);
#3671 = CARTESIAN_POINT('',(-3.265,-0.55,0.35));
#3672 = VECTOR('',#3673,1.);
#3673 = DIRECTION('',(1.,0.,0.));
#3674 = PLANE('',#3675);
#3675 = AXIS2_PLACEMENT_3D('',#3676,#3677,#3678);
#3676 = CARTESIAN_POINT('',(0.65,-0.55,4.E-02));
#3677 = DIRECTION('',(0.,1.,0.));
#3678 = DIRECTION('',(0.,0.,1.));
#3679 = ADVANCED_FACE('',(#3680),#3696,.T.);
#3680 = FACE_BOUND('',#3681,.T.);
#3681 = EDGE_LOOP('',(#3682,#3688,#3689,#3695));
#3682 = ORIENTED_EDGE('',*,*,#3683,.F.);
#3683 = EDGE_CURVE('',#1808,#1700,#3684,.T.);
#3684 = LINE('',#3685,#3686);
#3685 = CARTESIAN_POINT('',(-1.855,-5.E-02,1.));
#3686 = VECTOR('',#3687,1.);
#3687 = DIRECTION('',(-1.,0.,0.));
#3688 = ORIENTED_EDGE('',*,*,#1807,.F.);
#3689 = ORIENTED_EDGE('',*,*,#3690,.F.);
#3690 = EDGE_CURVE('',#1692,#1800,#3691,.T.);
#3691 = LINE('',#3692,#3693);
#3692 = CARTESIAN_POINT('',(-3.71,-5.E-02,0.46));
#3693 = VECTOR('',#3694,1.);
#3694 = DIRECTION('',(1.,0.,0.));
#3695 = ORIENTED_EDGE('',*,*,#1699,.F.);
#3696 = PLANE('',#3697);
#3697 = AXIS2_PLACEMENT_3D('',#3698,#3699,#3700);
#3698 = CARTESIAN_POINT('',(-3.71,-5.E-02,0.46));
#3699 = DIRECTION('',(0.,1.,0.));
#3700 = DIRECTION('',(0.,0.,1.));
#3701 = ADVANCED_FACE('',(#3702),#3713,.T.);
#3702 = FACE_BOUND('',#3703,.T.);
#3703 = EDGE_LOOP('',(#3704,#3705,#3706,#3707));
#3704 = ORIENTED_EDGE('',*,*,#1691,.F.);
#3705 = ORIENTED_EDGE('',*,*,#3690,.T.);
#3706 = ORIENTED_EDGE('',*,*,#1799,.T.);
#3707 = ORIENTED_EDGE('',*,*,#3708,.T.);
#3708 = EDGE_CURVE('',#1792,#1684,#3709,.T.);
#3709 = LINE('',#3710,#3711);
#3710 = CARTESIAN_POINT('',(0.105,1.,0.46));
#3711 = VECTOR('',#3712,1.);
#3712 = DIRECTION('',(-1.,0.,0.));
#3713 = PLANE('',#3714);
#3714 = AXIS2_PLACEMENT_3D('',#3715,#3716,#3717);
#3715 = CARTESIAN_POINT('',(-3.71,-5.E-02,0.46));
#3716 = DIRECTION('',(0.,0.,1.));
#3717 = DIRECTION('',(1.,0.,0.));
#3718 = ADVANCED_FACE('',(#3719),#3730,.F.);
#3719 = FACE_BOUND('',#3720,.F.);
#3720 = EDGE_LOOP('',(#3721,#3727,#3728,#3729));
#3721 = ORIENTED_EDGE('',*,*,#3722,.F.);
#3722 = EDGE_CURVE('',#1784,#1676,#3723,.T.);
#3723 = LINE('',#3724,#3725);
#3724 = CARTESIAN_POINT('',(3.92,1.,4.E-02));
#3725 = VECTOR('',#3726,1.);
#3726 = DIRECTION('',(-1.,0.,0.));
#3727 = ORIENTED_EDGE('',*,*,#1791,.T.);
#3728 = ORIENTED_EDGE('',*,*,#3708,.T.);
#3729 = ORIENTED_EDGE('',*,*,#1683,.F.);
#3730 = PLANE('',#3731);
#3731 = AXIS2_PLACEMENT_3D('',#3732,#3733,#3734);
#3732 = CARTESIAN_POINT('',(3.92,1.,4.E-02));
#3733 = DIRECTION('',(0.,-1.,0.));
#3734 = DIRECTION('',(-1.,0.,0.));
#3735 = ADVANCED_FACE('',(#3736),#3747,.F.);
#3736 = FACE_BOUND('',#3737,.F.);
#3737 = EDGE_LOOP('',(#3738,#3739,#3740,#3741));
#3738 = ORIENTED_EDGE('',*,*,#1611,.F.);
#3739 = ORIENTED_EDGE('',*,*,#1651,.T.);
#3740 = ORIENTED_EDGE('',*,*,#1723,.T.);
#3741 = ORIENTED_EDGE('',*,*,#3742,.T.);
#3742 = EDGE_CURVE('',#1716,#1604,#3743,.T.);
#3743 = LINE('',#3744,#3745);
#3744 = CARTESIAN_POINT('',(0.15,-0.35,0.86));
#3745 = VECTOR('',#3746,1.);
#3746 = DIRECTION('',(-1.,0.,0.));
#3747 = PLANE('',#3748);
#3748 = AXIS2_PLACEMENT_3D('',#3749,#3750,#3751);
#3749 = CARTESIAN_POINT('',(0.15,-0.55,0.86));
#3750 = DIRECTION('',(0.,0.,1.));
#3751 = DIRECTION('',(1.,0.,0.));
#3752 = ADVANCED_FACE('',(#3753),#3764,.T.);
#3753 = FACE_BOUND('',#3754,.T.);
#3754 = EDGE_LOOP('',(#3755,#3756,#3757,#3758));
#3755 = ORIENTED_EDGE('',*,*,#1715,.F.);
#3756 = ORIENTED_EDGE('',*,*,#3742,.T.);
#3757 = ORIENTED_EDGE('',*,*,#1603,.T.);
#3758 = ORIENTED_EDGE('',*,*,#3759,.F.);
#3759 = EDGE_CURVE('',#1708,#1596,#3760,.T.);
#3760 = LINE('',#3761,#3762);
#3761 = CARTESIAN_POINT('',(7.5E-02,-0.35,1.));
#3762 = VECTOR('',#3763,1.);
#3763 = DIRECTION('',(-1.,0.,0.));
#3764 = PLANE('',#3765);
#3765 = AXIS2_PLACEMENT_3D('',#3766,#3767,#3768);
#3766 = CARTESIAN_POINT('',(0.15,-0.35,0.85));
#3767 = DIRECTION('',(0.,1.,0.));
#3768 = DIRECTION('',(0.,0.,1.));
#3769 = ADVANCED_FACE('',(#3770),#3786,.T.);
#3770 = FACE_BOUND('',#3771,.T.);
#3771 = EDGE_LOOP('',(#3772,#3773,#3779,#3780));
#3772 = ORIENTED_EDGE('',*,*,#1665,.F.);
#3773 = ORIENTED_EDGE('',*,*,#3774,.F.);
#3774 = EDGE_CURVE('',#1556,#1666,#3775,.T.);
#3775 = LINE('',#3776,#3777);
#3776 = CARTESIAN_POINT('',(0.15,-0.55,4.E-02));
#3777 = VECTOR('',#3778,1.);
#3778 = DIRECTION('',(1.,0.,0.));
#3779 = ORIENTED_EDGE('',*,*,#1555,.T.);
#3780 = ORIENTED_EDGE('',*,*,#3781,.T.);
#3781 = EDGE_CURVE('',#1525,#1668,#3782,.T.);
#3782 = LINE('',#3783,#3784);
#3783 = CARTESIAN_POINT('',(-3.265,-0.55,0.35));
#3784 = VECTOR('',#3785,1.);
#3785 = DIRECTION('',(1.,0.,0.));
#3786 = PLANE('',#3787);
#3787 = AXIS2_PLACEMENT_3D('',#3788,#3789,#3790);
#3788 = CARTESIAN_POINT('',(0.15,-0.55,4.E-02));
#3789 = DIRECTION('',(0.,1.,0.));
#3790 = DIRECTION('',(0.,0.,1.));
#3791 = ADVANCED_FACE('',(#3792),#3808,.T.);
#3792 = FACE_BOUND('',#3793,.T.);
#3793 = EDGE_LOOP('',(#3794,#3800,#3801,#3807));
#3794 = ORIENTED_EDGE('',*,*,#3795,.F.);
#3795 = EDGE_CURVE('',#1588,#1480,#3796,.T.);
#3796 = LINE('',#3797,#3798);
#3797 = CARTESIAN_POINT('',(-1.855,-5.E-02,1.));
#3798 = VECTOR('',#3799,1.);
#3799 = DIRECTION('',(-1.,0.,0.));
#3800 = ORIENTED_EDGE('',*,*,#1587,.F.);
#3801 = ORIENTED_EDGE('',*,*,#3802,.F.);
#3802 = EDGE_CURVE('',#1472,#1580,#3803,.T.);
#3803 = LINE('',#3804,#3805);
#3804 = CARTESIAN_POINT('',(-3.71,-5.E-02,0.46));
#3805 = VECTOR('',#3806,1.);
#3806 = DIRECTION('',(1.,0.,0.));
#3807 = ORIENTED_EDGE('',*,*,#1479,.F.);
#3808 = PLANE('',#3809);
#3809 = AXIS2_PLACEMENT_3D('',#3810,#3811,#3812);
#3810 = CARTESIAN_POINT('',(-3.71,-5.E-02,0.46));
#3811 = DIRECTION('',(0.,1.,0.));
#3812 = DIRECTION('',(0.,0.,1.));
#3813 = ADVANCED_FACE('',(#3814),#3825,.T.);
#3814 = FACE_BOUND('',#3815,.T.);
#3815 = EDGE_LOOP('',(#3816,#3817,#3818,#3819));
#3816 = ORIENTED_EDGE('',*,*,#1471,.F.);
#3817 = ORIENTED_EDGE('',*,*,#3802,.T.);
#3818 = ORIENTED_EDGE('',*,*,#1579,.T.);
#3819 = ORIENTED_EDGE('',*,*,#3820,.T.);
#3820 = EDGE_CURVE('',#1572,#1464,#3821,.T.);
#3821 = LINE('',#3822,#3823);
#3822 = CARTESIAN_POINT('',(0.105,1.,0.46));
#3823 = VECTOR('',#3824,1.);
#3824 = DIRECTION('',(-1.,0.,0.));
#3825 = PLANE('',#3826);
#3826 = AXIS2_PLACEMENT_3D('',#3827,#3828,#3829);
#3827 = CARTESIAN_POINT('',(-3.71,-5.E-02,0.46));
#3828 = DIRECTION('',(0.,0.,1.));
#3829 = DIRECTION('',(1.,0.,0.));
#3830 = ADVANCED_FACE('',(#3831),#3842,.F.);
#3831 = FACE_BOUND('',#3832,.F.);
#3832 = EDGE_LOOP('',(#3833,#3839,#3840,#3841));
#3833 = ORIENTED_EDGE('',*,*,#3834,.F.);
#3834 = EDGE_CURVE('',#1564,#1456,#3835,.T.);
#3835 = LINE('',#3836,#3837);
#3836 = CARTESIAN_POINT('',(3.92,1.,4.E-02));
#3837 = VECTOR('',#3838,1.);
#3838 = DIRECTION('',(-1.,0.,0.));
#3839 = ORIENTED_EDGE('',*,*,#1571,.T.);
#3840 = ORIENTED_EDGE('',*,*,#3820,.T.);
#3841 = ORIENTED_EDGE('',*,*,#1463,.F.);
#3842 = PLANE('',#3843);
#3843 = AXIS2_PLACEMENT_3D('',#3844,#3845,#3846);
#3844 = CARTESIAN_POINT('',(3.92,1.,4.E-02));
#3845 = DIRECTION('',(0.,-1.,0.));
#3846 = DIRECTION('',(-1.,0.,0.));
#3847 = ADVANCED_FACE('',(#3848),#3859,.F.);
#3848 = FACE_BOUND('',#3849,.F.);
#3849 = EDGE_LOOP('',(#3850,#3851,#3852,#3853));
#3850 = ORIENTED_EDGE('',*,*,#1391,.F.);
#3851 = ORIENTED_EDGE('',*,*,#1431,.T.);
#3852 = ORIENTED_EDGE('',*,*,#1503,.T.);
#3853 = ORIENTED_EDGE('',*,*,#3854,.T.);
#3854 = EDGE_CURVE('',#1496,#1384,#3855,.T.);
#3855 = LINE('',#3856,#3857);
#3856 = CARTESIAN_POINT('',(-0.35,-0.35,0.86));
#3857 = VECTOR('',#3858,1.);
#3858 = DIRECTION('',(-1.,0.,0.));
#3859 = PLANE('',#3860);
#3860 = AXIS2_PLACEMENT_3D('',#3861,#3862,#3863);
#3861 = CARTESIAN_POINT('',(-0.35,-0.55,0.86));
#3862 = DIRECTION('',(0.,0.,1.));
#3863 = DIRECTION('',(1.,0.,0.));
#3864 = ADVANCED_FACE('',(#3865),#3876,.T.);
#3865 = FACE_BOUND('',#3866,.T.);
#3866 = EDGE_LOOP('',(#3867,#3868,#3869,#3870));
#3867 = ORIENTED_EDGE('',*,*,#1495,.F.);
#3868 = ORIENTED_EDGE('',*,*,#3854,.T.);
#3869 = ORIENTED_EDGE('',*,*,#1383,.T.);
#3870 = ORIENTED_EDGE('',*,*,#3871,.F.);
#3871 = EDGE_CURVE('',#1488,#1376,#3872,.T.);
#3872 = LINE('',#3873,#3874);
#3873 = CARTESIAN_POINT('',(-0.175,-0.35,1.));
#3874 = VECTOR('',#3875,1.);
#3875 = DIRECTION('',(-1.,0.,0.));
#3876 = PLANE('',#3877);
#3877 = AXIS2_PLACEMENT_3D('',#3878,#3879,#3880);
#3878 = CARTESIAN_POINT('',(-0.35,-0.35,0.85));
#3879 = DIRECTION('',(0.,1.,0.));
#3880 = DIRECTION('',(0.,0.,1.));
#3881 = ADVANCED_FACE('',(#3882),#3898,.T.);
#3882 = FACE_BOUND('',#3883,.T.);
#3883 = EDGE_LOOP('',(#3884,#3885,#3891,#3892));
#3884 = ORIENTED_EDGE('',*,*,#1445,.F.);
#3885 = ORIENTED_EDGE('',*,*,#3886,.F.);
#3886 = EDGE_CURVE('',#1336,#1446,#3887,.T.);
#3887 = LINE('',#3888,#3889);
#3888 = CARTESIAN_POINT('',(-0.35,-0.55,4.E-02));
#3889 = VECTOR('',#3890,1.);
#3890 = DIRECTION('',(1.,0.,0.));
#3891 = ORIENTED_EDGE('',*,*,#1335,.T.);
#3892 = ORIENTED_EDGE('',*,*,#3893,.T.);
#3893 = EDGE_CURVE('',#1305,#1448,#3894,.T.);
#3894 = LINE('',#3895,#3896);
#3895 = CARTESIAN_POINT('',(-3.265,-0.55,0.35));
#3896 = VECTOR('',#3897,1.);
#3897 = DIRECTION('',(1.,0.,0.));
#3898 = PLANE('',#3899);
#3899 = AXIS2_PLACEMENT_3D('',#3900,#3901,#3902);
#3900 = CARTESIAN_POINT('',(-0.35,-0.55,4.E-02));
#3901 = DIRECTION('',(0.,1.,0.));
#3902 = DIRECTION('',(0.,0.,1.));
#3903 = ADVANCED_FACE('',(#3904),#3920,.T.);
#3904 = FACE_BOUND('',#3905,.T.);
#3905 = EDGE_LOOP('',(#3906,#3912,#3913,#3919));
#3906 = ORIENTED_EDGE('',*,*,#3907,.F.);
#3907 = EDGE_CURVE('',#1368,#1260,#3908,.T.);
#3908 = LINE('',#3909,#3910);
#3909 = CARTESIAN_POINT('',(-1.855,-5.E-02,1.));
#3910 = VECTOR('',#3911,1.);
#3911 = DIRECTION('',(-1.,0.,0.));
#3912 = ORIENTED_EDGE('',*,*,#1367,.F.);
#3913 = ORIENTED_EDGE('',*,*,#3914,.F.);
#3914 = EDGE_CURVE('',#1252,#1360,#3915,.T.);
#3915 = LINE('',#3916,#3917);
#3916 = CARTESIAN_POINT('',(-3.71,-5.E-02,0.46));
#3917 = VECTOR('',#3918,1.);
#3918 = DIRECTION('',(1.,0.,0.));
#3919 = ORIENTED_EDGE('',*,*,#1259,.F.);
#3920 = PLANE('',#3921);
#3921 = AXIS2_PLACEMENT_3D('',#3922,#3923,#3924);
#3922 = CARTESIAN_POINT('',(-3.71,-5.E-02,0.46));
#3923 = DIRECTION('',(0.,1.,0.));
#3924 = DIRECTION('',(0.,0.,1.));
#3925 = ADVANCED_FACE('',(#3926),#3937,.T.);
#3926 = FACE_BOUND('',#3927,.T.);
#3927 = EDGE_LOOP('',(#3928,#3929,#3930,#3931));
#3928 = ORIENTED_EDGE('',*,*,#1251,.F.);
#3929 = ORIENTED_EDGE('',*,*,#3914,.T.);
#3930 = ORIENTED_EDGE('',*,*,#1359,.T.);
#3931 = ORIENTED_EDGE('',*,*,#3932,.T.);
#3932 = EDGE_CURVE('',#1352,#1244,#3933,.T.);
#3933 = LINE('',#3934,#3935);
#3934 = CARTESIAN_POINT('',(0.105,1.,0.46));
#3935 = VECTOR('',#3936,1.);
#3936 = DIRECTION('',(-1.,0.,0.));
#3937 = PLANE('',#3938);
#3938 = AXIS2_PLACEMENT_3D('',#3939,#3940,#3941);
#3939 = CARTESIAN_POINT('',(-3.71,-5.E-02,0.46));
#3940 = DIRECTION('',(0.,0.,1.));
#3941 = DIRECTION('',(1.,0.,0.));
#3942 = ADVANCED_FACE('',(#3943),#3954,.F.);
#3943 = FACE_BOUND('',#3944,.F.);
#3944 = EDGE_LOOP('',(#3945,#3951,#3952,#3953));
#3945 = ORIENTED_EDGE('',*,*,#3946,.F.);
#3946 = EDGE_CURVE('',#1344,#1236,#3947,.T.);
#3947 = LINE('',#3948,#3949);
#3948 = CARTESIAN_POINT('',(3.92,1.,4.E-02));
#3949 = VECTOR('',#3950,1.);
#3950 = DIRECTION('',(-1.,0.,0.));
#3951 = ORIENTED_EDGE('',*,*,#1351,.T.);
#3952 = ORIENTED_EDGE('',*,*,#3932,.T.);
#3953 = ORIENTED_EDGE('',*,*,#1243,.F.);
#3954 = PLANE('',#3955);
#3955 = AXIS2_PLACEMENT_3D('',#3956,#3957,#3958);
#3956 = CARTESIAN_POINT('',(3.92,1.,4.E-02));
#3957 = DIRECTION('',(0.,-1.,0.));
#3958 = DIRECTION('',(-1.,0.,0.));
#3959 = ADVANCED_FACE('',(#3960),#3971,.F.);
#3960 = FACE_BOUND('',#3961,.F.);
#3961 = EDGE_LOOP('',(#3962,#3963,#3964,#3965));
#3962 = ORIENTED_EDGE('',*,*,#1171,.F.);
#3963 = ORIENTED_EDGE('',*,*,#1211,.T.);
#3964 = ORIENTED_EDGE('',*,*,#1283,.T.);
#3965 = ORIENTED_EDGE('',*,*,#3966,.T.);
#3966 = EDGE_CURVE('',#1276,#1164,#3967,.T.);
#3967 = LINE('',#3968,#3969);
#3968 = CARTESIAN_POINT('',(-0.85,-0.35,0.86));
#3969 = VECTOR('',#3970,1.);
#3970 = DIRECTION('',(-1.,0.,0.));
#3971 = PLANE('',#3972);
#3972 = AXIS2_PLACEMENT_3D('',#3973,#3974,#3975);
#3973 = CARTESIAN_POINT('',(-0.85,-0.55,0.86));
#3974 = DIRECTION('',(0.,0.,1.));
#3975 = DIRECTION('',(1.,0.,0.));
#3976 = ADVANCED_FACE('',(#3977),#3988,.T.);
#3977 = FACE_BOUND('',#3978,.T.);
#3978 = EDGE_LOOP('',(#3979,#3980,#3981,#3982));
#3979 = ORIENTED_EDGE('',*,*,#1275,.F.);
#3980 = ORIENTED_EDGE('',*,*,#3966,.T.);
#3981 = ORIENTED_EDGE('',*,*,#1163,.T.);
#3982 = ORIENTED_EDGE('',*,*,#3983,.F.);
#3983 = EDGE_CURVE('',#1268,#1156,#3984,.T.);
#3984 = LINE('',#3985,#3986);
#3985 = CARTESIAN_POINT('',(-0.425,-0.35,1.));
#3986 = VECTOR('',#3987,1.);
#3987 = DIRECTION('',(-1.,0.,0.));
#3988 = PLANE('',#3989);
#3989 = AXIS2_PLACEMENT_3D('',#3990,#3991,#3992);
#3990 = CARTESIAN_POINT('',(-0.85,-0.35,0.85));
#3991 = DIRECTION('',(0.,1.,0.));
#3992 = DIRECTION('',(0.,0.,1.));
#3993 = ADVANCED_FACE('',(#3994),#4010,.T.);
#3994 = FACE_BOUND('',#3995,.T.);
#3995 = EDGE_LOOP('',(#3996,#3997,#4003,#4004));
#3996 = ORIENTED_EDGE('',*,*,#1225,.F.);
#3997 = ORIENTED_EDGE('',*,*,#3998,.F.);
#3998 = EDGE_CURVE('',#1116,#1226,#3999,.T.);
#3999 = LINE('',#4000,#4001);
#4000 = CARTESIAN_POINT('',(-0.85,-0.55,4.E-02));
#4001 = VECTOR('',#4002,1.);
#4002 = DIRECTION('',(1.,0.,0.));
#4003 = ORIENTED_EDGE('',*,*,#1115,.T.);
#4004 = ORIENTED_EDGE('',*,*,#4005,.T.);
#4005 = EDGE_CURVE('',#1085,#1228,#4006,.T.);
#4006 = LINE('',#4007,#4008);
#4007 = CARTESIAN_POINT('',(-3.265,-0.55,0.35));
#4008 = VECTOR('',#4009,1.);
#4009 = DIRECTION('',(1.,0.,0.));
#4010 = PLANE('',#4011);
#4011 = AXIS2_PLACEMENT_3D('',#4012,#4013,#4014);
#4012 = CARTESIAN_POINT('',(-0.85,-0.55,4.E-02));
#4013 = DIRECTION('',(0.,1.,0.));
#4014 = DIRECTION('',(0.,0.,1.));
#4015 = ADVANCED_FACE('',(#4016),#4032,.T.);
#4016 = FACE_BOUND('',#4017,.T.);
#4017 = EDGE_LOOP('',(#4018,#4024,#4025,#4031));
#4018 = ORIENTED_EDGE('',*,*,#4019,.F.);
#4019 = EDGE_CURVE('',#1148,#1040,#4020,.T.);
#4020 = LINE('',#4021,#4022);
#4021 = CARTESIAN_POINT('',(-1.855,-5.E-02,1.));
#4022 = VECTOR('',#4023,1.);
#4023 = DIRECTION('',(-1.,0.,0.));
#4024 = ORIENTED_EDGE('',*,*,#1147,.F.);
#4025 = ORIENTED_EDGE('',*,*,#4026,.F.);
#4026 = EDGE_CURVE('',#1032,#1140,#4027,.T.);
#4027 = LINE('',#4028,#4029);
#4028 = CARTESIAN_POINT('',(-3.71,-5.E-02,0.46));
#4029 = VECTOR('',#4030,1.);
#4030 = DIRECTION('',(1.,0.,0.));
#4031 = ORIENTED_EDGE('',*,*,#1039,.F.);
#4032 = PLANE('',#4033);
#4033 = AXIS2_PLACEMENT_3D('',#4034,#4035,#4036);
#4034 = CARTESIAN_POINT('',(-3.71,-5.E-02,0.46));
#4035 = DIRECTION('',(0.,1.,0.));
#4036 = DIRECTION('',(0.,0.,1.));
#4037 = ADVANCED_FACE('',(#4038),#4049,.T.);
#4038 = FACE_BOUND('',#4039,.T.);
#4039 = EDGE_LOOP('',(#4040,#4041,#4042,#4043));
#4040 = ORIENTED_EDGE('',*,*,#1031,.F.);
#4041 = ORIENTED_EDGE('',*,*,#4026,.T.);
#4042 = ORIENTED_EDGE('',*,*,#1139,.T.);
#4043 = ORIENTED_EDGE('',*,*,#4044,.T.);
#4044 = EDGE_CURVE('',#1132,#1024,#4045,.T.);
#4045 = LINE('',#4046,#4047);
#4046 = CARTESIAN_POINT('',(0.105,1.,0.46));
#4047 = VECTOR('',#4048,1.);
#4048 = DIRECTION('',(-1.,0.,0.));
#4049 = PLANE('',#4050);
#4050 = AXIS2_PLACEMENT_3D('',#4051,#4052,#4053);
#4051 = CARTESIAN_POINT('',(-3.71,-5.E-02,0.46));
#4052 = DIRECTION('',(0.,0.,1.));
#4053 = DIRECTION('',(1.,0.,0.));
#4054 = ADVANCED_FACE('',(#4055),#4066,.F.);
#4055 = FACE_BOUND('',#4056,.F.);
#4056 = EDGE_LOOP('',(#4057,#4063,#4064,#4065));
#4057 = ORIENTED_EDGE('',*,*,#4058,.F.);
#4058 = EDGE_CURVE('',#1124,#1016,#4059,.T.);
#4059 = LINE('',#4060,#4061);
#4060 = CARTESIAN_POINT('',(3.92,1.,4.E-02));
#4061 = VECTOR('',#4062,1.);
#4062 = DIRECTION('',(-1.,0.,0.));
#4063 = ORIENTED_EDGE('',*,*,#1131,.T.);
#4064 = ORIENTED_EDGE('',*,*,#4044,.T.);
#4065 = ORIENTED_EDGE('',*,*,#1023,.F.);
#4066 = PLANE('',#4067);
#4067 = AXIS2_PLACEMENT_3D('',#4068,#4069,#4070);
#4068 = CARTESIAN_POINT('',(3.92,1.,4.E-02));
#4069 = DIRECTION('',(0.,-1.,0.));
#4070 = DIRECTION('',(-1.,0.,0.));
#4071 = ADVANCED_FACE('',(#4072),#4083,.F.);
#4072 = FACE_BOUND('',#4073,.F.);
#4073 = EDGE_LOOP('',(#4074,#4075,#4076,#4077));
#4074 = ORIENTED_EDGE('',*,*,#951,.F.);
#4075 = ORIENTED_EDGE('',*,*,#991,.T.);
#4076 = ORIENTED_EDGE('',*,*,#1063,.T.);
#4077 = ORIENTED_EDGE('',*,*,#4078,.T.);
#4078 = EDGE_CURVE('',#1056,#944,#4079,.T.);
#4079 = LINE('',#4080,#4081);
#4080 = CARTESIAN_POINT('',(-1.35,-0.35,0.86));
#4081 = VECTOR('',#4082,1.);
#4082 = DIRECTION('',(-1.,0.,0.));
#4083 = PLANE('',#4084);
#4084 = AXIS2_PLACEMENT_3D('',#4085,#4086,#4087);
#4085 = CARTESIAN_POINT('',(-1.35,-0.55,0.86));
#4086 = DIRECTION('',(0.,0.,1.));
#4087 = DIRECTION('',(1.,0.,0.));
#4088 = ADVANCED_FACE('',(#4089),#4100,.T.);
#4089 = FACE_BOUND('',#4090,.T.);
#4090 = EDGE_LOOP('',(#4091,#4092,#4093,#4094));
#4091 = ORIENTED_EDGE('',*,*,#1055,.F.);
#4092 = ORIENTED_EDGE('',*,*,#4078,.T.);
#4093 = ORIENTED_EDGE('',*,*,#943,.T.);
#4094 = ORIENTED_EDGE('',*,*,#4095,.F.);
#4095 = EDGE_CURVE('',#1048,#936,#4096,.T.);
#4096 = LINE('',#4097,#4098);
#4097 = CARTESIAN_POINT('',(-0.675,-0.35,1.));
#4098 = VECTOR('',#4099,1.);
#4099 = DIRECTION('',(-1.,0.,0.));
#4100 = PLANE('',#4101);
#4101 = AXIS2_PLACEMENT_3D('',#4102,#4103,#4104);
#4102 = CARTESIAN_POINT('',(-1.35,-0.35,0.85));
#4103 = DIRECTION('',(0.,1.,0.));
#4104 = DIRECTION('',(0.,0.,1.));
#4105 = ADVANCED_FACE('',(#4106),#4122,.T.);
#4106 = FACE_BOUND('',#4107,.T.);
#4107 = EDGE_LOOP('',(#4108,#4109,#4115,#4116));
#4108 = ORIENTED_EDGE('',*,*,#1005,.F.);
#4109 = ORIENTED_EDGE('',*,*,#4110,.F.);
#4110 = EDGE_CURVE('',#896,#1006,#4111,.T.);
#4111 = LINE('',#4112,#4113);
#4112 = CARTESIAN_POINT('',(-1.35,-0.55,4.E-02));
#4113 = VECTOR('',#4114,1.);
#4114 = DIRECTION('',(1.,0.,0.));
#4115 = ORIENTED_EDGE('',*,*,#895,.T.);
#4116 = ORIENTED_EDGE('',*,*,#4117,.T.);
#4117 = EDGE_CURVE('',#865,#1008,#4118,.T.);
#4118 = LINE('',#4119,#4120);
#4119 = CARTESIAN_POINT('',(-3.265,-0.55,0.35));
#4120 = VECTOR('',#4121,1.);
#4121 = DIRECTION('',(1.,0.,0.));
#4122 = PLANE('',#4123);
#4123 = AXIS2_PLACEMENT_3D('',#4124,#4125,#4126);
#4124 = CARTESIAN_POINT('',(-1.35,-0.55,4.E-02));
#4125 = DIRECTION('',(0.,1.,0.));
#4126 = DIRECTION('',(0.,0.,1.));
#4127 = ADVANCED_FACE('',(#4128),#4144,.T.);
#4128 = FACE_BOUND('',#4129,.T.);
#4129 = EDGE_LOOP('',(#4130,#4136,#4137,#4143));
#4130 = ORIENTED_EDGE('',*,*,#4131,.F.);
#4131 = EDGE_CURVE('',#928,#820,#4132,.T.);
#4132 = LINE('',#4133,#4134);
#4133 = CARTESIAN_POINT('',(-1.855,-5.E-02,1.));
#4134 = VECTOR('',#4135,1.);
#4135 = DIRECTION('',(-1.,0.,0.));
#4136 = ORIENTED_EDGE('',*,*,#927,.F.);
#4137 = ORIENTED_EDGE('',*,*,#4138,.F.);
#4138 = EDGE_CURVE('',#812,#920,#4139,.T.);
#4139 = LINE('',#4140,#4141);
#4140 = CARTESIAN_POINT('',(-3.71,-5.E-02,0.46));
#4141 = VECTOR('',#4142,1.);
#4142 = DIRECTION('',(1.,0.,0.));
#4143 = ORIENTED_EDGE('',*,*,#819,.F.);
#4144 = PLANE('',#4145);
#4145 = AXIS2_PLACEMENT_3D('',#4146,#4147,#4148);
#4146 = CARTESIAN_POINT('',(-3.71,-5.E-02,0.46));
#4147 = DIRECTION('',(0.,1.,0.));
#4148 = DIRECTION('',(0.,0.,1.));
#4149 = ADVANCED_FACE('',(#4150),#4161,.T.);
#4150 = FACE_BOUND('',#4151,.T.);
#4151 = EDGE_LOOP('',(#4152,#4153,#4154,#4155));
#4152 = ORIENTED_EDGE('',*,*,#811,.F.);
#4153 = ORIENTED_EDGE('',*,*,#4138,.T.);
#4154 = ORIENTED_EDGE('',*,*,#919,.T.);
#4155 = ORIENTED_EDGE('',*,*,#4156,.T.);
#4156 = EDGE_CURVE('',#912,#804,#4157,.T.);
#4157 = LINE('',#4158,#4159);
#4158 = CARTESIAN_POINT('',(0.105,1.,0.46));
#4159 = VECTOR('',#4160,1.);
#4160 = DIRECTION('',(-1.,0.,0.));
#4161 = PLANE('',#4162);
#4162 = AXIS2_PLACEMENT_3D('',#4163,#4164,#4165);
#4163 = CARTESIAN_POINT('',(-3.71,-5.E-02,0.46));
#4164 = DIRECTION('',(0.,0.,1.));
#4165 = DIRECTION('',(1.,0.,0.));
#4166 = ADVANCED_FACE('',(#4167),#4178,.F.);
#4167 = FACE_BOUND('',#4168,.F.);
#4168 = EDGE_LOOP('',(#4169,#4175,#4176,#4177));
#4169 = ORIENTED_EDGE('',*,*,#4170,.F.);
#4170 = EDGE_CURVE('',#904,#796,#4171,.T.);
#4171 = LINE('',#4172,#4173);
#4172 = CARTESIAN_POINT('',(3.92,1.,4.E-02));
#4173 = VECTOR('',#4174,1.);
#4174 = DIRECTION('',(-1.,0.,0.));
#4175 = ORIENTED_EDGE('',*,*,#911,.T.);
#4176 = ORIENTED_EDGE('',*,*,#4156,.T.);
#4177 = ORIENTED_EDGE('',*,*,#803,.F.);
#4178 = PLANE('',#4179);
#4179 = AXIS2_PLACEMENT_3D('',#4180,#4181,#4182);
#4180 = CARTESIAN_POINT('',(3.92,1.,4.E-02));
#4181 = DIRECTION('',(0.,-1.,0.));
#4182 = DIRECTION('',(-1.,0.,0.));
#4183 = ADVANCED_FACE('',(#4184),#4195,.F.);
#4184 = FACE_BOUND('',#4185,.F.);
#4185 = EDGE_LOOP('',(#4186,#4187,#4188,#4189));
#4186 = ORIENTED_EDGE('',*,*,#731,.F.);
#4187 = ORIENTED_EDGE('',*,*,#771,.T.);
#4188 = ORIENTED_EDGE('',*,*,#843,.T.);
#4189 = ORIENTED_EDGE('',*,*,#4190,.T.);
#4190 = EDGE_CURVE('',#836,#724,#4191,.T.);
#4191 = LINE('',#4192,#4193);
#4192 = CARTESIAN_POINT('',(-1.85,-0.35,0.86));
#4193 = VECTOR('',#4194,1.);
#4194 = DIRECTION('',(-1.,0.,0.));
#4195 = PLANE('',#4196);
#4196 = AXIS2_PLACEMENT_3D('',#4197,#4198,#4199);
#4197 = CARTESIAN_POINT('',(-1.85,-0.55,0.86));
#4198 = DIRECTION('',(0.,0.,1.));
#4199 = DIRECTION('',(1.,0.,0.));
#4200 = ADVANCED_FACE('',(#4201),#4212,.T.);
#4201 = FACE_BOUND('',#4202,.T.);
#4202 = EDGE_LOOP('',(#4203,#4204,#4205,#4206));
#4203 = ORIENTED_EDGE('',*,*,#835,.F.);
#4204 = ORIENTED_EDGE('',*,*,#4190,.T.);
#4205 = ORIENTED_EDGE('',*,*,#723,.T.);
#4206 = ORIENTED_EDGE('',*,*,#4207,.F.);
#4207 = EDGE_CURVE('',#828,#716,#4208,.T.);
#4208 = LINE('',#4209,#4210);
#4209 = CARTESIAN_POINT('',(-0.925,-0.35,1.));
#4210 = VECTOR('',#4211,1.);
#4211 = DIRECTION('',(-1.,0.,0.));
#4212 = PLANE('',#4213);
#4213 = AXIS2_PLACEMENT_3D('',#4214,#4215,#4216);
#4214 = CARTESIAN_POINT('',(-1.85,-0.35,0.85));
#4215 = DIRECTION('',(0.,1.,0.));
#4216 = DIRECTION('',(0.,0.,1.));
#4217 = ADVANCED_FACE('',(#4218),#4234,.T.);
#4218 = FACE_BOUND('',#4219,.T.);
#4219 = EDGE_LOOP('',(#4220,#4221,#4227,#4228));
#4220 = ORIENTED_EDGE('',*,*,#785,.F.);
#4221 = ORIENTED_EDGE('',*,*,#4222,.F.);
#4222 = EDGE_CURVE('',#676,#786,#4223,.T.);
#4223 = LINE('',#4224,#4225);
#4224 = CARTESIAN_POINT('',(-1.85,-0.55,4.E-02));
#4225 = VECTOR('',#4226,1.);
#4226 = DIRECTION('',(1.,0.,0.));
#4227 = ORIENTED_EDGE('',*,*,#675,.T.);
#4228 = ORIENTED_EDGE('',*,*,#4229,.T.);
#4229 = EDGE_CURVE('',#645,#788,#4230,.T.);
#4230 = LINE('',#4231,#4232);
#4231 = CARTESIAN_POINT('',(-3.265,-0.55,0.35));
#4232 = VECTOR('',#4233,1.);
#4233 = DIRECTION('',(1.,0.,0.));
#4234 = PLANE('',#4235);
#4235 = AXIS2_PLACEMENT_3D('',#4236,#4237,#4238);
#4236 = CARTESIAN_POINT('',(-1.85,-0.55,4.E-02));
#4237 = DIRECTION('',(0.,1.,0.));
#4238 = DIRECTION('',(0.,0.,1.));
#4239 = ADVANCED_FACE('',(#4240),#4256,.T.);
#4240 = FACE_BOUND('',#4241,.T.);
#4241 = EDGE_LOOP('',(#4242,#4248,#4249,#4255));
#4242 = ORIENTED_EDGE('',*,*,#4243,.F.);
#4243 = EDGE_CURVE('',#708,#600,#4244,.T.);
#4244 = LINE('',#4245,#4246);
#4245 = CARTESIAN_POINT('',(-1.855,-5.E-02,1.));
#4246 = VECTOR('',#4247,1.);
#4247 = DIRECTION('',(-1.,0.,0.));
#4248 = ORIENTED_EDGE('',*,*,#707,.F.);
#4249 = ORIENTED_EDGE('',*,*,#4250,.F.);
#4250 = EDGE_CURVE('',#592,#700,#4251,.T.);
#4251 = LINE('',#4252,#4253);
#4252 = CARTESIAN_POINT('',(-3.71,-5.E-02,0.46));
#4253 = VECTOR('',#4254,1.);
#4254 = DIRECTION('',(1.,0.,0.));
#4255 = ORIENTED_EDGE('',*,*,#599,.F.);
#4256 = PLANE('',#4257);
#4257 = AXIS2_PLACEMENT_3D('',#4258,#4259,#4260);
#4258 = CARTESIAN_POINT('',(-3.71,-5.E-02,0.46));
#4259 = DIRECTION('',(0.,1.,0.));
#4260 = DIRECTION('',(0.,0.,1.));
#4261 = ADVANCED_FACE('',(#4262),#4273,.T.);
#4262 = FACE_BOUND('',#4263,.T.);
#4263 = EDGE_LOOP('',(#4264,#4265,#4266,#4267));
#4264 = ORIENTED_EDGE('',*,*,#591,.F.);
#4265 = ORIENTED_EDGE('',*,*,#4250,.T.);
#4266 = ORIENTED_EDGE('',*,*,#699,.T.);
#4267 = ORIENTED_EDGE('',*,*,#4268,.T.);
#4268 = EDGE_CURVE('',#692,#584,#4269,.T.);
#4269 = LINE('',#4270,#4271);
#4270 = CARTESIAN_POINT('',(0.105,1.,0.46));
#4271 = VECTOR('',#4272,1.);
#4272 = DIRECTION('',(-1.,0.,0.));
#4273 = PLANE('',#4274);
#4274 = AXIS2_PLACEMENT_3D('',#4275,#4276,#4277);
#4275 = CARTESIAN_POINT('',(-3.71,-5.E-02,0.46));
#4276 = DIRECTION('',(0.,0.,1.));
#4277 = DIRECTION('',(1.,0.,0.));
#4278 = ADVANCED_FACE('',(#4279),#4290,.F.);
#4279 = FACE_BOUND('',#4280,.F.);
#4280 = EDGE_LOOP('',(#4281,#4287,#4288,#4289));
#4281 = ORIENTED_EDGE('',*,*,#4282,.F.);
#4282 = EDGE_CURVE('',#684,#576,#4283,.T.);
#4283 = LINE('',#4284,#4285);
#4284 = CARTESIAN_POINT('',(3.92,1.,4.E-02));
#4285 = VECTOR('',#4286,1.);
#4286 = DIRECTION('',(-1.,0.,0.));
#4287 = ORIENTED_EDGE('',*,*,#691,.T.);
#4288 = ORIENTED_EDGE('',*,*,#4268,.T.);
#4289 = ORIENTED_EDGE('',*,*,#583,.F.);
#4290 = PLANE('',#4291);
#4291 = AXIS2_PLACEMENT_3D('',#4292,#4293,#4294);
#4292 = CARTESIAN_POINT('',(3.92,1.,4.E-02));
#4293 = DIRECTION('',(0.,-1.,0.));
#4294 = DIRECTION('',(-1.,0.,0.));
#4295 = ADVANCED_FACE('',(#4296),#4307,.F.);
#4296 = FACE_BOUND('',#4297,.F.);
#4297 = EDGE_LOOP('',(#4298,#4299,#4300,#4301));
#4298 = ORIENTED_EDGE('',*,*,#511,.F.);
#4299 = ORIENTED_EDGE('',*,*,#551,.T.);
#4300 = ORIENTED_EDGE('',*,*,#623,.T.);
#4301 = ORIENTED_EDGE('',*,*,#4302,.T.);
#4302 = EDGE_CURVE('',#616,#504,#4303,.T.);
#4303 = LINE('',#4304,#4305);
#4304 = CARTESIAN_POINT('',(-2.35,-0.35,0.86));
#4305 = VECTOR('',#4306,1.);
#4306 = DIRECTION('',(-1.,0.,0.));
#4307 = PLANE('',#4308);
#4308 = AXIS2_PLACEMENT_3D('',#4309,#4310,#4311);
#4309 = CARTESIAN_POINT('',(-2.35,-0.55,0.86));
#4310 = DIRECTION('',(0.,0.,1.));
#4311 = DIRECTION('',(1.,0.,0.));
#4312 = ADVANCED_FACE('',(#4313),#4324,.T.);
#4313 = FACE_BOUND('',#4314,.T.);
#4314 = EDGE_LOOP('',(#4315,#4316,#4317,#4318));
#4315 = ORIENTED_EDGE('',*,*,#615,.F.);
#4316 = ORIENTED_EDGE('',*,*,#4302,.T.);
#4317 = ORIENTED_EDGE('',*,*,#503,.T.);
#4318 = ORIENTED_EDGE('',*,*,#4319,.F.);
#4319 = EDGE_CURVE('',#608,#496,#4320,.T.);
#4320 = LINE('',#4321,#4322);
#4321 = CARTESIAN_POINT('',(-1.175,-0.35,1.));
#4322 = VECTOR('',#4323,1.);
#4323 = DIRECTION('',(-1.,0.,0.));
#4324 = PLANE('',#4325);
#4325 = AXIS2_PLACEMENT_3D('',#4326,#4327,#4328);
#4326 = CARTESIAN_POINT('',(-2.35,-0.35,0.85));
#4327 = DIRECTION('',(0.,1.,0.));
#4328 = DIRECTION('',(0.,0.,1.));
#4329 = ADVANCED_FACE('',(#4330),#4346,.T.);
#4330 = FACE_BOUND('',#4331,.T.);
#4331 = EDGE_LOOP('',(#4332,#4333,#4339,#4340));
#4332 = ORIENTED_EDGE('',*,*,#565,.F.);
#4333 = ORIENTED_EDGE('',*,*,#4334,.F.);
#4334 = EDGE_CURVE('',#456,#566,#4335,.T.);
#4335 = LINE('',#4336,#4337);
#4336 = CARTESIAN_POINT('',(-2.35,-0.55,4.E-02));
#4337 = VECTOR('',#4338,1.);
#4338 = DIRECTION('',(1.,0.,0.));
#4339 = ORIENTED_EDGE('',*,*,#455,.T.);
#4340 = ORIENTED_EDGE('',*,*,#4341,.T.);
#4341 = EDGE_CURVE('',#425,#568,#4342,.T.);
#4342 = LINE('',#4343,#4344);
#4343 = CARTESIAN_POINT('',(-3.265,-0.55,0.35));
#4344 = VECTOR('',#4345,1.);
#4345 = DIRECTION('',(1.,0.,0.));
#4346 = PLANE('',#4347);
#4347 = AXIS2_PLACEMENT_3D('',#4348,#4349,#4350);
#4348 = CARTESIAN_POINT('',(-2.35,-0.55,4.E-02));
#4349 = DIRECTION('',(0.,1.,0.));
#4350 = DIRECTION('',(0.,0.,1.));
#4351 = ADVANCED_FACE('',(#4352),#4368,.T.);
#4352 = FACE_BOUND('',#4353,.T.);
#4353 = EDGE_LOOP('',(#4354,#4360,#4361,#4367));
#4354 = ORIENTED_EDGE('',*,*,#4355,.F.);
#4355 = EDGE_CURVE('',#488,#380,#4356,.T.);
#4356 = LINE('',#4357,#4358);
#4357 = CARTESIAN_POINT('',(-1.855,-5.E-02,1.));
#4358 = VECTOR('',#4359,1.);
#4359 = DIRECTION('',(-1.,0.,0.));
#4360 = ORIENTED_EDGE('',*,*,#487,.F.);
#4361 = ORIENTED_EDGE('',*,*,#4362,.F.);
#4362 = EDGE_CURVE('',#372,#480,#4363,.T.);
#4363 = LINE('',#4364,#4365);
#4364 = CARTESIAN_POINT('',(-3.71,-5.E-02,0.46));
#4365 = VECTOR('',#4366,1.);
#4366 = DIRECTION('',(1.,0.,0.));
#4367 = ORIENTED_EDGE('',*,*,#379,.F.);
#4368 = PLANE('',#4369);
#4369 = AXIS2_PLACEMENT_3D('',#4370,#4371,#4372);
#4370 = CARTESIAN_POINT('',(-3.71,-5.E-02,0.46));
#4371 = DIRECTION('',(0.,1.,0.));
#4372 = DIRECTION('',(0.,0.,1.));
#4373 = ADVANCED_FACE('',(#4374),#4385,.T.);
#4374 = FACE_BOUND('',#4375,.T.);
#4375 = EDGE_LOOP('',(#4376,#4377,#4378,#4379));
#4376 = ORIENTED_EDGE('',*,*,#371,.F.);
#4377 = ORIENTED_EDGE('',*,*,#4362,.T.);
#4378 = ORIENTED_EDGE('',*,*,#479,.T.);
#4379 = ORIENTED_EDGE('',*,*,#4380,.T.);
#4380 = EDGE_CURVE('',#472,#364,#4381,.T.);
#4381 = LINE('',#4382,#4383);
#4382 = CARTESIAN_POINT('',(0.105,1.,0.46));
#4383 = VECTOR('',#4384,1.);
#4384 = DIRECTION('',(-1.,0.,0.));
#4385 = PLANE('',#4386);
#4386 = AXIS2_PLACEMENT_3D('',#4387,#4388,#4389);
#4387 = CARTESIAN_POINT('',(-3.71,-5.E-02,0.46));
#4388 = DIRECTION('',(0.,0.,1.));
#4389 = DIRECTION('',(1.,0.,0.));
#4390 = ADVANCED_FACE('',(#4391),#4402,.F.);
#4391 = FACE_BOUND('',#4392,.F.);
#4392 = EDGE_LOOP('',(#4393,#4399,#4400,#4401));
#4393 = ORIENTED_EDGE('',*,*,#4394,.F.);
#4394 = EDGE_CURVE('',#464,#356,#4395,.T.);
#4395 = LINE('',#4396,#4397);
#4396 = CARTESIAN_POINT('',(3.92,1.,4.E-02));
#4397 = VECTOR('',#4398,1.);
#4398 = DIRECTION('',(-1.,0.,0.));
#4399 = ORIENTED_EDGE('',*,*,#471,.T.);
#4400 = ORIENTED_EDGE('',*,*,#4380,.T.);
#4401 = ORIENTED_EDGE('',*,*,#363,.F.);
#4402 = PLANE('',#4403);
#4403 = AXIS2_PLACEMENT_3D('',#4404,#4405,#4406);
#4404 = CARTESIAN_POINT('',(3.92,1.,4.E-02));
#4405 = DIRECTION('',(0.,-1.,0.));
#4406 = DIRECTION('',(-1.,0.,0.));
#4407 = ADVANCED_FACE('',(#4408),#4419,.F.);
#4408 = FACE_BOUND('',#4409,.F.);
#4409 = EDGE_LOOP('',(#4410,#4411,#4412,#4413));
#4410 = ORIENTED_EDGE('',*,*,#291,.F.);
#4411 = ORIENTED_EDGE('',*,*,#331,.T.);
#4412 = ORIENTED_EDGE('',*,*,#403,.T.);
#4413 = ORIENTED_EDGE('',*,*,#4414,.T.);
#4414 = EDGE_CURVE('',#396,#284,#4415,.T.);
#4415 = LINE('',#4416,#4417);
#4416 = CARTESIAN_POINT('',(-2.85,-0.35,0.86));
#4417 = VECTOR('',#4418,1.);
#4418 = DIRECTION('',(-1.,0.,0.));
#4419 = PLANE('',#4420);
#4420 = AXIS2_PLACEMENT_3D('',#4421,#4422,#4423);
#4421 = CARTESIAN_POINT('',(-2.85,-0.55,0.86));
#4422 = DIRECTION('',(0.,0.,1.));
#4423 = DIRECTION('',(1.,0.,0.));
#4424 = ADVANCED_FACE('',(#4425),#4436,.T.);
#4425 = FACE_BOUND('',#4426,.T.);
#4426 = EDGE_LOOP('',(#4427,#4428,#4429,#4430));
#4427 = ORIENTED_EDGE('',*,*,#395,.F.);
#4428 = ORIENTED_EDGE('',*,*,#4414,.T.);
#4429 = ORIENTED_EDGE('',*,*,#283,.T.);
#4430 = ORIENTED_EDGE('',*,*,#4431,.F.);
#4431 = EDGE_CURVE('',#388,#276,#4432,.T.);
#4432 = LINE('',#4433,#4434);
#4433 = CARTESIAN_POINT('',(-1.425,-0.35,1.));
#4434 = VECTOR('',#4435,1.);
#4435 = DIRECTION('',(-1.,0.,0.));
#4436 = PLANE('',#4437);
#4437 = AXIS2_PLACEMENT_3D('',#4438,#4439,#4440);
#4438 = CARTESIAN_POINT('',(-2.85,-0.35,0.85));
#4439 = DIRECTION('',(0.,1.,0.));
#4440 = DIRECTION('',(0.,0.,1.));
#4441 = ADVANCED_FACE('',(#4442),#4467,.T.);
#4442 = FACE_BOUND('',#4443,.T.);
#4443 = EDGE_LOOP('',(#4444,#4452,#4453,#4461));
#4444 = ORIENTED_EDGE('',*,*,#4445,.F.);
#4445 = EDGE_CURVE('',#268,#4446,#4448,.T.);
#4446 = VERTEX_POINT('',#4447);
#4447 = CARTESIAN_POINT('',(-3.71,-5.E-02,1.));
#4448 = LINE('',#4449,#4450);
#4449 = CARTESIAN_POINT('',(-1.855,-5.E-02,1.));
#4450 = VECTOR('',#4451,1.);
#4451 = DIRECTION('',(-1.,0.,0.));
#4452 = ORIENTED_EDGE('',*,*,#267,.F.);
#4453 = ORIENTED_EDGE('',*,*,#4454,.F.);
#4454 = EDGE_CURVE('',#4455,#260,#4457,.T.);
#4455 = VERTEX_POINT('',#4456);
#4456 = CARTESIAN_POINT('',(-3.71,-5.E-02,0.46));
#4457 = LINE('',#4458,#4459);
#4458 = CARTESIAN_POINT('',(-3.71,-5.E-02,0.46));
#4459 = VECTOR('',#4460,1.);
#4460 = DIRECTION('',(1.,0.,0.));
#4461 = ORIENTED_EDGE('',*,*,#4462,.T.);
#4462 = EDGE_CURVE('',#4455,#4446,#4463,.T.);
#4463 = LINE('',#4464,#4465);
#4464 = CARTESIAN_POINT('',(-3.71,-5.E-02,0.46));
#4465 = VECTOR('',#4466,1.);
#4466 = DIRECTION('',(0.,0.,1.));
#4467 = PLANE('',#4468);
#4468 = AXIS2_PLACEMENT_3D('',#4469,#4470,#4471);
#4469 = CARTESIAN_POINT('',(-3.71,-5.E-02,0.46));
#4470 = DIRECTION('',(0.,1.,0.));
#4471 = DIRECTION('',(0.,0.,1.));
#4472 = ADVANCED_FACE('',(#4473),#4498,.T.);
#4473 = FACE_BOUND('',#4474,.T.);
#4474 = EDGE_LOOP('',(#4475,#4476,#4484,#4492));
#4475 = ORIENTED_EDGE('',*,*,#4462,.F.);
#4476 = ORIENTED_EDGE('',*,*,#4477,.T.);
#4477 = EDGE_CURVE('',#4455,#4478,#4480,.T.);
#4478 = VERTEX_POINT('',#4479);
#4479 = CARTESIAN_POINT('',(-3.71,1.,0.46));
#4480 = LINE('',#4481,#4482);
#4481 = CARTESIAN_POINT('',(-3.71,-5.E-02,0.46));
#4482 = VECTOR('',#4483,1.);
#4483 = DIRECTION('',(0.,1.,0.));
#4484 = ORIENTED_EDGE('',*,*,#4485,.T.);
#4485 = EDGE_CURVE('',#4478,#4486,#4488,.T.);
#4486 = VERTEX_POINT('',#4487);
#4487 = CARTESIAN_POINT('',(-3.71,1.,1.));
#4488 = LINE('',#4489,#4490);
#4489 = CARTESIAN_POINT('',(-3.71,1.,0.25));
#4490 = VECTOR('',#4491,1.);
#4491 = DIRECTION('',(-0.,0.,1.));
#4492 = ORIENTED_EDGE('',*,*,#4493,.F.);
#4493 = EDGE_CURVE('',#4446,#4486,#4494,.T.);
#4494 = LINE('',#4495,#4496);
#4495 = CARTESIAN_POINT('',(-3.71,-0.25,1.));
#4496 = VECTOR('',#4497,1.);
#4497 = DIRECTION('',(0.,1.,0.));
#4498 = PLANE('',#4499);
#4499 = AXIS2_PLACEMENT_3D('',#4500,#4501,#4502);
#4500 = CARTESIAN_POINT('',(-3.71,-5.E-02,0.46));
#4501 = DIRECTION('',(1.,0.,0.));
#4502 = DIRECTION('',(0.,0.,1.));
#4503 = ADVANCED_FACE('',(#4504),#4515,.T.);
#4504 = FACE_BOUND('',#4505,.T.);
#4505 = EDGE_LOOP('',(#4506,#4507,#4508,#4509));
#4506 = ORIENTED_EDGE('',*,*,#4477,.F.);
#4507 = ORIENTED_EDGE('',*,*,#4454,.T.);
#4508 = ORIENTED_EDGE('',*,*,#259,.T.);
#4509 = ORIENTED_EDGE('',*,*,#4510,.T.);
#4510 = EDGE_CURVE('',#252,#4478,#4511,.T.);
#4511 = LINE('',#4512,#4513);
#4512 = CARTESIAN_POINT('',(0.105,1.,0.46));
#4513 = VECTOR('',#4514,1.);
#4514 = DIRECTION('',(-1.,0.,0.));
#4515 = PLANE('',#4516);
#4516 = AXIS2_PLACEMENT_3D('',#4517,#4518,#4519);
#4517 = CARTESIAN_POINT('',(-3.71,-5.E-02,0.46));
#4518 = DIRECTION('',(0.,0.,1.));
#4519 = DIRECTION('',(1.,0.,0.));
#4520 = ADVANCED_FACE('',(#4521),#4548,.F.);
#4521 = FACE_BOUND('',#4522,.F.);
#4522 = EDGE_LOOP('',(#4523,#4531,#4532,#4533,#4534,#4542));
#4523 = ORIENTED_EDGE('',*,*,#4524,.F.);
#4524 = EDGE_CURVE('',#244,#4525,#4527,.T.);
#4525 = VERTEX_POINT('',#4526);
#4526 = CARTESIAN_POINT('',(-3.909644660941,1.,4.E-02));
#4527 = LINE('',#4528,#4529);
#4528 = CARTESIAN_POINT('',(3.92,1.,4.E-02));
#4529 = VECTOR('',#4530,1.);
#4530 = DIRECTION('',(-1.,0.,0.));
#4531 = ORIENTED_EDGE('',*,*,#251,.T.);
#4532 = ORIENTED_EDGE('',*,*,#4510,.T.);
#4533 = ORIENTED_EDGE('',*,*,#4485,.T.);
#4534 = ORIENTED_EDGE('',*,*,#4535,.T.);
#4535 = EDGE_CURVE('',#4486,#4536,#4538,.T.);
#4536 = VERTEX_POINT('',#4537);
#4537 = CARTESIAN_POINT('',(-3.909644660941,1.,1.));
#4538 = LINE('',#4539,#4540);
#4539 = CARTESIAN_POINT('',(3.92,1.,1.));
#4540 = VECTOR('',#4541,1.);
#4541 = DIRECTION('',(-1.,0.,0.));
#4542 = ORIENTED_EDGE('',*,*,#4543,.F.);
#4543 = EDGE_CURVE('',#4525,#4536,#4544,.T.);
#4544 = LINE('',#4545,#4546);
#4545 = CARTESIAN_POINT('',(-3.909644660941,1.,4.E-02));
#4546 = VECTOR('',#4547,1.);
#4547 = DIRECTION('',(0.,0.,1.));
#4548 = PLANE('',#4549);
#4549 = AXIS2_PLACEMENT_3D('',#4550,#4551,#4552);
#4550 = CARTESIAN_POINT('',(3.92,1.,4.E-02));
#4551 = DIRECTION('',(0.,-1.,0.));
#4552 = DIRECTION('',(-1.,0.,0.));
#4553 = ADVANCED_FACE('',(#4554),#4581,.T.);
#4554 = FACE_BOUND('',#4555,.T.);
#4555 = EDGE_LOOP('',(#4556,#4565,#4573,#4580));
#4556 = ORIENTED_EDGE('',*,*,#4557,.T.);
#4557 = EDGE_CURVE('',#4525,#4558,#4560,.T.);
#4558 = VERTEX_POINT('',#4559);
#4559 = CARTESIAN_POINT('',(-3.92732233047,0.99267766953,4.E-02));
#4560 = CIRCLE('',#4561,2.5E-02);
#4561 = AXIS2_PLACEMENT_3D('',#4562,#4563,#4564);
#4562 = CARTESIAN_POINT('',(-3.909644660941,0.975,4.E-02));
#4563 = DIRECTION('',(0.,0.,1.));
#4564 = DIRECTION('',(0.,-1.,0.));
#4565 = ORIENTED_EDGE('',*,*,#4566,.T.);
#4566 = EDGE_CURVE('',#4558,#4567,#4569,.T.);
#4567 = VERTEX_POINT('',#4568);
#4568 = CARTESIAN_POINT('',(-3.92732233047,0.99267766953,1.));
#4569 = LINE('',#4570,#4571);
#4570 = CARTESIAN_POINT('',(-3.92732233047,0.99267766953,4.E-02));
#4571 = VECTOR('',#4572,1.);
#4572 = DIRECTION('',(0.,0.,1.));
#4573 = ORIENTED_EDGE('',*,*,#4574,.F.);
#4574 = EDGE_CURVE('',#4536,#4567,#4575,.T.);
#4575 = CIRCLE('',#4576,2.5E-02);
#4576 = AXIS2_PLACEMENT_3D('',#4577,#4578,#4579);
#4577 = CARTESIAN_POINT('',(-3.909644660941,0.975,1.));
#4578 = DIRECTION('',(0.,0.,1.));
#4579 = DIRECTION('',(0.,-1.,0.));
#4580 = ORIENTED_EDGE('',*,*,#4543,.F.);
#4581 = CYLINDRICAL_SURFACE('',#4582,2.5E-02);
#4582 = AXIS2_PLACEMENT_3D('',#4583,#4584,#4585);
#4583 = CARTESIAN_POINT('',(-3.909644660941,0.975,4.E-02));
#4584 = DIRECTION('',(0.,0.,1.));
#4585 = DIRECTION('',(-0.,1.,0.));
#4586 = ADVANCED_FACE('',(#4587),#4612,.F.);
#4587 = FACE_BOUND('',#4588,.F.);
#4588 = EDGE_LOOP('',(#4589,#4597,#4598,#4606));
#4589 = ORIENTED_EDGE('',*,*,#4590,.F.);
#4590 = EDGE_CURVE('',#4558,#4591,#4593,.T.);
#4591 = VERTEX_POINT('',#4592);
#4592 = CARTESIAN_POINT('',(-3.99267766953,0.92732233047,4.E-02));
#4593 = LINE('',#4594,#4595);
#4594 = CARTESIAN_POINT('',(-3.92,1.,4.E-02));
#4595 = VECTOR('',#4596,1.);
#4596 = DIRECTION('',(-0.707106781187,-0.707106781187,0.));
#4597 = ORIENTED_EDGE('',*,*,#4566,.T.);
#4598 = ORIENTED_EDGE('',*,*,#4599,.T.);
#4599 = EDGE_CURVE('',#4567,#4600,#4602,.T.);
#4600 = VERTEX_POINT('',#4601);
#4601 = CARTESIAN_POINT('',(-3.99267766953,0.92732233047,1.));
#4602 = LINE('',#4603,#4604);
#4603 = CARTESIAN_POINT('',(-3.92,1.,1.));
#4604 = VECTOR('',#4605,1.);
#4605 = DIRECTION('',(-0.707106781187,-0.707106781187,0.));
#4606 = ORIENTED_EDGE('',*,*,#4607,.F.);
#4607 = EDGE_CURVE('',#4591,#4600,#4608,.T.);
#4608 = LINE('',#4609,#4610);
#4609 = CARTESIAN_POINT('',(-3.99267766953,0.92732233047,4.E-02));
#4610 = VECTOR('',#4611,1.);
#4611 = DIRECTION('',(0.,0.,1.));
#4612 = PLANE('',#4613);
#4613 = AXIS2_PLACEMENT_3D('',#4614,#4615,#4616);
#4614 = CARTESIAN_POINT('',(-3.92,1.,4.E-02));
#4615 = DIRECTION('',(0.707106781187,-0.707106781187,0.));
#4616 = DIRECTION('',(-0.707106781187,-0.707106781187,0.));
#4617 = ADVANCED_FACE('',(#4618),#4645,.T.);
#4618 = FACE_BOUND('',#4619,.T.);
#4619 = EDGE_LOOP('',(#4620,#4629,#4637,#4644));
#4620 = ORIENTED_EDGE('',*,*,#4621,.T.);
#4621 = EDGE_CURVE('',#4591,#4622,#4624,.T.);
#4622 = VERTEX_POINT('',#4623);
#4623 = CARTESIAN_POINT('',(-4.,0.909644660941,4.E-02));
#4624 = CIRCLE('',#4625,2.5E-02);
#4625 = AXIS2_PLACEMENT_3D('',#4626,#4627,#4628);
#4626 = CARTESIAN_POINT('',(-3.975,0.909644660941,4.E-02));
#4627 = DIRECTION('',(0.,0.,1.));
#4628 = DIRECTION('',(0.,-1.,0.));
#4629 = ORIENTED_EDGE('',*,*,#4630,.T.);
#4630 = EDGE_CURVE('',#4622,#4631,#4633,.T.);
#4631 = VERTEX_POINT('',#4632);
#4632 = CARTESIAN_POINT('',(-4.,0.909644660941,1.));
#4633 = LINE('',#4634,#4635);
#4634 = CARTESIAN_POINT('',(-4.,0.909644660941,4.E-02));
#4635 = VECTOR('',#4636,1.);
#4636 = DIRECTION('',(0.,0.,1.));
#4637 = ORIENTED_EDGE('',*,*,#4638,.F.);
#4638 = EDGE_CURVE('',#4600,#4631,#4639,.T.);
#4639 = CIRCLE('',#4640,2.5E-02);
#4640 = AXIS2_PLACEMENT_3D('',#4641,#4642,#4643);
#4641 = CARTESIAN_POINT('',(-3.975,0.909644660941,1.));
#4642 = DIRECTION('',(0.,0.,1.));
#4643 = DIRECTION('',(0.,-1.,0.));
#4644 = ORIENTED_EDGE('',*,*,#4607,.F.);
#4645 = CYLINDRICAL_SURFACE('',#4646,2.5E-02);
#4646 = AXIS2_PLACEMENT_3D('',#4647,#4648,#4649);
#4647 = CARTESIAN_POINT('',(-3.975,0.909644660941,4.E-02));
#4648 = DIRECTION('',(0.,0.,1.));
#4649 = DIRECTION('',(-0.707106781187,0.707106781187,0.));
#4650 = ADVANCED_FACE('',(#4651),#4676,.F.);
#4651 = FACE_BOUND('',#4652,.F.);
#4652 = EDGE_LOOP('',(#4653,#4661,#4662,#4670));
#4653 = ORIENTED_EDGE('',*,*,#4654,.F.);
#4654 = EDGE_CURVE('',#4622,#4655,#4657,.T.);
#4655 = VERTEX_POINT('',#4656);
#4656 = CARTESIAN_POINT('',(-4.,-1.809644660941,4.E-02));
#4657 = LINE('',#4658,#4659);
#4658 = CARTESIAN_POINT('',(-4.,0.92,4.E-02));
#4659 = VECTOR('',#4660,1.);
#4660 = DIRECTION('',(0.,-1.,0.));
#4661 = ORIENTED_EDGE('',*,*,#4630,.T.);
#4662 = ORIENTED_EDGE('',*,*,#4663,.T.);
#4663 = EDGE_CURVE('',#4631,#4664,#4666,.T.);
#4664 = VERTEX_POINT('',#4665);
#4665 = CARTESIAN_POINT('',(-4.,-1.809644660941,1.));
#4666 = LINE('',#4667,#4668);
#4667 = CARTESIAN_POINT('',(-4.,0.92,1.));
#4668 = VECTOR('',#4669,1.);
#4669 = DIRECTION('',(0.,-1.,0.));
#4670 = ORIENTED_EDGE('',*,*,#4671,.F.);
#4671 = EDGE_CURVE('',#4655,#4664,#4672,.T.);
#4672 = LINE('',#4673,#4674);
#4673 = CARTESIAN_POINT('',(-4.,-1.809644660941,4.E-02));
#4674 = VECTOR('',#4675,1.);
#4675 = DIRECTION('',(0.,0.,1.));
#4676 = PLANE('',#4677);
#4677 = AXIS2_PLACEMENT_3D('',#4678,#4679,#4680);
#4678 = CARTESIAN_POINT('',(-4.,0.92,4.E-02));
#4679 = DIRECTION('',(1.,0.,-0.));
#4680 = DIRECTION('',(0.,-1.,0.));
#4681 = ADVANCED_FACE('',(#4682),#4709,.T.);
#4682 = FACE_BOUND('',#4683,.T.);
#4683 = EDGE_LOOP('',(#4684,#4693,#4701,#4708));
#4684 = ORIENTED_EDGE('',*,*,#4685,.T.);
#4685 = EDGE_CURVE('',#4655,#4686,#4688,.T.);
#4686 = VERTEX_POINT('',#4687);
#4687 = CARTESIAN_POINT('',(-3.99267766953,-1.82732233047,4.E-02));
#4688 = CIRCLE('',#4689,2.5E-02);
#4689 = AXIS2_PLACEMENT_3D('',#4690,#4691,#4692);
#4690 = CARTESIAN_POINT('',(-3.975,-1.809644660941,4.E-02));
#4691 = DIRECTION('',(0.,0.,1.));
#4692 = DIRECTION('',(0.,-1.,0.));
#4693 = ORIENTED_EDGE('',*,*,#4694,.T.);
#4694 = EDGE_CURVE('',#4686,#4695,#4697,.T.);
#4695 = VERTEX_POINT('',#4696);
#4696 = CARTESIAN_POINT('',(-3.99267766953,-1.82732233047,1.));
#4697 = LINE('',#4698,#4699);
#4698 = CARTESIAN_POINT('',(-3.99267766953,-1.82732233047,4.E-02));
#4699 = VECTOR('',#4700,1.);
#4700 = DIRECTION('',(0.,0.,1.));
#4701 = ORIENTED_EDGE('',*,*,#4702,.F.);
#4702 = EDGE_CURVE('',#4664,#4695,#4703,.T.);
#4703 = CIRCLE('',#4704,2.5E-02);
#4704 = AXIS2_PLACEMENT_3D('',#4705,#4706,#4707);
#4705 = CARTESIAN_POINT('',(-3.975,-1.809644660941,1.));
#4706 = DIRECTION('',(0.,0.,1.));
#4707 = DIRECTION('',(0.,-1.,0.));
#4708 = ORIENTED_EDGE('',*,*,#4671,.F.);
#4709 = CYLINDRICAL_SURFACE('',#4710,2.5E-02);
#4710 = AXIS2_PLACEMENT_3D('',#4711,#4712,#4713);
#4711 = CARTESIAN_POINT('',(-3.975,-1.809644660941,4.E-02));
#4712 = DIRECTION('',(0.,0.,1.));
#4713 = DIRECTION('',(-1.,0.,0.));
#4714 = ADVANCED_FACE('',(#4715),#4740,.F.);
#4715 = FACE_BOUND('',#4716,.F.);
#4716 = EDGE_LOOP('',(#4717,#4725,#4726,#4734));
#4717 = ORIENTED_EDGE('',*,*,#4718,.F.);
#4718 = EDGE_CURVE('',#4686,#4719,#4721,.T.);
#4719 = VERTEX_POINT('',#4720);
#4720 = CARTESIAN_POINT('',(-3.92732233047,-1.89267766953,4.E-02));
#4721 = LINE('',#4722,#4723);
#4722 = CARTESIAN_POINT('',(-4.,-1.82,4.E-02));
#4723 = VECTOR('',#4724,1.);
#4724 = DIRECTION('',(0.707106781187,-0.707106781187,0.));
#4725 = ORIENTED_EDGE('',*,*,#4694,.T.);
#4726 = ORIENTED_EDGE('',*,*,#4727,.T.);
#4727 = EDGE_CURVE('',#4695,#4728,#4730,.T.);
#4728 = VERTEX_POINT('',#4729);
#4729 = CARTESIAN_POINT('',(-3.92732233047,-1.89267766953,1.));
#4730 = LINE('',#4731,#4732);
#4731 = CARTESIAN_POINT('',(-4.,-1.82,1.));
#4732 = VECTOR('',#4733,1.);
#4733 = DIRECTION('',(0.707106781187,-0.707106781187,0.));
#4734 = ORIENTED_EDGE('',*,*,#4735,.F.);
#4735 = EDGE_CURVE('',#4719,#4728,#4736,.T.);
#4736 = LINE('',#4737,#4738);
#4737 = CARTESIAN_POINT('',(-3.92732233047,-1.89267766953,4.E-02));
#4738 = VECTOR('',#4739,1.);
#4739 = DIRECTION('',(0.,0.,1.));
#4740 = PLANE('',#4741);
#4741 = AXIS2_PLACEMENT_3D('',#4742,#4743,#4744);
#4742 = CARTESIAN_POINT('',(-4.,-1.82,4.E-02));
#4743 = DIRECTION('',(0.707106781187,0.707106781187,-0.));
#4744 = DIRECTION('',(0.707106781187,-0.707106781187,0.));
#4745 = ADVANCED_FACE('',(#4746),#4762,.T.);
#4746 = FACE_BOUND('',#4747,.T.);
#4747 = EDGE_LOOP('',(#4748,#4749,#4755,#4756));
#4748 = ORIENTED_EDGE('',*,*,#345,.F.);
#4749 = ORIENTED_EDGE('',*,*,#4750,.F.);
#4750 = EDGE_CURVE('',#236,#346,#4751,.T.);
#4751 = LINE('',#4752,#4753);
#4752 = CARTESIAN_POINT('',(-2.85,-0.55,4.E-02));
#4753 = VECTOR('',#4754,1.);
#4754 = DIRECTION('',(1.,0.,0.));
#4755 = ORIENTED_EDGE('',*,*,#235,.T.);
#4756 = ORIENTED_EDGE('',*,*,#4757,.T.);
#4757 = EDGE_CURVE('',#205,#348,#4758,.T.);
#4758 = LINE('',#4759,#4760);
#4759 = CARTESIAN_POINT('',(-3.265,-0.55,0.35));
#4760 = VECTOR('',#4761,1.);
#4761 = DIRECTION('',(1.,0.,0.));
#4762 = PLANE('',#4763);
#4763 = AXIS2_PLACEMENT_3D('',#4764,#4765,#4766);
#4764 = CARTESIAN_POINT('',(-2.85,-0.55,4.E-02));
#4765 = DIRECTION('',(0.,1.,0.));
#4766 = DIRECTION('',(0.,0.,1.));
#4767 = ADVANCED_FACE('',(#4768),#4803,.T.);
#4768 = FACE_BOUND('',#4769,.T.);
#4769 = EDGE_LOOP('',(#4770,#4771,#4772,#4778,#4779,#4780,#4781,#4782,
    #4783,#4784,#4785,#4786,#4787,#4788,#4789,#4790,#4791,#4792,#4793,
    #4794,#4795,#4796,#4797,#4798,#4799,#4800,#4801,#4802));
#4770 = ORIENTED_EDGE('',*,*,#182,.F.);
#4771 = ORIENTED_EDGE('',*,*,#151,.T.);
#4772 = ORIENTED_EDGE('',*,*,#4773,.T.);
#4773 = EDGE_CURVE('',#152,#2845,#4774,.T.);
#4774 = LINE('',#4775,#4776);
#4775 = CARTESIAN_POINT('',(3.265,-1.95,0.35));
#4776 = VECTOR('',#4777,1.);
#4777 = DIRECTION('',(0.,1.,0.));
#4778 = ORIENTED_EDGE('',*,*,#2844,.F.);
#4779 = ORIENTED_EDGE('',*,*,#3221,.F.);
#4780 = ORIENTED_EDGE('',*,*,#2624,.F.);
#4781 = ORIENTED_EDGE('',*,*,#3333,.F.);
#4782 = ORIENTED_EDGE('',*,*,#2404,.F.);
#4783 = ORIENTED_EDGE('',*,*,#3445,.F.);
#4784 = ORIENTED_EDGE('',*,*,#2184,.F.);
#4785 = ORIENTED_EDGE('',*,*,#3557,.F.);
#4786 = ORIENTED_EDGE('',*,*,#1964,.F.);
#4787 = ORIENTED_EDGE('',*,*,#3669,.F.);
#4788 = ORIENTED_EDGE('',*,*,#1744,.F.);
#4789 = ORIENTED_EDGE('',*,*,#3781,.F.);
#4790 = ORIENTED_EDGE('',*,*,#1524,.F.);
#4791 = ORIENTED_EDGE('',*,*,#3893,.F.);
#4792 = ORIENTED_EDGE('',*,*,#1304,.F.);
#4793 = ORIENTED_EDGE('',*,*,#4005,.F.);
#4794 = ORIENTED_EDGE('',*,*,#1084,.F.);
#4795 = ORIENTED_EDGE('',*,*,#4117,.F.);
#4796 = ORIENTED_EDGE('',*,*,#864,.F.);
#4797 = ORIENTED_EDGE('',*,*,#4229,.F.);
#4798 = ORIENTED_EDGE('',*,*,#644,.F.);
#4799 = ORIENTED_EDGE('',*,*,#4341,.F.);
#4800 = ORIENTED_EDGE('',*,*,#424,.F.);
#4801 = ORIENTED_EDGE('',*,*,#4757,.F.);
#4802 = ORIENTED_EDGE('',*,*,#204,.F.);
#4803 = PLANE('',#4804);
#4804 = AXIS2_PLACEMENT_3D('',#4805,#4806,#4807);
#4805 = CARTESIAN_POINT('',(-3.265,-1.95,0.35));
#4806 = DIRECTION('',(0.,0.,1.));
#4807 = DIRECTION('',(1.,0.,0.));
#4808 = ADVANCED_FACE('',(#4809),#4820,.F.);
#4809 = FACE_BOUND('',#4810,.F.);
#4810 = EDGE_LOOP('',(#4811,#4817,#4818,#4819));
#4811 = ORIENTED_EDGE('',*,*,#4812,.F.);
#4812 = EDGE_CURVE('',#136,#2854,#4813,.T.);
#4813 = LINE('',#4814,#4815);
#4814 = CARTESIAN_POINT('',(3.265,-1.95,0.65));
#4815 = VECTOR('',#4816,1.);
#4816 = DIRECTION('',(0.,1.,0.));
#4817 = ORIENTED_EDGE('',*,*,#159,.T.);
#4818 = ORIENTED_EDGE('',*,*,#4773,.T.);
#4819 = ORIENTED_EDGE('',*,*,#2861,.T.);
#4820 = PLANE('',#4821);
#4821 = AXIS2_PLACEMENT_3D('',#4822,#4823,#4824);
#4822 = CARTESIAN_POINT('',(3.265,-1.95,0.35));
#4823 = DIRECTION('',(1.,0.,0.));
#4824 = DIRECTION('',(0.,0.,1.));
#4825 = ADVANCED_FACE('',(#4826),#4856,.F.);
#4826 = FACE_BOUND('',#4827,.F.);
#4827 = EDGE_LOOP('',(#4828,#4829,#4830,#4831,#4832,#4833,#4834,#4835,
    #4836,#4837,#4838,#4839,#4840,#4841,#4842,#4843,#4844,#4845,#4846,
    #4847,#4848,#4849,#4850,#4851,#4852,#4853,#4854,#4855));
#4828 = ORIENTED_EDGE('',*,*,#173,.F.);
#4829 = ORIENTED_EDGE('',*,*,#133,.T.);
#4830 = ORIENTED_EDGE('',*,*,#4812,.T.);
#4831 = ORIENTED_EDGE('',*,*,#2853,.F.);
#4832 = ORIENTED_EDGE('',*,*,#2744,.F.);
#4833 = ORIENTED_EDGE('',*,*,#2633,.F.);
#4834 = ORIENTED_EDGE('',*,*,#2524,.F.);
#4835 = ORIENTED_EDGE('',*,*,#2413,.F.);
#4836 = ORIENTED_EDGE('',*,*,#2304,.F.);
#4837 = ORIENTED_EDGE('',*,*,#2193,.F.);
#4838 = ORIENTED_EDGE('',*,*,#2084,.F.);
#4839 = ORIENTED_EDGE('',*,*,#1973,.F.);
#4840 = ORIENTED_EDGE('',*,*,#1864,.F.);
#4841 = ORIENTED_EDGE('',*,*,#1753,.F.);
#4842 = ORIENTED_EDGE('',*,*,#1644,.F.);
#4843 = ORIENTED_EDGE('',*,*,#1533,.F.);
#4844 = ORIENTED_EDGE('',*,*,#1424,.F.);
#4845 = ORIENTED_EDGE('',*,*,#1313,.F.);
#4846 = ORIENTED_EDGE('',*,*,#1204,.F.);
#4847 = ORIENTED_EDGE('',*,*,#1093,.F.);
#4848 = ORIENTED_EDGE('',*,*,#984,.F.);
#4849 = ORIENTED_EDGE('',*,*,#873,.F.);
#4850 = ORIENTED_EDGE('',*,*,#764,.F.);
#4851 = ORIENTED_EDGE('',*,*,#653,.F.);
#4852 = ORIENTED_EDGE('',*,*,#544,.F.);
#4853 = ORIENTED_EDGE('',*,*,#433,.F.);
#4854 = ORIENTED_EDGE('',*,*,#324,.F.);
#4855 = ORIENTED_EDGE('',*,*,#213,.F.);
#4856 = PLANE('',#4857);
#4857 = AXIS2_PLACEMENT_3D('',#4858,#4859,#4860);
#4858 = CARTESIAN_POINT('',(-3.265,-1.95,0.65));
#4859 = DIRECTION('',(0.,0.,1.));
#4860 = DIRECTION('',(1.,0.,0.));
#4861 = ADVANCED_FACE('',(#4862,#4944),#4970,.T.);
#4862 = FACE_BOUND('',#4863,.T.);
#4863 = EDGE_LOOP('',(#4864,#4871,#4872,#4879,#4880,#4881,#4882,#4883,
    #4884,#4885,#4886,#4887,#4888,#4889,#4890,#4891,#4892,#4893,#4894,
    #4895,#4896,#4897,#4898,#4899,#4900,#4901,#4902,#4903,#4904,#4905,
    #4906,#4907,#4908,#4909,#4910,#4911,#4912,#4913,#4914,#4915,#4916,
    #4917,#4918,#4919,#4920,#4921,#4922,#4923,#4924,#4925,#4926,#4927,
    #4928,#4929,#4930,#4931,#4932,#4933,#4934,#4935,#4936,#4937,#4938,
    #4939,#4940,#4941,#4942,#4943));
#4864 = ORIENTED_EDGE('',*,*,#4865,.F.);
#4865 = EDGE_CURVE('',#110,#4728,#4866,.T.);
#4866 = CIRCLE('',#4867,2.5E-02);
#4867 = AXIS2_PLACEMENT_3D('',#4868,#4869,#4870);
#4868 = CARTESIAN_POINT('',(-3.909644660941,-1.875,1.));
#4869 = DIRECTION('',(-0.,-0.,-1.));
#4870 = DIRECTION('',(0.,-1.,0.));
#4871 = ORIENTED_EDGE('',*,*,#117,.T.);
#4872 = ORIENTED_EDGE('',*,*,#4873,.T.);
#4873 = EDGE_CURVE('',#118,#3157,#4874,.T.);
#4874 = CIRCLE('',#4875,2.5E-02);
#4875 = AXIS2_PLACEMENT_3D('',#4876,#4877,#4878);
#4876 = CARTESIAN_POINT('',(3.909644660941,-1.875,1.));
#4877 = DIRECTION('',(0.,0.,1.));
#4878 = DIRECTION('',(0.,-1.,0.));
#4879 = ORIENTED_EDGE('',*,*,#3164,.T.);
#4880 = ORIENTED_EDGE('',*,*,#3125,.T.);
#4881 = ORIENTED_EDGE('',*,*,#3100,.T.);
#4882 = ORIENTED_EDGE('',*,*,#3061,.T.);
#4883 = ORIENTED_EDGE('',*,*,#3036,.T.);
#4884 = ORIENTED_EDGE('',*,*,#2997,.T.);
#4885 = ORIENTED_EDGE('',*,*,#2970,.T.);
#4886 = ORIENTED_EDGE('',*,*,#2923,.F.);
#4887 = ORIENTED_EDGE('',*,*,#2892,.T.);
#4888 = ORIENTED_EDGE('',*,*,#2807,.F.);
#4889 = ORIENTED_EDGE('',*,*,#3199,.T.);
#4890 = ORIENTED_EDGE('',*,*,#2695,.T.);
#4891 = ORIENTED_EDGE('',*,*,#3235,.T.);
#4892 = ORIENTED_EDGE('',*,*,#2587,.F.);
#4893 = ORIENTED_EDGE('',*,*,#3311,.T.);
#4894 = ORIENTED_EDGE('',*,*,#2475,.T.);
#4895 = ORIENTED_EDGE('',*,*,#3347,.T.);
#4896 = ORIENTED_EDGE('',*,*,#2367,.F.);
#4897 = ORIENTED_EDGE('',*,*,#3423,.T.);
#4898 = ORIENTED_EDGE('',*,*,#2255,.T.);
#4899 = ORIENTED_EDGE('',*,*,#3459,.T.);
#4900 = ORIENTED_EDGE('',*,*,#2147,.F.);
#4901 = ORIENTED_EDGE('',*,*,#3535,.T.);
#4902 = ORIENTED_EDGE('',*,*,#2035,.T.);
#4903 = ORIENTED_EDGE('',*,*,#3571,.T.);
#4904 = ORIENTED_EDGE('',*,*,#1927,.F.);
#4905 = ORIENTED_EDGE('',*,*,#3647,.T.);
#4906 = ORIENTED_EDGE('',*,*,#1815,.T.);
#4907 = ORIENTED_EDGE('',*,*,#3683,.T.);
#4908 = ORIENTED_EDGE('',*,*,#1707,.F.);
#4909 = ORIENTED_EDGE('',*,*,#3759,.T.);
#4910 = ORIENTED_EDGE('',*,*,#1595,.T.);
#4911 = ORIENTED_EDGE('',*,*,#3795,.T.);
#4912 = ORIENTED_EDGE('',*,*,#1487,.F.);
#4913 = ORIENTED_EDGE('',*,*,#3871,.T.);
#4914 = ORIENTED_EDGE('',*,*,#1375,.T.);
#4915 = ORIENTED_EDGE('',*,*,#3907,.T.);
#4916 = ORIENTED_EDGE('',*,*,#1267,.F.);
#4917 = ORIENTED_EDGE('',*,*,#3983,.T.);
#4918 = ORIENTED_EDGE('',*,*,#1155,.T.);
#4919 = ORIENTED_EDGE('',*,*,#4019,.T.);
#4920 = ORIENTED_EDGE('',*,*,#1047,.F.);
#4921 = ORIENTED_EDGE('',*,*,#4095,.T.);
#4922 = ORIENTED_EDGE('',*,*,#935,.T.);
#4923 = ORIENTED_EDGE('',*,*,#4131,.T.);
#4924 = ORIENTED_EDGE('',*,*,#827,.F.);
#4925 = ORIENTED_EDGE('',*,*,#4207,.T.);
#4926 = ORIENTED_EDGE('',*,*,#715,.T.);
#4927 = ORIENTED_EDGE('',*,*,#4243,.T.);
#4928 = ORIENTED_EDGE('',*,*,#607,.F.);
#4929 = ORIENTED_EDGE('',*,*,#4319,.T.);
#4930 = ORIENTED_EDGE('',*,*,#495,.T.);
#4931 = ORIENTED_EDGE('',*,*,#4355,.T.);
#4932 = ORIENTED_EDGE('',*,*,#387,.F.);
#4933 = ORIENTED_EDGE('',*,*,#4431,.T.);
#4934 = ORIENTED_EDGE('',*,*,#275,.T.);
#4935 = ORIENTED_EDGE('',*,*,#4445,.T.);
#4936 = ORIENTED_EDGE('',*,*,#4493,.T.);
#4937 = ORIENTED_EDGE('',*,*,#4535,.T.);
#4938 = ORIENTED_EDGE('',*,*,#4574,.T.);
#4939 = ORIENTED_EDGE('',*,*,#4599,.T.);
#4940 = ORIENTED_EDGE('',*,*,#4638,.T.);
#4941 = ORIENTED_EDGE('',*,*,#4663,.T.);
#4942 = ORIENTED_EDGE('',*,*,#4702,.T.);
#4943 = ORIENTED_EDGE('',*,*,#4727,.T.);
#4944 = FACE_BOUND('',#4945,.T.);
#4945 = EDGE_LOOP('',(#4946,#4956,#4964));
#4946 = ORIENTED_EDGE('',*,*,#4947,.T.);
#4947 = EDGE_CURVE('',#4948,#4950,#4952,.T.);
#4948 = VERTEX_POINT('',#4949);
#4949 = CARTESIAN_POINT('',(-3.475,-1.2,1.));
#4950 = VERTEX_POINT('',#4951);
#4951 = CARTESIAN_POINT('',(-3.35,-1.47,1.));
#4952 = LINE('',#4953,#4954);
#4953 = CARTESIAN_POINT('',(-3.248792713923,-1.688607737927,1.));
#4954 = VECTOR('',#4955,1.);
#4955 = DIRECTION('',(0.420123568111,-0.90746690712,0.));
#4956 = ORIENTED_EDGE('',*,*,#4957,.T.);
#4957 = EDGE_CURVE('',#4950,#4958,#4960,.T.);
#4958 = VERTEX_POINT('',#4959);
#4959 = CARTESIAN_POINT('',(-3.6,-1.47,1.));
#4960 = LINE('',#4961,#4962);
#4961 = CARTESIAN_POINT('',(-1.8,-1.47,1.));
#4962 = VECTOR('',#4963,1.);
#4963 = DIRECTION('',(-1.,0.,0.));
#4964 = ORIENTED_EDGE('',*,*,#4965,.T.);
#4965 = EDGE_CURVE('',#4958,#4948,#4966,.T.);
#4966 = LINE('',#4967,#4968);
#4967 = CARTESIAN_POINT('',(-3.025356537701,-0.228770121435,1.));
#4968 = VECTOR('',#4969,1.);
#4969 = DIRECTION('',(0.420123568111,0.90746690712,-0.));
#4970 = PLANE('',#4971);
#4971 = AXIS2_PLACEMENT_3D('',#4972,#4973,#4974);
#4972 = CARTESIAN_POINT('',(-3.852702862112E-17,-0.45,1.));
#4973 = DIRECTION('',(0.,0.,1.));
#4974 = DIRECTION('',(1.,0.,-0.));
#4975 = ADVANCED_FACE('',(#4976),#5001,.T.);
#4976 = FACE_BOUND('',#4977,.T.);
#4977 = EDGE_LOOP('',(#4978,#4988,#4994,#4995));
#4978 = ORIENTED_EDGE('',*,*,#4979,.F.);
#4979 = EDGE_CURVE('',#4980,#4982,#4984,.T.);
#4980 = VERTEX_POINT('',#4981);
#4981 = CARTESIAN_POINT('',(-3.6,-1.47,0.982));
#4982 = VERTEX_POINT('',#4983);
#4983 = CARTESIAN_POINT('',(-3.35,-1.47,0.982));
#4984 = LINE('',#4985,#4986);
#4985 = CARTESIAN_POINT('',(-3.6,-1.47,0.982));
#4986 = VECTOR('',#4987,1.);
#4987 = DIRECTION('',(1.,0.,0.));
#4988 = ORIENTED_EDGE('',*,*,#4989,.T.);
#4989 = EDGE_CURVE('',#4980,#4958,#4990,.T.);
#4990 = LINE('',#4991,#4992);
#4991 = CARTESIAN_POINT('',(-3.6,-1.47,0.982));
#4992 = VECTOR('',#4993,1.);
#4993 = DIRECTION('',(0.,0.,1.));
#4994 = ORIENTED_EDGE('',*,*,#4957,.F.);
#4995 = ORIENTED_EDGE('',*,*,#4996,.F.);
#4996 = EDGE_CURVE('',#4982,#4950,#4997,.T.);
#4997 = LINE('',#4998,#4999);
#4998 = CARTESIAN_POINT('',(-3.35,-1.47,0.982));
#4999 = VECTOR('',#5000,1.);
#5000 = DIRECTION('',(0.,0.,1.));
#5001 = PLANE('',#5002);
#5002 = AXIS2_PLACEMENT_3D('',#5003,#5004,#5005);
#5003 = CARTESIAN_POINT('',(-3.6,-1.47,0.982));
#5004 = DIRECTION('',(0.,1.,0.));
#5005 = DIRECTION('',(1.,0.,0.));
#5006 = ADVANCED_FACE('',(#5007),#5024,.T.);
#5007 = FACE_BOUND('',#5008,.T.);
#5008 = EDGE_LOOP('',(#5009,#5010,#5018));
#5009 = ORIENTED_EDGE('',*,*,#4979,.T.);
#5010 = ORIENTED_EDGE('',*,*,#5011,.T.);
#5011 = EDGE_CURVE('',#4982,#5012,#5014,.T.);
#5012 = VERTEX_POINT('',#5013);
#5013 = CARTESIAN_POINT('',(-3.475,-1.2,0.982));
#5014 = LINE('',#5015,#5016);
#5015 = CARTESIAN_POINT('',(-3.35,-1.47,0.982));
#5016 = VECTOR('',#5017,1.);
#5017 = DIRECTION('',(-0.420123568111,0.90746690712,0.));
#5018 = ORIENTED_EDGE('',*,*,#5019,.T.);
#5019 = EDGE_CURVE('',#5012,#4980,#5020,.T.);
#5020 = LINE('',#5021,#5022);
#5021 = CARTESIAN_POINT('',(-3.475,-1.2,0.982));
#5022 = VECTOR('',#5023,1.);
#5023 = DIRECTION('',(-0.420123568111,-0.90746690712,0.));
#5024 = PLANE('',#5025);
#5025 = AXIS2_PLACEMENT_3D('',#5026,#5027,#5028);
#5026 = CARTESIAN_POINT('',(-3.475,-1.374937849754,0.982));
#5027 = DIRECTION('',(0.,0.,1.));
#5028 = DIRECTION('',(1.,0.,-0.));
#5029 = ADVANCED_FACE('',(#5030),#5041,.T.);
#5030 = FACE_BOUND('',#5031,.T.);
#5031 = EDGE_LOOP('',(#5032,#5033,#5039,#5040));
#5032 = ORIENTED_EDGE('',*,*,#5019,.F.);
#5033 = ORIENTED_EDGE('',*,*,#5034,.T.);
#5034 = EDGE_CURVE('',#5012,#4948,#5035,.T.);
#5035 = LINE('',#5036,#5037);
#5036 = CARTESIAN_POINT('',(-3.475,-1.2,0.982));
#5037 = VECTOR('',#5038,1.);
#5038 = DIRECTION('',(0.,0.,1.));
#5039 = ORIENTED_EDGE('',*,*,#4965,.F.);
#5040 = ORIENTED_EDGE('',*,*,#4989,.F.);
#5041 = PLANE('',#5042);
#5042 = AXIS2_PLACEMENT_3D('',#5043,#5044,#5045);
#5043 = CARTESIAN_POINT('',(-3.475,-1.2,0.982));
#5044 = DIRECTION('',(0.90746690712,-0.420123568111,0.));
#5045 = DIRECTION('',(-0.420123568111,-0.90746690712,0.));
#5046 = ADVANCED_FACE('',(#5047),#5053,.T.);
#5047 = FACE_BOUND('',#5048,.T.);
#5048 = EDGE_LOOP('',(#5049,#5050,#5051,#5052));
#5049 = ORIENTED_EDGE('',*,*,#5011,.F.);
#5050 = ORIENTED_EDGE('',*,*,#4996,.T.);
#5051 = ORIENTED_EDGE('',*,*,#4947,.F.);
#5052 = ORIENTED_EDGE('',*,*,#5034,.F.);
#5053 = PLANE('',#5054);
#5054 = AXIS2_PLACEMENT_3D('',#5055,#5056,#5057);
#5055 = CARTESIAN_POINT('',(-3.35,-1.47,0.982));
#5056 = DIRECTION('',(-0.90746690712,-0.420123568111,0.));
#5057 = DIRECTION('',(-0.420123568111,0.90746690712,0.));
#5058 = ADVANCED_FACE('',(#5059),#5071,.T.);
#5059 = FACE_BOUND('',#5060,.T.);
#5060 = EDGE_LOOP('',(#5061,#5068,#5069,#5070));
#5061 = ORIENTED_EDGE('',*,*,#5062,.T.);
#5062 = EDGE_CURVE('',#102,#3149,#5063,.T.);
#5063 = CIRCLE('',#5064,2.5E-02);
#5064 = AXIS2_PLACEMENT_3D('',#5065,#5066,#5067);
#5065 = CARTESIAN_POINT('',(3.909644660941,-1.875,4.E-02));
#5066 = DIRECTION('',(0.,0.,1.));
#5067 = DIRECTION('',(0.,-1.,0.));
#5068 = ORIENTED_EDGE('',*,*,#3156,.T.);
#5069 = ORIENTED_EDGE('',*,*,#4873,.F.);
#5070 = ORIENTED_EDGE('',*,*,#125,.F.);
#5071 = CYLINDRICAL_SURFACE('',#5072,2.5E-02);
#5072 = AXIS2_PLACEMENT_3D('',#5073,#5074,#5075);
#5073 = CARTESIAN_POINT('',(3.909644660941,-1.875,4.E-02));
#5074 = DIRECTION('',(0.,0.,1.));
#5075 = DIRECTION('',(0.,-1.,0.));
#5076 = ADVANCED_FACE('',(#5077),#5089,.T.);
#5077 = FACE_BOUND('',#5078,.F.);
#5078 = EDGE_LOOP('',(#5079,#5086,#5087,#5088));
#5079 = ORIENTED_EDGE('',*,*,#5080,.T.);
#5080 = EDGE_CURVE('',#100,#4719,#5081,.T.);
#5081 = CIRCLE('',#5082,2.5E-02);
#5082 = AXIS2_PLACEMENT_3D('',#5083,#5084,#5085);
#5083 = CARTESIAN_POINT('',(-3.909644660941,-1.875,4.E-02));
#5084 = DIRECTION('',(-0.,-0.,-1.));
#5085 = DIRECTION('',(0.,-1.,0.));
#5086 = ORIENTED_EDGE('',*,*,#4735,.T.);
#5087 = ORIENTED_EDGE('',*,*,#4865,.F.);
#5088 = ORIENTED_EDGE('',*,*,#109,.F.);
#5089 = CYLINDRICAL_SURFACE('',#5090,2.5E-02);
#5090 = AXIS2_PLACEMENT_3D('',#5091,#5092,#5093);
#5091 = CARTESIAN_POINT('',(-3.909644660941,-1.875,4.E-02));
#5092 = DIRECTION('',(0.,0.,1.));
#5093 = DIRECTION('',(0.,-1.,0.));
#5094 = ADVANCED_FACE('',(#5095,#5161,#5195),#5229,.F.);
#5095 = FACE_BOUND('',#5096,.F.);
#5096 = EDGE_LOOP('',(#5097,#5098,#5099,#5100,#5101,#5102,#5103,#5104,
    #5105,#5106,#5107,#5108,#5109,#5110,#5111,#5112,#5113,#5114,#5115,
    #5116,#5117,#5118,#5119,#5120,#5121,#5122,#5123,#5124,#5125,#5126,
    #5127,#5128,#5129,#5130,#5131,#5132,#5133,#5134,#5135,#5136,#5137,
    #5138,#5139,#5140,#5141,#5142,#5143,#5144,#5145,#5146,#5147,#5148,
    #5149,#5150,#5151,#5152,#5153,#5154,#5155,#5156,#5157,#5158,#5159,
    #5160));
#5097 = ORIENTED_EDGE('',*,*,#5080,.F.);
#5098 = ORIENTED_EDGE('',*,*,#99,.T.);
#5099 = ORIENTED_EDGE('',*,*,#5062,.T.);
#5100 = ORIENTED_EDGE('',*,*,#3148,.T.);
#5101 = ORIENTED_EDGE('',*,*,#3115,.T.);
#5102 = ORIENTED_EDGE('',*,*,#3084,.T.);
#5103 = ORIENTED_EDGE('',*,*,#3051,.T.);
#5104 = ORIENTED_EDGE('',*,*,#3020,.T.);
#5105 = ORIENTED_EDGE('',*,*,#2987,.T.);
#5106 = ORIENTED_EDGE('',*,*,#2954,.T.);
#5107 = ORIENTED_EDGE('',*,*,#2775,.F.);
#5108 = ORIENTED_EDGE('',*,*,#3214,.F.);
#5109 = ORIENTED_EDGE('',*,*,#2663,.T.);
#5110 = ORIENTED_EDGE('',*,*,#3274,.T.);
#5111 = ORIENTED_EDGE('',*,*,#2555,.F.);
#5112 = ORIENTED_EDGE('',*,*,#3326,.F.);
#5113 = ORIENTED_EDGE('',*,*,#2443,.T.);
#5114 = ORIENTED_EDGE('',*,*,#3386,.T.);
#5115 = ORIENTED_EDGE('',*,*,#2335,.F.);
#5116 = ORIENTED_EDGE('',*,*,#3438,.F.);
#5117 = ORIENTED_EDGE('',*,*,#2223,.T.);
#5118 = ORIENTED_EDGE('',*,*,#3498,.T.);
#5119 = ORIENTED_EDGE('',*,*,#2115,.F.);
#5120 = ORIENTED_EDGE('',*,*,#3550,.F.);
#5121 = ORIENTED_EDGE('',*,*,#2003,.T.);
#5122 = ORIENTED_EDGE('',*,*,#3610,.T.);
#5123 = ORIENTED_EDGE('',*,*,#1895,.F.);
#5124 = ORIENTED_EDGE('',*,*,#3662,.F.);
#5125 = ORIENTED_EDGE('',*,*,#1783,.T.);
#5126 = ORIENTED_EDGE('',*,*,#3722,.T.);
#5127 = ORIENTED_EDGE('',*,*,#1675,.F.);
#5128 = ORIENTED_EDGE('',*,*,#3774,.F.);
#5129 = ORIENTED_EDGE('',*,*,#1563,.T.);
#5130 = ORIENTED_EDGE('',*,*,#3834,.T.);
#5131 = ORIENTED_EDGE('',*,*,#1455,.F.);
#5132 = ORIENTED_EDGE('',*,*,#3886,.F.);
#5133 = ORIENTED_EDGE('',*,*,#1343,.T.);
#5134 = ORIENTED_EDGE('',*,*,#3946,.T.);
#5135 = ORIENTED_EDGE('',*,*,#1235,.F.);
#5136 = ORIENTED_EDGE('',*,*,#3998,.F.);
#5137 = ORIENTED_EDGE('',*,*,#1123,.T.);
#5138 = ORIENTED_EDGE('',*,*,#4058,.T.);
#5139 = ORIENTED_EDGE('',*,*,#1015,.F.);
#5140 = ORIENTED_EDGE('',*,*,#4110,.F.);
#5141 = ORIENTED_EDGE('',*,*,#903,.T.);
#5142 = ORIENTED_EDGE('',*,*,#4170,.T.);
#5143 = ORIENTED_EDGE('',*,*,#795,.F.);
#5144 = ORIENTED_EDGE('',*,*,#4222,.F.);
#5145 = ORIENTED_EDGE('',*,*,#683,.T.);
#5146 = ORIENTED_EDGE('',*,*,#4282,.T.);
#5147 = ORIENTED_EDGE('',*,*,#575,.F.);
#5148 = ORIENTED_EDGE('',*,*,#4334,.F.);
#5149 = ORIENTED_EDGE('',*,*,#463,.T.);
#5150 = ORIENTED_EDGE('',*,*,#4394,.T.);
#5151 = ORIENTED_EDGE('',*,*,#355,.F.);
#5152 = ORIENTED_EDGE('',*,*,#4750,.F.);
#5153 = ORIENTED_EDGE('',*,*,#243,.T.);
#5154 = ORIENTED_EDGE('',*,*,#4524,.T.);
#5155 = ORIENTED_EDGE('',*,*,#4557,.T.);
#5156 = ORIENTED_EDGE('',*,*,#4590,.T.);
#5157 = ORIENTED_EDGE('',*,*,#4621,.T.);
#5158 = ORIENTED_EDGE('',*,*,#4654,.T.);
#5159 = ORIENTED_EDGE('',*,*,#4685,.T.);
#5160 = ORIENTED_EDGE('',*,*,#4718,.T.);
#5161 = FACE_BOUND('',#5162,.F.);
#5162 = EDGE_LOOP('',(#5163,#5173,#5181,#5189));
#5163 = ORIENTED_EDGE('',*,*,#5164,.T.);
#5164 = EDGE_CURVE('',#5165,#5167,#5169,.T.);
#5165 = VERTEX_POINT('',#5166);
#5166 = CARTESIAN_POINT('',(-3.97,-1.82,4.E-02));
#5167 = VERTEX_POINT('',#5168);
#5168 = CARTESIAN_POINT('',(-3.97,-0.9,4.E-02));
#5169 = LINE('',#5170,#5171);
#5170 = CARTESIAN_POINT('',(-3.97,-1.82,4.E-02));
#5171 = VECTOR('',#5172,1.);
#5172 = DIRECTION('',(0.,1.,0.));
#5173 = ORIENTED_EDGE('',*,*,#5174,.T.);
#5174 = EDGE_CURVE('',#5167,#5175,#5177,.T.);
#5175 = VERTEX_POINT('',#5176);
#5176 = CARTESIAN_POINT('',(-3.53,-0.9,4.E-02));
#5177 = LINE('',#5178,#5179);
#5178 = CARTESIAN_POINT('',(-3.97,-0.9,4.E-02));
#5179 = VECTOR('',#5180,1.);
#5180 = DIRECTION('',(1.,0.,0.));
#5181 = ORIENTED_EDGE('',*,*,#5182,.F.);
#5182 = EDGE_CURVE('',#5183,#5175,#5185,.T.);
#5183 = VERTEX_POINT('',#5184);
#5184 = CARTESIAN_POINT('',(-3.53,-1.82,4.E-02));
#5185 = LINE('',#5186,#5187);
#5186 = CARTESIAN_POINT('',(-3.53,-1.82,4.E-02));
#5187 = VECTOR('',#5188,1.);
#5188 = DIRECTION('',(0.,1.,0.));
#5189 = ORIENTED_EDGE('',*,*,#5190,.F.);
#5190 = EDGE_CURVE('',#5165,#5183,#5191,.T.);
#5191 = LINE('',#5192,#5193);
#5192 = CARTESIAN_POINT('',(-3.97,-1.82,4.E-02));
#5193 = VECTOR('',#5194,1.);
#5194 = DIRECTION('',(1.,0.,0.));
#5195 = FACE_BOUND('',#5196,.F.);
#5196 = EDGE_LOOP('',(#5197,#5207,#5215,#5223));
#5197 = ORIENTED_EDGE('',*,*,#5198,.T.);
#5198 = EDGE_CURVE('',#5199,#5201,#5203,.T.);
#5199 = VERTEX_POINT('',#5200);
#5200 = CARTESIAN_POINT('',(3.53,-1.82,4.E-02));
#5201 = VERTEX_POINT('',#5202);
#5202 = CARTESIAN_POINT('',(3.53,-0.9,4.E-02));
#5203 = LINE('',#5204,#5205);
#5204 = CARTESIAN_POINT('',(3.53,-1.82,4.E-02));
#5205 = VECTOR('',#5206,1.);
#5206 = DIRECTION('',(0.,1.,0.));
#5207 = ORIENTED_EDGE('',*,*,#5208,.T.);
#5208 = EDGE_CURVE('',#5201,#5209,#5211,.T.);
#5209 = VERTEX_POINT('',#5210);
#5210 = CARTESIAN_POINT('',(3.97,-0.9,4.E-02));
#5211 = LINE('',#5212,#5213);
#5212 = CARTESIAN_POINT('',(3.53,-0.9,4.E-02));
#5213 = VECTOR('',#5214,1.);
#5214 = DIRECTION('',(1.,0.,0.));
#5215 = ORIENTED_EDGE('',*,*,#5216,.F.);
#5216 = EDGE_CURVE('',#5217,#5209,#5219,.T.);
#5217 = VERTEX_POINT('',#5218);
#5218 = CARTESIAN_POINT('',(3.97,-1.82,4.E-02));
#5219 = LINE('',#5220,#5221);
#5220 = CARTESIAN_POINT('',(3.97,-1.82,4.E-02));
#5221 = VECTOR('',#5222,1.);
#5222 = DIRECTION('',(0.,1.,0.));
#5223 = ORIENTED_EDGE('',*,*,#5224,.F.);
#5224 = EDGE_CURVE('',#5199,#5217,#5225,.T.);
#5225 = LINE('',#5226,#5227);
#5226 = CARTESIAN_POINT('',(3.53,-1.82,4.E-02));
#5227 = VECTOR('',#5228,1.);
#5228 = DIRECTION('',(1.,0.,0.));
#5229 = PLANE('',#5230);
#5230 = AXIS2_PLACEMENT_3D('',#5231,#5232,#5233);
#5231 = CARTESIAN_POINT('',(-3.852702862112E-17,-0.45,4.E-02));
#5232 = DIRECTION('',(0.,0.,1.));
#5233 = DIRECTION('',(1.,0.,-0.));
#5234 = ADVANCED_FACE('',(#5235),#5260,.F.);
#5235 = FACE_BOUND('',#5236,.F.);
#5236 = EDGE_LOOP('',(#5237,#5238,#5246,#5254));
#5237 = ORIENTED_EDGE('',*,*,#5208,.F.);
#5238 = ORIENTED_EDGE('',*,*,#5239,.T.);
#5239 = EDGE_CURVE('',#5201,#5240,#5242,.T.);
#5240 = VERTEX_POINT('',#5241);
#5241 = CARTESIAN_POINT('',(3.53,-0.9,0.86));
#5242 = LINE('',#5243,#5244);
#5243 = CARTESIAN_POINT('',(3.53,-0.9,4.E-02));
#5244 = VECTOR('',#5245,1.);
#5245 = DIRECTION('',(0.,0.,1.));
#5246 = ORIENTED_EDGE('',*,*,#5247,.T.);
#5247 = EDGE_CURVE('',#5240,#5248,#5250,.T.);
#5248 = VERTEX_POINT('',#5249);
#5249 = CARTESIAN_POINT('',(3.97,-0.9,0.86));
#5250 = LINE('',#5251,#5252);
#5251 = CARTESIAN_POINT('',(3.53,-0.9,0.86));
#5252 = VECTOR('',#5253,1.);
#5253 = DIRECTION('',(1.,0.,0.));
#5254 = ORIENTED_EDGE('',*,*,#5255,.F.);
#5255 = EDGE_CURVE('',#5209,#5248,#5256,.T.);
#5256 = LINE('',#5257,#5258);
#5257 = CARTESIAN_POINT('',(3.97,-0.9,4.E-02));
#5258 = VECTOR('',#5259,1.);
#5259 = DIRECTION('',(0.,0.,1.));
#5260 = PLANE('',#5261);
#5261 = AXIS2_PLACEMENT_3D('',#5262,#5263,#5264);
#5262 = CARTESIAN_POINT('',(3.53,-0.9,4.E-02));
#5263 = DIRECTION('',(0.,1.,0.));
#5264 = DIRECTION('',(0.,0.,1.));
#5265 = ADVANCED_FACE('',(#5266),#5291,.F.);
#5266 = FACE_BOUND('',#5267,.F.);
#5267 = EDGE_LOOP('',(#5268,#5276,#5284,#5290));
#5268 = ORIENTED_EDGE('',*,*,#5269,.F.);
#5269 = EDGE_CURVE('',#5270,#5240,#5272,.T.);
#5270 = VERTEX_POINT('',#5271);
#5271 = CARTESIAN_POINT('',(3.53,-1.82,0.86));
#5272 = LINE('',#5273,#5274);
#5273 = CARTESIAN_POINT('',(3.53,-1.82,0.86));
#5274 = VECTOR('',#5275,1.);
#5275 = DIRECTION('',(0.,1.,0.));
#5276 = ORIENTED_EDGE('',*,*,#5277,.T.);
#5277 = EDGE_CURVE('',#5270,#5278,#5280,.T.);
#5278 = VERTEX_POINT('',#5279);
#5279 = CARTESIAN_POINT('',(3.97,-1.82,0.86));
#5280 = LINE('',#5281,#5282);
#5281 = CARTESIAN_POINT('',(3.53,-1.82,0.86));
#5282 = VECTOR('',#5283,1.);
#5283 = DIRECTION('',(1.,0.,0.));
#5284 = ORIENTED_EDGE('',*,*,#5285,.T.);
#5285 = EDGE_CURVE('',#5278,#5248,#5286,.T.);
#5286 = LINE('',#5287,#5288);
#5287 = CARTESIAN_POINT('',(3.97,-1.82,0.86));
#5288 = VECTOR('',#5289,1.);
#5289 = DIRECTION('',(0.,1.,0.));
#5290 = ORIENTED_EDGE('',*,*,#5247,.F.);
#5291 = PLANE('',#5292);
#5292 = AXIS2_PLACEMENT_3D('',#5293,#5294,#5295);
#5293 = CARTESIAN_POINT('',(3.53,-1.82,0.86));
#5294 = DIRECTION('',(0.,0.,1.));
#5295 = DIRECTION('',(1.,0.,0.));
#5296 = ADVANCED_FACE('',(#5297),#5308,.F.);
#5297 = FACE_BOUND('',#5298,.F.);
#5298 = EDGE_LOOP('',(#5299,#5305,#5306,#5307));
#5299 = ORIENTED_EDGE('',*,*,#5300,.F.);
#5300 = EDGE_CURVE('',#5217,#5278,#5301,.T.);
#5301 = LINE('',#5302,#5303);
#5302 = CARTESIAN_POINT('',(3.97,-1.82,4.E-02));
#5303 = VECTOR('',#5304,1.);
#5304 = DIRECTION('',(0.,0.,1.));
#5305 = ORIENTED_EDGE('',*,*,#5216,.T.);
#5306 = ORIENTED_EDGE('',*,*,#5255,.T.);
#5307 = ORIENTED_EDGE('',*,*,#5285,.F.);
#5308 = PLANE('',#5309);
#5309 = AXIS2_PLACEMENT_3D('',#5310,#5311,#5312);
#5310 = CARTESIAN_POINT('',(3.97,-1.82,4.E-02));
#5311 = DIRECTION('',(1.,0.,0.));
#5312 = DIRECTION('',(0.,0.,1.));
#5313 = ADVANCED_FACE('',(#5314),#5325,.T.);
#5314 = FACE_BOUND('',#5315,.T.);
#5315 = EDGE_LOOP('',(#5316,#5317,#5323,#5324));
#5316 = ORIENTED_EDGE('',*,*,#5224,.F.);
#5317 = ORIENTED_EDGE('',*,*,#5318,.T.);
#5318 = EDGE_CURVE('',#5199,#5270,#5319,.T.);
#5319 = LINE('',#5320,#5321);
#5320 = CARTESIAN_POINT('',(3.53,-1.82,4.E-02));
#5321 = VECTOR('',#5322,1.);
#5322 = DIRECTION('',(0.,0.,1.));
#5323 = ORIENTED_EDGE('',*,*,#5277,.T.);
#5324 = ORIENTED_EDGE('',*,*,#5300,.F.);
#5325 = PLANE('',#5326);
#5326 = AXIS2_PLACEMENT_3D('',#5327,#5328,#5329);
#5327 = CARTESIAN_POINT('',(3.53,-1.82,4.E-02));
#5328 = DIRECTION('',(0.,1.,0.));
#5329 = DIRECTION('',(0.,0.,1.));
#5330 = ADVANCED_FACE('',(#5331),#5337,.T.);
#5331 = FACE_BOUND('',#5332,.T.);
#5332 = EDGE_LOOP('',(#5333,#5334,#5335,#5336));
#5333 = ORIENTED_EDGE('',*,*,#5318,.F.);
#5334 = ORIENTED_EDGE('',*,*,#5198,.T.);
#5335 = ORIENTED_EDGE('',*,*,#5239,.T.);
#5336 = ORIENTED_EDGE('',*,*,#5269,.F.);
#5337 = PLANE('',#5338);
#5338 = AXIS2_PLACEMENT_3D('',#5339,#5340,#5341);
#5339 = CARTESIAN_POINT('',(3.53,-1.82,4.E-02));
#5340 = DIRECTION('',(1.,0.,0.));
#5341 = DIRECTION('',(0.,0.,1.));
#5342 = ADVANCED_FACE('',(#5343),#5368,.F.);
#5343 = FACE_BOUND('',#5344,.F.);
#5344 = EDGE_LOOP('',(#5345,#5353,#5354,#5362));
#5345 = ORIENTED_EDGE('',*,*,#5346,.F.);
#5346 = EDGE_CURVE('',#5183,#5347,#5349,.T.);
#5347 = VERTEX_POINT('',#5348);
#5348 = CARTESIAN_POINT('',(-3.53,-1.82,0.86));
#5349 = LINE('',#5350,#5351);
#5350 = CARTESIAN_POINT('',(-3.53,-1.82,4.E-02));
#5351 = VECTOR('',#5352,1.);
#5352 = DIRECTION('',(0.,0.,1.));
#5353 = ORIENTED_EDGE('',*,*,#5182,.T.);
#5354 = ORIENTED_EDGE('',*,*,#5355,.T.);
#5355 = EDGE_CURVE('',#5175,#5356,#5358,.T.);
#5356 = VERTEX_POINT('',#5357);
#5357 = CARTESIAN_POINT('',(-3.53,-0.9,0.86));
#5358 = LINE('',#5359,#5360);
#5359 = CARTESIAN_POINT('',(-3.53,-0.9,4.E-02));
#5360 = VECTOR('',#5361,1.);
#5361 = DIRECTION('',(0.,0.,1.));
#5362 = ORIENTED_EDGE('',*,*,#5363,.F.);
#5363 = EDGE_CURVE('',#5347,#5356,#5364,.T.);
#5364 = LINE('',#5365,#5366);
#5365 = CARTESIAN_POINT('',(-3.53,-1.82,0.86));
#5366 = VECTOR('',#5367,1.);
#5367 = DIRECTION('',(0.,1.,0.));
#5368 = PLANE('',#5369);
#5369 = AXIS2_PLACEMENT_3D('',#5370,#5371,#5372);
#5370 = CARTESIAN_POINT('',(-3.53,-1.82,4.E-02));
#5371 = DIRECTION('',(1.,0.,0.));
#5372 = DIRECTION('',(0.,0.,1.));
#5373 = ADVANCED_FACE('',(#5374),#5399,.F.);
#5374 = FACE_BOUND('',#5375,.F.);
#5375 = EDGE_LOOP('',(#5376,#5386,#5392,#5393));
#5376 = ORIENTED_EDGE('',*,*,#5377,.F.);
#5377 = EDGE_CURVE('',#5378,#5380,#5382,.T.);
#5378 = VERTEX_POINT('',#5379);
#5379 = CARTESIAN_POINT('',(-3.97,-1.82,0.86));
#5380 = VERTEX_POINT('',#5381);
#5381 = CARTESIAN_POINT('',(-3.97,-0.9,0.86));
#5382 = LINE('',#5383,#5384);
#5383 = CARTESIAN_POINT('',(-3.97,-1.82,0.86));
#5384 = VECTOR('',#5385,1.);
#5385 = DIRECTION('',(0.,1.,0.));
#5386 = ORIENTED_EDGE('',*,*,#5387,.T.);
#5387 = EDGE_CURVE('',#5378,#5347,#5388,.T.);
#5388 = LINE('',#5389,#5390);
#5389 = CARTESIAN_POINT('',(-3.97,-1.82,0.86));
#5390 = VECTOR('',#5391,1.);
#5391 = DIRECTION('',(1.,0.,0.));
#5392 = ORIENTED_EDGE('',*,*,#5363,.T.);
#5393 = ORIENTED_EDGE('',*,*,#5394,.F.);
#5394 = EDGE_CURVE('',#5380,#5356,#5395,.T.);
#5395 = LINE('',#5396,#5397);
#5396 = CARTESIAN_POINT('',(-3.97,-0.9,0.86));
#5397 = VECTOR('',#5398,1.);
#5398 = DIRECTION('',(1.,0.,0.));
#5399 = PLANE('',#5400);
#5400 = AXIS2_PLACEMENT_3D('',#5401,#5402,#5403);
#5401 = CARTESIAN_POINT('',(-3.97,-1.82,0.86));
#5402 = DIRECTION('',(0.,0.,1.));
#5403 = DIRECTION('',(1.,0.,0.));
#5404 = ADVANCED_FACE('',(#5405),#5416,.T.);
#5405 = FACE_BOUND('',#5406,.T.);
#5406 = EDGE_LOOP('',(#5407,#5408,#5414,#5415));
#5407 = ORIENTED_EDGE('',*,*,#5190,.F.);
#5408 = ORIENTED_EDGE('',*,*,#5409,.T.);
#5409 = EDGE_CURVE('',#5165,#5378,#5410,.T.);
#5410 = LINE('',#5411,#5412);
#5411 = CARTESIAN_POINT('',(-3.97,-1.82,4.E-02));
#5412 = VECTOR('',#5413,1.);
#5413 = DIRECTION('',(0.,0.,1.));
#5414 = ORIENTED_EDGE('',*,*,#5387,.T.);
#5415 = ORIENTED_EDGE('',*,*,#5346,.F.);
#5416 = PLANE('',#5417);
#5417 = AXIS2_PLACEMENT_3D('',#5418,#5419,#5420);
#5418 = CARTESIAN_POINT('',(-3.97,-1.82,4.E-02));
#5419 = DIRECTION('',(0.,1.,0.));
#5420 = DIRECTION('',(0.,0.,1.));
#5421 = ADVANCED_FACE('',(#5422),#5433,.F.);
#5422 = FACE_BOUND('',#5423,.F.);
#5423 = EDGE_LOOP('',(#5424,#5425,#5431,#5432));
#5424 = ORIENTED_EDGE('',*,*,#5174,.F.);
#5425 = ORIENTED_EDGE('',*,*,#5426,.T.);
#5426 = EDGE_CURVE('',#5167,#5380,#5427,.T.);
#5427 = LINE('',#5428,#5429);
#5428 = CARTESIAN_POINT('',(-3.97,-0.9,4.E-02));
#5429 = VECTOR('',#5430,1.);
#5430 = DIRECTION('',(0.,0.,1.));
#5431 = ORIENTED_EDGE('',*,*,#5394,.T.);
#5432 = ORIENTED_EDGE('',*,*,#5355,.F.);
#5433 = PLANE('',#5434);
#5434 = AXIS2_PLACEMENT_3D('',#5435,#5436,#5437);
#5435 = CARTESIAN_POINT('',(-3.97,-0.9,4.E-02));
#5436 = DIRECTION('',(0.,1.,0.));
#5437 = DIRECTION('',(0.,0.,1.));
#5438 = ADVANCED_FACE('',(#5439),#5445,.T.);
#5439 = FACE_BOUND('',#5440,.T.);
#5440 = EDGE_LOOP('',(#5441,#5442,#5443,#5444));
#5441 = ORIENTED_EDGE('',*,*,#5409,.F.);
#5442 = ORIENTED_EDGE('',*,*,#5164,.T.);
#5443 = ORIENTED_EDGE('',*,*,#5426,.T.);
#5444 = ORIENTED_EDGE('',*,*,#5377,.F.);
#5445 = PLANE('',#5446);
#5446 = AXIS2_PLACEMENT_3D('',#5447,#5448,#5449);
#5447 = CARTESIAN_POINT('',(-3.97,-1.82,4.E-02));
#5448 = DIRECTION('',(1.,0.,0.));
#5449 = DIRECTION('',(0.,0.,1.));
#5450 = ( GEOMETRIC_REPRESENTATION_CONTEXT(3)
GLOBAL_UNCERTAINTY_ASSIGNED_CONTEXT((#5454))
GLOBAL_UNIT_ASSIGNED_CONTEXT((#5451,#5452,#5453)) REPRESENTATION_CONTEXT
('Context #1','3D Context with UNIT and UNCERTAINTY') );
#5451 = ( LENGTH_UNIT() NAMED_UNIT(*) SI_UNIT(.MILLI.,.METRE.) );
#5452 = ( NAMED_UNIT(*) PLANE_ANGLE_UNIT() SI_UNIT($,.RADIAN.) );
#5453 = ( NAMED_UNIT(*) SI_UNIT($,.STERADIAN.) SOLID_ANGLE_UNIT() );
#5454 = UNCERTAINTY_MEASURE_WITH_UNIT(LENGTH_MEASURE(1.E-07),#5451,
  'distance_accuracy_value','confusion accuracy');
#5455 = CONTEXT_DEPENDENT_SHAPE_REPRESENTATION(#5456,#5458);
#5456 = ( REPRESENTATION_RELATIONSHIP('','',#92,#10)
REPRESENTATION_RELATIONSHIP_WITH_TRANSFORMATION(#5457)
SHAPE_REPRESENTATION_RELATIONSHIP() );
#5457 = ITEM_DEFINED_TRANSFORMATION('','',#11,#15);
#5458 = PRODUCT_DEFINITION_SHAPE('Placement','Placement of an item',
  #5459);
#5459 = NEXT_ASSEMBLY_USAGE_OCCURRENCE('1','Grey_LCP_housing','',#5,#87,
  $);
#5460 = PRODUCT_RELATED_PRODUCT_CATEGORY('part',$,(#89));
#5461 = SHAPE_DEFINITION_REPRESENTATION(#5462,#5468);
#5462 = PRODUCT_DEFINITION_SHAPE('','',#5463);
#5463 = PRODUCT_DEFINITION('design','',#5464,#5467);
#5464 = PRODUCT_DEFINITION_FORMATION('','',#5465);
#5465 = PRODUCT('Black_actuator','Black_actuator','',(#5466));
#5466 = PRODUCT_CONTEXT('',#2,'mechanical');
#5467 = PRODUCT_DEFINITION_CONTEXT('part definition',#2,'design');
#5468 = ADVANCED_BREP_SHAPE_REPRESENTATION('',(#11,#5469),#7004);
#5469 = MANIFOLD_SOLID_BREP('',#5470);
#5470 = CLOSED_SHELL('',(#5471,#5520,#5551,#5575,#5599,#5658,#5766,#5779
    ,#5810,#5835,#5860,#5885,#5918,#5943,#5974,#5998,#6022,#6039,#6070,
    #6094,#6118,#6135,#6160,#6193,#6218,#6235,#6291,#6386,#6403,#6459,
    #6471,#6483,#6500,#6531,#6548,#6566,#6590,#6631,#6655,#6689,#6707,
    #6731,#6755,#6796,#6820,#6860,#6872,#6889,#6906,#6924,#6935,#6952,
    #6964,#6975,#6992));
#5471 = ADVANCED_FACE('',(#5472),#5515,.F.);
#5472 = FACE_BOUND('',#5473,.F.);
#5473 = EDGE_LOOP('',(#5474,#5484,#5492,#5501,#5509));
#5474 = ORIENTED_EDGE('',*,*,#5475,.F.);
#5475 = EDGE_CURVE('',#5476,#5478,#5480,.T.);
#5476 = VERTEX_POINT('',#5477);
#5477 = CARTESIAN_POINT('',(-3.4,1.72,0.96));
#5478 = VERTEX_POINT('',#5479);
#5479 = CARTESIAN_POINT('',(-3.4,1.72,1.));
#5480 = LINE('',#5481,#5482);
#5481 = CARTESIAN_POINT('',(-3.4,1.72,0.925));
#5482 = VECTOR('',#5483,1.);
#5483 = DIRECTION('',(0.,0.,1.));
#5484 = ORIENTED_EDGE('',*,*,#5485,.T.);
#5485 = EDGE_CURVE('',#5476,#5486,#5488,.T.);
#5486 = VERTEX_POINT('',#5487);
#5487 = CARTESIAN_POINT('',(-3.4,1.875,0.96));
#5488 = LINE('',#5489,#5490);
#5489 = CARTESIAN_POINT('',(-3.4,0.92,0.96));
#5490 = VECTOR('',#5491,1.);
#5491 = DIRECTION('',(0.,1.,0.));
#5492 = ORIENTED_EDGE('',*,*,#5493,.F.);
#5493 = EDGE_CURVE('',#5494,#5486,#5496,.T.);
#5494 = VERTEX_POINT('',#5495);
#5495 = CARTESIAN_POINT('',(-3.4,1.88,0.959494897428));
#5496 = CIRCLE('',#5497,2.5E-02);
#5497 = AXIS2_PLACEMENT_3D('',#5498,#5499,#5500);
#5498 = CARTESIAN_POINT('',(-3.4,1.875,0.935));
#5499 = DIRECTION('',(1.,0.,0.));
#5500 = DIRECTION('',(-0.,1.,0.));
#5501 = ORIENTED_EDGE('',*,*,#5502,.T.);
#5502 = EDGE_CURVE('',#5494,#5503,#5505,.T.);
#5503 = VERTEX_POINT('',#5504);
#5504 = CARTESIAN_POINT('',(-3.4,1.88,1.));
#5505 = LINE('',#5506,#5507);
#5506 = CARTESIAN_POINT('',(-3.4,1.88,0.925));
#5507 = VECTOR('',#5508,1.);
#5508 = DIRECTION('',(0.,0.,1.));
#5509 = ORIENTED_EDGE('',*,*,#5510,.F.);
#5510 = EDGE_CURVE('',#5478,#5503,#5511,.T.);
#5511 = LINE('',#5512,#5513);
#5512 = CARTESIAN_POINT('',(-3.4,1.72,1.));
#5513 = VECTOR('',#5514,1.);
#5514 = DIRECTION('',(0.,1.,0.));
#5515 = PLANE('',#5516);
#5516 = AXIS2_PLACEMENT_3D('',#5517,#5518,#5519);
#5517 = CARTESIAN_POINT('',(-3.4,1.72,0.925));
#5518 = DIRECTION('',(1.,0.,0.));
#5519 = DIRECTION('',(0.,0.,1.));
#5520 = ADVANCED_FACE('',(#5521),#5546,.F.);
#5521 = FACE_BOUND('',#5522,.F.);
#5522 = EDGE_LOOP('',(#5523,#5533,#5539,#5540));
#5523 = ORIENTED_EDGE('',*,*,#5524,.F.);
#5524 = EDGE_CURVE('',#5525,#5527,#5529,.T.);
#5525 = VERTEX_POINT('',#5526);
#5526 = CARTESIAN_POINT('',(3.4,1.72,0.96));
#5527 = VERTEX_POINT('',#5528);
#5528 = CARTESIAN_POINT('',(3.4,1.72,1.));
#5529 = LINE('',#5530,#5531);
#5530 = CARTESIAN_POINT('',(3.4,1.72,0.925));
#5531 = VECTOR('',#5532,1.);
#5532 = DIRECTION('',(0.,0.,1.));
#5533 = ORIENTED_EDGE('',*,*,#5534,.T.);
#5534 = EDGE_CURVE('',#5525,#5476,#5535,.T.);
#5535 = LINE('',#5536,#5537);
#5536 = CARTESIAN_POINT('',(-3.425,1.72,0.96));
#5537 = VECTOR('',#5538,1.);
#5538 = DIRECTION('',(-1.,0.,0.));
#5539 = ORIENTED_EDGE('',*,*,#5475,.T.);
#5540 = ORIENTED_EDGE('',*,*,#5541,.T.);
#5541 = EDGE_CURVE('',#5478,#5527,#5542,.T.);
#5542 = LINE('',#5543,#5544);
#5543 = CARTESIAN_POINT('',(-3.4,1.72,1.));
#5544 = VECTOR('',#5545,1.);
#5545 = DIRECTION('',(1.,0.,0.));
#5546 = PLANE('',#5547);
#5547 = AXIS2_PLACEMENT_3D('',#5548,#5549,#5550);
#5548 = CARTESIAN_POINT('',(-3.4,1.72,0.925));
#5549 = DIRECTION('',(0.,1.,0.));
#5550 = DIRECTION('',(0.,0.,1.));
#5551 = ADVANCED_FACE('',(#5552),#5570,.T.);
#5552 = FACE_BOUND('',#5553,.T.);
#5553 = EDGE_LOOP('',(#5554,#5555,#5556,#5564));
#5554 = ORIENTED_EDGE('',*,*,#5510,.F.);
#5555 = ORIENTED_EDGE('',*,*,#5541,.T.);
#5556 = ORIENTED_EDGE('',*,*,#5557,.T.);
#5557 = EDGE_CURVE('',#5527,#5558,#5560,.T.);
#5558 = VERTEX_POINT('',#5559);
#5559 = CARTESIAN_POINT('',(3.4,1.88,1.));
#5560 = LINE('',#5561,#5562);
#5561 = CARTESIAN_POINT('',(3.4,1.72,1.));
#5562 = VECTOR('',#5563,1.);
#5563 = DIRECTION('',(0.,1.,0.));
#5564 = ORIENTED_EDGE('',*,*,#5565,.F.);
#5565 = EDGE_CURVE('',#5503,#5558,#5566,.T.);
#5566 = LINE('',#5567,#5568);
#5567 = CARTESIAN_POINT('',(-3.4,1.88,1.));
#5568 = VECTOR('',#5569,1.);
#5569 = DIRECTION('',(1.,0.,0.));
#5570 = PLANE('',#5571);
#5571 = AXIS2_PLACEMENT_3D('',#5572,#5573,#5574);
#5572 = CARTESIAN_POINT('',(-3.4,1.72,1.));
#5573 = DIRECTION('',(0.,0.,1.));
#5574 = DIRECTION('',(1.,0.,0.));
#5575 = ADVANCED_FACE('',(#5576),#5594,.T.);
#5576 = FACE_BOUND('',#5577,.T.);
#5577 = EDGE_LOOP('',(#5578,#5586,#5592,#5593));
#5578 = ORIENTED_EDGE('',*,*,#5579,.F.);
#5579 = EDGE_CURVE('',#5580,#5558,#5582,.T.);
#5580 = VERTEX_POINT('',#5581);
#5581 = CARTESIAN_POINT('',(3.4,1.88,0.959494897428));
#5582 = LINE('',#5583,#5584);
#5583 = CARTESIAN_POINT('',(3.4,1.88,0.925));
#5584 = VECTOR('',#5585,1.);
#5585 = DIRECTION('',(0.,0.,1.));
#5586 = ORIENTED_EDGE('',*,*,#5587,.F.);
#5587 = EDGE_CURVE('',#5494,#5580,#5588,.T.);
#5588 = LINE('',#5589,#5590);
#5589 = CARTESIAN_POINT('',(-3.45,1.88,0.959494897428));
#5590 = VECTOR('',#5591,1.);
#5591 = DIRECTION('',(1.,0.,0.));
#5592 = ORIENTED_EDGE('',*,*,#5502,.T.);
#5593 = ORIENTED_EDGE('',*,*,#5565,.T.);
#5594 = PLANE('',#5595);
#5595 = AXIS2_PLACEMENT_3D('',#5596,#5597,#5598);
#5596 = CARTESIAN_POINT('',(-3.4,1.88,0.925));
#5597 = DIRECTION('',(0.,1.,0.));
#5598 = DIRECTION('',(0.,0.,1.));
#5599 = ADVANCED_FACE('',(#5600),#5653,.T.);
#5600 = FACE_BOUND('',#5601,.T.);
#5601 = EDGE_LOOP('',(#5602,#5612,#5621,#5627,#5628,#5629,#5638,#5646));
#5602 = ORIENTED_EDGE('',*,*,#5603,.F.);
#5603 = EDGE_CURVE('',#5604,#5606,#5608,.T.);
#5604 = VERTEX_POINT('',#5605);
#5605 = CARTESIAN_POINT('',(-3.425,1.9,0.935));
#5606 = VERTEX_POINT('',#5607);
#5607 = CARTESIAN_POINT('',(3.425,1.9,0.935));
#5608 = LINE('',#5609,#5610);
#5609 = CARTESIAN_POINT('',(-3.45,1.9,0.935));
#5610 = VECTOR('',#5611,1.);
#5611 = DIRECTION('',(1.,0.,0.));
#5612 = ORIENTED_EDGE('',*,*,#5613,.T.);
#5613 = EDGE_CURVE('',#5604,#5614,#5616,.T.);
#5614 = VERTEX_POINT('',#5615);
#5615 = CARTESIAN_POINT('',(-3.425,1.875,0.96));
#5616 = CIRCLE('',#5617,2.5E-02);
#5617 = AXIS2_PLACEMENT_3D('',#5618,#5619,#5620);
#5618 = CARTESIAN_POINT('',(-3.425,1.875,0.935));
#5619 = DIRECTION('',(1.,0.,6.123233995737E-17));
#5620 = DIRECTION('',(-6.123233995737E-17,0.,1.));
#5621 = ORIENTED_EDGE('',*,*,#5622,.T.);
#5622 = EDGE_CURVE('',#5614,#5486,#5623,.T.);
#5623 = LINE('',#5624,#5625);
#5624 = CARTESIAN_POINT('',(-3.45,1.875,0.96));
#5625 = VECTOR('',#5626,1.);
#5626 = DIRECTION('',(1.,0.,0.));
#5627 = ORIENTED_EDGE('',*,*,#5493,.F.);
#5628 = ORIENTED_EDGE('',*,*,#5587,.T.);
#5629 = ORIENTED_EDGE('',*,*,#5630,.T.);
#5630 = EDGE_CURVE('',#5580,#5631,#5633,.T.);
#5631 = VERTEX_POINT('',#5632);
#5632 = CARTESIAN_POINT('',(3.4,1.875,0.96));
#5633 = CIRCLE('',#5634,2.5E-02);
#5634 = AXIS2_PLACEMENT_3D('',#5635,#5636,#5637);
#5635 = CARTESIAN_POINT('',(3.4,1.875,0.935));
#5636 = DIRECTION('',(1.,0.,0.));
#5637 = DIRECTION('',(-0.,1.,0.));
#5638 = ORIENTED_EDGE('',*,*,#5639,.T.);
#5639 = EDGE_CURVE('',#5631,#5640,#5642,.T.);
#5640 = VERTEX_POINT('',#5641);
#5641 = CARTESIAN_POINT('',(3.425,1.875,0.96));
#5642 = LINE('',#5643,#5644);
#5643 = CARTESIAN_POINT('',(-3.45,1.875,0.96));
#5644 = VECTOR('',#5645,1.);
#5645 = DIRECTION('',(1.,0.,0.));
#5646 = ORIENTED_EDGE('',*,*,#5647,.F.);
#5647 = EDGE_CURVE('',#5606,#5640,#5648,.T.);
#5648 = CIRCLE('',#5649,2.5E-02);
#5649 = AXIS2_PLACEMENT_3D('',#5650,#5651,#5652);
#5650 = CARTESIAN_POINT('',(3.425,1.875,0.935));
#5651 = DIRECTION('',(1.,0.,-6.123233995737E-17));
#5652 = DIRECTION('',(6.123233995737E-17,0.,1.));
#5653 = CYLINDRICAL_SURFACE('',#5654,2.5E-02);
#5654 = AXIS2_PLACEMENT_3D('',#5655,#5656,#5657);
#5655 = CARTESIAN_POINT('',(-3.45,1.875,0.935));
#5656 = DIRECTION('',(1.,0.,0.));
#5657 = DIRECTION('',(-0.,1.,0.));
#5658 = ADVANCED_FACE('',(#5659,#5693,#5727),#5761,.T.);
#5659 = FACE_BOUND('',#5660,.T.);
#5660 = EDGE_LOOP('',(#5661,#5669,#5677,#5683,#5684,#5690,#5691,#5692));
#5661 = ORIENTED_EDGE('',*,*,#5662,.F.);
#5662 = EDGE_CURVE('',#5663,#5614,#5665,.T.);
#5663 = VERTEX_POINT('',#5664);
#5664 = CARTESIAN_POINT('',(-3.425,0.145,0.96));
#5665 = LINE('',#5666,#5667);
#5666 = CARTESIAN_POINT('',(-3.425,0.12,0.96));
#5667 = VECTOR('',#5668,1.);
#5668 = DIRECTION('',(0.,1.,0.));
#5669 = ORIENTED_EDGE('',*,*,#5670,.T.);
#5670 = EDGE_CURVE('',#5663,#5671,#5673,.T.);
#5671 = VERTEX_POINT('',#5672);
#5672 = CARTESIAN_POINT('',(3.425,0.145,0.96));
#5673 = LINE('',#5674,#5675);
#5674 = CARTESIAN_POINT('',(-3.45,0.145,0.96));
#5675 = VECTOR('',#5676,1.);
#5676 = DIRECTION('',(1.,0.,0.));
#5677 = ORIENTED_EDGE('',*,*,#5678,.T.);
#5678 = EDGE_CURVE('',#5671,#5640,#5679,.T.);
#5679 = LINE('',#5680,#5681);
#5680 = CARTESIAN_POINT('',(3.425,0.12,0.96));
#5681 = VECTOR('',#5682,1.);
#5682 = DIRECTION('',(0.,1.,0.));
#5683 = ORIENTED_EDGE('',*,*,#5639,.F.);
#5684 = ORIENTED_EDGE('',*,*,#5685,.F.);
#5685 = EDGE_CURVE('',#5525,#5631,#5686,.T.);
#5686 = LINE('',#5687,#5688);
#5687 = CARTESIAN_POINT('',(3.4,0.92,0.96));
#5688 = VECTOR('',#5689,1.);
#5689 = DIRECTION('',(0.,1.,0.));
#5690 = ORIENTED_EDGE('',*,*,#5534,.T.);
#5691 = ORIENTED_EDGE('',*,*,#5485,.T.);
#5692 = ORIENTED_EDGE('',*,*,#5622,.F.);
#5693 = FACE_BOUND('',#5694,.T.);
#5694 = EDGE_LOOP('',(#5695,#5705,#5713,#5721));
#5695 = ORIENTED_EDGE('',*,*,#5696,.T.);
#5696 = EDGE_CURVE('',#5697,#5699,#5701,.T.);
#5697 = VERTEX_POINT('',#5698);
#5698 = CARTESIAN_POINT('',(3.05,1.03,0.96));
#5699 = VERTEX_POINT('',#5700);
#5700 = CARTESIAN_POINT('',(-3.05,1.03,0.96));
#5701 = LINE('',#5702,#5703);
#5702 = CARTESIAN_POINT('',(-3.25,1.03,0.96));
#5703 = VECTOR('',#5704,1.);
#5704 = DIRECTION('',(-1.,0.,0.));
#5705 = ORIENTED_EDGE('',*,*,#5706,.T.);
#5706 = EDGE_CURVE('',#5699,#5707,#5709,.T.);
#5707 = VERTEX_POINT('',#5708);
#5708 = CARTESIAN_POINT('',(-3.05,1.08,0.96));
#5709 = LINE('',#5710,#5711);
#5710 = CARTESIAN_POINT('',(-3.05,0.575,0.96));
#5711 = VECTOR('',#5712,1.);
#5712 = DIRECTION('',(0.,1.,0.));
#5713 = ORIENTED_EDGE('',*,*,#5714,.F.);
#5714 = EDGE_CURVE('',#5715,#5707,#5717,.T.);
#5715 = VERTEX_POINT('',#5716);
#5716 = CARTESIAN_POINT('',(3.05,1.08,0.96));
#5717 = LINE('',#5718,#5719);
#5718 = CARTESIAN_POINT('',(-3.25,1.08,0.96));
#5719 = VECTOR('',#5720,1.);
#5720 = DIRECTION('',(-1.,0.,0.));
#5721 = ORIENTED_EDGE('',*,*,#5722,.F.);
#5722 = EDGE_CURVE('',#5697,#5715,#5723,.T.);
#5723 = LINE('',#5724,#5725);
#5724 = CARTESIAN_POINT('',(3.05,0.575,0.96));
#5725 = VECTOR('',#5726,1.);
#5726 = DIRECTION('',(0.,1.,0.));
#5727 = FACE_BOUND('',#5728,.T.);
#5728 = EDGE_LOOP('',(#5729,#5739,#5747,#5755));
#5729 = ORIENTED_EDGE('',*,*,#5730,.T.);
#5730 = EDGE_CURVE('',#5731,#5733,#5735,.T.);
#5731 = VERTEX_POINT('',#5732);
#5732 = CARTESIAN_POINT('',(3.05,1.42,0.96));
#5733 = VERTEX_POINT('',#5734);
#5734 = CARTESIAN_POINT('',(-3.05,1.42,0.96));
#5735 = LINE('',#5736,#5737);
#5736 = CARTESIAN_POINT('',(-3.25,1.42,0.96));
#5737 = VECTOR('',#5738,1.);
#5738 = DIRECTION('',(-1.,0.,0.));
#5739 = ORIENTED_EDGE('',*,*,#5740,.T.);
#5740 = EDGE_CURVE('',#5733,#5741,#5743,.T.);
#5741 = VERTEX_POINT('',#5742);
#5742 = CARTESIAN_POINT('',(-3.05,1.47,0.96));
#5743 = LINE('',#5744,#5745);
#5744 = CARTESIAN_POINT('',(-3.05,0.77,0.96));
#5745 = VECTOR('',#5746,1.);
#5746 = DIRECTION('',(0.,1.,0.));
#5747 = ORIENTED_EDGE('',*,*,#5748,.F.);
#5748 = EDGE_CURVE('',#5749,#5741,#5751,.T.);
#5749 = VERTEX_POINT('',#5750);
#5750 = CARTESIAN_POINT('',(3.05,1.47,0.96));
#5751 = LINE('',#5752,#5753);
#5752 = CARTESIAN_POINT('',(-3.25,1.47,0.96));
#5753 = VECTOR('',#5754,1.);
#5754 = DIRECTION('',(-1.,0.,0.));
#5755 = ORIENTED_EDGE('',*,*,#5756,.F.);
#5756 = EDGE_CURVE('',#5731,#5749,#5757,.T.);
#5757 = LINE('',#5758,#5759);
#5758 = CARTESIAN_POINT('',(3.05,0.77,0.96));
#5759 = VECTOR('',#5760,1.);
#5760 = DIRECTION('',(0.,1.,0.));
#5761 = PLANE('',#5762);
#5762 = AXIS2_PLACEMENT_3D('',#5763,#5764,#5765);
#5763 = CARTESIAN_POINT('',(-3.45,0.12,0.96));
#5764 = DIRECTION('',(0.,0.,1.));
#5765 = DIRECTION('',(1.,0.,0.));
#5766 = ADVANCED_FACE('',(#5767),#5774,.T.);
#5767 = FACE_BOUND('',#5768,.T.);
#5768 = EDGE_LOOP('',(#5769,#5770,#5771,#5772,#5773));
#5769 = ORIENTED_EDGE('',*,*,#5524,.F.);
#5770 = ORIENTED_EDGE('',*,*,#5685,.T.);
#5771 = ORIENTED_EDGE('',*,*,#5630,.F.);
#5772 = ORIENTED_EDGE('',*,*,#5579,.T.);
#5773 = ORIENTED_EDGE('',*,*,#5557,.F.);
#5774 = PLANE('',#5775);
#5775 = AXIS2_PLACEMENT_3D('',#5776,#5777,#5778);
#5776 = CARTESIAN_POINT('',(3.4,1.72,0.925));
#5777 = DIRECTION('',(1.,0.,0.));
#5778 = DIRECTION('',(0.,0.,1.));
#5779 = ADVANCED_FACE('',(#5780),#5805,.T.);
#5780 = FACE_BOUND('',#5781,.T.);
#5781 = EDGE_LOOP('',(#5782,#5790,#5791,#5799));
#5782 = ORIENTED_EDGE('',*,*,#5783,.T.);
#5783 = EDGE_CURVE('',#5784,#5604,#5786,.T.);
#5784 = VERTEX_POINT('',#5785);
#5785 = CARTESIAN_POINT('',(-3.425,1.9,0.695));
#5786 = LINE('',#5787,#5788);
#5787 = CARTESIAN_POINT('',(-3.425,1.9,0.67));
#5788 = VECTOR('',#5789,1.);
#5789 = DIRECTION('',(0.,0.,1.));
#5790 = ORIENTED_EDGE('',*,*,#5603,.T.);
#5791 = ORIENTED_EDGE('',*,*,#5792,.F.);
#5792 = EDGE_CURVE('',#5793,#5606,#5795,.T.);
#5793 = VERTEX_POINT('',#5794);
#5794 = CARTESIAN_POINT('',(3.425,1.9,0.695));
#5795 = LINE('',#5796,#5797);
#5796 = CARTESIAN_POINT('',(3.425,1.9,0.67));
#5797 = VECTOR('',#5798,1.);
#5798 = DIRECTION('',(0.,0.,1.));
#5799 = ORIENTED_EDGE('',*,*,#5800,.F.);
#5800 = EDGE_CURVE('',#5784,#5793,#5801,.T.);
#5801 = LINE('',#5802,#5803);
#5802 = CARTESIAN_POINT('',(-3.45,1.9,0.695));
#5803 = VECTOR('',#5804,1.);
#5804 = DIRECTION('',(1.,0.,0.));
#5805 = PLANE('',#5806);
#5806 = AXIS2_PLACEMENT_3D('',#5807,#5808,#5809);
#5807 = CARTESIAN_POINT('',(-3.45,1.9,0.67));
#5808 = DIRECTION('',(0.,1.,0.));
#5809 = DIRECTION('',(0.,0.,1.));
#5810 = ADVANCED_FACE('',(#5811),#5830,.T.);
#5811 = FACE_BOUND('',#5812,.T.);
#5812 = EDGE_LOOP('',(#5813,#5822,#5823));
#5813 = ORIENTED_EDGE('',*,*,#5814,.F.);
#5814 = EDGE_CURVE('',#5606,#5815,#5817,.T.);
#5815 = VERTEX_POINT('',#5816);
#5816 = CARTESIAN_POINT('',(3.45,1.875,0.935));
#5817 = CIRCLE('',#5818,2.5E-02);
#5818 = AXIS2_PLACEMENT_3D('',#5819,#5820,#5821);
#5819 = CARTESIAN_POINT('',(3.425,1.875,0.935));
#5820 = DIRECTION('',(0.,0.,-1.));
#5821 = DIRECTION('',(1.,0.,0.));
#5822 = ORIENTED_EDGE('',*,*,#5647,.T.);
#5823 = ORIENTED_EDGE('',*,*,#5824,.F.);
#5824 = EDGE_CURVE('',#5815,#5640,#5825,.T.);
#5825 = CIRCLE('',#5826,2.5E-02);
#5826 = AXIS2_PLACEMENT_3D('',#5827,#5828,#5829);
#5827 = CARTESIAN_POINT('',(3.425,1.875,0.935));
#5828 = DIRECTION('',(-0.,-1.,0.));
#5829 = DIRECTION('',(1.,-0.,0.));
#5830 = SPHERICAL_SURFACE('',#5831,2.5E-02);
#5831 = AXIS2_PLACEMENT_3D('',#5832,#5833,#5834);
#5832 = CARTESIAN_POINT('',(3.425,1.875,0.935));
#5833 = DIRECTION('',(-0.,-1.,-0.));
#5834 = DIRECTION('',(1.,-0.,0.));
#5835 = ADVANCED_FACE('',(#5836),#5855,.T.);
#5836 = FACE_BOUND('',#5837,.F.);
#5837 = EDGE_LOOP('',(#5838,#5847,#5848));
#5838 = ORIENTED_EDGE('',*,*,#5839,.F.);
#5839 = EDGE_CURVE('',#5604,#5840,#5842,.T.);
#5840 = VERTEX_POINT('',#5841);
#5841 = CARTESIAN_POINT('',(-3.45,1.875,0.935));
#5842 = CIRCLE('',#5843,2.5E-02);
#5843 = AXIS2_PLACEMENT_3D('',#5844,#5845,#5846);
#5844 = CARTESIAN_POINT('',(-3.425,1.875,0.935));
#5845 = DIRECTION('',(0.,0.,1.));
#5846 = DIRECTION('',(-1.,0.,0.));
#5847 = ORIENTED_EDGE('',*,*,#5613,.T.);
#5848 = ORIENTED_EDGE('',*,*,#5849,.F.);
#5849 = EDGE_CURVE('',#5840,#5614,#5850,.T.);
#5850 = CIRCLE('',#5851,2.5E-02);
#5851 = AXIS2_PLACEMENT_3D('',#5852,#5853,#5854);
#5852 = CARTESIAN_POINT('',(-3.425,1.875,0.935));
#5853 = DIRECTION('',(0.,1.,0.));
#5854 = DIRECTION('',(-1.,0.,0.));
#5855 = SPHERICAL_SURFACE('',#5856,2.5E-02);
#5856 = AXIS2_PLACEMENT_3D('',#5857,#5858,#5859);
#5857 = CARTESIAN_POINT('',(-3.425,1.875,0.935));
#5858 = DIRECTION('',(-0.,-1.,-0.));
#5859 = DIRECTION('',(-1.,0.,0.));
#5860 = ADVANCED_FACE('',(#5861),#5880,.T.);
#5861 = FACE_BOUND('',#5862,.T.);
#5862 = EDGE_LOOP('',(#5863,#5872,#5873,#5874));
#5863 = ORIENTED_EDGE('',*,*,#5864,.F.);
#5864 = EDGE_CURVE('',#5663,#5865,#5867,.T.);
#5865 = VERTEX_POINT('',#5866);
#5866 = CARTESIAN_POINT('',(-3.45,0.145,0.935));
#5867 = CIRCLE('',#5868,2.5E-02);
#5868 = AXIS2_PLACEMENT_3D('',#5869,#5870,#5871);
#5869 = CARTESIAN_POINT('',(-3.425,0.145,0.935));
#5870 = DIRECTION('',(0.,-1.,0.));
#5871 = DIRECTION('',(-1.,0.,0.));
#5872 = ORIENTED_EDGE('',*,*,#5662,.T.);
#5873 = ORIENTED_EDGE('',*,*,#5849,.F.);
#5874 = ORIENTED_EDGE('',*,*,#5875,.F.);
#5875 = EDGE_CURVE('',#5865,#5840,#5876,.T.);
#5876 = LINE('',#5877,#5878);
#5877 = CARTESIAN_POINT('',(-3.45,0.12,0.935));
#5878 = VECTOR('',#5879,1.);
#5879 = DIRECTION('',(0.,1.,0.));
#5880 = CYLINDRICAL_SURFACE('',#5881,2.5E-02);
#5881 = AXIS2_PLACEMENT_3D('',#5882,#5883,#5884);
#5882 = CARTESIAN_POINT('',(-3.425,0.12,0.935));
#5883 = DIRECTION('',(0.,1.,0.));
#5884 = DIRECTION('',(-1.,0.,0.));
#5885 = ADVANCED_FACE('',(#5886),#5913,.T.);
#5886 = FACE_BOUND('',#5887,.F.);
#5887 = EDGE_LOOP('',(#5888,#5897,#5898,#5907));
#5888 = ORIENTED_EDGE('',*,*,#5889,.F.);
#5889 = EDGE_CURVE('',#5663,#5890,#5892,.T.);
#5890 = VERTEX_POINT('',#5891);
#5891 = CARTESIAN_POINT('',(-3.425,0.12,0.935));
#5892 = CIRCLE('',#5893,2.5E-02);
#5893 = AXIS2_PLACEMENT_3D('',#5894,#5895,#5896);
#5894 = CARTESIAN_POINT('',(-3.425,0.145,0.935));
#5895 = DIRECTION('',(1.,-6.123233995737E-17,0.));
#5896 = DIRECTION('',(-6.123233995737E-17,-1.,0.));
#5897 = ORIENTED_EDGE('',*,*,#5670,.T.);
#5898 = ORIENTED_EDGE('',*,*,#5899,.T.);
#5899 = EDGE_CURVE('',#5671,#5900,#5902,.T.);
#5900 = VERTEX_POINT('',#5901);
#5901 = CARTESIAN_POINT('',(3.425,0.12,0.935));
#5902 = CIRCLE('',#5903,2.5E-02);
#5903 = AXIS2_PLACEMENT_3D('',#5904,#5905,#5906);
#5904 = CARTESIAN_POINT('',(3.425,0.145,0.935));
#5905 = DIRECTION('',(1.,6.123233995737E-17,0.));
#5906 = DIRECTION('',(6.123233995737E-17,-1.,0.));
#5907 = ORIENTED_EDGE('',*,*,#5908,.F.);
#5908 = EDGE_CURVE('',#5890,#5900,#5909,.T.);
#5909 = LINE('',#5910,#5911);
#5910 = CARTESIAN_POINT('',(-3.45,0.12,0.935));
#5911 = VECTOR('',#5912,1.);
#5912 = DIRECTION('',(1.,0.,0.));
#5913 = CYLINDRICAL_SURFACE('',#5914,2.5E-02);
#5914 = AXIS2_PLACEMENT_3D('',#5915,#5916,#5917);
#5915 = CARTESIAN_POINT('',(-3.45,0.145,0.935));
#5916 = DIRECTION('',(1.,0.,0.));
#5917 = DIRECTION('',(0.,-1.,0.));
#5918 = ADVANCED_FACE('',(#5919),#5938,.T.);
#5919 = FACE_BOUND('',#5920,.F.);
#5920 = EDGE_LOOP('',(#5921,#5930,#5931,#5932));
#5921 = ORIENTED_EDGE('',*,*,#5922,.F.);
#5922 = EDGE_CURVE('',#5671,#5923,#5925,.T.);
#5923 = VERTEX_POINT('',#5924);
#5924 = CARTESIAN_POINT('',(3.45,0.145,0.935));
#5925 = CIRCLE('',#5926,2.5E-02);
#5926 = AXIS2_PLACEMENT_3D('',#5927,#5928,#5929);
#5927 = CARTESIAN_POINT('',(3.425,0.145,0.935));
#5928 = DIRECTION('',(-0.,1.,0.));
#5929 = DIRECTION('',(1.,0.,0.));
#5930 = ORIENTED_EDGE('',*,*,#5678,.T.);
#5931 = ORIENTED_EDGE('',*,*,#5824,.F.);
#5932 = ORIENTED_EDGE('',*,*,#5933,.F.);
#5933 = EDGE_CURVE('',#5923,#5815,#5934,.T.);
#5934 = LINE('',#5935,#5936);
#5935 = CARTESIAN_POINT('',(3.45,0.12,0.935));
#5936 = VECTOR('',#5937,1.);
#5937 = DIRECTION('',(0.,1.,0.));
#5938 = CYLINDRICAL_SURFACE('',#5939,2.5E-02);
#5939 = AXIS2_PLACEMENT_3D('',#5940,#5941,#5942);
#5940 = CARTESIAN_POINT('',(3.425,0.12,0.935));
#5941 = DIRECTION('',(0.,1.,0.));
#5942 = DIRECTION('',(1.,0.,-0.));
#5943 = ADVANCED_FACE('',(#5944),#5969,.T.);
#5944 = FACE_BOUND('',#5945,.T.);
#5945 = EDGE_LOOP('',(#5946,#5954,#5962,#5968));
#5946 = ORIENTED_EDGE('',*,*,#5947,.F.);
#5947 = EDGE_CURVE('',#5948,#5697,#5950,.T.);
#5948 = VERTEX_POINT('',#5949);
#5949 = CARTESIAN_POINT('',(3.05,1.03,0.942));
#5950 = LINE('',#5951,#5952);
#5951 = CARTESIAN_POINT('',(3.05,1.03,0.942));
#5952 = VECTOR('',#5953,1.);
#5953 = DIRECTION('',(0.,0.,1.));
#5954 = ORIENTED_EDGE('',*,*,#5955,.F.);
#5955 = EDGE_CURVE('',#5956,#5948,#5958,.T.);
#5956 = VERTEX_POINT('',#5957);
#5957 = CARTESIAN_POINT('',(-3.05,1.03,0.942));
#5958 = LINE('',#5959,#5960);
#5959 = CARTESIAN_POINT('',(-3.05,1.03,0.942));
#5960 = VECTOR('',#5961,1.);
#5961 = DIRECTION('',(1.,0.,0.));
#5962 = ORIENTED_EDGE('',*,*,#5963,.T.);
#5963 = EDGE_CURVE('',#5956,#5699,#5964,.T.);
#5964 = LINE('',#5965,#5966);
#5965 = CARTESIAN_POINT('',(-3.05,1.03,0.942));
#5966 = VECTOR('',#5967,1.);
#5967 = DIRECTION('',(0.,0.,1.));
#5968 = ORIENTED_EDGE('',*,*,#5696,.F.);
#5969 = PLANE('',#5970);
#5970 = AXIS2_PLACEMENT_3D('',#5971,#5972,#5973);
#5971 = CARTESIAN_POINT('',(-3.05,1.03,0.942));
#5972 = DIRECTION('',(0.,1.,0.));
#5973 = DIRECTION('',(0.,0.,1.));
#5974 = ADVANCED_FACE('',(#5975),#5993,.F.);
#5975 = FACE_BOUND('',#5976,.F.);
#5976 = EDGE_LOOP('',(#5977,#5978,#5986,#5992));
#5977 = ORIENTED_EDGE('',*,*,#5947,.F.);
#5978 = ORIENTED_EDGE('',*,*,#5979,.T.);
#5979 = EDGE_CURVE('',#5948,#5980,#5982,.T.);
#5980 = VERTEX_POINT('',#5981);
#5981 = CARTESIAN_POINT('',(3.05,1.08,0.942));
#5982 = LINE('',#5983,#5984);
#5983 = CARTESIAN_POINT('',(3.05,1.03,0.942));
#5984 = VECTOR('',#5985,1.);
#5985 = DIRECTION('',(0.,1.,0.));
#5986 = ORIENTED_EDGE('',*,*,#5987,.T.);
#5987 = EDGE_CURVE('',#5980,#5715,#5988,.T.);
#5988 = LINE('',#5989,#5990);
#5989 = CARTESIAN_POINT('',(3.05,1.08,0.942));
#5990 = VECTOR('',#5991,1.);
#5991 = DIRECTION('',(0.,0.,1.));
#5992 = ORIENTED_EDGE('',*,*,#5722,.F.);
#5993 = PLANE('',#5994);
#5994 = AXIS2_PLACEMENT_3D('',#5995,#5996,#5997);
#5995 = CARTESIAN_POINT('',(3.05,1.03,0.942));
#5996 = DIRECTION('',(1.,0.,0.));
#5997 = DIRECTION('',(0.,0.,1.));
#5998 = ADVANCED_FACE('',(#5999),#6017,.T.);
#5999 = FACE_BOUND('',#6000,.T.);
#6000 = EDGE_LOOP('',(#6001,#6002,#6010,#6016));
#6001 = ORIENTED_EDGE('',*,*,#5963,.F.);
#6002 = ORIENTED_EDGE('',*,*,#6003,.T.);
#6003 = EDGE_CURVE('',#5956,#6004,#6006,.T.);
#6004 = VERTEX_POINT('',#6005);
#6005 = CARTESIAN_POINT('',(-3.05,1.08,0.942));
#6006 = LINE('',#6007,#6008);
#6007 = CARTESIAN_POINT('',(-3.05,1.03,0.942));
#6008 = VECTOR('',#6009,1.);
#6009 = DIRECTION('',(0.,1.,0.));
#6010 = ORIENTED_EDGE('',*,*,#6011,.T.);
#6011 = EDGE_CURVE('',#6004,#5707,#6012,.T.);
#6012 = LINE('',#6013,#6014);
#6013 = CARTESIAN_POINT('',(-3.05,1.08,0.942));
#6014 = VECTOR('',#6015,1.);
#6015 = DIRECTION('',(0.,0.,1.));
#6016 = ORIENTED_EDGE('',*,*,#5706,.F.);
#6017 = PLANE('',#6018);
#6018 = AXIS2_PLACEMENT_3D('',#6019,#6020,#6021);
#6019 = CARTESIAN_POINT('',(-3.05,1.03,0.942));
#6020 = DIRECTION('',(1.,0.,0.));
#6021 = DIRECTION('',(0.,0.,1.));
#6022 = ADVANCED_FACE('',(#6023),#6034,.F.);
#6023 = FACE_BOUND('',#6024,.F.);
#6024 = EDGE_LOOP('',(#6025,#6026,#6032,#6033));
#6025 = ORIENTED_EDGE('',*,*,#5987,.F.);
#6026 = ORIENTED_EDGE('',*,*,#6027,.F.);
#6027 = EDGE_CURVE('',#6004,#5980,#6028,.T.);
#6028 = LINE('',#6029,#6030);
#6029 = CARTESIAN_POINT('',(-3.05,1.08,0.942));
#6030 = VECTOR('',#6031,1.);
#6031 = DIRECTION('',(1.,0.,0.));
#6032 = ORIENTED_EDGE('',*,*,#6011,.T.);
#6033 = ORIENTED_EDGE('',*,*,#5714,.F.);
#6034 = PLANE('',#6035);
#6035 = AXIS2_PLACEMENT_3D('',#6036,#6037,#6038);
#6036 = CARTESIAN_POINT('',(-3.05,1.08,0.942));
#6037 = DIRECTION('',(0.,1.,0.));
#6038 = DIRECTION('',(0.,0.,1.));
#6039 = ADVANCED_FACE('',(#6040),#6065,.T.);
#6040 = FACE_BOUND('',#6041,.T.);
#6041 = EDGE_LOOP('',(#6042,#6050,#6058,#6064));
#6042 = ORIENTED_EDGE('',*,*,#6043,.F.);
#6043 = EDGE_CURVE('',#6044,#5731,#6046,.T.);
#6044 = VERTEX_POINT('',#6045);
#6045 = CARTESIAN_POINT('',(3.05,1.42,0.942));
#6046 = LINE('',#6047,#6048);
#6047 = CARTESIAN_POINT('',(3.05,1.42,0.942));
#6048 = VECTOR('',#6049,1.);
#6049 = DIRECTION('',(0.,0.,1.));
#6050 = ORIENTED_EDGE('',*,*,#6051,.F.);
#6051 = EDGE_CURVE('',#6052,#6044,#6054,.T.);
#6052 = VERTEX_POINT('',#6053);
#6053 = CARTESIAN_POINT('',(-3.05,1.42,0.942));
#6054 = LINE('',#6055,#6056);
#6055 = CARTESIAN_POINT('',(-3.05,1.42,0.942));
#6056 = VECTOR('',#6057,1.);
#6057 = DIRECTION('',(1.,0.,0.));
#6058 = ORIENTED_EDGE('',*,*,#6059,.T.);
#6059 = EDGE_CURVE('',#6052,#5733,#6060,.T.);
#6060 = LINE('',#6061,#6062);
#6061 = CARTESIAN_POINT('',(-3.05,1.42,0.942));
#6062 = VECTOR('',#6063,1.);
#6063 = DIRECTION('',(0.,0.,1.));
#6064 = ORIENTED_EDGE('',*,*,#5730,.F.);
#6065 = PLANE('',#6066);
#6066 = AXIS2_PLACEMENT_3D('',#6067,#6068,#6069);
#6067 = CARTESIAN_POINT('',(-3.05,1.42,0.942));
#6068 = DIRECTION('',(0.,1.,0.));
#6069 = DIRECTION('',(0.,0.,1.));
#6070 = ADVANCED_FACE('',(#6071),#6089,.F.);
#6071 = FACE_BOUND('',#6072,.F.);
#6072 = EDGE_LOOP('',(#6073,#6074,#6082,#6088));
#6073 = ORIENTED_EDGE('',*,*,#6043,.F.);
#6074 = ORIENTED_EDGE('',*,*,#6075,.T.);
#6075 = EDGE_CURVE('',#6044,#6076,#6078,.T.);
#6076 = VERTEX_POINT('',#6077);
#6077 = CARTESIAN_POINT('',(3.05,1.47,0.942));
#6078 = LINE('',#6079,#6080);
#6079 = CARTESIAN_POINT('',(3.05,1.42,0.942));
#6080 = VECTOR('',#6081,1.);
#6081 = DIRECTION('',(0.,1.,0.));
#6082 = ORIENTED_EDGE('',*,*,#6083,.T.);
#6083 = EDGE_CURVE('',#6076,#5749,#6084,.T.);
#6084 = LINE('',#6085,#6086);
#6085 = CARTESIAN_POINT('',(3.05,1.47,0.942));
#6086 = VECTOR('',#6087,1.);
#6087 = DIRECTION('',(0.,0.,1.));
#6088 = ORIENTED_EDGE('',*,*,#5756,.F.);
#6089 = PLANE('',#6090);
#6090 = AXIS2_PLACEMENT_3D('',#6091,#6092,#6093);
#6091 = CARTESIAN_POINT('',(3.05,1.42,0.942));
#6092 = DIRECTION('',(1.,0.,0.));
#6093 = DIRECTION('',(0.,0.,1.));
#6094 = ADVANCED_FACE('',(#6095),#6113,.F.);
#6095 = FACE_BOUND('',#6096,.F.);
#6096 = EDGE_LOOP('',(#6097,#6098,#6106,#6112));
#6097 = ORIENTED_EDGE('',*,*,#6083,.F.);
#6098 = ORIENTED_EDGE('',*,*,#6099,.F.);
#6099 = EDGE_CURVE('',#6100,#6076,#6102,.T.);
#6100 = VERTEX_POINT('',#6101);
#6101 = CARTESIAN_POINT('',(-3.05,1.47,0.942));
#6102 = LINE('',#6103,#6104);
#6103 = CARTESIAN_POINT('',(-3.05,1.47,0.942));
#6104 = VECTOR('',#6105,1.);
#6105 = DIRECTION('',(1.,0.,0.));
#6106 = ORIENTED_EDGE('',*,*,#6107,.T.);
#6107 = EDGE_CURVE('',#6100,#5741,#6108,.T.);
#6108 = LINE('',#6109,#6110);
#6109 = CARTESIAN_POINT('',(-3.05,1.47,0.942));
#6110 = VECTOR('',#6111,1.);
#6111 = DIRECTION('',(0.,0.,1.));
#6112 = ORIENTED_EDGE('',*,*,#5748,.F.);
#6113 = PLANE('',#6114);
#6114 = AXIS2_PLACEMENT_3D('',#6115,#6116,#6117);
#6115 = CARTESIAN_POINT('',(-3.05,1.47,0.942));
#6116 = DIRECTION('',(0.,1.,0.));
#6117 = DIRECTION('',(0.,0.,1.));
#6118 = ADVANCED_FACE('',(#6119),#6130,.T.);
#6119 = FACE_BOUND('',#6120,.T.);
#6120 = EDGE_LOOP('',(#6121,#6122,#6128,#6129));
#6121 = ORIENTED_EDGE('',*,*,#6059,.F.);
#6122 = ORIENTED_EDGE('',*,*,#6123,.T.);
#6123 = EDGE_CURVE('',#6052,#6100,#6124,.T.);
#6124 = LINE('',#6125,#6126);
#6125 = CARTESIAN_POINT('',(-3.05,1.42,0.942));
#6126 = VECTOR('',#6127,1.);
#6127 = DIRECTION('',(0.,1.,0.));
#6128 = ORIENTED_EDGE('',*,*,#6107,.T.);
#6129 = ORIENTED_EDGE('',*,*,#5740,.F.);
#6130 = PLANE('',#6131);
#6131 = AXIS2_PLACEMENT_3D('',#6132,#6133,#6134);
#6132 = CARTESIAN_POINT('',(-3.05,1.42,0.942));
#6133 = DIRECTION('',(1.,0.,0.));
#6134 = DIRECTION('',(0.,0.,1.));
#6135 = ADVANCED_FACE('',(#6136),#6155,.T.);
#6136 = FACE_BOUND('',#6137,.F.);
#6137 = EDGE_LOOP('',(#6138,#6146,#6153,#6154));
#6138 = ORIENTED_EDGE('',*,*,#6139,.F.);
#6139 = EDGE_CURVE('',#6140,#5840,#6142,.T.);
#6140 = VERTEX_POINT('',#6141);
#6141 = CARTESIAN_POINT('',(-3.45,1.875,0.695));
#6142 = LINE('',#6143,#6144);
#6143 = CARTESIAN_POINT('',(-3.45,1.875,0.67));
#6144 = VECTOR('',#6145,1.);
#6145 = DIRECTION('',(0.,0.,1.));
#6146 = ORIENTED_EDGE('',*,*,#6147,.T.);
#6147 = EDGE_CURVE('',#6140,#5784,#6148,.T.);
#6148 = CIRCLE('',#6149,2.5E-02);
#6149 = AXIS2_PLACEMENT_3D('',#6150,#6151,#6152);
#6150 = CARTESIAN_POINT('',(-3.425,1.875,0.695));
#6151 = DIRECTION('',(-0.,0.,-1.));
#6152 = DIRECTION('',(-1.,0.,0.));
#6153 = ORIENTED_EDGE('',*,*,#5783,.T.);
#6154 = ORIENTED_EDGE('',*,*,#5839,.T.);
#6155 = CYLINDRICAL_SURFACE('',#6156,2.5E-02);
#6156 = AXIS2_PLACEMENT_3D('',#6157,#6158,#6159);
#6157 = CARTESIAN_POINT('',(-3.425,1.875,0.67));
#6158 = DIRECTION('',(0.,0.,1.));
#6159 = DIRECTION('',(-1.,-0.,0.));
#6160 = ADVANCED_FACE('',(#6161),#6188,.T.);
#6161 = FACE_BOUND('',#6162,.F.);
#6162 = EDGE_LOOP('',(#6163,#6172,#6180,#6187));
#6163 = ORIENTED_EDGE('',*,*,#6164,.F.);
#6164 = EDGE_CURVE('',#6165,#5784,#6167,.T.);
#6165 = VERTEX_POINT('',#6166);
#6166 = CARTESIAN_POINT('',(-3.425,1.875,0.67));
#6167 = CIRCLE('',#6168,2.5E-02);
#6168 = AXIS2_PLACEMENT_3D('',#6169,#6170,#6171);
#6169 = CARTESIAN_POINT('',(-3.425,1.875,0.695));
#6170 = DIRECTION('',(1.,6.123233995737E-17,-0.));
#6171 = DIRECTION('',(-6.123233995737E-17,1.,0.));
#6172 = ORIENTED_EDGE('',*,*,#6173,.T.);
#6173 = EDGE_CURVE('',#6165,#6174,#6176,.T.);
#6174 = VERTEX_POINT('',#6175);
#6175 = CARTESIAN_POINT('',(3.425,1.875,0.67));
#6176 = LINE('',#6177,#6178);
#6177 = CARTESIAN_POINT('',(-3.45,1.875,0.67));
#6178 = VECTOR('',#6179,1.);
#6179 = DIRECTION('',(1.,0.,0.));
#6180 = ORIENTED_EDGE('',*,*,#6181,.T.);
#6181 = EDGE_CURVE('',#6174,#5793,#6182,.T.);
#6182 = CIRCLE('',#6183,2.5E-02);
#6183 = AXIS2_PLACEMENT_3D('',#6184,#6185,#6186);
#6184 = CARTESIAN_POINT('',(3.425,1.875,0.695));
#6185 = DIRECTION('',(1.,-6.123233995737E-17,0.));
#6186 = DIRECTION('',(6.123233995737E-17,1.,0.));
#6187 = ORIENTED_EDGE('',*,*,#5800,.F.);
#6188 = CYLINDRICAL_SURFACE('',#6189,2.5E-02);
#6189 = AXIS2_PLACEMENT_3D('',#6190,#6191,#6192);
#6190 = CARTESIAN_POINT('',(-3.45,1.875,0.695));
#6191 = DIRECTION('',(1.,0.,0.));
#6192 = DIRECTION('',(-0.,1.,0.));
#6193 = ADVANCED_FACE('',(#6194),#6213,.T.);
#6194 = FACE_BOUND('',#6195,.T.);
#6195 = EDGE_LOOP('',(#6196,#6204,#6211,#6212));
#6196 = ORIENTED_EDGE('',*,*,#6197,.F.);
#6197 = EDGE_CURVE('',#6198,#5815,#6200,.T.);
#6198 = VERTEX_POINT('',#6199);
#6199 = CARTESIAN_POINT('',(3.45,1.875,0.695));
#6200 = LINE('',#6201,#6202);
#6201 = CARTESIAN_POINT('',(3.45,1.875,0.67));
#6202 = VECTOR('',#6203,1.);
#6203 = DIRECTION('',(0.,0.,1.));
#6204 = ORIENTED_EDGE('',*,*,#6205,.T.);
#6205 = EDGE_CURVE('',#6198,#5793,#6206,.T.);
#6206 = CIRCLE('',#6207,2.5E-02);
#6207 = AXIS2_PLACEMENT_3D('',#6208,#6209,#6210);
#6208 = CARTESIAN_POINT('',(3.425,1.875,0.695));
#6209 = DIRECTION('',(0.,0.,1.));
#6210 = DIRECTION('',(1.,0.,-0.));
#6211 = ORIENTED_EDGE('',*,*,#5792,.T.);
#6212 = ORIENTED_EDGE('',*,*,#5814,.T.);
#6213 = CYLINDRICAL_SURFACE('',#6214,2.5E-02);
#6214 = AXIS2_PLACEMENT_3D('',#6215,#6216,#6217);
#6215 = CARTESIAN_POINT('',(3.425,1.875,0.67));
#6216 = DIRECTION('',(0.,0.,1.));
#6217 = DIRECTION('',(1.,0.,-0.));
#6218 = ADVANCED_FACE('',(#6219),#6230,.T.);
#6219 = FACE_BOUND('',#6220,.F.);
#6220 = EDGE_LOOP('',(#6221,#6222,#6223));
#6221 = ORIENTED_EDGE('',*,*,#5864,.F.);
#6222 = ORIENTED_EDGE('',*,*,#5889,.T.);
#6223 = ORIENTED_EDGE('',*,*,#6224,.F.);
#6224 = EDGE_CURVE('',#5865,#5890,#6225,.T.);
#6225 = CIRCLE('',#6226,2.5E-02);
#6226 = AXIS2_PLACEMENT_3D('',#6227,#6228,#6229);
#6227 = CARTESIAN_POINT('',(-3.425,0.145,0.935));
#6228 = DIRECTION('',(0.,0.,1.));
#6229 = DIRECTION('',(-1.,0.,0.));
#6230 = SPHERICAL_SURFACE('',#6231,2.5E-02);
#6231 = AXIS2_PLACEMENT_3D('',#6232,#6233,#6234);
#6232 = CARTESIAN_POINT('',(-3.425,0.145,0.935));
#6233 = DIRECTION('',(-0.,-0.,-1.));
#6234 = DIRECTION('',(-1.,0.,0.));
#6235 = ADVANCED_FACE('',(#6236),#6286,.F.);
#6236 = FACE_BOUND('',#6237,.F.);
#6237 = EDGE_LOOP('',(#6238,#6248,#6254,#6255,#6256,#6264,#6272,#6280));
#6238 = ORIENTED_EDGE('',*,*,#6239,.F.);
#6239 = EDGE_CURVE('',#6240,#6242,#6244,.T.);
#6240 = VERTEX_POINT('',#6241);
#6241 = CARTESIAN_POINT('',(-3.45,0.145,0.695));
#6242 = VERTEX_POINT('',#6243);
#6243 = CARTESIAN_POINT('',(-3.45,0.145,0.7));
#6244 = LINE('',#6245,#6246);
#6245 = CARTESIAN_POINT('',(-3.45,0.145,0.67));
#6246 = VECTOR('',#6247,1.);
#6247 = DIRECTION('',(0.,0.,1.));
#6248 = ORIENTED_EDGE('',*,*,#6249,.T.);
#6249 = EDGE_CURVE('',#6240,#6140,#6250,.T.);
#6250 = LINE('',#6251,#6252);
#6251 = CARTESIAN_POINT('',(-3.45,0.12,0.695));
#6252 = VECTOR('',#6253,1.);
#6253 = DIRECTION('',(0.,1.,0.));
#6254 = ORIENTED_EDGE('',*,*,#6139,.T.);
#6255 = ORIENTED_EDGE('',*,*,#5875,.F.);
#6256 = ORIENTED_EDGE('',*,*,#6257,.F.);
#6257 = EDGE_CURVE('',#6258,#5865,#6260,.T.);
#6258 = VERTEX_POINT('',#6259);
#6259 = CARTESIAN_POINT('',(-3.45,0.145,0.93));
#6260 = LINE('',#6261,#6262);
#6261 = CARTESIAN_POINT('',(-3.45,0.145,0.67));
#6262 = VECTOR('',#6263,1.);
#6263 = DIRECTION('',(0.,0.,1.));
#6264 = ORIENTED_EDGE('',*,*,#6265,.F.);
#6265 = EDGE_CURVE('',#6266,#6258,#6268,.T.);
#6266 = VERTEX_POINT('',#6267);
#6267 = CARTESIAN_POINT('',(-3.45,0.58,0.93));
#6268 = LINE('',#6269,#6270);
#6269 = CARTESIAN_POINT('',(-3.45,4.75E-02,0.93));
#6270 = VECTOR('',#6271,1.);
#6271 = DIRECTION('',(0.,-1.,0.));
#6272 = ORIENTED_EDGE('',*,*,#6273,.F.);
#6273 = EDGE_CURVE('',#6274,#6266,#6276,.T.);
#6274 = VERTEX_POINT('',#6275);
#6275 = CARTESIAN_POINT('',(-3.45,0.58,0.7));
#6276 = LINE('',#6277,#6278);
#6277 = CARTESIAN_POINT('',(-3.45,0.58,0.685));
#6278 = VECTOR('',#6279,1.);
#6279 = DIRECTION('',(0.,0.,1.));
#6280 = ORIENTED_EDGE('',*,*,#6281,.T.);
#6281 = EDGE_CURVE('',#6274,#6242,#6282,.T.);
#6282 = LINE('',#6283,#6284);
#6283 = CARTESIAN_POINT('',(-3.45,4.75E-02,0.7));
#6284 = VECTOR('',#6285,1.);
#6285 = DIRECTION('',(0.,-1.,0.));
#6286 = PLANE('',#6287);
#6287 = AXIS2_PLACEMENT_3D('',#6288,#6289,#6290);
#6288 = CARTESIAN_POINT('',(-3.45,0.12,0.67));
#6289 = DIRECTION('',(1.,0.,0.));
#6290 = DIRECTION('',(0.,0.,1.));
#6291 = ADVANCED_FACE('',(#6292),#6381,.F.);
#6292 = FACE_BOUND('',#6293,.F.);
#6293 = EDGE_LOOP('',(#6294,#6304,#6312,#6320,#6328,#6336,#6342,#6343,
    #6351,#6359,#6367,#6375));
#6294 = ORIENTED_EDGE('',*,*,#6295,.F.);
#6295 = EDGE_CURVE('',#6296,#6298,#6300,.T.);
#6296 = VERTEX_POINT('',#6297);
#6297 = CARTESIAN_POINT('',(-3.425,0.12,0.695));
#6298 = VERTEX_POINT('',#6299);
#6299 = CARTESIAN_POINT('',(3.425,0.12,0.695));
#6300 = LINE('',#6301,#6302);
#6301 = CARTESIAN_POINT('',(-3.45,0.12,0.695));
#6302 = VECTOR('',#6303,1.);
#6303 = DIRECTION('',(1.,0.,0.));
#6304 = ORIENTED_EDGE('',*,*,#6305,.T.);
#6305 = EDGE_CURVE('',#6296,#6306,#6308,.T.);
#6306 = VERTEX_POINT('',#6307);
#6307 = CARTESIAN_POINT('',(-3.425,0.12,0.7));
#6308 = LINE('',#6309,#6310);
#6309 = CARTESIAN_POINT('',(-3.425,0.12,0.67));
#6310 = VECTOR('',#6311,1.);
#6311 = DIRECTION('',(0.,0.,1.));
#6312 = ORIENTED_EDGE('',*,*,#6313,.T.);
#6313 = EDGE_CURVE('',#6306,#6314,#6316,.T.);
#6314 = VERTEX_POINT('',#6315);
#6315 = CARTESIAN_POINT('',(-3.4,0.12,0.7));
#6316 = LINE('',#6317,#6318);
#6317 = CARTESIAN_POINT('',(-3.57,0.12,0.7));
#6318 = VECTOR('',#6319,1.);
#6319 = DIRECTION('',(1.,0.,0.));
#6320 = ORIENTED_EDGE('',*,*,#6321,.F.);
#6321 = EDGE_CURVE('',#6322,#6314,#6324,.T.);
#6322 = VERTEX_POINT('',#6323);
#6323 = CARTESIAN_POINT('',(-3.4,0.12,0.93));
#6324 = LINE('',#6325,#6326);
#6325 = CARTESIAN_POINT('',(-3.4,0.12,0.685));
#6326 = VECTOR('',#6327,1.);
#6327 = DIRECTION('',(0.,0.,-1.));
#6328 = ORIENTED_EDGE('',*,*,#6329,.F.);
#6329 = EDGE_CURVE('',#6330,#6322,#6332,.T.);
#6330 = VERTEX_POINT('',#6331);
#6331 = CARTESIAN_POINT('',(-3.425,0.12,0.93));
#6332 = LINE('',#6333,#6334);
#6333 = CARTESIAN_POINT('',(-3.57,0.12,0.93));
#6334 = VECTOR('',#6335,1.);
#6335 = DIRECTION('',(1.,0.,0.));
#6336 = ORIENTED_EDGE('',*,*,#6337,.T.);
#6337 = EDGE_CURVE('',#6330,#5890,#6338,.T.);
#6338 = LINE('',#6339,#6340);
#6339 = CARTESIAN_POINT('',(-3.425,0.12,0.67));
#6340 = VECTOR('',#6341,1.);
#6341 = DIRECTION('',(0.,0.,1.));
#6342 = ORIENTED_EDGE('',*,*,#5908,.T.);
#6343 = ORIENTED_EDGE('',*,*,#6344,.F.);
#6344 = EDGE_CURVE('',#6345,#5900,#6347,.T.);
#6345 = VERTEX_POINT('',#6346);
#6346 = CARTESIAN_POINT('',(3.425,0.12,0.93));
#6347 = LINE('',#6348,#6349);
#6348 = CARTESIAN_POINT('',(3.425,0.12,0.67));
#6349 = VECTOR('',#6350,1.);
#6350 = DIRECTION('',(0.,0.,1.));
#6351 = ORIENTED_EDGE('',*,*,#6352,.F.);
#6352 = EDGE_CURVE('',#6353,#6345,#6355,.T.);
#6353 = VERTEX_POINT('',#6354);
#6354 = CARTESIAN_POINT('',(3.4,0.12,0.93));
#6355 = LINE('',#6356,#6357);
#6356 = CARTESIAN_POINT('',(-2.5E-02,0.12,0.93));
#6357 = VECTOR('',#6358,1.);
#6358 = DIRECTION('',(1.,0.,0.));
#6359 = ORIENTED_EDGE('',*,*,#6360,.T.);
#6360 = EDGE_CURVE('',#6353,#6361,#6363,.T.);
#6361 = VERTEX_POINT('',#6362);
#6362 = CARTESIAN_POINT('',(3.4,0.12,0.7));
#6363 = LINE('',#6364,#6365);
#6364 = CARTESIAN_POINT('',(3.4,0.12,0.685));
#6365 = VECTOR('',#6366,1.);
#6366 = DIRECTION('',(0.,0.,-1.));
#6367 = ORIENTED_EDGE('',*,*,#6368,.T.);
#6368 = EDGE_CURVE('',#6361,#6369,#6371,.T.);
#6369 = VERTEX_POINT('',#6370);
#6370 = CARTESIAN_POINT('',(3.425,0.12,0.7));
#6371 = LINE('',#6372,#6373);
#6372 = CARTESIAN_POINT('',(-2.5E-02,0.12,0.7));
#6373 = VECTOR('',#6374,1.);
#6374 = DIRECTION('',(1.,0.,0.));
#6375 = ORIENTED_EDGE('',*,*,#6376,.F.);
#6376 = EDGE_CURVE('',#6298,#6369,#6377,.T.);
#6377 = LINE('',#6378,#6379);
#6378 = CARTESIAN_POINT('',(3.425,0.12,0.67));
#6379 = VECTOR('',#6380,1.);
#6380 = DIRECTION('',(0.,0.,1.));
#6381 = PLANE('',#6382);
#6382 = AXIS2_PLACEMENT_3D('',#6383,#6384,#6385);
#6383 = CARTESIAN_POINT('',(-3.45,0.12,0.67));
#6384 = DIRECTION('',(0.,1.,0.));
#6385 = DIRECTION('',(0.,0.,1.));
#6386 = ADVANCED_FACE('',(#6387),#6398,.T.);
#6387 = FACE_BOUND('',#6388,.T.);
#6388 = EDGE_LOOP('',(#6389,#6390,#6391));
#6389 = ORIENTED_EDGE('',*,*,#5922,.F.);
#6390 = ORIENTED_EDGE('',*,*,#5899,.T.);
#6391 = ORIENTED_EDGE('',*,*,#6392,.F.);
#6392 = EDGE_CURVE('',#5923,#5900,#6393,.T.);
#6393 = CIRCLE('',#6394,2.5E-02);
#6394 = AXIS2_PLACEMENT_3D('',#6395,#6396,#6397);
#6395 = CARTESIAN_POINT('',(3.425,0.145,0.935));
#6396 = DIRECTION('',(0.,0.,-1.));
#6397 = DIRECTION('',(1.,0.,0.));
#6398 = SPHERICAL_SURFACE('',#6399,2.5E-02);
#6399 = AXIS2_PLACEMENT_3D('',#6400,#6401,#6402);
#6400 = CARTESIAN_POINT('',(3.425,0.145,0.935));
#6401 = DIRECTION('',(-0.,-0.,-1.));
#6402 = DIRECTION('',(1.,0.,0.));
#6403 = ADVANCED_FACE('',(#6404),#6454,.T.);
#6404 = FACE_BOUND('',#6405,.T.);
#6405 = EDGE_LOOP('',(#6406,#6416,#6422,#6423,#6424,#6432,#6440,#6448));
#6406 = ORIENTED_EDGE('',*,*,#6407,.F.);
#6407 = EDGE_CURVE('',#6408,#6410,#6412,.T.);
#6408 = VERTEX_POINT('',#6409);
#6409 = CARTESIAN_POINT('',(3.45,0.145,0.695));
#6410 = VERTEX_POINT('',#6411);
#6411 = CARTESIAN_POINT('',(3.45,0.145,0.7));
#6412 = LINE('',#6413,#6414);
#6413 = CARTESIAN_POINT('',(3.45,0.145,0.67));
#6414 = VECTOR('',#6415,1.);
#6415 = DIRECTION('',(0.,0.,1.));
#6416 = ORIENTED_EDGE('',*,*,#6417,.T.);
#6417 = EDGE_CURVE('',#6408,#6198,#6418,.T.);
#6418 = LINE('',#6419,#6420);
#6419 = CARTESIAN_POINT('',(3.45,0.12,0.695));
#6420 = VECTOR('',#6421,1.);
#6421 = DIRECTION('',(0.,1.,0.));
#6422 = ORIENTED_EDGE('',*,*,#6197,.T.);
#6423 = ORIENTED_EDGE('',*,*,#5933,.F.);
#6424 = ORIENTED_EDGE('',*,*,#6425,.F.);
#6425 = EDGE_CURVE('',#6426,#5923,#6428,.T.);
#6426 = VERTEX_POINT('',#6427);
#6427 = CARTESIAN_POINT('',(3.45,0.145,0.93));
#6428 = LINE('',#6429,#6430);
#6429 = CARTESIAN_POINT('',(3.45,0.145,0.67));
#6430 = VECTOR('',#6431,1.);
#6431 = DIRECTION('',(0.,0.,1.));
#6432 = ORIENTED_EDGE('',*,*,#6433,.F.);
#6433 = EDGE_CURVE('',#6434,#6426,#6436,.T.);
#6434 = VERTEX_POINT('',#6435);
#6435 = CARTESIAN_POINT('',(3.45,0.58,0.93));
#6436 = LINE('',#6437,#6438);
#6437 = CARTESIAN_POINT('',(3.45,4.75E-02,0.93));
#6438 = VECTOR('',#6439,1.);
#6439 = DIRECTION('',(0.,-1.,0.));
#6440 = ORIENTED_EDGE('',*,*,#6441,.F.);
#6441 = EDGE_CURVE('',#6442,#6434,#6444,.T.);
#6442 = VERTEX_POINT('',#6443);
#6443 = CARTESIAN_POINT('',(3.45,0.58,0.7));
#6444 = LINE('',#6445,#6446);
#6445 = CARTESIAN_POINT('',(3.45,0.58,0.685));
#6446 = VECTOR('',#6447,1.);
#6447 = DIRECTION('',(0.,0.,1.));
#6448 = ORIENTED_EDGE('',*,*,#6449,.T.);
#6449 = EDGE_CURVE('',#6442,#6410,#6450,.T.);
#6450 = LINE('',#6451,#6452);
#6451 = CARTESIAN_POINT('',(3.45,4.75E-02,0.7));
#6452 = VECTOR('',#6453,1.);
#6453 = DIRECTION('',(0.,-1.,0.));
#6454 = PLANE('',#6455);
#6455 = AXIS2_PLACEMENT_3D('',#6456,#6457,#6458);
#6456 = CARTESIAN_POINT('',(3.45,0.12,0.67));
#6457 = DIRECTION('',(1.,0.,0.));
#6458 = DIRECTION('',(0.,0.,1.));
#6459 = ADVANCED_FACE('',(#6460),#6466,.T.);
#6460 = FACE_BOUND('',#6461,.T.);
#6461 = EDGE_LOOP('',(#6462,#6463,#6464,#6465));
#6462 = ORIENTED_EDGE('',*,*,#6003,.F.);
#6463 = ORIENTED_EDGE('',*,*,#5955,.T.);
#6464 = ORIENTED_EDGE('',*,*,#5979,.T.);
#6465 = ORIENTED_EDGE('',*,*,#6027,.F.);
#6466 = PLANE('',#6467);
#6467 = AXIS2_PLACEMENT_3D('',#6468,#6469,#6470);
#6468 = CARTESIAN_POINT('',(-3.05,1.03,0.942));
#6469 = DIRECTION('',(0.,0.,1.));
#6470 = DIRECTION('',(1.,0.,0.));
#6471 = ADVANCED_FACE('',(#6472),#6478,.T.);
#6472 = FACE_BOUND('',#6473,.T.);
#6473 = EDGE_LOOP('',(#6474,#6475,#6476,#6477));
#6474 = ORIENTED_EDGE('',*,*,#6123,.F.);
#6475 = ORIENTED_EDGE('',*,*,#6051,.T.);
#6476 = ORIENTED_EDGE('',*,*,#6075,.T.);
#6477 = ORIENTED_EDGE('',*,*,#6099,.F.);
#6478 = PLANE('',#6479);
#6479 = AXIS2_PLACEMENT_3D('',#6480,#6481,#6482);
#6480 = CARTESIAN_POINT('',(-3.05,1.42,0.942));
#6481 = DIRECTION('',(0.,0.,1.));
#6482 = DIRECTION('',(1.,0.,0.));
#6483 = ADVANCED_FACE('',(#6484),#6495,.T.);
#6484 = FACE_BOUND('',#6485,.F.);
#6485 = EDGE_LOOP('',(#6486,#6493,#6494));
#6486 = ORIENTED_EDGE('',*,*,#6487,.F.);
#6487 = EDGE_CURVE('',#6165,#6140,#6488,.T.);
#6488 = CIRCLE('',#6489,2.5E-02);
#6489 = AXIS2_PLACEMENT_3D('',#6490,#6491,#6492);
#6490 = CARTESIAN_POINT('',(-3.425,1.875,0.695));
#6491 = DIRECTION('',(0.,1.,-0.));
#6492 = DIRECTION('',(-1.,0.,0.));
#6493 = ORIENTED_EDGE('',*,*,#6164,.T.);
#6494 = ORIENTED_EDGE('',*,*,#6147,.F.);
#6495 = SPHERICAL_SURFACE('',#6496,2.5E-02);
#6496 = AXIS2_PLACEMENT_3D('',#6497,#6498,#6499);
#6497 = CARTESIAN_POINT('',(-3.425,1.875,0.695));
#6498 = DIRECTION('',(0.,0.,1.));
#6499 = DIRECTION('',(-1.,0.,0.));
#6500 = ADVANCED_FACE('',(#6501),#6526,.F.);
#6501 = FACE_BOUND('',#6502,.F.);
#6502 = EDGE_LOOP('',(#6503,#6511,#6519,#6525));
#6503 = ORIENTED_EDGE('',*,*,#6504,.F.);
#6504 = EDGE_CURVE('',#6505,#6165,#6507,.T.);
#6505 = VERTEX_POINT('',#6506);
#6506 = CARTESIAN_POINT('',(-3.425,0.145,0.67));
#6507 = LINE('',#6508,#6509);
#6508 = CARTESIAN_POINT('',(-3.425,0.12,0.67));
#6509 = VECTOR('',#6510,1.);
#6510 = DIRECTION('',(0.,1.,0.));
#6511 = ORIENTED_EDGE('',*,*,#6512,.T.);
#6512 = EDGE_CURVE('',#6505,#6513,#6515,.T.);
#6513 = VERTEX_POINT('',#6514);
#6514 = CARTESIAN_POINT('',(3.425,0.145,0.67));
#6515 = LINE('',#6516,#6517);
#6516 = CARTESIAN_POINT('',(-3.45,0.145,0.67));
#6517 = VECTOR('',#6518,1.);
#6518 = DIRECTION('',(1.,0.,0.));
#6519 = ORIENTED_EDGE('',*,*,#6520,.T.);
#6520 = EDGE_CURVE('',#6513,#6174,#6521,.T.);
#6521 = LINE('',#6522,#6523);
#6522 = CARTESIAN_POINT('',(3.425,0.12,0.67));
#6523 = VECTOR('',#6524,1.);
#6524 = DIRECTION('',(0.,1.,0.));
#6525 = ORIENTED_EDGE('',*,*,#6173,.F.);
#6526 = PLANE('',#6527);
#6527 = AXIS2_PLACEMENT_3D('',#6528,#6529,#6530);
#6528 = CARTESIAN_POINT('',(-3.45,0.12,0.67));
#6529 = DIRECTION('',(0.,0.,1.));
#6530 = DIRECTION('',(1.,0.,0.));
#6531 = ADVANCED_FACE('',(#6532),#6543,.T.);
#6532 = FACE_BOUND('',#6533,.T.);
#6533 = EDGE_LOOP('',(#6534,#6541,#6542));
#6534 = ORIENTED_EDGE('',*,*,#6535,.F.);
#6535 = EDGE_CURVE('',#6174,#6198,#6536,.T.);
#6536 = CIRCLE('',#6537,2.5E-02);
#6537 = AXIS2_PLACEMENT_3D('',#6538,#6539,#6540);
#6538 = CARTESIAN_POINT('',(3.425,1.875,0.695));
#6539 = DIRECTION('',(0.,-1.,0.));
#6540 = DIRECTION('',(1.,0.,0.));
#6541 = ORIENTED_EDGE('',*,*,#6181,.T.);
#6542 = ORIENTED_EDGE('',*,*,#6205,.F.);
#6543 = SPHERICAL_SURFACE('',#6544,2.5E-02);
#6544 = AXIS2_PLACEMENT_3D('',#6545,#6546,#6547);
#6545 = CARTESIAN_POINT('',(3.425,1.875,0.695));
#6546 = DIRECTION('',(0.,0.,1.));
#6547 = DIRECTION('',(1.,0.,-0.));
#6548 = ADVANCED_FACE('',(#6549),#6561,.T.);
#6549 = FACE_BOUND('',#6550,.T.);
#6550 = EDGE_LOOP('',(#6551,#6552,#6559,#6560));
#6551 = ORIENTED_EDGE('',*,*,#6257,.F.);
#6552 = ORIENTED_EDGE('',*,*,#6553,.T.);
#6553 = EDGE_CURVE('',#6258,#6330,#6554,.T.);
#6554 = CIRCLE('',#6555,2.5E-02);
#6555 = AXIS2_PLACEMENT_3D('',#6556,#6557,#6558);
#6556 = CARTESIAN_POINT('',(-3.425,0.145,0.93));
#6557 = DIRECTION('',(0.,0.,1.));
#6558 = DIRECTION('',(-1.,-0.,0.));
#6559 = ORIENTED_EDGE('',*,*,#6337,.T.);
#6560 = ORIENTED_EDGE('',*,*,#6224,.F.);
#6561 = CYLINDRICAL_SURFACE('',#6562,2.5E-02);
#6562 = AXIS2_PLACEMENT_3D('',#6563,#6564,#6565);
#6563 = CARTESIAN_POINT('',(-3.425,0.145,0.67));
#6564 = DIRECTION('',(0.,0.,1.));
#6565 = DIRECTION('',(-1.,-0.,0.));
#6566 = ADVANCED_FACE('',(#6567),#6585,.T.);
#6567 = FACE_BOUND('',#6568,.T.);
#6568 = EDGE_LOOP('',(#6569,#6570,#6577,#6578));
#6569 = ORIENTED_EDGE('',*,*,#6239,.F.);
#6570 = ORIENTED_EDGE('',*,*,#6571,.T.);
#6571 = EDGE_CURVE('',#6240,#6296,#6572,.T.);
#6572 = CIRCLE('',#6573,2.5E-02);
#6573 = AXIS2_PLACEMENT_3D('',#6574,#6575,#6576);
#6574 = CARTESIAN_POINT('',(-3.425,0.145,0.695));
#6575 = DIRECTION('',(0.,0.,1.));
#6576 = DIRECTION('',(-1.,0.,0.));
#6577 = ORIENTED_EDGE('',*,*,#6305,.T.);
#6578 = ORIENTED_EDGE('',*,*,#6579,.F.);
#6579 = EDGE_CURVE('',#6242,#6306,#6580,.T.);
#6580 = CIRCLE('',#6581,2.5E-02);
#6581 = AXIS2_PLACEMENT_3D('',#6582,#6583,#6584);
#6582 = CARTESIAN_POINT('',(-3.425,0.145,0.7));
#6583 = DIRECTION('',(0.,0.,1.));
#6584 = DIRECTION('',(-1.,-0.,0.));
#6585 = CYLINDRICAL_SURFACE('',#6586,2.5E-02);
#6586 = AXIS2_PLACEMENT_3D('',#6587,#6588,#6589);
#6587 = CARTESIAN_POINT('',(-3.425,0.145,0.67));
#6588 = DIRECTION('',(0.,0.,1.));
#6589 = DIRECTION('',(-1.,-0.,0.));
#6590 = ADVANCED_FACE('',(#6591),#6626,.F.);
#6591 = FACE_BOUND('',#6592,.F.);
#6592 = EDGE_LOOP('',(#6593,#6601,#6609,#6617,#6623,#6624,#6625));
#6593 = ORIENTED_EDGE('',*,*,#6594,.F.);
#6594 = EDGE_CURVE('',#6595,#6274,#6597,.T.);
#6595 = VERTEX_POINT('',#6596);
#6596 = CARTESIAN_POINT('',(-3.69,0.58,0.7));
#6597 = LINE('',#6598,#6599);
#6598 = CARTESIAN_POINT('',(-3.69,0.58,0.7));
#6599 = VECTOR('',#6600,1.);
#6600 = DIRECTION('',(1.,0.,0.));
#6601 = ORIENTED_EDGE('',*,*,#6602,.F.);
#6602 = EDGE_CURVE('',#6603,#6595,#6605,.T.);
#6603 = VERTEX_POINT('',#6604);
#6604 = CARTESIAN_POINT('',(-3.69,-2.5E-02,0.7));
#6605 = LINE('',#6606,#6607);
#6606 = CARTESIAN_POINT('',(-3.69,-2.5E-02,0.7));
#6607 = VECTOR('',#6608,1.);
#6608 = DIRECTION('',(0.,1.,0.));
#6609 = ORIENTED_EDGE('',*,*,#6610,.T.);
#6610 = EDGE_CURVE('',#6603,#6611,#6613,.T.);
#6611 = VERTEX_POINT('',#6612);
#6612 = CARTESIAN_POINT('',(-3.4,-2.5E-02,0.7));
#6613 = LINE('',#6614,#6615);
#6614 = CARTESIAN_POINT('',(-3.69,-2.5E-02,0.7));
#6615 = VECTOR('',#6616,1.);
#6616 = DIRECTION('',(1.,0.,0.));
#6617 = ORIENTED_EDGE('',*,*,#6618,.T.);
#6618 = EDGE_CURVE('',#6611,#6314,#6619,.T.);
#6619 = LINE('',#6620,#6621);
#6620 = CARTESIAN_POINT('',(-3.4,-2.5E-02,0.7));
#6621 = VECTOR('',#6622,1.);
#6622 = DIRECTION('',(0.,1.,0.));
#6623 = ORIENTED_EDGE('',*,*,#6313,.F.);
#6624 = ORIENTED_EDGE('',*,*,#6579,.F.);
#6625 = ORIENTED_EDGE('',*,*,#6281,.F.);
#6626 = PLANE('',#6627);
#6627 = AXIS2_PLACEMENT_3D('',#6628,#6629,#6630);
#6628 = CARTESIAN_POINT('',(-3.69,-2.5E-02,0.7));
#6629 = DIRECTION('',(0.,0.,1.));
#6630 = DIRECTION('',(1.,0.,0.));
#6631 = ADVANCED_FACE('',(#6632),#6650,.T.);
#6632 = FACE_BOUND('',#6633,.T.);
#6633 = EDGE_LOOP('',(#6634,#6635,#6643,#6649));
#6634 = ORIENTED_EDGE('',*,*,#6594,.F.);
#6635 = ORIENTED_EDGE('',*,*,#6636,.T.);
#6636 = EDGE_CURVE('',#6595,#6637,#6639,.T.);
#6637 = VERTEX_POINT('',#6638);
#6638 = CARTESIAN_POINT('',(-3.69,0.58,0.93));
#6639 = LINE('',#6640,#6641);
#6640 = CARTESIAN_POINT('',(-3.69,0.58,0.7));
#6641 = VECTOR('',#6642,1.);
#6642 = DIRECTION('',(0.,0.,1.));
#6643 = ORIENTED_EDGE('',*,*,#6644,.T.);
#6644 = EDGE_CURVE('',#6637,#6266,#6645,.T.);
#6645 = LINE('',#6646,#6647);
#6646 = CARTESIAN_POINT('',(-3.69,0.58,0.93));
#6647 = VECTOR('',#6648,1.);
#6648 = DIRECTION('',(1.,0.,0.));
#6649 = ORIENTED_EDGE('',*,*,#6273,.F.);
#6650 = PLANE('',#6651);
#6651 = AXIS2_PLACEMENT_3D('',#6652,#6653,#6654);
#6652 = CARTESIAN_POINT('',(-3.69,0.58,0.7));
#6653 = DIRECTION('',(0.,1.,0.));
#6654 = DIRECTION('',(0.,0.,1.));
#6655 = ADVANCED_FACE('',(#6656),#6684,.T.);
#6656 = FACE_BOUND('',#6657,.T.);
#6657 = EDGE_LOOP('',(#6658,#6659,#6667,#6675,#6681,#6682,#6683));
#6658 = ORIENTED_EDGE('',*,*,#6644,.F.);
#6659 = ORIENTED_EDGE('',*,*,#6660,.F.);
#6660 = EDGE_CURVE('',#6661,#6637,#6663,.T.);
#6661 = VERTEX_POINT('',#6662);
#6662 = CARTESIAN_POINT('',(-3.69,-2.5E-02,0.93));
#6663 = LINE('',#6664,#6665);
#6664 = CARTESIAN_POINT('',(-3.69,-2.5E-02,0.93));
#6665 = VECTOR('',#6666,1.);
#6666 = DIRECTION('',(0.,1.,0.));
#6667 = ORIENTED_EDGE('',*,*,#6668,.T.);
#6668 = EDGE_CURVE('',#6661,#6669,#6671,.T.);
#6669 = VERTEX_POINT('',#6670);
#6670 = CARTESIAN_POINT('',(-3.4,-2.5E-02,0.93));
#6671 = LINE('',#6672,#6673);
#6672 = CARTESIAN_POINT('',(-3.69,-2.5E-02,0.93));
#6673 = VECTOR('',#6674,1.);
#6674 = DIRECTION('',(1.,0.,0.));
#6675 = ORIENTED_EDGE('',*,*,#6676,.T.);
#6676 = EDGE_CURVE('',#6669,#6322,#6677,.T.);
#6677 = LINE('',#6678,#6679);
#6678 = CARTESIAN_POINT('',(-3.4,-2.5E-02,0.93));
#6679 = VECTOR('',#6680,1.);
#6680 = DIRECTION('',(0.,1.,0.));
#6681 = ORIENTED_EDGE('',*,*,#6329,.F.);
#6682 = ORIENTED_EDGE('',*,*,#6553,.F.);
#6683 = ORIENTED_EDGE('',*,*,#6265,.F.);
#6684 = PLANE('',#6685);
#6685 = AXIS2_PLACEMENT_3D('',#6686,#6687,#6688);
#6686 = CARTESIAN_POINT('',(-3.69,-2.5E-02,0.93));
#6687 = DIRECTION('',(0.,0.,1.));
#6688 = DIRECTION('',(1.,0.,0.));
#6689 = ADVANCED_FACE('',(#6690),#6702,.T.);
#6690 = FACE_BOUND('',#6691,.F.);
#6691 = EDGE_LOOP('',(#6692,#6699,#6700,#6701));
#6692 = ORIENTED_EDGE('',*,*,#6693,.F.);
#6693 = EDGE_CURVE('',#6505,#6240,#6694,.T.);
#6694 = CIRCLE('',#6695,2.5E-02);
#6695 = AXIS2_PLACEMENT_3D('',#6696,#6697,#6698);
#6696 = CARTESIAN_POINT('',(-3.425,0.145,0.695));
#6697 = DIRECTION('',(0.,1.,-0.));
#6698 = DIRECTION('',(-1.,0.,0.));
#6699 = ORIENTED_EDGE('',*,*,#6504,.T.);
#6700 = ORIENTED_EDGE('',*,*,#6487,.T.);
#6701 = ORIENTED_EDGE('',*,*,#6249,.F.);
#6702 = CYLINDRICAL_SURFACE('',#6703,2.5E-02);
#6703 = AXIS2_PLACEMENT_3D('',#6704,#6705,#6706);
#6704 = CARTESIAN_POINT('',(-3.425,0.12,0.695));
#6705 = DIRECTION('',(0.,1.,0.));
#6706 = DIRECTION('',(-1.,0.,0.));
#6707 = ADVANCED_FACE('',(#6708),#6726,.T.);
#6708 = FACE_BOUND('',#6709,.T.);
#6709 = EDGE_LOOP('',(#6710,#6717,#6718,#6725));
#6710 = ORIENTED_EDGE('',*,*,#6711,.F.);
#6711 = EDGE_CURVE('',#6505,#6296,#6712,.T.);
#6712 = CIRCLE('',#6713,2.5E-02);
#6713 = AXIS2_PLACEMENT_3D('',#6714,#6715,#6716);
#6714 = CARTESIAN_POINT('',(-3.425,0.145,0.695));
#6715 = DIRECTION('',(-1.,6.123233995737E-17,0.));
#6716 = DIRECTION('',(-6.123233995737E-17,-1.,0.));
#6717 = ORIENTED_EDGE('',*,*,#6512,.T.);
#6718 = ORIENTED_EDGE('',*,*,#6719,.T.);
#6719 = EDGE_CURVE('',#6513,#6298,#6720,.T.);
#6720 = CIRCLE('',#6721,2.5E-02);
#6721 = AXIS2_PLACEMENT_3D('',#6722,#6723,#6724);
#6722 = CARTESIAN_POINT('',(3.425,0.145,0.695));
#6723 = DIRECTION('',(-1.,-6.123233995737E-17,0.));
#6724 = DIRECTION('',(6.123233995737E-17,-1.,-0.));
#6725 = ORIENTED_EDGE('',*,*,#6295,.F.);
#6726 = CYLINDRICAL_SURFACE('',#6727,2.5E-02);
#6727 = AXIS2_PLACEMENT_3D('',#6728,#6729,#6730);
#6728 = CARTESIAN_POINT('',(-3.45,0.145,0.695));
#6729 = DIRECTION('',(1.,0.,0.));
#6730 = DIRECTION('',(0.,-1.,0.));
#6731 = ADVANCED_FACE('',(#6732),#6750,.T.);
#6732 = FACE_BOUND('',#6733,.F.);
#6733 = EDGE_LOOP('',(#6734,#6735,#6742,#6743));
#6734 = ORIENTED_EDGE('',*,*,#6407,.F.);
#6735 = ORIENTED_EDGE('',*,*,#6736,.T.);
#6736 = EDGE_CURVE('',#6408,#6298,#6737,.T.);
#6737 = CIRCLE('',#6738,2.5E-02);
#6738 = AXIS2_PLACEMENT_3D('',#6739,#6740,#6741);
#6739 = CARTESIAN_POINT('',(3.425,0.145,0.695));
#6740 = DIRECTION('',(0.,-0.,-1.));
#6741 = DIRECTION('',(1.,0.,-0.));
#6742 = ORIENTED_EDGE('',*,*,#6376,.T.);
#6743 = ORIENTED_EDGE('',*,*,#6744,.T.);
#6744 = EDGE_CURVE('',#6369,#6410,#6745,.T.);
#6745 = CIRCLE('',#6746,2.5E-02);
#6746 = AXIS2_PLACEMENT_3D('',#6747,#6748,#6749);
#6747 = CARTESIAN_POINT('',(3.425,0.145,0.7));
#6748 = DIRECTION('',(0.,0.,1.));
#6749 = DIRECTION('',(1.,0.,-0.));
#6750 = CYLINDRICAL_SURFACE('',#6751,2.5E-02);
#6751 = AXIS2_PLACEMENT_3D('',#6752,#6753,#6754);
#6752 = CARTESIAN_POINT('',(3.425,0.145,0.67));
#6753 = DIRECTION('',(0.,0.,1.));
#6754 = DIRECTION('',(1.,0.,-0.));
#6755 = ADVANCED_FACE('',(#6756),#6791,.F.);
#6756 = FACE_BOUND('',#6757,.F.);
#6757 = EDGE_LOOP('',(#6758,#6766,#6774,#6782,#6788,#6789,#6790));
#6758 = ORIENTED_EDGE('',*,*,#6759,.F.);
#6759 = EDGE_CURVE('',#6760,#6361,#6762,.T.);
#6760 = VERTEX_POINT('',#6761);
#6761 = CARTESIAN_POINT('',(3.4,-2.5E-02,0.7));
#6762 = LINE('',#6763,#6764);
#6763 = CARTESIAN_POINT('',(3.4,-2.5E-02,0.7));
#6764 = VECTOR('',#6765,1.);
#6765 = DIRECTION('',(0.,1.,0.));
#6766 = ORIENTED_EDGE('',*,*,#6767,.T.);
#6767 = EDGE_CURVE('',#6760,#6768,#6770,.T.);
#6768 = VERTEX_POINT('',#6769);
#6769 = CARTESIAN_POINT('',(3.69,-2.5E-02,0.7));
#6770 = LINE('',#6771,#6772);
#6771 = CARTESIAN_POINT('',(3.4,-2.5E-02,0.7));
#6772 = VECTOR('',#6773,1.);
#6773 = DIRECTION('',(1.,0.,0.));
#6774 = ORIENTED_EDGE('',*,*,#6775,.T.);
#6775 = EDGE_CURVE('',#6768,#6776,#6778,.T.);
#6776 = VERTEX_POINT('',#6777);
#6777 = CARTESIAN_POINT('',(3.69,0.58,0.7));
#6778 = LINE('',#6779,#6780);
#6779 = CARTESIAN_POINT('',(3.69,-2.5E-02,0.7));
#6780 = VECTOR('',#6781,1.);
#6781 = DIRECTION('',(0.,1.,0.));
#6782 = ORIENTED_EDGE('',*,*,#6783,.F.);
#6783 = EDGE_CURVE('',#6442,#6776,#6784,.T.);
#6784 = LINE('',#6785,#6786);
#6785 = CARTESIAN_POINT('',(3.4,0.58,0.7));
#6786 = VECTOR('',#6787,1.);
#6787 = DIRECTION('',(1.,0.,0.));
#6788 = ORIENTED_EDGE('',*,*,#6449,.T.);
#6789 = ORIENTED_EDGE('',*,*,#6744,.F.);
#6790 = ORIENTED_EDGE('',*,*,#6368,.F.);
#6791 = PLANE('',#6792);
#6792 = AXIS2_PLACEMENT_3D('',#6793,#6794,#6795);
#6793 = CARTESIAN_POINT('',(3.4,-2.5E-02,0.7));
#6794 = DIRECTION('',(0.,0.,1.));
#6795 = DIRECTION('',(1.,0.,0.));
#6796 = ADVANCED_FACE('',(#6797),#6815,.F.);
#6797 = FACE_BOUND('',#6798,.F.);
#6798 = EDGE_LOOP('',(#6799,#6807,#6813,#6814));
#6799 = ORIENTED_EDGE('',*,*,#6800,.F.);
#6800 = EDGE_CURVE('',#6801,#6353,#6803,.T.);
#6801 = VERTEX_POINT('',#6802);
#6802 = CARTESIAN_POINT('',(3.4,-2.5E-02,0.93));
#6803 = LINE('',#6804,#6805);
#6804 = CARTESIAN_POINT('',(3.4,-2.5E-02,0.93));
#6805 = VECTOR('',#6806,1.);
#6806 = DIRECTION('',(0.,1.,0.));
#6807 = ORIENTED_EDGE('',*,*,#6808,.F.);
#6808 = EDGE_CURVE('',#6760,#6801,#6809,.T.);
#6809 = LINE('',#6810,#6811);
#6810 = CARTESIAN_POINT('',(3.4,-2.5E-02,0.7));
#6811 = VECTOR('',#6812,1.);
#6812 = DIRECTION('',(0.,0.,1.));
#6813 = ORIENTED_EDGE('',*,*,#6759,.T.);
#6814 = ORIENTED_EDGE('',*,*,#6360,.F.);
#6815 = PLANE('',#6816);
#6816 = AXIS2_PLACEMENT_3D('',#6817,#6818,#6819);
#6817 = CARTESIAN_POINT('',(3.4,-2.5E-02,0.7));
#6818 = DIRECTION('',(1.,0.,0.));
#6819 = DIRECTION('',(0.,0.,1.));
#6820 = ADVANCED_FACE('',(#6821),#6855,.T.);
#6821 = FACE_BOUND('',#6822,.T.);
#6822 = EDGE_LOOP('',(#6823,#6824,#6832,#6840,#6846,#6847,#6854));
#6823 = ORIENTED_EDGE('',*,*,#6800,.F.);
#6824 = ORIENTED_EDGE('',*,*,#6825,.T.);
#6825 = EDGE_CURVE('',#6801,#6826,#6828,.T.);
#6826 = VERTEX_POINT('',#6827);
#6827 = CARTESIAN_POINT('',(3.69,-2.5E-02,0.93));
#6828 = LINE('',#6829,#6830);
#6829 = CARTESIAN_POINT('',(3.4,-2.5E-02,0.93));
#6830 = VECTOR('',#6831,1.);
#6831 = DIRECTION('',(1.,0.,0.));
#6832 = ORIENTED_EDGE('',*,*,#6833,.T.);
#6833 = EDGE_CURVE('',#6826,#6834,#6836,.T.);
#6834 = VERTEX_POINT('',#6835);
#6835 = CARTESIAN_POINT('',(3.69,0.58,0.93));
#6836 = LINE('',#6837,#6838);
#6837 = CARTESIAN_POINT('',(3.69,-2.5E-02,0.93));
#6838 = VECTOR('',#6839,1.);
#6839 = DIRECTION('',(0.,1.,0.));
#6840 = ORIENTED_EDGE('',*,*,#6841,.F.);
#6841 = EDGE_CURVE('',#6434,#6834,#6842,.T.);
#6842 = LINE('',#6843,#6844);
#6843 = CARTESIAN_POINT('',(3.4,0.58,0.93));
#6844 = VECTOR('',#6845,1.);
#6845 = DIRECTION('',(1.,0.,0.));
#6846 = ORIENTED_EDGE('',*,*,#6433,.T.);
#6847 = ORIENTED_EDGE('',*,*,#6848,.F.);
#6848 = EDGE_CURVE('',#6345,#6426,#6849,.T.);
#6849 = CIRCLE('',#6850,2.5E-02);
#6850 = AXIS2_PLACEMENT_3D('',#6851,#6852,#6853);
#6851 = CARTESIAN_POINT('',(3.425,0.145,0.93));
#6852 = DIRECTION('',(0.,0.,1.));
#6853 = DIRECTION('',(1.,0.,-0.));
#6854 = ORIENTED_EDGE('',*,*,#6352,.F.);
#6855 = PLANE('',#6856);
#6856 = AXIS2_PLACEMENT_3D('',#6857,#6858,#6859);
#6857 = CARTESIAN_POINT('',(3.4,-2.5E-02,0.93));
#6858 = DIRECTION('',(0.,0.,1.));
#6859 = DIRECTION('',(1.,0.,0.));
#6860 = ADVANCED_FACE('',(#6861),#6867,.T.);
#6861 = FACE_BOUND('',#6862,.F.);
#6862 = EDGE_LOOP('',(#6863,#6864,#6865,#6866));
#6863 = ORIENTED_EDGE('',*,*,#6425,.F.);
#6864 = ORIENTED_EDGE('',*,*,#6848,.F.);
#6865 = ORIENTED_EDGE('',*,*,#6344,.T.);
#6866 = ORIENTED_EDGE('',*,*,#6392,.F.);
#6867 = CYLINDRICAL_SURFACE('',#6868,2.5E-02);
#6868 = AXIS2_PLACEMENT_3D('',#6869,#6870,#6871);
#6869 = CARTESIAN_POINT('',(3.425,0.145,0.67));
#6870 = DIRECTION('',(0.,0.,1.));
#6871 = DIRECTION('',(1.,0.,-0.));
#6872 = ADVANCED_FACE('',(#6873),#6884,.T.);
#6873 = FACE_BOUND('',#6874,.T.);
#6874 = EDGE_LOOP('',(#6875,#6876,#6882,#6883));
#6875 = ORIENTED_EDGE('',*,*,#6676,.F.);
#6876 = ORIENTED_EDGE('',*,*,#6877,.F.);
#6877 = EDGE_CURVE('',#6611,#6669,#6878,.T.);
#6878 = LINE('',#6879,#6880);
#6879 = CARTESIAN_POINT('',(-3.4,-2.5E-02,0.7));
#6880 = VECTOR('',#6881,1.);
#6881 = DIRECTION('',(0.,0.,1.));
#6882 = ORIENTED_EDGE('',*,*,#6618,.T.);
#6883 = ORIENTED_EDGE('',*,*,#6321,.F.);
#6884 = PLANE('',#6885);
#6885 = AXIS2_PLACEMENT_3D('',#6886,#6887,#6888);
#6886 = CARTESIAN_POINT('',(-3.4,-2.5E-02,0.7));
#6887 = DIRECTION('',(1.,0.,0.));
#6888 = DIRECTION('',(0.,0.,1.));
#6889 = ADVANCED_FACE('',(#6890),#6901,.T.);
#6890 = FACE_BOUND('',#6891,.T.);
#6891 = EDGE_LOOP('',(#6892,#6893,#6894,#6895));
#6892 = ORIENTED_EDGE('',*,*,#6783,.F.);
#6893 = ORIENTED_EDGE('',*,*,#6441,.T.);
#6894 = ORIENTED_EDGE('',*,*,#6841,.T.);
#6895 = ORIENTED_EDGE('',*,*,#6896,.F.);
#6896 = EDGE_CURVE('',#6776,#6834,#6897,.T.);
#6897 = LINE('',#6898,#6899);
#6898 = CARTESIAN_POINT('',(3.69,0.58,0.7));
#6899 = VECTOR('',#6900,1.);
#6900 = DIRECTION('',(0.,0.,1.));
#6901 = PLANE('',#6902);
#6902 = AXIS2_PLACEMENT_3D('',#6903,#6904,#6905);
#6903 = CARTESIAN_POINT('',(3.4,0.58,0.7));
#6904 = DIRECTION('',(0.,1.,0.));
#6905 = DIRECTION('',(0.,0.,1.));
#6906 = ADVANCED_FACE('',(#6907),#6919,.T.);
#6907 = FACE_BOUND('',#6908,.T.);
#6908 = EDGE_LOOP('',(#6909,#6916,#6917,#6918));
#6909 = ORIENTED_EDGE('',*,*,#6910,.F.);
#6910 = EDGE_CURVE('',#6513,#6408,#6911,.T.);
#6911 = CIRCLE('',#6912,2.5E-02);
#6912 = AXIS2_PLACEMENT_3D('',#6913,#6914,#6915);
#6913 = CARTESIAN_POINT('',(3.425,0.145,0.695));
#6914 = DIRECTION('',(0.,-1.,0.));
#6915 = DIRECTION('',(1.,0.,0.));
#6916 = ORIENTED_EDGE('',*,*,#6520,.T.);
#6917 = ORIENTED_EDGE('',*,*,#6535,.T.);
#6918 = ORIENTED_EDGE('',*,*,#6417,.F.);
#6919 = CYLINDRICAL_SURFACE('',#6920,2.5E-02);
#6920 = AXIS2_PLACEMENT_3D('',#6921,#6922,#6923);
#6921 = CARTESIAN_POINT('',(3.425,0.12,0.695));
#6922 = DIRECTION('',(0.,1.,0.));
#6923 = DIRECTION('',(1.,0.,-0.));
#6924 = ADVANCED_FACE('',(#6925),#6930,.T.);
#6925 = FACE_BOUND('',#6926,.T.);
#6926 = EDGE_LOOP('',(#6927,#6928,#6929));
#6927 = ORIENTED_EDGE('',*,*,#6693,.F.);
#6928 = ORIENTED_EDGE('',*,*,#6711,.T.);
#6929 = ORIENTED_EDGE('',*,*,#6571,.F.);
#6930 = SPHERICAL_SURFACE('',#6931,2.5E-02);
#6931 = AXIS2_PLACEMENT_3D('',#6932,#6933,#6934);
#6932 = CARTESIAN_POINT('',(-3.425,0.145,0.695));
#6933 = DIRECTION('',(0.,0.,1.));
#6934 = DIRECTION('',(-1.,0.,0.));
#6935 = ADVANCED_FACE('',(#6936),#6947,.F.);
#6936 = FACE_BOUND('',#6937,.F.);
#6937 = EDGE_LOOP('',(#6938,#6939,#6945,#6946));
#6938 = ORIENTED_EDGE('',*,*,#6610,.F.);
#6939 = ORIENTED_EDGE('',*,*,#6940,.T.);
#6940 = EDGE_CURVE('',#6603,#6661,#6941,.T.);
#6941 = LINE('',#6942,#6943);
#6942 = CARTESIAN_POINT('',(-3.69,-2.5E-02,0.7));
#6943 = VECTOR('',#6944,1.);
#6944 = DIRECTION('',(0.,0.,1.));
#6945 = ORIENTED_EDGE('',*,*,#6668,.T.);
#6946 = ORIENTED_EDGE('',*,*,#6877,.F.);
#6947 = PLANE('',#6948);
#6948 = AXIS2_PLACEMENT_3D('',#6949,#6950,#6951);
#6949 = CARTESIAN_POINT('',(-3.69,-2.5E-02,0.7));
#6950 = DIRECTION('',(0.,1.,0.));
#6951 = DIRECTION('',(0.,0.,1.));
#6952 = ADVANCED_FACE('',(#6953),#6959,.F.);
#6953 = FACE_BOUND('',#6954,.F.);
#6954 = EDGE_LOOP('',(#6955,#6956,#6957,#6958));
#6955 = ORIENTED_EDGE('',*,*,#6940,.F.);
#6956 = ORIENTED_EDGE('',*,*,#6602,.T.);
#6957 = ORIENTED_EDGE('',*,*,#6636,.T.);
#6958 = ORIENTED_EDGE('',*,*,#6660,.F.);
#6959 = PLANE('',#6960);
#6960 = AXIS2_PLACEMENT_3D('',#6961,#6962,#6963);
#6961 = CARTESIAN_POINT('',(-3.69,-2.5E-02,0.7));
#6962 = DIRECTION('',(1.,0.,0.));
#6963 = DIRECTION('',(0.,0.,1.));
#6964 = ADVANCED_FACE('',(#6965),#6970,.T.);
#6965 = FACE_BOUND('',#6966,.F.);
#6966 = EDGE_LOOP('',(#6967,#6968,#6969));
#6967 = ORIENTED_EDGE('',*,*,#6910,.F.);
#6968 = ORIENTED_EDGE('',*,*,#6719,.T.);
#6969 = ORIENTED_EDGE('',*,*,#6736,.F.);
#6970 = SPHERICAL_SURFACE('',#6971,2.5E-02);
#6971 = AXIS2_PLACEMENT_3D('',#6972,#6973,#6974);
#6972 = CARTESIAN_POINT('',(3.425,0.145,0.695));
#6973 = DIRECTION('',(0.,0.,1.));
#6974 = DIRECTION('',(1.,0.,-0.));
#6975 = ADVANCED_FACE('',(#6976),#6987,.T.);
#6976 = FACE_BOUND('',#6977,.T.);
#6977 = EDGE_LOOP('',(#6978,#6984,#6985,#6986));
#6978 = ORIENTED_EDGE('',*,*,#6979,.F.);
#6979 = EDGE_CURVE('',#6768,#6826,#6980,.T.);
#6980 = LINE('',#6981,#6982);
#6981 = CARTESIAN_POINT('',(3.69,-2.5E-02,0.7));
#6982 = VECTOR('',#6983,1.);
#6983 = DIRECTION('',(0.,0.,1.));
#6984 = ORIENTED_EDGE('',*,*,#6775,.T.);
#6985 = ORIENTED_EDGE('',*,*,#6896,.T.);
#6986 = ORIENTED_EDGE('',*,*,#6833,.F.);
#6987 = PLANE('',#6988);
#6988 = AXIS2_PLACEMENT_3D('',#6989,#6990,#6991);
#6989 = CARTESIAN_POINT('',(3.69,-2.5E-02,0.7));
#6990 = DIRECTION('',(1.,0.,0.));
#6991 = DIRECTION('',(0.,0.,1.));
#6992 = ADVANCED_FACE('',(#6993),#6999,.F.);
#6993 = FACE_BOUND('',#6994,.F.);
#6994 = EDGE_LOOP('',(#6995,#6996,#6997,#6998));
#6995 = ORIENTED_EDGE('',*,*,#6767,.F.);
#6996 = ORIENTED_EDGE('',*,*,#6808,.T.);
#6997 = ORIENTED_EDGE('',*,*,#6825,.T.);
#6998 = ORIENTED_EDGE('',*,*,#6979,.F.);
#6999 = PLANE('',#7000);
#7000 = AXIS2_PLACEMENT_3D('',#7001,#7002,#7003);
#7001 = CARTESIAN_POINT('',(3.4,-2.5E-02,0.7));
#7002 = DIRECTION('',(0.,1.,0.));
#7003 = DIRECTION('',(0.,0.,1.));
#7004 = ( GEOMETRIC_REPRESENTATION_CONTEXT(3)
GLOBAL_UNCERTAINTY_ASSIGNED_CONTEXT((#7008))
GLOBAL_UNIT_ASSIGNED_CONTEXT((#7005,#7006,#7007)) REPRESENTATION_CONTEXT
('Context #1','3D Context with UNIT and UNCERTAINTY') );
#7005 = ( LENGTH_UNIT() NAMED_UNIT(*) SI_UNIT(.MILLI.,.METRE.) );
#7006 = ( NAMED_UNIT(*) PLANE_ANGLE_UNIT() SI_UNIT($,.RADIAN.) );
#7007 = ( NAMED_UNIT(*) SI_UNIT($,.STERADIAN.) SOLID_ANGLE_UNIT() );
#7008 = UNCERTAINTY_MEASURE_WITH_UNIT(LENGTH_MEASURE(1.E-07),#7005,
  'distance_accuracy_value','confusion accuracy');
#7009 = CONTEXT_DEPENDENT_SHAPE_REPRESENTATION(#7010,#7012);
#7010 = ( REPRESENTATION_RELATIONSHIP('','',#5468,#10)
REPRESENTATION_RELATIONSHIP_WITH_TRANSFORMATION(#7011)
SHAPE_REPRESENTATION_RELATIONSHIP() );
#7011 = ITEM_DEFINED_TRANSFORMATION('','',#11,#19);
#7012 = PRODUCT_DEFINITION_SHAPE('Placement','Placement of an item',
  #7013);
#7013 = NEXT_ASSEMBLY_USAGE_OCCURRENCE('2','Black_actuator','',#5,#5463,
  $);
#7014 = PRODUCT_RELATED_PRODUCT_CATEGORY('part',$,(#5465));
#7015 = SHAPE_DEFINITION_REPRESENTATION(#7016,#7022);
#7016 = PRODUCT_DEFINITION_SHAPE('','',#7017);
#7017 = PRODUCT_DEFINITION('design','',#7018,#7021);
#7018 = PRODUCT_DEFINITION_FORMATION('','',#7019);
#7019 = PRODUCT('Gold_contact_01','Gold_contact_01','',(#7020));
#7020 = PRODUCT_CONTEXT('',#2,'mechanical');
#7021 = PRODUCT_DEFINITION_CONTEXT('part definition',#2,'design');
#7022 = ADVANCED_BREP_SHAPE_REPRESENTATION('',(#11,#7023),#7965);
#7023 = MANIFOLD_SOLID_BREP('',#7024);
#7024 = CLOSED_SHELL('',(#7025,#7065,#7096,#7127,#7158,#7189,#7220,#7251
    ,#7282,#7313,#7344,#7375,#7406,#7437,#7468,#7499,#7530,#7561,#7592,
    #7623,#7654,#7685,#7716,#7747,#7778,#7809,#7840,#7871,#7893,#7929));
#7025 = ADVANCED_FACE('',(#7026),#7060,.F.);
#7026 = FACE_BOUND('',#7027,.F.);
#7027 = EDGE_LOOP('',(#7028,#7038,#7046,#7054));
#7028 = ORIENTED_EDGE('',*,*,#7029,.T.);
#7029 = EDGE_CURVE('',#7030,#7032,#7034,.T.);
#7030 = VERTEX_POINT('',#7031);
#7031 = CARTESIAN_POINT('',(-2.825,-1.47,0.3));
#7032 = VERTEX_POINT('',#7033);
#7033 = CARTESIAN_POINT('',(-2.675,-1.47,0.3));
#7034 = LINE('',#7035,#7036);
#7035 = CARTESIAN_POINT('',(-2.825,-1.47,0.3));
#7036 = VECTOR('',#7037,1.);
#7037 = DIRECTION('',(1.,0.,0.));
#7038 = ORIENTED_EDGE('',*,*,#7039,.T.);
#7039 = EDGE_CURVE('',#7032,#7040,#7042,.T.);
#7040 = VERTEX_POINT('',#7041);
#7041 = CARTESIAN_POINT('',(-2.675,-1.39,0.27));
#7042 = LINE('',#7043,#7044);
#7043 = CARTESIAN_POINT('',(-2.675,-1.47,0.3));
#7044 = VECTOR('',#7045,1.);
#7045 = DIRECTION('',(0.,0.936329177569,-0.351123441588));
#7046 = ORIENTED_EDGE('',*,*,#7047,.F.);
#7047 = EDGE_CURVE('',#7048,#7040,#7050,.T.);
#7048 = VERTEX_POINT('',#7049);
#7049 = CARTESIAN_POINT('',(-2.825,-1.39,0.27));
#7050 = LINE('',#7051,#7052);
#7051 = CARTESIAN_POINT('',(-2.825,-1.39,0.27));
#7052 = VECTOR('',#7053,1.);
#7053 = DIRECTION('',(1.,0.,0.));
#7054 = ORIENTED_EDGE('',*,*,#7055,.F.);
#7055 = EDGE_CURVE('',#7030,#7048,#7056,.T.);
#7056 = LINE('',#7057,#7058);
#7057 = CARTESIAN_POINT('',(-2.825,-1.47,0.3));
#7058 = VECTOR('',#7059,1.);
#7059 = DIRECTION('',(0.,0.936329177569,-0.351123441588));
#7060 = PLANE('',#7061);
#7061 = AXIS2_PLACEMENT_3D('',#7062,#7063,#7064);
#7062 = CARTESIAN_POINT('',(-2.825,-1.47,0.3));
#7063 = DIRECTION('',(-0.,0.351123441588,0.936329177569));
#7064 = DIRECTION('',(0.,0.936329177569,-0.351123441588));
#7065 = ADVANCED_FACE('',(#7066),#7091,.F.);
#7066 = FACE_BOUND('',#7067,.F.);
#7067 = EDGE_LOOP('',(#7068,#7069,#7077,#7085));
#7068 = ORIENTED_EDGE('',*,*,#7047,.T.);
#7069 = ORIENTED_EDGE('',*,*,#7070,.T.);
#7070 = EDGE_CURVE('',#7040,#7071,#7073,.T.);
#7071 = VERTEX_POINT('',#7072);
#7072 = CARTESIAN_POINT('',(-2.675,-0.76,0.29));
#7073 = LINE('',#7074,#7075);
#7074 = CARTESIAN_POINT('',(-2.675,-1.39,0.27));
#7075 = VECTOR('',#7076,1.);
#7076 = DIRECTION('',(0.,0.999496475295,3.173004683477E-02));
#7077 = ORIENTED_EDGE('',*,*,#7078,.F.);
#7078 = EDGE_CURVE('',#7079,#7071,#7081,.T.);
#7079 = VERTEX_POINT('',#7080);
#7080 = CARTESIAN_POINT('',(-2.825,-0.76,0.29));
#7081 = LINE('',#7082,#7083);
#7082 = CARTESIAN_POINT('',(-2.825,-0.76,0.29));
#7083 = VECTOR('',#7084,1.);
#7084 = DIRECTION('',(1.,0.,0.));
#7085 = ORIENTED_EDGE('',*,*,#7086,.F.);
#7086 = EDGE_CURVE('',#7048,#7079,#7087,.T.);
#7087 = LINE('',#7088,#7089);
#7088 = CARTESIAN_POINT('',(-2.825,-1.39,0.27));
#7089 = VECTOR('',#7090,1.);
#7090 = DIRECTION('',(0.,0.999496475295,3.173004683477E-02));
#7091 = PLANE('',#7092);
#7092 = AXIS2_PLACEMENT_3D('',#7093,#7094,#7095);
#7093 = CARTESIAN_POINT('',(-2.825,-1.39,0.27));
#7094 = DIRECTION('',(0.,-3.173004683477E-02,0.999496475295));
#7095 = DIRECTION('',(0.,0.999496475295,3.173004683477E-02));
#7096 = ADVANCED_FACE('',(#7097),#7122,.F.);
#7097 = FACE_BOUND('',#7098,.F.);
#7098 = EDGE_LOOP('',(#7099,#7100,#7108,#7116));
#7099 = ORIENTED_EDGE('',*,*,#7078,.T.);
#7100 = ORIENTED_EDGE('',*,*,#7101,.T.);
#7101 = EDGE_CURVE('',#7071,#7102,#7104,.T.);
#7102 = VERTEX_POINT('',#7103);
#7103 = CARTESIAN_POINT('',(-2.675,-0.48,0.34));
#7104 = LINE('',#7105,#7106);
#7105 = CARTESIAN_POINT('',(-2.675,-0.76,0.29));
#7106 = VECTOR('',#7107,1.);
#7107 = DIRECTION('',(0.,0.984427575508,0.175790638484));
#7108 = ORIENTED_EDGE('',*,*,#7109,.F.);
#7109 = EDGE_CURVE('',#7110,#7102,#7112,.T.);
#7110 = VERTEX_POINT('',#7111);
#7111 = CARTESIAN_POINT('',(-2.825,-0.48,0.34));
#7112 = LINE('',#7113,#7114);
#7113 = CARTESIAN_POINT('',(-2.825,-0.48,0.34));
#7114 = VECTOR('',#7115,1.);
#7115 = DIRECTION('',(1.,0.,0.));
#7116 = ORIENTED_EDGE('',*,*,#7117,.F.);
#7117 = EDGE_CURVE('',#7079,#7110,#7118,.T.);
#7118 = LINE('',#7119,#7120);
#7119 = CARTESIAN_POINT('',(-2.825,-0.76,0.29));
#7120 = VECTOR('',#7121,1.);
#7121 = DIRECTION('',(0.,0.984427575508,0.175790638484));
#7122 = PLANE('',#7123);
#7123 = AXIS2_PLACEMENT_3D('',#7124,#7125,#7126);
#7124 = CARTESIAN_POINT('',(-2.825,-0.76,0.29));
#7125 = DIRECTION('',(0.,-0.175790638484,0.984427575508));
#7126 = DIRECTION('',(0.,0.984427575508,0.175790638484));
#7127 = ADVANCED_FACE('',(#7128),#7153,.F.);
#7128 = FACE_BOUND('',#7129,.F.);
#7129 = EDGE_LOOP('',(#7130,#7131,#7139,#7147));
#7130 = ORIENTED_EDGE('',*,*,#7109,.T.);
#7131 = ORIENTED_EDGE('',*,*,#7132,.T.);
#7132 = EDGE_CURVE('',#7102,#7133,#7135,.T.);
#7133 = VERTEX_POINT('',#7134);
#7134 = CARTESIAN_POINT('',(-2.675,5.E-02,0.34));
#7135 = LINE('',#7136,#7137);
#7136 = CARTESIAN_POINT('',(-2.675,-0.48,0.34));
#7137 = VECTOR('',#7138,1.);
#7138 = DIRECTION('',(0.,1.,0.));
#7139 = ORIENTED_EDGE('',*,*,#7140,.F.);
#7140 = EDGE_CURVE('',#7141,#7133,#7143,.T.);
#7141 = VERTEX_POINT('',#7142);
#7142 = CARTESIAN_POINT('',(-2.825,5.E-02,0.34));
#7143 = LINE('',#7144,#7145);
#7144 = CARTESIAN_POINT('',(-2.825,5.E-02,0.34));
#7145 = VECTOR('',#7146,1.);
#7146 = DIRECTION('',(1.,0.,0.));
#7147 = ORIENTED_EDGE('',*,*,#7148,.F.);
#7148 = EDGE_CURVE('',#7110,#7141,#7149,.T.);
#7149 = LINE('',#7150,#7151);
#7150 = CARTESIAN_POINT('',(-2.825,-0.48,0.34));
#7151 = VECTOR('',#7152,1.);
#7152 = DIRECTION('',(0.,1.,0.));
#7153 = PLANE('',#7154);
#7154 = AXIS2_PLACEMENT_3D('',#7155,#7156,#7157);
#7155 = CARTESIAN_POINT('',(-2.825,-0.48,0.34));
#7156 = DIRECTION('',(0.,0.,1.));
#7157 = DIRECTION('',(0.,1.,0.));
#7158 = ADVANCED_FACE('',(#7159),#7184,.F.);
#7159 = FACE_BOUND('',#7160,.F.);
#7160 = EDGE_LOOP('',(#7161,#7162,#7170,#7178));
#7161 = ORIENTED_EDGE('',*,*,#7140,.T.);
#7162 = ORIENTED_EDGE('',*,*,#7163,.T.);
#7163 = EDGE_CURVE('',#7133,#7164,#7166,.T.);
#7164 = VERTEX_POINT('',#7165);
#7165 = CARTESIAN_POINT('',(-2.675,0.17,0.29));
#7166 = LINE('',#7167,#7168);
#7167 = CARTESIAN_POINT('',(-2.675,5.E-02,0.34));
#7168 = VECTOR('',#7169,1.);
#7169 = DIRECTION('',(0.,0.923076923077,-0.384615384615));
#7170 = ORIENTED_EDGE('',*,*,#7171,.F.);
#7171 = EDGE_CURVE('',#7172,#7164,#7174,.T.);
#7172 = VERTEX_POINT('',#7173);
#7173 = CARTESIAN_POINT('',(-2.825,0.17,0.29));
#7174 = LINE('',#7175,#7176);
#7175 = CARTESIAN_POINT('',(-2.825,0.17,0.29));
#7176 = VECTOR('',#7177,1.);
#7177 = DIRECTION('',(1.,0.,0.));
#7178 = ORIENTED_EDGE('',*,*,#7179,.F.);
#7179 = EDGE_CURVE('',#7141,#7172,#7180,.T.);
#7180 = LINE('',#7181,#7182);
#7181 = CARTESIAN_POINT('',(-2.825,5.E-02,0.34));
#7182 = VECTOR('',#7183,1.);
#7183 = DIRECTION('',(0.,0.923076923077,-0.384615384615));
#7184 = PLANE('',#7185);
#7185 = AXIS2_PLACEMENT_3D('',#7186,#7187,#7188);
#7186 = CARTESIAN_POINT('',(-2.825,5.E-02,0.34));
#7187 = DIRECTION('',(-0.,0.384615384615,0.923076923077));
#7188 = DIRECTION('',(0.,0.923076923077,-0.384615384615));
#7189 = ADVANCED_FACE('',(#7190),#7215,.F.);
#7190 = FACE_BOUND('',#7191,.F.);
#7191 = EDGE_LOOP('',(#7192,#7193,#7201,#7209));
#7192 = ORIENTED_EDGE('',*,*,#7171,.T.);
#7193 = ORIENTED_EDGE('',*,*,#7194,.T.);
#7194 = EDGE_CURVE('',#7164,#7195,#7197,.T.);
#7195 = VERTEX_POINT('',#7196);
#7196 = CARTESIAN_POINT('',(-2.675,0.2,0.18));
#7197 = LINE('',#7198,#7199);
#7198 = CARTESIAN_POINT('',(-2.675,0.17,0.29));
#7199 = VECTOR('',#7200,1.);
#7200 = DIRECTION('',(0.,0.263117405792,-0.964763821238));
#7201 = ORIENTED_EDGE('',*,*,#7202,.F.);
#7202 = EDGE_CURVE('',#7203,#7195,#7205,.T.);
#7203 = VERTEX_POINT('',#7204);
#7204 = CARTESIAN_POINT('',(-2.825,0.2,0.18));
#7205 = LINE('',#7206,#7207);
#7206 = CARTESIAN_POINT('',(-2.825,0.2,0.18));
#7207 = VECTOR('',#7208,1.);
#7208 = DIRECTION('',(1.,0.,0.));
#7209 = ORIENTED_EDGE('',*,*,#7210,.F.);
#7210 = EDGE_CURVE('',#7172,#7203,#7211,.T.);
#7211 = LINE('',#7212,#7213);
#7212 = CARTESIAN_POINT('',(-2.825,0.17,0.29));
#7213 = VECTOR('',#7214,1.);
#7214 = DIRECTION('',(0.,0.263117405792,-0.964763821238));
#7215 = PLANE('',#7216);
#7216 = AXIS2_PLACEMENT_3D('',#7217,#7218,#7219);
#7217 = CARTESIAN_POINT('',(-2.825,0.17,0.29));
#7218 = DIRECTION('',(-0.,0.964763821238,0.263117405792));
#7219 = DIRECTION('',(0.,0.263117405792,-0.964763821238));
#7220 = ADVANCED_FACE('',(#7221),#7246,.F.);
#7221 = FACE_BOUND('',#7222,.F.);
#7222 = EDGE_LOOP('',(#7223,#7224,#7232,#7240));
#7223 = ORIENTED_EDGE('',*,*,#7202,.T.);
#7224 = ORIENTED_EDGE('',*,*,#7225,.T.);
#7225 = EDGE_CURVE('',#7195,#7226,#7228,.T.);
#7226 = VERTEX_POINT('',#7227);
#7227 = CARTESIAN_POINT('',(-2.675,0.88,0.18));
#7228 = LINE('',#7229,#7230);
#7229 = CARTESIAN_POINT('',(-2.675,0.2,0.18));
#7230 = VECTOR('',#7231,1.);
#7231 = DIRECTION('',(0.,1.,0.));
#7232 = ORIENTED_EDGE('',*,*,#7233,.F.);
#7233 = EDGE_CURVE('',#7234,#7226,#7236,.T.);
#7234 = VERTEX_POINT('',#7235);
#7235 = CARTESIAN_POINT('',(-2.825,0.88,0.18));
#7236 = LINE('',#7237,#7238);
#7237 = CARTESIAN_POINT('',(-2.825,0.88,0.18));
#7238 = VECTOR('',#7239,1.);
#7239 = DIRECTION('',(1.,0.,0.));
#7240 = ORIENTED_EDGE('',*,*,#7241,.F.);
#7241 = EDGE_CURVE('',#7203,#7234,#7242,.T.);
#7242 = LINE('',#7243,#7244);
#7243 = CARTESIAN_POINT('',(-2.825,0.2,0.18));
#7244 = VECTOR('',#7245,1.);
#7245 = DIRECTION('',(0.,1.,0.));
#7246 = PLANE('',#7247);
#7247 = AXIS2_PLACEMENT_3D('',#7248,#7249,#7250);
#7248 = CARTESIAN_POINT('',(-2.825,0.2,0.18));
#7249 = DIRECTION('',(0.,0.,1.));
#7250 = DIRECTION('',(0.,1.,0.));
#7251 = ADVANCED_FACE('',(#7252),#7277,.F.);
#7252 = FACE_BOUND('',#7253,.F.);
#7253 = EDGE_LOOP('',(#7254,#7255,#7263,#7271));
#7254 = ORIENTED_EDGE('',*,*,#7233,.T.);
#7255 = ORIENTED_EDGE('',*,*,#7256,.T.);
#7256 = EDGE_CURVE('',#7226,#7257,#7259,.T.);
#7257 = VERTEX_POINT('',#7258);
#7258 = CARTESIAN_POINT('',(-2.675,0.99,2.E-02));
#7259 = LINE('',#7260,#7261);
#7260 = CARTESIAN_POINT('',(-2.675,0.88,0.18));
#7261 = VECTOR('',#7262,1.);
#7262 = DIRECTION('',(0.,0.566528822887,-0.824041924199));
#7263 = ORIENTED_EDGE('',*,*,#7264,.F.);
#7264 = EDGE_CURVE('',#7265,#7257,#7267,.T.);
#7265 = VERTEX_POINT('',#7266);
#7266 = CARTESIAN_POINT('',(-2.825,0.99,2.E-02));
#7267 = LINE('',#7268,#7269);
#7268 = CARTESIAN_POINT('',(-2.825,0.99,2.E-02));
#7269 = VECTOR('',#7270,1.);
#7270 = DIRECTION('',(1.,0.,0.));
#7271 = ORIENTED_EDGE('',*,*,#7272,.F.);
#7272 = EDGE_CURVE('',#7234,#7265,#7273,.T.);
#7273 = LINE('',#7274,#7275);
#7274 = CARTESIAN_POINT('',(-2.825,0.88,0.18));
#7275 = VECTOR('',#7276,1.);
#7276 = DIRECTION('',(0.,0.566528822887,-0.824041924199));
#7277 = PLANE('',#7278);
#7278 = AXIS2_PLACEMENT_3D('',#7279,#7280,#7281);
#7279 = CARTESIAN_POINT('',(-2.825,0.88,0.18));
#7280 = DIRECTION('',(-0.,0.824041924199,0.566528822887));
#7281 = DIRECTION('',(0.,0.566528822887,-0.824041924199));
#7282 = ADVANCED_FACE('',(#7283),#7308,.F.);
#7283 = FACE_BOUND('',#7284,.F.);
#7284 = EDGE_LOOP('',(#7285,#7286,#7294,#7302));
#7285 = ORIENTED_EDGE('',*,*,#7264,.T.);
#7286 = ORIENTED_EDGE('',*,*,#7287,.T.);
#7287 = EDGE_CURVE('',#7257,#7288,#7290,.T.);
#7288 = VERTEX_POINT('',#7289);
#7289 = CARTESIAN_POINT('',(-2.675,1.38,0.));
#7290 = LINE('',#7291,#7292);
#7291 = CARTESIAN_POINT('',(-2.675,0.99,2.E-02));
#7292 = VECTOR('',#7293,1.);
#7293 = DIRECTION('',(0.,0.998687663477,-5.121475197316E-02));
#7294 = ORIENTED_EDGE('',*,*,#7295,.F.);
#7295 = EDGE_CURVE('',#7296,#7288,#7298,.T.);
#7296 = VERTEX_POINT('',#7297);
#7297 = CARTESIAN_POINT('',(-2.825,1.38,0.));
#7298 = LINE('',#7299,#7300);
#7299 = CARTESIAN_POINT('',(-2.825,1.38,0.));
#7300 = VECTOR('',#7301,1.);
#7301 = DIRECTION('',(1.,0.,0.));
#7302 = ORIENTED_EDGE('',*,*,#7303,.F.);
#7303 = EDGE_CURVE('',#7265,#7296,#7304,.T.);
#7304 = LINE('',#7305,#7306);
#7305 = CARTESIAN_POINT('',(-2.825,0.99,2.E-02));
#7306 = VECTOR('',#7307,1.);
#7307 = DIRECTION('',(0.,0.998687663477,-5.121475197316E-02));
#7308 = PLANE('',#7309);
#7309 = AXIS2_PLACEMENT_3D('',#7310,#7311,#7312);
#7310 = CARTESIAN_POINT('',(-2.825,0.99,2.E-02));
#7311 = DIRECTION('',(-0.,5.121475197316E-02,0.998687663477));
#7312 = DIRECTION('',(0.,0.998687663477,-5.121475197316E-02));
#7313 = ADVANCED_FACE('',(#7314),#7339,.F.);
#7314 = FACE_BOUND('',#7315,.F.);
#7315 = EDGE_LOOP('',(#7316,#7317,#7325,#7333));
#7316 = ORIENTED_EDGE('',*,*,#7295,.T.);
#7317 = ORIENTED_EDGE('',*,*,#7318,.T.);
#7318 = EDGE_CURVE('',#7288,#7319,#7321,.T.);
#7319 = VERTEX_POINT('',#7320);
#7320 = CARTESIAN_POINT('',(-2.675,1.38,8.E-02));
#7321 = LINE('',#7322,#7323);
#7322 = CARTESIAN_POINT('',(-2.675,1.38,0.));
#7323 = VECTOR('',#7324,1.);
#7324 = DIRECTION('',(0.,0.,1.));
#7325 = ORIENTED_EDGE('',*,*,#7326,.F.);
#7326 = EDGE_CURVE('',#7327,#7319,#7329,.T.);
#7327 = VERTEX_POINT('',#7328);
#7328 = CARTESIAN_POINT('',(-2.825,1.38,8.E-02));
#7329 = LINE('',#7330,#7331);
#7330 = CARTESIAN_POINT('',(-2.825,1.38,8.E-02));
#7331 = VECTOR('',#7332,1.);
#7332 = DIRECTION('',(1.,0.,0.));
#7333 = ORIENTED_EDGE('',*,*,#7334,.F.);
#7334 = EDGE_CURVE('',#7296,#7327,#7335,.T.);
#7335 = LINE('',#7336,#7337);
#7336 = CARTESIAN_POINT('',(-2.825,1.38,0.));
#7337 = VECTOR('',#7338,1.);
#7338 = DIRECTION('',(0.,0.,1.));
#7339 = PLANE('',#7340);
#7340 = AXIS2_PLACEMENT_3D('',#7341,#7342,#7343);
#7341 = CARTESIAN_POINT('',(-2.825,1.38,0.));
#7342 = DIRECTION('',(0.,-1.,0.));
#7343 = DIRECTION('',(0.,0.,1.));
#7344 = ADVANCED_FACE('',(#7345),#7370,.F.);
#7345 = FACE_BOUND('',#7346,.F.);
#7346 = EDGE_LOOP('',(#7347,#7348,#7356,#7364));
#7347 = ORIENTED_EDGE('',*,*,#7326,.T.);
#7348 = ORIENTED_EDGE('',*,*,#7349,.T.);
#7349 = EDGE_CURVE('',#7319,#7350,#7352,.T.);
#7350 = VERTEX_POINT('',#7351);
#7351 = CARTESIAN_POINT('',(-2.675,1.05,0.1));
#7352 = LINE('',#7353,#7354);
#7353 = CARTESIAN_POINT('',(-2.675,1.38,8.E-02));
#7354 = VECTOR('',#7355,1.);
#7355 = DIRECTION('',(0.,-0.998168496631,6.049506040189E-02));
#7356 = ORIENTED_EDGE('',*,*,#7357,.F.);
#7357 = EDGE_CURVE('',#7358,#7350,#7360,.T.);
#7358 = VERTEX_POINT('',#7359);
#7359 = CARTESIAN_POINT('',(-2.825,1.05,0.1));
#7360 = LINE('',#7361,#7362);
#7361 = CARTESIAN_POINT('',(-2.825,1.05,0.1));
#7362 = VECTOR('',#7363,1.);
#7363 = DIRECTION('',(1.,0.,0.));
#7364 = ORIENTED_EDGE('',*,*,#7365,.F.);
#7365 = EDGE_CURVE('',#7327,#7358,#7366,.T.);
#7366 = LINE('',#7367,#7368);
#7367 = CARTESIAN_POINT('',(-2.825,1.38,8.E-02));
#7368 = VECTOR('',#7369,1.);
#7369 = DIRECTION('',(0.,-0.998168496631,6.049506040189E-02));
#7370 = PLANE('',#7371);
#7371 = AXIS2_PLACEMENT_3D('',#7372,#7373,#7374);
#7372 = CARTESIAN_POINT('',(-2.825,1.38,8.E-02));
#7373 = DIRECTION('',(0.,-6.049506040189E-02,-0.998168496631));
#7374 = DIRECTION('',(0.,-0.998168496631,6.049506040189E-02));
#7375 = ADVANCED_FACE('',(#7376),#7401,.F.);
#7376 = FACE_BOUND('',#7377,.F.);
#7377 = EDGE_LOOP('',(#7378,#7379,#7387,#7395));
#7378 = ORIENTED_EDGE('',*,*,#7357,.T.);
#7379 = ORIENTED_EDGE('',*,*,#7380,.T.);
#7380 = EDGE_CURVE('',#7350,#7381,#7383,.T.);
#7381 = VERTEX_POINT('',#7382);
#7382 = CARTESIAN_POINT('',(-2.675,0.97,0.26));
#7383 = LINE('',#7384,#7385);
#7384 = CARTESIAN_POINT('',(-2.675,1.05,0.1));
#7385 = VECTOR('',#7386,1.);
#7386 = DIRECTION('',(0.,-0.4472135955,0.894427191));
#7387 = ORIENTED_EDGE('',*,*,#7388,.F.);
#7388 = EDGE_CURVE('',#7389,#7381,#7391,.T.);
#7389 = VERTEX_POINT('',#7390);
#7390 = CARTESIAN_POINT('',(-2.825,0.97,0.26));
#7391 = LINE('',#7392,#7393);
#7392 = CARTESIAN_POINT('',(-2.825,0.97,0.26));
#7393 = VECTOR('',#7394,1.);
#7394 = DIRECTION('',(1.,0.,0.));
#7395 = ORIENTED_EDGE('',*,*,#7396,.F.);
#7396 = EDGE_CURVE('',#7358,#7389,#7397,.T.);
#7397 = LINE('',#7398,#7399);
#7398 = CARTESIAN_POINT('',(-2.825,1.05,0.1));
#7399 = VECTOR('',#7400,1.);
#7400 = DIRECTION('',(0.,-0.4472135955,0.894427191));
#7401 = PLANE('',#7402);
#7402 = AXIS2_PLACEMENT_3D('',#7403,#7404,#7405);
#7403 = CARTESIAN_POINT('',(-2.825,1.05,0.1));
#7404 = DIRECTION('',(0.,-0.894427191,-0.4472135955));
#7405 = DIRECTION('',(0.,-0.4472135955,0.894427191));
#7406 = ADVANCED_FACE('',(#7407),#7432,.F.);
#7407 = FACE_BOUND('',#7408,.F.);
#7408 = EDGE_LOOP('',(#7409,#7410,#7418,#7426));
#7409 = ORIENTED_EDGE('',*,*,#7388,.T.);
#7410 = ORIENTED_EDGE('',*,*,#7411,.T.);
#7411 = EDGE_CURVE('',#7381,#7412,#7414,.T.);
#7412 = VERTEX_POINT('',#7413);
#7413 = CARTESIAN_POINT('',(-2.675,0.28,0.26));
#7414 = LINE('',#7415,#7416);
#7415 = CARTESIAN_POINT('',(-2.675,0.97,0.26));
#7416 = VECTOR('',#7417,1.);
#7417 = DIRECTION('',(0.,-1.,0.));
#7418 = ORIENTED_EDGE('',*,*,#7419,.F.);
#7419 = EDGE_CURVE('',#7420,#7412,#7422,.T.);
#7420 = VERTEX_POINT('',#7421);
#7421 = CARTESIAN_POINT('',(-2.825,0.28,0.26));
#7422 = LINE('',#7423,#7424);
#7423 = CARTESIAN_POINT('',(-2.825,0.28,0.26));
#7424 = VECTOR('',#7425,1.);
#7425 = DIRECTION('',(1.,0.,0.));
#7426 = ORIENTED_EDGE('',*,*,#7427,.F.);
#7427 = EDGE_CURVE('',#7389,#7420,#7428,.T.);
#7428 = LINE('',#7429,#7430);
#7429 = CARTESIAN_POINT('',(-2.825,0.97,0.26));
#7430 = VECTOR('',#7431,1.);
#7431 = DIRECTION('',(0.,-1.,0.));
#7432 = PLANE('',#7433);
#7433 = AXIS2_PLACEMENT_3D('',#7434,#7435,#7436);
#7434 = CARTESIAN_POINT('',(-2.825,0.97,0.26));
#7435 = DIRECTION('',(0.,0.,-1.));
#7436 = DIRECTION('',(0.,-1.,0.));
#7437 = ADVANCED_FACE('',(#7438),#7463,.F.);
#7438 = FACE_BOUND('',#7439,.F.);
#7439 = EDGE_LOOP('',(#7440,#7441,#7449,#7457));
#7440 = ORIENTED_EDGE('',*,*,#7419,.T.);
#7441 = ORIENTED_EDGE('',*,*,#7442,.T.);
#7442 = EDGE_CURVE('',#7412,#7443,#7445,.T.);
#7443 = VERTEX_POINT('',#7444);
#7444 = CARTESIAN_POINT('',(-2.675,0.22,0.42));
#7445 = LINE('',#7446,#7447);
#7446 = CARTESIAN_POINT('',(-2.675,0.28,0.26));
#7447 = VECTOR('',#7448,1.);
#7448 = DIRECTION('',(0.,-0.351123441588,0.936329177569));
#7449 = ORIENTED_EDGE('',*,*,#7450,.F.);
#7450 = EDGE_CURVE('',#7451,#7443,#7453,.T.);
#7451 = VERTEX_POINT('',#7452);
#7452 = CARTESIAN_POINT('',(-2.825,0.22,0.42));
#7453 = LINE('',#7454,#7455);
#7454 = CARTESIAN_POINT('',(-2.825,0.22,0.42));
#7455 = VECTOR('',#7456,1.);
#7456 = DIRECTION('',(1.,0.,0.));
#7457 = ORIENTED_EDGE('',*,*,#7458,.F.);
#7458 = EDGE_CURVE('',#7420,#7451,#7459,.T.);
#7459 = LINE('',#7460,#7461);
#7460 = CARTESIAN_POINT('',(-2.825,0.28,0.26));
#7461 = VECTOR('',#7462,1.);
#7462 = DIRECTION('',(0.,-0.351123441588,0.936329177569));
#7463 = PLANE('',#7464);
#7464 = AXIS2_PLACEMENT_3D('',#7465,#7466,#7467);
#7465 = CARTESIAN_POINT('',(-2.825,0.28,0.26));
#7466 = DIRECTION('',(0.,-0.936329177569,-0.351123441588));
#7467 = DIRECTION('',(0.,-0.351123441588,0.936329177569));
#7468 = ADVANCED_FACE('',(#7469),#7494,.F.);
#7469 = FACE_BOUND('',#7470,.F.);
#7470 = EDGE_LOOP('',(#7471,#7472,#7480,#7488));
#7471 = ORIENTED_EDGE('',*,*,#7450,.T.);
#7472 = ORIENTED_EDGE('',*,*,#7473,.T.);
#7473 = EDGE_CURVE('',#7443,#7474,#7476,.T.);
#7474 = VERTEX_POINT('',#7475);
#7475 = CARTESIAN_POINT('',(-2.675,0.22,0.78));
#7476 = LINE('',#7477,#7478);
#7477 = CARTESIAN_POINT('',(-2.675,0.22,0.42));
#7478 = VECTOR('',#7479,1.);
#7479 = DIRECTION('',(0.,0.,1.));
#7480 = ORIENTED_EDGE('',*,*,#7481,.F.);
#7481 = EDGE_CURVE('',#7482,#7474,#7484,.T.);
#7482 = VERTEX_POINT('',#7483);
#7483 = CARTESIAN_POINT('',(-2.825,0.22,0.78));
#7484 = LINE('',#7485,#7486);
#7485 = CARTESIAN_POINT('',(-2.825,0.22,0.78));
#7486 = VECTOR('',#7487,1.);
#7487 = DIRECTION('',(1.,0.,0.));
#7488 = ORIENTED_EDGE('',*,*,#7489,.F.);
#7489 = EDGE_CURVE('',#7451,#7482,#7490,.T.);
#7490 = LINE('',#7491,#7492);
#7491 = CARTESIAN_POINT('',(-2.825,0.22,0.42));
#7492 = VECTOR('',#7493,1.);
#7493 = DIRECTION('',(0.,0.,1.));
#7494 = PLANE('',#7495);
#7495 = AXIS2_PLACEMENT_3D('',#7496,#7497,#7498);
#7496 = CARTESIAN_POINT('',(-2.825,0.22,0.42));
#7497 = DIRECTION('',(0.,-1.,0.));
#7498 = DIRECTION('',(0.,0.,1.));
#7499 = ADVANCED_FACE('',(#7500),#7525,.F.);
#7500 = FACE_BOUND('',#7501,.F.);
#7501 = EDGE_LOOP('',(#7502,#7503,#7511,#7519));
#7502 = ORIENTED_EDGE('',*,*,#7481,.T.);
#7503 = ORIENTED_EDGE('',*,*,#7504,.T.);
#7504 = EDGE_CURVE('',#7474,#7505,#7507,.T.);
#7505 = VERTEX_POINT('',#7506);
#7506 = CARTESIAN_POINT('',(-2.675,6.E-02,0.84));
#7507 = LINE('',#7508,#7509);
#7508 = CARTESIAN_POINT('',(-2.675,0.22,0.78));
#7509 = VECTOR('',#7510,1.);
#7510 = DIRECTION('',(0.,-0.936329177569,0.351123441588));
#7511 = ORIENTED_EDGE('',*,*,#7512,.F.);
#7512 = EDGE_CURVE('',#7513,#7505,#7515,.T.);
#7513 = VERTEX_POINT('',#7514);
#7514 = CARTESIAN_POINT('',(-2.825,6.E-02,0.84));
#7515 = LINE('',#7516,#7517);
#7516 = CARTESIAN_POINT('',(-2.825,6.E-02,0.84));
#7517 = VECTOR('',#7518,1.);
#7518 = DIRECTION('',(1.,0.,0.));
#7519 = ORIENTED_EDGE('',*,*,#7520,.F.);
#7520 = EDGE_CURVE('',#7482,#7513,#7521,.T.);
#7521 = LINE('',#7522,#7523);
#7522 = CARTESIAN_POINT('',(-2.825,0.22,0.78));
#7523 = VECTOR('',#7524,1.);
#7524 = DIRECTION('',(0.,-0.936329177569,0.351123441588));
#7525 = PLANE('',#7526);
#7526 = AXIS2_PLACEMENT_3D('',#7527,#7528,#7529);
#7527 = CARTESIAN_POINT('',(-2.825,0.22,0.78));
#7528 = DIRECTION('',(0.,-0.351123441588,-0.936329177569));
#7529 = DIRECTION('',(0.,-0.936329177569,0.351123441588));
#7530 = ADVANCED_FACE('',(#7531),#7556,.F.);
#7531 = FACE_BOUND('',#7532,.F.);
#7532 = EDGE_LOOP('',(#7533,#7534,#7542,#7550));
#7533 = ORIENTED_EDGE('',*,*,#7512,.T.);
#7534 = ORIENTED_EDGE('',*,*,#7535,.T.);
#7535 = EDGE_CURVE('',#7505,#7536,#7538,.T.);
#7536 = VERTEX_POINT('',#7537);
#7537 = CARTESIAN_POINT('',(-2.675,-0.3,0.82));
#7538 = LINE('',#7539,#7540);
#7539 = CARTESIAN_POINT('',(-2.675,6.E-02,0.84));
#7540 = VECTOR('',#7541,1.);
#7541 = DIRECTION('',(0.,-0.998460353205,-5.547001962252E-02));
#7542 = ORIENTED_EDGE('',*,*,#7543,.F.);
#7543 = EDGE_CURVE('',#7544,#7536,#7546,.T.);
#7544 = VERTEX_POINT('',#7545);
#7545 = CARTESIAN_POINT('',(-2.825,-0.3,0.82));
#7546 = LINE('',#7547,#7548);
#7547 = CARTESIAN_POINT('',(-2.825,-0.3,0.82));
#7548 = VECTOR('',#7549,1.);
#7549 = DIRECTION('',(1.,0.,0.));
#7550 = ORIENTED_EDGE('',*,*,#7551,.F.);
#7551 = EDGE_CURVE('',#7513,#7544,#7552,.T.);
#7552 = LINE('',#7553,#7554);
#7553 = CARTESIAN_POINT('',(-2.825,6.E-02,0.84));
#7554 = VECTOR('',#7555,1.);
#7555 = DIRECTION('',(0.,-0.998460353205,-5.547001962252E-02));
#7556 = PLANE('',#7557);
#7557 = AXIS2_PLACEMENT_3D('',#7558,#7559,#7560);
#7558 = CARTESIAN_POINT('',(-2.825,6.E-02,0.84));
#7559 = DIRECTION('',(0.,5.547001962252E-02,-0.998460353205));
#7560 = DIRECTION('',(0.,-0.998460353205,-5.547001962252E-02));
#7561 = ADVANCED_FACE('',(#7562),#7587,.F.);
#7562 = FACE_BOUND('',#7563,.F.);
#7563 = EDGE_LOOP('',(#7564,#7565,#7573,#7581));
#7564 = ORIENTED_EDGE('',*,*,#7543,.T.);
#7565 = ORIENTED_EDGE('',*,*,#7566,.T.);
#7566 = EDGE_CURVE('',#7536,#7567,#7569,.T.);
#7567 = VERTEX_POINT('',#7568);
#7568 = CARTESIAN_POINT('',(-2.675,-1.39,0.72));
#7569 = LINE('',#7570,#7571);
#7570 = CARTESIAN_POINT('',(-2.675,-0.3,0.82));
#7571 = VECTOR('',#7572,1.);
#7572 = DIRECTION('',(0.,-0.995817981008,-9.135944779885E-02));
#7573 = ORIENTED_EDGE('',*,*,#7574,.F.);
#7574 = EDGE_CURVE('',#7575,#7567,#7577,.T.);
#7575 = VERTEX_POINT('',#7576);
#7576 = CARTESIAN_POINT('',(-2.825,-1.39,0.72));
#7577 = LINE('',#7578,#7579);
#7578 = CARTESIAN_POINT('',(-2.825,-1.39,0.72));
#7579 = VECTOR('',#7580,1.);
#7580 = DIRECTION('',(1.,0.,0.));
#7581 = ORIENTED_EDGE('',*,*,#7582,.F.);
#7582 = EDGE_CURVE('',#7544,#7575,#7583,.T.);
#7583 = LINE('',#7584,#7585);
#7584 = CARTESIAN_POINT('',(-2.825,-0.3,0.82));
#7585 = VECTOR('',#7586,1.);
#7586 = DIRECTION('',(0.,-0.995817981008,-9.135944779885E-02));
#7587 = PLANE('',#7588);
#7588 = AXIS2_PLACEMENT_3D('',#7589,#7590,#7591);
#7589 = CARTESIAN_POINT('',(-2.825,-0.3,0.82));
#7590 = DIRECTION('',(0.,9.135944779885E-02,-0.995817981008));
#7591 = DIRECTION('',(0.,-0.995817981008,-9.135944779885E-02));
#7592 = ADVANCED_FACE('',(#7593),#7618,.F.);
#7593 = FACE_BOUND('',#7594,.F.);
#7594 = EDGE_LOOP('',(#7595,#7596,#7604,#7612));
#7595 = ORIENTED_EDGE('',*,*,#7574,.T.);
#7596 = ORIENTED_EDGE('',*,*,#7597,.T.);
#7597 = EDGE_CURVE('',#7567,#7598,#7600,.T.);
#7598 = VERTEX_POINT('',#7599);
#7599 = CARTESIAN_POINT('',(-2.675,-1.47,0.68));
#7600 = LINE('',#7601,#7602);
#7601 = CARTESIAN_POINT('',(-2.675,-1.39,0.72));
#7602 = VECTOR('',#7603,1.);
#7603 = DIRECTION('',(0.,-0.894427191,-0.4472135955));
#7604 = ORIENTED_EDGE('',*,*,#7605,.F.);
#7605 = EDGE_CURVE('',#7606,#7598,#7608,.T.);
#7606 = VERTEX_POINT('',#7607);
#7607 = CARTESIAN_POINT('',(-2.825,-1.47,0.68));
#7608 = LINE('',#7609,#7610);
#7609 = CARTESIAN_POINT('',(-2.825,-1.47,0.68));
#7610 = VECTOR('',#7611,1.);
#7611 = DIRECTION('',(1.,0.,0.));
#7612 = ORIENTED_EDGE('',*,*,#7613,.F.);
#7613 = EDGE_CURVE('',#7575,#7606,#7614,.T.);
#7614 = LINE('',#7615,#7616);
#7615 = CARTESIAN_POINT('',(-2.825,-1.39,0.72));
#7616 = VECTOR('',#7617,1.);
#7617 = DIRECTION('',(0.,-0.894427191,-0.4472135955));
#7618 = PLANE('',#7619);
#7619 = AXIS2_PLACEMENT_3D('',#7620,#7621,#7622);
#7620 = CARTESIAN_POINT('',(-2.825,-1.39,0.72));
#7621 = DIRECTION('',(0.,0.4472135955,-0.894427191));
#7622 = DIRECTION('',(0.,-0.894427191,-0.4472135955));
#7623 = ADVANCED_FACE('',(#7624),#7649,.F.);
#7624 = FACE_BOUND('',#7625,.F.);
#7625 = EDGE_LOOP('',(#7626,#7627,#7635,#7643));
#7626 = ORIENTED_EDGE('',*,*,#7605,.T.);
#7627 = ORIENTED_EDGE('',*,*,#7628,.T.);
#7628 = EDGE_CURVE('',#7598,#7629,#7631,.T.);
#7629 = VERTEX_POINT('',#7630);
#7630 = CARTESIAN_POINT('',(-2.675,-1.41,0.63));
#7631 = LINE('',#7632,#7633);
#7632 = CARTESIAN_POINT('',(-2.675,-1.47,0.68));
#7633 = VECTOR('',#7634,1.);
#7634 = DIRECTION('',(0.,0.768221279597,-0.640184399664));
#7635 = ORIENTED_EDGE('',*,*,#7636,.F.);
#7636 = EDGE_CURVE('',#7637,#7629,#7639,.T.);
#7637 = VERTEX_POINT('',#7638);
#7638 = CARTESIAN_POINT('',(-2.825,-1.41,0.63));
#7639 = LINE('',#7640,#7641);
#7640 = CARTESIAN_POINT('',(-2.825,-1.41,0.63));
#7641 = VECTOR('',#7642,1.);
#7642 = DIRECTION('',(1.,0.,0.));
#7643 = ORIENTED_EDGE('',*,*,#7644,.F.);
#7644 = EDGE_CURVE('',#7606,#7637,#7645,.T.);
#7645 = LINE('',#7646,#7647);
#7646 = CARTESIAN_POINT('',(-2.825,-1.47,0.68));
#7647 = VECTOR('',#7648,1.);
#7648 = DIRECTION('',(0.,0.768221279597,-0.640184399664));
#7649 = PLANE('',#7650);
#7650 = AXIS2_PLACEMENT_3D('',#7651,#7652,#7653);
#7651 = CARTESIAN_POINT('',(-2.825,-1.47,0.68));
#7652 = DIRECTION('',(-0.,0.640184399664,0.768221279597));
#7653 = DIRECTION('',(0.,0.768221279597,-0.640184399664));
#7654 = ADVANCED_FACE('',(#7655),#7680,.F.);
#7655 = FACE_BOUND('',#7656,.F.);
#7656 = EDGE_LOOP('',(#7657,#7658,#7666,#7674));
#7657 = ORIENTED_EDGE('',*,*,#7636,.T.);
#7658 = ORIENTED_EDGE('',*,*,#7659,.T.);
#7659 = EDGE_CURVE('',#7629,#7660,#7662,.T.);
#7660 = VERTEX_POINT('',#7661);
#7661 = CARTESIAN_POINT('',(-2.675,-1.3,0.65));
#7662 = LINE('',#7663,#7664);
#7663 = CARTESIAN_POINT('',(-2.675,-1.41,0.63));
#7664 = VECTOR('',#7665,1.);
#7665 = DIRECTION('',(0.,0.9838699101,0.1788854382));
#7666 = ORIENTED_EDGE('',*,*,#7667,.F.);
#7667 = EDGE_CURVE('',#7668,#7660,#7670,.T.);
#7668 = VERTEX_POINT('',#7669);
#7669 = CARTESIAN_POINT('',(-2.825,-1.3,0.65));
#7670 = LINE('',#7671,#7672);
#7671 = CARTESIAN_POINT('',(-2.825,-1.3,0.65));
#7672 = VECTOR('',#7673,1.);
#7673 = DIRECTION('',(1.,0.,0.));
#7674 = ORIENTED_EDGE('',*,*,#7675,.F.);
#7675 = EDGE_CURVE('',#7637,#7668,#7676,.T.);
#7676 = LINE('',#7677,#7678);
#7677 = CARTESIAN_POINT('',(-2.825,-1.41,0.63));
#7678 = VECTOR('',#7679,1.);
#7679 = DIRECTION('',(0.,0.9838699101,0.1788854382));
#7680 = PLANE('',#7681);
#7681 = AXIS2_PLACEMENT_3D('',#7682,#7683,#7684);
#7682 = CARTESIAN_POINT('',(-2.825,-1.41,0.63));
#7683 = DIRECTION('',(0.,-0.1788854382,0.9838699101));
#7684 = DIRECTION('',(0.,0.9838699101,0.1788854382));
#7685 = ADVANCED_FACE('',(#7686),#7711,.F.);
#7686 = FACE_BOUND('',#7687,.F.);
#7687 = EDGE_LOOP('',(#7688,#7689,#7697,#7705));
#7688 = ORIENTED_EDGE('',*,*,#7667,.T.);
#7689 = ORIENTED_EDGE('',*,*,#7690,.T.);
#7690 = EDGE_CURVE('',#7660,#7691,#7693,.T.);
#7691 = VERTEX_POINT('',#7692);
#7692 = CARTESIAN_POINT('',(-2.675,-0.28,0.75));
#7693 = LINE('',#7694,#7695);
#7694 = CARTESIAN_POINT('',(-2.675,-1.3,0.65));
#7695 = VECTOR('',#7696,1.);
#7696 = DIRECTION('',(0.,0.99522852512,9.757142403137E-02));
#7697 = ORIENTED_EDGE('',*,*,#7698,.F.);
#7698 = EDGE_CURVE('',#7699,#7691,#7701,.T.);
#7699 = VERTEX_POINT('',#7700);
#7700 = CARTESIAN_POINT('',(-2.825,-0.28,0.75));
#7701 = LINE('',#7702,#7703);
#7702 = CARTESIAN_POINT('',(-2.825,-0.28,0.75));
#7703 = VECTOR('',#7704,1.);
#7704 = DIRECTION('',(1.,0.,0.));
#7705 = ORIENTED_EDGE('',*,*,#7706,.F.);
#7706 = EDGE_CURVE('',#7668,#7699,#7707,.T.);
#7707 = LINE('',#7708,#7709);
#7708 = CARTESIAN_POINT('',(-2.825,-1.3,0.65));
#7709 = VECTOR('',#7710,1.);
#7710 = DIRECTION('',(0.,0.99522852512,9.757142403137E-02));
#7711 = PLANE('',#7712);
#7712 = AXIS2_PLACEMENT_3D('',#7713,#7714,#7715);
#7713 = CARTESIAN_POINT('',(-2.825,-1.3,0.65));
#7714 = DIRECTION('',(0.,-9.757142403137E-02,0.99522852512));
#7715 = DIRECTION('',(0.,0.99522852512,9.757142403137E-02));
#7716 = ADVANCED_FACE('',(#7717),#7742,.F.);
#7717 = FACE_BOUND('',#7718,.F.);
#7718 = EDGE_LOOP('',(#7719,#7720,#7728,#7736));
#7719 = ORIENTED_EDGE('',*,*,#7698,.T.);
#7720 = ORIENTED_EDGE('',*,*,#7721,.T.);
#7721 = EDGE_CURVE('',#7691,#7722,#7724,.T.);
#7722 = VERTEX_POINT('',#7723);
#7723 = CARTESIAN_POINT('',(-2.675,0.12,0.75));
#7724 = LINE('',#7725,#7726);
#7725 = CARTESIAN_POINT('',(-2.675,-0.28,0.75));
#7726 = VECTOR('',#7727,1.);
#7727 = DIRECTION('',(0.,1.,0.));
#7728 = ORIENTED_EDGE('',*,*,#7729,.F.);
#7729 = EDGE_CURVE('',#7730,#7722,#7732,.T.);
#7730 = VERTEX_POINT('',#7731);
#7731 = CARTESIAN_POINT('',(-2.825,0.12,0.75));
#7732 = LINE('',#7733,#7734);
#7733 = CARTESIAN_POINT('',(-2.825,0.12,0.75));
#7734 = VECTOR('',#7735,1.);
#7735 = DIRECTION('',(1.,0.,0.));
#7736 = ORIENTED_EDGE('',*,*,#7737,.F.);
#7737 = EDGE_CURVE('',#7699,#7730,#7738,.T.);
#7738 = LINE('',#7739,#7740);
#7739 = CARTESIAN_POINT('',(-2.825,-0.28,0.75));
#7740 = VECTOR('',#7741,1.);
#7741 = DIRECTION('',(0.,1.,0.));
#7742 = PLANE('',#7743);
#7743 = AXIS2_PLACEMENT_3D('',#7744,#7745,#7746);
#7744 = CARTESIAN_POINT('',(-2.825,-0.28,0.75));
#7745 = DIRECTION('',(0.,0.,1.));
#7746 = DIRECTION('',(0.,1.,0.));
#7747 = ADVANCED_FACE('',(#7748),#7773,.F.);
#7748 = FACE_BOUND('',#7749,.F.);
#7749 = EDGE_LOOP('',(#7750,#7751,#7759,#7767));
#7750 = ORIENTED_EDGE('',*,*,#7729,.T.);
#7751 = ORIENTED_EDGE('',*,*,#7752,.T.);
#7752 = EDGE_CURVE('',#7722,#7753,#7755,.T.);
#7753 = VERTEX_POINT('',#7754);
#7754 = CARTESIAN_POINT('',(-2.675,0.12,0.43));
#7755 = LINE('',#7756,#7757);
#7756 = CARTESIAN_POINT('',(-2.675,0.12,0.75));
#7757 = VECTOR('',#7758,1.);
#7758 = DIRECTION('',(0.,0.,-1.));
#7759 = ORIENTED_EDGE('',*,*,#7760,.F.);
#7760 = EDGE_CURVE('',#7761,#7753,#7763,.T.);
#7761 = VERTEX_POINT('',#7762);
#7762 = CARTESIAN_POINT('',(-2.825,0.12,0.43));
#7763 = LINE('',#7764,#7765);
#7764 = CARTESIAN_POINT('',(-2.825,0.12,0.43));
#7765 = VECTOR('',#7766,1.);
#7766 = DIRECTION('',(1.,0.,0.));
#7767 = ORIENTED_EDGE('',*,*,#7768,.F.);
#7768 = EDGE_CURVE('',#7730,#7761,#7769,.T.);
#7769 = LINE('',#7770,#7771);
#7770 = CARTESIAN_POINT('',(-2.825,0.12,0.75));
#7771 = VECTOR('',#7772,1.);
#7772 = DIRECTION('',(0.,0.,-1.));
#7773 = PLANE('',#7774);
#7774 = AXIS2_PLACEMENT_3D('',#7775,#7776,#7777);
#7775 = CARTESIAN_POINT('',(-2.825,0.12,0.75));
#7776 = DIRECTION('',(-0.,1.,0.));
#7777 = DIRECTION('',(0.,0.,-1.));
#7778 = ADVANCED_FACE('',(#7779),#7804,.F.);
#7779 = FACE_BOUND('',#7780,.F.);
#7780 = EDGE_LOOP('',(#7781,#7782,#7790,#7798));
#7781 = ORIENTED_EDGE('',*,*,#7760,.T.);
#7782 = ORIENTED_EDGE('',*,*,#7783,.T.);
#7783 = EDGE_CURVE('',#7753,#7784,#7786,.T.);
#7784 = VERTEX_POINT('',#7785);
#7785 = CARTESIAN_POINT('',(-2.675,-0.44,0.43));
#7786 = LINE('',#7787,#7788);
#7787 = CARTESIAN_POINT('',(-2.675,0.12,0.43));
#7788 = VECTOR('',#7789,1.);
#7789 = DIRECTION('',(0.,-1.,0.));
#7790 = ORIENTED_EDGE('',*,*,#7791,.F.);
#7791 = EDGE_CURVE('',#7792,#7784,#7794,.T.);
#7792 = VERTEX_POINT('',#7793);
#7793 = CARTESIAN_POINT('',(-2.825,-0.44,0.43));
#7794 = LINE('',#7795,#7796);
#7795 = CARTESIAN_POINT('',(-2.825,-0.44,0.43));
#7796 = VECTOR('',#7797,1.);
#7797 = DIRECTION('',(1.,0.,0.));
#7798 = ORIENTED_EDGE('',*,*,#7799,.F.);
#7799 = EDGE_CURVE('',#7761,#7792,#7800,.T.);
#7800 = LINE('',#7801,#7802);
#7801 = CARTESIAN_POINT('',(-2.825,0.12,0.43));
#7802 = VECTOR('',#7803,1.);
#7803 = DIRECTION('',(0.,-1.,0.));
#7804 = PLANE('',#7805);
#7805 = AXIS2_PLACEMENT_3D('',#7806,#7807,#7808);
#7806 = CARTESIAN_POINT('',(-2.825,0.12,0.43));
#7807 = DIRECTION('',(0.,0.,-1.));
#7808 = DIRECTION('',(0.,-1.,0.));
#7809 = ADVANCED_FACE('',(#7810),#7835,.F.);
#7810 = FACE_BOUND('',#7811,.F.);
#7811 = EDGE_LOOP('',(#7812,#7813,#7821,#7829));
#7812 = ORIENTED_EDGE('',*,*,#7791,.T.);
#7813 = ORIENTED_EDGE('',*,*,#7814,.T.);
#7814 = EDGE_CURVE('',#7784,#7815,#7817,.T.);
#7815 = VERTEX_POINT('',#7816);
#7816 = CARTESIAN_POINT('',(-2.675,-0.76,0.36));
#7817 = LINE('',#7818,#7819);
#7818 = CARTESIAN_POINT('',(-2.675,-0.44,0.43));
#7819 = VECTOR('',#7820,1.);
#7820 = DIRECTION('',(0.,-0.976900017396,-0.213696878805));
#7821 = ORIENTED_EDGE('',*,*,#7822,.F.);
#7822 = EDGE_CURVE('',#7823,#7815,#7825,.T.);
#7823 = VERTEX_POINT('',#7824);
#7824 = CARTESIAN_POINT('',(-2.825,-0.76,0.36));
#7825 = LINE('',#7826,#7827);
#7826 = CARTESIAN_POINT('',(-2.825,-0.76,0.36));
#7827 = VECTOR('',#7828,1.);
#7828 = DIRECTION('',(1.,0.,0.));
#7829 = ORIENTED_EDGE('',*,*,#7830,.F.);
#7830 = EDGE_CURVE('',#7792,#7823,#7831,.T.);
#7831 = LINE('',#7832,#7833);
#7832 = CARTESIAN_POINT('',(-2.825,-0.44,0.43));
#7833 = VECTOR('',#7834,1.);
#7834 = DIRECTION('',(0.,-0.976900017396,-0.213696878805));
#7835 = PLANE('',#7836);
#7836 = AXIS2_PLACEMENT_3D('',#7837,#7838,#7839);
#7837 = CARTESIAN_POINT('',(-2.825,-0.44,0.43));
#7838 = DIRECTION('',(0.,0.213696878805,-0.976900017396));
#7839 = DIRECTION('',(0.,-0.976900017396,-0.213696878805));
#7840 = ADVANCED_FACE('',(#7841),#7866,.F.);
#7841 = FACE_BOUND('',#7842,.F.);
#7842 = EDGE_LOOP('',(#7843,#7844,#7852,#7860));
#7843 = ORIENTED_EDGE('',*,*,#7822,.T.);
#7844 = ORIENTED_EDGE('',*,*,#7845,.T.);
#7845 = EDGE_CURVE('',#7815,#7846,#7848,.T.);
#7846 = VERTEX_POINT('',#7847);
#7847 = CARTESIAN_POINT('',(-2.675,-1.37,0.35));
#7848 = LINE('',#7849,#7850);
#7849 = CARTESIAN_POINT('',(-2.675,-0.76,0.36));
#7850 = VECTOR('',#7851,1.);
#7851 = DIRECTION('',(0.,-0.999865654597,-1.63912402393E-02));
#7852 = ORIENTED_EDGE('',*,*,#7853,.F.);
#7853 = EDGE_CURVE('',#7854,#7846,#7856,.T.);
#7854 = VERTEX_POINT('',#7855);
#7855 = CARTESIAN_POINT('',(-2.825,-1.37,0.35));
#7856 = LINE('',#7857,#7858);
#7857 = CARTESIAN_POINT('',(-2.825,-1.37,0.35));
#7858 = VECTOR('',#7859,1.);
#7859 = DIRECTION('',(1.,0.,0.));
#7860 = ORIENTED_EDGE('',*,*,#7861,.F.);
#7861 = EDGE_CURVE('',#7823,#7854,#7862,.T.);
#7862 = LINE('',#7863,#7864);
#7863 = CARTESIAN_POINT('',(-2.825,-0.76,0.36));
#7864 = VECTOR('',#7865,1.);
#7865 = DIRECTION('',(0.,-0.999865654597,-1.63912402393E-02));
#7866 = PLANE('',#7867);
#7867 = AXIS2_PLACEMENT_3D('',#7868,#7869,#7870);
#7868 = CARTESIAN_POINT('',(-2.825,-0.76,0.36));
#7869 = DIRECTION('',(0.,1.63912402393E-02,-0.999865654597));
#7870 = DIRECTION('',(0.,-0.999865654597,-1.63912402393E-02));
#7871 = ADVANCED_FACE('',(#7872),#7888,.F.);
#7872 = FACE_BOUND('',#7873,.F.);
#7873 = EDGE_LOOP('',(#7874,#7875,#7881,#7882));
#7874 = ORIENTED_EDGE('',*,*,#7853,.T.);
#7875 = ORIENTED_EDGE('',*,*,#7876,.T.);
#7876 = EDGE_CURVE('',#7846,#7032,#7877,.T.);
#7877 = LINE('',#7878,#7879);
#7878 = CARTESIAN_POINT('',(-2.675,-1.37,0.35));
#7879 = VECTOR('',#7880,1.);
#7880 = DIRECTION('',(0.,-0.894427191,-0.4472135955));
#7881 = ORIENTED_EDGE('',*,*,#7029,.F.);
#7882 = ORIENTED_EDGE('',*,*,#7883,.F.);
#7883 = EDGE_CURVE('',#7854,#7030,#7884,.T.);
#7884 = LINE('',#7885,#7886);
#7885 = CARTESIAN_POINT('',(-2.825,-1.37,0.35));
#7886 = VECTOR('',#7887,1.);
#7887 = DIRECTION('',(0.,-0.894427191,-0.4472135955));
#7888 = PLANE('',#7889);
#7889 = AXIS2_PLACEMENT_3D('',#7890,#7891,#7892);
#7890 = CARTESIAN_POINT('',(-2.825,-1.37,0.35));
#7891 = DIRECTION('',(0.,0.4472135955,-0.894427191));
#7892 = DIRECTION('',(0.,-0.894427191,-0.4472135955));
#7893 = ADVANCED_FACE('',(#7894),#7924,.F.);
#7894 = FACE_BOUND('',#7895,.F.);
#7895 = EDGE_LOOP('',(#7896,#7897,#7898,#7899,#7900,#7901,#7902,#7903,
    #7904,#7905,#7906,#7907,#7908,#7909,#7910,#7911,#7912,#7913,#7914,
    #7915,#7916,#7917,#7918,#7919,#7920,#7921,#7922,#7923));
#7896 = ORIENTED_EDGE('',*,*,#7055,.T.);
#7897 = ORIENTED_EDGE('',*,*,#7086,.T.);
#7898 = ORIENTED_EDGE('',*,*,#7117,.T.);
#7899 = ORIENTED_EDGE('',*,*,#7148,.T.);
#7900 = ORIENTED_EDGE('',*,*,#7179,.T.);
#7901 = ORIENTED_EDGE('',*,*,#7210,.T.);
#7902 = ORIENTED_EDGE('',*,*,#7241,.T.);
#7903 = ORIENTED_EDGE('',*,*,#7272,.T.);
#7904 = ORIENTED_EDGE('',*,*,#7303,.T.);
#7905 = ORIENTED_EDGE('',*,*,#7334,.T.);
#7906 = ORIENTED_EDGE('',*,*,#7365,.T.);
#7907 = ORIENTED_EDGE('',*,*,#7396,.T.);
#7908 = ORIENTED_EDGE('',*,*,#7427,.T.);
#7909 = ORIENTED_EDGE('',*,*,#7458,.T.);
#7910 = ORIENTED_EDGE('',*,*,#7489,.T.);
#7911 = ORIENTED_EDGE('',*,*,#7520,.T.);
#7912 = ORIENTED_EDGE('',*,*,#7551,.T.);
#7913 = ORIENTED_EDGE('',*,*,#7582,.T.);
#7914 = ORIENTED_EDGE('',*,*,#7613,.T.);
#7915 = ORIENTED_EDGE('',*,*,#7644,.T.);
#7916 = ORIENTED_EDGE('',*,*,#7675,.T.);
#7917 = ORIENTED_EDGE('',*,*,#7706,.T.);
#7918 = ORIENTED_EDGE('',*,*,#7737,.T.);
#7919 = ORIENTED_EDGE('',*,*,#7768,.T.);
#7920 = ORIENTED_EDGE('',*,*,#7799,.T.);
#7921 = ORIENTED_EDGE('',*,*,#7830,.T.);
#7922 = ORIENTED_EDGE('',*,*,#7861,.T.);
#7923 = ORIENTED_EDGE('',*,*,#7883,.T.);
#7924 = PLANE('',#7925);
#7925 = AXIS2_PLACEMENT_3D('',#7926,#7927,#7928);
#7926 = CARTESIAN_POINT('',(-2.825,-0.200937564723,0.444942085346));
#7927 = DIRECTION('',(1.,0.,0.));
#7928 = DIRECTION('',(-0.,0.,1.));
#7929 = ADVANCED_FACE('',(#7930),#7960,.T.);
#7930 = FACE_BOUND('',#7931,.T.);
#7931 = EDGE_LOOP('',(#7932,#7933,#7934,#7935,#7936,#7937,#7938,#7939,
    #7940,#7941,#7942,#7943,#7944,#7945,#7946,#7947,#7948,#7949,#7950,
    #7951,#7952,#7953,#7954,#7955,#7956,#7957,#7958,#7959));
#7932 = ORIENTED_EDGE('',*,*,#7039,.T.);
#7933 = ORIENTED_EDGE('',*,*,#7070,.T.);
#7934 = ORIENTED_EDGE('',*,*,#7101,.T.);
#7935 = ORIENTED_EDGE('',*,*,#7132,.T.);
#7936 = ORIENTED_EDGE('',*,*,#7163,.T.);
#7937 = ORIENTED_EDGE('',*,*,#7194,.T.);
#7938 = ORIENTED_EDGE('',*,*,#7225,.T.);
#7939 = ORIENTED_EDGE('',*,*,#7256,.T.);
#7940 = ORIENTED_EDGE('',*,*,#7287,.T.);
#7941 = ORIENTED_EDGE('',*,*,#7318,.T.);
#7942 = ORIENTED_EDGE('',*,*,#7349,.T.);
#7943 = ORIENTED_EDGE('',*,*,#7380,.T.);
#7944 = ORIENTED_EDGE('',*,*,#7411,.T.);
#7945 = ORIENTED_EDGE('',*,*,#7442,.T.);
#7946 = ORIENTED_EDGE('',*,*,#7473,.T.);
#7947 = ORIENTED_EDGE('',*,*,#7504,.T.);
#7948 = ORIENTED_EDGE('',*,*,#7535,.T.);
#7949 = ORIENTED_EDGE('',*,*,#7566,.T.);
#7950 = ORIENTED_EDGE('',*,*,#7597,.T.);
#7951 = ORIENTED_EDGE('',*,*,#7628,.T.);
#7952 = ORIENTED_EDGE('',*,*,#7659,.T.);
#7953 = ORIENTED_EDGE('',*,*,#7690,.T.);
#7954 = ORIENTED_EDGE('',*,*,#7721,.T.);
#7955 = ORIENTED_EDGE('',*,*,#7752,.T.);
#7956 = ORIENTED_EDGE('',*,*,#7783,.T.);
#7957 = ORIENTED_EDGE('',*,*,#7814,.T.);
#7958 = ORIENTED_EDGE('',*,*,#7845,.T.);
#7959 = ORIENTED_EDGE('',*,*,#7876,.T.);
#7960 = PLANE('',#7961);
#7961 = AXIS2_PLACEMENT_3D('',#7962,#7963,#7964);
#7962 = CARTESIAN_POINT('',(-2.675,-0.200937564723,0.444942085346));
#7963 = DIRECTION('',(1.,0.,0.));
#7964 = DIRECTION('',(-0.,0.,1.));
#7965 = ( GEOMETRIC_REPRESENTATION_CONTEXT(3)
GLOBAL_UNCERTAINTY_ASSIGNED_CONTEXT((#7969))
GLOBAL_UNIT_ASSIGNED_CONTEXT((#7966,#7967,#7968)) REPRESENTATION_CONTEXT
('Context #1','3D Context with UNIT and UNCERTAINTY') );
#7966 = ( LENGTH_UNIT() NAMED_UNIT(*) SI_UNIT(.MILLI.,.METRE.) );
#7967 = ( NAMED_UNIT(*) PLANE_ANGLE_UNIT() SI_UNIT($,.RADIAN.) );
#7968 = ( NAMED_UNIT(*) SI_UNIT($,.STERADIAN.) SOLID_ANGLE_UNIT() );
#7969 = UNCERTAINTY_MEASURE_WITH_UNIT(LENGTH_MEASURE(1.E-07),#7966,
  'distance_accuracy_value','confusion accuracy');
#7970 = CONTEXT_DEPENDENT_SHAPE_REPRESENTATION(#7971,#7973);
#7971 = ( REPRESENTATION_RELATIONSHIP('','',#7022,#10)
REPRESENTATION_RELATIONSHIP_WITH_TRANSFORMATION(#7972)
SHAPE_REPRESENTATION_RELATIONSHIP() );
#7972 = ITEM_DEFINED_TRANSFORMATION('','',#11,#23);
#7973 = PRODUCT_DEFINITION_SHAPE('Placement','Placement of an item',
  #7974);
#7974 = NEXT_ASSEMBLY_USAGE_OCCURRENCE('3','Gold_contact_01','',#5,#7017
  ,$);
#7975 = PRODUCT_RELATED_PRODUCT_CATEGORY('part',$,(#7019));
#7976 = SHAPE_DEFINITION_REPRESENTATION(#7977,#7983);
#7977 = PRODUCT_DEFINITION_SHAPE('','',#7978);
#7978 = PRODUCT_DEFINITION('design','',#7979,#7982);
#7979 = PRODUCT_DEFINITION_FORMATION('','',#7980);
#7980 = PRODUCT('Gold_contact_02','Gold_contact_02','',(#7981));
#7981 = PRODUCT_CONTEXT('',#2,'mechanical');
#7982 = PRODUCT_DEFINITION_CONTEXT('part definition',#2,'design');
#7983 = ADVANCED_BREP_SHAPE_REPRESENTATION('',(#11,#7984),#8926);
#7984 = MANIFOLD_SOLID_BREP('',#7985);
#7985 = CLOSED_SHELL('',(#7986,#8026,#8057,#8088,#8119,#8150,#8181,#8212
    ,#8243,#8274,#8305,#8336,#8367,#8398,#8429,#8460,#8491,#8522,#8553,
    #8584,#8615,#8646,#8677,#8708,#8739,#8770,#8801,#8832,#8854,#8890));
#7986 = ADVANCED_FACE('',(#7987),#8021,.F.);
#7987 = FACE_BOUND('',#7988,.F.);
#7988 = EDGE_LOOP('',(#7989,#7999,#8007,#8015));
#7989 = ORIENTED_EDGE('',*,*,#7990,.T.);
#7990 = EDGE_CURVE('',#7991,#7993,#7995,.T.);
#7991 = VERTEX_POINT('',#7992);
#7992 = CARTESIAN_POINT('',(-2.325,-1.47,0.3));
#7993 = VERTEX_POINT('',#7994);
#7994 = CARTESIAN_POINT('',(-2.175,-1.47,0.3));
#7995 = LINE('',#7996,#7997);
#7996 = CARTESIAN_POINT('',(-2.325,-1.47,0.3));
#7997 = VECTOR('',#7998,1.);
#7998 = DIRECTION('',(1.,0.,0.));
#7999 = ORIENTED_EDGE('',*,*,#8000,.T.);
#8000 = EDGE_CURVE('',#7993,#8001,#8003,.T.);
#8001 = VERTEX_POINT('',#8002);
#8002 = CARTESIAN_POINT('',(-2.175,-1.39,0.27));
#8003 = LINE('',#8004,#8005);
#8004 = CARTESIAN_POINT('',(-2.175,-1.47,0.3));
#8005 = VECTOR('',#8006,1.);
#8006 = DIRECTION('',(0.,0.936329177569,-0.351123441588));
#8007 = ORIENTED_EDGE('',*,*,#8008,.F.);
#8008 = EDGE_CURVE('',#8009,#8001,#8011,.T.);
#8009 = VERTEX_POINT('',#8010);
#8010 = CARTESIAN_POINT('',(-2.325,-1.39,0.27));
#8011 = LINE('',#8012,#8013);
#8012 = CARTESIAN_POINT('',(-2.325,-1.39,0.27));
#8013 = VECTOR('',#8014,1.);
#8014 = DIRECTION('',(1.,0.,0.));
#8015 = ORIENTED_EDGE('',*,*,#8016,.F.);
#8016 = EDGE_CURVE('',#7991,#8009,#8017,.T.);
#8017 = LINE('',#8018,#8019);
#8018 = CARTESIAN_POINT('',(-2.325,-1.47,0.3));
#8019 = VECTOR('',#8020,1.);
#8020 = DIRECTION('',(0.,0.936329177569,-0.351123441588));
#8021 = PLANE('',#8022);
#8022 = AXIS2_PLACEMENT_3D('',#8023,#8024,#8025);
#8023 = CARTESIAN_POINT('',(-2.325,-1.47,0.3));
#8024 = DIRECTION('',(-0.,0.351123441588,0.936329177569));
#8025 = DIRECTION('',(0.,0.936329177569,-0.351123441588));
#8026 = ADVANCED_FACE('',(#8027),#8052,.F.);
#8027 = FACE_BOUND('',#8028,.F.);
#8028 = EDGE_LOOP('',(#8029,#8030,#8038,#8046));
#8029 = ORIENTED_EDGE('',*,*,#8008,.T.);
#8030 = ORIENTED_EDGE('',*,*,#8031,.T.);
#8031 = EDGE_CURVE('',#8001,#8032,#8034,.T.);
#8032 = VERTEX_POINT('',#8033);
#8033 = CARTESIAN_POINT('',(-2.175,-0.76,0.29));
#8034 = LINE('',#8035,#8036);
#8035 = CARTESIAN_POINT('',(-2.175,-1.39,0.27));
#8036 = VECTOR('',#8037,1.);
#8037 = DIRECTION('',(0.,0.999496475295,3.173004683477E-02));
#8038 = ORIENTED_EDGE('',*,*,#8039,.F.);
#8039 = EDGE_CURVE('',#8040,#8032,#8042,.T.);
#8040 = VERTEX_POINT('',#8041);
#8041 = CARTESIAN_POINT('',(-2.325,-0.76,0.29));
#8042 = LINE('',#8043,#8044);
#8043 = CARTESIAN_POINT('',(-2.325,-0.76,0.29));
#8044 = VECTOR('',#8045,1.);
#8045 = DIRECTION('',(1.,0.,0.));
#8046 = ORIENTED_EDGE('',*,*,#8047,.F.);
#8047 = EDGE_CURVE('',#8009,#8040,#8048,.T.);
#8048 = LINE('',#8049,#8050);
#8049 = CARTESIAN_POINT('',(-2.325,-1.39,0.27));
#8050 = VECTOR('',#8051,1.);
#8051 = DIRECTION('',(0.,0.999496475295,3.173004683477E-02));
#8052 = PLANE('',#8053);
#8053 = AXIS2_PLACEMENT_3D('',#8054,#8055,#8056);
#8054 = CARTESIAN_POINT('',(-2.325,-1.39,0.27));
#8055 = DIRECTION('',(0.,-3.173004683477E-02,0.999496475295));
#8056 = DIRECTION('',(0.,0.999496475295,3.173004683477E-02));
#8057 = ADVANCED_FACE('',(#8058),#8083,.F.);
#8058 = FACE_BOUND('',#8059,.F.);
#8059 = EDGE_LOOP('',(#8060,#8061,#8069,#8077));
#8060 = ORIENTED_EDGE('',*,*,#8039,.T.);
#8061 = ORIENTED_EDGE('',*,*,#8062,.T.);
#8062 = EDGE_CURVE('',#8032,#8063,#8065,.T.);
#8063 = VERTEX_POINT('',#8064);
#8064 = CARTESIAN_POINT('',(-2.175,-0.48,0.34));
#8065 = LINE('',#8066,#8067);
#8066 = CARTESIAN_POINT('',(-2.175,-0.76,0.29));
#8067 = VECTOR('',#8068,1.);
#8068 = DIRECTION('',(0.,0.984427575508,0.175790638484));
#8069 = ORIENTED_EDGE('',*,*,#8070,.F.);
#8070 = EDGE_CURVE('',#8071,#8063,#8073,.T.);
#8071 = VERTEX_POINT('',#8072);
#8072 = CARTESIAN_POINT('',(-2.325,-0.48,0.34));
#8073 = LINE('',#8074,#8075);
#8074 = CARTESIAN_POINT('',(-2.325,-0.48,0.34));
#8075 = VECTOR('',#8076,1.);
#8076 = DIRECTION('',(1.,0.,0.));
#8077 = ORIENTED_EDGE('',*,*,#8078,.F.);
#8078 = EDGE_CURVE('',#8040,#8071,#8079,.T.);
#8079 = LINE('',#8080,#8081);
#8080 = CARTESIAN_POINT('',(-2.325,-0.76,0.29));
#8081 = VECTOR('',#8082,1.);
#8082 = DIRECTION('',(0.,0.984427575508,0.175790638484));
#8083 = PLANE('',#8084);
#8084 = AXIS2_PLACEMENT_3D('',#8085,#8086,#8087);
#8085 = CARTESIAN_POINT('',(-2.325,-0.76,0.29));
#8086 = DIRECTION('',(0.,-0.175790638484,0.984427575508));
#8087 = DIRECTION('',(0.,0.984427575508,0.175790638484));
#8088 = ADVANCED_FACE('',(#8089),#8114,.F.);
#8089 = FACE_BOUND('',#8090,.F.);
#8090 = EDGE_LOOP('',(#8091,#8092,#8100,#8108));
#8091 = ORIENTED_EDGE('',*,*,#8070,.T.);
#8092 = ORIENTED_EDGE('',*,*,#8093,.T.);
#8093 = EDGE_CURVE('',#8063,#8094,#8096,.T.);
#8094 = VERTEX_POINT('',#8095);
#8095 = CARTESIAN_POINT('',(-2.175,5.E-02,0.34));
#8096 = LINE('',#8097,#8098);
#8097 = CARTESIAN_POINT('',(-2.175,-0.48,0.34));
#8098 = VECTOR('',#8099,1.);
#8099 = DIRECTION('',(0.,1.,0.));
#8100 = ORIENTED_EDGE('',*,*,#8101,.F.);
#8101 = EDGE_CURVE('',#8102,#8094,#8104,.T.);
#8102 = VERTEX_POINT('',#8103);
#8103 = CARTESIAN_POINT('',(-2.325,5.E-02,0.34));
#8104 = LINE('',#8105,#8106);
#8105 = CARTESIAN_POINT('',(-2.325,5.E-02,0.34));
#8106 = VECTOR('',#8107,1.);
#8107 = DIRECTION('',(1.,0.,0.));
#8108 = ORIENTED_EDGE('',*,*,#8109,.F.);
#8109 = EDGE_CURVE('',#8071,#8102,#8110,.T.);
#8110 = LINE('',#8111,#8112);
#8111 = CARTESIAN_POINT('',(-2.325,-0.48,0.34));
#8112 = VECTOR('',#8113,1.);
#8113 = DIRECTION('',(0.,1.,0.));
#8114 = PLANE('',#8115);
#8115 = AXIS2_PLACEMENT_3D('',#8116,#8117,#8118);
#8116 = CARTESIAN_POINT('',(-2.325,-0.48,0.34));
#8117 = DIRECTION('',(0.,0.,1.));
#8118 = DIRECTION('',(0.,1.,0.));
#8119 = ADVANCED_FACE('',(#8120),#8145,.F.);
#8120 = FACE_BOUND('',#8121,.F.);
#8121 = EDGE_LOOP('',(#8122,#8123,#8131,#8139));
#8122 = ORIENTED_EDGE('',*,*,#8101,.T.);
#8123 = ORIENTED_EDGE('',*,*,#8124,.T.);
#8124 = EDGE_CURVE('',#8094,#8125,#8127,.T.);
#8125 = VERTEX_POINT('',#8126);
#8126 = CARTESIAN_POINT('',(-2.175,0.17,0.29));
#8127 = LINE('',#8128,#8129);
#8128 = CARTESIAN_POINT('',(-2.175,5.E-02,0.34));
#8129 = VECTOR('',#8130,1.);
#8130 = DIRECTION('',(0.,0.923076923077,-0.384615384615));
#8131 = ORIENTED_EDGE('',*,*,#8132,.F.);
#8132 = EDGE_CURVE('',#8133,#8125,#8135,.T.);
#8133 = VERTEX_POINT('',#8134);
#8134 = CARTESIAN_POINT('',(-2.325,0.17,0.29));
#8135 = LINE('',#8136,#8137);
#8136 = CARTESIAN_POINT('',(-2.325,0.17,0.29));
#8137 = VECTOR('',#8138,1.);
#8138 = DIRECTION('',(1.,0.,0.));
#8139 = ORIENTED_EDGE('',*,*,#8140,.F.);
#8140 = EDGE_CURVE('',#8102,#8133,#8141,.T.);
#8141 = LINE('',#8142,#8143);
#8142 = CARTESIAN_POINT('',(-2.325,5.E-02,0.34));
#8143 = VECTOR('',#8144,1.);
#8144 = DIRECTION('',(0.,0.923076923077,-0.384615384615));
#8145 = PLANE('',#8146);
#8146 = AXIS2_PLACEMENT_3D('',#8147,#8148,#8149);
#8147 = CARTESIAN_POINT('',(-2.325,5.E-02,0.34));
#8148 = DIRECTION('',(-0.,0.384615384615,0.923076923077));
#8149 = DIRECTION('',(0.,0.923076923077,-0.384615384615));
#8150 = ADVANCED_FACE('',(#8151),#8176,.F.);
#8151 = FACE_BOUND('',#8152,.F.);
#8152 = EDGE_LOOP('',(#8153,#8154,#8162,#8170));
#8153 = ORIENTED_EDGE('',*,*,#8132,.T.);
#8154 = ORIENTED_EDGE('',*,*,#8155,.T.);
#8155 = EDGE_CURVE('',#8125,#8156,#8158,.T.);
#8156 = VERTEX_POINT('',#8157);
#8157 = CARTESIAN_POINT('',(-2.175,0.2,0.18));
#8158 = LINE('',#8159,#8160);
#8159 = CARTESIAN_POINT('',(-2.175,0.17,0.29));
#8160 = VECTOR('',#8161,1.);
#8161 = DIRECTION('',(0.,0.263117405792,-0.964763821238));
#8162 = ORIENTED_EDGE('',*,*,#8163,.F.);
#8163 = EDGE_CURVE('',#8164,#8156,#8166,.T.);
#8164 = VERTEX_POINT('',#8165);
#8165 = CARTESIAN_POINT('',(-2.325,0.2,0.18));
#8166 = LINE('',#8167,#8168);
#8167 = CARTESIAN_POINT('',(-2.325,0.2,0.18));
#8168 = VECTOR('',#8169,1.);
#8169 = DIRECTION('',(1.,0.,0.));
#8170 = ORIENTED_EDGE('',*,*,#8171,.F.);
#8171 = EDGE_CURVE('',#8133,#8164,#8172,.T.);
#8172 = LINE('',#8173,#8174);
#8173 = CARTESIAN_POINT('',(-2.325,0.17,0.29));
#8174 = VECTOR('',#8175,1.);
#8175 = DIRECTION('',(0.,0.263117405792,-0.964763821238));
#8176 = PLANE('',#8177);
#8177 = AXIS2_PLACEMENT_3D('',#8178,#8179,#8180);
#8178 = CARTESIAN_POINT('',(-2.325,0.17,0.29));
#8179 = DIRECTION('',(-0.,0.964763821238,0.263117405792));
#8180 = DIRECTION('',(0.,0.263117405792,-0.964763821238));
#8181 = ADVANCED_FACE('',(#8182),#8207,.F.);
#8182 = FACE_BOUND('',#8183,.F.);
#8183 = EDGE_LOOP('',(#8184,#8185,#8193,#8201));
#8184 = ORIENTED_EDGE('',*,*,#8163,.T.);
#8185 = ORIENTED_EDGE('',*,*,#8186,.T.);
#8186 = EDGE_CURVE('',#8156,#8187,#8189,.T.);
#8187 = VERTEX_POINT('',#8188);
#8188 = CARTESIAN_POINT('',(-2.175,0.88,0.18));
#8189 = LINE('',#8190,#8191);
#8190 = CARTESIAN_POINT('',(-2.175,0.2,0.18));
#8191 = VECTOR('',#8192,1.);
#8192 = DIRECTION('',(0.,1.,0.));
#8193 = ORIENTED_EDGE('',*,*,#8194,.F.);
#8194 = EDGE_CURVE('',#8195,#8187,#8197,.T.);
#8195 = VERTEX_POINT('',#8196);
#8196 = CARTESIAN_POINT('',(-2.325,0.88,0.18));
#8197 = LINE('',#8198,#8199);
#8198 = CARTESIAN_POINT('',(-2.325,0.88,0.18));
#8199 = VECTOR('',#8200,1.);
#8200 = DIRECTION('',(1.,0.,0.));
#8201 = ORIENTED_EDGE('',*,*,#8202,.F.);
#8202 = EDGE_CURVE('',#8164,#8195,#8203,.T.);
#8203 = LINE('',#8204,#8205);
#8204 = CARTESIAN_POINT('',(-2.325,0.2,0.18));
#8205 = VECTOR('',#8206,1.);
#8206 = DIRECTION('',(0.,1.,0.));
#8207 = PLANE('',#8208);
#8208 = AXIS2_PLACEMENT_3D('',#8209,#8210,#8211);
#8209 = CARTESIAN_POINT('',(-2.325,0.2,0.18));
#8210 = DIRECTION('',(0.,0.,1.));
#8211 = DIRECTION('',(0.,1.,0.));
#8212 = ADVANCED_FACE('',(#8213),#8238,.F.);
#8213 = FACE_BOUND('',#8214,.F.);
#8214 = EDGE_LOOP('',(#8215,#8216,#8224,#8232));
#8215 = ORIENTED_EDGE('',*,*,#8194,.T.);
#8216 = ORIENTED_EDGE('',*,*,#8217,.T.);
#8217 = EDGE_CURVE('',#8187,#8218,#8220,.T.);
#8218 = VERTEX_POINT('',#8219);
#8219 = CARTESIAN_POINT('',(-2.175,0.99,2.E-02));
#8220 = LINE('',#8221,#8222);
#8221 = CARTESIAN_POINT('',(-2.175,0.88,0.18));
#8222 = VECTOR('',#8223,1.);
#8223 = DIRECTION('',(0.,0.566528822887,-0.824041924199));
#8224 = ORIENTED_EDGE('',*,*,#8225,.F.);
#8225 = EDGE_CURVE('',#8226,#8218,#8228,.T.);
#8226 = VERTEX_POINT('',#8227);
#8227 = CARTESIAN_POINT('',(-2.325,0.99,2.E-02));
#8228 = LINE('',#8229,#8230);
#8229 = CARTESIAN_POINT('',(-2.325,0.99,2.E-02));
#8230 = VECTOR('',#8231,1.);
#8231 = DIRECTION('',(1.,0.,0.));
#8232 = ORIENTED_EDGE('',*,*,#8233,.F.);
#8233 = EDGE_CURVE('',#8195,#8226,#8234,.T.);
#8234 = LINE('',#8235,#8236);
#8235 = CARTESIAN_POINT('',(-2.325,0.88,0.18));
#8236 = VECTOR('',#8237,1.);
#8237 = DIRECTION('',(0.,0.566528822887,-0.824041924199));
#8238 = PLANE('',#8239);
#8239 = AXIS2_PLACEMENT_3D('',#8240,#8241,#8242);
#8240 = CARTESIAN_POINT('',(-2.325,0.88,0.18));
#8241 = DIRECTION('',(-0.,0.824041924199,0.566528822887));
#8242 = DIRECTION('',(0.,0.566528822887,-0.824041924199));
#8243 = ADVANCED_FACE('',(#8244),#8269,.F.);
#8244 = FACE_BOUND('',#8245,.F.);
#8245 = EDGE_LOOP('',(#8246,#8247,#8255,#8263));
#8246 = ORIENTED_EDGE('',*,*,#8225,.T.);
#8247 = ORIENTED_EDGE('',*,*,#8248,.T.);
#8248 = EDGE_CURVE('',#8218,#8249,#8251,.T.);
#8249 = VERTEX_POINT('',#8250);
#8250 = CARTESIAN_POINT('',(-2.175,1.38,0.));
#8251 = LINE('',#8252,#8253);
#8252 = CARTESIAN_POINT('',(-2.175,0.99,2.E-02));
#8253 = VECTOR('',#8254,1.);
#8254 = DIRECTION('',(0.,0.998687663477,-5.121475197316E-02));
#8255 = ORIENTED_EDGE('',*,*,#8256,.F.);
#8256 = EDGE_CURVE('',#8257,#8249,#8259,.T.);
#8257 = VERTEX_POINT('',#8258);
#8258 = CARTESIAN_POINT('',(-2.325,1.38,0.));
#8259 = LINE('',#8260,#8261);
#8260 = CARTESIAN_POINT('',(-2.325,1.38,0.));
#8261 = VECTOR('',#8262,1.);
#8262 = DIRECTION('',(1.,0.,0.));
#8263 = ORIENTED_EDGE('',*,*,#8264,.F.);
#8264 = EDGE_CURVE('',#8226,#8257,#8265,.T.);
#8265 = LINE('',#8266,#8267);
#8266 = CARTESIAN_POINT('',(-2.325,0.99,2.E-02));
#8267 = VECTOR('',#8268,1.);
#8268 = DIRECTION('',(0.,0.998687663477,-5.121475197316E-02));
#8269 = PLANE('',#8270);
#8270 = AXIS2_PLACEMENT_3D('',#8271,#8272,#8273);
#8271 = CARTESIAN_POINT('',(-2.325,0.99,2.E-02));
#8272 = DIRECTION('',(-0.,5.121475197316E-02,0.998687663477));
#8273 = DIRECTION('',(0.,0.998687663477,-5.121475197316E-02));
#8274 = ADVANCED_FACE('',(#8275),#8300,.F.);
#8275 = FACE_BOUND('',#8276,.F.);
#8276 = EDGE_LOOP('',(#8277,#8278,#8286,#8294));
#8277 = ORIENTED_EDGE('',*,*,#8256,.T.);
#8278 = ORIENTED_EDGE('',*,*,#8279,.T.);
#8279 = EDGE_CURVE('',#8249,#8280,#8282,.T.);
#8280 = VERTEX_POINT('',#8281);
#8281 = CARTESIAN_POINT('',(-2.175,1.38,8.E-02));
#8282 = LINE('',#8283,#8284);
#8283 = CARTESIAN_POINT('',(-2.175,1.38,0.));
#8284 = VECTOR('',#8285,1.);
#8285 = DIRECTION('',(0.,0.,1.));
#8286 = ORIENTED_EDGE('',*,*,#8287,.F.);
#8287 = EDGE_CURVE('',#8288,#8280,#8290,.T.);
#8288 = VERTEX_POINT('',#8289);
#8289 = CARTESIAN_POINT('',(-2.325,1.38,8.E-02));
#8290 = LINE('',#8291,#8292);
#8291 = CARTESIAN_POINT('',(-2.325,1.38,8.E-02));
#8292 = VECTOR('',#8293,1.);
#8293 = DIRECTION('',(1.,0.,0.));
#8294 = ORIENTED_EDGE('',*,*,#8295,.F.);
#8295 = EDGE_CURVE('',#8257,#8288,#8296,.T.);
#8296 = LINE('',#8297,#8298);
#8297 = CARTESIAN_POINT('',(-2.325,1.38,0.));
#8298 = VECTOR('',#8299,1.);
#8299 = DIRECTION('',(0.,0.,1.));
#8300 = PLANE('',#8301);
#8301 = AXIS2_PLACEMENT_3D('',#8302,#8303,#8304);
#8302 = CARTESIAN_POINT('',(-2.325,1.38,0.));
#8303 = DIRECTION('',(0.,-1.,0.));
#8304 = DIRECTION('',(0.,0.,1.));
#8305 = ADVANCED_FACE('',(#8306),#8331,.F.);
#8306 = FACE_BOUND('',#8307,.F.);
#8307 = EDGE_LOOP('',(#8308,#8309,#8317,#8325));
#8308 = ORIENTED_EDGE('',*,*,#8287,.T.);
#8309 = ORIENTED_EDGE('',*,*,#8310,.T.);
#8310 = EDGE_CURVE('',#8280,#8311,#8313,.T.);
#8311 = VERTEX_POINT('',#8312);
#8312 = CARTESIAN_POINT('',(-2.175,1.05,0.1));
#8313 = LINE('',#8314,#8315);
#8314 = CARTESIAN_POINT('',(-2.175,1.38,8.E-02));
#8315 = VECTOR('',#8316,1.);
#8316 = DIRECTION('',(0.,-0.998168496631,6.049506040189E-02));
#8317 = ORIENTED_EDGE('',*,*,#8318,.F.);
#8318 = EDGE_CURVE('',#8319,#8311,#8321,.T.);
#8319 = VERTEX_POINT('',#8320);
#8320 = CARTESIAN_POINT('',(-2.325,1.05,0.1));
#8321 = LINE('',#8322,#8323);
#8322 = CARTESIAN_POINT('',(-2.325,1.05,0.1));
#8323 = VECTOR('',#8324,1.);
#8324 = DIRECTION('',(1.,0.,0.));
#8325 = ORIENTED_EDGE('',*,*,#8326,.F.);
#8326 = EDGE_CURVE('',#8288,#8319,#8327,.T.);
#8327 = LINE('',#8328,#8329);
#8328 = CARTESIAN_POINT('',(-2.325,1.38,8.E-02));
#8329 = VECTOR('',#8330,1.);
#8330 = DIRECTION('',(0.,-0.998168496631,6.049506040189E-02));
#8331 = PLANE('',#8332);
#8332 = AXIS2_PLACEMENT_3D('',#8333,#8334,#8335);
#8333 = CARTESIAN_POINT('',(-2.325,1.38,8.E-02));
#8334 = DIRECTION('',(0.,-6.049506040189E-02,-0.998168496631));
#8335 = DIRECTION('',(0.,-0.998168496631,6.049506040189E-02));
#8336 = ADVANCED_FACE('',(#8337),#8362,.F.);
#8337 = FACE_BOUND('',#8338,.F.);
#8338 = EDGE_LOOP('',(#8339,#8340,#8348,#8356));
#8339 = ORIENTED_EDGE('',*,*,#8318,.T.);
#8340 = ORIENTED_EDGE('',*,*,#8341,.T.);
#8341 = EDGE_CURVE('',#8311,#8342,#8344,.T.);
#8342 = VERTEX_POINT('',#8343);
#8343 = CARTESIAN_POINT('',(-2.175,0.97,0.26));
#8344 = LINE('',#8345,#8346);
#8345 = CARTESIAN_POINT('',(-2.175,1.05,0.1));
#8346 = VECTOR('',#8347,1.);
#8347 = DIRECTION('',(0.,-0.4472135955,0.894427191));
#8348 = ORIENTED_EDGE('',*,*,#8349,.F.);
#8349 = EDGE_CURVE('',#8350,#8342,#8352,.T.);
#8350 = VERTEX_POINT('',#8351);
#8351 = CARTESIAN_POINT('',(-2.325,0.97,0.26));
#8352 = LINE('',#8353,#8354);
#8353 = CARTESIAN_POINT('',(-2.325,0.97,0.26));
#8354 = VECTOR('',#8355,1.);
#8355 = DIRECTION('',(1.,0.,0.));
#8356 = ORIENTED_EDGE('',*,*,#8357,.F.);
#8357 = EDGE_CURVE('',#8319,#8350,#8358,.T.);
#8358 = LINE('',#8359,#8360);
#8359 = CARTESIAN_POINT('',(-2.325,1.05,0.1));
#8360 = VECTOR('',#8361,1.);
#8361 = DIRECTION('',(0.,-0.4472135955,0.894427191));
#8362 = PLANE('',#8363);
#8363 = AXIS2_PLACEMENT_3D('',#8364,#8365,#8366);
#8364 = CARTESIAN_POINT('',(-2.325,1.05,0.1));
#8365 = DIRECTION('',(0.,-0.894427191,-0.4472135955));
#8366 = DIRECTION('',(0.,-0.4472135955,0.894427191));
#8367 = ADVANCED_FACE('',(#8368),#8393,.F.);
#8368 = FACE_BOUND('',#8369,.F.);
#8369 = EDGE_LOOP('',(#8370,#8371,#8379,#8387));
#8370 = ORIENTED_EDGE('',*,*,#8349,.T.);
#8371 = ORIENTED_EDGE('',*,*,#8372,.T.);
#8372 = EDGE_CURVE('',#8342,#8373,#8375,.T.);
#8373 = VERTEX_POINT('',#8374);
#8374 = CARTESIAN_POINT('',(-2.175,0.28,0.26));
#8375 = LINE('',#8376,#8377);
#8376 = CARTESIAN_POINT('',(-2.175,0.97,0.26));
#8377 = VECTOR('',#8378,1.);
#8378 = DIRECTION('',(0.,-1.,0.));
#8379 = ORIENTED_EDGE('',*,*,#8380,.F.);
#8380 = EDGE_CURVE('',#8381,#8373,#8383,.T.);
#8381 = VERTEX_POINT('',#8382);
#8382 = CARTESIAN_POINT('',(-2.325,0.28,0.26));
#8383 = LINE('',#8384,#8385);
#8384 = CARTESIAN_POINT('',(-2.325,0.28,0.26));
#8385 = VECTOR('',#8386,1.);
#8386 = DIRECTION('',(1.,0.,0.));
#8387 = ORIENTED_EDGE('',*,*,#8388,.F.);
#8388 = EDGE_CURVE('',#8350,#8381,#8389,.T.);
#8389 = LINE('',#8390,#8391);
#8390 = CARTESIAN_POINT('',(-2.325,0.97,0.26));
#8391 = VECTOR('',#8392,1.);
#8392 = DIRECTION('',(0.,-1.,0.));
#8393 = PLANE('',#8394);
#8394 = AXIS2_PLACEMENT_3D('',#8395,#8396,#8397);
#8395 = CARTESIAN_POINT('',(-2.325,0.97,0.26));
#8396 = DIRECTION('',(0.,0.,-1.));
#8397 = DIRECTION('',(0.,-1.,0.));
#8398 = ADVANCED_FACE('',(#8399),#8424,.F.);
#8399 = FACE_BOUND('',#8400,.F.);
#8400 = EDGE_LOOP('',(#8401,#8402,#8410,#8418));
#8401 = ORIENTED_EDGE('',*,*,#8380,.T.);
#8402 = ORIENTED_EDGE('',*,*,#8403,.T.);
#8403 = EDGE_CURVE('',#8373,#8404,#8406,.T.);
#8404 = VERTEX_POINT('',#8405);
#8405 = CARTESIAN_POINT('',(-2.175,0.22,0.42));
#8406 = LINE('',#8407,#8408);
#8407 = CARTESIAN_POINT('',(-2.175,0.28,0.26));
#8408 = VECTOR('',#8409,1.);
#8409 = DIRECTION('',(0.,-0.351123441588,0.936329177569));
#8410 = ORIENTED_EDGE('',*,*,#8411,.F.);
#8411 = EDGE_CURVE('',#8412,#8404,#8414,.T.);
#8412 = VERTEX_POINT('',#8413);
#8413 = CARTESIAN_POINT('',(-2.325,0.22,0.42));
#8414 = LINE('',#8415,#8416);
#8415 = CARTESIAN_POINT('',(-2.325,0.22,0.42));
#8416 = VECTOR('',#8417,1.);
#8417 = DIRECTION('',(1.,0.,0.));
#8418 = ORIENTED_EDGE('',*,*,#8419,.F.);
#8419 = EDGE_CURVE('',#8381,#8412,#8420,.T.);
#8420 = LINE('',#8421,#8422);
#8421 = CARTESIAN_POINT('',(-2.325,0.28,0.26));
#8422 = VECTOR('',#8423,1.);
#8423 = DIRECTION('',(0.,-0.351123441588,0.936329177569));
#8424 = PLANE('',#8425);
#8425 = AXIS2_PLACEMENT_3D('',#8426,#8427,#8428);
#8426 = CARTESIAN_POINT('',(-2.325,0.28,0.26));
#8427 = DIRECTION('',(0.,-0.936329177569,-0.351123441588));
#8428 = DIRECTION('',(0.,-0.351123441588,0.936329177569));
#8429 = ADVANCED_FACE('',(#8430),#8455,.F.);
#8430 = FACE_BOUND('',#8431,.F.);
#8431 = EDGE_LOOP('',(#8432,#8433,#8441,#8449));
#8432 = ORIENTED_EDGE('',*,*,#8411,.T.);
#8433 = ORIENTED_EDGE('',*,*,#8434,.T.);
#8434 = EDGE_CURVE('',#8404,#8435,#8437,.T.);
#8435 = VERTEX_POINT('',#8436);
#8436 = CARTESIAN_POINT('',(-2.175,0.22,0.78));
#8437 = LINE('',#8438,#8439);
#8438 = CARTESIAN_POINT('',(-2.175,0.22,0.42));
#8439 = VECTOR('',#8440,1.);
#8440 = DIRECTION('',(0.,0.,1.));
#8441 = ORIENTED_EDGE('',*,*,#8442,.F.);
#8442 = EDGE_CURVE('',#8443,#8435,#8445,.T.);
#8443 = VERTEX_POINT('',#8444);
#8444 = CARTESIAN_POINT('',(-2.325,0.22,0.78));
#8445 = LINE('',#8446,#8447);
#8446 = CARTESIAN_POINT('',(-2.325,0.22,0.78));
#8447 = VECTOR('',#8448,1.);
#8448 = DIRECTION('',(1.,0.,0.));
#8449 = ORIENTED_EDGE('',*,*,#8450,.F.);
#8450 = EDGE_CURVE('',#8412,#8443,#8451,.T.);
#8451 = LINE('',#8452,#8453);
#8452 = CARTESIAN_POINT('',(-2.325,0.22,0.42));
#8453 = VECTOR('',#8454,1.);
#8454 = DIRECTION('',(0.,0.,1.));
#8455 = PLANE('',#8456);
#8456 = AXIS2_PLACEMENT_3D('',#8457,#8458,#8459);
#8457 = CARTESIAN_POINT('',(-2.325,0.22,0.42));
#8458 = DIRECTION('',(0.,-1.,0.));
#8459 = DIRECTION('',(0.,0.,1.));
#8460 = ADVANCED_FACE('',(#8461),#8486,.F.);
#8461 = FACE_BOUND('',#8462,.F.);
#8462 = EDGE_LOOP('',(#8463,#8464,#8472,#8480));
#8463 = ORIENTED_EDGE('',*,*,#8442,.T.);
#8464 = ORIENTED_EDGE('',*,*,#8465,.T.);
#8465 = EDGE_CURVE('',#8435,#8466,#8468,.T.);
#8466 = VERTEX_POINT('',#8467);
#8467 = CARTESIAN_POINT('',(-2.175,6.E-02,0.84));
#8468 = LINE('',#8469,#8470);
#8469 = CARTESIAN_POINT('',(-2.175,0.22,0.78));
#8470 = VECTOR('',#8471,1.);
#8471 = DIRECTION('',(0.,-0.936329177569,0.351123441588));
#8472 = ORIENTED_EDGE('',*,*,#8473,.F.);
#8473 = EDGE_CURVE('',#8474,#8466,#8476,.T.);
#8474 = VERTEX_POINT('',#8475);
#8475 = CARTESIAN_POINT('',(-2.325,6.E-02,0.84));
#8476 = LINE('',#8477,#8478);
#8477 = CARTESIAN_POINT('',(-2.325,6.E-02,0.84));
#8478 = VECTOR('',#8479,1.);
#8479 = DIRECTION('',(1.,0.,0.));
#8480 = ORIENTED_EDGE('',*,*,#8481,.F.);
#8481 = EDGE_CURVE('',#8443,#8474,#8482,.T.);
#8482 = LINE('',#8483,#8484);
#8483 = CARTESIAN_POINT('',(-2.325,0.22,0.78));
#8484 = VECTOR('',#8485,1.);
#8485 = DIRECTION('',(0.,-0.936329177569,0.351123441588));
#8486 = PLANE('',#8487);
#8487 = AXIS2_PLACEMENT_3D('',#8488,#8489,#8490);
#8488 = CARTESIAN_POINT('',(-2.325,0.22,0.78));
#8489 = DIRECTION('',(0.,-0.351123441588,-0.936329177569));
#8490 = DIRECTION('',(0.,-0.936329177569,0.351123441588));
#8491 = ADVANCED_FACE('',(#8492),#8517,.F.);
#8492 = FACE_BOUND('',#8493,.F.);
#8493 = EDGE_LOOP('',(#8494,#8495,#8503,#8511));
#8494 = ORIENTED_EDGE('',*,*,#8473,.T.);
#8495 = ORIENTED_EDGE('',*,*,#8496,.T.);
#8496 = EDGE_CURVE('',#8466,#8497,#8499,.T.);
#8497 = VERTEX_POINT('',#8498);
#8498 = CARTESIAN_POINT('',(-2.175,-0.3,0.82));
#8499 = LINE('',#8500,#8501);
#8500 = CARTESIAN_POINT('',(-2.175,6.E-02,0.84));
#8501 = VECTOR('',#8502,1.);
#8502 = DIRECTION('',(0.,-0.998460353205,-5.547001962252E-02));
#8503 = ORIENTED_EDGE('',*,*,#8504,.F.);
#8504 = EDGE_CURVE('',#8505,#8497,#8507,.T.);
#8505 = VERTEX_POINT('',#8506);
#8506 = CARTESIAN_POINT('',(-2.325,-0.3,0.82));
#8507 = LINE('',#8508,#8509);
#8508 = CARTESIAN_POINT('',(-2.325,-0.3,0.82));
#8509 = VECTOR('',#8510,1.);
#8510 = DIRECTION('',(1.,0.,0.));
#8511 = ORIENTED_EDGE('',*,*,#8512,.F.);
#8512 = EDGE_CURVE('',#8474,#8505,#8513,.T.);
#8513 = LINE('',#8514,#8515);
#8514 = CARTESIAN_POINT('',(-2.325,6.E-02,0.84));
#8515 = VECTOR('',#8516,1.);
#8516 = DIRECTION('',(0.,-0.998460353205,-5.547001962252E-02));
#8517 = PLANE('',#8518);
#8518 = AXIS2_PLACEMENT_3D('',#8519,#8520,#8521);
#8519 = CARTESIAN_POINT('',(-2.325,6.E-02,0.84));
#8520 = DIRECTION('',(0.,5.547001962252E-02,-0.998460353205));
#8521 = DIRECTION('',(0.,-0.998460353205,-5.547001962252E-02));
#8522 = ADVANCED_FACE('',(#8523),#8548,.F.);
#8523 = FACE_BOUND('',#8524,.F.);
#8524 = EDGE_LOOP('',(#8525,#8526,#8534,#8542));
#8525 = ORIENTED_EDGE('',*,*,#8504,.T.);
#8526 = ORIENTED_EDGE('',*,*,#8527,.T.);
#8527 = EDGE_CURVE('',#8497,#8528,#8530,.T.);
#8528 = VERTEX_POINT('',#8529);
#8529 = CARTESIAN_POINT('',(-2.175,-1.39,0.72));
#8530 = LINE('',#8531,#8532);
#8531 = CARTESIAN_POINT('',(-2.175,-0.3,0.82));
#8532 = VECTOR('',#8533,1.);
#8533 = DIRECTION('',(0.,-0.995817981008,-9.135944779885E-02));
#8534 = ORIENTED_EDGE('',*,*,#8535,.F.);
#8535 = EDGE_CURVE('',#8536,#8528,#8538,.T.);
#8536 = VERTEX_POINT('',#8537);
#8537 = CARTESIAN_POINT('',(-2.325,-1.39,0.72));
#8538 = LINE('',#8539,#8540);
#8539 = CARTESIAN_POINT('',(-2.325,-1.39,0.72));
#8540 = VECTOR('',#8541,1.);
#8541 = DIRECTION('',(1.,0.,0.));
#8542 = ORIENTED_EDGE('',*,*,#8543,.F.);
#8543 = EDGE_CURVE('',#8505,#8536,#8544,.T.);
#8544 = LINE('',#8545,#8546);
#8545 = CARTESIAN_POINT('',(-2.325,-0.3,0.82));
#8546 = VECTOR('',#8547,1.);
#8547 = DIRECTION('',(0.,-0.995817981008,-9.135944779885E-02));
#8548 = PLANE('',#8549);
#8549 = AXIS2_PLACEMENT_3D('',#8550,#8551,#8552);
#8550 = CARTESIAN_POINT('',(-2.325,-0.3,0.82));
#8551 = DIRECTION('',(0.,9.135944779885E-02,-0.995817981008));
#8552 = DIRECTION('',(0.,-0.995817981008,-9.135944779885E-02));
#8553 = ADVANCED_FACE('',(#8554),#8579,.F.);
#8554 = FACE_BOUND('',#8555,.F.);
#8555 = EDGE_LOOP('',(#8556,#8557,#8565,#8573));
#8556 = ORIENTED_EDGE('',*,*,#8535,.T.);
#8557 = ORIENTED_EDGE('',*,*,#8558,.T.);
#8558 = EDGE_CURVE('',#8528,#8559,#8561,.T.);
#8559 = VERTEX_POINT('',#8560);
#8560 = CARTESIAN_POINT('',(-2.175,-1.47,0.68));
#8561 = LINE('',#8562,#8563);
#8562 = CARTESIAN_POINT('',(-2.175,-1.39,0.72));
#8563 = VECTOR('',#8564,1.);
#8564 = DIRECTION('',(0.,-0.894427191,-0.4472135955));
#8565 = ORIENTED_EDGE('',*,*,#8566,.F.);
#8566 = EDGE_CURVE('',#8567,#8559,#8569,.T.);
#8567 = VERTEX_POINT('',#8568);
#8568 = CARTESIAN_POINT('',(-2.325,-1.47,0.68));
#8569 = LINE('',#8570,#8571);
#8570 = CARTESIAN_POINT('',(-2.325,-1.47,0.68));
#8571 = VECTOR('',#8572,1.);
#8572 = DIRECTION('',(1.,0.,0.));
#8573 = ORIENTED_EDGE('',*,*,#8574,.F.);
#8574 = EDGE_CURVE('',#8536,#8567,#8575,.T.);
#8575 = LINE('',#8576,#8577);
#8576 = CARTESIAN_POINT('',(-2.325,-1.39,0.72));
#8577 = VECTOR('',#8578,1.);
#8578 = DIRECTION('',(0.,-0.894427191,-0.4472135955));
#8579 = PLANE('',#8580);
#8580 = AXIS2_PLACEMENT_3D('',#8581,#8582,#8583);
#8581 = CARTESIAN_POINT('',(-2.325,-1.39,0.72));
#8582 = DIRECTION('',(0.,0.4472135955,-0.894427191));
#8583 = DIRECTION('',(0.,-0.894427191,-0.4472135955));
#8584 = ADVANCED_FACE('',(#8585),#8610,.F.);
#8585 = FACE_BOUND('',#8586,.F.);
#8586 = EDGE_LOOP('',(#8587,#8588,#8596,#8604));
#8587 = ORIENTED_EDGE('',*,*,#8566,.T.);
#8588 = ORIENTED_EDGE('',*,*,#8589,.T.);
#8589 = EDGE_CURVE('',#8559,#8590,#8592,.T.);
#8590 = VERTEX_POINT('',#8591);
#8591 = CARTESIAN_POINT('',(-2.175,-1.41,0.63));
#8592 = LINE('',#8593,#8594);
#8593 = CARTESIAN_POINT('',(-2.175,-1.47,0.68));
#8594 = VECTOR('',#8595,1.);
#8595 = DIRECTION('',(0.,0.768221279597,-0.640184399664));
#8596 = ORIENTED_EDGE('',*,*,#8597,.F.);
#8597 = EDGE_CURVE('',#8598,#8590,#8600,.T.);
#8598 = VERTEX_POINT('',#8599);
#8599 = CARTESIAN_POINT('',(-2.325,-1.41,0.63));
#8600 = LINE('',#8601,#8602);
#8601 = CARTESIAN_POINT('',(-2.325,-1.41,0.63));
#8602 = VECTOR('',#8603,1.);
#8603 = DIRECTION('',(1.,0.,0.));
#8604 = ORIENTED_EDGE('',*,*,#8605,.F.);
#8605 = EDGE_CURVE('',#8567,#8598,#8606,.T.);
#8606 = LINE('',#8607,#8608);
#8607 = CARTESIAN_POINT('',(-2.325,-1.47,0.68));
#8608 = VECTOR('',#8609,1.);
#8609 = DIRECTION('',(0.,0.768221279597,-0.640184399664));
#8610 = PLANE('',#8611);
#8611 = AXIS2_PLACEMENT_3D('',#8612,#8613,#8614);
#8612 = CARTESIAN_POINT('',(-2.325,-1.47,0.68));
#8613 = DIRECTION('',(-0.,0.640184399664,0.768221279597));
#8614 = DIRECTION('',(0.,0.768221279597,-0.640184399664));
#8615 = ADVANCED_FACE('',(#8616),#8641,.F.);
#8616 = FACE_BOUND('',#8617,.F.);
#8617 = EDGE_LOOP('',(#8618,#8619,#8627,#8635));
#8618 = ORIENTED_EDGE('',*,*,#8597,.T.);
#8619 = ORIENTED_EDGE('',*,*,#8620,.T.);
#8620 = EDGE_CURVE('',#8590,#8621,#8623,.T.);
#8621 = VERTEX_POINT('',#8622);
#8622 = CARTESIAN_POINT('',(-2.175,-1.3,0.65));
#8623 = LINE('',#8624,#8625);
#8624 = CARTESIAN_POINT('',(-2.175,-1.41,0.63));
#8625 = VECTOR('',#8626,1.);
#8626 = DIRECTION('',(0.,0.9838699101,0.1788854382));
#8627 = ORIENTED_EDGE('',*,*,#8628,.F.);
#8628 = EDGE_CURVE('',#8629,#8621,#8631,.T.);
#8629 = VERTEX_POINT('',#8630);
#8630 = CARTESIAN_POINT('',(-2.325,-1.3,0.65));
#8631 = LINE('',#8632,#8633);
#8632 = CARTESIAN_POINT('',(-2.325,-1.3,0.65));
#8633 = VECTOR('',#8634,1.);
#8634 = DIRECTION('',(1.,0.,0.));
#8635 = ORIENTED_EDGE('',*,*,#8636,.F.);
#8636 = EDGE_CURVE('',#8598,#8629,#8637,.T.);
#8637 = LINE('',#8638,#8639);
#8638 = CARTESIAN_POINT('',(-2.325,-1.41,0.63));
#8639 = VECTOR('',#8640,1.);
#8640 = DIRECTION('',(0.,0.9838699101,0.1788854382));
#8641 = PLANE('',#8642);
#8642 = AXIS2_PLACEMENT_3D('',#8643,#8644,#8645);
#8643 = CARTESIAN_POINT('',(-2.325,-1.41,0.63));
#8644 = DIRECTION('',(0.,-0.1788854382,0.9838699101));
#8645 = DIRECTION('',(0.,0.9838699101,0.1788854382));
#8646 = ADVANCED_FACE('',(#8647),#8672,.F.);
#8647 = FACE_BOUND('',#8648,.F.);
#8648 = EDGE_LOOP('',(#8649,#8650,#8658,#8666));
#8649 = ORIENTED_EDGE('',*,*,#8628,.T.);
#8650 = ORIENTED_EDGE('',*,*,#8651,.T.);
#8651 = EDGE_CURVE('',#8621,#8652,#8654,.T.);
#8652 = VERTEX_POINT('',#8653);
#8653 = CARTESIAN_POINT('',(-2.175,-0.28,0.75));
#8654 = LINE('',#8655,#8656);
#8655 = CARTESIAN_POINT('',(-2.175,-1.3,0.65));
#8656 = VECTOR('',#8657,1.);
#8657 = DIRECTION('',(0.,0.99522852512,9.757142403137E-02));
#8658 = ORIENTED_EDGE('',*,*,#8659,.F.);
#8659 = EDGE_CURVE('',#8660,#8652,#8662,.T.);
#8660 = VERTEX_POINT('',#8661);
#8661 = CARTESIAN_POINT('',(-2.325,-0.28,0.75));
#8662 = LINE('',#8663,#8664);
#8663 = CARTESIAN_POINT('',(-2.325,-0.28,0.75));
#8664 = VECTOR('',#8665,1.);
#8665 = DIRECTION('',(1.,0.,0.));
#8666 = ORIENTED_EDGE('',*,*,#8667,.F.);
#8667 = EDGE_CURVE('',#8629,#8660,#8668,.T.);
#8668 = LINE('',#8669,#8670);
#8669 = CARTESIAN_POINT('',(-2.325,-1.3,0.65));
#8670 = VECTOR('',#8671,1.);
#8671 = DIRECTION('',(0.,0.99522852512,9.757142403137E-02));
#8672 = PLANE('',#8673);
#8673 = AXIS2_PLACEMENT_3D('',#8674,#8675,#8676);
#8674 = CARTESIAN_POINT('',(-2.325,-1.3,0.65));
#8675 = DIRECTION('',(0.,-9.757142403137E-02,0.99522852512));
#8676 = DIRECTION('',(0.,0.99522852512,9.757142403137E-02));
#8677 = ADVANCED_FACE('',(#8678),#8703,.F.);
#8678 = FACE_BOUND('',#8679,.F.);
#8679 = EDGE_LOOP('',(#8680,#8681,#8689,#8697));
#8680 = ORIENTED_EDGE('',*,*,#8659,.T.);
#8681 = ORIENTED_EDGE('',*,*,#8682,.T.);
#8682 = EDGE_CURVE('',#8652,#8683,#8685,.T.);
#8683 = VERTEX_POINT('',#8684);
#8684 = CARTESIAN_POINT('',(-2.175,0.12,0.75));
#8685 = LINE('',#8686,#8687);
#8686 = CARTESIAN_POINT('',(-2.175,-0.28,0.75));
#8687 = VECTOR('',#8688,1.);
#8688 = DIRECTION('',(0.,1.,0.));
#8689 = ORIENTED_EDGE('',*,*,#8690,.F.);
#8690 = EDGE_CURVE('',#8691,#8683,#8693,.T.);
#8691 = VERTEX_POINT('',#8692);
#8692 = CARTESIAN_POINT('',(-2.325,0.12,0.75));
#8693 = LINE('',#8694,#8695);
#8694 = CARTESIAN_POINT('',(-2.325,0.12,0.75));
#8695 = VECTOR('',#8696,1.);
#8696 = DIRECTION('',(1.,0.,0.));
#8697 = ORIENTED_EDGE('',*,*,#8698,.F.);
#8698 = EDGE_CURVE('',#8660,#8691,#8699,.T.);
#8699 = LINE('',#8700,#8701);
#8700 = CARTESIAN_POINT('',(-2.325,-0.28,0.75));
#8701 = VECTOR('',#8702,1.);
#8702 = DIRECTION('',(0.,1.,0.));
#8703 = PLANE('',#8704);
#8704 = AXIS2_PLACEMENT_3D('',#8705,#8706,#8707);
#8705 = CARTESIAN_POINT('',(-2.325,-0.28,0.75));
#8706 = DIRECTION('',(0.,0.,1.));
#8707 = DIRECTION('',(0.,1.,0.));
#8708 = ADVANCED_FACE('',(#8709),#8734,.F.);
#8709 = FACE_BOUND('',#8710,.F.);
#8710 = EDGE_LOOP('',(#8711,#8712,#8720,#8728));
#8711 = ORIENTED_EDGE('',*,*,#8690,.T.);
#8712 = ORIENTED_EDGE('',*,*,#8713,.T.);
#8713 = EDGE_CURVE('',#8683,#8714,#8716,.T.);
#8714 = VERTEX_POINT('',#8715);
#8715 = CARTESIAN_POINT('',(-2.175,0.12,0.43));
#8716 = LINE('',#8717,#8718);
#8717 = CARTESIAN_POINT('',(-2.175,0.12,0.75));
#8718 = VECTOR('',#8719,1.);
#8719 = DIRECTION('',(0.,0.,-1.));
#8720 = ORIENTED_EDGE('',*,*,#8721,.F.);
#8721 = EDGE_CURVE('',#8722,#8714,#8724,.T.);
#8722 = VERTEX_POINT('',#8723);
#8723 = CARTESIAN_POINT('',(-2.325,0.12,0.43));
#8724 = LINE('',#8725,#8726);
#8725 = CARTESIAN_POINT('',(-2.325,0.12,0.43));
#8726 = VECTOR('',#8727,1.);
#8727 = DIRECTION('',(1.,0.,0.));
#8728 = ORIENTED_EDGE('',*,*,#8729,.F.);
#8729 = EDGE_CURVE('',#8691,#8722,#8730,.T.);
#8730 = LINE('',#8731,#8732);
#8731 = CARTESIAN_POINT('',(-2.325,0.12,0.75));
#8732 = VECTOR('',#8733,1.);
#8733 = DIRECTION('',(0.,0.,-1.));
#8734 = PLANE('',#8735);
#8735 = AXIS2_PLACEMENT_3D('',#8736,#8737,#8738);
#8736 = CARTESIAN_POINT('',(-2.325,0.12,0.75));
#8737 = DIRECTION('',(-0.,1.,0.));
#8738 = DIRECTION('',(0.,0.,-1.));
#8739 = ADVANCED_FACE('',(#8740),#8765,.F.);
#8740 = FACE_BOUND('',#8741,.F.);
#8741 = EDGE_LOOP('',(#8742,#8743,#8751,#8759));
#8742 = ORIENTED_EDGE('',*,*,#8721,.T.);
#8743 = ORIENTED_EDGE('',*,*,#8744,.T.);
#8744 = EDGE_CURVE('',#8714,#8745,#8747,.T.);
#8745 = VERTEX_POINT('',#8746);
#8746 = CARTESIAN_POINT('',(-2.175,-0.44,0.43));
#8747 = LINE('',#8748,#8749);
#8748 = CARTESIAN_POINT('',(-2.175,0.12,0.43));
#8749 = VECTOR('',#8750,1.);
#8750 = DIRECTION('',(0.,-1.,0.));
#8751 = ORIENTED_EDGE('',*,*,#8752,.F.);
#8752 = EDGE_CURVE('',#8753,#8745,#8755,.T.);
#8753 = VERTEX_POINT('',#8754);
#8754 = CARTESIAN_POINT('',(-2.325,-0.44,0.43));
#8755 = LINE('',#8756,#8757);
#8756 = CARTESIAN_POINT('',(-2.325,-0.44,0.43));
#8757 = VECTOR('',#8758,1.);
#8758 = DIRECTION('',(1.,0.,0.));
#8759 = ORIENTED_EDGE('',*,*,#8760,.F.);
#8760 = EDGE_CURVE('',#8722,#8753,#8761,.T.);
#8761 = LINE('',#8762,#8763);
#8762 = CARTESIAN_POINT('',(-2.325,0.12,0.43));
#8763 = VECTOR('',#8764,1.);
#8764 = DIRECTION('',(0.,-1.,0.));
#8765 = PLANE('',#8766);
#8766 = AXIS2_PLACEMENT_3D('',#8767,#8768,#8769);
#8767 = CARTESIAN_POINT('',(-2.325,0.12,0.43));
#8768 = DIRECTION('',(0.,0.,-1.));
#8769 = DIRECTION('',(0.,-1.,0.));
#8770 = ADVANCED_FACE('',(#8771),#8796,.F.);
#8771 = FACE_BOUND('',#8772,.F.);
#8772 = EDGE_LOOP('',(#8773,#8774,#8782,#8790));
#8773 = ORIENTED_EDGE('',*,*,#8752,.T.);
#8774 = ORIENTED_EDGE('',*,*,#8775,.T.);
#8775 = EDGE_CURVE('',#8745,#8776,#8778,.T.);
#8776 = VERTEX_POINT('',#8777);
#8777 = CARTESIAN_POINT('',(-2.175,-0.76,0.36));
#8778 = LINE('',#8779,#8780);
#8779 = CARTESIAN_POINT('',(-2.175,-0.44,0.43));
#8780 = VECTOR('',#8781,1.);
#8781 = DIRECTION('',(0.,-0.976900017396,-0.213696878805));
#8782 = ORIENTED_EDGE('',*,*,#8783,.F.);
#8783 = EDGE_CURVE('',#8784,#8776,#8786,.T.);
#8784 = VERTEX_POINT('',#8785);
#8785 = CARTESIAN_POINT('',(-2.325,-0.76,0.36));
#8786 = LINE('',#8787,#8788);
#8787 = CARTESIAN_POINT('',(-2.325,-0.76,0.36));
#8788 = VECTOR('',#8789,1.);
#8789 = DIRECTION('',(1.,0.,0.));
#8790 = ORIENTED_EDGE('',*,*,#8791,.F.);
#8791 = EDGE_CURVE('',#8753,#8784,#8792,.T.);
#8792 = LINE('',#8793,#8794);
#8793 = CARTESIAN_POINT('',(-2.325,-0.44,0.43));
#8794 = VECTOR('',#8795,1.);
#8795 = DIRECTION('',(0.,-0.976900017396,-0.213696878805));
#8796 = PLANE('',#8797);
#8797 = AXIS2_PLACEMENT_3D('',#8798,#8799,#8800);
#8798 = CARTESIAN_POINT('',(-2.325,-0.44,0.43));
#8799 = DIRECTION('',(0.,0.213696878805,-0.976900017396));
#8800 = DIRECTION('',(0.,-0.976900017396,-0.213696878805));
#8801 = ADVANCED_FACE('',(#8802),#8827,.F.);
#8802 = FACE_BOUND('',#8803,.F.);
#8803 = EDGE_LOOP('',(#8804,#8805,#8813,#8821));
#8804 = ORIENTED_EDGE('',*,*,#8783,.T.);
#8805 = ORIENTED_EDGE('',*,*,#8806,.T.);
#8806 = EDGE_CURVE('',#8776,#8807,#8809,.T.);
#8807 = VERTEX_POINT('',#8808);
#8808 = CARTESIAN_POINT('',(-2.175,-1.37,0.35));
#8809 = LINE('',#8810,#8811);
#8810 = CARTESIAN_POINT('',(-2.175,-0.76,0.36));
#8811 = VECTOR('',#8812,1.);
#8812 = DIRECTION('',(0.,-0.999865654597,-1.63912402393E-02));
#8813 = ORIENTED_EDGE('',*,*,#8814,.F.);
#8814 = EDGE_CURVE('',#8815,#8807,#8817,.T.);
#8815 = VERTEX_POINT('',#8816);
#8816 = CARTESIAN_POINT('',(-2.325,-1.37,0.35));
#8817 = LINE('',#8818,#8819);
#8818 = CARTESIAN_POINT('',(-2.325,-1.37,0.35));
#8819 = VECTOR('',#8820,1.);
#8820 = DIRECTION('',(1.,0.,0.));
#8821 = ORIENTED_EDGE('',*,*,#8822,.F.);
#8822 = EDGE_CURVE('',#8784,#8815,#8823,.T.);
#8823 = LINE('',#8824,#8825);
#8824 = CARTESIAN_POINT('',(-2.325,-0.76,0.36));
#8825 = VECTOR('',#8826,1.);
#8826 = DIRECTION('',(0.,-0.999865654597,-1.63912402393E-02));
#8827 = PLANE('',#8828);
#8828 = AXIS2_PLACEMENT_3D('',#8829,#8830,#8831);
#8829 = CARTESIAN_POINT('',(-2.325,-0.76,0.36));
#8830 = DIRECTION('',(0.,1.63912402393E-02,-0.999865654597));
#8831 = DIRECTION('',(0.,-0.999865654597,-1.63912402393E-02));
#8832 = ADVANCED_FACE('',(#8833),#8849,.F.);
#8833 = FACE_BOUND('',#8834,.F.);
#8834 = EDGE_LOOP('',(#8835,#8836,#8842,#8843));
#8835 = ORIENTED_EDGE('',*,*,#8814,.T.);
#8836 = ORIENTED_EDGE('',*,*,#8837,.T.);
#8837 = EDGE_CURVE('',#8807,#7993,#8838,.T.);
#8838 = LINE('',#8839,#8840);
#8839 = CARTESIAN_POINT('',(-2.175,-1.37,0.35));
#8840 = VECTOR('',#8841,1.);
#8841 = DIRECTION('',(0.,-0.894427191,-0.4472135955));
#8842 = ORIENTED_EDGE('',*,*,#7990,.F.);
#8843 = ORIENTED_EDGE('',*,*,#8844,.F.);
#8844 = EDGE_CURVE('',#8815,#7991,#8845,.T.);
#8845 = LINE('',#8846,#8847);
#8846 = CARTESIAN_POINT('',(-2.325,-1.37,0.35));
#8847 = VECTOR('',#8848,1.);
#8848 = DIRECTION('',(0.,-0.894427191,-0.4472135955));
#8849 = PLANE('',#8850);
#8850 = AXIS2_PLACEMENT_3D('',#8851,#8852,#8853);
#8851 = CARTESIAN_POINT('',(-2.325,-1.37,0.35));
#8852 = DIRECTION('',(0.,0.4472135955,-0.894427191));
#8853 = DIRECTION('',(0.,-0.894427191,-0.4472135955));
#8854 = ADVANCED_FACE('',(#8855),#8885,.F.);
#8855 = FACE_BOUND('',#8856,.F.);
#8856 = EDGE_LOOP('',(#8857,#8858,#8859,#8860,#8861,#8862,#8863,#8864,
    #8865,#8866,#8867,#8868,#8869,#8870,#8871,#8872,#8873,#8874,#8875,
    #8876,#8877,#8878,#8879,#8880,#8881,#8882,#8883,#8884));
#8857 = ORIENTED_EDGE('',*,*,#8016,.T.);
#8858 = ORIENTED_EDGE('',*,*,#8047,.T.);
#8859 = ORIENTED_EDGE('',*,*,#8078,.T.);
#8860 = ORIENTED_EDGE('',*,*,#8109,.T.);
#8861 = ORIENTED_EDGE('',*,*,#8140,.T.);
#8862 = ORIENTED_EDGE('',*,*,#8171,.T.);
#8863 = ORIENTED_EDGE('',*,*,#8202,.T.);
#8864 = ORIENTED_EDGE('',*,*,#8233,.T.);
#8865 = ORIENTED_EDGE('',*,*,#8264,.T.);
#8866 = ORIENTED_EDGE('',*,*,#8295,.T.);
#8867 = ORIENTED_EDGE('',*,*,#8326,.T.);
#8868 = ORIENTED_EDGE('',*,*,#8357,.T.);
#8869 = ORIENTED_EDGE('',*,*,#8388,.T.);
#8870 = ORIENTED_EDGE('',*,*,#8419,.T.);
#8871 = ORIENTED_EDGE('',*,*,#8450,.T.);
#8872 = ORIENTED_EDGE('',*,*,#8481,.T.);
#8873 = ORIENTED_EDGE('',*,*,#8512,.T.);
#8874 = ORIENTED_EDGE('',*,*,#8543,.T.);
#8875 = ORIENTED_EDGE('',*,*,#8574,.T.);
#8876 = ORIENTED_EDGE('',*,*,#8605,.T.);
#8877 = ORIENTED_EDGE('',*,*,#8636,.T.);
#8878 = ORIENTED_EDGE('',*,*,#8667,.T.);
#8879 = ORIENTED_EDGE('',*,*,#8698,.T.);
#8880 = ORIENTED_EDGE('',*,*,#8729,.T.);
#8881 = ORIENTED_EDGE('',*,*,#8760,.T.);
#8882 = ORIENTED_EDGE('',*,*,#8791,.T.);
#8883 = ORIENTED_EDGE('',*,*,#8822,.T.);
#8884 = ORIENTED_EDGE('',*,*,#8844,.T.);
#8885 = PLANE('',#8886);
#8886 = AXIS2_PLACEMENT_3D('',#8887,#8888,#8889);
#8887 = CARTESIAN_POINT('',(-2.325,-0.200937564723,0.444942085346));
#8888 = DIRECTION('',(1.,0.,0.));
#8889 = DIRECTION('',(-0.,0.,1.));
#8890 = ADVANCED_FACE('',(#8891),#8921,.T.);
#8891 = FACE_BOUND('',#8892,.T.);
#8892 = EDGE_LOOP('',(#8893,#8894,#8895,#8896,#8897,#8898,#8899,#8900,
    #8901,#8902,#8903,#8904,#8905,#8906,#8907,#8908,#8909,#8910,#8911,
    #8912,#8913,#8914,#8915,#8916,#8917,#8918,#8919,#8920));
#8893 = ORIENTED_EDGE('',*,*,#8000,.T.);
#8894 = ORIENTED_EDGE('',*,*,#8031,.T.);
#8895 = ORIENTED_EDGE('',*,*,#8062,.T.);
#8896 = ORIENTED_EDGE('',*,*,#8093,.T.);
#8897 = ORIENTED_EDGE('',*,*,#8124,.T.);
#8898 = ORIENTED_EDGE('',*,*,#8155,.T.);
#8899 = ORIENTED_EDGE('',*,*,#8186,.T.);
#8900 = ORIENTED_EDGE('',*,*,#8217,.T.);
#8901 = ORIENTED_EDGE('',*,*,#8248,.T.);
#8902 = ORIENTED_EDGE('',*,*,#8279,.T.);
#8903 = ORIENTED_EDGE('',*,*,#8310,.T.);
#8904 = ORIENTED_EDGE('',*,*,#8341,.T.);
#8905 = ORIENTED_EDGE('',*,*,#8372,.T.);
#8906 = ORIENTED_EDGE('',*,*,#8403,.T.);
#8907 = ORIENTED_EDGE('',*,*,#8434,.T.);
#8908 = ORIENTED_EDGE('',*,*,#8465,.T.);
#8909 = ORIENTED_EDGE('',*,*,#8496,.T.);
#8910 = ORIENTED_EDGE('',*,*,#8527,.T.);
#8911 = ORIENTED_EDGE('',*,*,#8558,.T.);
#8912 = ORIENTED_EDGE('',*,*,#8589,.T.);
#8913 = ORIENTED_EDGE('',*,*,#8620,.T.);
#8914 = ORIENTED_EDGE('',*,*,#8651,.T.);
#8915 = ORIENTED_EDGE('',*,*,#8682,.T.);
#8916 = ORIENTED_EDGE('',*,*,#8713,.T.);
#8917 = ORIENTED_EDGE('',*,*,#8744,.T.);
#8918 = ORIENTED_EDGE('',*,*,#8775,.T.);
#8919 = ORIENTED_EDGE('',*,*,#8806,.T.);
#8920 = ORIENTED_EDGE('',*,*,#8837,.T.);
#8921 = PLANE('',#8922);
#8922 = AXIS2_PLACEMENT_3D('',#8923,#8924,#8925);
#8923 = CARTESIAN_POINT('',(-2.175,-0.200937564723,0.444942085346));
#8924 = DIRECTION('',(1.,0.,0.));
#8925 = DIRECTION('',(-0.,0.,1.));
#8926 = ( GEOMETRIC_REPRESENTATION_CONTEXT(3)
GLOBAL_UNCERTAINTY_ASSIGNED_CONTEXT((#8930))
GLOBAL_UNIT_ASSIGNED_CONTEXT((#8927,#8928,#8929)) REPRESENTATION_CONTEXT
('Context #1','3D Context with UNIT and UNCERTAINTY') );
#8927 = ( LENGTH_UNIT() NAMED_UNIT(*) SI_UNIT(.MILLI.,.METRE.) );
#8928 = ( NAMED_UNIT(*) PLANE_ANGLE_UNIT() SI_UNIT($,.RADIAN.) );
#8929 = ( NAMED_UNIT(*) SI_UNIT($,.STERADIAN.) SOLID_ANGLE_UNIT() );
#8930 = UNCERTAINTY_MEASURE_WITH_UNIT(LENGTH_MEASURE(1.E-07),#8927,
  'distance_accuracy_value','confusion accuracy');
#8931 = CONTEXT_DEPENDENT_SHAPE_REPRESENTATION(#8932,#8934);
#8932 = ( REPRESENTATION_RELATIONSHIP('','',#7983,#10)
REPRESENTATION_RELATIONSHIP_WITH_TRANSFORMATION(#8933)
SHAPE_REPRESENTATION_RELATIONSHIP() );
#8933 = ITEM_DEFINED_TRANSFORMATION('','',#11,#27);
#8934 = PRODUCT_DEFINITION_SHAPE('Placement','Placement of an item',
  #8935);
#8935 = NEXT_ASSEMBLY_USAGE_OCCURRENCE('4','Gold_contact_02','',#5,#7978
  ,$);
#8936 = PRODUCT_RELATED_PRODUCT_CATEGORY('part',$,(#7980));
#8937 = SHAPE_DEFINITION_REPRESENTATION(#8938,#8944);
#8938 = PRODUCT_DEFINITION_SHAPE('','',#8939);
#8939 = PRODUCT_DEFINITION('design','',#8940,#8943);
#8940 = PRODUCT_DEFINITION_FORMATION('','',#8941);
#8941 = PRODUCT('Gold_contact_03','Gold_contact_03','',(#8942));
#8942 = PRODUCT_CONTEXT('',#2,'mechanical');
#8943 = PRODUCT_DEFINITION_CONTEXT('part definition',#2,'design');
#8944 = ADVANCED_BREP_SHAPE_REPRESENTATION('',(#11,#8945),#9887);
#8945 = MANIFOLD_SOLID_BREP('',#8946);
#8946 = CLOSED_SHELL('',(#8947,#8987,#9018,#9049,#9080,#9111,#9142,#9173
    ,#9204,#9235,#9266,#9297,#9328,#9359,#9390,#9421,#9452,#9483,#9514,
    #9545,#9576,#9607,#9638,#9669,#9700,#9731,#9762,#9793,#9815,#9851));
#8947 = ADVANCED_FACE('',(#8948),#8982,.F.);
#8948 = FACE_BOUND('',#8949,.F.);
#8949 = EDGE_LOOP('',(#8950,#8960,#8968,#8976));
#8950 = ORIENTED_EDGE('',*,*,#8951,.T.);
#8951 = EDGE_CURVE('',#8952,#8954,#8956,.T.);
#8952 = VERTEX_POINT('',#8953);
#8953 = CARTESIAN_POINT('',(-1.825,-1.47,0.3));
#8954 = VERTEX_POINT('',#8955);
#8955 = CARTESIAN_POINT('',(-1.675,-1.47,0.3));
#8956 = LINE('',#8957,#8958);
#8957 = CARTESIAN_POINT('',(-1.825,-1.47,0.3));
#8958 = VECTOR('',#8959,1.);
#8959 = DIRECTION('',(1.,0.,0.));
#8960 = ORIENTED_EDGE('',*,*,#8961,.T.);
#8961 = EDGE_CURVE('',#8954,#8962,#8964,.T.);
#8962 = VERTEX_POINT('',#8963);
#8963 = CARTESIAN_POINT('',(-1.675,-1.39,0.27));
#8964 = LINE('',#8965,#8966);
#8965 = CARTESIAN_POINT('',(-1.675,-1.47,0.3));
#8966 = VECTOR('',#8967,1.);
#8967 = DIRECTION('',(0.,0.936329177569,-0.351123441588));
#8968 = ORIENTED_EDGE('',*,*,#8969,.F.);
#8969 = EDGE_CURVE('',#8970,#8962,#8972,.T.);
#8970 = VERTEX_POINT('',#8971);
#8971 = CARTESIAN_POINT('',(-1.825,-1.39,0.27));
#8972 = LINE('',#8973,#8974);
#8973 = CARTESIAN_POINT('',(-1.825,-1.39,0.27));
#8974 = VECTOR('',#8975,1.);
#8975 = DIRECTION('',(1.,0.,0.));
#8976 = ORIENTED_EDGE('',*,*,#8977,.F.);
#8977 = EDGE_CURVE('',#8952,#8970,#8978,.T.);
#8978 = LINE('',#8979,#8980);
#8979 = CARTESIAN_POINT('',(-1.825,-1.47,0.3));
#8980 = VECTOR('',#8981,1.);
#8981 = DIRECTION('',(0.,0.936329177569,-0.351123441588));
#8982 = PLANE('',#8983);
#8983 = AXIS2_PLACEMENT_3D('',#8984,#8985,#8986);
#8984 = CARTESIAN_POINT('',(-1.825,-1.47,0.3));
#8985 = DIRECTION('',(-0.,0.351123441588,0.936329177569));
#8986 = DIRECTION('',(0.,0.936329177569,-0.351123441588));
#8987 = ADVANCED_FACE('',(#8988),#9013,.F.);
#8988 = FACE_BOUND('',#8989,.F.);
#8989 = EDGE_LOOP('',(#8990,#8991,#8999,#9007));
#8990 = ORIENTED_EDGE('',*,*,#8969,.T.);
#8991 = ORIENTED_EDGE('',*,*,#8992,.T.);
#8992 = EDGE_CURVE('',#8962,#8993,#8995,.T.);
#8993 = VERTEX_POINT('',#8994);
#8994 = CARTESIAN_POINT('',(-1.675,-0.76,0.29));
#8995 = LINE('',#8996,#8997);
#8996 = CARTESIAN_POINT('',(-1.675,-1.39,0.27));
#8997 = VECTOR('',#8998,1.);
#8998 = DIRECTION('',(0.,0.999496475295,3.173004683477E-02));
#8999 = ORIENTED_EDGE('',*,*,#9000,.F.);
#9000 = EDGE_CURVE('',#9001,#8993,#9003,.T.);
#9001 = VERTEX_POINT('',#9002);
#9002 = CARTESIAN_POINT('',(-1.825,-0.76,0.29));
#9003 = LINE('',#9004,#9005);
#9004 = CARTESIAN_POINT('',(-1.825,-0.76,0.29));
#9005 = VECTOR('',#9006,1.);
#9006 = DIRECTION('',(1.,0.,0.));
#9007 = ORIENTED_EDGE('',*,*,#9008,.F.);
#9008 = EDGE_CURVE('',#8970,#9001,#9009,.T.);
#9009 = LINE('',#9010,#9011);
#9010 = CARTESIAN_POINT('',(-1.825,-1.39,0.27));
#9011 = VECTOR('',#9012,1.);
#9012 = DIRECTION('',(0.,0.999496475295,3.173004683477E-02));
#9013 = PLANE('',#9014);
#9014 = AXIS2_PLACEMENT_3D('',#9015,#9016,#9017);
#9015 = CARTESIAN_POINT('',(-1.825,-1.39,0.27));
#9016 = DIRECTION('',(0.,-3.173004683477E-02,0.999496475295));
#9017 = DIRECTION('',(0.,0.999496475295,3.173004683477E-02));
#9018 = ADVANCED_FACE('',(#9019),#9044,.F.);
#9019 = FACE_BOUND('',#9020,.F.);
#9020 = EDGE_LOOP('',(#9021,#9022,#9030,#9038));
#9021 = ORIENTED_EDGE('',*,*,#9000,.T.);
#9022 = ORIENTED_EDGE('',*,*,#9023,.T.);
#9023 = EDGE_CURVE('',#8993,#9024,#9026,.T.);
#9024 = VERTEX_POINT('',#9025);
#9025 = CARTESIAN_POINT('',(-1.675,-0.48,0.34));
#9026 = LINE('',#9027,#9028);
#9027 = CARTESIAN_POINT('',(-1.675,-0.76,0.29));
#9028 = VECTOR('',#9029,1.);
#9029 = DIRECTION('',(0.,0.984427575508,0.175790638484));
#9030 = ORIENTED_EDGE('',*,*,#9031,.F.);
#9031 = EDGE_CURVE('',#9032,#9024,#9034,.T.);
#9032 = VERTEX_POINT('',#9033);
#9033 = CARTESIAN_POINT('',(-1.825,-0.48,0.34));
#9034 = LINE('',#9035,#9036);
#9035 = CARTESIAN_POINT('',(-1.825,-0.48,0.34));
#9036 = VECTOR('',#9037,1.);
#9037 = DIRECTION('',(1.,0.,0.));
#9038 = ORIENTED_EDGE('',*,*,#9039,.F.);
#9039 = EDGE_CURVE('',#9001,#9032,#9040,.T.);
#9040 = LINE('',#9041,#9042);
#9041 = CARTESIAN_POINT('',(-1.825,-0.76,0.29));
#9042 = VECTOR('',#9043,1.);
#9043 = DIRECTION('',(0.,0.984427575508,0.175790638484));
#9044 = PLANE('',#9045);
#9045 = AXIS2_PLACEMENT_3D('',#9046,#9047,#9048);
#9046 = CARTESIAN_POINT('',(-1.825,-0.76,0.29));
#9047 = DIRECTION('',(0.,-0.175790638484,0.984427575508));
#9048 = DIRECTION('',(0.,0.984427575508,0.175790638484));
#9049 = ADVANCED_FACE('',(#9050),#9075,.F.);
#9050 = FACE_BOUND('',#9051,.F.);
#9051 = EDGE_LOOP('',(#9052,#9053,#9061,#9069));
#9052 = ORIENTED_EDGE('',*,*,#9031,.T.);
#9053 = ORIENTED_EDGE('',*,*,#9054,.T.);
#9054 = EDGE_CURVE('',#9024,#9055,#9057,.T.);
#9055 = VERTEX_POINT('',#9056);
#9056 = CARTESIAN_POINT('',(-1.675,5.E-02,0.34));
#9057 = LINE('',#9058,#9059);
#9058 = CARTESIAN_POINT('',(-1.675,-0.48,0.34));
#9059 = VECTOR('',#9060,1.);
#9060 = DIRECTION('',(0.,1.,0.));
#9061 = ORIENTED_EDGE('',*,*,#9062,.F.);
#9062 = EDGE_CURVE('',#9063,#9055,#9065,.T.);
#9063 = VERTEX_POINT('',#9064);
#9064 = CARTESIAN_POINT('',(-1.825,5.E-02,0.34));
#9065 = LINE('',#9066,#9067);
#9066 = CARTESIAN_POINT('',(-1.825,5.E-02,0.34));
#9067 = VECTOR('',#9068,1.);
#9068 = DIRECTION('',(1.,0.,0.));
#9069 = ORIENTED_EDGE('',*,*,#9070,.F.);
#9070 = EDGE_CURVE('',#9032,#9063,#9071,.T.);
#9071 = LINE('',#9072,#9073);
#9072 = CARTESIAN_POINT('',(-1.825,-0.48,0.34));
#9073 = VECTOR('',#9074,1.);
#9074 = DIRECTION('',(0.,1.,0.));
#9075 = PLANE('',#9076);
#9076 = AXIS2_PLACEMENT_3D('',#9077,#9078,#9079);
#9077 = CARTESIAN_POINT('',(-1.825,-0.48,0.34));
#9078 = DIRECTION('',(0.,0.,1.));
#9079 = DIRECTION('',(0.,1.,0.));
#9080 = ADVANCED_FACE('',(#9081),#9106,.F.);
#9081 = FACE_BOUND('',#9082,.F.);
#9082 = EDGE_LOOP('',(#9083,#9084,#9092,#9100));
#9083 = ORIENTED_EDGE('',*,*,#9062,.T.);
#9084 = ORIENTED_EDGE('',*,*,#9085,.T.);
#9085 = EDGE_CURVE('',#9055,#9086,#9088,.T.);
#9086 = VERTEX_POINT('',#9087);
#9087 = CARTESIAN_POINT('',(-1.675,0.17,0.29));
#9088 = LINE('',#9089,#9090);
#9089 = CARTESIAN_POINT('',(-1.675,5.E-02,0.34));
#9090 = VECTOR('',#9091,1.);
#9091 = DIRECTION('',(0.,0.923076923077,-0.384615384615));
#9092 = ORIENTED_EDGE('',*,*,#9093,.F.);
#9093 = EDGE_CURVE('',#9094,#9086,#9096,.T.);
#9094 = VERTEX_POINT('',#9095);
#9095 = CARTESIAN_POINT('',(-1.825,0.17,0.29));
#9096 = LINE('',#9097,#9098);
#9097 = CARTESIAN_POINT('',(-1.825,0.17,0.29));
#9098 = VECTOR('',#9099,1.);
#9099 = DIRECTION('',(1.,0.,0.));
#9100 = ORIENTED_EDGE('',*,*,#9101,.F.);
#9101 = EDGE_CURVE('',#9063,#9094,#9102,.T.);
#9102 = LINE('',#9103,#9104);
#9103 = CARTESIAN_POINT('',(-1.825,5.E-02,0.34));
#9104 = VECTOR('',#9105,1.);
#9105 = DIRECTION('',(0.,0.923076923077,-0.384615384615));
#9106 = PLANE('',#9107);
#9107 = AXIS2_PLACEMENT_3D('',#9108,#9109,#9110);
#9108 = CARTESIAN_POINT('',(-1.825,5.E-02,0.34));
#9109 = DIRECTION('',(-0.,0.384615384615,0.923076923077));
#9110 = DIRECTION('',(0.,0.923076923077,-0.384615384615));
#9111 = ADVANCED_FACE('',(#9112),#9137,.F.);
#9112 = FACE_BOUND('',#9113,.F.);
#9113 = EDGE_LOOP('',(#9114,#9115,#9123,#9131));
#9114 = ORIENTED_EDGE('',*,*,#9093,.T.);
#9115 = ORIENTED_EDGE('',*,*,#9116,.T.);
#9116 = EDGE_CURVE('',#9086,#9117,#9119,.T.);
#9117 = VERTEX_POINT('',#9118);
#9118 = CARTESIAN_POINT('',(-1.675,0.2,0.18));
#9119 = LINE('',#9120,#9121);
#9120 = CARTESIAN_POINT('',(-1.675,0.17,0.29));
#9121 = VECTOR('',#9122,1.);
#9122 = DIRECTION('',(0.,0.263117405792,-0.964763821238));
#9123 = ORIENTED_EDGE('',*,*,#9124,.F.);
#9124 = EDGE_CURVE('',#9125,#9117,#9127,.T.);
#9125 = VERTEX_POINT('',#9126);
#9126 = CARTESIAN_POINT('',(-1.825,0.2,0.18));
#9127 = LINE('',#9128,#9129);
#9128 = CARTESIAN_POINT('',(-1.825,0.2,0.18));
#9129 = VECTOR('',#9130,1.);
#9130 = DIRECTION('',(1.,0.,0.));
#9131 = ORIENTED_EDGE('',*,*,#9132,.F.);
#9132 = EDGE_CURVE('',#9094,#9125,#9133,.T.);
#9133 = LINE('',#9134,#9135);
#9134 = CARTESIAN_POINT('',(-1.825,0.17,0.29));
#9135 = VECTOR('',#9136,1.);
#9136 = DIRECTION('',(0.,0.263117405792,-0.964763821238));
#9137 = PLANE('',#9138);
#9138 = AXIS2_PLACEMENT_3D('',#9139,#9140,#9141);
#9139 = CARTESIAN_POINT('',(-1.825,0.17,0.29));
#9140 = DIRECTION('',(-0.,0.964763821238,0.263117405792));
#9141 = DIRECTION('',(0.,0.263117405792,-0.964763821238));
#9142 = ADVANCED_FACE('',(#9143),#9168,.F.);
#9143 = FACE_BOUND('',#9144,.F.);
#9144 = EDGE_LOOP('',(#9145,#9146,#9154,#9162));
#9145 = ORIENTED_EDGE('',*,*,#9124,.T.);
#9146 = ORIENTED_EDGE('',*,*,#9147,.T.);
#9147 = EDGE_CURVE('',#9117,#9148,#9150,.T.);
#9148 = VERTEX_POINT('',#9149);
#9149 = CARTESIAN_POINT('',(-1.675,0.88,0.18));
#9150 = LINE('',#9151,#9152);
#9151 = CARTESIAN_POINT('',(-1.675,0.2,0.18));
#9152 = VECTOR('',#9153,1.);
#9153 = DIRECTION('',(0.,1.,0.));
#9154 = ORIENTED_EDGE('',*,*,#9155,.F.);
#9155 = EDGE_CURVE('',#9156,#9148,#9158,.T.);
#9156 = VERTEX_POINT('',#9157);
#9157 = CARTESIAN_POINT('',(-1.825,0.88,0.18));
#9158 = LINE('',#9159,#9160);
#9159 = CARTESIAN_POINT('',(-1.825,0.88,0.18));
#9160 = VECTOR('',#9161,1.);
#9161 = DIRECTION('',(1.,0.,0.));
#9162 = ORIENTED_EDGE('',*,*,#9163,.F.);
#9163 = EDGE_CURVE('',#9125,#9156,#9164,.T.);
#9164 = LINE('',#9165,#9166);
#9165 = CARTESIAN_POINT('',(-1.825,0.2,0.18));
#9166 = VECTOR('',#9167,1.);
#9167 = DIRECTION('',(0.,1.,0.));
#9168 = PLANE('',#9169);
#9169 = AXIS2_PLACEMENT_3D('',#9170,#9171,#9172);
#9170 = CARTESIAN_POINT('',(-1.825,0.2,0.18));
#9171 = DIRECTION('',(0.,0.,1.));
#9172 = DIRECTION('',(0.,1.,0.));
#9173 = ADVANCED_FACE('',(#9174),#9199,.F.);
#9174 = FACE_BOUND('',#9175,.F.);
#9175 = EDGE_LOOP('',(#9176,#9177,#9185,#9193));
#9176 = ORIENTED_EDGE('',*,*,#9155,.T.);
#9177 = ORIENTED_EDGE('',*,*,#9178,.T.);
#9178 = EDGE_CURVE('',#9148,#9179,#9181,.T.);
#9179 = VERTEX_POINT('',#9180);
#9180 = CARTESIAN_POINT('',(-1.675,0.99,2.E-02));
#9181 = LINE('',#9182,#9183);
#9182 = CARTESIAN_POINT('',(-1.675,0.88,0.18));
#9183 = VECTOR('',#9184,1.);
#9184 = DIRECTION('',(0.,0.566528822887,-0.824041924199));
#9185 = ORIENTED_EDGE('',*,*,#9186,.F.);
#9186 = EDGE_CURVE('',#9187,#9179,#9189,.T.);
#9187 = VERTEX_POINT('',#9188);
#9188 = CARTESIAN_POINT('',(-1.825,0.99,2.E-02));
#9189 = LINE('',#9190,#9191);
#9190 = CARTESIAN_POINT('',(-1.825,0.99,2.E-02));
#9191 = VECTOR('',#9192,1.);
#9192 = DIRECTION('',(1.,0.,0.));
#9193 = ORIENTED_EDGE('',*,*,#9194,.F.);
#9194 = EDGE_CURVE('',#9156,#9187,#9195,.T.);
#9195 = LINE('',#9196,#9197);
#9196 = CARTESIAN_POINT('',(-1.825,0.88,0.18));
#9197 = VECTOR('',#9198,1.);
#9198 = DIRECTION('',(0.,0.566528822887,-0.824041924199));
#9199 = PLANE('',#9200);
#9200 = AXIS2_PLACEMENT_3D('',#9201,#9202,#9203);
#9201 = CARTESIAN_POINT('',(-1.825,0.88,0.18));
#9202 = DIRECTION('',(-0.,0.824041924199,0.566528822887));
#9203 = DIRECTION('',(0.,0.566528822887,-0.824041924199));
#9204 = ADVANCED_FACE('',(#9205),#9230,.F.);
#9205 = FACE_BOUND('',#9206,.F.);
#9206 = EDGE_LOOP('',(#9207,#9208,#9216,#9224));
#9207 = ORIENTED_EDGE('',*,*,#9186,.T.);
#9208 = ORIENTED_EDGE('',*,*,#9209,.T.);
#9209 = EDGE_CURVE('',#9179,#9210,#9212,.T.);
#9210 = VERTEX_POINT('',#9211);
#9211 = CARTESIAN_POINT('',(-1.675,1.38,0.));
#9212 = LINE('',#9213,#9214);
#9213 = CARTESIAN_POINT('',(-1.675,0.99,2.E-02));
#9214 = VECTOR('',#9215,1.);
#9215 = DIRECTION('',(0.,0.998687663477,-5.121475197316E-02));
#9216 = ORIENTED_EDGE('',*,*,#9217,.F.);
#9217 = EDGE_CURVE('',#9218,#9210,#9220,.T.);
#9218 = VERTEX_POINT('',#9219);
#9219 = CARTESIAN_POINT('',(-1.825,1.38,0.));
#9220 = LINE('',#9221,#9222);
#9221 = CARTESIAN_POINT('',(-1.825,1.38,0.));
#9222 = VECTOR('',#9223,1.);
#9223 = DIRECTION('',(1.,0.,0.));
#9224 = ORIENTED_EDGE('',*,*,#9225,.F.);
#9225 = EDGE_CURVE('',#9187,#9218,#9226,.T.);
#9226 = LINE('',#9227,#9228);
#9227 = CARTESIAN_POINT('',(-1.825,0.99,2.E-02));
#9228 = VECTOR('',#9229,1.);
#9229 = DIRECTION('',(0.,0.998687663477,-5.121475197316E-02));
#9230 = PLANE('',#9231);
#9231 = AXIS2_PLACEMENT_3D('',#9232,#9233,#9234);
#9232 = CARTESIAN_POINT('',(-1.825,0.99,2.E-02));
#9233 = DIRECTION('',(-0.,5.121475197316E-02,0.998687663477));
#9234 = DIRECTION('',(0.,0.998687663477,-5.121475197316E-02));
#9235 = ADVANCED_FACE('',(#9236),#9261,.F.);
#9236 = FACE_BOUND('',#9237,.F.);
#9237 = EDGE_LOOP('',(#9238,#9239,#9247,#9255));
#9238 = ORIENTED_EDGE('',*,*,#9217,.T.);
#9239 = ORIENTED_EDGE('',*,*,#9240,.T.);
#9240 = EDGE_CURVE('',#9210,#9241,#9243,.T.);
#9241 = VERTEX_POINT('',#9242);
#9242 = CARTESIAN_POINT('',(-1.675,1.38,8.E-02));
#9243 = LINE('',#9244,#9245);
#9244 = CARTESIAN_POINT('',(-1.675,1.38,0.));
#9245 = VECTOR('',#9246,1.);
#9246 = DIRECTION('',(0.,0.,1.));
#9247 = ORIENTED_EDGE('',*,*,#9248,.F.);
#9248 = EDGE_CURVE('',#9249,#9241,#9251,.T.);
#9249 = VERTEX_POINT('',#9250);
#9250 = CARTESIAN_POINT('',(-1.825,1.38,8.E-02));
#9251 = LINE('',#9252,#9253);
#9252 = CARTESIAN_POINT('',(-1.825,1.38,8.E-02));
#9253 = VECTOR('',#9254,1.);
#9254 = DIRECTION('',(1.,0.,0.));
#9255 = ORIENTED_EDGE('',*,*,#9256,.F.);
#9256 = EDGE_CURVE('',#9218,#9249,#9257,.T.);
#9257 = LINE('',#9258,#9259);
#9258 = CARTESIAN_POINT('',(-1.825,1.38,0.));
#9259 = VECTOR('',#9260,1.);
#9260 = DIRECTION('',(0.,0.,1.));
#9261 = PLANE('',#9262);
#9262 = AXIS2_PLACEMENT_3D('',#9263,#9264,#9265);
#9263 = CARTESIAN_POINT('',(-1.825,1.38,0.));
#9264 = DIRECTION('',(0.,-1.,0.));
#9265 = DIRECTION('',(0.,0.,1.));
#9266 = ADVANCED_FACE('',(#9267),#9292,.F.);
#9267 = FACE_BOUND('',#9268,.F.);
#9268 = EDGE_LOOP('',(#9269,#9270,#9278,#9286));
#9269 = ORIENTED_EDGE('',*,*,#9248,.T.);
#9270 = ORIENTED_EDGE('',*,*,#9271,.T.);
#9271 = EDGE_CURVE('',#9241,#9272,#9274,.T.);
#9272 = VERTEX_POINT('',#9273);
#9273 = CARTESIAN_POINT('',(-1.675,1.05,0.1));
#9274 = LINE('',#9275,#9276);
#9275 = CARTESIAN_POINT('',(-1.675,1.38,8.E-02));
#9276 = VECTOR('',#9277,1.);
#9277 = DIRECTION('',(0.,-0.998168496631,6.049506040189E-02));
#9278 = ORIENTED_EDGE('',*,*,#9279,.F.);
#9279 = EDGE_CURVE('',#9280,#9272,#9282,.T.);
#9280 = VERTEX_POINT('',#9281);
#9281 = CARTESIAN_POINT('',(-1.825,1.05,0.1));
#9282 = LINE('',#9283,#9284);
#9283 = CARTESIAN_POINT('',(-1.825,1.05,0.1));
#9284 = VECTOR('',#9285,1.);
#9285 = DIRECTION('',(1.,0.,0.));
#9286 = ORIENTED_EDGE('',*,*,#9287,.F.);
#9287 = EDGE_CURVE('',#9249,#9280,#9288,.T.);
#9288 = LINE('',#9289,#9290);
#9289 = CARTESIAN_POINT('',(-1.825,1.38,8.E-02));
#9290 = VECTOR('',#9291,1.);
#9291 = DIRECTION('',(0.,-0.998168496631,6.049506040189E-02));
#9292 = PLANE('',#9293);
#9293 = AXIS2_PLACEMENT_3D('',#9294,#9295,#9296);
#9294 = CARTESIAN_POINT('',(-1.825,1.38,8.E-02));
#9295 = DIRECTION('',(0.,-6.049506040189E-02,-0.998168496631));
#9296 = DIRECTION('',(0.,-0.998168496631,6.049506040189E-02));
#9297 = ADVANCED_FACE('',(#9298),#9323,.F.);
#9298 = FACE_BOUND('',#9299,.F.);
#9299 = EDGE_LOOP('',(#9300,#9301,#9309,#9317));
#9300 = ORIENTED_EDGE('',*,*,#9279,.T.);
#9301 = ORIENTED_EDGE('',*,*,#9302,.T.);
#9302 = EDGE_CURVE('',#9272,#9303,#9305,.T.);
#9303 = VERTEX_POINT('',#9304);
#9304 = CARTESIAN_POINT('',(-1.675,0.97,0.26));
#9305 = LINE('',#9306,#9307);
#9306 = CARTESIAN_POINT('',(-1.675,1.05,0.1));
#9307 = VECTOR('',#9308,1.);
#9308 = DIRECTION('',(0.,-0.4472135955,0.894427191));
#9309 = ORIENTED_EDGE('',*,*,#9310,.F.);
#9310 = EDGE_CURVE('',#9311,#9303,#9313,.T.);
#9311 = VERTEX_POINT('',#9312);
#9312 = CARTESIAN_POINT('',(-1.825,0.97,0.26));
#9313 = LINE('',#9314,#9315);
#9314 = CARTESIAN_POINT('',(-1.825,0.97,0.26));
#9315 = VECTOR('',#9316,1.);
#9316 = DIRECTION('',(1.,0.,0.));
#9317 = ORIENTED_EDGE('',*,*,#9318,.F.);
#9318 = EDGE_CURVE('',#9280,#9311,#9319,.T.);
#9319 = LINE('',#9320,#9321);
#9320 = CARTESIAN_POINT('',(-1.825,1.05,0.1));
#9321 = VECTOR('',#9322,1.);
#9322 = DIRECTION('',(0.,-0.4472135955,0.894427191));
#9323 = PLANE('',#9324);
#9324 = AXIS2_PLACEMENT_3D('',#9325,#9326,#9327);
#9325 = CARTESIAN_POINT('',(-1.825,1.05,0.1));
#9326 = DIRECTION('',(0.,-0.894427191,-0.4472135955));
#9327 = DIRECTION('',(0.,-0.4472135955,0.894427191));
#9328 = ADVANCED_FACE('',(#9329),#9354,.F.);
#9329 = FACE_BOUND('',#9330,.F.);
#9330 = EDGE_LOOP('',(#9331,#9332,#9340,#9348));
#9331 = ORIENTED_EDGE('',*,*,#9310,.T.);
#9332 = ORIENTED_EDGE('',*,*,#9333,.T.);
#9333 = EDGE_CURVE('',#9303,#9334,#9336,.T.);
#9334 = VERTEX_POINT('',#9335);
#9335 = CARTESIAN_POINT('',(-1.675,0.28,0.26));
#9336 = LINE('',#9337,#9338);
#9337 = CARTESIAN_POINT('',(-1.675,0.97,0.26));
#9338 = VECTOR('',#9339,1.);
#9339 = DIRECTION('',(0.,-1.,0.));
#9340 = ORIENTED_EDGE('',*,*,#9341,.F.);
#9341 = EDGE_CURVE('',#9342,#9334,#9344,.T.);
#9342 = VERTEX_POINT('',#9343);
#9343 = CARTESIAN_POINT('',(-1.825,0.28,0.26));
#9344 = LINE('',#9345,#9346);
#9345 = CARTESIAN_POINT('',(-1.825,0.28,0.26));
#9346 = VECTOR('',#9347,1.);
#9347 = DIRECTION('',(1.,0.,0.));
#9348 = ORIENTED_EDGE('',*,*,#9349,.F.);
#9349 = EDGE_CURVE('',#9311,#9342,#9350,.T.);
#9350 = LINE('',#9351,#9352);
#9351 = CARTESIAN_POINT('',(-1.825,0.97,0.26));
#9352 = VECTOR('',#9353,1.);
#9353 = DIRECTION('',(0.,-1.,0.));
#9354 = PLANE('',#9355);
#9355 = AXIS2_PLACEMENT_3D('',#9356,#9357,#9358);
#9356 = CARTESIAN_POINT('',(-1.825,0.97,0.26));
#9357 = DIRECTION('',(0.,0.,-1.));
#9358 = DIRECTION('',(0.,-1.,0.));
#9359 = ADVANCED_FACE('',(#9360),#9385,.F.);
#9360 = FACE_BOUND('',#9361,.F.);
#9361 = EDGE_LOOP('',(#9362,#9363,#9371,#9379));
#9362 = ORIENTED_EDGE('',*,*,#9341,.T.);
#9363 = ORIENTED_EDGE('',*,*,#9364,.T.);
#9364 = EDGE_CURVE('',#9334,#9365,#9367,.T.);
#9365 = VERTEX_POINT('',#9366);
#9366 = CARTESIAN_POINT('',(-1.675,0.22,0.42));
#9367 = LINE('',#9368,#9369);
#9368 = CARTESIAN_POINT('',(-1.675,0.28,0.26));
#9369 = VECTOR('',#9370,1.);
#9370 = DIRECTION('',(0.,-0.351123441588,0.936329177569));
#9371 = ORIENTED_EDGE('',*,*,#9372,.F.);
#9372 = EDGE_CURVE('',#9373,#9365,#9375,.T.);
#9373 = VERTEX_POINT('',#9374);
#9374 = CARTESIAN_POINT('',(-1.825,0.22,0.42));
#9375 = LINE('',#9376,#9377);
#9376 = CARTESIAN_POINT('',(-1.825,0.22,0.42));
#9377 = VECTOR('',#9378,1.);
#9378 = DIRECTION('',(1.,0.,0.));
#9379 = ORIENTED_EDGE('',*,*,#9380,.F.);
#9380 = EDGE_CURVE('',#9342,#9373,#9381,.T.);
#9381 = LINE('',#9382,#9383);
#9382 = CARTESIAN_POINT('',(-1.825,0.28,0.26));
#9383 = VECTOR('',#9384,1.);
#9384 = DIRECTION('',(0.,-0.351123441588,0.936329177569));
#9385 = PLANE('',#9386);
#9386 = AXIS2_PLACEMENT_3D('',#9387,#9388,#9389);
#9387 = CARTESIAN_POINT('',(-1.825,0.28,0.26));
#9388 = DIRECTION('',(0.,-0.936329177569,-0.351123441588));
#9389 = DIRECTION('',(0.,-0.351123441588,0.936329177569));
#9390 = ADVANCED_FACE('',(#9391),#9416,.F.);
#9391 = FACE_BOUND('',#9392,.F.);
#9392 = EDGE_LOOP('',(#9393,#9394,#9402,#9410));
#9393 = ORIENTED_EDGE('',*,*,#9372,.T.);
#9394 = ORIENTED_EDGE('',*,*,#9395,.T.);
#9395 = EDGE_CURVE('',#9365,#9396,#9398,.T.);
#9396 = VERTEX_POINT('',#9397);
#9397 = CARTESIAN_POINT('',(-1.675,0.22,0.78));
#9398 = LINE('',#9399,#9400);
#9399 = CARTESIAN_POINT('',(-1.675,0.22,0.42));
#9400 = VECTOR('',#9401,1.);
#9401 = DIRECTION('',(0.,0.,1.));
#9402 = ORIENTED_EDGE('',*,*,#9403,.F.);
#9403 = EDGE_CURVE('',#9404,#9396,#9406,.T.);
#9404 = VERTEX_POINT('',#9405);
#9405 = CARTESIAN_POINT('',(-1.825,0.22,0.78));
#9406 = LINE('',#9407,#9408);
#9407 = CARTESIAN_POINT('',(-1.825,0.22,0.78));
#9408 = VECTOR('',#9409,1.);
#9409 = DIRECTION('',(1.,0.,0.));
#9410 = ORIENTED_EDGE('',*,*,#9411,.F.);
#9411 = EDGE_CURVE('',#9373,#9404,#9412,.T.);
#9412 = LINE('',#9413,#9414);
#9413 = CARTESIAN_POINT('',(-1.825,0.22,0.42));
#9414 = VECTOR('',#9415,1.);
#9415 = DIRECTION('',(0.,0.,1.));
#9416 = PLANE('',#9417);
#9417 = AXIS2_PLACEMENT_3D('',#9418,#9419,#9420);
#9418 = CARTESIAN_POINT('',(-1.825,0.22,0.42));
#9419 = DIRECTION('',(0.,-1.,0.));
#9420 = DIRECTION('',(0.,0.,1.));
#9421 = ADVANCED_FACE('',(#9422),#9447,.F.);
#9422 = FACE_BOUND('',#9423,.F.);
#9423 = EDGE_LOOP('',(#9424,#9425,#9433,#9441));
#9424 = ORIENTED_EDGE('',*,*,#9403,.T.);
#9425 = ORIENTED_EDGE('',*,*,#9426,.T.);
#9426 = EDGE_CURVE('',#9396,#9427,#9429,.T.);
#9427 = VERTEX_POINT('',#9428);
#9428 = CARTESIAN_POINT('',(-1.675,6.E-02,0.84));
#9429 = LINE('',#9430,#9431);
#9430 = CARTESIAN_POINT('',(-1.675,0.22,0.78));
#9431 = VECTOR('',#9432,1.);
#9432 = DIRECTION('',(0.,-0.936329177569,0.351123441588));
#9433 = ORIENTED_EDGE('',*,*,#9434,.F.);
#9434 = EDGE_CURVE('',#9435,#9427,#9437,.T.);
#9435 = VERTEX_POINT('',#9436);
#9436 = CARTESIAN_POINT('',(-1.825,6.E-02,0.84));
#9437 = LINE('',#9438,#9439);
#9438 = CARTESIAN_POINT('',(-1.825,6.E-02,0.84));
#9439 = VECTOR('',#9440,1.);
#9440 = DIRECTION('',(1.,0.,0.));
#9441 = ORIENTED_EDGE('',*,*,#9442,.F.);
#9442 = EDGE_CURVE('',#9404,#9435,#9443,.T.);
#9443 = LINE('',#9444,#9445);
#9444 = CARTESIAN_POINT('',(-1.825,0.22,0.78));
#9445 = VECTOR('',#9446,1.);
#9446 = DIRECTION('',(0.,-0.936329177569,0.351123441588));
#9447 = PLANE('',#9448);
#9448 = AXIS2_PLACEMENT_3D('',#9449,#9450,#9451);
#9449 = CARTESIAN_POINT('',(-1.825,0.22,0.78));
#9450 = DIRECTION('',(0.,-0.351123441588,-0.936329177569));
#9451 = DIRECTION('',(0.,-0.936329177569,0.351123441588));
#9452 = ADVANCED_FACE('',(#9453),#9478,.F.);
#9453 = FACE_BOUND('',#9454,.F.);
#9454 = EDGE_LOOP('',(#9455,#9456,#9464,#9472));
#9455 = ORIENTED_EDGE('',*,*,#9434,.T.);
#9456 = ORIENTED_EDGE('',*,*,#9457,.T.);
#9457 = EDGE_CURVE('',#9427,#9458,#9460,.T.);
#9458 = VERTEX_POINT('',#9459);
#9459 = CARTESIAN_POINT('',(-1.675,-0.3,0.82));
#9460 = LINE('',#9461,#9462);
#9461 = CARTESIAN_POINT('',(-1.675,6.E-02,0.84));
#9462 = VECTOR('',#9463,1.);
#9463 = DIRECTION('',(0.,-0.998460353205,-5.547001962252E-02));
#9464 = ORIENTED_EDGE('',*,*,#9465,.F.);
#9465 = EDGE_CURVE('',#9466,#9458,#9468,.T.);
#9466 = VERTEX_POINT('',#9467);
#9467 = CARTESIAN_POINT('',(-1.825,-0.3,0.82));
#9468 = LINE('',#9469,#9470);
#9469 = CARTESIAN_POINT('',(-1.825,-0.3,0.82));
#9470 = VECTOR('',#9471,1.);
#9471 = DIRECTION('',(1.,0.,0.));
#9472 = ORIENTED_EDGE('',*,*,#9473,.F.);
#9473 = EDGE_CURVE('',#9435,#9466,#9474,.T.);
#9474 = LINE('',#9475,#9476);
#9475 = CARTESIAN_POINT('',(-1.825,6.E-02,0.84));
#9476 = VECTOR('',#9477,1.);
#9477 = DIRECTION('',(0.,-0.998460353205,-5.547001962252E-02));
#9478 = PLANE('',#9479);
#9479 = AXIS2_PLACEMENT_3D('',#9480,#9481,#9482);
#9480 = CARTESIAN_POINT('',(-1.825,6.E-02,0.84));
#9481 = DIRECTION('',(0.,5.547001962252E-02,-0.998460353205));
#9482 = DIRECTION('',(0.,-0.998460353205,-5.547001962252E-02));
#9483 = ADVANCED_FACE('',(#9484),#9509,.F.);
#9484 = FACE_BOUND('',#9485,.F.);
#9485 = EDGE_LOOP('',(#9486,#9487,#9495,#9503));
#9486 = ORIENTED_EDGE('',*,*,#9465,.T.);
#9487 = ORIENTED_EDGE('',*,*,#9488,.T.);
#9488 = EDGE_CURVE('',#9458,#9489,#9491,.T.);
#9489 = VERTEX_POINT('',#9490);
#9490 = CARTESIAN_POINT('',(-1.675,-1.39,0.72));
#9491 = LINE('',#9492,#9493);
#9492 = CARTESIAN_POINT('',(-1.675,-0.3,0.82));
#9493 = VECTOR('',#9494,1.);
#9494 = DIRECTION('',(0.,-0.995817981008,-9.135944779885E-02));
#9495 = ORIENTED_EDGE('',*,*,#9496,.F.);
#9496 = EDGE_CURVE('',#9497,#9489,#9499,.T.);
#9497 = VERTEX_POINT('',#9498);
#9498 = CARTESIAN_POINT('',(-1.825,-1.39,0.72));
#9499 = LINE('',#9500,#9501);
#9500 = CARTESIAN_POINT('',(-1.825,-1.39,0.72));
#9501 = VECTOR('',#9502,1.);
#9502 = DIRECTION('',(1.,0.,0.));
#9503 = ORIENTED_EDGE('',*,*,#9504,.F.);
#9504 = EDGE_CURVE('',#9466,#9497,#9505,.T.);
#9505 = LINE('',#9506,#9507);
#9506 = CARTESIAN_POINT('',(-1.825,-0.3,0.82));
#9507 = VECTOR('',#9508,1.);
#9508 = DIRECTION('',(0.,-0.995817981008,-9.135944779885E-02));
#9509 = PLANE('',#9510);
#9510 = AXIS2_PLACEMENT_3D('',#9511,#9512,#9513);
#9511 = CARTESIAN_POINT('',(-1.825,-0.3,0.82));
#9512 = DIRECTION('',(0.,9.135944779885E-02,-0.995817981008));
#9513 = DIRECTION('',(0.,-0.995817981008,-9.135944779885E-02));
#9514 = ADVANCED_FACE('',(#9515),#9540,.F.);
#9515 = FACE_BOUND('',#9516,.F.);
#9516 = EDGE_LOOP('',(#9517,#9518,#9526,#9534));
#9517 = ORIENTED_EDGE('',*,*,#9496,.T.);
#9518 = ORIENTED_EDGE('',*,*,#9519,.T.);
#9519 = EDGE_CURVE('',#9489,#9520,#9522,.T.);
#9520 = VERTEX_POINT('',#9521);
#9521 = CARTESIAN_POINT('',(-1.675,-1.47,0.68));
#9522 = LINE('',#9523,#9524);
#9523 = CARTESIAN_POINT('',(-1.675,-1.39,0.72));
#9524 = VECTOR('',#9525,1.);
#9525 = DIRECTION('',(0.,-0.894427191,-0.4472135955));
#9526 = ORIENTED_EDGE('',*,*,#9527,.F.);
#9527 = EDGE_CURVE('',#9528,#9520,#9530,.T.);
#9528 = VERTEX_POINT('',#9529);
#9529 = CARTESIAN_POINT('',(-1.825,-1.47,0.68));
#9530 = LINE('',#9531,#9532);
#9531 = CARTESIAN_POINT('',(-1.825,-1.47,0.68));
#9532 = VECTOR('',#9533,1.);
#9533 = DIRECTION('',(1.,0.,0.));
#9534 = ORIENTED_EDGE('',*,*,#9535,.F.);
#9535 = EDGE_CURVE('',#9497,#9528,#9536,.T.);
#9536 = LINE('',#9537,#9538);
#9537 = CARTESIAN_POINT('',(-1.825,-1.39,0.72));
#9538 = VECTOR('',#9539,1.);
#9539 = DIRECTION('',(0.,-0.894427191,-0.4472135955));
#9540 = PLANE('',#9541);
#9541 = AXIS2_PLACEMENT_3D('',#9542,#9543,#9544);
#9542 = CARTESIAN_POINT('',(-1.825,-1.39,0.72));
#9543 = DIRECTION('',(0.,0.4472135955,-0.894427191));
#9544 = DIRECTION('',(0.,-0.894427191,-0.4472135955));
#9545 = ADVANCED_FACE('',(#9546),#9571,.F.);
#9546 = FACE_BOUND('',#9547,.F.);
#9547 = EDGE_LOOP('',(#9548,#9549,#9557,#9565));
#9548 = ORIENTED_EDGE('',*,*,#9527,.T.);
#9549 = ORIENTED_EDGE('',*,*,#9550,.T.);
#9550 = EDGE_CURVE('',#9520,#9551,#9553,.T.);
#9551 = VERTEX_POINT('',#9552);
#9552 = CARTESIAN_POINT('',(-1.675,-1.41,0.63));
#9553 = LINE('',#9554,#9555);
#9554 = CARTESIAN_POINT('',(-1.675,-1.47,0.68));
#9555 = VECTOR('',#9556,1.);
#9556 = DIRECTION('',(0.,0.768221279597,-0.640184399664));
#9557 = ORIENTED_EDGE('',*,*,#9558,.F.);
#9558 = EDGE_CURVE('',#9559,#9551,#9561,.T.);
#9559 = VERTEX_POINT('',#9560);
#9560 = CARTESIAN_POINT('',(-1.825,-1.41,0.63));
#9561 = LINE('',#9562,#9563);
#9562 = CARTESIAN_POINT('',(-1.825,-1.41,0.63));
#9563 = VECTOR('',#9564,1.);
#9564 = DIRECTION('',(1.,0.,0.));
#9565 = ORIENTED_EDGE('',*,*,#9566,.F.);
#9566 = EDGE_CURVE('',#9528,#9559,#9567,.T.);
#9567 = LINE('',#9568,#9569);
#9568 = CARTESIAN_POINT('',(-1.825,-1.47,0.68));
#9569 = VECTOR('',#9570,1.);
#9570 = DIRECTION('',(0.,0.768221279597,-0.640184399664));
#9571 = PLANE('',#9572);
#9572 = AXIS2_PLACEMENT_3D('',#9573,#9574,#9575);
#9573 = CARTESIAN_POINT('',(-1.825,-1.47,0.68));
#9574 = DIRECTION('',(-0.,0.640184399664,0.768221279597));
#9575 = DIRECTION('',(0.,0.768221279597,-0.640184399664));
#9576 = ADVANCED_FACE('',(#9577),#9602,.F.);
#9577 = FACE_BOUND('',#9578,.F.);
#9578 = EDGE_LOOP('',(#9579,#9580,#9588,#9596));
#9579 = ORIENTED_EDGE('',*,*,#9558,.T.);
#9580 = ORIENTED_EDGE('',*,*,#9581,.T.);
#9581 = EDGE_CURVE('',#9551,#9582,#9584,.T.);
#9582 = VERTEX_POINT('',#9583);
#9583 = CARTESIAN_POINT('',(-1.675,-1.3,0.65));
#9584 = LINE('',#9585,#9586);
#9585 = CARTESIAN_POINT('',(-1.675,-1.41,0.63));
#9586 = VECTOR('',#9587,1.);
#9587 = DIRECTION('',(0.,0.9838699101,0.1788854382));
#9588 = ORIENTED_EDGE('',*,*,#9589,.F.);
#9589 = EDGE_CURVE('',#9590,#9582,#9592,.T.);
#9590 = VERTEX_POINT('',#9591);
#9591 = CARTESIAN_POINT('',(-1.825,-1.3,0.65));
#9592 = LINE('',#9593,#9594);
#9593 = CARTESIAN_POINT('',(-1.825,-1.3,0.65));
#9594 = VECTOR('',#9595,1.);
#9595 = DIRECTION('',(1.,0.,0.));
#9596 = ORIENTED_EDGE('',*,*,#9597,.F.);
#9597 = EDGE_CURVE('',#9559,#9590,#9598,.T.);
#9598 = LINE('',#9599,#9600);
#9599 = CARTESIAN_POINT('',(-1.825,-1.41,0.63));
#9600 = VECTOR('',#9601,1.);
#9601 = DIRECTION('',(0.,0.9838699101,0.1788854382));
#9602 = PLANE('',#9603);
#9603 = AXIS2_PLACEMENT_3D('',#9604,#9605,#9606);
#9604 = CARTESIAN_POINT('',(-1.825,-1.41,0.63));
#9605 = DIRECTION('',(0.,-0.1788854382,0.9838699101));
#9606 = DIRECTION('',(0.,0.9838699101,0.1788854382));
#9607 = ADVANCED_FACE('',(#9608),#9633,.F.);
#9608 = FACE_BOUND('',#9609,.F.);
#9609 = EDGE_LOOP('',(#9610,#9611,#9619,#9627));
#9610 = ORIENTED_EDGE('',*,*,#9589,.T.);
#9611 = ORIENTED_EDGE('',*,*,#9612,.T.);
#9612 = EDGE_CURVE('',#9582,#9613,#9615,.T.);
#9613 = VERTEX_POINT('',#9614);
#9614 = CARTESIAN_POINT('',(-1.675,-0.28,0.75));
#9615 = LINE('',#9616,#9617);
#9616 = CARTESIAN_POINT('',(-1.675,-1.3,0.65));
#9617 = VECTOR('',#9618,1.);
#9618 = DIRECTION('',(0.,0.99522852512,9.757142403137E-02));
#9619 = ORIENTED_EDGE('',*,*,#9620,.F.);
#9620 = EDGE_CURVE('',#9621,#9613,#9623,.T.);
#9621 = VERTEX_POINT('',#9622);
#9622 = CARTESIAN_POINT('',(-1.825,-0.28,0.75));
#9623 = LINE('',#9624,#9625);
#9624 = CARTESIAN_POINT('',(-1.825,-0.28,0.75));
#9625 = VECTOR('',#9626,1.);
#9626 = DIRECTION('',(1.,0.,0.));
#9627 = ORIENTED_EDGE('',*,*,#9628,.F.);
#9628 = EDGE_CURVE('',#9590,#9621,#9629,.T.);
#9629 = LINE('',#9630,#9631);
#9630 = CARTESIAN_POINT('',(-1.825,-1.3,0.65));
#9631 = VECTOR('',#9632,1.);
#9632 = DIRECTION('',(0.,0.99522852512,9.757142403137E-02));
#9633 = PLANE('',#9634);
#9634 = AXIS2_PLACEMENT_3D('',#9635,#9636,#9637);
#9635 = CARTESIAN_POINT('',(-1.825,-1.3,0.65));
#9636 = DIRECTION('',(0.,-9.757142403137E-02,0.99522852512));
#9637 = DIRECTION('',(0.,0.99522852512,9.757142403137E-02));
#9638 = ADVANCED_FACE('',(#9639),#9664,.F.);
#9639 = FACE_BOUND('',#9640,.F.);
#9640 = EDGE_LOOP('',(#9641,#9642,#9650,#9658));
#9641 = ORIENTED_EDGE('',*,*,#9620,.T.);
#9642 = ORIENTED_EDGE('',*,*,#9643,.T.);
#9643 = EDGE_CURVE('',#9613,#9644,#9646,.T.);
#9644 = VERTEX_POINT('',#9645);
#9645 = CARTESIAN_POINT('',(-1.675,0.12,0.75));
#9646 = LINE('',#9647,#9648);
#9647 = CARTESIAN_POINT('',(-1.675,-0.28,0.75));
#9648 = VECTOR('',#9649,1.);
#9649 = DIRECTION('',(0.,1.,0.));
#9650 = ORIENTED_EDGE('',*,*,#9651,.F.);
#9651 = EDGE_CURVE('',#9652,#9644,#9654,.T.);
#9652 = VERTEX_POINT('',#9653);
#9653 = CARTESIAN_POINT('',(-1.825,0.12,0.75));
#9654 = LINE('',#9655,#9656);
#9655 = CARTESIAN_POINT('',(-1.825,0.12,0.75));
#9656 = VECTOR('',#9657,1.);
#9657 = DIRECTION('',(1.,0.,0.));
#9658 = ORIENTED_EDGE('',*,*,#9659,.F.);
#9659 = EDGE_CURVE('',#9621,#9652,#9660,.T.);
#9660 = LINE('',#9661,#9662);
#9661 = CARTESIAN_POINT('',(-1.825,-0.28,0.75));
#9662 = VECTOR('',#9663,1.);
#9663 = DIRECTION('',(0.,1.,0.));
#9664 = PLANE('',#9665);
#9665 = AXIS2_PLACEMENT_3D('',#9666,#9667,#9668);
#9666 = CARTESIAN_POINT('',(-1.825,-0.28,0.75));
#9667 = DIRECTION('',(0.,0.,1.));
#9668 = DIRECTION('',(0.,1.,0.));
#9669 = ADVANCED_FACE('',(#9670),#9695,.F.);
#9670 = FACE_BOUND('',#9671,.F.);
#9671 = EDGE_LOOP('',(#9672,#9673,#9681,#9689));
#9672 = ORIENTED_EDGE('',*,*,#9651,.T.);
#9673 = ORIENTED_EDGE('',*,*,#9674,.T.);
#9674 = EDGE_CURVE('',#9644,#9675,#9677,.T.);
#9675 = VERTEX_POINT('',#9676);
#9676 = CARTESIAN_POINT('',(-1.675,0.12,0.43));
#9677 = LINE('',#9678,#9679);
#9678 = CARTESIAN_POINT('',(-1.675,0.12,0.75));
#9679 = VECTOR('',#9680,1.);
#9680 = DIRECTION('',(0.,0.,-1.));
#9681 = ORIENTED_EDGE('',*,*,#9682,.F.);
#9682 = EDGE_CURVE('',#9683,#9675,#9685,.T.);
#9683 = VERTEX_POINT('',#9684);
#9684 = CARTESIAN_POINT('',(-1.825,0.12,0.43));
#9685 = LINE('',#9686,#9687);
#9686 = CARTESIAN_POINT('',(-1.825,0.12,0.43));
#9687 = VECTOR('',#9688,1.);
#9688 = DIRECTION('',(1.,0.,0.));
#9689 = ORIENTED_EDGE('',*,*,#9690,.F.);
#9690 = EDGE_CURVE('',#9652,#9683,#9691,.T.);
#9691 = LINE('',#9692,#9693);
#9692 = CARTESIAN_POINT('',(-1.825,0.12,0.75));
#9693 = VECTOR('',#9694,1.);
#9694 = DIRECTION('',(0.,0.,-1.));
#9695 = PLANE('',#9696);
#9696 = AXIS2_PLACEMENT_3D('',#9697,#9698,#9699);
#9697 = CARTESIAN_POINT('',(-1.825,0.12,0.75));
#9698 = DIRECTION('',(-0.,1.,0.));
#9699 = DIRECTION('',(0.,0.,-1.));
#9700 = ADVANCED_FACE('',(#9701),#9726,.F.);
#9701 = FACE_BOUND('',#9702,.F.);
#9702 = EDGE_LOOP('',(#9703,#9704,#9712,#9720));
#9703 = ORIENTED_EDGE('',*,*,#9682,.T.);
#9704 = ORIENTED_EDGE('',*,*,#9705,.T.);
#9705 = EDGE_CURVE('',#9675,#9706,#9708,.T.);
#9706 = VERTEX_POINT('',#9707);
#9707 = CARTESIAN_POINT('',(-1.675,-0.44,0.43));
#9708 = LINE('',#9709,#9710);
#9709 = CARTESIAN_POINT('',(-1.675,0.12,0.43));
#9710 = VECTOR('',#9711,1.);
#9711 = DIRECTION('',(0.,-1.,0.));
#9712 = ORIENTED_EDGE('',*,*,#9713,.F.);
#9713 = EDGE_CURVE('',#9714,#9706,#9716,.T.);
#9714 = VERTEX_POINT('',#9715);
#9715 = CARTESIAN_POINT('',(-1.825,-0.44,0.43));
#9716 = LINE('',#9717,#9718);
#9717 = CARTESIAN_POINT('',(-1.825,-0.44,0.43));
#9718 = VECTOR('',#9719,1.);
#9719 = DIRECTION('',(1.,0.,0.));
#9720 = ORIENTED_EDGE('',*,*,#9721,.F.);
#9721 = EDGE_CURVE('',#9683,#9714,#9722,.T.);
#9722 = LINE('',#9723,#9724);
#9723 = CARTESIAN_POINT('',(-1.825,0.12,0.43));
#9724 = VECTOR('',#9725,1.);
#9725 = DIRECTION('',(0.,-1.,0.));
#9726 = PLANE('',#9727);
#9727 = AXIS2_PLACEMENT_3D('',#9728,#9729,#9730);
#9728 = CARTESIAN_POINT('',(-1.825,0.12,0.43));
#9729 = DIRECTION('',(0.,0.,-1.));
#9730 = DIRECTION('',(0.,-1.,0.));
#9731 = ADVANCED_FACE('',(#9732),#9757,.F.);
#9732 = FACE_BOUND('',#9733,.F.);
#9733 = EDGE_LOOP('',(#9734,#9735,#9743,#9751));
#9734 = ORIENTED_EDGE('',*,*,#9713,.T.);
#9735 = ORIENTED_EDGE('',*,*,#9736,.T.);
#9736 = EDGE_CURVE('',#9706,#9737,#9739,.T.);
#9737 = VERTEX_POINT('',#9738);
#9738 = CARTESIAN_POINT('',(-1.675,-0.76,0.36));
#9739 = LINE('',#9740,#9741);
#9740 = CARTESIAN_POINT('',(-1.675,-0.44,0.43));
#9741 = VECTOR('',#9742,1.);
#9742 = DIRECTION('',(0.,-0.976900017396,-0.213696878805));
#9743 = ORIENTED_EDGE('',*,*,#9744,.F.);
#9744 = EDGE_CURVE('',#9745,#9737,#9747,.T.);
#9745 = VERTEX_POINT('',#9746);
#9746 = CARTESIAN_POINT('',(-1.825,-0.76,0.36));
#9747 = LINE('',#9748,#9749);
#9748 = CARTESIAN_POINT('',(-1.825,-0.76,0.36));
#9749 = VECTOR('',#9750,1.);
#9750 = DIRECTION('',(1.,0.,0.));
#9751 = ORIENTED_EDGE('',*,*,#9752,.F.);
#9752 = EDGE_CURVE('',#9714,#9745,#9753,.T.);
#9753 = LINE('',#9754,#9755);
#9754 = CARTESIAN_POINT('',(-1.825,-0.44,0.43));
#9755 = VECTOR('',#9756,1.);
#9756 = DIRECTION('',(0.,-0.976900017396,-0.213696878805));
#9757 = PLANE('',#9758);
#9758 = AXIS2_PLACEMENT_3D('',#9759,#9760,#9761);
#9759 = CARTESIAN_POINT('',(-1.825,-0.44,0.43));
#9760 = DIRECTION('',(0.,0.213696878805,-0.976900017396));
#9761 = DIRECTION('',(0.,-0.976900017396,-0.213696878805));
#9762 = ADVANCED_FACE('',(#9763),#9788,.F.);
#9763 = FACE_BOUND('',#9764,.F.);
#9764 = EDGE_LOOP('',(#9765,#9766,#9774,#9782));
#9765 = ORIENTED_EDGE('',*,*,#9744,.T.);
#9766 = ORIENTED_EDGE('',*,*,#9767,.T.);
#9767 = EDGE_CURVE('',#9737,#9768,#9770,.T.);
#9768 = VERTEX_POINT('',#9769);
#9769 = CARTESIAN_POINT('',(-1.675,-1.37,0.35));
#9770 = LINE('',#9771,#9772);
#9771 = CARTESIAN_POINT('',(-1.675,-0.76,0.36));
#9772 = VECTOR('',#9773,1.);
#9773 = DIRECTION('',(0.,-0.999865654597,-1.63912402393E-02));
#9774 = ORIENTED_EDGE('',*,*,#9775,.F.);
#9775 = EDGE_CURVE('',#9776,#9768,#9778,.T.);
#9776 = VERTEX_POINT('',#9777);
#9777 = CARTESIAN_POINT('',(-1.825,-1.37,0.35));
#9778 = LINE('',#9779,#9780);
#9779 = CARTESIAN_POINT('',(-1.825,-1.37,0.35));
#9780 = VECTOR('',#9781,1.);
#9781 = DIRECTION('',(1.,0.,0.));
#9782 = ORIENTED_EDGE('',*,*,#9783,.F.);
#9783 = EDGE_CURVE('',#9745,#9776,#9784,.T.);
#9784 = LINE('',#9785,#9786);
#9785 = CARTESIAN_POINT('',(-1.825,-0.76,0.36));
#9786 = VECTOR('',#9787,1.);
#9787 = DIRECTION('',(0.,-0.999865654597,-1.63912402393E-02));
#9788 = PLANE('',#9789);
#9789 = AXIS2_PLACEMENT_3D('',#9790,#9791,#9792);
#9790 = CARTESIAN_POINT('',(-1.825,-0.76,0.36));
#9791 = DIRECTION('',(0.,1.63912402393E-02,-0.999865654597));
#9792 = DIRECTION('',(0.,-0.999865654597,-1.63912402393E-02));
#9793 = ADVANCED_FACE('',(#9794),#9810,.F.);
#9794 = FACE_BOUND('',#9795,.F.);
#9795 = EDGE_LOOP('',(#9796,#9797,#9803,#9804));
#9796 = ORIENTED_EDGE('',*,*,#9775,.T.);
#9797 = ORIENTED_EDGE('',*,*,#9798,.T.);
#9798 = EDGE_CURVE('',#9768,#8954,#9799,.T.);
#9799 = LINE('',#9800,#9801);
#9800 = CARTESIAN_POINT('',(-1.675,-1.37,0.35));
#9801 = VECTOR('',#9802,1.);
#9802 = DIRECTION('',(0.,-0.894427191,-0.4472135955));
#9803 = ORIENTED_EDGE('',*,*,#8951,.F.);
#9804 = ORIENTED_EDGE('',*,*,#9805,.F.);
#9805 = EDGE_CURVE('',#9776,#8952,#9806,.T.);
#9806 = LINE('',#9807,#9808);
#9807 = CARTESIAN_POINT('',(-1.825,-1.37,0.35));
#9808 = VECTOR('',#9809,1.);
#9809 = DIRECTION('',(0.,-0.894427191,-0.4472135955));
#9810 = PLANE('',#9811);
#9811 = AXIS2_PLACEMENT_3D('',#9812,#9813,#9814);
#9812 = CARTESIAN_POINT('',(-1.825,-1.37,0.35));
#9813 = DIRECTION('',(0.,0.4472135955,-0.894427191));
#9814 = DIRECTION('',(0.,-0.894427191,-0.4472135955));
#9815 = ADVANCED_FACE('',(#9816),#9846,.F.);
#9816 = FACE_BOUND('',#9817,.F.);
#9817 = EDGE_LOOP('',(#9818,#9819,#9820,#9821,#9822,#9823,#9824,#9825,
    #9826,#9827,#9828,#9829,#9830,#9831,#9832,#9833,#9834,#9835,#9836,
    #9837,#9838,#9839,#9840,#9841,#9842,#9843,#9844,#9845));
#9818 = ORIENTED_EDGE('',*,*,#8977,.T.);
#9819 = ORIENTED_EDGE('',*,*,#9008,.T.);
#9820 = ORIENTED_EDGE('',*,*,#9039,.T.);
#9821 = ORIENTED_EDGE('',*,*,#9070,.T.);
#9822 = ORIENTED_EDGE('',*,*,#9101,.T.);
#9823 = ORIENTED_EDGE('',*,*,#9132,.T.);
#9824 = ORIENTED_EDGE('',*,*,#9163,.T.);
#9825 = ORIENTED_EDGE('',*,*,#9194,.T.);
#9826 = ORIENTED_EDGE('',*,*,#9225,.T.);
#9827 = ORIENTED_EDGE('',*,*,#9256,.T.);
#9828 = ORIENTED_EDGE('',*,*,#9287,.T.);
#9829 = ORIENTED_EDGE('',*,*,#9318,.T.);
#9830 = ORIENTED_EDGE('',*,*,#9349,.T.);
#9831 = ORIENTED_EDGE('',*,*,#9380,.T.);
#9832 = ORIENTED_EDGE('',*,*,#9411,.T.);
#9833 = ORIENTED_EDGE('',*,*,#9442,.T.);
#9834 = ORIENTED_EDGE('',*,*,#9473,.T.);
#9835 = ORIENTED_EDGE('',*,*,#9504,.T.);
#9836 = ORIENTED_EDGE('',*,*,#9535,.T.);
#9837 = ORIENTED_EDGE('',*,*,#9566,.T.);
#9838 = ORIENTED_EDGE('',*,*,#9597,.T.);
#9839 = ORIENTED_EDGE('',*,*,#9628,.T.);
#9840 = ORIENTED_EDGE('',*,*,#9659,.T.);
#9841 = ORIENTED_EDGE('',*,*,#9690,.T.);
#9842 = ORIENTED_EDGE('',*,*,#9721,.T.);
#9843 = ORIENTED_EDGE('',*,*,#9752,.T.);
#9844 = ORIENTED_EDGE('',*,*,#9783,.T.);
#9845 = ORIENTED_EDGE('',*,*,#9805,.T.);
#9846 = PLANE('',#9847);
#9847 = AXIS2_PLACEMENT_3D('',#9848,#9849,#9850);
#9848 = CARTESIAN_POINT('',(-1.825,-0.200937564723,0.444942085346));
#9849 = DIRECTION('',(1.,0.,0.));
#9850 = DIRECTION('',(-0.,0.,1.));
#9851 = ADVANCED_FACE('',(#9852),#9882,.T.);
#9852 = FACE_BOUND('',#9853,.T.);
#9853 = EDGE_LOOP('',(#9854,#9855,#9856,#9857,#9858,#9859,#9860,#9861,
    #9862,#9863,#9864,#9865,#9866,#9867,#9868,#9869,#9870,#9871,#9872,
    #9873,#9874,#9875,#9876,#9877,#9878,#9879,#9880,#9881));
#9854 = ORIENTED_EDGE('',*,*,#8961,.T.);
#9855 = ORIENTED_EDGE('',*,*,#8992,.T.);
#9856 = ORIENTED_EDGE('',*,*,#9023,.T.);
#9857 = ORIENTED_EDGE('',*,*,#9054,.T.);
#9858 = ORIENTED_EDGE('',*,*,#9085,.T.);
#9859 = ORIENTED_EDGE('',*,*,#9116,.T.);
#9860 = ORIENTED_EDGE('',*,*,#9147,.T.);
#9861 = ORIENTED_EDGE('',*,*,#9178,.T.);
#9862 = ORIENTED_EDGE('',*,*,#9209,.T.);
#9863 = ORIENTED_EDGE('',*,*,#9240,.T.);
#9864 = ORIENTED_EDGE('',*,*,#9271,.T.);
#9865 = ORIENTED_EDGE('',*,*,#9302,.T.);
#9866 = ORIENTED_EDGE('',*,*,#9333,.T.);
#9867 = ORIENTED_EDGE('',*,*,#9364,.T.);
#9868 = ORIENTED_EDGE('',*,*,#9395,.T.);
#9869 = ORIENTED_EDGE('',*,*,#9426,.T.);
#9870 = ORIENTED_EDGE('',*,*,#9457,.T.);
#9871 = ORIENTED_EDGE('',*,*,#9488,.T.);
#9872 = ORIENTED_EDGE('',*,*,#9519,.T.);
#9873 = ORIENTED_EDGE('',*,*,#9550,.T.);
#9874 = ORIENTED_EDGE('',*,*,#9581,.T.);
#9875 = ORIENTED_EDGE('',*,*,#9612,.T.);
#9876 = ORIENTED_EDGE('',*,*,#9643,.T.);
#9877 = ORIENTED_EDGE('',*,*,#9674,.T.);
#9878 = ORIENTED_EDGE('',*,*,#9705,.T.);
#9879 = ORIENTED_EDGE('',*,*,#9736,.T.);
#9880 = ORIENTED_EDGE('',*,*,#9767,.T.);
#9881 = ORIENTED_EDGE('',*,*,#9798,.T.);
#9882 = PLANE('',#9883);
#9883 = AXIS2_PLACEMENT_3D('',#9884,#9885,#9886);
#9884 = CARTESIAN_POINT('',(-1.675,-0.200937564723,0.444942085346));
#9885 = DIRECTION('',(1.,0.,0.));
#9886 = DIRECTION('',(-0.,0.,1.));
#9887 = ( GEOMETRIC_REPRESENTATION_CONTEXT(3)
GLOBAL_UNCERTAINTY_ASSIGNED_CONTEXT((#9891))
GLOBAL_UNIT_ASSIGNED_CONTEXT((#9888,#9889,#9890)) REPRESENTATION_CONTEXT
('Context #1','3D Context with UNIT and UNCERTAINTY') );
#9888 = ( LENGTH_UNIT() NAMED_UNIT(*) SI_UNIT(.MILLI.,.METRE.) );
#9889 = ( NAMED_UNIT(*) PLANE_ANGLE_UNIT() SI_UNIT($,.RADIAN.) );
#9890 = ( NAMED_UNIT(*) SI_UNIT($,.STERADIAN.) SOLID_ANGLE_UNIT() );
#9891 = UNCERTAINTY_MEASURE_WITH_UNIT(LENGTH_MEASURE(1.E-07),#9888,
  'distance_accuracy_value','confusion accuracy');
#9892 = CONTEXT_DEPENDENT_SHAPE_REPRESENTATION(#9893,#9895);
#9893 = ( REPRESENTATION_RELATIONSHIP('','',#8944,#10)
REPRESENTATION_RELATIONSHIP_WITH_TRANSFORMATION(#9894)
SHAPE_REPRESENTATION_RELATIONSHIP() );
#9894 = ITEM_DEFINED_TRANSFORMATION('','',#11,#31);
#9895 = PRODUCT_DEFINITION_SHAPE('Placement','Placement of an item',
  #9896);
#9896 = NEXT_ASSEMBLY_USAGE_OCCURRENCE('5','Gold_contact_03','',#5,#8939
  ,$);
#9897 = PRODUCT_RELATED_PRODUCT_CATEGORY('part',$,(#8941));
#9898 = SHAPE_DEFINITION_REPRESENTATION(#9899,#9905);
#9899 = PRODUCT_DEFINITION_SHAPE('','',#9900);
#9900 = PRODUCT_DEFINITION('design','',#9901,#9904);
#9901 = PRODUCT_DEFINITION_FORMATION('','',#9902);
#9902 = PRODUCT('Gold_contact_04','Gold_contact_04','',(#9903));
#9903 = PRODUCT_CONTEXT('',#2,'mechanical');
#9904 = PRODUCT_DEFINITION_CONTEXT('part definition',#2,'design');
#9905 = ADVANCED_BREP_SHAPE_REPRESENTATION('',(#11,#9906),#10848);
#9906 = MANIFOLD_SOLID_BREP('',#9907);
#9907 = CLOSED_SHELL('',(#9908,#9948,#9979,#10010,#10041,#10072,#10103,
    #10134,#10165,#10196,#10227,#10258,#10289,#10320,#10351,#10382,
    #10413,#10444,#10475,#10506,#10537,#10568,#10599,#10630,#10661,
    #10692,#10723,#10754,#10776,#10812));
#9908 = ADVANCED_FACE('',(#9909),#9943,.F.);
#9909 = FACE_BOUND('',#9910,.F.);
#9910 = EDGE_LOOP('',(#9911,#9921,#9929,#9937));
#9911 = ORIENTED_EDGE('',*,*,#9912,.T.);
#9912 = EDGE_CURVE('',#9913,#9915,#9917,.T.);
#9913 = VERTEX_POINT('',#9914);
#9914 = CARTESIAN_POINT('',(-1.325,-1.47,0.3));
#9915 = VERTEX_POINT('',#9916);
#9916 = CARTESIAN_POINT('',(-1.175,-1.47,0.3));
#9917 = LINE('',#9918,#9919);
#9918 = CARTESIAN_POINT('',(-1.325,-1.47,0.3));
#9919 = VECTOR('',#9920,1.);
#9920 = DIRECTION('',(1.,0.,0.));
#9921 = ORIENTED_EDGE('',*,*,#9922,.T.);
#9922 = EDGE_CURVE('',#9915,#9923,#9925,.T.);
#9923 = VERTEX_POINT('',#9924);
#9924 = CARTESIAN_POINT('',(-1.175,-1.39,0.27));
#9925 = LINE('',#9926,#9927);
#9926 = CARTESIAN_POINT('',(-1.175,-1.47,0.3));
#9927 = VECTOR('',#9928,1.);
#9928 = DIRECTION('',(0.,0.936329177569,-0.351123441588));
#9929 = ORIENTED_EDGE('',*,*,#9930,.F.);
#9930 = EDGE_CURVE('',#9931,#9923,#9933,.T.);
#9931 = VERTEX_POINT('',#9932);
#9932 = CARTESIAN_POINT('',(-1.325,-1.39,0.27));
#9933 = LINE('',#9934,#9935);
#9934 = CARTESIAN_POINT('',(-1.325,-1.39,0.27));
#9935 = VECTOR('',#9936,1.);
#9936 = DIRECTION('',(1.,0.,0.));
#9937 = ORIENTED_EDGE('',*,*,#9938,.F.);
#9938 = EDGE_CURVE('',#9913,#9931,#9939,.T.);
#9939 = LINE('',#9940,#9941);
#9940 = CARTESIAN_POINT('',(-1.325,-1.47,0.3));
#9941 = VECTOR('',#9942,1.);
#9942 = DIRECTION('',(0.,0.936329177569,-0.351123441588));
#9943 = PLANE('',#9944);
#9944 = AXIS2_PLACEMENT_3D('',#9945,#9946,#9947);
#9945 = CARTESIAN_POINT('',(-1.325,-1.47,0.3));
#9946 = DIRECTION('',(-0.,0.351123441588,0.936329177569));
#9947 = DIRECTION('',(0.,0.936329177569,-0.351123441588));
#9948 = ADVANCED_FACE('',(#9949),#9974,.F.);
#9949 = FACE_BOUND('',#9950,.F.);
#9950 = EDGE_LOOP('',(#9951,#9952,#9960,#9968));
#9951 = ORIENTED_EDGE('',*,*,#9930,.T.);
#9952 = ORIENTED_EDGE('',*,*,#9953,.T.);
#9953 = EDGE_CURVE('',#9923,#9954,#9956,.T.);
#9954 = VERTEX_POINT('',#9955);
#9955 = CARTESIAN_POINT('',(-1.175,-0.76,0.29));
#9956 = LINE('',#9957,#9958);
#9957 = CARTESIAN_POINT('',(-1.175,-1.39,0.27));
#9958 = VECTOR('',#9959,1.);
#9959 = DIRECTION('',(0.,0.999496475295,3.173004683477E-02));
#9960 = ORIENTED_EDGE('',*,*,#9961,.F.);
#9961 = EDGE_CURVE('',#9962,#9954,#9964,.T.);
#9962 = VERTEX_POINT('',#9963);
#9963 = CARTESIAN_POINT('',(-1.325,-0.76,0.29));
#9964 = LINE('',#9965,#9966);
#9965 = CARTESIAN_POINT('',(-1.325,-0.76,0.29));
#9966 = VECTOR('',#9967,1.);
#9967 = DIRECTION('',(1.,0.,0.));
#9968 = ORIENTED_EDGE('',*,*,#9969,.F.);
#9969 = EDGE_CURVE('',#9931,#9962,#9970,.T.);
#9970 = LINE('',#9971,#9972);
#9971 = CARTESIAN_POINT('',(-1.325,-1.39,0.27));
#9972 = VECTOR('',#9973,1.);
#9973 = DIRECTION('',(0.,0.999496475295,3.173004683477E-02));
#9974 = PLANE('',#9975);
#9975 = AXIS2_PLACEMENT_3D('',#9976,#9977,#9978);
#9976 = CARTESIAN_POINT('',(-1.325,-1.39,0.27));
#9977 = DIRECTION('',(0.,-3.173004683477E-02,0.999496475295));
#9978 = DIRECTION('',(0.,0.999496475295,3.173004683477E-02));
#9979 = ADVANCED_FACE('',(#9980),#10005,.F.);
#9980 = FACE_BOUND('',#9981,.F.);
#9981 = EDGE_LOOP('',(#9982,#9983,#9991,#9999));
#9982 = ORIENTED_EDGE('',*,*,#9961,.T.);
#9983 = ORIENTED_EDGE('',*,*,#9984,.T.);
#9984 = EDGE_CURVE('',#9954,#9985,#9987,.T.);
#9985 = VERTEX_POINT('',#9986);
#9986 = CARTESIAN_POINT('',(-1.175,-0.48,0.34));
#9987 = LINE('',#9988,#9989);
#9988 = CARTESIAN_POINT('',(-1.175,-0.76,0.29));
#9989 = VECTOR('',#9990,1.);
#9990 = DIRECTION('',(0.,0.984427575508,0.175790638484));
#9991 = ORIENTED_EDGE('',*,*,#9992,.F.);
#9992 = EDGE_CURVE('',#9993,#9985,#9995,.T.);
#9993 = VERTEX_POINT('',#9994);
#9994 = CARTESIAN_POINT('',(-1.325,-0.48,0.34));
#9995 = LINE('',#9996,#9997);
#9996 = CARTESIAN_POINT('',(-1.325,-0.48,0.34));
#9997 = VECTOR('',#9998,1.);
#9998 = DIRECTION('',(1.,0.,0.));
#9999 = ORIENTED_EDGE('',*,*,#10000,.F.);
#10000 = EDGE_CURVE('',#9962,#9993,#10001,.T.);
#10001 = LINE('',#10002,#10003);
#10002 = CARTESIAN_POINT('',(-1.325,-0.76,0.29));
#10003 = VECTOR('',#10004,1.);
#10004 = DIRECTION('',(0.,0.984427575508,0.175790638484));
#10005 = PLANE('',#10006);
#10006 = AXIS2_PLACEMENT_3D('',#10007,#10008,#10009);
#10007 = CARTESIAN_POINT('',(-1.325,-0.76,0.29));
#10008 = DIRECTION('',(0.,-0.175790638484,0.984427575508));
#10009 = DIRECTION('',(0.,0.984427575508,0.175790638484));
#10010 = ADVANCED_FACE('',(#10011),#10036,.F.);
#10011 = FACE_BOUND('',#10012,.F.);
#10012 = EDGE_LOOP('',(#10013,#10014,#10022,#10030));
#10013 = ORIENTED_EDGE('',*,*,#9992,.T.);
#10014 = ORIENTED_EDGE('',*,*,#10015,.T.);
#10015 = EDGE_CURVE('',#9985,#10016,#10018,.T.);
#10016 = VERTEX_POINT('',#10017);
#10017 = CARTESIAN_POINT('',(-1.175,5.E-02,0.34));
#10018 = LINE('',#10019,#10020);
#10019 = CARTESIAN_POINT('',(-1.175,-0.48,0.34));
#10020 = VECTOR('',#10021,1.);
#10021 = DIRECTION('',(0.,1.,0.));
#10022 = ORIENTED_EDGE('',*,*,#10023,.F.);
#10023 = EDGE_CURVE('',#10024,#10016,#10026,.T.);
#10024 = VERTEX_POINT('',#10025);
#10025 = CARTESIAN_POINT('',(-1.325,5.E-02,0.34));
#10026 = LINE('',#10027,#10028);
#10027 = CARTESIAN_POINT('',(-1.325,5.E-02,0.34));
#10028 = VECTOR('',#10029,1.);
#10029 = DIRECTION('',(1.,0.,0.));
#10030 = ORIENTED_EDGE('',*,*,#10031,.F.);
#10031 = EDGE_CURVE('',#9993,#10024,#10032,.T.);
#10032 = LINE('',#10033,#10034);
#10033 = CARTESIAN_POINT('',(-1.325,-0.48,0.34));
#10034 = VECTOR('',#10035,1.);
#10035 = DIRECTION('',(0.,1.,0.));
#10036 = PLANE('',#10037);
#10037 = AXIS2_PLACEMENT_3D('',#10038,#10039,#10040);
#10038 = CARTESIAN_POINT('',(-1.325,-0.48,0.34));
#10039 = DIRECTION('',(0.,0.,1.));
#10040 = DIRECTION('',(0.,1.,0.));
#10041 = ADVANCED_FACE('',(#10042),#10067,.F.);
#10042 = FACE_BOUND('',#10043,.F.);
#10043 = EDGE_LOOP('',(#10044,#10045,#10053,#10061));
#10044 = ORIENTED_EDGE('',*,*,#10023,.T.);
#10045 = ORIENTED_EDGE('',*,*,#10046,.T.);
#10046 = EDGE_CURVE('',#10016,#10047,#10049,.T.);
#10047 = VERTEX_POINT('',#10048);
#10048 = CARTESIAN_POINT('',(-1.175,0.17,0.29));
#10049 = LINE('',#10050,#10051);
#10050 = CARTESIAN_POINT('',(-1.175,5.E-02,0.34));
#10051 = VECTOR('',#10052,1.);
#10052 = DIRECTION('',(0.,0.923076923077,-0.384615384615));
#10053 = ORIENTED_EDGE('',*,*,#10054,.F.);
#10054 = EDGE_CURVE('',#10055,#10047,#10057,.T.);
#10055 = VERTEX_POINT('',#10056);
#10056 = CARTESIAN_POINT('',(-1.325,0.17,0.29));
#10057 = LINE('',#10058,#10059);
#10058 = CARTESIAN_POINT('',(-1.325,0.17,0.29));
#10059 = VECTOR('',#10060,1.);
#10060 = DIRECTION('',(1.,0.,0.));
#10061 = ORIENTED_EDGE('',*,*,#10062,.F.);
#10062 = EDGE_CURVE('',#10024,#10055,#10063,.T.);
#10063 = LINE('',#10064,#10065);
#10064 = CARTESIAN_POINT('',(-1.325,5.E-02,0.34));
#10065 = VECTOR('',#10066,1.);
#10066 = DIRECTION('',(0.,0.923076923077,-0.384615384615));
#10067 = PLANE('',#10068);
#10068 = AXIS2_PLACEMENT_3D('',#10069,#10070,#10071);
#10069 = CARTESIAN_POINT('',(-1.325,5.E-02,0.34));
#10070 = DIRECTION('',(-0.,0.384615384615,0.923076923077));
#10071 = DIRECTION('',(0.,0.923076923077,-0.384615384615));
#10072 = ADVANCED_FACE('',(#10073),#10098,.F.);
#10073 = FACE_BOUND('',#10074,.F.);
#10074 = EDGE_LOOP('',(#10075,#10076,#10084,#10092));
#10075 = ORIENTED_EDGE('',*,*,#10054,.T.);
#10076 = ORIENTED_EDGE('',*,*,#10077,.T.);
#10077 = EDGE_CURVE('',#10047,#10078,#10080,.T.);
#10078 = VERTEX_POINT('',#10079);
#10079 = CARTESIAN_POINT('',(-1.175,0.2,0.18));
#10080 = LINE('',#10081,#10082);
#10081 = CARTESIAN_POINT('',(-1.175,0.17,0.29));
#10082 = VECTOR('',#10083,1.);
#10083 = DIRECTION('',(0.,0.263117405792,-0.964763821238));
#10084 = ORIENTED_EDGE('',*,*,#10085,.F.);
#10085 = EDGE_CURVE('',#10086,#10078,#10088,.T.);
#10086 = VERTEX_POINT('',#10087);
#10087 = CARTESIAN_POINT('',(-1.325,0.2,0.18));
#10088 = LINE('',#10089,#10090);
#10089 = CARTESIAN_POINT('',(-1.325,0.2,0.18));
#10090 = VECTOR('',#10091,1.);
#10091 = DIRECTION('',(1.,0.,0.));
#10092 = ORIENTED_EDGE('',*,*,#10093,.F.);
#10093 = EDGE_CURVE('',#10055,#10086,#10094,.T.);
#10094 = LINE('',#10095,#10096);
#10095 = CARTESIAN_POINT('',(-1.325,0.17,0.29));
#10096 = VECTOR('',#10097,1.);
#10097 = DIRECTION('',(0.,0.263117405792,-0.964763821238));
#10098 = PLANE('',#10099);
#10099 = AXIS2_PLACEMENT_3D('',#10100,#10101,#10102);
#10100 = CARTESIAN_POINT('',(-1.325,0.17,0.29));
#10101 = DIRECTION('',(-0.,0.964763821238,0.263117405792));
#10102 = DIRECTION('',(0.,0.263117405792,-0.964763821238));
#10103 = ADVANCED_FACE('',(#10104),#10129,.F.);
#10104 = FACE_BOUND('',#10105,.F.);
#10105 = EDGE_LOOP('',(#10106,#10107,#10115,#10123));
#10106 = ORIENTED_EDGE('',*,*,#10085,.T.);
#10107 = ORIENTED_EDGE('',*,*,#10108,.T.);
#10108 = EDGE_CURVE('',#10078,#10109,#10111,.T.);
#10109 = VERTEX_POINT('',#10110);
#10110 = CARTESIAN_POINT('',(-1.175,0.88,0.18));
#10111 = LINE('',#10112,#10113);
#10112 = CARTESIAN_POINT('',(-1.175,0.2,0.18));
#10113 = VECTOR('',#10114,1.);
#10114 = DIRECTION('',(0.,1.,0.));
#10115 = ORIENTED_EDGE('',*,*,#10116,.F.);
#10116 = EDGE_CURVE('',#10117,#10109,#10119,.T.);
#10117 = VERTEX_POINT('',#10118);
#10118 = CARTESIAN_POINT('',(-1.325,0.88,0.18));
#10119 = LINE('',#10120,#10121);
#10120 = CARTESIAN_POINT('',(-1.325,0.88,0.18));
#10121 = VECTOR('',#10122,1.);
#10122 = DIRECTION('',(1.,0.,0.));
#10123 = ORIENTED_EDGE('',*,*,#10124,.F.);
#10124 = EDGE_CURVE('',#10086,#10117,#10125,.T.);
#10125 = LINE('',#10126,#10127);
#10126 = CARTESIAN_POINT('',(-1.325,0.2,0.18));
#10127 = VECTOR('',#10128,1.);
#10128 = DIRECTION('',(0.,1.,0.));
#10129 = PLANE('',#10130);
#10130 = AXIS2_PLACEMENT_3D('',#10131,#10132,#10133);
#10131 = CARTESIAN_POINT('',(-1.325,0.2,0.18));
#10132 = DIRECTION('',(0.,0.,1.));
#10133 = DIRECTION('',(0.,1.,0.));
#10134 = ADVANCED_FACE('',(#10135),#10160,.F.);
#10135 = FACE_BOUND('',#10136,.F.);
#10136 = EDGE_LOOP('',(#10137,#10138,#10146,#10154));
#10137 = ORIENTED_EDGE('',*,*,#10116,.T.);
#10138 = ORIENTED_EDGE('',*,*,#10139,.T.);
#10139 = EDGE_CURVE('',#10109,#10140,#10142,.T.);
#10140 = VERTEX_POINT('',#10141);
#10141 = CARTESIAN_POINT('',(-1.175,0.99,2.E-02));
#10142 = LINE('',#10143,#10144);
#10143 = CARTESIAN_POINT('',(-1.175,0.88,0.18));
#10144 = VECTOR('',#10145,1.);
#10145 = DIRECTION('',(0.,0.566528822887,-0.824041924199));
#10146 = ORIENTED_EDGE('',*,*,#10147,.F.);
#10147 = EDGE_CURVE('',#10148,#10140,#10150,.T.);
#10148 = VERTEX_POINT('',#10149);
#10149 = CARTESIAN_POINT('',(-1.325,0.99,2.E-02));
#10150 = LINE('',#10151,#10152);
#10151 = CARTESIAN_POINT('',(-1.325,0.99,2.E-02));
#10152 = VECTOR('',#10153,1.);
#10153 = DIRECTION('',(1.,0.,0.));
#10154 = ORIENTED_EDGE('',*,*,#10155,.F.);
#10155 = EDGE_CURVE('',#10117,#10148,#10156,.T.);
#10156 = LINE('',#10157,#10158);
#10157 = CARTESIAN_POINT('',(-1.325,0.88,0.18));
#10158 = VECTOR('',#10159,1.);
#10159 = DIRECTION('',(0.,0.566528822887,-0.824041924199));
#10160 = PLANE('',#10161);
#10161 = AXIS2_PLACEMENT_3D('',#10162,#10163,#10164);
#10162 = CARTESIAN_POINT('',(-1.325,0.88,0.18));
#10163 = DIRECTION('',(-0.,0.824041924199,0.566528822887));
#10164 = DIRECTION('',(0.,0.566528822887,-0.824041924199));
#10165 = ADVANCED_FACE('',(#10166),#10191,.F.);
#10166 = FACE_BOUND('',#10167,.F.);
#10167 = EDGE_LOOP('',(#10168,#10169,#10177,#10185));
#10168 = ORIENTED_EDGE('',*,*,#10147,.T.);
#10169 = ORIENTED_EDGE('',*,*,#10170,.T.);
#10170 = EDGE_CURVE('',#10140,#10171,#10173,.T.);
#10171 = VERTEX_POINT('',#10172);
#10172 = CARTESIAN_POINT('',(-1.175,1.38,0.));
#10173 = LINE('',#10174,#10175);
#10174 = CARTESIAN_POINT('',(-1.175,0.99,2.E-02));
#10175 = VECTOR('',#10176,1.);
#10176 = DIRECTION('',(0.,0.998687663477,-5.121475197316E-02));
#10177 = ORIENTED_EDGE('',*,*,#10178,.F.);
#10178 = EDGE_CURVE('',#10179,#10171,#10181,.T.);
#10179 = VERTEX_POINT('',#10180);
#10180 = CARTESIAN_POINT('',(-1.325,1.38,0.));
#10181 = LINE('',#10182,#10183);
#10182 = CARTESIAN_POINT('',(-1.325,1.38,0.));
#10183 = VECTOR('',#10184,1.);
#10184 = DIRECTION('',(1.,0.,0.));
#10185 = ORIENTED_EDGE('',*,*,#10186,.F.);
#10186 = EDGE_CURVE('',#10148,#10179,#10187,.T.);
#10187 = LINE('',#10188,#10189);
#10188 = CARTESIAN_POINT('',(-1.325,0.99,2.E-02));
#10189 = VECTOR('',#10190,1.);
#10190 = DIRECTION('',(0.,0.998687663477,-5.121475197316E-02));
#10191 = PLANE('',#10192);
#10192 = AXIS2_PLACEMENT_3D('',#10193,#10194,#10195);
#10193 = CARTESIAN_POINT('',(-1.325,0.99,2.E-02));
#10194 = DIRECTION('',(-0.,5.121475197316E-02,0.998687663477));
#10195 = DIRECTION('',(0.,0.998687663477,-5.121475197316E-02));
#10196 = ADVANCED_FACE('',(#10197),#10222,.F.);
#10197 = FACE_BOUND('',#10198,.F.);
#10198 = EDGE_LOOP('',(#10199,#10200,#10208,#10216));
#10199 = ORIENTED_EDGE('',*,*,#10178,.T.);
#10200 = ORIENTED_EDGE('',*,*,#10201,.T.);
#10201 = EDGE_CURVE('',#10171,#10202,#10204,.T.);
#10202 = VERTEX_POINT('',#10203);
#10203 = CARTESIAN_POINT('',(-1.175,1.38,8.E-02));
#10204 = LINE('',#10205,#10206);
#10205 = CARTESIAN_POINT('',(-1.175,1.38,0.));
#10206 = VECTOR('',#10207,1.);
#10207 = DIRECTION('',(0.,0.,1.));
#10208 = ORIENTED_EDGE('',*,*,#10209,.F.);
#10209 = EDGE_CURVE('',#10210,#10202,#10212,.T.);
#10210 = VERTEX_POINT('',#10211);
#10211 = CARTESIAN_POINT('',(-1.325,1.38,8.E-02));
#10212 = LINE('',#10213,#10214);
#10213 = CARTESIAN_POINT('',(-1.325,1.38,8.E-02));
#10214 = VECTOR('',#10215,1.);
#10215 = DIRECTION('',(1.,0.,0.));
#10216 = ORIENTED_EDGE('',*,*,#10217,.F.);
#10217 = EDGE_CURVE('',#10179,#10210,#10218,.T.);
#10218 = LINE('',#10219,#10220);
#10219 = CARTESIAN_POINT('',(-1.325,1.38,0.));
#10220 = VECTOR('',#10221,1.);
#10221 = DIRECTION('',(0.,0.,1.));
#10222 = PLANE('',#10223);
#10223 = AXIS2_PLACEMENT_3D('',#10224,#10225,#10226);
#10224 = CARTESIAN_POINT('',(-1.325,1.38,0.));
#10225 = DIRECTION('',(0.,-1.,0.));
#10226 = DIRECTION('',(0.,0.,1.));
#10227 = ADVANCED_FACE('',(#10228),#10253,.F.);
#10228 = FACE_BOUND('',#10229,.F.);
#10229 = EDGE_LOOP('',(#10230,#10231,#10239,#10247));
#10230 = ORIENTED_EDGE('',*,*,#10209,.T.);
#10231 = ORIENTED_EDGE('',*,*,#10232,.T.);
#10232 = EDGE_CURVE('',#10202,#10233,#10235,.T.);
#10233 = VERTEX_POINT('',#10234);
#10234 = CARTESIAN_POINT('',(-1.175,1.05,0.1));
#10235 = LINE('',#10236,#10237);
#10236 = CARTESIAN_POINT('',(-1.175,1.38,8.E-02));
#10237 = VECTOR('',#10238,1.);
#10238 = DIRECTION('',(0.,-0.998168496631,6.049506040189E-02));
#10239 = ORIENTED_EDGE('',*,*,#10240,.F.);
#10240 = EDGE_CURVE('',#10241,#10233,#10243,.T.);
#10241 = VERTEX_POINT('',#10242);
#10242 = CARTESIAN_POINT('',(-1.325,1.05,0.1));
#10243 = LINE('',#10244,#10245);
#10244 = CARTESIAN_POINT('',(-1.325,1.05,0.1));
#10245 = VECTOR('',#10246,1.);
#10246 = DIRECTION('',(1.,0.,0.));
#10247 = ORIENTED_EDGE('',*,*,#10248,.F.);
#10248 = EDGE_CURVE('',#10210,#10241,#10249,.T.);
#10249 = LINE('',#10250,#10251);
#10250 = CARTESIAN_POINT('',(-1.325,1.38,8.E-02));
#10251 = VECTOR('',#10252,1.);
#10252 = DIRECTION('',(0.,-0.998168496631,6.049506040189E-02));
#10253 = PLANE('',#10254);
#10254 = AXIS2_PLACEMENT_3D('',#10255,#10256,#10257);
#10255 = CARTESIAN_POINT('',(-1.325,1.38,8.E-02));
#10256 = DIRECTION('',(0.,-6.049506040189E-02,-0.998168496631));
#10257 = DIRECTION('',(0.,-0.998168496631,6.049506040189E-02));
#10258 = ADVANCED_FACE('',(#10259),#10284,.F.);
#10259 = FACE_BOUND('',#10260,.F.);
#10260 = EDGE_LOOP('',(#10261,#10262,#10270,#10278));
#10261 = ORIENTED_EDGE('',*,*,#10240,.T.);
#10262 = ORIENTED_EDGE('',*,*,#10263,.T.);
#10263 = EDGE_CURVE('',#10233,#10264,#10266,.T.);
#10264 = VERTEX_POINT('',#10265);
#10265 = CARTESIAN_POINT('',(-1.175,0.97,0.26));
#10266 = LINE('',#10267,#10268);
#10267 = CARTESIAN_POINT('',(-1.175,1.05,0.1));
#10268 = VECTOR('',#10269,1.);
#10269 = DIRECTION('',(0.,-0.4472135955,0.894427191));
#10270 = ORIENTED_EDGE('',*,*,#10271,.F.);
#10271 = EDGE_CURVE('',#10272,#10264,#10274,.T.);
#10272 = VERTEX_POINT('',#10273);
#10273 = CARTESIAN_POINT('',(-1.325,0.97,0.26));
#10274 = LINE('',#10275,#10276);
#10275 = CARTESIAN_POINT('',(-1.325,0.97,0.26));
#10276 = VECTOR('',#10277,1.);
#10277 = DIRECTION('',(1.,0.,0.));
#10278 = ORIENTED_EDGE('',*,*,#10279,.F.);
#10279 = EDGE_CURVE('',#10241,#10272,#10280,.T.);
#10280 = LINE('',#10281,#10282);
#10281 = CARTESIAN_POINT('',(-1.325,1.05,0.1));
#10282 = VECTOR('',#10283,1.);
#10283 = DIRECTION('',(0.,-0.4472135955,0.894427191));
#10284 = PLANE('',#10285);
#10285 = AXIS2_PLACEMENT_3D('',#10286,#10287,#10288);
#10286 = CARTESIAN_POINT('',(-1.325,1.05,0.1));
#10287 = DIRECTION('',(0.,-0.894427191,-0.4472135955));
#10288 = DIRECTION('',(0.,-0.4472135955,0.894427191));
#10289 = ADVANCED_FACE('',(#10290),#10315,.F.);
#10290 = FACE_BOUND('',#10291,.F.);
#10291 = EDGE_LOOP('',(#10292,#10293,#10301,#10309));
#10292 = ORIENTED_EDGE('',*,*,#10271,.T.);
#10293 = ORIENTED_EDGE('',*,*,#10294,.T.);
#10294 = EDGE_CURVE('',#10264,#10295,#10297,.T.);
#10295 = VERTEX_POINT('',#10296);
#10296 = CARTESIAN_POINT('',(-1.175,0.28,0.26));
#10297 = LINE('',#10298,#10299);
#10298 = CARTESIAN_POINT('',(-1.175,0.97,0.26));
#10299 = VECTOR('',#10300,1.);
#10300 = DIRECTION('',(0.,-1.,0.));
#10301 = ORIENTED_EDGE('',*,*,#10302,.F.);
#10302 = EDGE_CURVE('',#10303,#10295,#10305,.T.);
#10303 = VERTEX_POINT('',#10304);
#10304 = CARTESIAN_POINT('',(-1.325,0.28,0.26));
#10305 = LINE('',#10306,#10307);
#10306 = CARTESIAN_POINT('',(-1.325,0.28,0.26));
#10307 = VECTOR('',#10308,1.);
#10308 = DIRECTION('',(1.,0.,0.));
#10309 = ORIENTED_EDGE('',*,*,#10310,.F.);
#10310 = EDGE_CURVE('',#10272,#10303,#10311,.T.);
#10311 = LINE('',#10312,#10313);
#10312 = CARTESIAN_POINT('',(-1.325,0.97,0.26));
#10313 = VECTOR('',#10314,1.);
#10314 = DIRECTION('',(0.,-1.,0.));
#10315 = PLANE('',#10316);
#10316 = AXIS2_PLACEMENT_3D('',#10317,#10318,#10319);
#10317 = CARTESIAN_POINT('',(-1.325,0.97,0.26));
#10318 = DIRECTION('',(0.,0.,-1.));
#10319 = DIRECTION('',(0.,-1.,0.));
#10320 = ADVANCED_FACE('',(#10321),#10346,.F.);
#10321 = FACE_BOUND('',#10322,.F.);
#10322 = EDGE_LOOP('',(#10323,#10324,#10332,#10340));
#10323 = ORIENTED_EDGE('',*,*,#10302,.T.);
#10324 = ORIENTED_EDGE('',*,*,#10325,.T.);
#10325 = EDGE_CURVE('',#10295,#10326,#10328,.T.);
#10326 = VERTEX_POINT('',#10327);
#10327 = CARTESIAN_POINT('',(-1.175,0.22,0.42));
#10328 = LINE('',#10329,#10330);
#10329 = CARTESIAN_POINT('',(-1.175,0.28,0.26));
#10330 = VECTOR('',#10331,1.);
#10331 = DIRECTION('',(0.,-0.351123441588,0.936329177569));
#10332 = ORIENTED_EDGE('',*,*,#10333,.F.);
#10333 = EDGE_CURVE('',#10334,#10326,#10336,.T.);
#10334 = VERTEX_POINT('',#10335);
#10335 = CARTESIAN_POINT('',(-1.325,0.22,0.42));
#10336 = LINE('',#10337,#10338);
#10337 = CARTESIAN_POINT('',(-1.325,0.22,0.42));
#10338 = VECTOR('',#10339,1.);
#10339 = DIRECTION('',(1.,0.,0.));
#10340 = ORIENTED_EDGE('',*,*,#10341,.F.);
#10341 = EDGE_CURVE('',#10303,#10334,#10342,.T.);
#10342 = LINE('',#10343,#10344);
#10343 = CARTESIAN_POINT('',(-1.325,0.28,0.26));
#10344 = VECTOR('',#10345,1.);
#10345 = DIRECTION('',(0.,-0.351123441588,0.936329177569));
#10346 = PLANE('',#10347);
#10347 = AXIS2_PLACEMENT_3D('',#10348,#10349,#10350);
#10348 = CARTESIAN_POINT('',(-1.325,0.28,0.26));
#10349 = DIRECTION('',(0.,-0.936329177569,-0.351123441588));
#10350 = DIRECTION('',(0.,-0.351123441588,0.936329177569));
#10351 = ADVANCED_FACE('',(#10352),#10377,.F.);
#10352 = FACE_BOUND('',#10353,.F.);
#10353 = EDGE_LOOP('',(#10354,#10355,#10363,#10371));
#10354 = ORIENTED_EDGE('',*,*,#10333,.T.);
#10355 = ORIENTED_EDGE('',*,*,#10356,.T.);
#10356 = EDGE_CURVE('',#10326,#10357,#10359,.T.);
#10357 = VERTEX_POINT('',#10358);
#10358 = CARTESIAN_POINT('',(-1.175,0.22,0.78));
#10359 = LINE('',#10360,#10361);
#10360 = CARTESIAN_POINT('',(-1.175,0.22,0.42));
#10361 = VECTOR('',#10362,1.);
#10362 = DIRECTION('',(0.,0.,1.));
#10363 = ORIENTED_EDGE('',*,*,#10364,.F.);
#10364 = EDGE_CURVE('',#10365,#10357,#10367,.T.);
#10365 = VERTEX_POINT('',#10366);
#10366 = CARTESIAN_POINT('',(-1.325,0.22,0.78));
#10367 = LINE('',#10368,#10369);
#10368 = CARTESIAN_POINT('',(-1.325,0.22,0.78));
#10369 = VECTOR('',#10370,1.);
#10370 = DIRECTION('',(1.,0.,0.));
#10371 = ORIENTED_EDGE('',*,*,#10372,.F.);
#10372 = EDGE_CURVE('',#10334,#10365,#10373,.T.);
#10373 = LINE('',#10374,#10375);
#10374 = CARTESIAN_POINT('',(-1.325,0.22,0.42));
#10375 = VECTOR('',#10376,1.);
#10376 = DIRECTION('',(0.,0.,1.));
#10377 = PLANE('',#10378);
#10378 = AXIS2_PLACEMENT_3D('',#10379,#10380,#10381);
#10379 = CARTESIAN_POINT('',(-1.325,0.22,0.42));
#10380 = DIRECTION('',(0.,-1.,0.));
#10381 = DIRECTION('',(0.,0.,1.));
#10382 = ADVANCED_FACE('',(#10383),#10408,.F.);
#10383 = FACE_BOUND('',#10384,.F.);
#10384 = EDGE_LOOP('',(#10385,#10386,#10394,#10402));
#10385 = ORIENTED_EDGE('',*,*,#10364,.T.);
#10386 = ORIENTED_EDGE('',*,*,#10387,.T.);
#10387 = EDGE_CURVE('',#10357,#10388,#10390,.T.);
#10388 = VERTEX_POINT('',#10389);
#10389 = CARTESIAN_POINT('',(-1.175,6.E-02,0.84));
#10390 = LINE('',#10391,#10392);
#10391 = CARTESIAN_POINT('',(-1.175,0.22,0.78));
#10392 = VECTOR('',#10393,1.);
#10393 = DIRECTION('',(0.,-0.936329177569,0.351123441588));
#10394 = ORIENTED_EDGE('',*,*,#10395,.F.);
#10395 = EDGE_CURVE('',#10396,#10388,#10398,.T.);
#10396 = VERTEX_POINT('',#10397);
#10397 = CARTESIAN_POINT('',(-1.325,6.E-02,0.84));
#10398 = LINE('',#10399,#10400);
#10399 = CARTESIAN_POINT('',(-1.325,6.E-02,0.84));
#10400 = VECTOR('',#10401,1.);
#10401 = DIRECTION('',(1.,0.,0.));
#10402 = ORIENTED_EDGE('',*,*,#10403,.F.);
#10403 = EDGE_CURVE('',#10365,#10396,#10404,.T.);
#10404 = LINE('',#10405,#10406);
#10405 = CARTESIAN_POINT('',(-1.325,0.22,0.78));
#10406 = VECTOR('',#10407,1.);
#10407 = DIRECTION('',(0.,-0.936329177569,0.351123441588));
#10408 = PLANE('',#10409);
#10409 = AXIS2_PLACEMENT_3D('',#10410,#10411,#10412);
#10410 = CARTESIAN_POINT('',(-1.325,0.22,0.78));
#10411 = DIRECTION('',(0.,-0.351123441588,-0.936329177569));
#10412 = DIRECTION('',(0.,-0.936329177569,0.351123441588));
#10413 = ADVANCED_FACE('',(#10414),#10439,.F.);
#10414 = FACE_BOUND('',#10415,.F.);
#10415 = EDGE_LOOP('',(#10416,#10417,#10425,#10433));
#10416 = ORIENTED_EDGE('',*,*,#10395,.T.);
#10417 = ORIENTED_EDGE('',*,*,#10418,.T.);
#10418 = EDGE_CURVE('',#10388,#10419,#10421,.T.);
#10419 = VERTEX_POINT('',#10420);
#10420 = CARTESIAN_POINT('',(-1.175,-0.3,0.82));
#10421 = LINE('',#10422,#10423);
#10422 = CARTESIAN_POINT('',(-1.175,6.E-02,0.84));
#10423 = VECTOR('',#10424,1.);
#10424 = DIRECTION('',(0.,-0.998460353205,-5.547001962252E-02));
#10425 = ORIENTED_EDGE('',*,*,#10426,.F.);
#10426 = EDGE_CURVE('',#10427,#10419,#10429,.T.);
#10427 = VERTEX_POINT('',#10428);
#10428 = CARTESIAN_POINT('',(-1.325,-0.3,0.82));
#10429 = LINE('',#10430,#10431);
#10430 = CARTESIAN_POINT('',(-1.325,-0.3,0.82));
#10431 = VECTOR('',#10432,1.);
#10432 = DIRECTION('',(1.,0.,0.));
#10433 = ORIENTED_EDGE('',*,*,#10434,.F.);
#10434 = EDGE_CURVE('',#10396,#10427,#10435,.T.);
#10435 = LINE('',#10436,#10437);
#10436 = CARTESIAN_POINT('',(-1.325,6.E-02,0.84));
#10437 = VECTOR('',#10438,1.);
#10438 = DIRECTION('',(0.,-0.998460353205,-5.547001962252E-02));
#10439 = PLANE('',#10440);
#10440 = AXIS2_PLACEMENT_3D('',#10441,#10442,#10443);
#10441 = CARTESIAN_POINT('',(-1.325,6.E-02,0.84));
#10442 = DIRECTION('',(0.,5.547001962252E-02,-0.998460353205));
#10443 = DIRECTION('',(0.,-0.998460353205,-5.547001962252E-02));
#10444 = ADVANCED_FACE('',(#10445),#10470,.F.);
#10445 = FACE_BOUND('',#10446,.F.);
#10446 = EDGE_LOOP('',(#10447,#10448,#10456,#10464));
#10447 = ORIENTED_EDGE('',*,*,#10426,.T.);
#10448 = ORIENTED_EDGE('',*,*,#10449,.T.);
#10449 = EDGE_CURVE('',#10419,#10450,#10452,.T.);
#10450 = VERTEX_POINT('',#10451);
#10451 = CARTESIAN_POINT('',(-1.175,-1.39,0.72));
#10452 = LINE('',#10453,#10454);
#10453 = CARTESIAN_POINT('',(-1.175,-0.3,0.82));
#10454 = VECTOR('',#10455,1.);
#10455 = DIRECTION('',(0.,-0.995817981008,-9.135944779885E-02));
#10456 = ORIENTED_EDGE('',*,*,#10457,.F.);
#10457 = EDGE_CURVE('',#10458,#10450,#10460,.T.);
#10458 = VERTEX_POINT('',#10459);
#10459 = CARTESIAN_POINT('',(-1.325,-1.39,0.72));
#10460 = LINE('',#10461,#10462);
#10461 = CARTESIAN_POINT('',(-1.325,-1.39,0.72));
#10462 = VECTOR('',#10463,1.);
#10463 = DIRECTION('',(1.,0.,0.));
#10464 = ORIENTED_EDGE('',*,*,#10465,.F.);
#10465 = EDGE_CURVE('',#10427,#10458,#10466,.T.);
#10466 = LINE('',#10467,#10468);
#10467 = CARTESIAN_POINT('',(-1.325,-0.3,0.82));
#10468 = VECTOR('',#10469,1.);
#10469 = DIRECTION('',(0.,-0.995817981008,-9.135944779885E-02));
#10470 = PLANE('',#10471);
#10471 = AXIS2_PLACEMENT_3D('',#10472,#10473,#10474);
#10472 = CARTESIAN_POINT('',(-1.325,-0.3,0.82));
#10473 = DIRECTION('',(0.,9.135944779885E-02,-0.995817981008));
#10474 = DIRECTION('',(0.,-0.995817981008,-9.135944779885E-02));
#10475 = ADVANCED_FACE('',(#10476),#10501,.F.);
#10476 = FACE_BOUND('',#10477,.F.);
#10477 = EDGE_LOOP('',(#10478,#10479,#10487,#10495));
#10478 = ORIENTED_EDGE('',*,*,#10457,.T.);
#10479 = ORIENTED_EDGE('',*,*,#10480,.T.);
#10480 = EDGE_CURVE('',#10450,#10481,#10483,.T.);
#10481 = VERTEX_POINT('',#10482);
#10482 = CARTESIAN_POINT('',(-1.175,-1.47,0.68));
#10483 = LINE('',#10484,#10485);
#10484 = CARTESIAN_POINT('',(-1.175,-1.39,0.72));
#10485 = VECTOR('',#10486,1.);
#10486 = DIRECTION('',(0.,-0.894427191,-0.4472135955));
#10487 = ORIENTED_EDGE('',*,*,#10488,.F.);
#10488 = EDGE_CURVE('',#10489,#10481,#10491,.T.);
#10489 = VERTEX_POINT('',#10490);
#10490 = CARTESIAN_POINT('',(-1.325,-1.47,0.68));
#10491 = LINE('',#10492,#10493);
#10492 = CARTESIAN_POINT('',(-1.325,-1.47,0.68));
#10493 = VECTOR('',#10494,1.);
#10494 = DIRECTION('',(1.,0.,0.));
#10495 = ORIENTED_EDGE('',*,*,#10496,.F.);
#10496 = EDGE_CURVE('',#10458,#10489,#10497,.T.);
#10497 = LINE('',#10498,#10499);
#10498 = CARTESIAN_POINT('',(-1.325,-1.39,0.72));
#10499 = VECTOR('',#10500,1.);
#10500 = DIRECTION('',(0.,-0.894427191,-0.4472135955));
#10501 = PLANE('',#10502);
#10502 = AXIS2_PLACEMENT_3D('',#10503,#10504,#10505);
#10503 = CARTESIAN_POINT('',(-1.325,-1.39,0.72));
#10504 = DIRECTION('',(0.,0.4472135955,-0.894427191));
#10505 = DIRECTION('',(0.,-0.894427191,-0.4472135955));
#10506 = ADVANCED_FACE('',(#10507),#10532,.F.);
#10507 = FACE_BOUND('',#10508,.F.);
#10508 = EDGE_LOOP('',(#10509,#10510,#10518,#10526));
#10509 = ORIENTED_EDGE('',*,*,#10488,.T.);
#10510 = ORIENTED_EDGE('',*,*,#10511,.T.);
#10511 = EDGE_CURVE('',#10481,#10512,#10514,.T.);
#10512 = VERTEX_POINT('',#10513);
#10513 = CARTESIAN_POINT('',(-1.175,-1.41,0.63));
#10514 = LINE('',#10515,#10516);
#10515 = CARTESIAN_POINT('',(-1.175,-1.47,0.68));
#10516 = VECTOR('',#10517,1.);
#10517 = DIRECTION('',(0.,0.768221279597,-0.640184399664));
#10518 = ORIENTED_EDGE('',*,*,#10519,.F.);
#10519 = EDGE_CURVE('',#10520,#10512,#10522,.T.);
#10520 = VERTEX_POINT('',#10521);
#10521 = CARTESIAN_POINT('',(-1.325,-1.41,0.63));
#10522 = LINE('',#10523,#10524);
#10523 = CARTESIAN_POINT('',(-1.325,-1.41,0.63));
#10524 = VECTOR('',#10525,1.);
#10525 = DIRECTION('',(1.,0.,0.));
#10526 = ORIENTED_EDGE('',*,*,#10527,.F.);
#10527 = EDGE_CURVE('',#10489,#10520,#10528,.T.);
#10528 = LINE('',#10529,#10530);
#10529 = CARTESIAN_POINT('',(-1.325,-1.47,0.68));
#10530 = VECTOR('',#10531,1.);
#10531 = DIRECTION('',(0.,0.768221279597,-0.640184399664));
#10532 = PLANE('',#10533);
#10533 = AXIS2_PLACEMENT_3D('',#10534,#10535,#10536);
#10534 = CARTESIAN_POINT('',(-1.325,-1.47,0.68));
#10535 = DIRECTION('',(-0.,0.640184399664,0.768221279597));
#10536 = DIRECTION('',(0.,0.768221279597,-0.640184399664));
#10537 = ADVANCED_FACE('',(#10538),#10563,.F.);
#10538 = FACE_BOUND('',#10539,.F.);
#10539 = EDGE_LOOP('',(#10540,#10541,#10549,#10557));
#10540 = ORIENTED_EDGE('',*,*,#10519,.T.);
#10541 = ORIENTED_EDGE('',*,*,#10542,.T.);
#10542 = EDGE_CURVE('',#10512,#10543,#10545,.T.);
#10543 = VERTEX_POINT('',#10544);
#10544 = CARTESIAN_POINT('',(-1.175,-1.3,0.65));
#10545 = LINE('',#10546,#10547);
#10546 = CARTESIAN_POINT('',(-1.175,-1.41,0.63));
#10547 = VECTOR('',#10548,1.);
#10548 = DIRECTION('',(0.,0.9838699101,0.1788854382));
#10549 = ORIENTED_EDGE('',*,*,#10550,.F.);
#10550 = EDGE_CURVE('',#10551,#10543,#10553,.T.);
#10551 = VERTEX_POINT('',#10552);
#10552 = CARTESIAN_POINT('',(-1.325,-1.3,0.65));
#10553 = LINE('',#10554,#10555);
#10554 = CARTESIAN_POINT('',(-1.325,-1.3,0.65));
#10555 = VECTOR('',#10556,1.);
#10556 = DIRECTION('',(1.,0.,0.));
#10557 = ORIENTED_EDGE('',*,*,#10558,.F.);
#10558 = EDGE_CURVE('',#10520,#10551,#10559,.T.);
#10559 = LINE('',#10560,#10561);
#10560 = CARTESIAN_POINT('',(-1.325,-1.41,0.63));
#10561 = VECTOR('',#10562,1.);
#10562 = DIRECTION('',(0.,0.9838699101,0.1788854382));
#10563 = PLANE('',#10564);
#10564 = AXIS2_PLACEMENT_3D('',#10565,#10566,#10567);
#10565 = CARTESIAN_POINT('',(-1.325,-1.41,0.63));
#10566 = DIRECTION('',(0.,-0.1788854382,0.9838699101));
#10567 = DIRECTION('',(0.,0.9838699101,0.1788854382));
#10568 = ADVANCED_FACE('',(#10569),#10594,.F.);
#10569 = FACE_BOUND('',#10570,.F.);
#10570 = EDGE_LOOP('',(#10571,#10572,#10580,#10588));
#10571 = ORIENTED_EDGE('',*,*,#10550,.T.);
#10572 = ORIENTED_EDGE('',*,*,#10573,.T.);
#10573 = EDGE_CURVE('',#10543,#10574,#10576,.T.);
#10574 = VERTEX_POINT('',#10575);
#10575 = CARTESIAN_POINT('',(-1.175,-0.28,0.75));
#10576 = LINE('',#10577,#10578);
#10577 = CARTESIAN_POINT('',(-1.175,-1.3,0.65));
#10578 = VECTOR('',#10579,1.);
#10579 = DIRECTION('',(0.,0.99522852512,9.757142403137E-02));
#10580 = ORIENTED_EDGE('',*,*,#10581,.F.);
#10581 = EDGE_CURVE('',#10582,#10574,#10584,.T.);
#10582 = VERTEX_POINT('',#10583);
#10583 = CARTESIAN_POINT('',(-1.325,-0.28,0.75));
#10584 = LINE('',#10585,#10586);
#10585 = CARTESIAN_POINT('',(-1.325,-0.28,0.75));
#10586 = VECTOR('',#10587,1.);
#10587 = DIRECTION('',(1.,0.,0.));
#10588 = ORIENTED_EDGE('',*,*,#10589,.F.);
#10589 = EDGE_CURVE('',#10551,#10582,#10590,.T.);
#10590 = LINE('',#10591,#10592);
#10591 = CARTESIAN_POINT('',(-1.325,-1.3,0.65));
#10592 = VECTOR('',#10593,1.);
#10593 = DIRECTION('',(0.,0.99522852512,9.757142403137E-02));
#10594 = PLANE('',#10595);
#10595 = AXIS2_PLACEMENT_3D('',#10596,#10597,#10598);
#10596 = CARTESIAN_POINT('',(-1.325,-1.3,0.65));
#10597 = DIRECTION('',(0.,-9.757142403137E-02,0.99522852512));
#10598 = DIRECTION('',(0.,0.99522852512,9.757142403137E-02));
#10599 = ADVANCED_FACE('',(#10600),#10625,.F.);
#10600 = FACE_BOUND('',#10601,.F.);
#10601 = EDGE_LOOP('',(#10602,#10603,#10611,#10619));
#10602 = ORIENTED_EDGE('',*,*,#10581,.T.);
#10603 = ORIENTED_EDGE('',*,*,#10604,.T.);
#10604 = EDGE_CURVE('',#10574,#10605,#10607,.T.);
#10605 = VERTEX_POINT('',#10606);
#10606 = CARTESIAN_POINT('',(-1.175,0.12,0.75));
#10607 = LINE('',#10608,#10609);
#10608 = CARTESIAN_POINT('',(-1.175,-0.28,0.75));
#10609 = VECTOR('',#10610,1.);
#10610 = DIRECTION('',(0.,1.,0.));
#10611 = ORIENTED_EDGE('',*,*,#10612,.F.);
#10612 = EDGE_CURVE('',#10613,#10605,#10615,.T.);
#10613 = VERTEX_POINT('',#10614);
#10614 = CARTESIAN_POINT('',(-1.325,0.12,0.75));
#10615 = LINE('',#10616,#10617);
#10616 = CARTESIAN_POINT('',(-1.325,0.12,0.75));
#10617 = VECTOR('',#10618,1.);
#10618 = DIRECTION('',(1.,0.,0.));
#10619 = ORIENTED_EDGE('',*,*,#10620,.F.);
#10620 = EDGE_CURVE('',#10582,#10613,#10621,.T.);
#10621 = LINE('',#10622,#10623);
#10622 = CARTESIAN_POINT('',(-1.325,-0.28,0.75));
#10623 = VECTOR('',#10624,1.);
#10624 = DIRECTION('',(0.,1.,0.));
#10625 = PLANE('',#10626);
#10626 = AXIS2_PLACEMENT_3D('',#10627,#10628,#10629);
#10627 = CARTESIAN_POINT('',(-1.325,-0.28,0.75));
#10628 = DIRECTION('',(0.,0.,1.));
#10629 = DIRECTION('',(0.,1.,0.));
#10630 = ADVANCED_FACE('',(#10631),#10656,.F.);
#10631 = FACE_BOUND('',#10632,.F.);
#10632 = EDGE_LOOP('',(#10633,#10634,#10642,#10650));
#10633 = ORIENTED_EDGE('',*,*,#10612,.T.);
#10634 = ORIENTED_EDGE('',*,*,#10635,.T.);
#10635 = EDGE_CURVE('',#10605,#10636,#10638,.T.);
#10636 = VERTEX_POINT('',#10637);
#10637 = CARTESIAN_POINT('',(-1.175,0.12,0.43));
#10638 = LINE('',#10639,#10640);
#10639 = CARTESIAN_POINT('',(-1.175,0.12,0.75));
#10640 = VECTOR('',#10641,1.);
#10641 = DIRECTION('',(0.,0.,-1.));
#10642 = ORIENTED_EDGE('',*,*,#10643,.F.);
#10643 = EDGE_CURVE('',#10644,#10636,#10646,.T.);
#10644 = VERTEX_POINT('',#10645);
#10645 = CARTESIAN_POINT('',(-1.325,0.12,0.43));
#10646 = LINE('',#10647,#10648);
#10647 = CARTESIAN_POINT('',(-1.325,0.12,0.43));
#10648 = VECTOR('',#10649,1.);
#10649 = DIRECTION('',(1.,0.,0.));
#10650 = ORIENTED_EDGE('',*,*,#10651,.F.);
#10651 = EDGE_CURVE('',#10613,#10644,#10652,.T.);
#10652 = LINE('',#10653,#10654);
#10653 = CARTESIAN_POINT('',(-1.325,0.12,0.75));
#10654 = VECTOR('',#10655,1.);
#10655 = DIRECTION('',(0.,0.,-1.));
#10656 = PLANE('',#10657);
#10657 = AXIS2_PLACEMENT_3D('',#10658,#10659,#10660);
#10658 = CARTESIAN_POINT('',(-1.325,0.12,0.75));
#10659 = DIRECTION('',(-0.,1.,0.));
#10660 = DIRECTION('',(0.,0.,-1.));
#10661 = ADVANCED_FACE('',(#10662),#10687,.F.);
#10662 = FACE_BOUND('',#10663,.F.);
#10663 = EDGE_LOOP('',(#10664,#10665,#10673,#10681));
#10664 = ORIENTED_EDGE('',*,*,#10643,.T.);
#10665 = ORIENTED_EDGE('',*,*,#10666,.T.);
#10666 = EDGE_CURVE('',#10636,#10667,#10669,.T.);
#10667 = VERTEX_POINT('',#10668);
#10668 = CARTESIAN_POINT('',(-1.175,-0.44,0.43));
#10669 = LINE('',#10670,#10671);
#10670 = CARTESIAN_POINT('',(-1.175,0.12,0.43));
#10671 = VECTOR('',#10672,1.);
#10672 = DIRECTION('',(0.,-1.,0.));
#10673 = ORIENTED_EDGE('',*,*,#10674,.F.);
#10674 = EDGE_CURVE('',#10675,#10667,#10677,.T.);
#10675 = VERTEX_POINT('',#10676);
#10676 = CARTESIAN_POINT('',(-1.325,-0.44,0.43));
#10677 = LINE('',#10678,#10679);
#10678 = CARTESIAN_POINT('',(-1.325,-0.44,0.43));
#10679 = VECTOR('',#10680,1.);
#10680 = DIRECTION('',(1.,0.,0.));
#10681 = ORIENTED_EDGE('',*,*,#10682,.F.);
#10682 = EDGE_CURVE('',#10644,#10675,#10683,.T.);
#10683 = LINE('',#10684,#10685);
#10684 = CARTESIAN_POINT('',(-1.325,0.12,0.43));
#10685 = VECTOR('',#10686,1.);
#10686 = DIRECTION('',(0.,-1.,0.));
#10687 = PLANE('',#10688);
#10688 = AXIS2_PLACEMENT_3D('',#10689,#10690,#10691);
#10689 = CARTESIAN_POINT('',(-1.325,0.12,0.43));
#10690 = DIRECTION('',(0.,0.,-1.));
#10691 = DIRECTION('',(0.,-1.,0.));
#10692 = ADVANCED_FACE('',(#10693),#10718,.F.);
#10693 = FACE_BOUND('',#10694,.F.);
#10694 = EDGE_LOOP('',(#10695,#10696,#10704,#10712));
#10695 = ORIENTED_EDGE('',*,*,#10674,.T.);
#10696 = ORIENTED_EDGE('',*,*,#10697,.T.);
#10697 = EDGE_CURVE('',#10667,#10698,#10700,.T.);
#10698 = VERTEX_POINT('',#10699);
#10699 = CARTESIAN_POINT('',(-1.175,-0.76,0.36));
#10700 = LINE('',#10701,#10702);
#10701 = CARTESIAN_POINT('',(-1.175,-0.44,0.43));
#10702 = VECTOR('',#10703,1.);
#10703 = DIRECTION('',(0.,-0.976900017396,-0.213696878805));
#10704 = ORIENTED_EDGE('',*,*,#10705,.F.);
#10705 = EDGE_CURVE('',#10706,#10698,#10708,.T.);
#10706 = VERTEX_POINT('',#10707);
#10707 = CARTESIAN_POINT('',(-1.325,-0.76,0.36));
#10708 = LINE('',#10709,#10710);
#10709 = CARTESIAN_POINT('',(-1.325,-0.76,0.36));
#10710 = VECTOR('',#10711,1.);
#10711 = DIRECTION('',(1.,0.,0.));
#10712 = ORIENTED_EDGE('',*,*,#10713,.F.);
#10713 = EDGE_CURVE('',#10675,#10706,#10714,.T.);
#10714 = LINE('',#10715,#10716);
#10715 = CARTESIAN_POINT('',(-1.325,-0.44,0.43));
#10716 = VECTOR('',#10717,1.);
#10717 = DIRECTION('',(0.,-0.976900017396,-0.213696878805));
#10718 = PLANE('',#10719);
#10719 = AXIS2_PLACEMENT_3D('',#10720,#10721,#10722);
#10720 = CARTESIAN_POINT('',(-1.325,-0.44,0.43));
#10721 = DIRECTION('',(0.,0.213696878805,-0.976900017396));
#10722 = DIRECTION('',(0.,-0.976900017396,-0.213696878805));
#10723 = ADVANCED_FACE('',(#10724),#10749,.F.);
#10724 = FACE_BOUND('',#10725,.F.);
#10725 = EDGE_LOOP('',(#10726,#10727,#10735,#10743));
#10726 = ORIENTED_EDGE('',*,*,#10705,.T.);
#10727 = ORIENTED_EDGE('',*,*,#10728,.T.);
#10728 = EDGE_CURVE('',#10698,#10729,#10731,.T.);
#10729 = VERTEX_POINT('',#10730);
#10730 = CARTESIAN_POINT('',(-1.175,-1.37,0.35));
#10731 = LINE('',#10732,#10733);
#10732 = CARTESIAN_POINT('',(-1.175,-0.76,0.36));
#10733 = VECTOR('',#10734,1.);
#10734 = DIRECTION('',(0.,-0.999865654597,-1.63912402393E-02));
#10735 = ORIENTED_EDGE('',*,*,#10736,.F.);
#10736 = EDGE_CURVE('',#10737,#10729,#10739,.T.);
#10737 = VERTEX_POINT('',#10738);
#10738 = CARTESIAN_POINT('',(-1.325,-1.37,0.35));
#10739 = LINE('',#10740,#10741);
#10740 = CARTESIAN_POINT('',(-1.325,-1.37,0.35));
#10741 = VECTOR('',#10742,1.);
#10742 = DIRECTION('',(1.,0.,0.));
#10743 = ORIENTED_EDGE('',*,*,#10744,.F.);
#10744 = EDGE_CURVE('',#10706,#10737,#10745,.T.);
#10745 = LINE('',#10746,#10747);
#10746 = CARTESIAN_POINT('',(-1.325,-0.76,0.36));
#10747 = VECTOR('',#10748,1.);
#10748 = DIRECTION('',(0.,-0.999865654597,-1.63912402393E-02));
#10749 = PLANE('',#10750);
#10750 = AXIS2_PLACEMENT_3D('',#10751,#10752,#10753);
#10751 = CARTESIAN_POINT('',(-1.325,-0.76,0.36));
#10752 = DIRECTION('',(0.,1.63912402393E-02,-0.999865654597));
#10753 = DIRECTION('',(0.,-0.999865654597,-1.63912402393E-02));
#10754 = ADVANCED_FACE('',(#10755),#10771,.F.);
#10755 = FACE_BOUND('',#10756,.F.);
#10756 = EDGE_LOOP('',(#10757,#10758,#10764,#10765));
#10757 = ORIENTED_EDGE('',*,*,#10736,.T.);
#10758 = ORIENTED_EDGE('',*,*,#10759,.T.);
#10759 = EDGE_CURVE('',#10729,#9915,#10760,.T.);
#10760 = LINE('',#10761,#10762);
#10761 = CARTESIAN_POINT('',(-1.175,-1.37,0.35));
#10762 = VECTOR('',#10763,1.);
#10763 = DIRECTION('',(0.,-0.894427191,-0.4472135955));
#10764 = ORIENTED_EDGE('',*,*,#9912,.F.);
#10765 = ORIENTED_EDGE('',*,*,#10766,.F.);
#10766 = EDGE_CURVE('',#10737,#9913,#10767,.T.);
#10767 = LINE('',#10768,#10769);
#10768 = CARTESIAN_POINT('',(-1.325,-1.37,0.35));
#10769 = VECTOR('',#10770,1.);
#10770 = DIRECTION('',(0.,-0.894427191,-0.4472135955));
#10771 = PLANE('',#10772);
#10772 = AXIS2_PLACEMENT_3D('',#10773,#10774,#10775);
#10773 = CARTESIAN_POINT('',(-1.325,-1.37,0.35));
#10774 = DIRECTION('',(0.,0.4472135955,-0.894427191));
#10775 = DIRECTION('',(0.,-0.894427191,-0.4472135955));
#10776 = ADVANCED_FACE('',(#10777),#10807,.F.);
#10777 = FACE_BOUND('',#10778,.F.);
#10778 = EDGE_LOOP('',(#10779,#10780,#10781,#10782,#10783,#10784,#10785,
    #10786,#10787,#10788,#10789,#10790,#10791,#10792,#10793,#10794,
    #10795,#10796,#10797,#10798,#10799,#10800,#10801,#10802,#10803,
    #10804,#10805,#10806));
#10779 = ORIENTED_EDGE('',*,*,#9938,.T.);
#10780 = ORIENTED_EDGE('',*,*,#9969,.T.);
#10781 = ORIENTED_EDGE('',*,*,#10000,.T.);
#10782 = ORIENTED_EDGE('',*,*,#10031,.T.);
#10783 = ORIENTED_EDGE('',*,*,#10062,.T.);
#10784 = ORIENTED_EDGE('',*,*,#10093,.T.);
#10785 = ORIENTED_EDGE('',*,*,#10124,.T.);
#10786 = ORIENTED_EDGE('',*,*,#10155,.T.);
#10787 = ORIENTED_EDGE('',*,*,#10186,.T.);
#10788 = ORIENTED_EDGE('',*,*,#10217,.T.);
#10789 = ORIENTED_EDGE('',*,*,#10248,.T.);
#10790 = ORIENTED_EDGE('',*,*,#10279,.T.);
#10791 = ORIENTED_EDGE('',*,*,#10310,.T.);
#10792 = ORIENTED_EDGE('',*,*,#10341,.T.);
#10793 = ORIENTED_EDGE('',*,*,#10372,.T.);
#10794 = ORIENTED_EDGE('',*,*,#10403,.T.);
#10795 = ORIENTED_EDGE('',*,*,#10434,.T.);
#10796 = ORIENTED_EDGE('',*,*,#10465,.T.);
#10797 = ORIENTED_EDGE('',*,*,#10496,.T.);
#10798 = ORIENTED_EDGE('',*,*,#10527,.T.);
#10799 = ORIENTED_EDGE('',*,*,#10558,.T.);
#10800 = ORIENTED_EDGE('',*,*,#10589,.T.);
#10801 = ORIENTED_EDGE('',*,*,#10620,.T.);
#10802 = ORIENTED_EDGE('',*,*,#10651,.T.);
#10803 = ORIENTED_EDGE('',*,*,#10682,.T.);
#10804 = ORIENTED_EDGE('',*,*,#10713,.T.);
#10805 = ORIENTED_EDGE('',*,*,#10744,.T.);
#10806 = ORIENTED_EDGE('',*,*,#10766,.T.);
#10807 = PLANE('',#10808);
#10808 = AXIS2_PLACEMENT_3D('',#10809,#10810,#10811);
#10809 = CARTESIAN_POINT('',(-1.325,-0.200937564723,0.444942085346));
#10810 = DIRECTION('',(1.,0.,0.));
#10811 = DIRECTION('',(-0.,0.,1.));
#10812 = ADVANCED_FACE('',(#10813),#10843,.T.);
#10813 = FACE_BOUND('',#10814,.T.);
#10814 = EDGE_LOOP('',(#10815,#10816,#10817,#10818,#10819,#10820,#10821,
    #10822,#10823,#10824,#10825,#10826,#10827,#10828,#10829,#10830,
    #10831,#10832,#10833,#10834,#10835,#10836,#10837,#10838,#10839,
    #10840,#10841,#10842));
#10815 = ORIENTED_EDGE('',*,*,#9922,.T.);
#10816 = ORIENTED_EDGE('',*,*,#9953,.T.);
#10817 = ORIENTED_EDGE('',*,*,#9984,.T.);
#10818 = ORIENTED_EDGE('',*,*,#10015,.T.);
#10819 = ORIENTED_EDGE('',*,*,#10046,.T.);
#10820 = ORIENTED_EDGE('',*,*,#10077,.T.);
#10821 = ORIENTED_EDGE('',*,*,#10108,.T.);
#10822 = ORIENTED_EDGE('',*,*,#10139,.T.);
#10823 = ORIENTED_EDGE('',*,*,#10170,.T.);
#10824 = ORIENTED_EDGE('',*,*,#10201,.T.);
#10825 = ORIENTED_EDGE('',*,*,#10232,.T.);
#10826 = ORIENTED_EDGE('',*,*,#10263,.T.);
#10827 = ORIENTED_EDGE('',*,*,#10294,.T.);
#10828 = ORIENTED_EDGE('',*,*,#10325,.T.);
#10829 = ORIENTED_EDGE('',*,*,#10356,.T.);
#10830 = ORIENTED_EDGE('',*,*,#10387,.T.);
#10831 = ORIENTED_EDGE('',*,*,#10418,.T.);
#10832 = ORIENTED_EDGE('',*,*,#10449,.T.);
#10833 = ORIENTED_EDGE('',*,*,#10480,.T.);
#10834 = ORIENTED_EDGE('',*,*,#10511,.T.);
#10835 = ORIENTED_EDGE('',*,*,#10542,.T.);
#10836 = ORIENTED_EDGE('',*,*,#10573,.T.);
#10837 = ORIENTED_EDGE('',*,*,#10604,.T.);
#10838 = ORIENTED_EDGE('',*,*,#10635,.T.);
#10839 = ORIENTED_EDGE('',*,*,#10666,.T.);
#10840 = ORIENTED_EDGE('',*,*,#10697,.T.);
#10841 = ORIENTED_EDGE('',*,*,#10728,.T.);
#10842 = ORIENTED_EDGE('',*,*,#10759,.T.);
#10843 = PLANE('',#10844);
#10844 = AXIS2_PLACEMENT_3D('',#10845,#10846,#10847);
#10845 = CARTESIAN_POINT('',(-1.175,-0.200937564723,0.444942085346));
#10846 = DIRECTION('',(1.,0.,0.));
#10847 = DIRECTION('',(-0.,0.,1.));
#10848 = ( GEOMETRIC_REPRESENTATION_CONTEXT(3)
GLOBAL_UNCERTAINTY_ASSIGNED_CONTEXT((#10852))
GLOBAL_UNIT_ASSIGNED_CONTEXT((#10849,#10850,#10851))
REPRESENTATION_CONTEXT('Context #1',
  '3D Context with UNIT and UNCERTAINTY') );
#10849 = ( LENGTH_UNIT() NAMED_UNIT(*) SI_UNIT(.MILLI.,.METRE.) );
#10850 = ( NAMED_UNIT(*) PLANE_ANGLE_UNIT() SI_UNIT($,.RADIAN.) );
#10851 = ( NAMED_UNIT(*) SI_UNIT($,.STERADIAN.) SOLID_ANGLE_UNIT() );
#10852 = UNCERTAINTY_MEASURE_WITH_UNIT(LENGTH_MEASURE(1.E-07),#10849,
  'distance_accuracy_value','confusion accuracy');
#10853 = CONTEXT_DEPENDENT_SHAPE_REPRESENTATION(#10854,#10856);
#10854 = ( REPRESENTATION_RELATIONSHIP('','',#9905,#10)
REPRESENTATION_RELATIONSHIP_WITH_TRANSFORMATION(#10855)
SHAPE_REPRESENTATION_RELATIONSHIP() );
#10855 = ITEM_DEFINED_TRANSFORMATION('','',#11,#35);
#10856 = PRODUCT_DEFINITION_SHAPE('Placement','Placement of an item',
  #10857);
#10857 = NEXT_ASSEMBLY_USAGE_OCCURRENCE('6','Gold_contact_04','',#5,
  #9900,$);
#10858 = PRODUCT_RELATED_PRODUCT_CATEGORY('part',$,(#9902));
#10859 = SHAPE_DEFINITION_REPRESENTATION(#10860,#10866);
#10860 = PRODUCT_DEFINITION_SHAPE('','',#10861);
#10861 = PRODUCT_DEFINITION('design','',#10862,#10865);
#10862 = PRODUCT_DEFINITION_FORMATION('','',#10863);
#10863 = PRODUCT('Gold_contact_05','Gold_contact_05','',(#10864));
#10864 = PRODUCT_CONTEXT('',#2,'mechanical');
#10865 = PRODUCT_DEFINITION_CONTEXT('part definition',#2,'design');
#10866 = ADVANCED_BREP_SHAPE_REPRESENTATION('',(#11,#10867),#11809);
#10867 = MANIFOLD_SOLID_BREP('',#10868);
#10868 = CLOSED_SHELL('',(#10869,#10909,#10940,#10971,#11002,#11033,
    #11064,#11095,#11126,#11157,#11188,#11219,#11250,#11281,#11312,
    #11343,#11374,#11405,#11436,#11467,#11498,#11529,#11560,#11591,
    #11622,#11653,#11684,#11715,#11737,#11773));
#10869 = ADVANCED_FACE('',(#10870),#10904,.F.);
#10870 = FACE_BOUND('',#10871,.F.);
#10871 = EDGE_LOOP('',(#10872,#10882,#10890,#10898));
#10872 = ORIENTED_EDGE('',*,*,#10873,.T.);
#10873 = EDGE_CURVE('',#10874,#10876,#10878,.T.);
#10874 = VERTEX_POINT('',#10875);
#10875 = CARTESIAN_POINT('',(-0.825,-1.47,0.3));
#10876 = VERTEX_POINT('',#10877);
#10877 = CARTESIAN_POINT('',(-0.675,-1.47,0.3));
#10878 = LINE('',#10879,#10880);
#10879 = CARTESIAN_POINT('',(-0.825,-1.47,0.3));
#10880 = VECTOR('',#10881,1.);
#10881 = DIRECTION('',(1.,0.,0.));
#10882 = ORIENTED_EDGE('',*,*,#10883,.T.);
#10883 = EDGE_CURVE('',#10876,#10884,#10886,.T.);
#10884 = VERTEX_POINT('',#10885);
#10885 = CARTESIAN_POINT('',(-0.675,-1.39,0.27));
#10886 = LINE('',#10887,#10888);
#10887 = CARTESIAN_POINT('',(-0.675,-1.47,0.3));
#10888 = VECTOR('',#10889,1.);
#10889 = DIRECTION('',(0.,0.936329177569,-0.351123441588));
#10890 = ORIENTED_EDGE('',*,*,#10891,.F.);
#10891 = EDGE_CURVE('',#10892,#10884,#10894,.T.);
#10892 = VERTEX_POINT('',#10893);
#10893 = CARTESIAN_POINT('',(-0.825,-1.39,0.27));
#10894 = LINE('',#10895,#10896);
#10895 = CARTESIAN_POINT('',(-0.825,-1.39,0.27));
#10896 = VECTOR('',#10897,1.);
#10897 = DIRECTION('',(1.,0.,0.));
#10898 = ORIENTED_EDGE('',*,*,#10899,.F.);
#10899 = EDGE_CURVE('',#10874,#10892,#10900,.T.);
#10900 = LINE('',#10901,#10902);
#10901 = CARTESIAN_POINT('',(-0.825,-1.47,0.3));
#10902 = VECTOR('',#10903,1.);
#10903 = DIRECTION('',(0.,0.936329177569,-0.351123441588));
#10904 = PLANE('',#10905);
#10905 = AXIS2_PLACEMENT_3D('',#10906,#10907,#10908);
#10906 = CARTESIAN_POINT('',(-0.825,-1.47,0.3));
#10907 = DIRECTION('',(-0.,0.351123441588,0.936329177569));
#10908 = DIRECTION('',(0.,0.936329177569,-0.351123441588));
#10909 = ADVANCED_FACE('',(#10910),#10935,.F.);
#10910 = FACE_BOUND('',#10911,.F.);
#10911 = EDGE_LOOP('',(#10912,#10913,#10921,#10929));
#10912 = ORIENTED_EDGE('',*,*,#10891,.T.);
#10913 = ORIENTED_EDGE('',*,*,#10914,.T.);
#10914 = EDGE_CURVE('',#10884,#10915,#10917,.T.);
#10915 = VERTEX_POINT('',#10916);
#10916 = CARTESIAN_POINT('',(-0.675,-0.76,0.29));
#10917 = LINE('',#10918,#10919);
#10918 = CARTESIAN_POINT('',(-0.675,-1.39,0.27));
#10919 = VECTOR('',#10920,1.);
#10920 = DIRECTION('',(0.,0.999496475295,3.173004683477E-02));
#10921 = ORIENTED_EDGE('',*,*,#10922,.F.);
#10922 = EDGE_CURVE('',#10923,#10915,#10925,.T.);
#10923 = VERTEX_POINT('',#10924);
#10924 = CARTESIAN_POINT('',(-0.825,-0.76,0.29));
#10925 = LINE('',#10926,#10927);
#10926 = CARTESIAN_POINT('',(-0.825,-0.76,0.29));
#10927 = VECTOR('',#10928,1.);
#10928 = DIRECTION('',(1.,0.,0.));
#10929 = ORIENTED_EDGE('',*,*,#10930,.F.);
#10930 = EDGE_CURVE('',#10892,#10923,#10931,.T.);
#10931 = LINE('',#10932,#10933);
#10932 = CARTESIAN_POINT('',(-0.825,-1.39,0.27));
#10933 = VECTOR('',#10934,1.);
#10934 = DIRECTION('',(0.,0.999496475295,3.173004683477E-02));
#10935 = PLANE('',#10936);
#10936 = AXIS2_PLACEMENT_3D('',#10937,#10938,#10939);
#10937 = CARTESIAN_POINT('',(-0.825,-1.39,0.27));
#10938 = DIRECTION('',(0.,-3.173004683477E-02,0.999496475295));
#10939 = DIRECTION('',(0.,0.999496475295,3.173004683477E-02));
#10940 = ADVANCED_FACE('',(#10941),#10966,.F.);
#10941 = FACE_BOUND('',#10942,.F.);
#10942 = EDGE_LOOP('',(#10943,#10944,#10952,#10960));
#10943 = ORIENTED_EDGE('',*,*,#10922,.T.);
#10944 = ORIENTED_EDGE('',*,*,#10945,.T.);
#10945 = EDGE_CURVE('',#10915,#10946,#10948,.T.);
#10946 = VERTEX_POINT('',#10947);
#10947 = CARTESIAN_POINT('',(-0.675,-0.48,0.34));
#10948 = LINE('',#10949,#10950);
#10949 = CARTESIAN_POINT('',(-0.675,-0.76,0.29));
#10950 = VECTOR('',#10951,1.);
#10951 = DIRECTION('',(0.,0.984427575508,0.175790638484));
#10952 = ORIENTED_EDGE('',*,*,#10953,.F.);
#10953 = EDGE_CURVE('',#10954,#10946,#10956,.T.);
#10954 = VERTEX_POINT('',#10955);
#10955 = CARTESIAN_POINT('',(-0.825,-0.48,0.34));
#10956 = LINE('',#10957,#10958);
#10957 = CARTESIAN_POINT('',(-0.825,-0.48,0.34));
#10958 = VECTOR('',#10959,1.);
#10959 = DIRECTION('',(1.,0.,0.));
#10960 = ORIENTED_EDGE('',*,*,#10961,.F.);
#10961 = EDGE_CURVE('',#10923,#10954,#10962,.T.);
#10962 = LINE('',#10963,#10964);
#10963 = CARTESIAN_POINT('',(-0.825,-0.76,0.29));
#10964 = VECTOR('',#10965,1.);
#10965 = DIRECTION('',(0.,0.984427575508,0.175790638484));
#10966 = PLANE('',#10967);
#10967 = AXIS2_PLACEMENT_3D('',#10968,#10969,#10970);
#10968 = CARTESIAN_POINT('',(-0.825,-0.76,0.29));
#10969 = DIRECTION('',(0.,-0.175790638484,0.984427575508));
#10970 = DIRECTION('',(0.,0.984427575508,0.175790638484));
#10971 = ADVANCED_FACE('',(#10972),#10997,.F.);
#10972 = FACE_BOUND('',#10973,.F.);
#10973 = EDGE_LOOP('',(#10974,#10975,#10983,#10991));
#10974 = ORIENTED_EDGE('',*,*,#10953,.T.);
#10975 = ORIENTED_EDGE('',*,*,#10976,.T.);
#10976 = EDGE_CURVE('',#10946,#10977,#10979,.T.);
#10977 = VERTEX_POINT('',#10978);
#10978 = CARTESIAN_POINT('',(-0.675,5.E-02,0.34));
#10979 = LINE('',#10980,#10981);
#10980 = CARTESIAN_POINT('',(-0.675,-0.48,0.34));
#10981 = VECTOR('',#10982,1.);
#10982 = DIRECTION('',(0.,1.,0.));
#10983 = ORIENTED_EDGE('',*,*,#10984,.F.);
#10984 = EDGE_CURVE('',#10985,#10977,#10987,.T.);
#10985 = VERTEX_POINT('',#10986);
#10986 = CARTESIAN_POINT('',(-0.825,5.E-02,0.34));
#10987 = LINE('',#10988,#10989);
#10988 = CARTESIAN_POINT('',(-0.825,5.E-02,0.34));
#10989 = VECTOR('',#10990,1.);
#10990 = DIRECTION('',(1.,0.,0.));
#10991 = ORIENTED_EDGE('',*,*,#10992,.F.);
#10992 = EDGE_CURVE('',#10954,#10985,#10993,.T.);
#10993 = LINE('',#10994,#10995);
#10994 = CARTESIAN_POINT('',(-0.825,-0.48,0.34));
#10995 = VECTOR('',#10996,1.);
#10996 = DIRECTION('',(0.,1.,0.));
#10997 = PLANE('',#10998);
#10998 = AXIS2_PLACEMENT_3D('',#10999,#11000,#11001);
#10999 = CARTESIAN_POINT('',(-0.825,-0.48,0.34));
#11000 = DIRECTION('',(0.,0.,1.));
#11001 = DIRECTION('',(0.,1.,0.));
#11002 = ADVANCED_FACE('',(#11003),#11028,.F.);
#11003 = FACE_BOUND('',#11004,.F.);
#11004 = EDGE_LOOP('',(#11005,#11006,#11014,#11022));
#11005 = ORIENTED_EDGE('',*,*,#10984,.T.);
#11006 = ORIENTED_EDGE('',*,*,#11007,.T.);
#11007 = EDGE_CURVE('',#10977,#11008,#11010,.T.);
#11008 = VERTEX_POINT('',#11009);
#11009 = CARTESIAN_POINT('',(-0.675,0.17,0.29));
#11010 = LINE('',#11011,#11012);
#11011 = CARTESIAN_POINT('',(-0.675,5.E-02,0.34));
#11012 = VECTOR('',#11013,1.);
#11013 = DIRECTION('',(0.,0.923076923077,-0.384615384615));
#11014 = ORIENTED_EDGE('',*,*,#11015,.F.);
#11015 = EDGE_CURVE('',#11016,#11008,#11018,.T.);
#11016 = VERTEX_POINT('',#11017);
#11017 = CARTESIAN_POINT('',(-0.825,0.17,0.29));
#11018 = LINE('',#11019,#11020);
#11019 = CARTESIAN_POINT('',(-0.825,0.17,0.29));
#11020 = VECTOR('',#11021,1.);
#11021 = DIRECTION('',(1.,0.,0.));
#11022 = ORIENTED_EDGE('',*,*,#11023,.F.);
#11023 = EDGE_CURVE('',#10985,#11016,#11024,.T.);
#11024 = LINE('',#11025,#11026);
#11025 = CARTESIAN_POINT('',(-0.825,5.E-02,0.34));
#11026 = VECTOR('',#11027,1.);
#11027 = DIRECTION('',(0.,0.923076923077,-0.384615384615));
#11028 = PLANE('',#11029);
#11029 = AXIS2_PLACEMENT_3D('',#11030,#11031,#11032);
#11030 = CARTESIAN_POINT('',(-0.825,5.E-02,0.34));
#11031 = DIRECTION('',(-0.,0.384615384615,0.923076923077));
#11032 = DIRECTION('',(0.,0.923076923077,-0.384615384615));
#11033 = ADVANCED_FACE('',(#11034),#11059,.F.);
#11034 = FACE_BOUND('',#11035,.F.);
#11035 = EDGE_LOOP('',(#11036,#11037,#11045,#11053));
#11036 = ORIENTED_EDGE('',*,*,#11015,.T.);
#11037 = ORIENTED_EDGE('',*,*,#11038,.T.);
#11038 = EDGE_CURVE('',#11008,#11039,#11041,.T.);
#11039 = VERTEX_POINT('',#11040);
#11040 = CARTESIAN_POINT('',(-0.675,0.2,0.18));
#11041 = LINE('',#11042,#11043);
#11042 = CARTESIAN_POINT('',(-0.675,0.17,0.29));
#11043 = VECTOR('',#11044,1.);
#11044 = DIRECTION('',(0.,0.263117405792,-0.964763821238));
#11045 = ORIENTED_EDGE('',*,*,#11046,.F.);
#11046 = EDGE_CURVE('',#11047,#11039,#11049,.T.);
#11047 = VERTEX_POINT('',#11048);
#11048 = CARTESIAN_POINT('',(-0.825,0.2,0.18));
#11049 = LINE('',#11050,#11051);
#11050 = CARTESIAN_POINT('',(-0.825,0.2,0.18));
#11051 = VECTOR('',#11052,1.);
#11052 = DIRECTION('',(1.,0.,0.));
#11053 = ORIENTED_EDGE('',*,*,#11054,.F.);
#11054 = EDGE_CURVE('',#11016,#11047,#11055,.T.);
#11055 = LINE('',#11056,#11057);
#11056 = CARTESIAN_POINT('',(-0.825,0.17,0.29));
#11057 = VECTOR('',#11058,1.);
#11058 = DIRECTION('',(0.,0.263117405792,-0.964763821238));
#11059 = PLANE('',#11060);
#11060 = AXIS2_PLACEMENT_3D('',#11061,#11062,#11063);
#11061 = CARTESIAN_POINT('',(-0.825,0.17,0.29));
#11062 = DIRECTION('',(-0.,0.964763821238,0.263117405792));
#11063 = DIRECTION('',(0.,0.263117405792,-0.964763821238));
#11064 = ADVANCED_FACE('',(#11065),#11090,.F.);
#11065 = FACE_BOUND('',#11066,.F.);
#11066 = EDGE_LOOP('',(#11067,#11068,#11076,#11084));
#11067 = ORIENTED_EDGE('',*,*,#11046,.T.);
#11068 = ORIENTED_EDGE('',*,*,#11069,.T.);
#11069 = EDGE_CURVE('',#11039,#11070,#11072,.T.);
#11070 = VERTEX_POINT('',#11071);
#11071 = CARTESIAN_POINT('',(-0.675,0.88,0.18));
#11072 = LINE('',#11073,#11074);
#11073 = CARTESIAN_POINT('',(-0.675,0.2,0.18));
#11074 = VECTOR('',#11075,1.);
#11075 = DIRECTION('',(0.,1.,0.));
#11076 = ORIENTED_EDGE('',*,*,#11077,.F.);
#11077 = EDGE_CURVE('',#11078,#11070,#11080,.T.);
#11078 = VERTEX_POINT('',#11079);
#11079 = CARTESIAN_POINT('',(-0.825,0.88,0.18));
#11080 = LINE('',#11081,#11082);
#11081 = CARTESIAN_POINT('',(-0.825,0.88,0.18));
#11082 = VECTOR('',#11083,1.);
#11083 = DIRECTION('',(1.,0.,0.));
#11084 = ORIENTED_EDGE('',*,*,#11085,.F.);
#11085 = EDGE_CURVE('',#11047,#11078,#11086,.T.);
#11086 = LINE('',#11087,#11088);
#11087 = CARTESIAN_POINT('',(-0.825,0.2,0.18));
#11088 = VECTOR('',#11089,1.);
#11089 = DIRECTION('',(0.,1.,0.));
#11090 = PLANE('',#11091);
#11091 = AXIS2_PLACEMENT_3D('',#11092,#11093,#11094);
#11092 = CARTESIAN_POINT('',(-0.825,0.2,0.18));
#11093 = DIRECTION('',(0.,0.,1.));
#11094 = DIRECTION('',(0.,1.,0.));
#11095 = ADVANCED_FACE('',(#11096),#11121,.F.);
#11096 = FACE_BOUND('',#11097,.F.);
#11097 = EDGE_LOOP('',(#11098,#11099,#11107,#11115));
#11098 = ORIENTED_EDGE('',*,*,#11077,.T.);
#11099 = ORIENTED_EDGE('',*,*,#11100,.T.);
#11100 = EDGE_CURVE('',#11070,#11101,#11103,.T.);
#11101 = VERTEX_POINT('',#11102);
#11102 = CARTESIAN_POINT('',(-0.675,0.99,2.E-02));
#11103 = LINE('',#11104,#11105);
#11104 = CARTESIAN_POINT('',(-0.675,0.88,0.18));
#11105 = VECTOR('',#11106,1.);
#11106 = DIRECTION('',(0.,0.566528822887,-0.824041924199));
#11107 = ORIENTED_EDGE('',*,*,#11108,.F.);
#11108 = EDGE_CURVE('',#11109,#11101,#11111,.T.);
#11109 = VERTEX_POINT('',#11110);
#11110 = CARTESIAN_POINT('',(-0.825,0.99,2.E-02));
#11111 = LINE('',#11112,#11113);
#11112 = CARTESIAN_POINT('',(-0.825,0.99,2.E-02));
#11113 = VECTOR('',#11114,1.);
#11114 = DIRECTION('',(1.,0.,0.));
#11115 = ORIENTED_EDGE('',*,*,#11116,.F.);
#11116 = EDGE_CURVE('',#11078,#11109,#11117,.T.);
#11117 = LINE('',#11118,#11119);
#11118 = CARTESIAN_POINT('',(-0.825,0.88,0.18));
#11119 = VECTOR('',#11120,1.);
#11120 = DIRECTION('',(0.,0.566528822887,-0.824041924199));
#11121 = PLANE('',#11122);
#11122 = AXIS2_PLACEMENT_3D('',#11123,#11124,#11125);
#11123 = CARTESIAN_POINT('',(-0.825,0.88,0.18));
#11124 = DIRECTION('',(-0.,0.824041924199,0.566528822887));
#11125 = DIRECTION('',(0.,0.566528822887,-0.824041924199));
#11126 = ADVANCED_FACE('',(#11127),#11152,.F.);
#11127 = FACE_BOUND('',#11128,.F.);
#11128 = EDGE_LOOP('',(#11129,#11130,#11138,#11146));
#11129 = ORIENTED_EDGE('',*,*,#11108,.T.);
#11130 = ORIENTED_EDGE('',*,*,#11131,.T.);
#11131 = EDGE_CURVE('',#11101,#11132,#11134,.T.);
#11132 = VERTEX_POINT('',#11133);
#11133 = CARTESIAN_POINT('',(-0.675,1.38,0.));
#11134 = LINE('',#11135,#11136);
#11135 = CARTESIAN_POINT('',(-0.675,0.99,2.E-02));
#11136 = VECTOR('',#11137,1.);
#11137 = DIRECTION('',(0.,0.998687663477,-5.121475197316E-02));
#11138 = ORIENTED_EDGE('',*,*,#11139,.F.);
#11139 = EDGE_CURVE('',#11140,#11132,#11142,.T.);
#11140 = VERTEX_POINT('',#11141);
#11141 = CARTESIAN_POINT('',(-0.825,1.38,0.));
#11142 = LINE('',#11143,#11144);
#11143 = CARTESIAN_POINT('',(-0.825,1.38,0.));
#11144 = VECTOR('',#11145,1.);
#11145 = DIRECTION('',(1.,0.,0.));
#11146 = ORIENTED_EDGE('',*,*,#11147,.F.);
#11147 = EDGE_CURVE('',#11109,#11140,#11148,.T.);
#11148 = LINE('',#11149,#11150);
#11149 = CARTESIAN_POINT('',(-0.825,0.99,2.E-02));
#11150 = VECTOR('',#11151,1.);
#11151 = DIRECTION('',(0.,0.998687663477,-5.121475197316E-02));
#11152 = PLANE('',#11153);
#11153 = AXIS2_PLACEMENT_3D('',#11154,#11155,#11156);
#11154 = CARTESIAN_POINT('',(-0.825,0.99,2.E-02));
#11155 = DIRECTION('',(-0.,5.121475197316E-02,0.998687663477));
#11156 = DIRECTION('',(0.,0.998687663477,-5.121475197316E-02));
#11157 = ADVANCED_FACE('',(#11158),#11183,.F.);
#11158 = FACE_BOUND('',#11159,.F.);
#11159 = EDGE_LOOP('',(#11160,#11161,#11169,#11177));
#11160 = ORIENTED_EDGE('',*,*,#11139,.T.);
#11161 = ORIENTED_EDGE('',*,*,#11162,.T.);
#11162 = EDGE_CURVE('',#11132,#11163,#11165,.T.);
#11163 = VERTEX_POINT('',#11164);
#11164 = CARTESIAN_POINT('',(-0.675,1.38,8.E-02));
#11165 = LINE('',#11166,#11167);
#11166 = CARTESIAN_POINT('',(-0.675,1.38,0.));
#11167 = VECTOR('',#11168,1.);
#11168 = DIRECTION('',(0.,0.,1.));
#11169 = ORIENTED_EDGE('',*,*,#11170,.F.);
#11170 = EDGE_CURVE('',#11171,#11163,#11173,.T.);
#11171 = VERTEX_POINT('',#11172);
#11172 = CARTESIAN_POINT('',(-0.825,1.38,8.E-02));
#11173 = LINE('',#11174,#11175);
#11174 = CARTESIAN_POINT('',(-0.825,1.38,8.E-02));
#11175 = VECTOR('',#11176,1.);
#11176 = DIRECTION('',(1.,0.,0.));
#11177 = ORIENTED_EDGE('',*,*,#11178,.F.);
#11178 = EDGE_CURVE('',#11140,#11171,#11179,.T.);
#11179 = LINE('',#11180,#11181);
#11180 = CARTESIAN_POINT('',(-0.825,1.38,0.));
#11181 = VECTOR('',#11182,1.);
#11182 = DIRECTION('',(0.,0.,1.));
#11183 = PLANE('',#11184);
#11184 = AXIS2_PLACEMENT_3D('',#11185,#11186,#11187);
#11185 = CARTESIAN_POINT('',(-0.825,1.38,0.));
#11186 = DIRECTION('',(0.,-1.,0.));
#11187 = DIRECTION('',(0.,0.,1.));
#11188 = ADVANCED_FACE('',(#11189),#11214,.F.);
#11189 = FACE_BOUND('',#11190,.F.);
#11190 = EDGE_LOOP('',(#11191,#11192,#11200,#11208));
#11191 = ORIENTED_EDGE('',*,*,#11170,.T.);
#11192 = ORIENTED_EDGE('',*,*,#11193,.T.);
#11193 = EDGE_CURVE('',#11163,#11194,#11196,.T.);
#11194 = VERTEX_POINT('',#11195);
#11195 = CARTESIAN_POINT('',(-0.675,1.05,0.1));
#11196 = LINE('',#11197,#11198);
#11197 = CARTESIAN_POINT('',(-0.675,1.38,8.E-02));
#11198 = VECTOR('',#11199,1.);
#11199 = DIRECTION('',(0.,-0.998168496631,6.049506040189E-02));
#11200 = ORIENTED_EDGE('',*,*,#11201,.F.);
#11201 = EDGE_CURVE('',#11202,#11194,#11204,.T.);
#11202 = VERTEX_POINT('',#11203);
#11203 = CARTESIAN_POINT('',(-0.825,1.05,0.1));
#11204 = LINE('',#11205,#11206);
#11205 = CARTESIAN_POINT('',(-0.825,1.05,0.1));
#11206 = VECTOR('',#11207,1.);
#11207 = DIRECTION('',(1.,0.,0.));
#11208 = ORIENTED_EDGE('',*,*,#11209,.F.);
#11209 = EDGE_CURVE('',#11171,#11202,#11210,.T.);
#11210 = LINE('',#11211,#11212);
#11211 = CARTESIAN_POINT('',(-0.825,1.38,8.E-02));
#11212 = VECTOR('',#11213,1.);
#11213 = DIRECTION('',(0.,-0.998168496631,6.049506040189E-02));
#11214 = PLANE('',#11215);
#11215 = AXIS2_PLACEMENT_3D('',#11216,#11217,#11218);
#11216 = CARTESIAN_POINT('',(-0.825,1.38,8.E-02));
#11217 = DIRECTION('',(0.,-6.049506040189E-02,-0.998168496631));
#11218 = DIRECTION('',(0.,-0.998168496631,6.049506040189E-02));
#11219 = ADVANCED_FACE('',(#11220),#11245,.F.);
#11220 = FACE_BOUND('',#11221,.F.);
#11221 = EDGE_LOOP('',(#11222,#11223,#11231,#11239));
#11222 = ORIENTED_EDGE('',*,*,#11201,.T.);
#11223 = ORIENTED_EDGE('',*,*,#11224,.T.);
#11224 = EDGE_CURVE('',#11194,#11225,#11227,.T.);
#11225 = VERTEX_POINT('',#11226);
#11226 = CARTESIAN_POINT('',(-0.675,0.97,0.26));
#11227 = LINE('',#11228,#11229);
#11228 = CARTESIAN_POINT('',(-0.675,1.05,0.1));
#11229 = VECTOR('',#11230,1.);
#11230 = DIRECTION('',(0.,-0.4472135955,0.894427191));
#11231 = ORIENTED_EDGE('',*,*,#11232,.F.);
#11232 = EDGE_CURVE('',#11233,#11225,#11235,.T.);
#11233 = VERTEX_POINT('',#11234);
#11234 = CARTESIAN_POINT('',(-0.825,0.97,0.26));
#11235 = LINE('',#11236,#11237);
#11236 = CARTESIAN_POINT('',(-0.825,0.97,0.26));
#11237 = VECTOR('',#11238,1.);
#11238 = DIRECTION('',(1.,0.,0.));
#11239 = ORIENTED_EDGE('',*,*,#11240,.F.);
#11240 = EDGE_CURVE('',#11202,#11233,#11241,.T.);
#11241 = LINE('',#11242,#11243);
#11242 = CARTESIAN_POINT('',(-0.825,1.05,0.1));
#11243 = VECTOR('',#11244,1.);
#11244 = DIRECTION('',(0.,-0.4472135955,0.894427191));
#11245 = PLANE('',#11246);
#11246 = AXIS2_PLACEMENT_3D('',#11247,#11248,#11249);
#11247 = CARTESIAN_POINT('',(-0.825,1.05,0.1));
#11248 = DIRECTION('',(0.,-0.894427191,-0.4472135955));
#11249 = DIRECTION('',(0.,-0.4472135955,0.894427191));
#11250 = ADVANCED_FACE('',(#11251),#11276,.F.);
#11251 = FACE_BOUND('',#11252,.F.);
#11252 = EDGE_LOOP('',(#11253,#11254,#11262,#11270));
#11253 = ORIENTED_EDGE('',*,*,#11232,.T.);
#11254 = ORIENTED_EDGE('',*,*,#11255,.T.);
#11255 = EDGE_CURVE('',#11225,#11256,#11258,.T.);
#11256 = VERTEX_POINT('',#11257);
#11257 = CARTESIAN_POINT('',(-0.675,0.28,0.26));
#11258 = LINE('',#11259,#11260);
#11259 = CARTESIAN_POINT('',(-0.675,0.97,0.26));
#11260 = VECTOR('',#11261,1.);
#11261 = DIRECTION('',(0.,-1.,0.));
#11262 = ORIENTED_EDGE('',*,*,#11263,.F.);
#11263 = EDGE_CURVE('',#11264,#11256,#11266,.T.);
#11264 = VERTEX_POINT('',#11265);
#11265 = CARTESIAN_POINT('',(-0.825,0.28,0.26));
#11266 = LINE('',#11267,#11268);
#11267 = CARTESIAN_POINT('',(-0.825,0.28,0.26));
#11268 = VECTOR('',#11269,1.);
#11269 = DIRECTION('',(1.,0.,0.));
#11270 = ORIENTED_EDGE('',*,*,#11271,.F.);
#11271 = EDGE_CURVE('',#11233,#11264,#11272,.T.);
#11272 = LINE('',#11273,#11274);
#11273 = CARTESIAN_POINT('',(-0.825,0.97,0.26));
#11274 = VECTOR('',#11275,1.);
#11275 = DIRECTION('',(0.,-1.,0.));
#11276 = PLANE('',#11277);
#11277 = AXIS2_PLACEMENT_3D('',#11278,#11279,#11280);
#11278 = CARTESIAN_POINT('',(-0.825,0.97,0.26));
#11279 = DIRECTION('',(0.,0.,-1.));
#11280 = DIRECTION('',(0.,-1.,0.));
#11281 = ADVANCED_FACE('',(#11282),#11307,.F.);
#11282 = FACE_BOUND('',#11283,.F.);
#11283 = EDGE_LOOP('',(#11284,#11285,#11293,#11301));
#11284 = ORIENTED_EDGE('',*,*,#11263,.T.);
#11285 = ORIENTED_EDGE('',*,*,#11286,.T.);
#11286 = EDGE_CURVE('',#11256,#11287,#11289,.T.);
#11287 = VERTEX_POINT('',#11288);
#11288 = CARTESIAN_POINT('',(-0.675,0.22,0.42));
#11289 = LINE('',#11290,#11291);
#11290 = CARTESIAN_POINT('',(-0.675,0.28,0.26));
#11291 = VECTOR('',#11292,1.);
#11292 = DIRECTION('',(0.,-0.351123441588,0.936329177569));
#11293 = ORIENTED_EDGE('',*,*,#11294,.F.);
#11294 = EDGE_CURVE('',#11295,#11287,#11297,.T.);
#11295 = VERTEX_POINT('',#11296);
#11296 = CARTESIAN_POINT('',(-0.825,0.22,0.42));
#11297 = LINE('',#11298,#11299);
#11298 = CARTESIAN_POINT('',(-0.825,0.22,0.42));
#11299 = VECTOR('',#11300,1.);
#11300 = DIRECTION('',(1.,0.,0.));
#11301 = ORIENTED_EDGE('',*,*,#11302,.F.);
#11302 = EDGE_CURVE('',#11264,#11295,#11303,.T.);
#11303 = LINE('',#11304,#11305);
#11304 = CARTESIAN_POINT('',(-0.825,0.28,0.26));
#11305 = VECTOR('',#11306,1.);
#11306 = DIRECTION('',(0.,-0.351123441588,0.936329177569));
#11307 = PLANE('',#11308);
#11308 = AXIS2_PLACEMENT_3D('',#11309,#11310,#11311);
#11309 = CARTESIAN_POINT('',(-0.825,0.28,0.26));
#11310 = DIRECTION('',(0.,-0.936329177569,-0.351123441588));
#11311 = DIRECTION('',(0.,-0.351123441588,0.936329177569));
#11312 = ADVANCED_FACE('',(#11313),#11338,.F.);
#11313 = FACE_BOUND('',#11314,.F.);
#11314 = EDGE_LOOP('',(#11315,#11316,#11324,#11332));
#11315 = ORIENTED_EDGE('',*,*,#11294,.T.);
#11316 = ORIENTED_EDGE('',*,*,#11317,.T.);
#11317 = EDGE_CURVE('',#11287,#11318,#11320,.T.);
#11318 = VERTEX_POINT('',#11319);
#11319 = CARTESIAN_POINT('',(-0.675,0.22,0.78));
#11320 = LINE('',#11321,#11322);
#11321 = CARTESIAN_POINT('',(-0.675,0.22,0.42));
#11322 = VECTOR('',#11323,1.);
#11323 = DIRECTION('',(0.,0.,1.));
#11324 = ORIENTED_EDGE('',*,*,#11325,.F.);
#11325 = EDGE_CURVE('',#11326,#11318,#11328,.T.);
#11326 = VERTEX_POINT('',#11327);
#11327 = CARTESIAN_POINT('',(-0.825,0.22,0.78));
#11328 = LINE('',#11329,#11330);
#11329 = CARTESIAN_POINT('',(-0.825,0.22,0.78));
#11330 = VECTOR('',#11331,1.);
#11331 = DIRECTION('',(1.,0.,0.));
#11332 = ORIENTED_EDGE('',*,*,#11333,.F.);
#11333 = EDGE_CURVE('',#11295,#11326,#11334,.T.);
#11334 = LINE('',#11335,#11336);
#11335 = CARTESIAN_POINT('',(-0.825,0.22,0.42));
#11336 = VECTOR('',#11337,1.);
#11337 = DIRECTION('',(0.,0.,1.));
#11338 = PLANE('',#11339);
#11339 = AXIS2_PLACEMENT_3D('',#11340,#11341,#11342);
#11340 = CARTESIAN_POINT('',(-0.825,0.22,0.42));
#11341 = DIRECTION('',(0.,-1.,0.));
#11342 = DIRECTION('',(0.,0.,1.));
#11343 = ADVANCED_FACE('',(#11344),#11369,.F.);
#11344 = FACE_BOUND('',#11345,.F.);
#11345 = EDGE_LOOP('',(#11346,#11347,#11355,#11363));
#11346 = ORIENTED_EDGE('',*,*,#11325,.T.);
#11347 = ORIENTED_EDGE('',*,*,#11348,.T.);
#11348 = EDGE_CURVE('',#11318,#11349,#11351,.T.);
#11349 = VERTEX_POINT('',#11350);
#11350 = CARTESIAN_POINT('',(-0.675,6.E-02,0.84));
#11351 = LINE('',#11352,#11353);
#11352 = CARTESIAN_POINT('',(-0.675,0.22,0.78));
#11353 = VECTOR('',#11354,1.);
#11354 = DIRECTION('',(0.,-0.936329177569,0.351123441588));
#11355 = ORIENTED_EDGE('',*,*,#11356,.F.);
#11356 = EDGE_CURVE('',#11357,#11349,#11359,.T.);
#11357 = VERTEX_POINT('',#11358);
#11358 = CARTESIAN_POINT('',(-0.825,6.E-02,0.84));
#11359 = LINE('',#11360,#11361);
#11360 = CARTESIAN_POINT('',(-0.825,6.E-02,0.84));
#11361 = VECTOR('',#11362,1.);
#11362 = DIRECTION('',(1.,0.,0.));
#11363 = ORIENTED_EDGE('',*,*,#11364,.F.);
#11364 = EDGE_CURVE('',#11326,#11357,#11365,.T.);
#11365 = LINE('',#11366,#11367);
#11366 = CARTESIAN_POINT('',(-0.825,0.22,0.78));
#11367 = VECTOR('',#11368,1.);
#11368 = DIRECTION('',(0.,-0.936329177569,0.351123441588));
#11369 = PLANE('',#11370);
#11370 = AXIS2_PLACEMENT_3D('',#11371,#11372,#11373);
#11371 = CARTESIAN_POINT('',(-0.825,0.22,0.78));
#11372 = DIRECTION('',(0.,-0.351123441588,-0.936329177569));
#11373 = DIRECTION('',(0.,-0.936329177569,0.351123441588));
#11374 = ADVANCED_FACE('',(#11375),#11400,.F.);
#11375 = FACE_BOUND('',#11376,.F.);
#11376 = EDGE_LOOP('',(#11377,#11378,#11386,#11394));
#11377 = ORIENTED_EDGE('',*,*,#11356,.T.);
#11378 = ORIENTED_EDGE('',*,*,#11379,.T.);
#11379 = EDGE_CURVE('',#11349,#11380,#11382,.T.);
#11380 = VERTEX_POINT('',#11381);
#11381 = CARTESIAN_POINT('',(-0.675,-0.3,0.82));
#11382 = LINE('',#11383,#11384);
#11383 = CARTESIAN_POINT('',(-0.675,6.E-02,0.84));
#11384 = VECTOR('',#11385,1.);
#11385 = DIRECTION('',(0.,-0.998460353205,-5.547001962252E-02));
#11386 = ORIENTED_EDGE('',*,*,#11387,.F.);
#11387 = EDGE_CURVE('',#11388,#11380,#11390,.T.);
#11388 = VERTEX_POINT('',#11389);
#11389 = CARTESIAN_POINT('',(-0.825,-0.3,0.82));
#11390 = LINE('',#11391,#11392);
#11391 = CARTESIAN_POINT('',(-0.825,-0.3,0.82));
#11392 = VECTOR('',#11393,1.);
#11393 = DIRECTION('',(1.,0.,0.));
#11394 = ORIENTED_EDGE('',*,*,#11395,.F.);
#11395 = EDGE_CURVE('',#11357,#11388,#11396,.T.);
#11396 = LINE('',#11397,#11398);
#11397 = CARTESIAN_POINT('',(-0.825,6.E-02,0.84));
#11398 = VECTOR('',#11399,1.);
#11399 = DIRECTION('',(0.,-0.998460353205,-5.547001962252E-02));
#11400 = PLANE('',#11401);
#11401 = AXIS2_PLACEMENT_3D('',#11402,#11403,#11404);
#11402 = CARTESIAN_POINT('',(-0.825,6.E-02,0.84));
#11403 = DIRECTION('',(0.,5.547001962252E-02,-0.998460353205));
#11404 = DIRECTION('',(0.,-0.998460353205,-5.547001962252E-02));
#11405 = ADVANCED_FACE('',(#11406),#11431,.F.);
#11406 = FACE_BOUND('',#11407,.F.);
#11407 = EDGE_LOOP('',(#11408,#11409,#11417,#11425));
#11408 = ORIENTED_EDGE('',*,*,#11387,.T.);
#11409 = ORIENTED_EDGE('',*,*,#11410,.T.);
#11410 = EDGE_CURVE('',#11380,#11411,#11413,.T.);
#11411 = VERTEX_POINT('',#11412);
#11412 = CARTESIAN_POINT('',(-0.675,-1.39,0.72));
#11413 = LINE('',#11414,#11415);
#11414 = CARTESIAN_POINT('',(-0.675,-0.3,0.82));
#11415 = VECTOR('',#11416,1.);
#11416 = DIRECTION('',(0.,-0.995817981008,-9.135944779885E-02));
#11417 = ORIENTED_EDGE('',*,*,#11418,.F.);
#11418 = EDGE_CURVE('',#11419,#11411,#11421,.T.);
#11419 = VERTEX_POINT('',#11420);
#11420 = CARTESIAN_POINT('',(-0.825,-1.39,0.72));
#11421 = LINE('',#11422,#11423);
#11422 = CARTESIAN_POINT('',(-0.825,-1.39,0.72));
#11423 = VECTOR('',#11424,1.);
#11424 = DIRECTION('',(1.,0.,0.));
#11425 = ORIENTED_EDGE('',*,*,#11426,.F.);
#11426 = EDGE_CURVE('',#11388,#11419,#11427,.T.);
#11427 = LINE('',#11428,#11429);
#11428 = CARTESIAN_POINT('',(-0.825,-0.3,0.82));
#11429 = VECTOR('',#11430,1.);
#11430 = DIRECTION('',(0.,-0.995817981008,-9.135944779885E-02));
#11431 = PLANE('',#11432);
#11432 = AXIS2_PLACEMENT_3D('',#11433,#11434,#11435);
#11433 = CARTESIAN_POINT('',(-0.825,-0.3,0.82));
#11434 = DIRECTION('',(0.,9.135944779885E-02,-0.995817981008));
#11435 = DIRECTION('',(0.,-0.995817981008,-9.135944779885E-02));
#11436 = ADVANCED_FACE('',(#11437),#11462,.F.);
#11437 = FACE_BOUND('',#11438,.F.);
#11438 = EDGE_LOOP('',(#11439,#11440,#11448,#11456));
#11439 = ORIENTED_EDGE('',*,*,#11418,.T.);
#11440 = ORIENTED_EDGE('',*,*,#11441,.T.);
#11441 = EDGE_CURVE('',#11411,#11442,#11444,.T.);
#11442 = VERTEX_POINT('',#11443);
#11443 = CARTESIAN_POINT('',(-0.675,-1.47,0.68));
#11444 = LINE('',#11445,#11446);
#11445 = CARTESIAN_POINT('',(-0.675,-1.39,0.72));
#11446 = VECTOR('',#11447,1.);
#11447 = DIRECTION('',(0.,-0.894427191,-0.4472135955));
#11448 = ORIENTED_EDGE('',*,*,#11449,.F.);
#11449 = EDGE_CURVE('',#11450,#11442,#11452,.T.);
#11450 = VERTEX_POINT('',#11451);
#11451 = CARTESIAN_POINT('',(-0.825,-1.47,0.68));
#11452 = LINE('',#11453,#11454);
#11453 = CARTESIAN_POINT('',(-0.825,-1.47,0.68));
#11454 = VECTOR('',#11455,1.);
#11455 = DIRECTION('',(1.,0.,0.));
#11456 = ORIENTED_EDGE('',*,*,#11457,.F.);
#11457 = EDGE_CURVE('',#11419,#11450,#11458,.T.);
#11458 = LINE('',#11459,#11460);
#11459 = CARTESIAN_POINT('',(-0.825,-1.39,0.72));
#11460 = VECTOR('',#11461,1.);
#11461 = DIRECTION('',(0.,-0.894427191,-0.4472135955));
#11462 = PLANE('',#11463);
#11463 = AXIS2_PLACEMENT_3D('',#11464,#11465,#11466);
#11464 = CARTESIAN_POINT('',(-0.825,-1.39,0.72));
#11465 = DIRECTION('',(0.,0.4472135955,-0.894427191));
#11466 = DIRECTION('',(0.,-0.894427191,-0.4472135955));
#11467 = ADVANCED_FACE('',(#11468),#11493,.F.);
#11468 = FACE_BOUND('',#11469,.F.);
#11469 = EDGE_LOOP('',(#11470,#11471,#11479,#11487));
#11470 = ORIENTED_EDGE('',*,*,#11449,.T.);
#11471 = ORIENTED_EDGE('',*,*,#11472,.T.);
#11472 = EDGE_CURVE('',#11442,#11473,#11475,.T.);
#11473 = VERTEX_POINT('',#11474);
#11474 = CARTESIAN_POINT('',(-0.675,-1.41,0.63));
#11475 = LINE('',#11476,#11477);
#11476 = CARTESIAN_POINT('',(-0.675,-1.47,0.68));
#11477 = VECTOR('',#11478,1.);
#11478 = DIRECTION('',(0.,0.768221279597,-0.640184399664));
#11479 = ORIENTED_EDGE('',*,*,#11480,.F.);
#11480 = EDGE_CURVE('',#11481,#11473,#11483,.T.);
#11481 = VERTEX_POINT('',#11482);
#11482 = CARTESIAN_POINT('',(-0.825,-1.41,0.63));
#11483 = LINE('',#11484,#11485);
#11484 = CARTESIAN_POINT('',(-0.825,-1.41,0.63));
#11485 = VECTOR('',#11486,1.);
#11486 = DIRECTION('',(1.,0.,0.));
#11487 = ORIENTED_EDGE('',*,*,#11488,.F.);
#11488 = EDGE_CURVE('',#11450,#11481,#11489,.T.);
#11489 = LINE('',#11490,#11491);
#11490 = CARTESIAN_POINT('',(-0.825,-1.47,0.68));
#11491 = VECTOR('',#11492,1.);
#11492 = DIRECTION('',(0.,0.768221279597,-0.640184399664));
#11493 = PLANE('',#11494);
#11494 = AXIS2_PLACEMENT_3D('',#11495,#11496,#11497);
#11495 = CARTESIAN_POINT('',(-0.825,-1.47,0.68));
#11496 = DIRECTION('',(-0.,0.640184399664,0.768221279597));
#11497 = DIRECTION('',(0.,0.768221279597,-0.640184399664));
#11498 = ADVANCED_FACE('',(#11499),#11524,.F.);
#11499 = FACE_BOUND('',#11500,.F.);
#11500 = EDGE_LOOP('',(#11501,#11502,#11510,#11518));
#11501 = ORIENTED_EDGE('',*,*,#11480,.T.);
#11502 = ORIENTED_EDGE('',*,*,#11503,.T.);
#11503 = EDGE_CURVE('',#11473,#11504,#11506,.T.);
#11504 = VERTEX_POINT('',#11505);
#11505 = CARTESIAN_POINT('',(-0.675,-1.3,0.65));
#11506 = LINE('',#11507,#11508);
#11507 = CARTESIAN_POINT('',(-0.675,-1.41,0.63));
#11508 = VECTOR('',#11509,1.);
#11509 = DIRECTION('',(0.,0.9838699101,0.1788854382));
#11510 = ORIENTED_EDGE('',*,*,#11511,.F.);
#11511 = EDGE_CURVE('',#11512,#11504,#11514,.T.);
#11512 = VERTEX_POINT('',#11513);
#11513 = CARTESIAN_POINT('',(-0.825,-1.3,0.65));
#11514 = LINE('',#11515,#11516);
#11515 = CARTESIAN_POINT('',(-0.825,-1.3,0.65));
#11516 = VECTOR('',#11517,1.);
#11517 = DIRECTION('',(1.,0.,0.));
#11518 = ORIENTED_EDGE('',*,*,#11519,.F.);
#11519 = EDGE_CURVE('',#11481,#11512,#11520,.T.);
#11520 = LINE('',#11521,#11522);
#11521 = CARTESIAN_POINT('',(-0.825,-1.41,0.63));
#11522 = VECTOR('',#11523,1.);
#11523 = DIRECTION('',(0.,0.9838699101,0.1788854382));
#11524 = PLANE('',#11525);
#11525 = AXIS2_PLACEMENT_3D('',#11526,#11527,#11528);
#11526 = CARTESIAN_POINT('',(-0.825,-1.41,0.63));
#11527 = DIRECTION('',(0.,-0.1788854382,0.9838699101));
#11528 = DIRECTION('',(0.,0.9838699101,0.1788854382));
#11529 = ADVANCED_FACE('',(#11530),#11555,.F.);
#11530 = FACE_BOUND('',#11531,.F.);
#11531 = EDGE_LOOP('',(#11532,#11533,#11541,#11549));
#11532 = ORIENTED_EDGE('',*,*,#11511,.T.);
#11533 = ORIENTED_EDGE('',*,*,#11534,.T.);
#11534 = EDGE_CURVE('',#11504,#11535,#11537,.T.);
#11535 = VERTEX_POINT('',#11536);
#11536 = CARTESIAN_POINT('',(-0.675,-0.28,0.75));
#11537 = LINE('',#11538,#11539);
#11538 = CARTESIAN_POINT('',(-0.675,-1.3,0.65));
#11539 = VECTOR('',#11540,1.);
#11540 = DIRECTION('',(0.,0.99522852512,9.757142403137E-02));
#11541 = ORIENTED_EDGE('',*,*,#11542,.F.);
#11542 = EDGE_CURVE('',#11543,#11535,#11545,.T.);
#11543 = VERTEX_POINT('',#11544);
#11544 = CARTESIAN_POINT('',(-0.825,-0.28,0.75));
#11545 = LINE('',#11546,#11547);
#11546 = CARTESIAN_POINT('',(-0.825,-0.28,0.75));
#11547 = VECTOR('',#11548,1.);
#11548 = DIRECTION('',(1.,0.,0.));
#11549 = ORIENTED_EDGE('',*,*,#11550,.F.);
#11550 = EDGE_CURVE('',#11512,#11543,#11551,.T.);
#11551 = LINE('',#11552,#11553);
#11552 = CARTESIAN_POINT('',(-0.825,-1.3,0.65));
#11553 = VECTOR('',#11554,1.);
#11554 = DIRECTION('',(0.,0.99522852512,9.757142403137E-02));
#11555 = PLANE('',#11556);
#11556 = AXIS2_PLACEMENT_3D('',#11557,#11558,#11559);
#11557 = CARTESIAN_POINT('',(-0.825,-1.3,0.65));
#11558 = DIRECTION('',(0.,-9.757142403137E-02,0.99522852512));
#11559 = DIRECTION('',(0.,0.99522852512,9.757142403137E-02));
#11560 = ADVANCED_FACE('',(#11561),#11586,.F.);
#11561 = FACE_BOUND('',#11562,.F.);
#11562 = EDGE_LOOP('',(#11563,#11564,#11572,#11580));
#11563 = ORIENTED_EDGE('',*,*,#11542,.T.);
#11564 = ORIENTED_EDGE('',*,*,#11565,.T.);
#11565 = EDGE_CURVE('',#11535,#11566,#11568,.T.);
#11566 = VERTEX_POINT('',#11567);
#11567 = CARTESIAN_POINT('',(-0.675,0.12,0.75));
#11568 = LINE('',#11569,#11570);
#11569 = CARTESIAN_POINT('',(-0.675,-0.28,0.75));
#11570 = VECTOR('',#11571,1.);
#11571 = DIRECTION('',(0.,1.,0.));
#11572 = ORIENTED_EDGE('',*,*,#11573,.F.);
#11573 = EDGE_CURVE('',#11574,#11566,#11576,.T.);
#11574 = VERTEX_POINT('',#11575);
#11575 = CARTESIAN_POINT('',(-0.825,0.12,0.75));
#11576 = LINE('',#11577,#11578);
#11577 = CARTESIAN_POINT('',(-0.825,0.12,0.75));
#11578 = VECTOR('',#11579,1.);
#11579 = DIRECTION('',(1.,0.,0.));
#11580 = ORIENTED_EDGE('',*,*,#11581,.F.);
#11581 = EDGE_CURVE('',#11543,#11574,#11582,.T.);
#11582 = LINE('',#11583,#11584);
#11583 = CARTESIAN_POINT('',(-0.825,-0.28,0.75));
#11584 = VECTOR('',#11585,1.);
#11585 = DIRECTION('',(0.,1.,0.));
#11586 = PLANE('',#11587);
#11587 = AXIS2_PLACEMENT_3D('',#11588,#11589,#11590);
#11588 = CARTESIAN_POINT('',(-0.825,-0.28,0.75));
#11589 = DIRECTION('',(0.,0.,1.));
#11590 = DIRECTION('',(0.,1.,0.));
#11591 = ADVANCED_FACE('',(#11592),#11617,.F.);
#11592 = FACE_BOUND('',#11593,.F.);
#11593 = EDGE_LOOP('',(#11594,#11595,#11603,#11611));
#11594 = ORIENTED_EDGE('',*,*,#11573,.T.);
#11595 = ORIENTED_EDGE('',*,*,#11596,.T.);
#11596 = EDGE_CURVE('',#11566,#11597,#11599,.T.);
#11597 = VERTEX_POINT('',#11598);
#11598 = CARTESIAN_POINT('',(-0.675,0.12,0.43));
#11599 = LINE('',#11600,#11601);
#11600 = CARTESIAN_POINT('',(-0.675,0.12,0.75));
#11601 = VECTOR('',#11602,1.);
#11602 = DIRECTION('',(0.,0.,-1.));
#11603 = ORIENTED_EDGE('',*,*,#11604,.F.);
#11604 = EDGE_CURVE('',#11605,#11597,#11607,.T.);
#11605 = VERTEX_POINT('',#11606);
#11606 = CARTESIAN_POINT('',(-0.825,0.12,0.43));
#11607 = LINE('',#11608,#11609);
#11608 = CARTESIAN_POINT('',(-0.825,0.12,0.43));
#11609 = VECTOR('',#11610,1.);
#11610 = DIRECTION('',(1.,0.,0.));
#11611 = ORIENTED_EDGE('',*,*,#11612,.F.);
#11612 = EDGE_CURVE('',#11574,#11605,#11613,.T.);
#11613 = LINE('',#11614,#11615);
#11614 = CARTESIAN_POINT('',(-0.825,0.12,0.75));
#11615 = VECTOR('',#11616,1.);
#11616 = DIRECTION('',(0.,0.,-1.));
#11617 = PLANE('',#11618);
#11618 = AXIS2_PLACEMENT_3D('',#11619,#11620,#11621);
#11619 = CARTESIAN_POINT('',(-0.825,0.12,0.75));
#11620 = DIRECTION('',(-0.,1.,0.));
#11621 = DIRECTION('',(0.,0.,-1.));
#11622 = ADVANCED_FACE('',(#11623),#11648,.F.);
#11623 = FACE_BOUND('',#11624,.F.);
#11624 = EDGE_LOOP('',(#11625,#11626,#11634,#11642));
#11625 = ORIENTED_EDGE('',*,*,#11604,.T.);
#11626 = ORIENTED_EDGE('',*,*,#11627,.T.);
#11627 = EDGE_CURVE('',#11597,#11628,#11630,.T.);
#11628 = VERTEX_POINT('',#11629);
#11629 = CARTESIAN_POINT('',(-0.675,-0.44,0.43));
#11630 = LINE('',#11631,#11632);
#11631 = CARTESIAN_POINT('',(-0.675,0.12,0.43));
#11632 = VECTOR('',#11633,1.);
#11633 = DIRECTION('',(0.,-1.,0.));
#11634 = ORIENTED_EDGE('',*,*,#11635,.F.);
#11635 = EDGE_CURVE('',#11636,#11628,#11638,.T.);
#11636 = VERTEX_POINT('',#11637);
#11637 = CARTESIAN_POINT('',(-0.825,-0.44,0.43));
#11638 = LINE('',#11639,#11640);
#11639 = CARTESIAN_POINT('',(-0.825,-0.44,0.43));
#11640 = VECTOR('',#11641,1.);
#11641 = DIRECTION('',(1.,0.,0.));
#11642 = ORIENTED_EDGE('',*,*,#11643,.F.);
#11643 = EDGE_CURVE('',#11605,#11636,#11644,.T.);
#11644 = LINE('',#11645,#11646);
#11645 = CARTESIAN_POINT('',(-0.825,0.12,0.43));
#11646 = VECTOR('',#11647,1.);
#11647 = DIRECTION('',(0.,-1.,0.));
#11648 = PLANE('',#11649);
#11649 = AXIS2_PLACEMENT_3D('',#11650,#11651,#11652);
#11650 = CARTESIAN_POINT('',(-0.825,0.12,0.43));
#11651 = DIRECTION('',(0.,0.,-1.));
#11652 = DIRECTION('',(0.,-1.,0.));
#11653 = ADVANCED_FACE('',(#11654),#11679,.F.);
#11654 = FACE_BOUND('',#11655,.F.);
#11655 = EDGE_LOOP('',(#11656,#11657,#11665,#11673));
#11656 = ORIENTED_EDGE('',*,*,#11635,.T.);
#11657 = ORIENTED_EDGE('',*,*,#11658,.T.);
#11658 = EDGE_CURVE('',#11628,#11659,#11661,.T.);
#11659 = VERTEX_POINT('',#11660);
#11660 = CARTESIAN_POINT('',(-0.675,-0.76,0.36));
#11661 = LINE('',#11662,#11663);
#11662 = CARTESIAN_POINT('',(-0.675,-0.44,0.43));
#11663 = VECTOR('',#11664,1.);
#11664 = DIRECTION('',(0.,-0.976900017396,-0.213696878805));
#11665 = ORIENTED_EDGE('',*,*,#11666,.F.);
#11666 = EDGE_CURVE('',#11667,#11659,#11669,.T.);
#11667 = VERTEX_POINT('',#11668);
#11668 = CARTESIAN_POINT('',(-0.825,-0.76,0.36));
#11669 = LINE('',#11670,#11671);
#11670 = CARTESIAN_POINT('',(-0.825,-0.76,0.36));
#11671 = VECTOR('',#11672,1.);
#11672 = DIRECTION('',(1.,0.,0.));
#11673 = ORIENTED_EDGE('',*,*,#11674,.F.);
#11674 = EDGE_CURVE('',#11636,#11667,#11675,.T.);
#11675 = LINE('',#11676,#11677);
#11676 = CARTESIAN_POINT('',(-0.825,-0.44,0.43));
#11677 = VECTOR('',#11678,1.);
#11678 = DIRECTION('',(0.,-0.976900017396,-0.213696878805));
#11679 = PLANE('',#11680);
#11680 = AXIS2_PLACEMENT_3D('',#11681,#11682,#11683);
#11681 = CARTESIAN_POINT('',(-0.825,-0.44,0.43));
#11682 = DIRECTION('',(0.,0.213696878805,-0.976900017396));
#11683 = DIRECTION('',(0.,-0.976900017396,-0.213696878805));
#11684 = ADVANCED_FACE('',(#11685),#11710,.F.);
#11685 = FACE_BOUND('',#11686,.F.);
#11686 = EDGE_LOOP('',(#11687,#11688,#11696,#11704));
#11687 = ORIENTED_EDGE('',*,*,#11666,.T.);
#11688 = ORIENTED_EDGE('',*,*,#11689,.T.);
#11689 = EDGE_CURVE('',#11659,#11690,#11692,.T.);
#11690 = VERTEX_POINT('',#11691);
#11691 = CARTESIAN_POINT('',(-0.675,-1.37,0.35));
#11692 = LINE('',#11693,#11694);
#11693 = CARTESIAN_POINT('',(-0.675,-0.76,0.36));
#11694 = VECTOR('',#11695,1.);
#11695 = DIRECTION('',(0.,-0.999865654597,-1.63912402393E-02));
#11696 = ORIENTED_EDGE('',*,*,#11697,.F.);
#11697 = EDGE_CURVE('',#11698,#11690,#11700,.T.);
#11698 = VERTEX_POINT('',#11699);
#11699 = CARTESIAN_POINT('',(-0.825,-1.37,0.35));
#11700 = LINE('',#11701,#11702);
#11701 = CARTESIAN_POINT('',(-0.825,-1.37,0.35));
#11702 = VECTOR('',#11703,1.);
#11703 = DIRECTION('',(1.,0.,0.));
#11704 = ORIENTED_EDGE('',*,*,#11705,.F.);
#11705 = EDGE_CURVE('',#11667,#11698,#11706,.T.);
#11706 = LINE('',#11707,#11708);
#11707 = CARTESIAN_POINT('',(-0.825,-0.76,0.36));
#11708 = VECTOR('',#11709,1.);
#11709 = DIRECTION('',(0.,-0.999865654597,-1.63912402393E-02));
#11710 = PLANE('',#11711);
#11711 = AXIS2_PLACEMENT_3D('',#11712,#11713,#11714);
#11712 = CARTESIAN_POINT('',(-0.825,-0.76,0.36));
#11713 = DIRECTION('',(0.,1.63912402393E-02,-0.999865654597));
#11714 = DIRECTION('',(0.,-0.999865654597,-1.63912402393E-02));
#11715 = ADVANCED_FACE('',(#11716),#11732,.F.);
#11716 = FACE_BOUND('',#11717,.F.);
#11717 = EDGE_LOOP('',(#11718,#11719,#11725,#11726));
#11718 = ORIENTED_EDGE('',*,*,#11697,.T.);
#11719 = ORIENTED_EDGE('',*,*,#11720,.T.);
#11720 = EDGE_CURVE('',#11690,#10876,#11721,.T.);
#11721 = LINE('',#11722,#11723);
#11722 = CARTESIAN_POINT('',(-0.675,-1.37,0.35));
#11723 = VECTOR('',#11724,1.);
#11724 = DIRECTION('',(0.,-0.894427191,-0.4472135955));
#11725 = ORIENTED_EDGE('',*,*,#10873,.F.);
#11726 = ORIENTED_EDGE('',*,*,#11727,.F.);
#11727 = EDGE_CURVE('',#11698,#10874,#11728,.T.);
#11728 = LINE('',#11729,#11730);
#11729 = CARTESIAN_POINT('',(-0.825,-1.37,0.35));
#11730 = VECTOR('',#11731,1.);
#11731 = DIRECTION('',(0.,-0.894427191,-0.4472135955));
#11732 = PLANE('',#11733);
#11733 = AXIS2_PLACEMENT_3D('',#11734,#11735,#11736);
#11734 = CARTESIAN_POINT('',(-0.825,-1.37,0.35));
#11735 = DIRECTION('',(0.,0.4472135955,-0.894427191));
#11736 = DIRECTION('',(0.,-0.894427191,-0.4472135955));
#11737 = ADVANCED_FACE('',(#11738),#11768,.F.);
#11738 = FACE_BOUND('',#11739,.F.);
#11739 = EDGE_LOOP('',(#11740,#11741,#11742,#11743,#11744,#11745,#11746,
    #11747,#11748,#11749,#11750,#11751,#11752,#11753,#11754,#11755,
    #11756,#11757,#11758,#11759,#11760,#11761,#11762,#11763,#11764,
    #11765,#11766,#11767));
#11740 = ORIENTED_EDGE('',*,*,#10899,.T.);
#11741 = ORIENTED_EDGE('',*,*,#10930,.T.);
#11742 = ORIENTED_EDGE('',*,*,#10961,.T.);
#11743 = ORIENTED_EDGE('',*,*,#10992,.T.);
#11744 = ORIENTED_EDGE('',*,*,#11023,.T.);
#11745 = ORIENTED_EDGE('',*,*,#11054,.T.);
#11746 = ORIENTED_EDGE('',*,*,#11085,.T.);
#11747 = ORIENTED_EDGE('',*,*,#11116,.T.);
#11748 = ORIENTED_EDGE('',*,*,#11147,.T.);
#11749 = ORIENTED_EDGE('',*,*,#11178,.T.);
#11750 = ORIENTED_EDGE('',*,*,#11209,.T.);
#11751 = ORIENTED_EDGE('',*,*,#11240,.T.);
#11752 = ORIENTED_EDGE('',*,*,#11271,.T.);
#11753 = ORIENTED_EDGE('',*,*,#11302,.T.);
#11754 = ORIENTED_EDGE('',*,*,#11333,.T.);
#11755 = ORIENTED_EDGE('',*,*,#11364,.T.);
#11756 = ORIENTED_EDGE('',*,*,#11395,.T.);
#11757 = ORIENTED_EDGE('',*,*,#11426,.T.);
#11758 = ORIENTED_EDGE('',*,*,#11457,.T.);
#11759 = ORIENTED_EDGE('',*,*,#11488,.T.);
#11760 = ORIENTED_EDGE('',*,*,#11519,.T.);
#11761 = ORIENTED_EDGE('',*,*,#11550,.T.);
#11762 = ORIENTED_EDGE('',*,*,#11581,.T.);
#11763 = ORIENTED_EDGE('',*,*,#11612,.T.);
#11764 = ORIENTED_EDGE('',*,*,#11643,.T.);
#11765 = ORIENTED_EDGE('',*,*,#11674,.T.);
#11766 = ORIENTED_EDGE('',*,*,#11705,.T.);
#11767 = ORIENTED_EDGE('',*,*,#11727,.T.);
#11768 = PLANE('',#11769);
#11769 = AXIS2_PLACEMENT_3D('',#11770,#11771,#11772);
#11770 = CARTESIAN_POINT('',(-0.825,-0.200937564723,0.444942085346));
#11771 = DIRECTION('',(1.,0.,0.));
#11772 = DIRECTION('',(-0.,0.,1.));
#11773 = ADVANCED_FACE('',(#11774),#11804,.T.);
#11774 = FACE_BOUND('',#11775,.T.);
#11775 = EDGE_LOOP('',(#11776,#11777,#11778,#11779,#11780,#11781,#11782,
    #11783,#11784,#11785,#11786,#11787,#11788,#11789,#11790,#11791,
    #11792,#11793,#11794,#11795,#11796,#11797,#11798,#11799,#11800,
    #11801,#11802,#11803));
#11776 = ORIENTED_EDGE('',*,*,#10883,.T.);
#11777 = ORIENTED_EDGE('',*,*,#10914,.T.);
#11778 = ORIENTED_EDGE('',*,*,#10945,.T.);
#11779 = ORIENTED_EDGE('',*,*,#10976,.T.);
#11780 = ORIENTED_EDGE('',*,*,#11007,.T.);
#11781 = ORIENTED_EDGE('',*,*,#11038,.T.);
#11782 = ORIENTED_EDGE('',*,*,#11069,.T.);
#11783 = ORIENTED_EDGE('',*,*,#11100,.T.);
#11784 = ORIENTED_EDGE('',*,*,#11131,.T.);
#11785 = ORIENTED_EDGE('',*,*,#11162,.T.);
#11786 = ORIENTED_EDGE('',*,*,#11193,.T.);
#11787 = ORIENTED_EDGE('',*,*,#11224,.T.);
#11788 = ORIENTED_EDGE('',*,*,#11255,.T.);
#11789 = ORIENTED_EDGE('',*,*,#11286,.T.);
#11790 = ORIENTED_EDGE('',*,*,#11317,.T.);
#11791 = ORIENTED_EDGE('',*,*,#11348,.T.);
#11792 = ORIENTED_EDGE('',*,*,#11379,.T.);
#11793 = ORIENTED_EDGE('',*,*,#11410,.T.);
#11794 = ORIENTED_EDGE('',*,*,#11441,.T.);
#11795 = ORIENTED_EDGE('',*,*,#11472,.T.);
#11796 = ORIENTED_EDGE('',*,*,#11503,.T.);
#11797 = ORIENTED_EDGE('',*,*,#11534,.T.);
#11798 = ORIENTED_EDGE('',*,*,#11565,.T.);
#11799 = ORIENTED_EDGE('',*,*,#11596,.T.);
#11800 = ORIENTED_EDGE('',*,*,#11627,.T.);
#11801 = ORIENTED_EDGE('',*,*,#11658,.T.);
#11802 = ORIENTED_EDGE('',*,*,#11689,.T.);
#11803 = ORIENTED_EDGE('',*,*,#11720,.T.);
#11804 = PLANE('',#11805);
#11805 = AXIS2_PLACEMENT_3D('',#11806,#11807,#11808);
#11806 = CARTESIAN_POINT('',(-0.675,-0.200937564723,0.444942085346));
#11807 = DIRECTION('',(1.,0.,0.));
#11808 = DIRECTION('',(-0.,0.,1.));
#11809 = ( GEOMETRIC_REPRESENTATION_CONTEXT(3)
GLOBAL_UNCERTAINTY_ASSIGNED_CONTEXT((#11813))
GLOBAL_UNIT_ASSIGNED_CONTEXT((#11810,#11811,#11812))
REPRESENTATION_CONTEXT('Context #1',
  '3D Context with UNIT and UNCERTAINTY') );
#11810 = ( LENGTH_UNIT() NAMED_UNIT(*) SI_UNIT(.MILLI.,.METRE.) );
#11811 = ( NAMED_UNIT(*) PLANE_ANGLE_UNIT() SI_UNIT($,.RADIAN.) );
#11812 = ( NAMED_UNIT(*) SI_UNIT($,.STERADIAN.) SOLID_ANGLE_UNIT() );
#11813 = UNCERTAINTY_MEASURE_WITH_UNIT(LENGTH_MEASURE(1.E-07),#11810,
  'distance_accuracy_value','confusion accuracy');
#11814 = CONTEXT_DEPENDENT_SHAPE_REPRESENTATION(#11815,#11817);
#11815 = ( REPRESENTATION_RELATIONSHIP('','',#10866,#10)
REPRESENTATION_RELATIONSHIP_WITH_TRANSFORMATION(#11816)
SHAPE_REPRESENTATION_RELATIONSHIP() );
#11816 = ITEM_DEFINED_TRANSFORMATION('','',#11,#39);
#11817 = PRODUCT_DEFINITION_SHAPE('Placement','Placement of an item',
  #11818);
#11818 = NEXT_ASSEMBLY_USAGE_OCCURRENCE('7','Gold_contact_05','',#5,
  #10861,$);
#11819 = PRODUCT_RELATED_PRODUCT_CATEGORY('part',$,(#10863));
#11820 = SHAPE_DEFINITION_REPRESENTATION(#11821,#11827);
#11821 = PRODUCT_DEFINITION_SHAPE('','',#11822);
#11822 = PRODUCT_DEFINITION('design','',#11823,#11826);
#11823 = PRODUCT_DEFINITION_FORMATION('','',#11824);
#11824 = PRODUCT('Gold_contact_06','Gold_contact_06','',(#11825));
#11825 = PRODUCT_CONTEXT('',#2,'mechanical');
#11826 = PRODUCT_DEFINITION_CONTEXT('part definition',#2,'design');
#11827 = ADVANCED_BREP_SHAPE_REPRESENTATION('',(#11,#11828),#12770);
#11828 = MANIFOLD_SOLID_BREP('',#11829);
#11829 = CLOSED_SHELL('',(#11830,#11870,#11901,#11932,#11963,#11994,
    #12025,#12056,#12087,#12118,#12149,#12180,#12211,#12242,#12273,
    #12304,#12335,#12366,#12397,#12428,#12459,#12490,#12521,#12552,
    #12583,#12614,#12645,#12676,#12698,#12734));
#11830 = ADVANCED_FACE('',(#11831),#11865,.F.);
#11831 = FACE_BOUND('',#11832,.F.);
#11832 = EDGE_LOOP('',(#11833,#11843,#11851,#11859));
#11833 = ORIENTED_EDGE('',*,*,#11834,.T.);
#11834 = EDGE_CURVE('',#11835,#11837,#11839,.T.);
#11835 = VERTEX_POINT('',#11836);
#11836 = CARTESIAN_POINT('',(-0.325,-1.47,0.3));
#11837 = VERTEX_POINT('',#11838);
#11838 = CARTESIAN_POINT('',(-0.175,-1.47,0.3));
#11839 = LINE('',#11840,#11841);
#11840 = CARTESIAN_POINT('',(-0.325,-1.47,0.3));
#11841 = VECTOR('',#11842,1.);
#11842 = DIRECTION('',(1.,0.,0.));
#11843 = ORIENTED_EDGE('',*,*,#11844,.T.);
#11844 = EDGE_CURVE('',#11837,#11845,#11847,.T.);
#11845 = VERTEX_POINT('',#11846);
#11846 = CARTESIAN_POINT('',(-0.175,-1.39,0.27));
#11847 = LINE('',#11848,#11849);
#11848 = CARTESIAN_POINT('',(-0.175,-1.47,0.3));
#11849 = VECTOR('',#11850,1.);
#11850 = DIRECTION('',(0.,0.936329177569,-0.351123441588));
#11851 = ORIENTED_EDGE('',*,*,#11852,.F.);
#11852 = EDGE_CURVE('',#11853,#11845,#11855,.T.);
#11853 = VERTEX_POINT('',#11854);
#11854 = CARTESIAN_POINT('',(-0.325,-1.39,0.27));
#11855 = LINE('',#11856,#11857);
#11856 = CARTESIAN_POINT('',(-0.325,-1.39,0.27));
#11857 = VECTOR('',#11858,1.);
#11858 = DIRECTION('',(1.,0.,0.));
#11859 = ORIENTED_EDGE('',*,*,#11860,.F.);
#11860 = EDGE_CURVE('',#11835,#11853,#11861,.T.);
#11861 = LINE('',#11862,#11863);
#11862 = CARTESIAN_POINT('',(-0.325,-1.47,0.3));
#11863 = VECTOR('',#11864,1.);
#11864 = DIRECTION('',(0.,0.936329177569,-0.351123441588));
#11865 = PLANE('',#11866);
#11866 = AXIS2_PLACEMENT_3D('',#11867,#11868,#11869);
#11867 = CARTESIAN_POINT('',(-0.325,-1.47,0.3));
#11868 = DIRECTION('',(-0.,0.351123441588,0.936329177569));
#11869 = DIRECTION('',(0.,0.936329177569,-0.351123441588));
#11870 = ADVANCED_FACE('',(#11871),#11896,.F.);
#11871 = FACE_BOUND('',#11872,.F.);
#11872 = EDGE_LOOP('',(#11873,#11874,#11882,#11890));
#11873 = ORIENTED_EDGE('',*,*,#11852,.T.);
#11874 = ORIENTED_EDGE('',*,*,#11875,.T.);
#11875 = EDGE_CURVE('',#11845,#11876,#11878,.T.);
#11876 = VERTEX_POINT('',#11877);
#11877 = CARTESIAN_POINT('',(-0.175,-0.76,0.29));
#11878 = LINE('',#11879,#11880);
#11879 = CARTESIAN_POINT('',(-0.175,-1.39,0.27));
#11880 = VECTOR('',#11881,1.);
#11881 = DIRECTION('',(0.,0.999496475295,3.173004683477E-02));
#11882 = ORIENTED_EDGE('',*,*,#11883,.F.);
#11883 = EDGE_CURVE('',#11884,#11876,#11886,.T.);
#11884 = VERTEX_POINT('',#11885);
#11885 = CARTESIAN_POINT('',(-0.325,-0.76,0.29));
#11886 = LINE('',#11887,#11888);
#11887 = CARTESIAN_POINT('',(-0.325,-0.76,0.29));
#11888 = VECTOR('',#11889,1.);
#11889 = DIRECTION('',(1.,0.,0.));
#11890 = ORIENTED_EDGE('',*,*,#11891,.F.);
#11891 = EDGE_CURVE('',#11853,#11884,#11892,.T.);
#11892 = LINE('',#11893,#11894);
#11893 = CARTESIAN_POINT('',(-0.325,-1.39,0.27));
#11894 = VECTOR('',#11895,1.);
#11895 = DIRECTION('',(0.,0.999496475295,3.173004683477E-02));
#11896 = PLANE('',#11897);
#11897 = AXIS2_PLACEMENT_3D('',#11898,#11899,#11900);
#11898 = CARTESIAN_POINT('',(-0.325,-1.39,0.27));
#11899 = DIRECTION('',(0.,-3.173004683477E-02,0.999496475295));
#11900 = DIRECTION('',(0.,0.999496475295,3.173004683477E-02));
#11901 = ADVANCED_FACE('',(#11902),#11927,.F.);
#11902 = FACE_BOUND('',#11903,.F.);
#11903 = EDGE_LOOP('',(#11904,#11905,#11913,#11921));
#11904 = ORIENTED_EDGE('',*,*,#11883,.T.);
#11905 = ORIENTED_EDGE('',*,*,#11906,.T.);
#11906 = EDGE_CURVE('',#11876,#11907,#11909,.T.);
#11907 = VERTEX_POINT('',#11908);
#11908 = CARTESIAN_POINT('',(-0.175,-0.48,0.34));
#11909 = LINE('',#11910,#11911);
#11910 = CARTESIAN_POINT('',(-0.175,-0.76,0.29));
#11911 = VECTOR('',#11912,1.);
#11912 = DIRECTION('',(0.,0.984427575508,0.175790638484));
#11913 = ORIENTED_EDGE('',*,*,#11914,.F.);
#11914 = EDGE_CURVE('',#11915,#11907,#11917,.T.);
#11915 = VERTEX_POINT('',#11916);
#11916 = CARTESIAN_POINT('',(-0.325,-0.48,0.34));
#11917 = LINE('',#11918,#11919);
#11918 = CARTESIAN_POINT('',(-0.325,-0.48,0.34));
#11919 = VECTOR('',#11920,1.);
#11920 = DIRECTION('',(1.,0.,0.));
#11921 = ORIENTED_EDGE('',*,*,#11922,.F.);
#11922 = EDGE_CURVE('',#11884,#11915,#11923,.T.);
#11923 = LINE('',#11924,#11925);
#11924 = CARTESIAN_POINT('',(-0.325,-0.76,0.29));
#11925 = VECTOR('',#11926,1.);
#11926 = DIRECTION('',(0.,0.984427575508,0.175790638484));
#11927 = PLANE('',#11928);
#11928 = AXIS2_PLACEMENT_3D('',#11929,#11930,#11931);
#11929 = CARTESIAN_POINT('',(-0.325,-0.76,0.29));
#11930 = DIRECTION('',(0.,-0.175790638484,0.984427575508));
#11931 = DIRECTION('',(0.,0.984427575508,0.175790638484));
#11932 = ADVANCED_FACE('',(#11933),#11958,.F.);
#11933 = FACE_BOUND('',#11934,.F.);
#11934 = EDGE_LOOP('',(#11935,#11936,#11944,#11952));
#11935 = ORIENTED_EDGE('',*,*,#11914,.T.);
#11936 = ORIENTED_EDGE('',*,*,#11937,.T.);
#11937 = EDGE_CURVE('',#11907,#11938,#11940,.T.);
#11938 = VERTEX_POINT('',#11939);
#11939 = CARTESIAN_POINT('',(-0.175,5.E-02,0.34));
#11940 = LINE('',#11941,#11942);
#11941 = CARTESIAN_POINT('',(-0.175,-0.48,0.34));
#11942 = VECTOR('',#11943,1.);
#11943 = DIRECTION('',(0.,1.,0.));
#11944 = ORIENTED_EDGE('',*,*,#11945,.F.);
#11945 = EDGE_CURVE('',#11946,#11938,#11948,.T.);
#11946 = VERTEX_POINT('',#11947);
#11947 = CARTESIAN_POINT('',(-0.325,5.E-02,0.34));
#11948 = LINE('',#11949,#11950);
#11949 = CARTESIAN_POINT('',(-0.325,5.E-02,0.34));
#11950 = VECTOR('',#11951,1.);
#11951 = DIRECTION('',(1.,0.,0.));
#11952 = ORIENTED_EDGE('',*,*,#11953,.F.);
#11953 = EDGE_CURVE('',#11915,#11946,#11954,.T.);
#11954 = LINE('',#11955,#11956);
#11955 = CARTESIAN_POINT('',(-0.325,-0.48,0.34));
#11956 = VECTOR('',#11957,1.);
#11957 = DIRECTION('',(0.,1.,0.));
#11958 = PLANE('',#11959);
#11959 = AXIS2_PLACEMENT_3D('',#11960,#11961,#11962);
#11960 = CARTESIAN_POINT('',(-0.325,-0.48,0.34));
#11961 = DIRECTION('',(0.,0.,1.));
#11962 = DIRECTION('',(0.,1.,0.));
#11963 = ADVANCED_FACE('',(#11964),#11989,.F.);
#11964 = FACE_BOUND('',#11965,.F.);
#11965 = EDGE_LOOP('',(#11966,#11967,#11975,#11983));
#11966 = ORIENTED_EDGE('',*,*,#11945,.T.);
#11967 = ORIENTED_EDGE('',*,*,#11968,.T.);
#11968 = EDGE_CURVE('',#11938,#11969,#11971,.T.);
#11969 = VERTEX_POINT('',#11970);
#11970 = CARTESIAN_POINT('',(-0.175,0.17,0.29));
#11971 = LINE('',#11972,#11973);
#11972 = CARTESIAN_POINT('',(-0.175,5.E-02,0.34));
#11973 = VECTOR('',#11974,1.);
#11974 = DIRECTION('',(0.,0.923076923077,-0.384615384615));
#11975 = ORIENTED_EDGE('',*,*,#11976,.F.);
#11976 = EDGE_CURVE('',#11977,#11969,#11979,.T.);
#11977 = VERTEX_POINT('',#11978);
#11978 = CARTESIAN_POINT('',(-0.325,0.17,0.29));
#11979 = LINE('',#11980,#11981);
#11980 = CARTESIAN_POINT('',(-0.325,0.17,0.29));
#11981 = VECTOR('',#11982,1.);
#11982 = DIRECTION('',(1.,0.,0.));
#11983 = ORIENTED_EDGE('',*,*,#11984,.F.);
#11984 = EDGE_CURVE('',#11946,#11977,#11985,.T.);
#11985 = LINE('',#11986,#11987);
#11986 = CARTESIAN_POINT('',(-0.325,5.E-02,0.34));
#11987 = VECTOR('',#11988,1.);
#11988 = DIRECTION('',(0.,0.923076923077,-0.384615384615));
#11989 = PLANE('',#11990);
#11990 = AXIS2_PLACEMENT_3D('',#11991,#11992,#11993);
#11991 = CARTESIAN_POINT('',(-0.325,5.E-02,0.34));
#11992 = DIRECTION('',(-0.,0.384615384615,0.923076923077));
#11993 = DIRECTION('',(0.,0.923076923077,-0.384615384615));
#11994 = ADVANCED_FACE('',(#11995),#12020,.F.);
#11995 = FACE_BOUND('',#11996,.F.);
#11996 = EDGE_LOOP('',(#11997,#11998,#12006,#12014));
#11997 = ORIENTED_EDGE('',*,*,#11976,.T.);
#11998 = ORIENTED_EDGE('',*,*,#11999,.T.);
#11999 = EDGE_CURVE('',#11969,#12000,#12002,.T.);
#12000 = VERTEX_POINT('',#12001);
#12001 = CARTESIAN_POINT('',(-0.175,0.2,0.18));
#12002 = LINE('',#12003,#12004);
#12003 = CARTESIAN_POINT('',(-0.175,0.17,0.29));
#12004 = VECTOR('',#12005,1.);
#12005 = DIRECTION('',(0.,0.263117405792,-0.964763821238));
#12006 = ORIENTED_EDGE('',*,*,#12007,.F.);
#12007 = EDGE_CURVE('',#12008,#12000,#12010,.T.);
#12008 = VERTEX_POINT('',#12009);
#12009 = CARTESIAN_POINT('',(-0.325,0.2,0.18));
#12010 = LINE('',#12011,#12012);
#12011 = CARTESIAN_POINT('',(-0.325,0.2,0.18));
#12012 = VECTOR('',#12013,1.);
#12013 = DIRECTION('',(1.,0.,0.));
#12014 = ORIENTED_EDGE('',*,*,#12015,.F.);
#12015 = EDGE_CURVE('',#11977,#12008,#12016,.T.);
#12016 = LINE('',#12017,#12018);
#12017 = CARTESIAN_POINT('',(-0.325,0.17,0.29));
#12018 = VECTOR('',#12019,1.);
#12019 = DIRECTION('',(0.,0.263117405792,-0.964763821238));
#12020 = PLANE('',#12021);
#12021 = AXIS2_PLACEMENT_3D('',#12022,#12023,#12024);
#12022 = CARTESIAN_POINT('',(-0.325,0.17,0.29));
#12023 = DIRECTION('',(-0.,0.964763821238,0.263117405792));
#12024 = DIRECTION('',(0.,0.263117405792,-0.964763821238));
#12025 = ADVANCED_FACE('',(#12026),#12051,.F.);
#12026 = FACE_BOUND('',#12027,.F.);
#12027 = EDGE_LOOP('',(#12028,#12029,#12037,#12045));
#12028 = ORIENTED_EDGE('',*,*,#12007,.T.);
#12029 = ORIENTED_EDGE('',*,*,#12030,.T.);
#12030 = EDGE_CURVE('',#12000,#12031,#12033,.T.);
#12031 = VERTEX_POINT('',#12032);
#12032 = CARTESIAN_POINT('',(-0.175,0.88,0.18));
#12033 = LINE('',#12034,#12035);
#12034 = CARTESIAN_POINT('',(-0.175,0.2,0.18));
#12035 = VECTOR('',#12036,1.);
#12036 = DIRECTION('',(0.,1.,0.));
#12037 = ORIENTED_EDGE('',*,*,#12038,.F.);
#12038 = EDGE_CURVE('',#12039,#12031,#12041,.T.);
#12039 = VERTEX_POINT('',#12040);
#12040 = CARTESIAN_POINT('',(-0.325,0.88,0.18));
#12041 = LINE('',#12042,#12043);
#12042 = CARTESIAN_POINT('',(-0.325,0.88,0.18));
#12043 = VECTOR('',#12044,1.);
#12044 = DIRECTION('',(1.,0.,0.));
#12045 = ORIENTED_EDGE('',*,*,#12046,.F.);
#12046 = EDGE_CURVE('',#12008,#12039,#12047,.T.);
#12047 = LINE('',#12048,#12049);
#12048 = CARTESIAN_POINT('',(-0.325,0.2,0.18));
#12049 = VECTOR('',#12050,1.);
#12050 = DIRECTION('',(0.,1.,0.));
#12051 = PLANE('',#12052);
#12052 = AXIS2_PLACEMENT_3D('',#12053,#12054,#12055);
#12053 = CARTESIAN_POINT('',(-0.325,0.2,0.18));
#12054 = DIRECTION('',(0.,0.,1.));
#12055 = DIRECTION('',(0.,1.,0.));
#12056 = ADVANCED_FACE('',(#12057),#12082,.F.);
#12057 = FACE_BOUND('',#12058,.F.);
#12058 = EDGE_LOOP('',(#12059,#12060,#12068,#12076));
#12059 = ORIENTED_EDGE('',*,*,#12038,.T.);
#12060 = ORIENTED_EDGE('',*,*,#12061,.T.);
#12061 = EDGE_CURVE('',#12031,#12062,#12064,.T.);
#12062 = VERTEX_POINT('',#12063);
#12063 = CARTESIAN_POINT('',(-0.175,0.99,2.E-02));
#12064 = LINE('',#12065,#12066);
#12065 = CARTESIAN_POINT('',(-0.175,0.88,0.18));
#12066 = VECTOR('',#12067,1.);
#12067 = DIRECTION('',(0.,0.566528822887,-0.824041924199));
#12068 = ORIENTED_EDGE('',*,*,#12069,.F.);
#12069 = EDGE_CURVE('',#12070,#12062,#12072,.T.);
#12070 = VERTEX_POINT('',#12071);
#12071 = CARTESIAN_POINT('',(-0.325,0.99,2.E-02));
#12072 = LINE('',#12073,#12074);
#12073 = CARTESIAN_POINT('',(-0.325,0.99,2.E-02));
#12074 = VECTOR('',#12075,1.);
#12075 = DIRECTION('',(1.,0.,0.));
#12076 = ORIENTED_EDGE('',*,*,#12077,.F.);
#12077 = EDGE_CURVE('',#12039,#12070,#12078,.T.);
#12078 = LINE('',#12079,#12080);
#12079 = CARTESIAN_POINT('',(-0.325,0.88,0.18));
#12080 = VECTOR('',#12081,1.);
#12081 = DIRECTION('',(0.,0.566528822887,-0.824041924199));
#12082 = PLANE('',#12083);
#12083 = AXIS2_PLACEMENT_3D('',#12084,#12085,#12086);
#12084 = CARTESIAN_POINT('',(-0.325,0.88,0.18));
#12085 = DIRECTION('',(-0.,0.824041924199,0.566528822887));
#12086 = DIRECTION('',(0.,0.566528822887,-0.824041924199));
#12087 = ADVANCED_FACE('',(#12088),#12113,.F.);
#12088 = FACE_BOUND('',#12089,.F.);
#12089 = EDGE_LOOP('',(#12090,#12091,#12099,#12107));
#12090 = ORIENTED_EDGE('',*,*,#12069,.T.);
#12091 = ORIENTED_EDGE('',*,*,#12092,.T.);
#12092 = EDGE_CURVE('',#12062,#12093,#12095,.T.);
#12093 = VERTEX_POINT('',#12094);
#12094 = CARTESIAN_POINT('',(-0.175,1.38,0.));
#12095 = LINE('',#12096,#12097);
#12096 = CARTESIAN_POINT('',(-0.175,0.99,2.E-02));
#12097 = VECTOR('',#12098,1.);
#12098 = DIRECTION('',(0.,0.998687663477,-5.121475197316E-02));
#12099 = ORIENTED_EDGE('',*,*,#12100,.F.);
#12100 = EDGE_CURVE('',#12101,#12093,#12103,.T.);
#12101 = VERTEX_POINT('',#12102);
#12102 = CARTESIAN_POINT('',(-0.325,1.38,0.));
#12103 = LINE('',#12104,#12105);
#12104 = CARTESIAN_POINT('',(-0.325,1.38,0.));
#12105 = VECTOR('',#12106,1.);
#12106 = DIRECTION('',(1.,0.,0.));
#12107 = ORIENTED_EDGE('',*,*,#12108,.F.);
#12108 = EDGE_CURVE('',#12070,#12101,#12109,.T.);
#12109 = LINE('',#12110,#12111);
#12110 = CARTESIAN_POINT('',(-0.325,0.99,2.E-02));
#12111 = VECTOR('',#12112,1.);
#12112 = DIRECTION('',(0.,0.998687663477,-5.121475197316E-02));
#12113 = PLANE('',#12114);
#12114 = AXIS2_PLACEMENT_3D('',#12115,#12116,#12117);
#12115 = CARTESIAN_POINT('',(-0.325,0.99,2.E-02));
#12116 = DIRECTION('',(-0.,5.121475197316E-02,0.998687663477));
#12117 = DIRECTION('',(0.,0.998687663477,-5.121475197316E-02));
#12118 = ADVANCED_FACE('',(#12119),#12144,.F.);
#12119 = FACE_BOUND('',#12120,.F.);
#12120 = EDGE_LOOP('',(#12121,#12122,#12130,#12138));
#12121 = ORIENTED_EDGE('',*,*,#12100,.T.);
#12122 = ORIENTED_EDGE('',*,*,#12123,.T.);
#12123 = EDGE_CURVE('',#12093,#12124,#12126,.T.);
#12124 = VERTEX_POINT('',#12125);
#12125 = CARTESIAN_POINT('',(-0.175,1.38,8.E-02));
#12126 = LINE('',#12127,#12128);
#12127 = CARTESIAN_POINT('',(-0.175,1.38,0.));
#12128 = VECTOR('',#12129,1.);
#12129 = DIRECTION('',(0.,0.,1.));
#12130 = ORIENTED_EDGE('',*,*,#12131,.F.);
#12131 = EDGE_CURVE('',#12132,#12124,#12134,.T.);
#12132 = VERTEX_POINT('',#12133);
#12133 = CARTESIAN_POINT('',(-0.325,1.38,8.E-02));
#12134 = LINE('',#12135,#12136);
#12135 = CARTESIAN_POINT('',(-0.325,1.38,8.E-02));
#12136 = VECTOR('',#12137,1.);
#12137 = DIRECTION('',(1.,0.,0.));
#12138 = ORIENTED_EDGE('',*,*,#12139,.F.);
#12139 = EDGE_CURVE('',#12101,#12132,#12140,.T.);
#12140 = LINE('',#12141,#12142);
#12141 = CARTESIAN_POINT('',(-0.325,1.38,0.));
#12142 = VECTOR('',#12143,1.);
#12143 = DIRECTION('',(0.,0.,1.));
#12144 = PLANE('',#12145);
#12145 = AXIS2_PLACEMENT_3D('',#12146,#12147,#12148);
#12146 = CARTESIAN_POINT('',(-0.325,1.38,0.));
#12147 = DIRECTION('',(0.,-1.,0.));
#12148 = DIRECTION('',(0.,0.,1.));
#12149 = ADVANCED_FACE('',(#12150),#12175,.F.);
#12150 = FACE_BOUND('',#12151,.F.);
#12151 = EDGE_LOOP('',(#12152,#12153,#12161,#12169));
#12152 = ORIENTED_EDGE('',*,*,#12131,.T.);
#12153 = ORIENTED_EDGE('',*,*,#12154,.T.);
#12154 = EDGE_CURVE('',#12124,#12155,#12157,.T.);
#12155 = VERTEX_POINT('',#12156);
#12156 = CARTESIAN_POINT('',(-0.175,1.05,0.1));
#12157 = LINE('',#12158,#12159);
#12158 = CARTESIAN_POINT('',(-0.175,1.38,8.E-02));
#12159 = VECTOR('',#12160,1.);
#12160 = DIRECTION('',(0.,-0.998168496631,6.049506040189E-02));
#12161 = ORIENTED_EDGE('',*,*,#12162,.F.);
#12162 = EDGE_CURVE('',#12163,#12155,#12165,.T.);
#12163 = VERTEX_POINT('',#12164);
#12164 = CARTESIAN_POINT('',(-0.325,1.05,0.1));
#12165 = LINE('',#12166,#12167);
#12166 = CARTESIAN_POINT('',(-0.325,1.05,0.1));
#12167 = VECTOR('',#12168,1.);
#12168 = DIRECTION('',(1.,0.,0.));
#12169 = ORIENTED_EDGE('',*,*,#12170,.F.);
#12170 = EDGE_CURVE('',#12132,#12163,#12171,.T.);
#12171 = LINE('',#12172,#12173);
#12172 = CARTESIAN_POINT('',(-0.325,1.38,8.E-02));
#12173 = VECTOR('',#12174,1.);
#12174 = DIRECTION('',(0.,-0.998168496631,6.049506040189E-02));
#12175 = PLANE('',#12176);
#12176 = AXIS2_PLACEMENT_3D('',#12177,#12178,#12179);
#12177 = CARTESIAN_POINT('',(-0.325,1.38,8.E-02));
#12178 = DIRECTION('',(0.,-6.049506040189E-02,-0.998168496631));
#12179 = DIRECTION('',(0.,-0.998168496631,6.049506040189E-02));
#12180 = ADVANCED_FACE('',(#12181),#12206,.F.);
#12181 = FACE_BOUND('',#12182,.F.);
#12182 = EDGE_LOOP('',(#12183,#12184,#12192,#12200));
#12183 = ORIENTED_EDGE('',*,*,#12162,.T.);
#12184 = ORIENTED_EDGE('',*,*,#12185,.T.);
#12185 = EDGE_CURVE('',#12155,#12186,#12188,.T.);
#12186 = VERTEX_POINT('',#12187);
#12187 = CARTESIAN_POINT('',(-0.175,0.97,0.26));
#12188 = LINE('',#12189,#12190);
#12189 = CARTESIAN_POINT('',(-0.175,1.05,0.1));
#12190 = VECTOR('',#12191,1.);
#12191 = DIRECTION('',(0.,-0.4472135955,0.894427191));
#12192 = ORIENTED_EDGE('',*,*,#12193,.F.);
#12193 = EDGE_CURVE('',#12194,#12186,#12196,.T.);
#12194 = VERTEX_POINT('',#12195);
#12195 = CARTESIAN_POINT('',(-0.325,0.97,0.26));
#12196 = LINE('',#12197,#12198);
#12197 = CARTESIAN_POINT('',(-0.325,0.97,0.26));
#12198 = VECTOR('',#12199,1.);
#12199 = DIRECTION('',(1.,0.,0.));
#12200 = ORIENTED_EDGE('',*,*,#12201,.F.);
#12201 = EDGE_CURVE('',#12163,#12194,#12202,.T.);
#12202 = LINE('',#12203,#12204);
#12203 = CARTESIAN_POINT('',(-0.325,1.05,0.1));
#12204 = VECTOR('',#12205,1.);
#12205 = DIRECTION('',(0.,-0.4472135955,0.894427191));
#12206 = PLANE('',#12207);
#12207 = AXIS2_PLACEMENT_3D('',#12208,#12209,#12210);
#12208 = CARTESIAN_POINT('',(-0.325,1.05,0.1));
#12209 = DIRECTION('',(0.,-0.894427191,-0.4472135955));
#12210 = DIRECTION('',(0.,-0.4472135955,0.894427191));
#12211 = ADVANCED_FACE('',(#12212),#12237,.F.);
#12212 = FACE_BOUND('',#12213,.F.);
#12213 = EDGE_LOOP('',(#12214,#12215,#12223,#12231));
#12214 = ORIENTED_EDGE('',*,*,#12193,.T.);
#12215 = ORIENTED_EDGE('',*,*,#12216,.T.);
#12216 = EDGE_CURVE('',#12186,#12217,#12219,.T.);
#12217 = VERTEX_POINT('',#12218);
#12218 = CARTESIAN_POINT('',(-0.175,0.28,0.26));
#12219 = LINE('',#12220,#12221);
#12220 = CARTESIAN_POINT('',(-0.175,0.97,0.26));
#12221 = VECTOR('',#12222,1.);
#12222 = DIRECTION('',(0.,-1.,0.));
#12223 = ORIENTED_EDGE('',*,*,#12224,.F.);
#12224 = EDGE_CURVE('',#12225,#12217,#12227,.T.);
#12225 = VERTEX_POINT('',#12226);
#12226 = CARTESIAN_POINT('',(-0.325,0.28,0.26));
#12227 = LINE('',#12228,#12229);
#12228 = CARTESIAN_POINT('',(-0.325,0.28,0.26));
#12229 = VECTOR('',#12230,1.);
#12230 = DIRECTION('',(1.,0.,0.));
#12231 = ORIENTED_EDGE('',*,*,#12232,.F.);
#12232 = EDGE_CURVE('',#12194,#12225,#12233,.T.);
#12233 = LINE('',#12234,#12235);
#12234 = CARTESIAN_POINT('',(-0.325,0.97,0.26));
#12235 = VECTOR('',#12236,1.);
#12236 = DIRECTION('',(0.,-1.,0.));
#12237 = PLANE('',#12238);
#12238 = AXIS2_PLACEMENT_3D('',#12239,#12240,#12241);
#12239 = CARTESIAN_POINT('',(-0.325,0.97,0.26));
#12240 = DIRECTION('',(0.,0.,-1.));
#12241 = DIRECTION('',(0.,-1.,0.));
#12242 = ADVANCED_FACE('',(#12243),#12268,.F.);
#12243 = FACE_BOUND('',#12244,.F.);
#12244 = EDGE_LOOP('',(#12245,#12246,#12254,#12262));
#12245 = ORIENTED_EDGE('',*,*,#12224,.T.);
#12246 = ORIENTED_EDGE('',*,*,#12247,.T.);
#12247 = EDGE_CURVE('',#12217,#12248,#12250,.T.);
#12248 = VERTEX_POINT('',#12249);
#12249 = CARTESIAN_POINT('',(-0.175,0.22,0.42));
#12250 = LINE('',#12251,#12252);
#12251 = CARTESIAN_POINT('',(-0.175,0.28,0.26));
#12252 = VECTOR('',#12253,1.);
#12253 = DIRECTION('',(0.,-0.351123441588,0.936329177569));
#12254 = ORIENTED_EDGE('',*,*,#12255,.F.);
#12255 = EDGE_CURVE('',#12256,#12248,#12258,.T.);
#12256 = VERTEX_POINT('',#12257);
#12257 = CARTESIAN_POINT('',(-0.325,0.22,0.42));
#12258 = LINE('',#12259,#12260);
#12259 = CARTESIAN_POINT('',(-0.325,0.22,0.42));
#12260 = VECTOR('',#12261,1.);
#12261 = DIRECTION('',(1.,0.,0.));
#12262 = ORIENTED_EDGE('',*,*,#12263,.F.);
#12263 = EDGE_CURVE('',#12225,#12256,#12264,.T.);
#12264 = LINE('',#12265,#12266);
#12265 = CARTESIAN_POINT('',(-0.325,0.28,0.26));
#12266 = VECTOR('',#12267,1.);
#12267 = DIRECTION('',(0.,-0.351123441588,0.936329177569));
#12268 = PLANE('',#12269);
#12269 = AXIS2_PLACEMENT_3D('',#12270,#12271,#12272);
#12270 = CARTESIAN_POINT('',(-0.325,0.28,0.26));
#12271 = DIRECTION('',(0.,-0.936329177569,-0.351123441588));
#12272 = DIRECTION('',(0.,-0.351123441588,0.936329177569));
#12273 = ADVANCED_FACE('',(#12274),#12299,.F.);
#12274 = FACE_BOUND('',#12275,.F.);
#12275 = EDGE_LOOP('',(#12276,#12277,#12285,#12293));
#12276 = ORIENTED_EDGE('',*,*,#12255,.T.);
#12277 = ORIENTED_EDGE('',*,*,#12278,.T.);
#12278 = EDGE_CURVE('',#12248,#12279,#12281,.T.);
#12279 = VERTEX_POINT('',#12280);
#12280 = CARTESIAN_POINT('',(-0.175,0.22,0.78));
#12281 = LINE('',#12282,#12283);
#12282 = CARTESIAN_POINT('',(-0.175,0.22,0.42));
#12283 = VECTOR('',#12284,1.);
#12284 = DIRECTION('',(0.,0.,1.));
#12285 = ORIENTED_EDGE('',*,*,#12286,.F.);
#12286 = EDGE_CURVE('',#12287,#12279,#12289,.T.);
#12287 = VERTEX_POINT('',#12288);
#12288 = CARTESIAN_POINT('',(-0.325,0.22,0.78));
#12289 = LINE('',#12290,#12291);
#12290 = CARTESIAN_POINT('',(-0.325,0.22,0.78));
#12291 = VECTOR('',#12292,1.);
#12292 = DIRECTION('',(1.,0.,0.));
#12293 = ORIENTED_EDGE('',*,*,#12294,.F.);
#12294 = EDGE_CURVE('',#12256,#12287,#12295,.T.);
#12295 = LINE('',#12296,#12297);
#12296 = CARTESIAN_POINT('',(-0.325,0.22,0.42));
#12297 = VECTOR('',#12298,1.);
#12298 = DIRECTION('',(0.,0.,1.));
#12299 = PLANE('',#12300);
#12300 = AXIS2_PLACEMENT_3D('',#12301,#12302,#12303);
#12301 = CARTESIAN_POINT('',(-0.325,0.22,0.42));
#12302 = DIRECTION('',(0.,-1.,0.));
#12303 = DIRECTION('',(0.,0.,1.));
#12304 = ADVANCED_FACE('',(#12305),#12330,.F.);
#12305 = FACE_BOUND('',#12306,.F.);
#12306 = EDGE_LOOP('',(#12307,#12308,#12316,#12324));
#12307 = ORIENTED_EDGE('',*,*,#12286,.T.);
#12308 = ORIENTED_EDGE('',*,*,#12309,.T.);
#12309 = EDGE_CURVE('',#12279,#12310,#12312,.T.);
#12310 = VERTEX_POINT('',#12311);
#12311 = CARTESIAN_POINT('',(-0.175,6.E-02,0.84));
#12312 = LINE('',#12313,#12314);
#12313 = CARTESIAN_POINT('',(-0.175,0.22,0.78));
#12314 = VECTOR('',#12315,1.);
#12315 = DIRECTION('',(0.,-0.936329177569,0.351123441588));
#12316 = ORIENTED_EDGE('',*,*,#12317,.F.);
#12317 = EDGE_CURVE('',#12318,#12310,#12320,.T.);
#12318 = VERTEX_POINT('',#12319);
#12319 = CARTESIAN_POINT('',(-0.325,6.E-02,0.84));
#12320 = LINE('',#12321,#12322);
#12321 = CARTESIAN_POINT('',(-0.325,6.E-02,0.84));
#12322 = VECTOR('',#12323,1.);
#12323 = DIRECTION('',(1.,0.,0.));
#12324 = ORIENTED_EDGE('',*,*,#12325,.F.);
#12325 = EDGE_CURVE('',#12287,#12318,#12326,.T.);
#12326 = LINE('',#12327,#12328);
#12327 = CARTESIAN_POINT('',(-0.325,0.22,0.78));
#12328 = VECTOR('',#12329,1.);
#12329 = DIRECTION('',(0.,-0.936329177569,0.351123441588));
#12330 = PLANE('',#12331);
#12331 = AXIS2_PLACEMENT_3D('',#12332,#12333,#12334);
#12332 = CARTESIAN_POINT('',(-0.325,0.22,0.78));
#12333 = DIRECTION('',(0.,-0.351123441588,-0.936329177569));
#12334 = DIRECTION('',(0.,-0.936329177569,0.351123441588));
#12335 = ADVANCED_FACE('',(#12336),#12361,.F.);
#12336 = FACE_BOUND('',#12337,.F.);
#12337 = EDGE_LOOP('',(#12338,#12339,#12347,#12355));
#12338 = ORIENTED_EDGE('',*,*,#12317,.T.);
#12339 = ORIENTED_EDGE('',*,*,#12340,.T.);
#12340 = EDGE_CURVE('',#12310,#12341,#12343,.T.);
#12341 = VERTEX_POINT('',#12342);
#12342 = CARTESIAN_POINT('',(-0.175,-0.3,0.82));
#12343 = LINE('',#12344,#12345);
#12344 = CARTESIAN_POINT('',(-0.175,6.E-02,0.84));
#12345 = VECTOR('',#12346,1.);
#12346 = DIRECTION('',(0.,-0.998460353205,-5.547001962252E-02));
#12347 = ORIENTED_EDGE('',*,*,#12348,.F.);
#12348 = EDGE_CURVE('',#12349,#12341,#12351,.T.);
#12349 = VERTEX_POINT('',#12350);
#12350 = CARTESIAN_POINT('',(-0.325,-0.3,0.82));
#12351 = LINE('',#12352,#12353);
#12352 = CARTESIAN_POINT('',(-0.325,-0.3,0.82));
#12353 = VECTOR('',#12354,1.);
#12354 = DIRECTION('',(1.,0.,0.));
#12355 = ORIENTED_EDGE('',*,*,#12356,.F.);
#12356 = EDGE_CURVE('',#12318,#12349,#12357,.T.);
#12357 = LINE('',#12358,#12359);
#12358 = CARTESIAN_POINT('',(-0.325,6.E-02,0.84));
#12359 = VECTOR('',#12360,1.);
#12360 = DIRECTION('',(0.,-0.998460353205,-5.547001962252E-02));
#12361 = PLANE('',#12362);
#12362 = AXIS2_PLACEMENT_3D('',#12363,#12364,#12365);
#12363 = CARTESIAN_POINT('',(-0.325,6.E-02,0.84));
#12364 = DIRECTION('',(0.,5.547001962252E-02,-0.998460353205));
#12365 = DIRECTION('',(0.,-0.998460353205,-5.547001962252E-02));
#12366 = ADVANCED_FACE('',(#12367),#12392,.F.);
#12367 = FACE_BOUND('',#12368,.F.);
#12368 = EDGE_LOOP('',(#12369,#12370,#12378,#12386));
#12369 = ORIENTED_EDGE('',*,*,#12348,.T.);
#12370 = ORIENTED_EDGE('',*,*,#12371,.T.);
#12371 = EDGE_CURVE('',#12341,#12372,#12374,.T.);
#12372 = VERTEX_POINT('',#12373);
#12373 = CARTESIAN_POINT('',(-0.175,-1.39,0.72));
#12374 = LINE('',#12375,#12376);
#12375 = CARTESIAN_POINT('',(-0.175,-0.3,0.82));
#12376 = VECTOR('',#12377,1.);
#12377 = DIRECTION('',(0.,-0.995817981008,-9.135944779885E-02));
#12378 = ORIENTED_EDGE('',*,*,#12379,.F.);
#12379 = EDGE_CURVE('',#12380,#12372,#12382,.T.);
#12380 = VERTEX_POINT('',#12381);
#12381 = CARTESIAN_POINT('',(-0.325,-1.39,0.72));
#12382 = LINE('',#12383,#12384);
#12383 = CARTESIAN_POINT('',(-0.325,-1.39,0.72));
#12384 = VECTOR('',#12385,1.);
#12385 = DIRECTION('',(1.,0.,0.));
#12386 = ORIENTED_EDGE('',*,*,#12387,.F.);
#12387 = EDGE_CURVE('',#12349,#12380,#12388,.T.);
#12388 = LINE('',#12389,#12390);
#12389 = CARTESIAN_POINT('',(-0.325,-0.3,0.82));
#12390 = VECTOR('',#12391,1.);
#12391 = DIRECTION('',(0.,-0.995817981008,-9.135944779885E-02));
#12392 = PLANE('',#12393);
#12393 = AXIS2_PLACEMENT_3D('',#12394,#12395,#12396);
#12394 = CARTESIAN_POINT('',(-0.325,-0.3,0.82));
#12395 = DIRECTION('',(0.,9.135944779885E-02,-0.995817981008));
#12396 = DIRECTION('',(0.,-0.995817981008,-9.135944779885E-02));
#12397 = ADVANCED_FACE('',(#12398),#12423,.F.);
#12398 = FACE_BOUND('',#12399,.F.);
#12399 = EDGE_LOOP('',(#12400,#12401,#12409,#12417));
#12400 = ORIENTED_EDGE('',*,*,#12379,.T.);
#12401 = ORIENTED_EDGE('',*,*,#12402,.T.);
#12402 = EDGE_CURVE('',#12372,#12403,#12405,.T.);
#12403 = VERTEX_POINT('',#12404);
#12404 = CARTESIAN_POINT('',(-0.175,-1.47,0.68));
#12405 = LINE('',#12406,#12407);
#12406 = CARTESIAN_POINT('',(-0.175,-1.39,0.72));
#12407 = VECTOR('',#12408,1.);
#12408 = DIRECTION('',(0.,-0.894427191,-0.4472135955));
#12409 = ORIENTED_EDGE('',*,*,#12410,.F.);
#12410 = EDGE_CURVE('',#12411,#12403,#12413,.T.);
#12411 = VERTEX_POINT('',#12412);
#12412 = CARTESIAN_POINT('',(-0.325,-1.47,0.68));
#12413 = LINE('',#12414,#12415);
#12414 = CARTESIAN_POINT('',(-0.325,-1.47,0.68));
#12415 = VECTOR('',#12416,1.);
#12416 = DIRECTION('',(1.,0.,0.));
#12417 = ORIENTED_EDGE('',*,*,#12418,.F.);
#12418 = EDGE_CURVE('',#12380,#12411,#12419,.T.);
#12419 = LINE('',#12420,#12421);
#12420 = CARTESIAN_POINT('',(-0.325,-1.39,0.72));
#12421 = VECTOR('',#12422,1.);
#12422 = DIRECTION('',(0.,-0.894427191,-0.4472135955));
#12423 = PLANE('',#12424);
#12424 = AXIS2_PLACEMENT_3D('',#12425,#12426,#12427);
#12425 = CARTESIAN_POINT('',(-0.325,-1.39,0.72));
#12426 = DIRECTION('',(0.,0.4472135955,-0.894427191));
#12427 = DIRECTION('',(0.,-0.894427191,-0.4472135955));
#12428 = ADVANCED_FACE('',(#12429),#12454,.F.);
#12429 = FACE_BOUND('',#12430,.F.);
#12430 = EDGE_LOOP('',(#12431,#12432,#12440,#12448));
#12431 = ORIENTED_EDGE('',*,*,#12410,.T.);
#12432 = ORIENTED_EDGE('',*,*,#12433,.T.);
#12433 = EDGE_CURVE('',#12403,#12434,#12436,.T.);
#12434 = VERTEX_POINT('',#12435);
#12435 = CARTESIAN_POINT('',(-0.175,-1.41,0.63));
#12436 = LINE('',#12437,#12438);
#12437 = CARTESIAN_POINT('',(-0.175,-1.47,0.68));
#12438 = VECTOR('',#12439,1.);
#12439 = DIRECTION('',(0.,0.768221279597,-0.640184399664));
#12440 = ORIENTED_EDGE('',*,*,#12441,.F.);
#12441 = EDGE_CURVE('',#12442,#12434,#12444,.T.);
#12442 = VERTEX_POINT('',#12443);
#12443 = CARTESIAN_POINT('',(-0.325,-1.41,0.63));
#12444 = LINE('',#12445,#12446);
#12445 = CARTESIAN_POINT('',(-0.325,-1.41,0.63));
#12446 = VECTOR('',#12447,1.);
#12447 = DIRECTION('',(1.,0.,0.));
#12448 = ORIENTED_EDGE('',*,*,#12449,.F.);
#12449 = EDGE_CURVE('',#12411,#12442,#12450,.T.);
#12450 = LINE('',#12451,#12452);
#12451 = CARTESIAN_POINT('',(-0.325,-1.47,0.68));
#12452 = VECTOR('',#12453,1.);
#12453 = DIRECTION('',(0.,0.768221279597,-0.640184399664));
#12454 = PLANE('',#12455);
#12455 = AXIS2_PLACEMENT_3D('',#12456,#12457,#12458);
#12456 = CARTESIAN_POINT('',(-0.325,-1.47,0.68));
#12457 = DIRECTION('',(-0.,0.640184399664,0.768221279597));
#12458 = DIRECTION('',(0.,0.768221279597,-0.640184399664));
#12459 = ADVANCED_FACE('',(#12460),#12485,.F.);
#12460 = FACE_BOUND('',#12461,.F.);
#12461 = EDGE_LOOP('',(#12462,#12463,#12471,#12479));
#12462 = ORIENTED_EDGE('',*,*,#12441,.T.);
#12463 = ORIENTED_EDGE('',*,*,#12464,.T.);
#12464 = EDGE_CURVE('',#12434,#12465,#12467,.T.);
#12465 = VERTEX_POINT('',#12466);
#12466 = CARTESIAN_POINT('',(-0.175,-1.3,0.65));
#12467 = LINE('',#12468,#12469);
#12468 = CARTESIAN_POINT('',(-0.175,-1.41,0.63));
#12469 = VECTOR('',#12470,1.);
#12470 = DIRECTION('',(0.,0.9838699101,0.1788854382));
#12471 = ORIENTED_EDGE('',*,*,#12472,.F.);
#12472 = EDGE_CURVE('',#12473,#12465,#12475,.T.);
#12473 = VERTEX_POINT('',#12474);
#12474 = CARTESIAN_POINT('',(-0.325,-1.3,0.65));
#12475 = LINE('',#12476,#12477);
#12476 = CARTESIAN_POINT('',(-0.325,-1.3,0.65));
#12477 = VECTOR('',#12478,1.);
#12478 = DIRECTION('',(1.,0.,0.));
#12479 = ORIENTED_EDGE('',*,*,#12480,.F.);
#12480 = EDGE_CURVE('',#12442,#12473,#12481,.T.);
#12481 = LINE('',#12482,#12483);
#12482 = CARTESIAN_POINT('',(-0.325,-1.41,0.63));
#12483 = VECTOR('',#12484,1.);
#12484 = DIRECTION('',(0.,0.9838699101,0.1788854382));
#12485 = PLANE('',#12486);
#12486 = AXIS2_PLACEMENT_3D('',#12487,#12488,#12489);
#12487 = CARTESIAN_POINT('',(-0.325,-1.41,0.63));
#12488 = DIRECTION('',(0.,-0.1788854382,0.9838699101));
#12489 = DIRECTION('',(0.,0.9838699101,0.1788854382));
#12490 = ADVANCED_FACE('',(#12491),#12516,.F.);
#12491 = FACE_BOUND('',#12492,.F.);
#12492 = EDGE_LOOP('',(#12493,#12494,#12502,#12510));
#12493 = ORIENTED_EDGE('',*,*,#12472,.T.);
#12494 = ORIENTED_EDGE('',*,*,#12495,.T.);
#12495 = EDGE_CURVE('',#12465,#12496,#12498,.T.);
#12496 = VERTEX_POINT('',#12497);
#12497 = CARTESIAN_POINT('',(-0.175,-0.28,0.75));
#12498 = LINE('',#12499,#12500);
#12499 = CARTESIAN_POINT('',(-0.175,-1.3,0.65));
#12500 = VECTOR('',#12501,1.);
#12501 = DIRECTION('',(0.,0.99522852512,9.757142403137E-02));
#12502 = ORIENTED_EDGE('',*,*,#12503,.F.);
#12503 = EDGE_CURVE('',#12504,#12496,#12506,.T.);
#12504 = VERTEX_POINT('',#12505);
#12505 = CARTESIAN_POINT('',(-0.325,-0.28,0.75));
#12506 = LINE('',#12507,#12508);
#12507 = CARTESIAN_POINT('',(-0.325,-0.28,0.75));
#12508 = VECTOR('',#12509,1.);
#12509 = DIRECTION('',(1.,0.,0.));
#12510 = ORIENTED_EDGE('',*,*,#12511,.F.);
#12511 = EDGE_CURVE('',#12473,#12504,#12512,.T.);
#12512 = LINE('',#12513,#12514);
#12513 = CARTESIAN_POINT('',(-0.325,-1.3,0.65));
#12514 = VECTOR('',#12515,1.);
#12515 = DIRECTION('',(0.,0.99522852512,9.757142403137E-02));
#12516 = PLANE('',#12517);
#12517 = AXIS2_PLACEMENT_3D('',#12518,#12519,#12520);
#12518 = CARTESIAN_POINT('',(-0.325,-1.3,0.65));
#12519 = DIRECTION('',(0.,-9.757142403137E-02,0.99522852512));
#12520 = DIRECTION('',(0.,0.99522852512,9.757142403137E-02));
#12521 = ADVANCED_FACE('',(#12522),#12547,.F.);
#12522 = FACE_BOUND('',#12523,.F.);
#12523 = EDGE_LOOP('',(#12524,#12525,#12533,#12541));
#12524 = ORIENTED_EDGE('',*,*,#12503,.T.);
#12525 = ORIENTED_EDGE('',*,*,#12526,.T.);
#12526 = EDGE_CURVE('',#12496,#12527,#12529,.T.);
#12527 = VERTEX_POINT('',#12528);
#12528 = CARTESIAN_POINT('',(-0.175,0.12,0.75));
#12529 = LINE('',#12530,#12531);
#12530 = CARTESIAN_POINT('',(-0.175,-0.28,0.75));
#12531 = VECTOR('',#12532,1.);
#12532 = DIRECTION('',(0.,1.,0.));
#12533 = ORIENTED_EDGE('',*,*,#12534,.F.);
#12534 = EDGE_CURVE('',#12535,#12527,#12537,.T.);
#12535 = VERTEX_POINT('',#12536);
#12536 = CARTESIAN_POINT('',(-0.325,0.12,0.75));
#12537 = LINE('',#12538,#12539);
#12538 = CARTESIAN_POINT('',(-0.325,0.12,0.75));
#12539 = VECTOR('',#12540,1.);
#12540 = DIRECTION('',(1.,0.,0.));
#12541 = ORIENTED_EDGE('',*,*,#12542,.F.);
#12542 = EDGE_CURVE('',#12504,#12535,#12543,.T.);
#12543 = LINE('',#12544,#12545);
#12544 = CARTESIAN_POINT('',(-0.325,-0.28,0.75));
#12545 = VECTOR('',#12546,1.);
#12546 = DIRECTION('',(0.,1.,0.));
#12547 = PLANE('',#12548);
#12548 = AXIS2_PLACEMENT_3D('',#12549,#12550,#12551);
#12549 = CARTESIAN_POINT('',(-0.325,-0.28,0.75));
#12550 = DIRECTION('',(0.,0.,1.));
#12551 = DIRECTION('',(0.,1.,0.));
#12552 = ADVANCED_FACE('',(#12553),#12578,.F.);
#12553 = FACE_BOUND('',#12554,.F.);
#12554 = EDGE_LOOP('',(#12555,#12556,#12564,#12572));
#12555 = ORIENTED_EDGE('',*,*,#12534,.T.);
#12556 = ORIENTED_EDGE('',*,*,#12557,.T.);
#12557 = EDGE_CURVE('',#12527,#12558,#12560,.T.);
#12558 = VERTEX_POINT('',#12559);
#12559 = CARTESIAN_POINT('',(-0.175,0.12,0.43));
#12560 = LINE('',#12561,#12562);
#12561 = CARTESIAN_POINT('',(-0.175,0.12,0.75));
#12562 = VECTOR('',#12563,1.);
#12563 = DIRECTION('',(0.,0.,-1.));
#12564 = ORIENTED_EDGE('',*,*,#12565,.F.);
#12565 = EDGE_CURVE('',#12566,#12558,#12568,.T.);
#12566 = VERTEX_POINT('',#12567);
#12567 = CARTESIAN_POINT('',(-0.325,0.12,0.43));
#12568 = LINE('',#12569,#12570);
#12569 = CARTESIAN_POINT('',(-0.325,0.12,0.43));
#12570 = VECTOR('',#12571,1.);
#12571 = DIRECTION('',(1.,0.,0.));
#12572 = ORIENTED_EDGE('',*,*,#12573,.F.);
#12573 = EDGE_CURVE('',#12535,#12566,#12574,.T.);
#12574 = LINE('',#12575,#12576);
#12575 = CARTESIAN_POINT('',(-0.325,0.12,0.75));
#12576 = VECTOR('',#12577,1.);
#12577 = DIRECTION('',(0.,0.,-1.));
#12578 = PLANE('',#12579);
#12579 = AXIS2_PLACEMENT_3D('',#12580,#12581,#12582);
#12580 = CARTESIAN_POINT('',(-0.325,0.12,0.75));
#12581 = DIRECTION('',(-0.,1.,0.));
#12582 = DIRECTION('',(0.,0.,-1.));
#12583 = ADVANCED_FACE('',(#12584),#12609,.F.);
#12584 = FACE_BOUND('',#12585,.F.);
#12585 = EDGE_LOOP('',(#12586,#12587,#12595,#12603));
#12586 = ORIENTED_EDGE('',*,*,#12565,.T.);
#12587 = ORIENTED_EDGE('',*,*,#12588,.T.);
#12588 = EDGE_CURVE('',#12558,#12589,#12591,.T.);
#12589 = VERTEX_POINT('',#12590);
#12590 = CARTESIAN_POINT('',(-0.175,-0.44,0.43));
#12591 = LINE('',#12592,#12593);
#12592 = CARTESIAN_POINT('',(-0.175,0.12,0.43));
#12593 = VECTOR('',#12594,1.);
#12594 = DIRECTION('',(0.,-1.,0.));
#12595 = ORIENTED_EDGE('',*,*,#12596,.F.);
#12596 = EDGE_CURVE('',#12597,#12589,#12599,.T.);
#12597 = VERTEX_POINT('',#12598);
#12598 = CARTESIAN_POINT('',(-0.325,-0.44,0.43));
#12599 = LINE('',#12600,#12601);
#12600 = CARTESIAN_POINT('',(-0.325,-0.44,0.43));
#12601 = VECTOR('',#12602,1.);
#12602 = DIRECTION('',(1.,0.,0.));
#12603 = ORIENTED_EDGE('',*,*,#12604,.F.);
#12604 = EDGE_CURVE('',#12566,#12597,#12605,.T.);
#12605 = LINE('',#12606,#12607);
#12606 = CARTESIAN_POINT('',(-0.325,0.12,0.43));
#12607 = VECTOR('',#12608,1.);
#12608 = DIRECTION('',(0.,-1.,0.));
#12609 = PLANE('',#12610);
#12610 = AXIS2_PLACEMENT_3D('',#12611,#12612,#12613);
#12611 = CARTESIAN_POINT('',(-0.325,0.12,0.43));
#12612 = DIRECTION('',(0.,0.,-1.));
#12613 = DIRECTION('',(0.,-1.,0.));
#12614 = ADVANCED_FACE('',(#12615),#12640,.F.);
#12615 = FACE_BOUND('',#12616,.F.);
#12616 = EDGE_LOOP('',(#12617,#12618,#12626,#12634));
#12617 = ORIENTED_EDGE('',*,*,#12596,.T.);
#12618 = ORIENTED_EDGE('',*,*,#12619,.T.);
#12619 = EDGE_CURVE('',#12589,#12620,#12622,.T.);
#12620 = VERTEX_POINT('',#12621);
#12621 = CARTESIAN_POINT('',(-0.175,-0.76,0.36));
#12622 = LINE('',#12623,#12624);
#12623 = CARTESIAN_POINT('',(-0.175,-0.44,0.43));
#12624 = VECTOR('',#12625,1.);
#12625 = DIRECTION('',(0.,-0.976900017396,-0.213696878805));
#12626 = ORIENTED_EDGE('',*,*,#12627,.F.);
#12627 = EDGE_CURVE('',#12628,#12620,#12630,.T.);
#12628 = VERTEX_POINT('',#12629);
#12629 = CARTESIAN_POINT('',(-0.325,-0.76,0.36));
#12630 = LINE('',#12631,#12632);
#12631 = CARTESIAN_POINT('',(-0.325,-0.76,0.36));
#12632 = VECTOR('',#12633,1.);
#12633 = DIRECTION('',(1.,0.,0.));
#12634 = ORIENTED_EDGE('',*,*,#12635,.F.);
#12635 = EDGE_CURVE('',#12597,#12628,#12636,.T.);
#12636 = LINE('',#12637,#12638);
#12637 = CARTESIAN_POINT('',(-0.325,-0.44,0.43));
#12638 = VECTOR('',#12639,1.);
#12639 = DIRECTION('',(0.,-0.976900017396,-0.213696878805));
#12640 = PLANE('',#12641);
#12641 = AXIS2_PLACEMENT_3D('',#12642,#12643,#12644);
#12642 = CARTESIAN_POINT('',(-0.325,-0.44,0.43));
#12643 = DIRECTION('',(0.,0.213696878805,-0.976900017396));
#12644 = DIRECTION('',(0.,-0.976900017396,-0.213696878805));
#12645 = ADVANCED_FACE('',(#12646),#12671,.F.);
#12646 = FACE_BOUND('',#12647,.F.);
#12647 = EDGE_LOOP('',(#12648,#12649,#12657,#12665));
#12648 = ORIENTED_EDGE('',*,*,#12627,.T.);
#12649 = ORIENTED_EDGE('',*,*,#12650,.T.);
#12650 = EDGE_CURVE('',#12620,#12651,#12653,.T.);
#12651 = VERTEX_POINT('',#12652);
#12652 = CARTESIAN_POINT('',(-0.175,-1.37,0.35));
#12653 = LINE('',#12654,#12655);
#12654 = CARTESIAN_POINT('',(-0.175,-0.76,0.36));
#12655 = VECTOR('',#12656,1.);
#12656 = DIRECTION('',(0.,-0.999865654597,-1.63912402393E-02));
#12657 = ORIENTED_EDGE('',*,*,#12658,.F.);
#12658 = EDGE_CURVE('',#12659,#12651,#12661,.T.);
#12659 = VERTEX_POINT('',#12660);
#12660 = CARTESIAN_POINT('',(-0.325,-1.37,0.35));
#12661 = LINE('',#12662,#12663);
#12662 = CARTESIAN_POINT('',(-0.325,-1.37,0.35));
#12663 = VECTOR('',#12664,1.);
#12664 = DIRECTION('',(1.,0.,0.));
#12665 = ORIENTED_EDGE('',*,*,#12666,.F.);
#12666 = EDGE_CURVE('',#12628,#12659,#12667,.T.);
#12667 = LINE('',#12668,#12669);
#12668 = CARTESIAN_POINT('',(-0.325,-0.76,0.36));
#12669 = VECTOR('',#12670,1.);
#12670 = DIRECTION('',(0.,-0.999865654597,-1.63912402393E-02));
#12671 = PLANE('',#12672);
#12672 = AXIS2_PLACEMENT_3D('',#12673,#12674,#12675);
#12673 = CARTESIAN_POINT('',(-0.325,-0.76,0.36));
#12674 = DIRECTION('',(0.,1.63912402393E-02,-0.999865654597));
#12675 = DIRECTION('',(0.,-0.999865654597,-1.63912402393E-02));
#12676 = ADVANCED_FACE('',(#12677),#12693,.F.);
#12677 = FACE_BOUND('',#12678,.F.);
#12678 = EDGE_LOOP('',(#12679,#12680,#12686,#12687));
#12679 = ORIENTED_EDGE('',*,*,#12658,.T.);
#12680 = ORIENTED_EDGE('',*,*,#12681,.T.);
#12681 = EDGE_CURVE('',#12651,#11837,#12682,.T.);
#12682 = LINE('',#12683,#12684);
#12683 = CARTESIAN_POINT('',(-0.175,-1.37,0.35));
#12684 = VECTOR('',#12685,1.);
#12685 = DIRECTION('',(0.,-0.894427191,-0.4472135955));
#12686 = ORIENTED_EDGE('',*,*,#11834,.F.);
#12687 = ORIENTED_EDGE('',*,*,#12688,.F.);
#12688 = EDGE_CURVE('',#12659,#11835,#12689,.T.);
#12689 = LINE('',#12690,#12691);
#12690 = CARTESIAN_POINT('',(-0.325,-1.37,0.35));
#12691 = VECTOR('',#12692,1.);
#12692 = DIRECTION('',(0.,-0.894427191,-0.4472135955));
#12693 = PLANE('',#12694);
#12694 = AXIS2_PLACEMENT_3D('',#12695,#12696,#12697);
#12695 = CARTESIAN_POINT('',(-0.325,-1.37,0.35));
#12696 = DIRECTION('',(0.,0.4472135955,-0.894427191));
#12697 = DIRECTION('',(0.,-0.894427191,-0.4472135955));
#12698 = ADVANCED_FACE('',(#12699),#12729,.F.);
#12699 = FACE_BOUND('',#12700,.F.);
#12700 = EDGE_LOOP('',(#12701,#12702,#12703,#12704,#12705,#12706,#12707,
    #12708,#12709,#12710,#12711,#12712,#12713,#12714,#12715,#12716,
    #12717,#12718,#12719,#12720,#12721,#12722,#12723,#12724,#12725,
    #12726,#12727,#12728));
#12701 = ORIENTED_EDGE('',*,*,#11860,.T.);
#12702 = ORIENTED_EDGE('',*,*,#11891,.T.);
#12703 = ORIENTED_EDGE('',*,*,#11922,.T.);
#12704 = ORIENTED_EDGE('',*,*,#11953,.T.);
#12705 = ORIENTED_EDGE('',*,*,#11984,.T.);
#12706 = ORIENTED_EDGE('',*,*,#12015,.T.);
#12707 = ORIENTED_EDGE('',*,*,#12046,.T.);
#12708 = ORIENTED_EDGE('',*,*,#12077,.T.);
#12709 = ORIENTED_EDGE('',*,*,#12108,.T.);
#12710 = ORIENTED_EDGE('',*,*,#12139,.T.);
#12711 = ORIENTED_EDGE('',*,*,#12170,.T.);
#12712 = ORIENTED_EDGE('',*,*,#12201,.T.);
#12713 = ORIENTED_EDGE('',*,*,#12232,.T.);
#12714 = ORIENTED_EDGE('',*,*,#12263,.T.);
#12715 = ORIENTED_EDGE('',*,*,#12294,.T.);
#12716 = ORIENTED_EDGE('',*,*,#12325,.T.);
#12717 = ORIENTED_EDGE('',*,*,#12356,.T.);
#12718 = ORIENTED_EDGE('',*,*,#12387,.T.);
#12719 = ORIENTED_EDGE('',*,*,#12418,.T.);
#12720 = ORIENTED_EDGE('',*,*,#12449,.T.);
#12721 = ORIENTED_EDGE('',*,*,#12480,.T.);
#12722 = ORIENTED_EDGE('',*,*,#12511,.T.);
#12723 = ORIENTED_EDGE('',*,*,#12542,.T.);
#12724 = ORIENTED_EDGE('',*,*,#12573,.T.);
#12725 = ORIENTED_EDGE('',*,*,#12604,.T.);
#12726 = ORIENTED_EDGE('',*,*,#12635,.T.);
#12727 = ORIENTED_EDGE('',*,*,#12666,.T.);
#12728 = ORIENTED_EDGE('',*,*,#12688,.T.);
#12729 = PLANE('',#12730);
#12730 = AXIS2_PLACEMENT_3D('',#12731,#12732,#12733);
#12731 = CARTESIAN_POINT('',(-0.325,-0.200937564723,0.444942085346));
#12732 = DIRECTION('',(1.,0.,0.));
#12733 = DIRECTION('',(-0.,0.,1.));
#12734 = ADVANCED_FACE('',(#12735),#12765,.T.);
#12735 = FACE_BOUND('',#12736,.T.);
#12736 = EDGE_LOOP('',(#12737,#12738,#12739,#12740,#12741,#12742,#12743,
    #12744,#12745,#12746,#12747,#12748,#12749,#12750,#12751,#12752,
    #12753,#12754,#12755,#12756,#12757,#12758,#12759,#12760,#12761,
    #12762,#12763,#12764));
#12737 = ORIENTED_EDGE('',*,*,#11844,.T.);
#12738 = ORIENTED_EDGE('',*,*,#11875,.T.);
#12739 = ORIENTED_EDGE('',*,*,#11906,.T.);
#12740 = ORIENTED_EDGE('',*,*,#11937,.T.);
#12741 = ORIENTED_EDGE('',*,*,#11968,.T.);
#12742 = ORIENTED_EDGE('',*,*,#11999,.T.);
#12743 = ORIENTED_EDGE('',*,*,#12030,.T.);
#12744 = ORIENTED_EDGE('',*,*,#12061,.T.);
#12745 = ORIENTED_EDGE('',*,*,#12092,.T.);
#12746 = ORIENTED_EDGE('',*,*,#12123,.T.);
#12747 = ORIENTED_EDGE('',*,*,#12154,.T.);
#12748 = ORIENTED_EDGE('',*,*,#12185,.T.);
#12749 = ORIENTED_EDGE('',*,*,#12216,.T.);
#12750 = ORIENTED_EDGE('',*,*,#12247,.T.);
#12751 = ORIENTED_EDGE('',*,*,#12278,.T.);
#12752 = ORIENTED_EDGE('',*,*,#12309,.T.);
#12753 = ORIENTED_EDGE('',*,*,#12340,.T.);
#12754 = ORIENTED_EDGE('',*,*,#12371,.T.);
#12755 = ORIENTED_EDGE('',*,*,#12402,.T.);
#12756 = ORIENTED_EDGE('',*,*,#12433,.T.);
#12757 = ORIENTED_EDGE('',*,*,#12464,.T.);
#12758 = ORIENTED_EDGE('',*,*,#12495,.T.);
#12759 = ORIENTED_EDGE('',*,*,#12526,.T.);
#12760 = ORIENTED_EDGE('',*,*,#12557,.T.);
#12761 = ORIENTED_EDGE('',*,*,#12588,.T.);
#12762 = ORIENTED_EDGE('',*,*,#12619,.T.);
#12763 = ORIENTED_EDGE('',*,*,#12650,.T.);
#12764 = ORIENTED_EDGE('',*,*,#12681,.T.);
#12765 = PLANE('',#12766);
#12766 = AXIS2_PLACEMENT_3D('',#12767,#12768,#12769);
#12767 = CARTESIAN_POINT('',(-0.175,-0.200937564723,0.444942085346));
#12768 = DIRECTION('',(1.,0.,0.));
#12769 = DIRECTION('',(-0.,0.,1.));
#12770 = ( GEOMETRIC_REPRESENTATION_CONTEXT(3)
GLOBAL_UNCERTAINTY_ASSIGNED_CONTEXT((#12774))
GLOBAL_UNIT_ASSIGNED_CONTEXT((#12771,#12772,#12773))
REPRESENTATION_CONTEXT('Context #1',
  '3D Context with UNIT and UNCERTAINTY') );
#12771 = ( LENGTH_UNIT() NAMED_UNIT(*) SI_UNIT(.MILLI.,.METRE.) );
#12772 = ( NAMED_UNIT(*) PLANE_ANGLE_UNIT() SI_UNIT($,.RADIAN.) );
#12773 = ( NAMED_UNIT(*) SI_UNIT($,.STERADIAN.) SOLID_ANGLE_UNIT() );
#12774 = UNCERTAINTY_MEASURE_WITH_UNIT(LENGTH_MEASURE(1.E-07),#12771,
  'distance_accuracy_value','confusion accuracy');
#12775 = CONTEXT_DEPENDENT_SHAPE_REPRESENTATION(#12776,#12778);
#12776 = ( REPRESENTATION_RELATIONSHIP('','',#11827,#10)
REPRESENTATION_RELATIONSHIP_WITH_TRANSFORMATION(#12777)
SHAPE_REPRESENTATION_RELATIONSHIP() );
#12777 = ITEM_DEFINED_TRANSFORMATION('','',#11,#43);
#12778 = PRODUCT_DEFINITION_SHAPE('Placement','Placement of an item',
  #12779);
#12779 = NEXT_ASSEMBLY_USAGE_OCCURRENCE('8','Gold_contact_06','',#5,
  #11822,$);
#12780 = PRODUCT_RELATED_PRODUCT_CATEGORY('part',$,(#11824));
#12781 = SHAPE_DEFINITION_REPRESENTATION(#12782,#12788);
#12782 = PRODUCT_DEFINITION_SHAPE('','',#12783);
#12783 = PRODUCT_DEFINITION('design','',#12784,#12787);
#12784 = PRODUCT_DEFINITION_FORMATION('','',#12785);
#12785 = PRODUCT('Gold_contact_07','Gold_contact_07','',(#12786));
#12786 = PRODUCT_CONTEXT('',#2,'mechanical');
#12787 = PRODUCT_DEFINITION_CONTEXT('part definition',#2,'design');
#12788 = ADVANCED_BREP_SHAPE_REPRESENTATION('',(#11,#12789),#13731);
#12789 = MANIFOLD_SOLID_BREP('',#12790);
#12790 = CLOSED_SHELL('',(#12791,#12831,#12862,#12893,#12924,#12955,
    #12986,#13017,#13048,#13079,#13110,#13141,#13172,#13203,#13234,
    #13265,#13296,#13327,#13358,#13389,#13420,#13451,#13482,#13513,
    #13544,#13575,#13606,#13637,#13659,#13695));
#12791 = ADVANCED_FACE('',(#12792),#12826,.F.);
#12792 = FACE_BOUND('',#12793,.F.);
#12793 = EDGE_LOOP('',(#12794,#12804,#12812,#12820));
#12794 = ORIENTED_EDGE('',*,*,#12795,.T.);
#12795 = EDGE_CURVE('',#12796,#12798,#12800,.T.);
#12796 = VERTEX_POINT('',#12797);
#12797 = CARTESIAN_POINT('',(0.175,-1.47,0.3));
#12798 = VERTEX_POINT('',#12799);
#12799 = CARTESIAN_POINT('',(0.325,-1.47,0.3));
#12800 = LINE('',#12801,#12802);
#12801 = CARTESIAN_POINT('',(0.175,-1.47,0.3));
#12802 = VECTOR('',#12803,1.);
#12803 = DIRECTION('',(1.,0.,0.));
#12804 = ORIENTED_EDGE('',*,*,#12805,.T.);
#12805 = EDGE_CURVE('',#12798,#12806,#12808,.T.);
#12806 = VERTEX_POINT('',#12807);
#12807 = CARTESIAN_POINT('',(0.325,-1.39,0.27));
#12808 = LINE('',#12809,#12810);
#12809 = CARTESIAN_POINT('',(0.325,-1.47,0.3));
#12810 = VECTOR('',#12811,1.);
#12811 = DIRECTION('',(0.,0.936329177569,-0.351123441588));
#12812 = ORIENTED_EDGE('',*,*,#12813,.F.);
#12813 = EDGE_CURVE('',#12814,#12806,#12816,.T.);
#12814 = VERTEX_POINT('',#12815);
#12815 = CARTESIAN_POINT('',(0.175,-1.39,0.27));
#12816 = LINE('',#12817,#12818);
#12817 = CARTESIAN_POINT('',(0.175,-1.39,0.27));
#12818 = VECTOR('',#12819,1.);
#12819 = DIRECTION('',(1.,0.,0.));
#12820 = ORIENTED_EDGE('',*,*,#12821,.F.);
#12821 = EDGE_CURVE('',#12796,#12814,#12822,.T.);
#12822 = LINE('',#12823,#12824);
#12823 = CARTESIAN_POINT('',(0.175,-1.47,0.3));
#12824 = VECTOR('',#12825,1.);
#12825 = DIRECTION('',(0.,0.936329177569,-0.351123441588));
#12826 = PLANE('',#12827);
#12827 = AXIS2_PLACEMENT_3D('',#12828,#12829,#12830);
#12828 = CARTESIAN_POINT('',(0.175,-1.47,0.3));
#12829 = DIRECTION('',(-0.,0.351123441588,0.936329177569));
#12830 = DIRECTION('',(0.,0.936329177569,-0.351123441588));
#12831 = ADVANCED_FACE('',(#12832),#12857,.F.);
#12832 = FACE_BOUND('',#12833,.F.);
#12833 = EDGE_LOOP('',(#12834,#12835,#12843,#12851));
#12834 = ORIENTED_EDGE('',*,*,#12813,.T.);
#12835 = ORIENTED_EDGE('',*,*,#12836,.T.);
#12836 = EDGE_CURVE('',#12806,#12837,#12839,.T.);
#12837 = VERTEX_POINT('',#12838);
#12838 = CARTESIAN_POINT('',(0.325,-0.76,0.29));
#12839 = LINE('',#12840,#12841);
#12840 = CARTESIAN_POINT('',(0.325,-1.39,0.27));
#12841 = VECTOR('',#12842,1.);
#12842 = DIRECTION('',(0.,0.999496475295,3.173004683477E-02));
#12843 = ORIENTED_EDGE('',*,*,#12844,.F.);
#12844 = EDGE_CURVE('',#12845,#12837,#12847,.T.);
#12845 = VERTEX_POINT('',#12846);
#12846 = CARTESIAN_POINT('',(0.175,-0.76,0.29));
#12847 = LINE('',#12848,#12849);
#12848 = CARTESIAN_POINT('',(0.175,-0.76,0.29));
#12849 = VECTOR('',#12850,1.);
#12850 = DIRECTION('',(1.,0.,0.));
#12851 = ORIENTED_EDGE('',*,*,#12852,.F.);
#12852 = EDGE_CURVE('',#12814,#12845,#12853,.T.);
#12853 = LINE('',#12854,#12855);
#12854 = CARTESIAN_POINT('',(0.175,-1.39,0.27));
#12855 = VECTOR('',#12856,1.);
#12856 = DIRECTION('',(0.,0.999496475295,3.173004683477E-02));
#12857 = PLANE('',#12858);
#12858 = AXIS2_PLACEMENT_3D('',#12859,#12860,#12861);
#12859 = CARTESIAN_POINT('',(0.175,-1.39,0.27));
#12860 = DIRECTION('',(0.,-3.173004683477E-02,0.999496475295));
#12861 = DIRECTION('',(0.,0.999496475295,3.173004683477E-02));
#12862 = ADVANCED_FACE('',(#12863),#12888,.F.);
#12863 = FACE_BOUND('',#12864,.F.);
#12864 = EDGE_LOOP('',(#12865,#12866,#12874,#12882));
#12865 = ORIENTED_EDGE('',*,*,#12844,.T.);
#12866 = ORIENTED_EDGE('',*,*,#12867,.T.);
#12867 = EDGE_CURVE('',#12837,#12868,#12870,.T.);
#12868 = VERTEX_POINT('',#12869);
#12869 = CARTESIAN_POINT('',(0.325,-0.48,0.34));
#12870 = LINE('',#12871,#12872);
#12871 = CARTESIAN_POINT('',(0.325,-0.76,0.29));
#12872 = VECTOR('',#12873,1.);
#12873 = DIRECTION('',(0.,0.984427575508,0.175790638484));
#12874 = ORIENTED_EDGE('',*,*,#12875,.F.);
#12875 = EDGE_CURVE('',#12876,#12868,#12878,.T.);
#12876 = VERTEX_POINT('',#12877);
#12877 = CARTESIAN_POINT('',(0.175,-0.48,0.34));
#12878 = LINE('',#12879,#12880);
#12879 = CARTESIAN_POINT('',(0.175,-0.48,0.34));
#12880 = VECTOR('',#12881,1.);
#12881 = DIRECTION('',(1.,0.,0.));
#12882 = ORIENTED_EDGE('',*,*,#12883,.F.);
#12883 = EDGE_CURVE('',#12845,#12876,#12884,.T.);
#12884 = LINE('',#12885,#12886);
#12885 = CARTESIAN_POINT('',(0.175,-0.76,0.29));
#12886 = VECTOR('',#12887,1.);
#12887 = DIRECTION('',(0.,0.984427575508,0.175790638484));
#12888 = PLANE('',#12889);
#12889 = AXIS2_PLACEMENT_3D('',#12890,#12891,#12892);
#12890 = CARTESIAN_POINT('',(0.175,-0.76,0.29));
#12891 = DIRECTION('',(0.,-0.175790638484,0.984427575508));
#12892 = DIRECTION('',(0.,0.984427575508,0.175790638484));
#12893 = ADVANCED_FACE('',(#12894),#12919,.F.);
#12894 = FACE_BOUND('',#12895,.F.);
#12895 = EDGE_LOOP('',(#12896,#12897,#12905,#12913));
#12896 = ORIENTED_EDGE('',*,*,#12875,.T.);
#12897 = ORIENTED_EDGE('',*,*,#12898,.T.);
#12898 = EDGE_CURVE('',#12868,#12899,#12901,.T.);
#12899 = VERTEX_POINT('',#12900);
#12900 = CARTESIAN_POINT('',(0.325,5.E-02,0.34));
#12901 = LINE('',#12902,#12903);
#12902 = CARTESIAN_POINT('',(0.325,-0.48,0.34));
#12903 = VECTOR('',#12904,1.);
#12904 = DIRECTION('',(0.,1.,0.));
#12905 = ORIENTED_EDGE('',*,*,#12906,.F.);
#12906 = EDGE_CURVE('',#12907,#12899,#12909,.T.);
#12907 = VERTEX_POINT('',#12908);
#12908 = CARTESIAN_POINT('',(0.175,5.E-02,0.34));
#12909 = LINE('',#12910,#12911);
#12910 = CARTESIAN_POINT('',(0.175,5.E-02,0.34));
#12911 = VECTOR('',#12912,1.);
#12912 = DIRECTION('',(1.,0.,0.));
#12913 = ORIENTED_EDGE('',*,*,#12914,.F.);
#12914 = EDGE_CURVE('',#12876,#12907,#12915,.T.);
#12915 = LINE('',#12916,#12917);
#12916 = CARTESIAN_POINT('',(0.175,-0.48,0.34));
#12917 = VECTOR('',#12918,1.);
#12918 = DIRECTION('',(0.,1.,0.));
#12919 = PLANE('',#12920);
#12920 = AXIS2_PLACEMENT_3D('',#12921,#12922,#12923);
#12921 = CARTESIAN_POINT('',(0.175,-0.48,0.34));
#12922 = DIRECTION('',(0.,0.,1.));
#12923 = DIRECTION('',(0.,1.,0.));
#12924 = ADVANCED_FACE('',(#12925),#12950,.F.);
#12925 = FACE_BOUND('',#12926,.F.);
#12926 = EDGE_LOOP('',(#12927,#12928,#12936,#12944));
#12927 = ORIENTED_EDGE('',*,*,#12906,.T.);
#12928 = ORIENTED_EDGE('',*,*,#12929,.T.);
#12929 = EDGE_CURVE('',#12899,#12930,#12932,.T.);
#12930 = VERTEX_POINT('',#12931);
#12931 = CARTESIAN_POINT('',(0.325,0.17,0.29));
#12932 = LINE('',#12933,#12934);
#12933 = CARTESIAN_POINT('',(0.325,5.E-02,0.34));
#12934 = VECTOR('',#12935,1.);
#12935 = DIRECTION('',(0.,0.923076923077,-0.384615384615));
#12936 = ORIENTED_EDGE('',*,*,#12937,.F.);
#12937 = EDGE_CURVE('',#12938,#12930,#12940,.T.);
#12938 = VERTEX_POINT('',#12939);
#12939 = CARTESIAN_POINT('',(0.175,0.17,0.29));
#12940 = LINE('',#12941,#12942);
#12941 = CARTESIAN_POINT('',(0.175,0.17,0.29));
#12942 = VECTOR('',#12943,1.);
#12943 = DIRECTION('',(1.,0.,0.));
#12944 = ORIENTED_EDGE('',*,*,#12945,.F.);
#12945 = EDGE_CURVE('',#12907,#12938,#12946,.T.);
#12946 = LINE('',#12947,#12948);
#12947 = CARTESIAN_POINT('',(0.175,5.E-02,0.34));
#12948 = VECTOR('',#12949,1.);
#12949 = DIRECTION('',(0.,0.923076923077,-0.384615384615));
#12950 = PLANE('',#12951);
#12951 = AXIS2_PLACEMENT_3D('',#12952,#12953,#12954);
#12952 = CARTESIAN_POINT('',(0.175,5.E-02,0.34));
#12953 = DIRECTION('',(-0.,0.384615384615,0.923076923077));
#12954 = DIRECTION('',(0.,0.923076923077,-0.384615384615));
#12955 = ADVANCED_FACE('',(#12956),#12981,.F.);
#12956 = FACE_BOUND('',#12957,.F.);
#12957 = EDGE_LOOP('',(#12958,#12959,#12967,#12975));
#12958 = ORIENTED_EDGE('',*,*,#12937,.T.);
#12959 = ORIENTED_EDGE('',*,*,#12960,.T.);
#12960 = EDGE_CURVE('',#12930,#12961,#12963,.T.);
#12961 = VERTEX_POINT('',#12962);
#12962 = CARTESIAN_POINT('',(0.325,0.2,0.18));
#12963 = LINE('',#12964,#12965);
#12964 = CARTESIAN_POINT('',(0.325,0.17,0.29));
#12965 = VECTOR('',#12966,1.);
#12966 = DIRECTION('',(0.,0.263117405792,-0.964763821238));
#12967 = ORIENTED_EDGE('',*,*,#12968,.F.);
#12968 = EDGE_CURVE('',#12969,#12961,#12971,.T.);
#12969 = VERTEX_POINT('',#12970);
#12970 = CARTESIAN_POINT('',(0.175,0.2,0.18));
#12971 = LINE('',#12972,#12973);
#12972 = CARTESIAN_POINT('',(0.175,0.2,0.18));
#12973 = VECTOR('',#12974,1.);
#12974 = DIRECTION('',(1.,0.,0.));
#12975 = ORIENTED_EDGE('',*,*,#12976,.F.);
#12976 = EDGE_CURVE('',#12938,#12969,#12977,.T.);
#12977 = LINE('',#12978,#12979);
#12978 = CARTESIAN_POINT('',(0.175,0.17,0.29));
#12979 = VECTOR('',#12980,1.);
#12980 = DIRECTION('',(0.,0.263117405792,-0.964763821238));
#12981 = PLANE('',#12982);
#12982 = AXIS2_PLACEMENT_3D('',#12983,#12984,#12985);
#12983 = CARTESIAN_POINT('',(0.175,0.17,0.29));
#12984 = DIRECTION('',(-0.,0.964763821238,0.263117405792));
#12985 = DIRECTION('',(0.,0.263117405792,-0.964763821238));
#12986 = ADVANCED_FACE('',(#12987),#13012,.F.);
#12987 = FACE_BOUND('',#12988,.F.);
#12988 = EDGE_LOOP('',(#12989,#12990,#12998,#13006));
#12989 = ORIENTED_EDGE('',*,*,#12968,.T.);
#12990 = ORIENTED_EDGE('',*,*,#12991,.T.);
#12991 = EDGE_CURVE('',#12961,#12992,#12994,.T.);
#12992 = VERTEX_POINT('',#12993);
#12993 = CARTESIAN_POINT('',(0.325,0.88,0.18));
#12994 = LINE('',#12995,#12996);
#12995 = CARTESIAN_POINT('',(0.325,0.2,0.18));
#12996 = VECTOR('',#12997,1.);
#12997 = DIRECTION('',(0.,1.,0.));
#12998 = ORIENTED_EDGE('',*,*,#12999,.F.);
#12999 = EDGE_CURVE('',#13000,#12992,#13002,.T.);
#13000 = VERTEX_POINT('',#13001);
#13001 = CARTESIAN_POINT('',(0.175,0.88,0.18));
#13002 = LINE('',#13003,#13004);
#13003 = CARTESIAN_POINT('',(0.175,0.88,0.18));
#13004 = VECTOR('',#13005,1.);
#13005 = DIRECTION('',(1.,0.,0.));
#13006 = ORIENTED_EDGE('',*,*,#13007,.F.);
#13007 = EDGE_CURVE('',#12969,#13000,#13008,.T.);
#13008 = LINE('',#13009,#13010);
#13009 = CARTESIAN_POINT('',(0.175,0.2,0.18));
#13010 = VECTOR('',#13011,1.);
#13011 = DIRECTION('',(0.,1.,0.));
#13012 = PLANE('',#13013);
#13013 = AXIS2_PLACEMENT_3D('',#13014,#13015,#13016);
#13014 = CARTESIAN_POINT('',(0.175,0.2,0.18));
#13015 = DIRECTION('',(0.,0.,1.));
#13016 = DIRECTION('',(0.,1.,0.));
#13017 = ADVANCED_FACE('',(#13018),#13043,.F.);
#13018 = FACE_BOUND('',#13019,.F.);
#13019 = EDGE_LOOP('',(#13020,#13021,#13029,#13037));
#13020 = ORIENTED_EDGE('',*,*,#12999,.T.);
#13021 = ORIENTED_EDGE('',*,*,#13022,.T.);
#13022 = EDGE_CURVE('',#12992,#13023,#13025,.T.);
#13023 = VERTEX_POINT('',#13024);
#13024 = CARTESIAN_POINT('',(0.325,0.99,2.E-02));
#13025 = LINE('',#13026,#13027);
#13026 = CARTESIAN_POINT('',(0.325,0.88,0.18));
#13027 = VECTOR('',#13028,1.);
#13028 = DIRECTION('',(0.,0.566528822887,-0.824041924199));
#13029 = ORIENTED_EDGE('',*,*,#13030,.F.);
#13030 = EDGE_CURVE('',#13031,#13023,#13033,.T.);
#13031 = VERTEX_POINT('',#13032);
#13032 = CARTESIAN_POINT('',(0.175,0.99,2.E-02));
#13033 = LINE('',#13034,#13035);
#13034 = CARTESIAN_POINT('',(0.175,0.99,2.E-02));
#13035 = VECTOR('',#13036,1.);
#13036 = DIRECTION('',(1.,0.,0.));
#13037 = ORIENTED_EDGE('',*,*,#13038,.F.);
#13038 = EDGE_CURVE('',#13000,#13031,#13039,.T.);
#13039 = LINE('',#13040,#13041);
#13040 = CARTESIAN_POINT('',(0.175,0.88,0.18));
#13041 = VECTOR('',#13042,1.);
#13042 = DIRECTION('',(0.,0.566528822887,-0.824041924199));
#13043 = PLANE('',#13044);
#13044 = AXIS2_PLACEMENT_3D('',#13045,#13046,#13047);
#13045 = CARTESIAN_POINT('',(0.175,0.88,0.18));
#13046 = DIRECTION('',(-0.,0.824041924199,0.566528822887));
#13047 = DIRECTION('',(0.,0.566528822887,-0.824041924199));
#13048 = ADVANCED_FACE('',(#13049),#13074,.F.);
#13049 = FACE_BOUND('',#13050,.F.);
#13050 = EDGE_LOOP('',(#13051,#13052,#13060,#13068));
#13051 = ORIENTED_EDGE('',*,*,#13030,.T.);
#13052 = ORIENTED_EDGE('',*,*,#13053,.T.);
#13053 = EDGE_CURVE('',#13023,#13054,#13056,.T.);
#13054 = VERTEX_POINT('',#13055);
#13055 = CARTESIAN_POINT('',(0.325,1.38,0.));
#13056 = LINE('',#13057,#13058);
#13057 = CARTESIAN_POINT('',(0.325,0.99,2.E-02));
#13058 = VECTOR('',#13059,1.);
#13059 = DIRECTION('',(0.,0.998687663477,-5.121475197316E-02));
#13060 = ORIENTED_EDGE('',*,*,#13061,.F.);
#13061 = EDGE_CURVE('',#13062,#13054,#13064,.T.);
#13062 = VERTEX_POINT('',#13063);
#13063 = CARTESIAN_POINT('',(0.175,1.38,0.));
#13064 = LINE('',#13065,#13066);
#13065 = CARTESIAN_POINT('',(0.175,1.38,0.));
#13066 = VECTOR('',#13067,1.);
#13067 = DIRECTION('',(1.,0.,0.));
#13068 = ORIENTED_EDGE('',*,*,#13069,.F.);
#13069 = EDGE_CURVE('',#13031,#13062,#13070,.T.);
#13070 = LINE('',#13071,#13072);
#13071 = CARTESIAN_POINT('',(0.175,0.99,2.E-02));
#13072 = VECTOR('',#13073,1.);
#13073 = DIRECTION('',(0.,0.998687663477,-5.121475197316E-02));
#13074 = PLANE('',#13075);
#13075 = AXIS2_PLACEMENT_3D('',#13076,#13077,#13078);
#13076 = CARTESIAN_POINT('',(0.175,0.99,2.E-02));
#13077 = DIRECTION('',(-0.,5.121475197316E-02,0.998687663477));
#13078 = DIRECTION('',(0.,0.998687663477,-5.121475197316E-02));
#13079 = ADVANCED_FACE('',(#13080),#13105,.F.);
#13080 = FACE_BOUND('',#13081,.F.);
#13081 = EDGE_LOOP('',(#13082,#13083,#13091,#13099));
#13082 = ORIENTED_EDGE('',*,*,#13061,.T.);
#13083 = ORIENTED_EDGE('',*,*,#13084,.T.);
#13084 = EDGE_CURVE('',#13054,#13085,#13087,.T.);
#13085 = VERTEX_POINT('',#13086);
#13086 = CARTESIAN_POINT('',(0.325,1.38,8.E-02));
#13087 = LINE('',#13088,#13089);
#13088 = CARTESIAN_POINT('',(0.325,1.38,0.));
#13089 = VECTOR('',#13090,1.);
#13090 = DIRECTION('',(0.,0.,1.));
#13091 = ORIENTED_EDGE('',*,*,#13092,.F.);
#13092 = EDGE_CURVE('',#13093,#13085,#13095,.T.);
#13093 = VERTEX_POINT('',#13094);
#13094 = CARTESIAN_POINT('',(0.175,1.38,8.E-02));
#13095 = LINE('',#13096,#13097);
#13096 = CARTESIAN_POINT('',(0.175,1.38,8.E-02));
#13097 = VECTOR('',#13098,1.);
#13098 = DIRECTION('',(1.,0.,0.));
#13099 = ORIENTED_EDGE('',*,*,#13100,.F.);
#13100 = EDGE_CURVE('',#13062,#13093,#13101,.T.);
#13101 = LINE('',#13102,#13103);
#13102 = CARTESIAN_POINT('',(0.175,1.38,0.));
#13103 = VECTOR('',#13104,1.);
#13104 = DIRECTION('',(0.,0.,1.));
#13105 = PLANE('',#13106);
#13106 = AXIS2_PLACEMENT_3D('',#13107,#13108,#13109);
#13107 = CARTESIAN_POINT('',(0.175,1.38,0.));
#13108 = DIRECTION('',(0.,-1.,0.));
#13109 = DIRECTION('',(0.,0.,1.));
#13110 = ADVANCED_FACE('',(#13111),#13136,.F.);
#13111 = FACE_BOUND('',#13112,.F.);
#13112 = EDGE_LOOP('',(#13113,#13114,#13122,#13130));
#13113 = ORIENTED_EDGE('',*,*,#13092,.T.);
#13114 = ORIENTED_EDGE('',*,*,#13115,.T.);
#13115 = EDGE_CURVE('',#13085,#13116,#13118,.T.);
#13116 = VERTEX_POINT('',#13117);
#13117 = CARTESIAN_POINT('',(0.325,1.05,0.1));
#13118 = LINE('',#13119,#13120);
#13119 = CARTESIAN_POINT('',(0.325,1.38,8.E-02));
#13120 = VECTOR('',#13121,1.);
#13121 = DIRECTION('',(0.,-0.998168496631,6.049506040189E-02));
#13122 = ORIENTED_EDGE('',*,*,#13123,.F.);
#13123 = EDGE_CURVE('',#13124,#13116,#13126,.T.);
#13124 = VERTEX_POINT('',#13125);
#13125 = CARTESIAN_POINT('',(0.175,1.05,0.1));
#13126 = LINE('',#13127,#13128);
#13127 = CARTESIAN_POINT('',(0.175,1.05,0.1));
#13128 = VECTOR('',#13129,1.);
#13129 = DIRECTION('',(1.,0.,0.));
#13130 = ORIENTED_EDGE('',*,*,#13131,.F.);
#13131 = EDGE_CURVE('',#13093,#13124,#13132,.T.);
#13132 = LINE('',#13133,#13134);
#13133 = CARTESIAN_POINT('',(0.175,1.38,8.E-02));
#13134 = VECTOR('',#13135,1.);
#13135 = DIRECTION('',(0.,-0.998168496631,6.049506040189E-02));
#13136 = PLANE('',#13137);
#13137 = AXIS2_PLACEMENT_3D('',#13138,#13139,#13140);
#13138 = CARTESIAN_POINT('',(0.175,1.38,8.E-02));
#13139 = DIRECTION('',(0.,-6.049506040189E-02,-0.998168496631));
#13140 = DIRECTION('',(0.,-0.998168496631,6.049506040189E-02));
#13141 = ADVANCED_FACE('',(#13142),#13167,.F.);
#13142 = FACE_BOUND('',#13143,.F.);
#13143 = EDGE_LOOP('',(#13144,#13145,#13153,#13161));
#13144 = ORIENTED_EDGE('',*,*,#13123,.T.);
#13145 = ORIENTED_EDGE('',*,*,#13146,.T.);
#13146 = EDGE_CURVE('',#13116,#13147,#13149,.T.);
#13147 = VERTEX_POINT('',#13148);
#13148 = CARTESIAN_POINT('',(0.325,0.97,0.26));
#13149 = LINE('',#13150,#13151);
#13150 = CARTESIAN_POINT('',(0.325,1.05,0.1));
#13151 = VECTOR('',#13152,1.);
#13152 = DIRECTION('',(0.,-0.4472135955,0.894427191));
#13153 = ORIENTED_EDGE('',*,*,#13154,.F.);
#13154 = EDGE_CURVE('',#13155,#13147,#13157,.T.);
#13155 = VERTEX_POINT('',#13156);
#13156 = CARTESIAN_POINT('',(0.175,0.97,0.26));
#13157 = LINE('',#13158,#13159);
#13158 = CARTESIAN_POINT('',(0.175,0.97,0.26));
#13159 = VECTOR('',#13160,1.);
#13160 = DIRECTION('',(1.,0.,0.));
#13161 = ORIENTED_EDGE('',*,*,#13162,.F.);
#13162 = EDGE_CURVE('',#13124,#13155,#13163,.T.);
#13163 = LINE('',#13164,#13165);
#13164 = CARTESIAN_POINT('',(0.175,1.05,0.1));
#13165 = VECTOR('',#13166,1.);
#13166 = DIRECTION('',(0.,-0.4472135955,0.894427191));
#13167 = PLANE('',#13168);
#13168 = AXIS2_PLACEMENT_3D('',#13169,#13170,#13171);
#13169 = CARTESIAN_POINT('',(0.175,1.05,0.1));
#13170 = DIRECTION('',(0.,-0.894427191,-0.4472135955));
#13171 = DIRECTION('',(0.,-0.4472135955,0.894427191));
#13172 = ADVANCED_FACE('',(#13173),#13198,.F.);
#13173 = FACE_BOUND('',#13174,.F.);
#13174 = EDGE_LOOP('',(#13175,#13176,#13184,#13192));
#13175 = ORIENTED_EDGE('',*,*,#13154,.T.);
#13176 = ORIENTED_EDGE('',*,*,#13177,.T.);
#13177 = EDGE_CURVE('',#13147,#13178,#13180,.T.);
#13178 = VERTEX_POINT('',#13179);
#13179 = CARTESIAN_POINT('',(0.325,0.28,0.26));
#13180 = LINE('',#13181,#13182);
#13181 = CARTESIAN_POINT('',(0.325,0.97,0.26));
#13182 = VECTOR('',#13183,1.);
#13183 = DIRECTION('',(0.,-1.,0.));
#13184 = ORIENTED_EDGE('',*,*,#13185,.F.);
#13185 = EDGE_CURVE('',#13186,#13178,#13188,.T.);
#13186 = VERTEX_POINT('',#13187);
#13187 = CARTESIAN_POINT('',(0.175,0.28,0.26));
#13188 = LINE('',#13189,#13190);
#13189 = CARTESIAN_POINT('',(0.175,0.28,0.26));
#13190 = VECTOR('',#13191,1.);
#13191 = DIRECTION('',(1.,0.,0.));
#13192 = ORIENTED_EDGE('',*,*,#13193,.F.);
#13193 = EDGE_CURVE('',#13155,#13186,#13194,.T.);
#13194 = LINE('',#13195,#13196);
#13195 = CARTESIAN_POINT('',(0.175,0.97,0.26));
#13196 = VECTOR('',#13197,1.);
#13197 = DIRECTION('',(0.,-1.,0.));
#13198 = PLANE('',#13199);
#13199 = AXIS2_PLACEMENT_3D('',#13200,#13201,#13202);
#13200 = CARTESIAN_POINT('',(0.175,0.97,0.26));
#13201 = DIRECTION('',(0.,0.,-1.));
#13202 = DIRECTION('',(0.,-1.,0.));
#13203 = ADVANCED_FACE('',(#13204),#13229,.F.);
#13204 = FACE_BOUND('',#13205,.F.);
#13205 = EDGE_LOOP('',(#13206,#13207,#13215,#13223));
#13206 = ORIENTED_EDGE('',*,*,#13185,.T.);
#13207 = ORIENTED_EDGE('',*,*,#13208,.T.);
#13208 = EDGE_CURVE('',#13178,#13209,#13211,.T.);
#13209 = VERTEX_POINT('',#13210);
#13210 = CARTESIAN_POINT('',(0.325,0.22,0.42));
#13211 = LINE('',#13212,#13213);
#13212 = CARTESIAN_POINT('',(0.325,0.28,0.26));
#13213 = VECTOR('',#13214,1.);
#13214 = DIRECTION('',(0.,-0.351123441588,0.936329177569));
#13215 = ORIENTED_EDGE('',*,*,#13216,.F.);
#13216 = EDGE_CURVE('',#13217,#13209,#13219,.T.);
#13217 = VERTEX_POINT('',#13218);
#13218 = CARTESIAN_POINT('',(0.175,0.22,0.42));
#13219 = LINE('',#13220,#13221);
#13220 = CARTESIAN_POINT('',(0.175,0.22,0.42));
#13221 = VECTOR('',#13222,1.);
#13222 = DIRECTION('',(1.,0.,0.));
#13223 = ORIENTED_EDGE('',*,*,#13224,.F.);
#13224 = EDGE_CURVE('',#13186,#13217,#13225,.T.);
#13225 = LINE('',#13226,#13227);
#13226 = CARTESIAN_POINT('',(0.175,0.28,0.26));
#13227 = VECTOR('',#13228,1.);
#13228 = DIRECTION('',(0.,-0.351123441588,0.936329177569));
#13229 = PLANE('',#13230);
#13230 = AXIS2_PLACEMENT_3D('',#13231,#13232,#13233);
#13231 = CARTESIAN_POINT('',(0.175,0.28,0.26));
#13232 = DIRECTION('',(0.,-0.936329177569,-0.351123441588));
#13233 = DIRECTION('',(0.,-0.351123441588,0.936329177569));
#13234 = ADVANCED_FACE('',(#13235),#13260,.F.);
#13235 = FACE_BOUND('',#13236,.F.);
#13236 = EDGE_LOOP('',(#13237,#13238,#13246,#13254));
#13237 = ORIENTED_EDGE('',*,*,#13216,.T.);
#13238 = ORIENTED_EDGE('',*,*,#13239,.T.);
#13239 = EDGE_CURVE('',#13209,#13240,#13242,.T.);
#13240 = VERTEX_POINT('',#13241);
#13241 = CARTESIAN_POINT('',(0.325,0.22,0.78));
#13242 = LINE('',#13243,#13244);
#13243 = CARTESIAN_POINT('',(0.325,0.22,0.42));
#13244 = VECTOR('',#13245,1.);
#13245 = DIRECTION('',(0.,0.,1.));
#13246 = ORIENTED_EDGE('',*,*,#13247,.F.);
#13247 = EDGE_CURVE('',#13248,#13240,#13250,.T.);
#13248 = VERTEX_POINT('',#13249);
#13249 = CARTESIAN_POINT('',(0.175,0.22,0.78));
#13250 = LINE('',#13251,#13252);
#13251 = CARTESIAN_POINT('',(0.175,0.22,0.78));
#13252 = VECTOR('',#13253,1.);
#13253 = DIRECTION('',(1.,0.,0.));
#13254 = ORIENTED_EDGE('',*,*,#13255,.F.);
#13255 = EDGE_CURVE('',#13217,#13248,#13256,.T.);
#13256 = LINE('',#13257,#13258);
#13257 = CARTESIAN_POINT('',(0.175,0.22,0.42));
#13258 = VECTOR('',#13259,1.);
#13259 = DIRECTION('',(0.,0.,1.));
#13260 = PLANE('',#13261);
#13261 = AXIS2_PLACEMENT_3D('',#13262,#13263,#13264);
#13262 = CARTESIAN_POINT('',(0.175,0.22,0.42));
#13263 = DIRECTION('',(0.,-1.,0.));
#13264 = DIRECTION('',(0.,0.,1.));
#13265 = ADVANCED_FACE('',(#13266),#13291,.F.);
#13266 = FACE_BOUND('',#13267,.F.);
#13267 = EDGE_LOOP('',(#13268,#13269,#13277,#13285));
#13268 = ORIENTED_EDGE('',*,*,#13247,.T.);
#13269 = ORIENTED_EDGE('',*,*,#13270,.T.);
#13270 = EDGE_CURVE('',#13240,#13271,#13273,.T.);
#13271 = VERTEX_POINT('',#13272);
#13272 = CARTESIAN_POINT('',(0.325,6.E-02,0.84));
#13273 = LINE('',#13274,#13275);
#13274 = CARTESIAN_POINT('',(0.325,0.22,0.78));
#13275 = VECTOR('',#13276,1.);
#13276 = DIRECTION('',(0.,-0.936329177569,0.351123441588));
#13277 = ORIENTED_EDGE('',*,*,#13278,.F.);
#13278 = EDGE_CURVE('',#13279,#13271,#13281,.T.);
#13279 = VERTEX_POINT('',#13280);
#13280 = CARTESIAN_POINT('',(0.175,6.E-02,0.84));
#13281 = LINE('',#13282,#13283);
#13282 = CARTESIAN_POINT('',(0.175,6.E-02,0.84));
#13283 = VECTOR('',#13284,1.);
#13284 = DIRECTION('',(1.,0.,0.));
#13285 = ORIENTED_EDGE('',*,*,#13286,.F.);
#13286 = EDGE_CURVE('',#13248,#13279,#13287,.T.);
#13287 = LINE('',#13288,#13289);
#13288 = CARTESIAN_POINT('',(0.175,0.22,0.78));
#13289 = VECTOR('',#13290,1.);
#13290 = DIRECTION('',(0.,-0.936329177569,0.351123441588));
#13291 = PLANE('',#13292);
#13292 = AXIS2_PLACEMENT_3D('',#13293,#13294,#13295);
#13293 = CARTESIAN_POINT('',(0.175,0.22,0.78));
#13294 = DIRECTION('',(0.,-0.351123441588,-0.936329177569));
#13295 = DIRECTION('',(0.,-0.936329177569,0.351123441588));
#13296 = ADVANCED_FACE('',(#13297),#13322,.F.);
#13297 = FACE_BOUND('',#13298,.F.);
#13298 = EDGE_LOOP('',(#13299,#13300,#13308,#13316));
#13299 = ORIENTED_EDGE('',*,*,#13278,.T.);
#13300 = ORIENTED_EDGE('',*,*,#13301,.T.);
#13301 = EDGE_CURVE('',#13271,#13302,#13304,.T.);
#13302 = VERTEX_POINT('',#13303);
#13303 = CARTESIAN_POINT('',(0.325,-0.3,0.82));
#13304 = LINE('',#13305,#13306);
#13305 = CARTESIAN_POINT('',(0.325,6.E-02,0.84));
#13306 = VECTOR('',#13307,1.);
#13307 = DIRECTION('',(0.,-0.998460353205,-5.547001962252E-02));
#13308 = ORIENTED_EDGE('',*,*,#13309,.F.);
#13309 = EDGE_CURVE('',#13310,#13302,#13312,.T.);
#13310 = VERTEX_POINT('',#13311);
#13311 = CARTESIAN_POINT('',(0.175,-0.3,0.82));
#13312 = LINE('',#13313,#13314);
#13313 = CARTESIAN_POINT('',(0.175,-0.3,0.82));
#13314 = VECTOR('',#13315,1.);
#13315 = DIRECTION('',(1.,0.,0.));
#13316 = ORIENTED_EDGE('',*,*,#13317,.F.);
#13317 = EDGE_CURVE('',#13279,#13310,#13318,.T.);
#13318 = LINE('',#13319,#13320);
#13319 = CARTESIAN_POINT('',(0.175,6.E-02,0.84));
#13320 = VECTOR('',#13321,1.);
#13321 = DIRECTION('',(0.,-0.998460353205,-5.547001962252E-02));
#13322 = PLANE('',#13323);
#13323 = AXIS2_PLACEMENT_3D('',#13324,#13325,#13326);
#13324 = CARTESIAN_POINT('',(0.175,6.E-02,0.84));
#13325 = DIRECTION('',(0.,5.547001962252E-02,-0.998460353205));
#13326 = DIRECTION('',(0.,-0.998460353205,-5.547001962252E-02));
#13327 = ADVANCED_FACE('',(#13328),#13353,.F.);
#13328 = FACE_BOUND('',#13329,.F.);
#13329 = EDGE_LOOP('',(#13330,#13331,#13339,#13347));
#13330 = ORIENTED_EDGE('',*,*,#13309,.T.);
#13331 = ORIENTED_EDGE('',*,*,#13332,.T.);
#13332 = EDGE_CURVE('',#13302,#13333,#13335,.T.);
#13333 = VERTEX_POINT('',#13334);
#13334 = CARTESIAN_POINT('',(0.325,-1.39,0.72));
#13335 = LINE('',#13336,#13337);
#13336 = CARTESIAN_POINT('',(0.325,-0.3,0.82));
#13337 = VECTOR('',#13338,1.);
#13338 = DIRECTION('',(0.,-0.995817981008,-9.135944779885E-02));
#13339 = ORIENTED_EDGE('',*,*,#13340,.F.);
#13340 = EDGE_CURVE('',#13341,#13333,#13343,.T.);
#13341 = VERTEX_POINT('',#13342);
#13342 = CARTESIAN_POINT('',(0.175,-1.39,0.72));
#13343 = LINE('',#13344,#13345);
#13344 = CARTESIAN_POINT('',(0.175,-1.39,0.72));
#13345 = VECTOR('',#13346,1.);
#13346 = DIRECTION('',(1.,0.,0.));
#13347 = ORIENTED_EDGE('',*,*,#13348,.F.);
#13348 = EDGE_CURVE('',#13310,#13341,#13349,.T.);
#13349 = LINE('',#13350,#13351);
#13350 = CARTESIAN_POINT('',(0.175,-0.3,0.82));
#13351 = VECTOR('',#13352,1.);
#13352 = DIRECTION('',(0.,-0.995817981008,-9.135944779885E-02));
#13353 = PLANE('',#13354);
#13354 = AXIS2_PLACEMENT_3D('',#13355,#13356,#13357);
#13355 = CARTESIAN_POINT('',(0.175,-0.3,0.82));
#13356 = DIRECTION('',(0.,9.135944779885E-02,-0.995817981008));
#13357 = DIRECTION('',(0.,-0.995817981008,-9.135944779885E-02));
#13358 = ADVANCED_FACE('',(#13359),#13384,.F.);
#13359 = FACE_BOUND('',#13360,.F.);
#13360 = EDGE_LOOP('',(#13361,#13362,#13370,#13378));
#13361 = ORIENTED_EDGE('',*,*,#13340,.T.);
#13362 = ORIENTED_EDGE('',*,*,#13363,.T.);
#13363 = EDGE_CURVE('',#13333,#13364,#13366,.T.);
#13364 = VERTEX_POINT('',#13365);
#13365 = CARTESIAN_POINT('',(0.325,-1.47,0.68));
#13366 = LINE('',#13367,#13368);
#13367 = CARTESIAN_POINT('',(0.325,-1.39,0.72));
#13368 = VECTOR('',#13369,1.);
#13369 = DIRECTION('',(0.,-0.894427191,-0.4472135955));
#13370 = ORIENTED_EDGE('',*,*,#13371,.F.);
#13371 = EDGE_CURVE('',#13372,#13364,#13374,.T.);
#13372 = VERTEX_POINT('',#13373);
#13373 = CARTESIAN_POINT('',(0.175,-1.47,0.68));
#13374 = LINE('',#13375,#13376);
#13375 = CARTESIAN_POINT('',(0.175,-1.47,0.68));
#13376 = VECTOR('',#13377,1.);
#13377 = DIRECTION('',(1.,0.,0.));
#13378 = ORIENTED_EDGE('',*,*,#13379,.F.);
#13379 = EDGE_CURVE('',#13341,#13372,#13380,.T.);
#13380 = LINE('',#13381,#13382);
#13381 = CARTESIAN_POINT('',(0.175,-1.39,0.72));
#13382 = VECTOR('',#13383,1.);
#13383 = DIRECTION('',(0.,-0.894427191,-0.4472135955));
#13384 = PLANE('',#13385);
#13385 = AXIS2_PLACEMENT_3D('',#13386,#13387,#13388);
#13386 = CARTESIAN_POINT('',(0.175,-1.39,0.72));
#13387 = DIRECTION('',(0.,0.4472135955,-0.894427191));
#13388 = DIRECTION('',(0.,-0.894427191,-0.4472135955));
#13389 = ADVANCED_FACE('',(#13390),#13415,.F.);
#13390 = FACE_BOUND('',#13391,.F.);
#13391 = EDGE_LOOP('',(#13392,#13393,#13401,#13409));
#13392 = ORIENTED_EDGE('',*,*,#13371,.T.);
#13393 = ORIENTED_EDGE('',*,*,#13394,.T.);
#13394 = EDGE_CURVE('',#13364,#13395,#13397,.T.);
#13395 = VERTEX_POINT('',#13396);
#13396 = CARTESIAN_POINT('',(0.325,-1.41,0.63));
#13397 = LINE('',#13398,#13399);
#13398 = CARTESIAN_POINT('',(0.325,-1.47,0.68));
#13399 = VECTOR('',#13400,1.);
#13400 = DIRECTION('',(0.,0.768221279597,-0.640184399664));
#13401 = ORIENTED_EDGE('',*,*,#13402,.F.);
#13402 = EDGE_CURVE('',#13403,#13395,#13405,.T.);
#13403 = VERTEX_POINT('',#13404);
#13404 = CARTESIAN_POINT('',(0.175,-1.41,0.63));
#13405 = LINE('',#13406,#13407);
#13406 = CARTESIAN_POINT('',(0.175,-1.41,0.63));
#13407 = VECTOR('',#13408,1.);
#13408 = DIRECTION('',(1.,0.,0.));
#13409 = ORIENTED_EDGE('',*,*,#13410,.F.);
#13410 = EDGE_CURVE('',#13372,#13403,#13411,.T.);
#13411 = LINE('',#13412,#13413);
#13412 = CARTESIAN_POINT('',(0.175,-1.47,0.68));
#13413 = VECTOR('',#13414,1.);
#13414 = DIRECTION('',(0.,0.768221279597,-0.640184399664));
#13415 = PLANE('',#13416);
#13416 = AXIS2_PLACEMENT_3D('',#13417,#13418,#13419);
#13417 = CARTESIAN_POINT('',(0.175,-1.47,0.68));
#13418 = DIRECTION('',(-0.,0.640184399664,0.768221279597));
#13419 = DIRECTION('',(0.,0.768221279597,-0.640184399664));
#13420 = ADVANCED_FACE('',(#13421),#13446,.F.);
#13421 = FACE_BOUND('',#13422,.F.);
#13422 = EDGE_LOOP('',(#13423,#13424,#13432,#13440));
#13423 = ORIENTED_EDGE('',*,*,#13402,.T.);
#13424 = ORIENTED_EDGE('',*,*,#13425,.T.);
#13425 = EDGE_CURVE('',#13395,#13426,#13428,.T.);
#13426 = VERTEX_POINT('',#13427);
#13427 = CARTESIAN_POINT('',(0.325,-1.3,0.65));
#13428 = LINE('',#13429,#13430);
#13429 = CARTESIAN_POINT('',(0.325,-1.41,0.63));
#13430 = VECTOR('',#13431,1.);
#13431 = DIRECTION('',(0.,0.9838699101,0.1788854382));
#13432 = ORIENTED_EDGE('',*,*,#13433,.F.);
#13433 = EDGE_CURVE('',#13434,#13426,#13436,.T.);
#13434 = VERTEX_POINT('',#13435);
#13435 = CARTESIAN_POINT('',(0.175,-1.3,0.65));
#13436 = LINE('',#13437,#13438);
#13437 = CARTESIAN_POINT('',(0.175,-1.3,0.65));
#13438 = VECTOR('',#13439,1.);
#13439 = DIRECTION('',(1.,0.,0.));
#13440 = ORIENTED_EDGE('',*,*,#13441,.F.);
#13441 = EDGE_CURVE('',#13403,#13434,#13442,.T.);
#13442 = LINE('',#13443,#13444);
#13443 = CARTESIAN_POINT('',(0.175,-1.41,0.63));
#13444 = VECTOR('',#13445,1.);
#13445 = DIRECTION('',(0.,0.9838699101,0.1788854382));
#13446 = PLANE('',#13447);
#13447 = AXIS2_PLACEMENT_3D('',#13448,#13449,#13450);
#13448 = CARTESIAN_POINT('',(0.175,-1.41,0.63));
#13449 = DIRECTION('',(0.,-0.1788854382,0.9838699101));
#13450 = DIRECTION('',(0.,0.9838699101,0.1788854382));
#13451 = ADVANCED_FACE('',(#13452),#13477,.F.);
#13452 = FACE_BOUND('',#13453,.F.);
#13453 = EDGE_LOOP('',(#13454,#13455,#13463,#13471));
#13454 = ORIENTED_EDGE('',*,*,#13433,.T.);
#13455 = ORIENTED_EDGE('',*,*,#13456,.T.);
#13456 = EDGE_CURVE('',#13426,#13457,#13459,.T.);
#13457 = VERTEX_POINT('',#13458);
#13458 = CARTESIAN_POINT('',(0.325,-0.28,0.75));
#13459 = LINE('',#13460,#13461);
#13460 = CARTESIAN_POINT('',(0.325,-1.3,0.65));
#13461 = VECTOR('',#13462,1.);
#13462 = DIRECTION('',(0.,0.99522852512,9.757142403137E-02));
#13463 = ORIENTED_EDGE('',*,*,#13464,.F.);
#13464 = EDGE_CURVE('',#13465,#13457,#13467,.T.);
#13465 = VERTEX_POINT('',#13466);
#13466 = CARTESIAN_POINT('',(0.175,-0.28,0.75));
#13467 = LINE('',#13468,#13469);
#13468 = CARTESIAN_POINT('',(0.175,-0.28,0.75));
#13469 = VECTOR('',#13470,1.);
#13470 = DIRECTION('',(1.,0.,0.));
#13471 = ORIENTED_EDGE('',*,*,#13472,.F.);
#13472 = EDGE_CURVE('',#13434,#13465,#13473,.T.);
#13473 = LINE('',#13474,#13475);
#13474 = CARTESIAN_POINT('',(0.175,-1.3,0.65));
#13475 = VECTOR('',#13476,1.);
#13476 = DIRECTION('',(0.,0.99522852512,9.757142403137E-02));
#13477 = PLANE('',#13478);
#13478 = AXIS2_PLACEMENT_3D('',#13479,#13480,#13481);
#13479 = CARTESIAN_POINT('',(0.175,-1.3,0.65));
#13480 = DIRECTION('',(0.,-9.757142403137E-02,0.99522852512));
#13481 = DIRECTION('',(0.,0.99522852512,9.757142403137E-02));
#13482 = ADVANCED_FACE('',(#13483),#13508,.F.);
#13483 = FACE_BOUND('',#13484,.F.);
#13484 = EDGE_LOOP('',(#13485,#13486,#13494,#13502));
#13485 = ORIENTED_EDGE('',*,*,#13464,.T.);
#13486 = ORIENTED_EDGE('',*,*,#13487,.T.);
#13487 = EDGE_CURVE('',#13457,#13488,#13490,.T.);
#13488 = VERTEX_POINT('',#13489);
#13489 = CARTESIAN_POINT('',(0.325,0.12,0.75));
#13490 = LINE('',#13491,#13492);
#13491 = CARTESIAN_POINT('',(0.325,-0.28,0.75));
#13492 = VECTOR('',#13493,1.);
#13493 = DIRECTION('',(0.,1.,0.));
#13494 = ORIENTED_EDGE('',*,*,#13495,.F.);
#13495 = EDGE_CURVE('',#13496,#13488,#13498,.T.);
#13496 = VERTEX_POINT('',#13497);
#13497 = CARTESIAN_POINT('',(0.175,0.12,0.75));
#13498 = LINE('',#13499,#13500);
#13499 = CARTESIAN_POINT('',(0.175,0.12,0.75));
#13500 = VECTOR('',#13501,1.);
#13501 = DIRECTION('',(1.,0.,0.));
#13502 = ORIENTED_EDGE('',*,*,#13503,.F.);
#13503 = EDGE_CURVE('',#13465,#13496,#13504,.T.);
#13504 = LINE('',#13505,#13506);
#13505 = CARTESIAN_POINT('',(0.175,-0.28,0.75));
#13506 = VECTOR('',#13507,1.);
#13507 = DIRECTION('',(0.,1.,0.));
#13508 = PLANE('',#13509);
#13509 = AXIS2_PLACEMENT_3D('',#13510,#13511,#13512);
#13510 = CARTESIAN_POINT('',(0.175,-0.28,0.75));
#13511 = DIRECTION('',(0.,0.,1.));
#13512 = DIRECTION('',(0.,1.,0.));
#13513 = ADVANCED_FACE('',(#13514),#13539,.F.);
#13514 = FACE_BOUND('',#13515,.F.);
#13515 = EDGE_LOOP('',(#13516,#13517,#13525,#13533));
#13516 = ORIENTED_EDGE('',*,*,#13495,.T.);
#13517 = ORIENTED_EDGE('',*,*,#13518,.T.);
#13518 = EDGE_CURVE('',#13488,#13519,#13521,.T.);
#13519 = VERTEX_POINT('',#13520);
#13520 = CARTESIAN_POINT('',(0.325,0.12,0.43));
#13521 = LINE('',#13522,#13523);
#13522 = CARTESIAN_POINT('',(0.325,0.12,0.75));
#13523 = VECTOR('',#13524,1.);
#13524 = DIRECTION('',(0.,0.,-1.));
#13525 = ORIENTED_EDGE('',*,*,#13526,.F.);
#13526 = EDGE_CURVE('',#13527,#13519,#13529,.T.);
#13527 = VERTEX_POINT('',#13528);
#13528 = CARTESIAN_POINT('',(0.175,0.12,0.43));
#13529 = LINE('',#13530,#13531);
#13530 = CARTESIAN_POINT('',(0.175,0.12,0.43));
#13531 = VECTOR('',#13532,1.);
#13532 = DIRECTION('',(1.,0.,0.));
#13533 = ORIENTED_EDGE('',*,*,#13534,.F.);
#13534 = EDGE_CURVE('',#13496,#13527,#13535,.T.);
#13535 = LINE('',#13536,#13537);
#13536 = CARTESIAN_POINT('',(0.175,0.12,0.75));
#13537 = VECTOR('',#13538,1.);
#13538 = DIRECTION('',(0.,0.,-1.));
#13539 = PLANE('',#13540);
#13540 = AXIS2_PLACEMENT_3D('',#13541,#13542,#13543);
#13541 = CARTESIAN_POINT('',(0.175,0.12,0.75));
#13542 = DIRECTION('',(-0.,1.,0.));
#13543 = DIRECTION('',(0.,0.,-1.));
#13544 = ADVANCED_FACE('',(#13545),#13570,.F.);
#13545 = FACE_BOUND('',#13546,.F.);
#13546 = EDGE_LOOP('',(#13547,#13548,#13556,#13564));
#13547 = ORIENTED_EDGE('',*,*,#13526,.T.);
#13548 = ORIENTED_EDGE('',*,*,#13549,.T.);
#13549 = EDGE_CURVE('',#13519,#13550,#13552,.T.);
#13550 = VERTEX_POINT('',#13551);
#13551 = CARTESIAN_POINT('',(0.325,-0.44,0.43));
#13552 = LINE('',#13553,#13554);
#13553 = CARTESIAN_POINT('',(0.325,0.12,0.43));
#13554 = VECTOR('',#13555,1.);
#13555 = DIRECTION('',(0.,-1.,0.));
#13556 = ORIENTED_EDGE('',*,*,#13557,.F.);
#13557 = EDGE_CURVE('',#13558,#13550,#13560,.T.);
#13558 = VERTEX_POINT('',#13559);
#13559 = CARTESIAN_POINT('',(0.175,-0.44,0.43));
#13560 = LINE('',#13561,#13562);
#13561 = CARTESIAN_POINT('',(0.175,-0.44,0.43));
#13562 = VECTOR('',#13563,1.);
#13563 = DIRECTION('',(1.,0.,0.));
#13564 = ORIENTED_EDGE('',*,*,#13565,.F.);
#13565 = EDGE_CURVE('',#13527,#13558,#13566,.T.);
#13566 = LINE('',#13567,#13568);
#13567 = CARTESIAN_POINT('',(0.175,0.12,0.43));
#13568 = VECTOR('',#13569,1.);
#13569 = DIRECTION('',(0.,-1.,0.));
#13570 = PLANE('',#13571);
#13571 = AXIS2_PLACEMENT_3D('',#13572,#13573,#13574);
#13572 = CARTESIAN_POINT('',(0.175,0.12,0.43));
#13573 = DIRECTION('',(0.,0.,-1.));
#13574 = DIRECTION('',(0.,-1.,0.));
#13575 = ADVANCED_FACE('',(#13576),#13601,.F.);
#13576 = FACE_BOUND('',#13577,.F.);
#13577 = EDGE_LOOP('',(#13578,#13579,#13587,#13595));
#13578 = ORIENTED_EDGE('',*,*,#13557,.T.);
#13579 = ORIENTED_EDGE('',*,*,#13580,.T.);
#13580 = EDGE_CURVE('',#13550,#13581,#13583,.T.);
#13581 = VERTEX_POINT('',#13582);
#13582 = CARTESIAN_POINT('',(0.325,-0.76,0.36));
#13583 = LINE('',#13584,#13585);
#13584 = CARTESIAN_POINT('',(0.325,-0.44,0.43));
#13585 = VECTOR('',#13586,1.);
#13586 = DIRECTION('',(0.,-0.976900017396,-0.213696878805));
#13587 = ORIENTED_EDGE('',*,*,#13588,.F.);
#13588 = EDGE_CURVE('',#13589,#13581,#13591,.T.);
#13589 = VERTEX_POINT('',#13590);
#13590 = CARTESIAN_POINT('',(0.175,-0.76,0.36));
#13591 = LINE('',#13592,#13593);
#13592 = CARTESIAN_POINT('',(0.175,-0.76,0.36));
#13593 = VECTOR('',#13594,1.);
#13594 = DIRECTION('',(1.,0.,0.));
#13595 = ORIENTED_EDGE('',*,*,#13596,.F.);
#13596 = EDGE_CURVE('',#13558,#13589,#13597,.T.);
#13597 = LINE('',#13598,#13599);
#13598 = CARTESIAN_POINT('',(0.175,-0.44,0.43));
#13599 = VECTOR('',#13600,1.);
#13600 = DIRECTION('',(0.,-0.976900017396,-0.213696878805));
#13601 = PLANE('',#13602);
#13602 = AXIS2_PLACEMENT_3D('',#13603,#13604,#13605);
#13603 = CARTESIAN_POINT('',(0.175,-0.44,0.43));
#13604 = DIRECTION('',(0.,0.213696878805,-0.976900017396));
#13605 = DIRECTION('',(0.,-0.976900017396,-0.213696878805));
#13606 = ADVANCED_FACE('',(#13607),#13632,.F.);
#13607 = FACE_BOUND('',#13608,.F.);
#13608 = EDGE_LOOP('',(#13609,#13610,#13618,#13626));
#13609 = ORIENTED_EDGE('',*,*,#13588,.T.);
#13610 = ORIENTED_EDGE('',*,*,#13611,.T.);
#13611 = EDGE_CURVE('',#13581,#13612,#13614,.T.);
#13612 = VERTEX_POINT('',#13613);
#13613 = CARTESIAN_POINT('',(0.325,-1.37,0.35));
#13614 = LINE('',#13615,#13616);
#13615 = CARTESIAN_POINT('',(0.325,-0.76,0.36));
#13616 = VECTOR('',#13617,1.);
#13617 = DIRECTION('',(0.,-0.999865654597,-1.63912402393E-02));
#13618 = ORIENTED_EDGE('',*,*,#13619,.F.);
#13619 = EDGE_CURVE('',#13620,#13612,#13622,.T.);
#13620 = VERTEX_POINT('',#13621);
#13621 = CARTESIAN_POINT('',(0.175,-1.37,0.35));
#13622 = LINE('',#13623,#13624);
#13623 = CARTESIAN_POINT('',(0.175,-1.37,0.35));
#13624 = VECTOR('',#13625,1.);
#13625 = DIRECTION('',(1.,0.,0.));
#13626 = ORIENTED_EDGE('',*,*,#13627,.F.);
#13627 = EDGE_CURVE('',#13589,#13620,#13628,.T.);
#13628 = LINE('',#13629,#13630);
#13629 = CARTESIAN_POINT('',(0.175,-0.76,0.36));
#13630 = VECTOR('',#13631,1.);
#13631 = DIRECTION('',(0.,-0.999865654597,-1.63912402393E-02));
#13632 = PLANE('',#13633);
#13633 = AXIS2_PLACEMENT_3D('',#13634,#13635,#13636);
#13634 = CARTESIAN_POINT('',(0.175,-0.76,0.36));
#13635 = DIRECTION('',(0.,1.63912402393E-02,-0.999865654597));
#13636 = DIRECTION('',(0.,-0.999865654597,-1.63912402393E-02));
#13637 = ADVANCED_FACE('',(#13638),#13654,.F.);
#13638 = FACE_BOUND('',#13639,.F.);
#13639 = EDGE_LOOP('',(#13640,#13641,#13647,#13648));
#13640 = ORIENTED_EDGE('',*,*,#13619,.T.);
#13641 = ORIENTED_EDGE('',*,*,#13642,.T.);
#13642 = EDGE_CURVE('',#13612,#12798,#13643,.T.);
#13643 = LINE('',#13644,#13645);
#13644 = CARTESIAN_POINT('',(0.325,-1.37,0.35));
#13645 = VECTOR('',#13646,1.);
#13646 = DIRECTION('',(0.,-0.894427191,-0.4472135955));
#13647 = ORIENTED_EDGE('',*,*,#12795,.F.);
#13648 = ORIENTED_EDGE('',*,*,#13649,.F.);
#13649 = EDGE_CURVE('',#13620,#12796,#13650,.T.);
#13650 = LINE('',#13651,#13652);
#13651 = CARTESIAN_POINT('',(0.175,-1.37,0.35));
#13652 = VECTOR('',#13653,1.);
#13653 = DIRECTION('',(0.,-0.894427191,-0.4472135955));
#13654 = PLANE('',#13655);
#13655 = AXIS2_PLACEMENT_3D('',#13656,#13657,#13658);
#13656 = CARTESIAN_POINT('',(0.175,-1.37,0.35));
#13657 = DIRECTION('',(0.,0.4472135955,-0.894427191));
#13658 = DIRECTION('',(0.,-0.894427191,-0.4472135955));
#13659 = ADVANCED_FACE('',(#13660),#13690,.F.);
#13660 = FACE_BOUND('',#13661,.F.);
#13661 = EDGE_LOOP('',(#13662,#13663,#13664,#13665,#13666,#13667,#13668,
    #13669,#13670,#13671,#13672,#13673,#13674,#13675,#13676,#13677,
    #13678,#13679,#13680,#13681,#13682,#13683,#13684,#13685,#13686,
    #13687,#13688,#13689));
#13662 = ORIENTED_EDGE('',*,*,#12821,.T.);
#13663 = ORIENTED_EDGE('',*,*,#12852,.T.);
#13664 = ORIENTED_EDGE('',*,*,#12883,.T.);
#13665 = ORIENTED_EDGE('',*,*,#12914,.T.);
#13666 = ORIENTED_EDGE('',*,*,#12945,.T.);
#13667 = ORIENTED_EDGE('',*,*,#12976,.T.);
#13668 = ORIENTED_EDGE('',*,*,#13007,.T.);
#13669 = ORIENTED_EDGE('',*,*,#13038,.T.);
#13670 = ORIENTED_EDGE('',*,*,#13069,.T.);
#13671 = ORIENTED_EDGE('',*,*,#13100,.T.);
#13672 = ORIENTED_EDGE('',*,*,#13131,.T.);
#13673 = ORIENTED_EDGE('',*,*,#13162,.T.);
#13674 = ORIENTED_EDGE('',*,*,#13193,.T.);
#13675 = ORIENTED_EDGE('',*,*,#13224,.T.);
#13676 = ORIENTED_EDGE('',*,*,#13255,.T.);
#13677 = ORIENTED_EDGE('',*,*,#13286,.T.);
#13678 = ORIENTED_EDGE('',*,*,#13317,.T.);
#13679 = ORIENTED_EDGE('',*,*,#13348,.T.);
#13680 = ORIENTED_EDGE('',*,*,#13379,.T.);
#13681 = ORIENTED_EDGE('',*,*,#13410,.T.);
#13682 = ORIENTED_EDGE('',*,*,#13441,.T.);
#13683 = ORIENTED_EDGE('',*,*,#13472,.T.);
#13684 = ORIENTED_EDGE('',*,*,#13503,.T.);
#13685 = ORIENTED_EDGE('',*,*,#13534,.T.);
#13686 = ORIENTED_EDGE('',*,*,#13565,.T.);
#13687 = ORIENTED_EDGE('',*,*,#13596,.T.);
#13688 = ORIENTED_EDGE('',*,*,#13627,.T.);
#13689 = ORIENTED_EDGE('',*,*,#13649,.T.);
#13690 = PLANE('',#13691);
#13691 = AXIS2_PLACEMENT_3D('',#13692,#13693,#13694);
#13692 = CARTESIAN_POINT('',(0.175,-0.200937564723,0.444942085346));
#13693 = DIRECTION('',(1.,0.,0.));
#13694 = DIRECTION('',(-0.,0.,1.));
#13695 = ADVANCED_FACE('',(#13696),#13726,.T.);
#13696 = FACE_BOUND('',#13697,.T.);
#13697 = EDGE_LOOP('',(#13698,#13699,#13700,#13701,#13702,#13703,#13704,
    #13705,#13706,#13707,#13708,#13709,#13710,#13711,#13712,#13713,
    #13714,#13715,#13716,#13717,#13718,#13719,#13720,#13721,#13722,
    #13723,#13724,#13725));
#13698 = ORIENTED_EDGE('',*,*,#12805,.T.);
#13699 = ORIENTED_EDGE('',*,*,#12836,.T.);
#13700 = ORIENTED_EDGE('',*,*,#12867,.T.);
#13701 = ORIENTED_EDGE('',*,*,#12898,.T.);
#13702 = ORIENTED_EDGE('',*,*,#12929,.T.);
#13703 = ORIENTED_EDGE('',*,*,#12960,.T.);
#13704 = ORIENTED_EDGE('',*,*,#12991,.T.);
#13705 = ORIENTED_EDGE('',*,*,#13022,.T.);
#13706 = ORIENTED_EDGE('',*,*,#13053,.T.);
#13707 = ORIENTED_EDGE('',*,*,#13084,.T.);
#13708 = ORIENTED_EDGE('',*,*,#13115,.T.);
#13709 = ORIENTED_EDGE('',*,*,#13146,.T.);
#13710 = ORIENTED_EDGE('',*,*,#13177,.T.);
#13711 = ORIENTED_EDGE('',*,*,#13208,.T.);
#13712 = ORIENTED_EDGE('',*,*,#13239,.T.);
#13713 = ORIENTED_EDGE('',*,*,#13270,.T.);
#13714 = ORIENTED_EDGE('',*,*,#13301,.T.);
#13715 = ORIENTED_EDGE('',*,*,#13332,.T.);
#13716 = ORIENTED_EDGE('',*,*,#13363,.T.);
#13717 = ORIENTED_EDGE('',*,*,#13394,.T.);
#13718 = ORIENTED_EDGE('',*,*,#13425,.T.);
#13719 = ORIENTED_EDGE('',*,*,#13456,.T.);
#13720 = ORIENTED_EDGE('',*,*,#13487,.T.);
#13721 = ORIENTED_EDGE('',*,*,#13518,.T.);
#13722 = ORIENTED_EDGE('',*,*,#13549,.T.);
#13723 = ORIENTED_EDGE('',*,*,#13580,.T.);
#13724 = ORIENTED_EDGE('',*,*,#13611,.T.);
#13725 = ORIENTED_EDGE('',*,*,#13642,.T.);
#13726 = PLANE('',#13727);
#13727 = AXIS2_PLACEMENT_3D('',#13728,#13729,#13730);
#13728 = CARTESIAN_POINT('',(0.325,-0.200937564723,0.444942085346));
#13729 = DIRECTION('',(1.,0.,0.));
#13730 = DIRECTION('',(-0.,0.,1.));
#13731 = ( GEOMETRIC_REPRESENTATION_CONTEXT(3)
GLOBAL_UNCERTAINTY_ASSIGNED_CONTEXT((#13735))
GLOBAL_UNIT_ASSIGNED_CONTEXT((#13732,#13733,#13734))
REPRESENTATION_CONTEXT('Context #1',
  '3D Context with UNIT and UNCERTAINTY') );
#13732 = ( LENGTH_UNIT() NAMED_UNIT(*) SI_UNIT(.MILLI.,.METRE.) );
#13733 = ( NAMED_UNIT(*) PLANE_ANGLE_UNIT() SI_UNIT($,.RADIAN.) );
#13734 = ( NAMED_UNIT(*) SI_UNIT($,.STERADIAN.) SOLID_ANGLE_UNIT() );
#13735 = UNCERTAINTY_MEASURE_WITH_UNIT(LENGTH_MEASURE(1.E-07),#13732,
  'distance_accuracy_value','confusion accuracy');
#13736 = CONTEXT_DEPENDENT_SHAPE_REPRESENTATION(#13737,#13739);
#13737 = ( REPRESENTATION_RELATIONSHIP('','',#12788,#10)
REPRESENTATION_RELATIONSHIP_WITH_TRANSFORMATION(#13738)
SHAPE_REPRESENTATION_RELATIONSHIP() );
#13738 = ITEM_DEFINED_TRANSFORMATION('','',#11,#47);
#13739 = PRODUCT_DEFINITION_SHAPE('Placement','Placement of an item',
  #13740);
#13740 = NEXT_ASSEMBLY_USAGE_OCCURRENCE('9','Gold_contact_07','',#5,
  #12783,$);
#13741 = PRODUCT_RELATED_PRODUCT_CATEGORY('part',$,(#12785));
#13742 = SHAPE_DEFINITION_REPRESENTATION(#13743,#13749);
#13743 = PRODUCT_DEFINITION_SHAPE('','',#13744);
#13744 = PRODUCT_DEFINITION('design','',#13745,#13748);
#13745 = PRODUCT_DEFINITION_FORMATION('','',#13746);
#13746 = PRODUCT('Gold_contact_08','Gold_contact_08','',(#13747));
#13747 = PRODUCT_CONTEXT('',#2,'mechanical');
#13748 = PRODUCT_DEFINITION_CONTEXT('part definition',#2,'design');
#13749 = ADVANCED_BREP_SHAPE_REPRESENTATION('',(#11,#13750),#14692);
#13750 = MANIFOLD_SOLID_BREP('',#13751);
#13751 = CLOSED_SHELL('',(#13752,#13792,#13823,#13854,#13885,#13916,
    #13947,#13978,#14009,#14040,#14071,#14102,#14133,#14164,#14195,
    #14226,#14257,#14288,#14319,#14350,#14381,#14412,#14443,#14474,
    #14505,#14536,#14567,#14598,#14620,#14656));
#13752 = ADVANCED_FACE('',(#13753),#13787,.F.);
#13753 = FACE_BOUND('',#13754,.F.);
#13754 = EDGE_LOOP('',(#13755,#13765,#13773,#13781));
#13755 = ORIENTED_EDGE('',*,*,#13756,.T.);
#13756 = EDGE_CURVE('',#13757,#13759,#13761,.T.);
#13757 = VERTEX_POINT('',#13758);
#13758 = CARTESIAN_POINT('',(0.675,-1.47,0.3));
#13759 = VERTEX_POINT('',#13760);
#13760 = CARTESIAN_POINT('',(0.825,-1.47,0.3));
#13761 = LINE('',#13762,#13763);
#13762 = CARTESIAN_POINT('',(0.675,-1.47,0.3));
#13763 = VECTOR('',#13764,1.);
#13764 = DIRECTION('',(1.,0.,0.));
#13765 = ORIENTED_EDGE('',*,*,#13766,.T.);
#13766 = EDGE_CURVE('',#13759,#13767,#13769,.T.);
#13767 = VERTEX_POINT('',#13768);
#13768 = CARTESIAN_POINT('',(0.825,-1.39,0.27));
#13769 = LINE('',#13770,#13771);
#13770 = CARTESIAN_POINT('',(0.825,-1.47,0.3));
#13771 = VECTOR('',#13772,1.);
#13772 = DIRECTION('',(0.,0.936329177569,-0.351123441588));
#13773 = ORIENTED_EDGE('',*,*,#13774,.F.);
#13774 = EDGE_CURVE('',#13775,#13767,#13777,.T.);
#13775 = VERTEX_POINT('',#13776);
#13776 = CARTESIAN_POINT('',(0.675,-1.39,0.27));
#13777 = LINE('',#13778,#13779);
#13778 = CARTESIAN_POINT('',(0.675,-1.39,0.27));
#13779 = VECTOR('',#13780,1.);
#13780 = DIRECTION('',(1.,0.,0.));
#13781 = ORIENTED_EDGE('',*,*,#13782,.F.);
#13782 = EDGE_CURVE('',#13757,#13775,#13783,.T.);
#13783 = LINE('',#13784,#13785);
#13784 = CARTESIAN_POINT('',(0.675,-1.47,0.3));
#13785 = VECTOR('',#13786,1.);
#13786 = DIRECTION('',(0.,0.936329177569,-0.351123441588));
#13787 = PLANE('',#13788);
#13788 = AXIS2_PLACEMENT_3D('',#13789,#13790,#13791);
#13789 = CARTESIAN_POINT('',(0.675,-1.47,0.3));
#13790 = DIRECTION('',(-0.,0.351123441588,0.936329177569));
#13791 = DIRECTION('',(0.,0.936329177569,-0.351123441588));
#13792 = ADVANCED_FACE('',(#13793),#13818,.F.);
#13793 = FACE_BOUND('',#13794,.F.);
#13794 = EDGE_LOOP('',(#13795,#13796,#13804,#13812));
#13795 = ORIENTED_EDGE('',*,*,#13774,.T.);
#13796 = ORIENTED_EDGE('',*,*,#13797,.T.);
#13797 = EDGE_CURVE('',#13767,#13798,#13800,.T.);
#13798 = VERTEX_POINT('',#13799);
#13799 = CARTESIAN_POINT('',(0.825,-0.76,0.29));
#13800 = LINE('',#13801,#13802);
#13801 = CARTESIAN_POINT('',(0.825,-1.39,0.27));
#13802 = VECTOR('',#13803,1.);
#13803 = DIRECTION('',(0.,0.999496475295,3.173004683477E-02));
#13804 = ORIENTED_EDGE('',*,*,#13805,.F.);
#13805 = EDGE_CURVE('',#13806,#13798,#13808,.T.);
#13806 = VERTEX_POINT('',#13807);
#13807 = CARTESIAN_POINT('',(0.675,-0.76,0.29));
#13808 = LINE('',#13809,#13810);
#13809 = CARTESIAN_POINT('',(0.675,-0.76,0.29));
#13810 = VECTOR('',#13811,1.);
#13811 = DIRECTION('',(1.,0.,0.));
#13812 = ORIENTED_EDGE('',*,*,#13813,.F.);
#13813 = EDGE_CURVE('',#13775,#13806,#13814,.T.);
#13814 = LINE('',#13815,#13816);
#13815 = CARTESIAN_POINT('',(0.675,-1.39,0.27));
#13816 = VECTOR('',#13817,1.);
#13817 = DIRECTION('',(0.,0.999496475295,3.173004683477E-02));
#13818 = PLANE('',#13819);
#13819 = AXIS2_PLACEMENT_3D('',#13820,#13821,#13822);
#13820 = CARTESIAN_POINT('',(0.675,-1.39,0.27));
#13821 = DIRECTION('',(0.,-3.173004683477E-02,0.999496475295));
#13822 = DIRECTION('',(0.,0.999496475295,3.173004683477E-02));
#13823 = ADVANCED_FACE('',(#13824),#13849,.F.);
#13824 = FACE_BOUND('',#13825,.F.);
#13825 = EDGE_LOOP('',(#13826,#13827,#13835,#13843));
#13826 = ORIENTED_EDGE('',*,*,#13805,.T.);
#13827 = ORIENTED_EDGE('',*,*,#13828,.T.);
#13828 = EDGE_CURVE('',#13798,#13829,#13831,.T.);
#13829 = VERTEX_POINT('',#13830);
#13830 = CARTESIAN_POINT('',(0.825,-0.48,0.34));
#13831 = LINE('',#13832,#13833);
#13832 = CARTESIAN_POINT('',(0.825,-0.76,0.29));
#13833 = VECTOR('',#13834,1.);
#13834 = DIRECTION('',(0.,0.984427575508,0.175790638484));
#13835 = ORIENTED_EDGE('',*,*,#13836,.F.);
#13836 = EDGE_CURVE('',#13837,#13829,#13839,.T.);
#13837 = VERTEX_POINT('',#13838);
#13838 = CARTESIAN_POINT('',(0.675,-0.48,0.34));
#13839 = LINE('',#13840,#13841);
#13840 = CARTESIAN_POINT('',(0.675,-0.48,0.34));
#13841 = VECTOR('',#13842,1.);
#13842 = DIRECTION('',(1.,0.,0.));
#13843 = ORIENTED_EDGE('',*,*,#13844,.F.);
#13844 = EDGE_CURVE('',#13806,#13837,#13845,.T.);
#13845 = LINE('',#13846,#13847);
#13846 = CARTESIAN_POINT('',(0.675,-0.76,0.29));
#13847 = VECTOR('',#13848,1.);
#13848 = DIRECTION('',(0.,0.984427575508,0.175790638484));
#13849 = PLANE('',#13850);
#13850 = AXIS2_PLACEMENT_3D('',#13851,#13852,#13853);
#13851 = CARTESIAN_POINT('',(0.675,-0.76,0.29));
#13852 = DIRECTION('',(0.,-0.175790638484,0.984427575508));
#13853 = DIRECTION('',(0.,0.984427575508,0.175790638484));
#13854 = ADVANCED_FACE('',(#13855),#13880,.F.);
#13855 = FACE_BOUND('',#13856,.F.);
#13856 = EDGE_LOOP('',(#13857,#13858,#13866,#13874));
#13857 = ORIENTED_EDGE('',*,*,#13836,.T.);
#13858 = ORIENTED_EDGE('',*,*,#13859,.T.);
#13859 = EDGE_CURVE('',#13829,#13860,#13862,.T.);
#13860 = VERTEX_POINT('',#13861);
#13861 = CARTESIAN_POINT('',(0.825,5.E-02,0.34));
#13862 = LINE('',#13863,#13864);
#13863 = CARTESIAN_POINT('',(0.825,-0.48,0.34));
#13864 = VECTOR('',#13865,1.);
#13865 = DIRECTION('',(0.,1.,0.));
#13866 = ORIENTED_EDGE('',*,*,#13867,.F.);
#13867 = EDGE_CURVE('',#13868,#13860,#13870,.T.);
#13868 = VERTEX_POINT('',#13869);
#13869 = CARTESIAN_POINT('',(0.675,5.E-02,0.34));
#13870 = LINE('',#13871,#13872);
#13871 = CARTESIAN_POINT('',(0.675,5.E-02,0.34));
#13872 = VECTOR('',#13873,1.);
#13873 = DIRECTION('',(1.,0.,0.));
#13874 = ORIENTED_EDGE('',*,*,#13875,.F.);
#13875 = EDGE_CURVE('',#13837,#13868,#13876,.T.);
#13876 = LINE('',#13877,#13878);
#13877 = CARTESIAN_POINT('',(0.675,-0.48,0.34));
#13878 = VECTOR('',#13879,1.);
#13879 = DIRECTION('',(0.,1.,0.));
#13880 = PLANE('',#13881);
#13881 = AXIS2_PLACEMENT_3D('',#13882,#13883,#13884);
#13882 = CARTESIAN_POINT('',(0.675,-0.48,0.34));
#13883 = DIRECTION('',(0.,0.,1.));
#13884 = DIRECTION('',(0.,1.,0.));
#13885 = ADVANCED_FACE('',(#13886),#13911,.F.);
#13886 = FACE_BOUND('',#13887,.F.);
#13887 = EDGE_LOOP('',(#13888,#13889,#13897,#13905));
#13888 = ORIENTED_EDGE('',*,*,#13867,.T.);
#13889 = ORIENTED_EDGE('',*,*,#13890,.T.);
#13890 = EDGE_CURVE('',#13860,#13891,#13893,.T.);
#13891 = VERTEX_POINT('',#13892);
#13892 = CARTESIAN_POINT('',(0.825,0.17,0.29));
#13893 = LINE('',#13894,#13895);
#13894 = CARTESIAN_POINT('',(0.825,5.E-02,0.34));
#13895 = VECTOR('',#13896,1.);
#13896 = DIRECTION('',(0.,0.923076923077,-0.384615384615));
#13897 = ORIENTED_EDGE('',*,*,#13898,.F.);
#13898 = EDGE_CURVE('',#13899,#13891,#13901,.T.);
#13899 = VERTEX_POINT('',#13900);
#13900 = CARTESIAN_POINT('',(0.675,0.17,0.29));
#13901 = LINE('',#13902,#13903);
#13902 = CARTESIAN_POINT('',(0.675,0.17,0.29));
#13903 = VECTOR('',#13904,1.);
#13904 = DIRECTION('',(1.,0.,0.));
#13905 = ORIENTED_EDGE('',*,*,#13906,.F.);
#13906 = EDGE_CURVE('',#13868,#13899,#13907,.T.);
#13907 = LINE('',#13908,#13909);
#13908 = CARTESIAN_POINT('',(0.675,5.E-02,0.34));
#13909 = VECTOR('',#13910,1.);
#13910 = DIRECTION('',(0.,0.923076923077,-0.384615384615));
#13911 = PLANE('',#13912);
#13912 = AXIS2_PLACEMENT_3D('',#13913,#13914,#13915);
#13913 = CARTESIAN_POINT('',(0.675,5.E-02,0.34));
#13914 = DIRECTION('',(-0.,0.384615384615,0.923076923077));
#13915 = DIRECTION('',(0.,0.923076923077,-0.384615384615));
#13916 = ADVANCED_FACE('',(#13917),#13942,.F.);
#13917 = FACE_BOUND('',#13918,.F.);
#13918 = EDGE_LOOP('',(#13919,#13920,#13928,#13936));
#13919 = ORIENTED_EDGE('',*,*,#13898,.T.);
#13920 = ORIENTED_EDGE('',*,*,#13921,.T.);
#13921 = EDGE_CURVE('',#13891,#13922,#13924,.T.);
#13922 = VERTEX_POINT('',#13923);
#13923 = CARTESIAN_POINT('',(0.825,0.2,0.18));
#13924 = LINE('',#13925,#13926);
#13925 = CARTESIAN_POINT('',(0.825,0.17,0.29));
#13926 = VECTOR('',#13927,1.);
#13927 = DIRECTION('',(0.,0.263117405792,-0.964763821238));
#13928 = ORIENTED_EDGE('',*,*,#13929,.F.);
#13929 = EDGE_CURVE('',#13930,#13922,#13932,.T.);
#13930 = VERTEX_POINT('',#13931);
#13931 = CARTESIAN_POINT('',(0.675,0.2,0.18));
#13932 = LINE('',#13933,#13934);
#13933 = CARTESIAN_POINT('',(0.675,0.2,0.18));
#13934 = VECTOR('',#13935,1.);
#13935 = DIRECTION('',(1.,0.,0.));
#13936 = ORIENTED_EDGE('',*,*,#13937,.F.);
#13937 = EDGE_CURVE('',#13899,#13930,#13938,.T.);
#13938 = LINE('',#13939,#13940);
#13939 = CARTESIAN_POINT('',(0.675,0.17,0.29));
#13940 = VECTOR('',#13941,1.);
#13941 = DIRECTION('',(0.,0.263117405792,-0.964763821238));
#13942 = PLANE('',#13943);
#13943 = AXIS2_PLACEMENT_3D('',#13944,#13945,#13946);
#13944 = CARTESIAN_POINT('',(0.675,0.17,0.29));
#13945 = DIRECTION('',(-0.,0.964763821238,0.263117405792));
#13946 = DIRECTION('',(0.,0.263117405792,-0.964763821238));
#13947 = ADVANCED_FACE('',(#13948),#13973,.F.);
#13948 = FACE_BOUND('',#13949,.F.);
#13949 = EDGE_LOOP('',(#13950,#13951,#13959,#13967));
#13950 = ORIENTED_EDGE('',*,*,#13929,.T.);
#13951 = ORIENTED_EDGE('',*,*,#13952,.T.);
#13952 = EDGE_CURVE('',#13922,#13953,#13955,.T.);
#13953 = VERTEX_POINT('',#13954);
#13954 = CARTESIAN_POINT('',(0.825,0.88,0.18));
#13955 = LINE('',#13956,#13957);
#13956 = CARTESIAN_POINT('',(0.825,0.2,0.18));
#13957 = VECTOR('',#13958,1.);
#13958 = DIRECTION('',(0.,1.,0.));
#13959 = ORIENTED_EDGE('',*,*,#13960,.F.);
#13960 = EDGE_CURVE('',#13961,#13953,#13963,.T.);
#13961 = VERTEX_POINT('',#13962);
#13962 = CARTESIAN_POINT('',(0.675,0.88,0.18));
#13963 = LINE('',#13964,#13965);
#13964 = CARTESIAN_POINT('',(0.675,0.88,0.18));
#13965 = VECTOR('',#13966,1.);
#13966 = DIRECTION('',(1.,0.,0.));
#13967 = ORIENTED_EDGE('',*,*,#13968,.F.);
#13968 = EDGE_CURVE('',#13930,#13961,#13969,.T.);
#13969 = LINE('',#13970,#13971);
#13970 = CARTESIAN_POINT('',(0.675,0.2,0.18));
#13971 = VECTOR('',#13972,1.);
#13972 = DIRECTION('',(0.,1.,0.));
#13973 = PLANE('',#13974);
#13974 = AXIS2_PLACEMENT_3D('',#13975,#13976,#13977);
#13975 = CARTESIAN_POINT('',(0.675,0.2,0.18));
#13976 = DIRECTION('',(0.,0.,1.));
#13977 = DIRECTION('',(0.,1.,0.));
#13978 = ADVANCED_FACE('',(#13979),#14004,.F.);
#13979 = FACE_BOUND('',#13980,.F.);
#13980 = EDGE_LOOP('',(#13981,#13982,#13990,#13998));
#13981 = ORIENTED_EDGE('',*,*,#13960,.T.);
#13982 = ORIENTED_EDGE('',*,*,#13983,.T.);
#13983 = EDGE_CURVE('',#13953,#13984,#13986,.T.);
#13984 = VERTEX_POINT('',#13985);
#13985 = CARTESIAN_POINT('',(0.825,0.99,2.E-02));
#13986 = LINE('',#13987,#13988);
#13987 = CARTESIAN_POINT('',(0.825,0.88,0.18));
#13988 = VECTOR('',#13989,1.);
#13989 = DIRECTION('',(0.,0.566528822887,-0.824041924199));
#13990 = ORIENTED_EDGE('',*,*,#13991,.F.);
#13991 = EDGE_CURVE('',#13992,#13984,#13994,.T.);
#13992 = VERTEX_POINT('',#13993);
#13993 = CARTESIAN_POINT('',(0.675,0.99,2.E-02));
#13994 = LINE('',#13995,#13996);
#13995 = CARTESIAN_POINT('',(0.675,0.99,2.E-02));
#13996 = VECTOR('',#13997,1.);
#13997 = DIRECTION('',(1.,0.,0.));
#13998 = ORIENTED_EDGE('',*,*,#13999,.F.);
#13999 = EDGE_CURVE('',#13961,#13992,#14000,.T.);
#14000 = LINE('',#14001,#14002);
#14001 = CARTESIAN_POINT('',(0.675,0.88,0.18));
#14002 = VECTOR('',#14003,1.);
#14003 = DIRECTION('',(0.,0.566528822887,-0.824041924199));
#14004 = PLANE('',#14005);
#14005 = AXIS2_PLACEMENT_3D('',#14006,#14007,#14008);
#14006 = CARTESIAN_POINT('',(0.675,0.88,0.18));
#14007 = DIRECTION('',(-0.,0.824041924199,0.566528822887));
#14008 = DIRECTION('',(0.,0.566528822887,-0.824041924199));
#14009 = ADVANCED_FACE('',(#14010),#14035,.F.);
#14010 = FACE_BOUND('',#14011,.F.);
#14011 = EDGE_LOOP('',(#14012,#14013,#14021,#14029));
#14012 = ORIENTED_EDGE('',*,*,#13991,.T.);
#14013 = ORIENTED_EDGE('',*,*,#14014,.T.);
#14014 = EDGE_CURVE('',#13984,#14015,#14017,.T.);
#14015 = VERTEX_POINT('',#14016);
#14016 = CARTESIAN_POINT('',(0.825,1.38,0.));
#14017 = LINE('',#14018,#14019);
#14018 = CARTESIAN_POINT('',(0.825,0.99,2.E-02));
#14019 = VECTOR('',#14020,1.);
#14020 = DIRECTION('',(0.,0.998687663477,-5.121475197316E-02));
#14021 = ORIENTED_EDGE('',*,*,#14022,.F.);
#14022 = EDGE_CURVE('',#14023,#14015,#14025,.T.);
#14023 = VERTEX_POINT('',#14024);
#14024 = CARTESIAN_POINT('',(0.675,1.38,0.));
#14025 = LINE('',#14026,#14027);
#14026 = CARTESIAN_POINT('',(0.675,1.38,0.));
#14027 = VECTOR('',#14028,1.);
#14028 = DIRECTION('',(1.,0.,0.));
#14029 = ORIENTED_EDGE('',*,*,#14030,.F.);
#14030 = EDGE_CURVE('',#13992,#14023,#14031,.T.);
#14031 = LINE('',#14032,#14033);
#14032 = CARTESIAN_POINT('',(0.675,0.99,2.E-02));
#14033 = VECTOR('',#14034,1.);
#14034 = DIRECTION('',(0.,0.998687663477,-5.121475197316E-02));
#14035 = PLANE('',#14036);
#14036 = AXIS2_PLACEMENT_3D('',#14037,#14038,#14039);
#14037 = CARTESIAN_POINT('',(0.675,0.99,2.E-02));
#14038 = DIRECTION('',(-0.,5.121475197316E-02,0.998687663477));
#14039 = DIRECTION('',(0.,0.998687663477,-5.121475197316E-02));
#14040 = ADVANCED_FACE('',(#14041),#14066,.F.);
#14041 = FACE_BOUND('',#14042,.F.);
#14042 = EDGE_LOOP('',(#14043,#14044,#14052,#14060));
#14043 = ORIENTED_EDGE('',*,*,#14022,.T.);
#14044 = ORIENTED_EDGE('',*,*,#14045,.T.);
#14045 = EDGE_CURVE('',#14015,#14046,#14048,.T.);
#14046 = VERTEX_POINT('',#14047);
#14047 = CARTESIAN_POINT('',(0.825,1.38,8.E-02));
#14048 = LINE('',#14049,#14050);
#14049 = CARTESIAN_POINT('',(0.825,1.38,0.));
#14050 = VECTOR('',#14051,1.);
#14051 = DIRECTION('',(0.,0.,1.));
#14052 = ORIENTED_EDGE('',*,*,#14053,.F.);
#14053 = EDGE_CURVE('',#14054,#14046,#14056,.T.);
#14054 = VERTEX_POINT('',#14055);
#14055 = CARTESIAN_POINT('',(0.675,1.38,8.E-02));
#14056 = LINE('',#14057,#14058);
#14057 = CARTESIAN_POINT('',(0.675,1.38,8.E-02));
#14058 = VECTOR('',#14059,1.);
#14059 = DIRECTION('',(1.,0.,0.));
#14060 = ORIENTED_EDGE('',*,*,#14061,.F.);
#14061 = EDGE_CURVE('',#14023,#14054,#14062,.T.);
#14062 = LINE('',#14063,#14064);
#14063 = CARTESIAN_POINT('',(0.675,1.38,0.));
#14064 = VECTOR('',#14065,1.);
#14065 = DIRECTION('',(0.,0.,1.));
#14066 = PLANE('',#14067);
#14067 = AXIS2_PLACEMENT_3D('',#14068,#14069,#14070);
#14068 = CARTESIAN_POINT('',(0.675,1.38,0.));
#14069 = DIRECTION('',(0.,-1.,0.));
#14070 = DIRECTION('',(0.,0.,1.));
#14071 = ADVANCED_FACE('',(#14072),#14097,.F.);
#14072 = FACE_BOUND('',#14073,.F.);
#14073 = EDGE_LOOP('',(#14074,#14075,#14083,#14091));
#14074 = ORIENTED_EDGE('',*,*,#14053,.T.);
#14075 = ORIENTED_EDGE('',*,*,#14076,.T.);
#14076 = EDGE_CURVE('',#14046,#14077,#14079,.T.);
#14077 = VERTEX_POINT('',#14078);
#14078 = CARTESIAN_POINT('',(0.825,1.05,0.1));
#14079 = LINE('',#14080,#14081);
#14080 = CARTESIAN_POINT('',(0.825,1.38,8.E-02));
#14081 = VECTOR('',#14082,1.);
#14082 = DIRECTION('',(0.,-0.998168496631,6.049506040189E-02));
#14083 = ORIENTED_EDGE('',*,*,#14084,.F.);
#14084 = EDGE_CURVE('',#14085,#14077,#14087,.T.);
#14085 = VERTEX_POINT('',#14086);
#14086 = CARTESIAN_POINT('',(0.675,1.05,0.1));
#14087 = LINE('',#14088,#14089);
#14088 = CARTESIAN_POINT('',(0.675,1.05,0.1));
#14089 = VECTOR('',#14090,1.);
#14090 = DIRECTION('',(1.,0.,0.));
#14091 = ORIENTED_EDGE('',*,*,#14092,.F.);
#14092 = EDGE_CURVE('',#14054,#14085,#14093,.T.);
#14093 = LINE('',#14094,#14095);
#14094 = CARTESIAN_POINT('',(0.675,1.38,8.E-02));
#14095 = VECTOR('',#14096,1.);
#14096 = DIRECTION('',(0.,-0.998168496631,6.049506040189E-02));
#14097 = PLANE('',#14098);
#14098 = AXIS2_PLACEMENT_3D('',#14099,#14100,#14101);
#14099 = CARTESIAN_POINT('',(0.675,1.38,8.E-02));
#14100 = DIRECTION('',(0.,-6.049506040189E-02,-0.998168496631));
#14101 = DIRECTION('',(0.,-0.998168496631,6.049506040189E-02));
#14102 = ADVANCED_FACE('',(#14103),#14128,.F.);
#14103 = FACE_BOUND('',#14104,.F.);
#14104 = EDGE_LOOP('',(#14105,#14106,#14114,#14122));
#14105 = ORIENTED_EDGE('',*,*,#14084,.T.);
#14106 = ORIENTED_EDGE('',*,*,#14107,.T.);
#14107 = EDGE_CURVE('',#14077,#14108,#14110,.T.);
#14108 = VERTEX_POINT('',#14109);
#14109 = CARTESIAN_POINT('',(0.825,0.97,0.26));
#14110 = LINE('',#14111,#14112);
#14111 = CARTESIAN_POINT('',(0.825,1.05,0.1));
#14112 = VECTOR('',#14113,1.);
#14113 = DIRECTION('',(0.,-0.4472135955,0.894427191));
#14114 = ORIENTED_EDGE('',*,*,#14115,.F.);
#14115 = EDGE_CURVE('',#14116,#14108,#14118,.T.);
#14116 = VERTEX_POINT('',#14117);
#14117 = CARTESIAN_POINT('',(0.675,0.97,0.26));
#14118 = LINE('',#14119,#14120);
#14119 = CARTESIAN_POINT('',(0.675,0.97,0.26));
#14120 = VECTOR('',#14121,1.);
#14121 = DIRECTION('',(1.,0.,0.));
#14122 = ORIENTED_EDGE('',*,*,#14123,.F.);
#14123 = EDGE_CURVE('',#14085,#14116,#14124,.T.);
#14124 = LINE('',#14125,#14126);
#14125 = CARTESIAN_POINT('',(0.675,1.05,0.1));
#14126 = VECTOR('',#14127,1.);
#14127 = DIRECTION('',(0.,-0.4472135955,0.894427191));
#14128 = PLANE('',#14129);
#14129 = AXIS2_PLACEMENT_3D('',#14130,#14131,#14132);
#14130 = CARTESIAN_POINT('',(0.675,1.05,0.1));
#14131 = DIRECTION('',(0.,-0.894427191,-0.4472135955));
#14132 = DIRECTION('',(0.,-0.4472135955,0.894427191));
#14133 = ADVANCED_FACE('',(#14134),#14159,.F.);
#14134 = FACE_BOUND('',#14135,.F.);
#14135 = EDGE_LOOP('',(#14136,#14137,#14145,#14153));
#14136 = ORIENTED_EDGE('',*,*,#14115,.T.);
#14137 = ORIENTED_EDGE('',*,*,#14138,.T.);
#14138 = EDGE_CURVE('',#14108,#14139,#14141,.T.);
#14139 = VERTEX_POINT('',#14140);
#14140 = CARTESIAN_POINT('',(0.825,0.28,0.26));
#14141 = LINE('',#14142,#14143);
#14142 = CARTESIAN_POINT('',(0.825,0.97,0.26));
#14143 = VECTOR('',#14144,1.);
#14144 = DIRECTION('',(0.,-1.,0.));
#14145 = ORIENTED_EDGE('',*,*,#14146,.F.);
#14146 = EDGE_CURVE('',#14147,#14139,#14149,.T.);
#14147 = VERTEX_POINT('',#14148);
#14148 = CARTESIAN_POINT('',(0.675,0.28,0.26));
#14149 = LINE('',#14150,#14151);
#14150 = CARTESIAN_POINT('',(0.675,0.28,0.26));
#14151 = VECTOR('',#14152,1.);
#14152 = DIRECTION('',(1.,0.,0.));
#14153 = ORIENTED_EDGE('',*,*,#14154,.F.);
#14154 = EDGE_CURVE('',#14116,#14147,#14155,.T.);
#14155 = LINE('',#14156,#14157);
#14156 = CARTESIAN_POINT('',(0.675,0.97,0.26));
#14157 = VECTOR('',#14158,1.);
#14158 = DIRECTION('',(0.,-1.,0.));
#14159 = PLANE('',#14160);
#14160 = AXIS2_PLACEMENT_3D('',#14161,#14162,#14163);
#14161 = CARTESIAN_POINT('',(0.675,0.97,0.26));
#14162 = DIRECTION('',(0.,0.,-1.));
#14163 = DIRECTION('',(0.,-1.,0.));
#14164 = ADVANCED_FACE('',(#14165),#14190,.F.);
#14165 = FACE_BOUND('',#14166,.F.);
#14166 = EDGE_LOOP('',(#14167,#14168,#14176,#14184));
#14167 = ORIENTED_EDGE('',*,*,#14146,.T.);
#14168 = ORIENTED_EDGE('',*,*,#14169,.T.);
#14169 = EDGE_CURVE('',#14139,#14170,#14172,.T.);
#14170 = VERTEX_POINT('',#14171);
#14171 = CARTESIAN_POINT('',(0.825,0.22,0.42));
#14172 = LINE('',#14173,#14174);
#14173 = CARTESIAN_POINT('',(0.825,0.28,0.26));
#14174 = VECTOR('',#14175,1.);
#14175 = DIRECTION('',(0.,-0.351123441588,0.936329177569));
#14176 = ORIENTED_EDGE('',*,*,#14177,.F.);
#14177 = EDGE_CURVE('',#14178,#14170,#14180,.T.);
#14178 = VERTEX_POINT('',#14179);
#14179 = CARTESIAN_POINT('',(0.675,0.22,0.42));
#14180 = LINE('',#14181,#14182);
#14181 = CARTESIAN_POINT('',(0.675,0.22,0.42));
#14182 = VECTOR('',#14183,1.);
#14183 = DIRECTION('',(1.,0.,0.));
#14184 = ORIENTED_EDGE('',*,*,#14185,.F.);
#14185 = EDGE_CURVE('',#14147,#14178,#14186,.T.);
#14186 = LINE('',#14187,#14188);
#14187 = CARTESIAN_POINT('',(0.675,0.28,0.26));
#14188 = VECTOR('',#14189,1.);
#14189 = DIRECTION('',(0.,-0.351123441588,0.936329177569));
#14190 = PLANE('',#14191);
#14191 = AXIS2_PLACEMENT_3D('',#14192,#14193,#14194);
#14192 = CARTESIAN_POINT('',(0.675,0.28,0.26));
#14193 = DIRECTION('',(0.,-0.936329177569,-0.351123441588));
#14194 = DIRECTION('',(0.,-0.351123441588,0.936329177569));
#14195 = ADVANCED_FACE('',(#14196),#14221,.F.);
#14196 = FACE_BOUND('',#14197,.F.);
#14197 = EDGE_LOOP('',(#14198,#14199,#14207,#14215));
#14198 = ORIENTED_EDGE('',*,*,#14177,.T.);
#14199 = ORIENTED_EDGE('',*,*,#14200,.T.);
#14200 = EDGE_CURVE('',#14170,#14201,#14203,.T.);
#14201 = VERTEX_POINT('',#14202);
#14202 = CARTESIAN_POINT('',(0.825,0.22,0.78));
#14203 = LINE('',#14204,#14205);
#14204 = CARTESIAN_POINT('',(0.825,0.22,0.42));
#14205 = VECTOR('',#14206,1.);
#14206 = DIRECTION('',(0.,0.,1.));
#14207 = ORIENTED_EDGE('',*,*,#14208,.F.);
#14208 = EDGE_CURVE('',#14209,#14201,#14211,.T.);
#14209 = VERTEX_POINT('',#14210);
#14210 = CARTESIAN_POINT('',(0.675,0.22,0.78));
#14211 = LINE('',#14212,#14213);
#14212 = CARTESIAN_POINT('',(0.675,0.22,0.78));
#14213 = VECTOR('',#14214,1.);
#14214 = DIRECTION('',(1.,0.,0.));
#14215 = ORIENTED_EDGE('',*,*,#14216,.F.);
#14216 = EDGE_CURVE('',#14178,#14209,#14217,.T.);
#14217 = LINE('',#14218,#14219);
#14218 = CARTESIAN_POINT('',(0.675,0.22,0.42));
#14219 = VECTOR('',#14220,1.);
#14220 = DIRECTION('',(0.,0.,1.));
#14221 = PLANE('',#14222);
#14222 = AXIS2_PLACEMENT_3D('',#14223,#14224,#14225);
#14223 = CARTESIAN_POINT('',(0.675,0.22,0.42));
#14224 = DIRECTION('',(0.,-1.,0.));
#14225 = DIRECTION('',(0.,0.,1.));
#14226 = ADVANCED_FACE('',(#14227),#14252,.F.);
#14227 = FACE_BOUND('',#14228,.F.);
#14228 = EDGE_LOOP('',(#14229,#14230,#14238,#14246));
#14229 = ORIENTED_EDGE('',*,*,#14208,.T.);
#14230 = ORIENTED_EDGE('',*,*,#14231,.T.);
#14231 = EDGE_CURVE('',#14201,#14232,#14234,.T.);
#14232 = VERTEX_POINT('',#14233);
#14233 = CARTESIAN_POINT('',(0.825,6.E-02,0.84));
#14234 = LINE('',#14235,#14236);
#14235 = CARTESIAN_POINT('',(0.825,0.22,0.78));
#14236 = VECTOR('',#14237,1.);
#14237 = DIRECTION('',(0.,-0.936329177569,0.351123441588));
#14238 = ORIENTED_EDGE('',*,*,#14239,.F.);
#14239 = EDGE_CURVE('',#14240,#14232,#14242,.T.);
#14240 = VERTEX_POINT('',#14241);
#14241 = CARTESIAN_POINT('',(0.675,6.E-02,0.84));
#14242 = LINE('',#14243,#14244);
#14243 = CARTESIAN_POINT('',(0.675,6.E-02,0.84));
#14244 = VECTOR('',#14245,1.);
#14245 = DIRECTION('',(1.,0.,0.));
#14246 = ORIENTED_EDGE('',*,*,#14247,.F.);
#14247 = EDGE_CURVE('',#14209,#14240,#14248,.T.);
#14248 = LINE('',#14249,#14250);
#14249 = CARTESIAN_POINT('',(0.675,0.22,0.78));
#14250 = VECTOR('',#14251,1.);
#14251 = DIRECTION('',(0.,-0.936329177569,0.351123441588));
#14252 = PLANE('',#14253);
#14253 = AXIS2_PLACEMENT_3D('',#14254,#14255,#14256);
#14254 = CARTESIAN_POINT('',(0.675,0.22,0.78));
#14255 = DIRECTION('',(0.,-0.351123441588,-0.936329177569));
#14256 = DIRECTION('',(0.,-0.936329177569,0.351123441588));
#14257 = ADVANCED_FACE('',(#14258),#14283,.F.);
#14258 = FACE_BOUND('',#14259,.F.);
#14259 = EDGE_LOOP('',(#14260,#14261,#14269,#14277));
#14260 = ORIENTED_EDGE('',*,*,#14239,.T.);
#14261 = ORIENTED_EDGE('',*,*,#14262,.T.);
#14262 = EDGE_CURVE('',#14232,#14263,#14265,.T.);
#14263 = VERTEX_POINT('',#14264);
#14264 = CARTESIAN_POINT('',(0.825,-0.3,0.82));
#14265 = LINE('',#14266,#14267);
#14266 = CARTESIAN_POINT('',(0.825,6.E-02,0.84));
#14267 = VECTOR('',#14268,1.);
#14268 = DIRECTION('',(0.,-0.998460353205,-5.547001962252E-02));
#14269 = ORIENTED_EDGE('',*,*,#14270,.F.);
#14270 = EDGE_CURVE('',#14271,#14263,#14273,.T.);
#14271 = VERTEX_POINT('',#14272);
#14272 = CARTESIAN_POINT('',(0.675,-0.3,0.82));
#14273 = LINE('',#14274,#14275);
#14274 = CARTESIAN_POINT('',(0.675,-0.3,0.82));
#14275 = VECTOR('',#14276,1.);
#14276 = DIRECTION('',(1.,0.,0.));
#14277 = ORIENTED_EDGE('',*,*,#14278,.F.);
#14278 = EDGE_CURVE('',#14240,#14271,#14279,.T.);
#14279 = LINE('',#14280,#14281);
#14280 = CARTESIAN_POINT('',(0.675,6.E-02,0.84));
#14281 = VECTOR('',#14282,1.);
#14282 = DIRECTION('',(0.,-0.998460353205,-5.547001962252E-02));
#14283 = PLANE('',#14284);
#14284 = AXIS2_PLACEMENT_3D('',#14285,#14286,#14287);
#14285 = CARTESIAN_POINT('',(0.675,6.E-02,0.84));
#14286 = DIRECTION('',(0.,5.547001962252E-02,-0.998460353205));
#14287 = DIRECTION('',(0.,-0.998460353205,-5.547001962252E-02));
#14288 = ADVANCED_FACE('',(#14289),#14314,.F.);
#14289 = FACE_BOUND('',#14290,.F.);
#14290 = EDGE_LOOP('',(#14291,#14292,#14300,#14308));
#14291 = ORIENTED_EDGE('',*,*,#14270,.T.);
#14292 = ORIENTED_EDGE('',*,*,#14293,.T.);
#14293 = EDGE_CURVE('',#14263,#14294,#14296,.T.);
#14294 = VERTEX_POINT('',#14295);
#14295 = CARTESIAN_POINT('',(0.825,-1.39,0.72));
#14296 = LINE('',#14297,#14298);
#14297 = CARTESIAN_POINT('',(0.825,-0.3,0.82));
#14298 = VECTOR('',#14299,1.);
#14299 = DIRECTION('',(0.,-0.995817981008,-9.135944779885E-02));
#14300 = ORIENTED_EDGE('',*,*,#14301,.F.);
#14301 = EDGE_CURVE('',#14302,#14294,#14304,.T.);
#14302 = VERTEX_POINT('',#14303);
#14303 = CARTESIAN_POINT('',(0.675,-1.39,0.72));
#14304 = LINE('',#14305,#14306);
#14305 = CARTESIAN_POINT('',(0.675,-1.39,0.72));
#14306 = VECTOR('',#14307,1.);
#14307 = DIRECTION('',(1.,0.,0.));
#14308 = ORIENTED_EDGE('',*,*,#14309,.F.);
#14309 = EDGE_CURVE('',#14271,#14302,#14310,.T.);
#14310 = LINE('',#14311,#14312);
#14311 = CARTESIAN_POINT('',(0.675,-0.3,0.82));
#14312 = VECTOR('',#14313,1.);
#14313 = DIRECTION('',(0.,-0.995817981008,-9.135944779885E-02));
#14314 = PLANE('',#14315);
#14315 = AXIS2_PLACEMENT_3D('',#14316,#14317,#14318);
#14316 = CARTESIAN_POINT('',(0.675,-0.3,0.82));
#14317 = DIRECTION('',(0.,9.135944779885E-02,-0.995817981008));
#14318 = DIRECTION('',(0.,-0.995817981008,-9.135944779885E-02));
#14319 = ADVANCED_FACE('',(#14320),#14345,.F.);
#14320 = FACE_BOUND('',#14321,.F.);
#14321 = EDGE_LOOP('',(#14322,#14323,#14331,#14339));
#14322 = ORIENTED_EDGE('',*,*,#14301,.T.);
#14323 = ORIENTED_EDGE('',*,*,#14324,.T.);
#14324 = EDGE_CURVE('',#14294,#14325,#14327,.T.);
#14325 = VERTEX_POINT('',#14326);
#14326 = CARTESIAN_POINT('',(0.825,-1.47,0.68));
#14327 = LINE('',#14328,#14329);
#14328 = CARTESIAN_POINT('',(0.825,-1.39,0.72));
#14329 = VECTOR('',#14330,1.);
#14330 = DIRECTION('',(0.,-0.894427191,-0.4472135955));
#14331 = ORIENTED_EDGE('',*,*,#14332,.F.);
#14332 = EDGE_CURVE('',#14333,#14325,#14335,.T.);
#14333 = VERTEX_POINT('',#14334);
#14334 = CARTESIAN_POINT('',(0.675,-1.47,0.68));
#14335 = LINE('',#14336,#14337);
#14336 = CARTESIAN_POINT('',(0.675,-1.47,0.68));
#14337 = VECTOR('',#14338,1.);
#14338 = DIRECTION('',(1.,0.,0.));
#14339 = ORIENTED_EDGE('',*,*,#14340,.F.);
#14340 = EDGE_CURVE('',#14302,#14333,#14341,.T.);
#14341 = LINE('',#14342,#14343);
#14342 = CARTESIAN_POINT('',(0.675,-1.39,0.72));
#14343 = VECTOR('',#14344,1.);
#14344 = DIRECTION('',(0.,-0.894427191,-0.4472135955));
#14345 = PLANE('',#14346);
#14346 = AXIS2_PLACEMENT_3D('',#14347,#14348,#14349);
#14347 = CARTESIAN_POINT('',(0.675,-1.39,0.72));
#14348 = DIRECTION('',(0.,0.4472135955,-0.894427191));
#14349 = DIRECTION('',(0.,-0.894427191,-0.4472135955));
#14350 = ADVANCED_FACE('',(#14351),#14376,.F.);
#14351 = FACE_BOUND('',#14352,.F.);
#14352 = EDGE_LOOP('',(#14353,#14354,#14362,#14370));
#14353 = ORIENTED_EDGE('',*,*,#14332,.T.);
#14354 = ORIENTED_EDGE('',*,*,#14355,.T.);
#14355 = EDGE_CURVE('',#14325,#14356,#14358,.T.);
#14356 = VERTEX_POINT('',#14357);
#14357 = CARTESIAN_POINT('',(0.825,-1.41,0.63));
#14358 = LINE('',#14359,#14360);
#14359 = CARTESIAN_POINT('',(0.825,-1.47,0.68));
#14360 = VECTOR('',#14361,1.);
#14361 = DIRECTION('',(0.,0.768221279597,-0.640184399664));
#14362 = ORIENTED_EDGE('',*,*,#14363,.F.);
#14363 = EDGE_CURVE('',#14364,#14356,#14366,.T.);
#14364 = VERTEX_POINT('',#14365);
#14365 = CARTESIAN_POINT('',(0.675,-1.41,0.63));
#14366 = LINE('',#14367,#14368);
#14367 = CARTESIAN_POINT('',(0.675,-1.41,0.63));
#14368 = VECTOR('',#14369,1.);
#14369 = DIRECTION('',(1.,0.,0.));
#14370 = ORIENTED_EDGE('',*,*,#14371,.F.);
#14371 = EDGE_CURVE('',#14333,#14364,#14372,.T.);
#14372 = LINE('',#14373,#14374);
#14373 = CARTESIAN_POINT('',(0.675,-1.47,0.68));
#14374 = VECTOR('',#14375,1.);
#14375 = DIRECTION('',(0.,0.768221279597,-0.640184399664));
#14376 = PLANE('',#14377);
#14377 = AXIS2_PLACEMENT_3D('',#14378,#14379,#14380);
#14378 = CARTESIAN_POINT('',(0.675,-1.47,0.68));
#14379 = DIRECTION('',(-0.,0.640184399664,0.768221279597));
#14380 = DIRECTION('',(0.,0.768221279597,-0.640184399664));
#14381 = ADVANCED_FACE('',(#14382),#14407,.F.);
#14382 = FACE_BOUND('',#14383,.F.);
#14383 = EDGE_LOOP('',(#14384,#14385,#14393,#14401));
#14384 = ORIENTED_EDGE('',*,*,#14363,.T.);
#14385 = ORIENTED_EDGE('',*,*,#14386,.T.);
#14386 = EDGE_CURVE('',#14356,#14387,#14389,.T.);
#14387 = VERTEX_POINT('',#14388);
#14388 = CARTESIAN_POINT('',(0.825,-1.3,0.65));
#14389 = LINE('',#14390,#14391);
#14390 = CARTESIAN_POINT('',(0.825,-1.41,0.63));
#14391 = VECTOR('',#14392,1.);
#14392 = DIRECTION('',(0.,0.9838699101,0.1788854382));
#14393 = ORIENTED_EDGE('',*,*,#14394,.F.);
#14394 = EDGE_CURVE('',#14395,#14387,#14397,.T.);
#14395 = VERTEX_POINT('',#14396);
#14396 = CARTESIAN_POINT('',(0.675,-1.3,0.65));
#14397 = LINE('',#14398,#14399);
#14398 = CARTESIAN_POINT('',(0.675,-1.3,0.65));
#14399 = VECTOR('',#14400,1.);
#14400 = DIRECTION('',(1.,0.,0.));
#14401 = ORIENTED_EDGE('',*,*,#14402,.F.);
#14402 = EDGE_CURVE('',#14364,#14395,#14403,.T.);
#14403 = LINE('',#14404,#14405);
#14404 = CARTESIAN_POINT('',(0.675,-1.41,0.63));
#14405 = VECTOR('',#14406,1.);
#14406 = DIRECTION('',(0.,0.9838699101,0.1788854382));
#14407 = PLANE('',#14408);
#14408 = AXIS2_PLACEMENT_3D('',#14409,#14410,#14411);
#14409 = CARTESIAN_POINT('',(0.675,-1.41,0.63));
#14410 = DIRECTION('',(0.,-0.1788854382,0.9838699101));
#14411 = DIRECTION('',(0.,0.9838699101,0.1788854382));
#14412 = ADVANCED_FACE('',(#14413),#14438,.F.);
#14413 = FACE_BOUND('',#14414,.F.);
#14414 = EDGE_LOOP('',(#14415,#14416,#14424,#14432));
#14415 = ORIENTED_EDGE('',*,*,#14394,.T.);
#14416 = ORIENTED_EDGE('',*,*,#14417,.T.);
#14417 = EDGE_CURVE('',#14387,#14418,#14420,.T.);
#14418 = VERTEX_POINT('',#14419);
#14419 = CARTESIAN_POINT('',(0.825,-0.28,0.75));
#14420 = LINE('',#14421,#14422);
#14421 = CARTESIAN_POINT('',(0.825,-1.3,0.65));
#14422 = VECTOR('',#14423,1.);
#14423 = DIRECTION('',(0.,0.99522852512,9.757142403137E-02));
#14424 = ORIENTED_EDGE('',*,*,#14425,.F.);
#14425 = EDGE_CURVE('',#14426,#14418,#14428,.T.);
#14426 = VERTEX_POINT('',#14427);
#14427 = CARTESIAN_POINT('',(0.675,-0.28,0.75));
#14428 = LINE('',#14429,#14430);
#14429 = CARTESIAN_POINT('',(0.675,-0.28,0.75));
#14430 = VECTOR('',#14431,1.);
#14431 = DIRECTION('',(1.,0.,0.));
#14432 = ORIENTED_EDGE('',*,*,#14433,.F.);
#14433 = EDGE_CURVE('',#14395,#14426,#14434,.T.);
#14434 = LINE('',#14435,#14436);
#14435 = CARTESIAN_POINT('',(0.675,-1.3,0.65));
#14436 = VECTOR('',#14437,1.);
#14437 = DIRECTION('',(0.,0.99522852512,9.757142403137E-02));
#14438 = PLANE('',#14439);
#14439 = AXIS2_PLACEMENT_3D('',#14440,#14441,#14442);
#14440 = CARTESIAN_POINT('',(0.675,-1.3,0.65));
#14441 = DIRECTION('',(0.,-9.757142403137E-02,0.99522852512));
#14442 = DIRECTION('',(0.,0.99522852512,9.757142403137E-02));
#14443 = ADVANCED_FACE('',(#14444),#14469,.F.);
#14444 = FACE_BOUND('',#14445,.F.);
#14445 = EDGE_LOOP('',(#14446,#14447,#14455,#14463));
#14446 = ORIENTED_EDGE('',*,*,#14425,.T.);
#14447 = ORIENTED_EDGE('',*,*,#14448,.T.);
#14448 = EDGE_CURVE('',#14418,#14449,#14451,.T.);
#14449 = VERTEX_POINT('',#14450);
#14450 = CARTESIAN_POINT('',(0.825,0.12,0.75));
#14451 = LINE('',#14452,#14453);
#14452 = CARTESIAN_POINT('',(0.825,-0.28,0.75));
#14453 = VECTOR('',#14454,1.);
#14454 = DIRECTION('',(0.,1.,0.));
#14455 = ORIENTED_EDGE('',*,*,#14456,.F.);
#14456 = EDGE_CURVE('',#14457,#14449,#14459,.T.);
#14457 = VERTEX_POINT('',#14458);
#14458 = CARTESIAN_POINT('',(0.675,0.12,0.75));
#14459 = LINE('',#14460,#14461);
#14460 = CARTESIAN_POINT('',(0.675,0.12,0.75));
#14461 = VECTOR('',#14462,1.);
#14462 = DIRECTION('',(1.,0.,0.));
#14463 = ORIENTED_EDGE('',*,*,#14464,.F.);
#14464 = EDGE_CURVE('',#14426,#14457,#14465,.T.);
#14465 = LINE('',#14466,#14467);
#14466 = CARTESIAN_POINT('',(0.675,-0.28,0.75));
#14467 = VECTOR('',#14468,1.);
#14468 = DIRECTION('',(0.,1.,0.));
#14469 = PLANE('',#14470);
#14470 = AXIS2_PLACEMENT_3D('',#14471,#14472,#14473);
#14471 = CARTESIAN_POINT('',(0.675,-0.28,0.75));
#14472 = DIRECTION('',(0.,0.,1.));
#14473 = DIRECTION('',(0.,1.,0.));
#14474 = ADVANCED_FACE('',(#14475),#14500,.F.);
#14475 = FACE_BOUND('',#14476,.F.);
#14476 = EDGE_LOOP('',(#14477,#14478,#14486,#14494));
#14477 = ORIENTED_EDGE('',*,*,#14456,.T.);
#14478 = ORIENTED_EDGE('',*,*,#14479,.T.);
#14479 = EDGE_CURVE('',#14449,#14480,#14482,.T.);
#14480 = VERTEX_POINT('',#14481);
#14481 = CARTESIAN_POINT('',(0.825,0.12,0.43));
#14482 = LINE('',#14483,#14484);
#14483 = CARTESIAN_POINT('',(0.825,0.12,0.75));
#14484 = VECTOR('',#14485,1.);
#14485 = DIRECTION('',(0.,0.,-1.));
#14486 = ORIENTED_EDGE('',*,*,#14487,.F.);
#14487 = EDGE_CURVE('',#14488,#14480,#14490,.T.);
#14488 = VERTEX_POINT('',#14489);
#14489 = CARTESIAN_POINT('',(0.675,0.12,0.43));
#14490 = LINE('',#14491,#14492);
#14491 = CARTESIAN_POINT('',(0.675,0.12,0.43));
#14492 = VECTOR('',#14493,1.);
#14493 = DIRECTION('',(1.,0.,0.));
#14494 = ORIENTED_EDGE('',*,*,#14495,.F.);
#14495 = EDGE_CURVE('',#14457,#14488,#14496,.T.);
#14496 = LINE('',#14497,#14498);
#14497 = CARTESIAN_POINT('',(0.675,0.12,0.75));
#14498 = VECTOR('',#14499,1.);
#14499 = DIRECTION('',(0.,0.,-1.));
#14500 = PLANE('',#14501);
#14501 = AXIS2_PLACEMENT_3D('',#14502,#14503,#14504);
#14502 = CARTESIAN_POINT('',(0.675,0.12,0.75));
#14503 = DIRECTION('',(-0.,1.,0.));
#14504 = DIRECTION('',(0.,0.,-1.));
#14505 = ADVANCED_FACE('',(#14506),#14531,.F.);
#14506 = FACE_BOUND('',#14507,.F.);
#14507 = EDGE_LOOP('',(#14508,#14509,#14517,#14525));
#14508 = ORIENTED_EDGE('',*,*,#14487,.T.);
#14509 = ORIENTED_EDGE('',*,*,#14510,.T.);
#14510 = EDGE_CURVE('',#14480,#14511,#14513,.T.);
#14511 = VERTEX_POINT('',#14512);
#14512 = CARTESIAN_POINT('',(0.825,-0.44,0.43));
#14513 = LINE('',#14514,#14515);
#14514 = CARTESIAN_POINT('',(0.825,0.12,0.43));
#14515 = VECTOR('',#14516,1.);
#14516 = DIRECTION('',(0.,-1.,0.));
#14517 = ORIENTED_EDGE('',*,*,#14518,.F.);
#14518 = EDGE_CURVE('',#14519,#14511,#14521,.T.);
#14519 = VERTEX_POINT('',#14520);
#14520 = CARTESIAN_POINT('',(0.675,-0.44,0.43));
#14521 = LINE('',#14522,#14523);
#14522 = CARTESIAN_POINT('',(0.675,-0.44,0.43));
#14523 = VECTOR('',#14524,1.);
#14524 = DIRECTION('',(1.,0.,0.));
#14525 = ORIENTED_EDGE('',*,*,#14526,.F.);
#14526 = EDGE_CURVE('',#14488,#14519,#14527,.T.);
#14527 = LINE('',#14528,#14529);
#14528 = CARTESIAN_POINT('',(0.675,0.12,0.43));
#14529 = VECTOR('',#14530,1.);
#14530 = DIRECTION('',(0.,-1.,0.));
#14531 = PLANE('',#14532);
#14532 = AXIS2_PLACEMENT_3D('',#14533,#14534,#14535);
#14533 = CARTESIAN_POINT('',(0.675,0.12,0.43));
#14534 = DIRECTION('',(0.,0.,-1.));
#14535 = DIRECTION('',(0.,-1.,0.));
#14536 = ADVANCED_FACE('',(#14537),#14562,.F.);
#14537 = FACE_BOUND('',#14538,.F.);
#14538 = EDGE_LOOP('',(#14539,#14540,#14548,#14556));
#14539 = ORIENTED_EDGE('',*,*,#14518,.T.);
#14540 = ORIENTED_EDGE('',*,*,#14541,.T.);
#14541 = EDGE_CURVE('',#14511,#14542,#14544,.T.);
#14542 = VERTEX_POINT('',#14543);
#14543 = CARTESIAN_POINT('',(0.825,-0.76,0.36));
#14544 = LINE('',#14545,#14546);
#14545 = CARTESIAN_POINT('',(0.825,-0.44,0.43));
#14546 = VECTOR('',#14547,1.);
#14547 = DIRECTION('',(0.,-0.976900017396,-0.213696878805));
#14548 = ORIENTED_EDGE('',*,*,#14549,.F.);
#14549 = EDGE_CURVE('',#14550,#14542,#14552,.T.);
#14550 = VERTEX_POINT('',#14551);
#14551 = CARTESIAN_POINT('',(0.675,-0.76,0.36));
#14552 = LINE('',#14553,#14554);
#14553 = CARTESIAN_POINT('',(0.675,-0.76,0.36));
#14554 = VECTOR('',#14555,1.);
#14555 = DIRECTION('',(1.,0.,0.));
#14556 = ORIENTED_EDGE('',*,*,#14557,.F.);
#14557 = EDGE_CURVE('',#14519,#14550,#14558,.T.);
#14558 = LINE('',#14559,#14560);
#14559 = CARTESIAN_POINT('',(0.675,-0.44,0.43));
#14560 = VECTOR('',#14561,1.);
#14561 = DIRECTION('',(0.,-0.976900017396,-0.213696878805));
#14562 = PLANE('',#14563);
#14563 = AXIS2_PLACEMENT_3D('',#14564,#14565,#14566);
#14564 = CARTESIAN_POINT('',(0.675,-0.44,0.43));
#14565 = DIRECTION('',(0.,0.213696878805,-0.976900017396));
#14566 = DIRECTION('',(0.,-0.976900017396,-0.213696878805));
#14567 = ADVANCED_FACE('',(#14568),#14593,.F.);
#14568 = FACE_BOUND('',#14569,.F.);
#14569 = EDGE_LOOP('',(#14570,#14571,#14579,#14587));
#14570 = ORIENTED_EDGE('',*,*,#14549,.T.);
#14571 = ORIENTED_EDGE('',*,*,#14572,.T.);
#14572 = EDGE_CURVE('',#14542,#14573,#14575,.T.);
#14573 = VERTEX_POINT('',#14574);
#14574 = CARTESIAN_POINT('',(0.825,-1.37,0.35));
#14575 = LINE('',#14576,#14577);
#14576 = CARTESIAN_POINT('',(0.825,-0.76,0.36));
#14577 = VECTOR('',#14578,1.);
#14578 = DIRECTION('',(0.,-0.999865654597,-1.63912402393E-02));
#14579 = ORIENTED_EDGE('',*,*,#14580,.F.);
#14580 = EDGE_CURVE('',#14581,#14573,#14583,.T.);
#14581 = VERTEX_POINT('',#14582);
#14582 = CARTESIAN_POINT('',(0.675,-1.37,0.35));
#14583 = LINE('',#14584,#14585);
#14584 = CARTESIAN_POINT('',(0.675,-1.37,0.35));
#14585 = VECTOR('',#14586,1.);
#14586 = DIRECTION('',(1.,0.,0.));
#14587 = ORIENTED_EDGE('',*,*,#14588,.F.);
#14588 = EDGE_CURVE('',#14550,#14581,#14589,.T.);
#14589 = LINE('',#14590,#14591);
#14590 = CARTESIAN_POINT('',(0.675,-0.76,0.36));
#14591 = VECTOR('',#14592,1.);
#14592 = DIRECTION('',(0.,-0.999865654597,-1.63912402393E-02));
#14593 = PLANE('',#14594);
#14594 = AXIS2_PLACEMENT_3D('',#14595,#14596,#14597);
#14595 = CARTESIAN_POINT('',(0.675,-0.76,0.36));
#14596 = DIRECTION('',(0.,1.63912402393E-02,-0.999865654597));
#14597 = DIRECTION('',(0.,-0.999865654597,-1.63912402393E-02));
#14598 = ADVANCED_FACE('',(#14599),#14615,.F.);
#14599 = FACE_BOUND('',#14600,.F.);
#14600 = EDGE_LOOP('',(#14601,#14602,#14608,#14609));
#14601 = ORIENTED_EDGE('',*,*,#14580,.T.);
#14602 = ORIENTED_EDGE('',*,*,#14603,.T.);
#14603 = EDGE_CURVE('',#14573,#13759,#14604,.T.);
#14604 = LINE('',#14605,#14606);
#14605 = CARTESIAN_POINT('',(0.825,-1.37,0.35));
#14606 = VECTOR('',#14607,1.);
#14607 = DIRECTION('',(0.,-0.894427191,-0.4472135955));
#14608 = ORIENTED_EDGE('',*,*,#13756,.F.);
#14609 = ORIENTED_EDGE('',*,*,#14610,.F.);
#14610 = EDGE_CURVE('',#14581,#13757,#14611,.T.);
#14611 = LINE('',#14612,#14613);
#14612 = CARTESIAN_POINT('',(0.675,-1.37,0.35));
#14613 = VECTOR('',#14614,1.);
#14614 = DIRECTION('',(0.,-0.894427191,-0.4472135955));
#14615 = PLANE('',#14616);
#14616 = AXIS2_PLACEMENT_3D('',#14617,#14618,#14619);
#14617 = CARTESIAN_POINT('',(0.675,-1.37,0.35));
#14618 = DIRECTION('',(0.,0.4472135955,-0.894427191));
#14619 = DIRECTION('',(0.,-0.894427191,-0.4472135955));
#14620 = ADVANCED_FACE('',(#14621),#14651,.F.);
#14621 = FACE_BOUND('',#14622,.F.);
#14622 = EDGE_LOOP('',(#14623,#14624,#14625,#14626,#14627,#14628,#14629,
    #14630,#14631,#14632,#14633,#14634,#14635,#14636,#14637,#14638,
    #14639,#14640,#14641,#14642,#14643,#14644,#14645,#14646,#14647,
    #14648,#14649,#14650));
#14623 = ORIENTED_EDGE('',*,*,#13782,.T.);
#14624 = ORIENTED_EDGE('',*,*,#13813,.T.);
#14625 = ORIENTED_EDGE('',*,*,#13844,.T.);
#14626 = ORIENTED_EDGE('',*,*,#13875,.T.);
#14627 = ORIENTED_EDGE('',*,*,#13906,.T.);
#14628 = ORIENTED_EDGE('',*,*,#13937,.T.);
#14629 = ORIENTED_EDGE('',*,*,#13968,.T.);
#14630 = ORIENTED_EDGE('',*,*,#13999,.T.);
#14631 = ORIENTED_EDGE('',*,*,#14030,.T.);
#14632 = ORIENTED_EDGE('',*,*,#14061,.T.);
#14633 = ORIENTED_EDGE('',*,*,#14092,.T.);
#14634 = ORIENTED_EDGE('',*,*,#14123,.T.);
#14635 = ORIENTED_EDGE('',*,*,#14154,.T.);
#14636 = ORIENTED_EDGE('',*,*,#14185,.T.);
#14637 = ORIENTED_EDGE('',*,*,#14216,.T.);
#14638 = ORIENTED_EDGE('',*,*,#14247,.T.);
#14639 = ORIENTED_EDGE('',*,*,#14278,.T.);
#14640 = ORIENTED_EDGE('',*,*,#14309,.T.);
#14641 = ORIENTED_EDGE('',*,*,#14340,.T.);
#14642 = ORIENTED_EDGE('',*,*,#14371,.T.);
#14643 = ORIENTED_EDGE('',*,*,#14402,.T.);
#14644 = ORIENTED_EDGE('',*,*,#14433,.T.);
#14645 = ORIENTED_EDGE('',*,*,#14464,.T.);
#14646 = ORIENTED_EDGE('',*,*,#14495,.T.);
#14647 = ORIENTED_EDGE('',*,*,#14526,.T.);
#14648 = ORIENTED_EDGE('',*,*,#14557,.T.);
#14649 = ORIENTED_EDGE('',*,*,#14588,.T.);
#14650 = ORIENTED_EDGE('',*,*,#14610,.T.);
#14651 = PLANE('',#14652);
#14652 = AXIS2_PLACEMENT_3D('',#14653,#14654,#14655);
#14653 = CARTESIAN_POINT('',(0.675,-0.200937564723,0.444942085346));
#14654 = DIRECTION('',(1.,0.,0.));
#14655 = DIRECTION('',(-0.,0.,1.));
#14656 = ADVANCED_FACE('',(#14657),#14687,.T.);
#14657 = FACE_BOUND('',#14658,.T.);
#14658 = EDGE_LOOP('',(#14659,#14660,#14661,#14662,#14663,#14664,#14665,
    #14666,#14667,#14668,#14669,#14670,#14671,#14672,#14673,#14674,
    #14675,#14676,#14677,#14678,#14679,#14680,#14681,#14682,#14683,
    #14684,#14685,#14686));
#14659 = ORIENTED_EDGE('',*,*,#13766,.T.);
#14660 = ORIENTED_EDGE('',*,*,#13797,.T.);
#14661 = ORIENTED_EDGE('',*,*,#13828,.T.);
#14662 = ORIENTED_EDGE('',*,*,#13859,.T.);
#14663 = ORIENTED_EDGE('',*,*,#13890,.T.);
#14664 = ORIENTED_EDGE('',*,*,#13921,.T.);
#14665 = ORIENTED_EDGE('',*,*,#13952,.T.);
#14666 = ORIENTED_EDGE('',*,*,#13983,.T.);
#14667 = ORIENTED_EDGE('',*,*,#14014,.T.);
#14668 = ORIENTED_EDGE('',*,*,#14045,.T.);
#14669 = ORIENTED_EDGE('',*,*,#14076,.T.);
#14670 = ORIENTED_EDGE('',*,*,#14107,.T.);
#14671 = ORIENTED_EDGE('',*,*,#14138,.T.);
#14672 = ORIENTED_EDGE('',*,*,#14169,.T.);
#14673 = ORIENTED_EDGE('',*,*,#14200,.T.);
#14674 = ORIENTED_EDGE('',*,*,#14231,.T.);
#14675 = ORIENTED_EDGE('',*,*,#14262,.T.);
#14676 = ORIENTED_EDGE('',*,*,#14293,.T.);
#14677 = ORIENTED_EDGE('',*,*,#14324,.T.);
#14678 = ORIENTED_EDGE('',*,*,#14355,.T.);
#14679 = ORIENTED_EDGE('',*,*,#14386,.T.);
#14680 = ORIENTED_EDGE('',*,*,#14417,.T.);
#14681 = ORIENTED_EDGE('',*,*,#14448,.T.);
#14682 = ORIENTED_EDGE('',*,*,#14479,.T.);
#14683 = ORIENTED_EDGE('',*,*,#14510,.T.);
#14684 = ORIENTED_EDGE('',*,*,#14541,.T.);
#14685 = ORIENTED_EDGE('',*,*,#14572,.T.);
#14686 = ORIENTED_EDGE('',*,*,#14603,.T.);
#14687 = PLANE('',#14688);
#14688 = AXIS2_PLACEMENT_3D('',#14689,#14690,#14691);
#14689 = CARTESIAN_POINT('',(0.825,-0.200937564723,0.444942085346));
#14690 = DIRECTION('',(1.,0.,0.));
#14691 = DIRECTION('',(-0.,0.,1.));
#14692 = ( GEOMETRIC_REPRESENTATION_CONTEXT(3)
GLOBAL_UNCERTAINTY_ASSIGNED_CONTEXT((#14696))
GLOBAL_UNIT_ASSIGNED_CONTEXT((#14693,#14694,#14695))
REPRESENTATION_CONTEXT('Context #1',
  '3D Context with UNIT and UNCERTAINTY') );
#14693 = ( LENGTH_UNIT() NAMED_UNIT(*) SI_UNIT(.MILLI.,.METRE.) );
#14694 = ( NAMED_UNIT(*) PLANE_ANGLE_UNIT() SI_UNIT($,.RADIAN.) );
#14695 = ( NAMED_UNIT(*) SI_UNIT($,.STERADIAN.) SOLID_ANGLE_UNIT() );
#14696 = UNCERTAINTY_MEASURE_WITH_UNIT(LENGTH_MEASURE(1.E-07),#14693,
  'distance_accuracy_value','confusion accuracy');
#14697 = CONTEXT_DEPENDENT_SHAPE_REPRESENTATION(#14698,#14700);
#14698 = ( REPRESENTATION_RELATIONSHIP('','',#13749,#10)
REPRESENTATION_RELATIONSHIP_WITH_TRANSFORMATION(#14699)
SHAPE_REPRESENTATION_RELATIONSHIP() );
#14699 = ITEM_DEFINED_TRANSFORMATION('','',#11,#51);
#14700 = PRODUCT_DEFINITION_SHAPE('Placement','Placement of an item',
  #14701);
#14701 = NEXT_ASSEMBLY_USAGE_OCCURRENCE('10','Gold_contact_08','',#5,
  #13744,$);
#14702 = PRODUCT_RELATED_PRODUCT_CATEGORY('part',$,(#13746));
#14703 = SHAPE_DEFINITION_REPRESENTATION(#14704,#14710);
#14704 = PRODUCT_DEFINITION_SHAPE('','',#14705);
#14705 = PRODUCT_DEFINITION('design','',#14706,#14709);
#14706 = PRODUCT_DEFINITION_FORMATION('','',#14707);
#14707 = PRODUCT('Gold_contact_09','Gold_contact_09','',(#14708));
#14708 = PRODUCT_CONTEXT('',#2,'mechanical');
#14709 = PRODUCT_DEFINITION_CONTEXT('part definition',#2,'design');
#14710 = ADVANCED_BREP_SHAPE_REPRESENTATION('',(#11,#14711),#15653);
#14711 = MANIFOLD_SOLID_BREP('',#14712);
#14712 = CLOSED_SHELL('',(#14713,#14753,#14784,#14815,#14846,#14877,
    #14908,#14939,#14970,#15001,#15032,#15063,#15094,#15125,#15156,
    #15187,#15218,#15249,#15280,#15311,#15342,#15373,#15404,#15435,
    #15466,#15497,#15528,#15559,#15581,#15617));
#14713 = ADVANCED_FACE('',(#14714),#14748,.F.);
#14714 = FACE_BOUND('',#14715,.F.);
#14715 = EDGE_LOOP('',(#14716,#14726,#14734,#14742));
#14716 = ORIENTED_EDGE('',*,*,#14717,.T.);
#14717 = EDGE_CURVE('',#14718,#14720,#14722,.T.);
#14718 = VERTEX_POINT('',#14719);
#14719 = CARTESIAN_POINT('',(1.175,-1.47,0.3));
#14720 = VERTEX_POINT('',#14721);
#14721 = CARTESIAN_POINT('',(1.325,-1.47,0.3));
#14722 = LINE('',#14723,#14724);
#14723 = CARTESIAN_POINT('',(1.175,-1.47,0.3));
#14724 = VECTOR('',#14725,1.);
#14725 = DIRECTION('',(1.,0.,0.));
#14726 = ORIENTED_EDGE('',*,*,#14727,.T.);
#14727 = EDGE_CURVE('',#14720,#14728,#14730,.T.);
#14728 = VERTEX_POINT('',#14729);
#14729 = CARTESIAN_POINT('',(1.325,-1.39,0.27));
#14730 = LINE('',#14731,#14732);
#14731 = CARTESIAN_POINT('',(1.325,-1.47,0.3));
#14732 = VECTOR('',#14733,1.);
#14733 = DIRECTION('',(0.,0.936329177569,-0.351123441588));
#14734 = ORIENTED_EDGE('',*,*,#14735,.F.);
#14735 = EDGE_CURVE('',#14736,#14728,#14738,.T.);
#14736 = VERTEX_POINT('',#14737);
#14737 = CARTESIAN_POINT('',(1.175,-1.39,0.27));
#14738 = LINE('',#14739,#14740);
#14739 = CARTESIAN_POINT('',(1.175,-1.39,0.27));
#14740 = VECTOR('',#14741,1.);
#14741 = DIRECTION('',(1.,0.,0.));
#14742 = ORIENTED_EDGE('',*,*,#14743,.F.);
#14743 = EDGE_CURVE('',#14718,#14736,#14744,.T.);
#14744 = LINE('',#14745,#14746);
#14745 = CARTESIAN_POINT('',(1.175,-1.47,0.3));
#14746 = VECTOR('',#14747,1.);
#14747 = DIRECTION('',(0.,0.936329177569,-0.351123441588));
#14748 = PLANE('',#14749);
#14749 = AXIS2_PLACEMENT_3D('',#14750,#14751,#14752);
#14750 = CARTESIAN_POINT('',(1.175,-1.47,0.3));
#14751 = DIRECTION('',(-0.,0.351123441588,0.936329177569));
#14752 = DIRECTION('',(0.,0.936329177569,-0.351123441588));
#14753 = ADVANCED_FACE('',(#14754),#14779,.F.);
#14754 = FACE_BOUND('',#14755,.F.);
#14755 = EDGE_LOOP('',(#14756,#14757,#14765,#14773));
#14756 = ORIENTED_EDGE('',*,*,#14735,.T.);
#14757 = ORIENTED_EDGE('',*,*,#14758,.T.);
#14758 = EDGE_CURVE('',#14728,#14759,#14761,.T.);
#14759 = VERTEX_POINT('',#14760);
#14760 = CARTESIAN_POINT('',(1.325,-0.76,0.29));
#14761 = LINE('',#14762,#14763);
#14762 = CARTESIAN_POINT('',(1.325,-1.39,0.27));
#14763 = VECTOR('',#14764,1.);
#14764 = DIRECTION('',(0.,0.999496475295,3.173004683477E-02));
#14765 = ORIENTED_EDGE('',*,*,#14766,.F.);
#14766 = EDGE_CURVE('',#14767,#14759,#14769,.T.);
#14767 = VERTEX_POINT('',#14768);
#14768 = CARTESIAN_POINT('',(1.175,-0.76,0.29));
#14769 = LINE('',#14770,#14771);
#14770 = CARTESIAN_POINT('',(1.175,-0.76,0.29));
#14771 = VECTOR('',#14772,1.);
#14772 = DIRECTION('',(1.,0.,0.));
#14773 = ORIENTED_EDGE('',*,*,#14774,.F.);
#14774 = EDGE_CURVE('',#14736,#14767,#14775,.T.);
#14775 = LINE('',#14776,#14777);
#14776 = CARTESIAN_POINT('',(1.175,-1.39,0.27));
#14777 = VECTOR('',#14778,1.);
#14778 = DIRECTION('',(0.,0.999496475295,3.173004683477E-02));
#14779 = PLANE('',#14780);
#14780 = AXIS2_PLACEMENT_3D('',#14781,#14782,#14783);
#14781 = CARTESIAN_POINT('',(1.175,-1.39,0.27));
#14782 = DIRECTION('',(0.,-3.173004683477E-02,0.999496475295));
#14783 = DIRECTION('',(0.,0.999496475295,3.173004683477E-02));
#14784 = ADVANCED_FACE('',(#14785),#14810,.F.);
#14785 = FACE_BOUND('',#14786,.F.);
#14786 = EDGE_LOOP('',(#14787,#14788,#14796,#14804));
#14787 = ORIENTED_EDGE('',*,*,#14766,.T.);
#14788 = ORIENTED_EDGE('',*,*,#14789,.T.);
#14789 = EDGE_CURVE('',#14759,#14790,#14792,.T.);
#14790 = VERTEX_POINT('',#14791);
#14791 = CARTESIAN_POINT('',(1.325,-0.48,0.34));
#14792 = LINE('',#14793,#14794);
#14793 = CARTESIAN_POINT('',(1.325,-0.76,0.29));
#14794 = VECTOR('',#14795,1.);
#14795 = DIRECTION('',(0.,0.984427575508,0.175790638484));
#14796 = ORIENTED_EDGE('',*,*,#14797,.F.);
#14797 = EDGE_CURVE('',#14798,#14790,#14800,.T.);
#14798 = VERTEX_POINT('',#14799);
#14799 = CARTESIAN_POINT('',(1.175,-0.48,0.34));
#14800 = LINE('',#14801,#14802);
#14801 = CARTESIAN_POINT('',(1.175,-0.48,0.34));
#14802 = VECTOR('',#14803,1.);
#14803 = DIRECTION('',(1.,0.,0.));
#14804 = ORIENTED_EDGE('',*,*,#14805,.F.);
#14805 = EDGE_CURVE('',#14767,#14798,#14806,.T.);
#14806 = LINE('',#14807,#14808);
#14807 = CARTESIAN_POINT('',(1.175,-0.76,0.29));
#14808 = VECTOR('',#14809,1.);
#14809 = DIRECTION('',(0.,0.984427575508,0.175790638484));
#14810 = PLANE('',#14811);
#14811 = AXIS2_PLACEMENT_3D('',#14812,#14813,#14814);
#14812 = CARTESIAN_POINT('',(1.175,-0.76,0.29));
#14813 = DIRECTION('',(0.,-0.175790638484,0.984427575508));
#14814 = DIRECTION('',(0.,0.984427575508,0.175790638484));
#14815 = ADVANCED_FACE('',(#14816),#14841,.F.);
#14816 = FACE_BOUND('',#14817,.F.);
#14817 = EDGE_LOOP('',(#14818,#14819,#14827,#14835));
#14818 = ORIENTED_EDGE('',*,*,#14797,.T.);
#14819 = ORIENTED_EDGE('',*,*,#14820,.T.);
#14820 = EDGE_CURVE('',#14790,#14821,#14823,.T.);
#14821 = VERTEX_POINT('',#14822);
#14822 = CARTESIAN_POINT('',(1.325,5.E-02,0.34));
#14823 = LINE('',#14824,#14825);
#14824 = CARTESIAN_POINT('',(1.325,-0.48,0.34));
#14825 = VECTOR('',#14826,1.);
#14826 = DIRECTION('',(0.,1.,0.));
#14827 = ORIENTED_EDGE('',*,*,#14828,.F.);
#14828 = EDGE_CURVE('',#14829,#14821,#14831,.T.);
#14829 = VERTEX_POINT('',#14830);
#14830 = CARTESIAN_POINT('',(1.175,5.E-02,0.34));
#14831 = LINE('',#14832,#14833);
#14832 = CARTESIAN_POINT('',(1.175,5.E-02,0.34));
#14833 = VECTOR('',#14834,1.);
#14834 = DIRECTION('',(1.,0.,0.));
#14835 = ORIENTED_EDGE('',*,*,#14836,.F.);
#14836 = EDGE_CURVE('',#14798,#14829,#14837,.T.);
#14837 = LINE('',#14838,#14839);
#14838 = CARTESIAN_POINT('',(1.175,-0.48,0.34));
#14839 = VECTOR('',#14840,1.);
#14840 = DIRECTION('',(0.,1.,0.));
#14841 = PLANE('',#14842);
#14842 = AXIS2_PLACEMENT_3D('',#14843,#14844,#14845);
#14843 = CARTESIAN_POINT('',(1.175,-0.48,0.34));
#14844 = DIRECTION('',(0.,0.,1.));
#14845 = DIRECTION('',(0.,1.,0.));
#14846 = ADVANCED_FACE('',(#14847),#14872,.F.);
#14847 = FACE_BOUND('',#14848,.F.);
#14848 = EDGE_LOOP('',(#14849,#14850,#14858,#14866));
#14849 = ORIENTED_EDGE('',*,*,#14828,.T.);
#14850 = ORIENTED_EDGE('',*,*,#14851,.T.);
#14851 = EDGE_CURVE('',#14821,#14852,#14854,.T.);
#14852 = VERTEX_POINT('',#14853);
#14853 = CARTESIAN_POINT('',(1.325,0.17,0.29));
#14854 = LINE('',#14855,#14856);
#14855 = CARTESIAN_POINT('',(1.325,5.E-02,0.34));
#14856 = VECTOR('',#14857,1.);
#14857 = DIRECTION('',(0.,0.923076923077,-0.384615384615));
#14858 = ORIENTED_EDGE('',*,*,#14859,.F.);
#14859 = EDGE_CURVE('',#14860,#14852,#14862,.T.);
#14860 = VERTEX_POINT('',#14861);
#14861 = CARTESIAN_POINT('',(1.175,0.17,0.29));
#14862 = LINE('',#14863,#14864);
#14863 = CARTESIAN_POINT('',(1.175,0.17,0.29));
#14864 = VECTOR('',#14865,1.);
#14865 = DIRECTION('',(1.,0.,0.));
#14866 = ORIENTED_EDGE('',*,*,#14867,.F.);
#14867 = EDGE_CURVE('',#14829,#14860,#14868,.T.);
#14868 = LINE('',#14869,#14870);
#14869 = CARTESIAN_POINT('',(1.175,5.E-02,0.34));
#14870 = VECTOR('',#14871,1.);
#14871 = DIRECTION('',(0.,0.923076923077,-0.384615384615));
#14872 = PLANE('',#14873);
#14873 = AXIS2_PLACEMENT_3D('',#14874,#14875,#14876);
#14874 = CARTESIAN_POINT('',(1.175,5.E-02,0.34));
#14875 = DIRECTION('',(-0.,0.384615384615,0.923076923077));
#14876 = DIRECTION('',(0.,0.923076923077,-0.384615384615));
#14877 = ADVANCED_FACE('',(#14878),#14903,.F.);
#14878 = FACE_BOUND('',#14879,.F.);
#14879 = EDGE_LOOP('',(#14880,#14881,#14889,#14897));
#14880 = ORIENTED_EDGE('',*,*,#14859,.T.);
#14881 = ORIENTED_EDGE('',*,*,#14882,.T.);
#14882 = EDGE_CURVE('',#14852,#14883,#14885,.T.);
#14883 = VERTEX_POINT('',#14884);
#14884 = CARTESIAN_POINT('',(1.325,0.2,0.18));
#14885 = LINE('',#14886,#14887);
#14886 = CARTESIAN_POINT('',(1.325,0.17,0.29));
#14887 = VECTOR('',#14888,1.);
#14888 = DIRECTION('',(0.,0.263117405792,-0.964763821238));
#14889 = ORIENTED_EDGE('',*,*,#14890,.F.);
#14890 = EDGE_CURVE('',#14891,#14883,#14893,.T.);
#14891 = VERTEX_POINT('',#14892);
#14892 = CARTESIAN_POINT('',(1.175,0.2,0.18));
#14893 = LINE('',#14894,#14895);
#14894 = CARTESIAN_POINT('',(1.175,0.2,0.18));
#14895 = VECTOR('',#14896,1.);
#14896 = DIRECTION('',(1.,0.,0.));
#14897 = ORIENTED_EDGE('',*,*,#14898,.F.);
#14898 = EDGE_CURVE('',#14860,#14891,#14899,.T.);
#14899 = LINE('',#14900,#14901);
#14900 = CARTESIAN_POINT('',(1.175,0.17,0.29));
#14901 = VECTOR('',#14902,1.);
#14902 = DIRECTION('',(0.,0.263117405792,-0.964763821238));
#14903 = PLANE('',#14904);
#14904 = AXIS2_PLACEMENT_3D('',#14905,#14906,#14907);
#14905 = CARTESIAN_POINT('',(1.175,0.17,0.29));
#14906 = DIRECTION('',(-0.,0.964763821238,0.263117405792));
#14907 = DIRECTION('',(0.,0.263117405792,-0.964763821238));
#14908 = ADVANCED_FACE('',(#14909),#14934,.F.);
#14909 = FACE_BOUND('',#14910,.F.);
#14910 = EDGE_LOOP('',(#14911,#14912,#14920,#14928));
#14911 = ORIENTED_EDGE('',*,*,#14890,.T.);
#14912 = ORIENTED_EDGE('',*,*,#14913,.T.);
#14913 = EDGE_CURVE('',#14883,#14914,#14916,.T.);
#14914 = VERTEX_POINT('',#14915);
#14915 = CARTESIAN_POINT('',(1.325,0.88,0.18));
#14916 = LINE('',#14917,#14918);
#14917 = CARTESIAN_POINT('',(1.325,0.2,0.18));
#14918 = VECTOR('',#14919,1.);
#14919 = DIRECTION('',(0.,1.,0.));
#14920 = ORIENTED_EDGE('',*,*,#14921,.F.);
#14921 = EDGE_CURVE('',#14922,#14914,#14924,.T.);
#14922 = VERTEX_POINT('',#14923);
#14923 = CARTESIAN_POINT('',(1.175,0.88,0.18));
#14924 = LINE('',#14925,#14926);
#14925 = CARTESIAN_POINT('',(1.175,0.88,0.18));
#14926 = VECTOR('',#14927,1.);
#14927 = DIRECTION('',(1.,0.,0.));
#14928 = ORIENTED_EDGE('',*,*,#14929,.F.);
#14929 = EDGE_CURVE('',#14891,#14922,#14930,.T.);
#14930 = LINE('',#14931,#14932);
#14931 = CARTESIAN_POINT('',(1.175,0.2,0.18));
#14932 = VECTOR('',#14933,1.);
#14933 = DIRECTION('',(0.,1.,0.));
#14934 = PLANE('',#14935);
#14935 = AXIS2_PLACEMENT_3D('',#14936,#14937,#14938);
#14936 = CARTESIAN_POINT('',(1.175,0.2,0.18));
#14937 = DIRECTION('',(0.,0.,1.));
#14938 = DIRECTION('',(0.,1.,0.));
#14939 = ADVANCED_FACE('',(#14940),#14965,.F.);
#14940 = FACE_BOUND('',#14941,.F.);
#14941 = EDGE_LOOP('',(#14942,#14943,#14951,#14959));
#14942 = ORIENTED_EDGE('',*,*,#14921,.T.);
#14943 = ORIENTED_EDGE('',*,*,#14944,.T.);
#14944 = EDGE_CURVE('',#14914,#14945,#14947,.T.);
#14945 = VERTEX_POINT('',#14946);
#14946 = CARTESIAN_POINT('',(1.325,0.99,2.E-02));
#14947 = LINE('',#14948,#14949);
#14948 = CARTESIAN_POINT('',(1.325,0.88,0.18));
#14949 = VECTOR('',#14950,1.);
#14950 = DIRECTION('',(0.,0.566528822887,-0.824041924199));
#14951 = ORIENTED_EDGE('',*,*,#14952,.F.);
#14952 = EDGE_CURVE('',#14953,#14945,#14955,.T.);
#14953 = VERTEX_POINT('',#14954);
#14954 = CARTESIAN_POINT('',(1.175,0.99,2.E-02));
#14955 = LINE('',#14956,#14957);
#14956 = CARTESIAN_POINT('',(1.175,0.99,2.E-02));
#14957 = VECTOR('',#14958,1.);
#14958 = DIRECTION('',(1.,0.,0.));
#14959 = ORIENTED_EDGE('',*,*,#14960,.F.);
#14960 = EDGE_CURVE('',#14922,#14953,#14961,.T.);
#14961 = LINE('',#14962,#14963);
#14962 = CARTESIAN_POINT('',(1.175,0.88,0.18));
#14963 = VECTOR('',#14964,1.);
#14964 = DIRECTION('',(0.,0.566528822887,-0.824041924199));
#14965 = PLANE('',#14966);
#14966 = AXIS2_PLACEMENT_3D('',#14967,#14968,#14969);
#14967 = CARTESIAN_POINT('',(1.175,0.88,0.18));
#14968 = DIRECTION('',(-0.,0.824041924199,0.566528822887));
#14969 = DIRECTION('',(0.,0.566528822887,-0.824041924199));
#14970 = ADVANCED_FACE('',(#14971),#14996,.F.);
#14971 = FACE_BOUND('',#14972,.F.);
#14972 = EDGE_LOOP('',(#14973,#14974,#14982,#14990));
#14973 = ORIENTED_EDGE('',*,*,#14952,.T.);
#14974 = ORIENTED_EDGE('',*,*,#14975,.T.);
#14975 = EDGE_CURVE('',#14945,#14976,#14978,.T.);
#14976 = VERTEX_POINT('',#14977);
#14977 = CARTESIAN_POINT('',(1.325,1.38,0.));
#14978 = LINE('',#14979,#14980);
#14979 = CARTESIAN_POINT('',(1.325,0.99,2.E-02));
#14980 = VECTOR('',#14981,1.);
#14981 = DIRECTION('',(0.,0.998687663477,-5.121475197316E-02));
#14982 = ORIENTED_EDGE('',*,*,#14983,.F.);
#14983 = EDGE_CURVE('',#14984,#14976,#14986,.T.);
#14984 = VERTEX_POINT('',#14985);
#14985 = CARTESIAN_POINT('',(1.175,1.38,0.));
#14986 = LINE('',#14987,#14988);
#14987 = CARTESIAN_POINT('',(1.175,1.38,0.));
#14988 = VECTOR('',#14989,1.);
#14989 = DIRECTION('',(1.,0.,0.));
#14990 = ORIENTED_EDGE('',*,*,#14991,.F.);
#14991 = EDGE_CURVE('',#14953,#14984,#14992,.T.);
#14992 = LINE('',#14993,#14994);
#14993 = CARTESIAN_POINT('',(1.175,0.99,2.E-02));
#14994 = VECTOR('',#14995,1.);
#14995 = DIRECTION('',(0.,0.998687663477,-5.121475197316E-02));
#14996 = PLANE('',#14997);
#14997 = AXIS2_PLACEMENT_3D('',#14998,#14999,#15000);
#14998 = CARTESIAN_POINT('',(1.175,0.99,2.E-02));
#14999 = DIRECTION('',(-0.,5.121475197316E-02,0.998687663477));
#15000 = DIRECTION('',(0.,0.998687663477,-5.121475197316E-02));
#15001 = ADVANCED_FACE('',(#15002),#15027,.F.);
#15002 = FACE_BOUND('',#15003,.F.);
#15003 = EDGE_LOOP('',(#15004,#15005,#15013,#15021));
#15004 = ORIENTED_EDGE('',*,*,#14983,.T.);
#15005 = ORIENTED_EDGE('',*,*,#15006,.T.);
#15006 = EDGE_CURVE('',#14976,#15007,#15009,.T.);
#15007 = VERTEX_POINT('',#15008);
#15008 = CARTESIAN_POINT('',(1.325,1.38,8.E-02));
#15009 = LINE('',#15010,#15011);
#15010 = CARTESIAN_POINT('',(1.325,1.38,0.));
#15011 = VECTOR('',#15012,1.);
#15012 = DIRECTION('',(0.,0.,1.));
#15013 = ORIENTED_EDGE('',*,*,#15014,.F.);
#15014 = EDGE_CURVE('',#15015,#15007,#15017,.T.);
#15015 = VERTEX_POINT('',#15016);
#15016 = CARTESIAN_POINT('',(1.175,1.38,8.E-02));
#15017 = LINE('',#15018,#15019);
#15018 = CARTESIAN_POINT('',(1.175,1.38,8.E-02));
#15019 = VECTOR('',#15020,1.);
#15020 = DIRECTION('',(1.,0.,0.));
#15021 = ORIENTED_EDGE('',*,*,#15022,.F.);
#15022 = EDGE_CURVE('',#14984,#15015,#15023,.T.);
#15023 = LINE('',#15024,#15025);
#15024 = CARTESIAN_POINT('',(1.175,1.38,0.));
#15025 = VECTOR('',#15026,1.);
#15026 = DIRECTION('',(0.,0.,1.));
#15027 = PLANE('',#15028);
#15028 = AXIS2_PLACEMENT_3D('',#15029,#15030,#15031);
#15029 = CARTESIAN_POINT('',(1.175,1.38,0.));
#15030 = DIRECTION('',(0.,-1.,0.));
#15031 = DIRECTION('',(0.,0.,1.));
#15032 = ADVANCED_FACE('',(#15033),#15058,.F.);
#15033 = FACE_BOUND('',#15034,.F.);
#15034 = EDGE_LOOP('',(#15035,#15036,#15044,#15052));
#15035 = ORIENTED_EDGE('',*,*,#15014,.T.);
#15036 = ORIENTED_EDGE('',*,*,#15037,.T.);
#15037 = EDGE_CURVE('',#15007,#15038,#15040,.T.);
#15038 = VERTEX_POINT('',#15039);
#15039 = CARTESIAN_POINT('',(1.325,1.05,0.1));
#15040 = LINE('',#15041,#15042);
#15041 = CARTESIAN_POINT('',(1.325,1.38,8.E-02));
#15042 = VECTOR('',#15043,1.);
#15043 = DIRECTION('',(0.,-0.998168496631,6.049506040189E-02));
#15044 = ORIENTED_EDGE('',*,*,#15045,.F.);
#15045 = EDGE_CURVE('',#15046,#15038,#15048,.T.);
#15046 = VERTEX_POINT('',#15047);
#15047 = CARTESIAN_POINT('',(1.175,1.05,0.1));
#15048 = LINE('',#15049,#15050);
#15049 = CARTESIAN_POINT('',(1.175,1.05,0.1));
#15050 = VECTOR('',#15051,1.);
#15051 = DIRECTION('',(1.,0.,0.));
#15052 = ORIENTED_EDGE('',*,*,#15053,.F.);
#15053 = EDGE_CURVE('',#15015,#15046,#15054,.T.);
#15054 = LINE('',#15055,#15056);
#15055 = CARTESIAN_POINT('',(1.175,1.38,8.E-02));
#15056 = VECTOR('',#15057,1.);
#15057 = DIRECTION('',(0.,-0.998168496631,6.049506040189E-02));
#15058 = PLANE('',#15059);
#15059 = AXIS2_PLACEMENT_3D('',#15060,#15061,#15062);
#15060 = CARTESIAN_POINT('',(1.175,1.38,8.E-02));
#15061 = DIRECTION('',(0.,-6.049506040189E-02,-0.998168496631));
#15062 = DIRECTION('',(0.,-0.998168496631,6.049506040189E-02));
#15063 = ADVANCED_FACE('',(#15064),#15089,.F.);
#15064 = FACE_BOUND('',#15065,.F.);
#15065 = EDGE_LOOP('',(#15066,#15067,#15075,#15083));
#15066 = ORIENTED_EDGE('',*,*,#15045,.T.);
#15067 = ORIENTED_EDGE('',*,*,#15068,.T.);
#15068 = EDGE_CURVE('',#15038,#15069,#15071,.T.);
#15069 = VERTEX_POINT('',#15070);
#15070 = CARTESIAN_POINT('',(1.325,0.97,0.26));
#15071 = LINE('',#15072,#15073);
#15072 = CARTESIAN_POINT('',(1.325,1.05,0.1));
#15073 = VECTOR('',#15074,1.);
#15074 = DIRECTION('',(0.,-0.4472135955,0.894427191));
#15075 = ORIENTED_EDGE('',*,*,#15076,.F.);
#15076 = EDGE_CURVE('',#15077,#15069,#15079,.T.);
#15077 = VERTEX_POINT('',#15078);
#15078 = CARTESIAN_POINT('',(1.175,0.97,0.26));
#15079 = LINE('',#15080,#15081);
#15080 = CARTESIAN_POINT('',(1.175,0.97,0.26));
#15081 = VECTOR('',#15082,1.);
#15082 = DIRECTION('',(1.,0.,0.));
#15083 = ORIENTED_EDGE('',*,*,#15084,.F.);
#15084 = EDGE_CURVE('',#15046,#15077,#15085,.T.);
#15085 = LINE('',#15086,#15087);
#15086 = CARTESIAN_POINT('',(1.175,1.05,0.1));
#15087 = VECTOR('',#15088,1.);
#15088 = DIRECTION('',(0.,-0.4472135955,0.894427191));
#15089 = PLANE('',#15090);
#15090 = AXIS2_PLACEMENT_3D('',#15091,#15092,#15093);
#15091 = CARTESIAN_POINT('',(1.175,1.05,0.1));
#15092 = DIRECTION('',(0.,-0.894427191,-0.4472135955));
#15093 = DIRECTION('',(0.,-0.4472135955,0.894427191));
#15094 = ADVANCED_FACE('',(#15095),#15120,.F.);
#15095 = FACE_BOUND('',#15096,.F.);
#15096 = EDGE_LOOP('',(#15097,#15098,#15106,#15114));
#15097 = ORIENTED_EDGE('',*,*,#15076,.T.);
#15098 = ORIENTED_EDGE('',*,*,#15099,.T.);
#15099 = EDGE_CURVE('',#15069,#15100,#15102,.T.);
#15100 = VERTEX_POINT('',#15101);
#15101 = CARTESIAN_POINT('',(1.325,0.28,0.26));
#15102 = LINE('',#15103,#15104);
#15103 = CARTESIAN_POINT('',(1.325,0.97,0.26));
#15104 = VECTOR('',#15105,1.);
#15105 = DIRECTION('',(0.,-1.,0.));
#15106 = ORIENTED_EDGE('',*,*,#15107,.F.);
#15107 = EDGE_CURVE('',#15108,#15100,#15110,.T.);
#15108 = VERTEX_POINT('',#15109);
#15109 = CARTESIAN_POINT('',(1.175,0.28,0.26));
#15110 = LINE('',#15111,#15112);
#15111 = CARTESIAN_POINT('',(1.175,0.28,0.26));
#15112 = VECTOR('',#15113,1.);
#15113 = DIRECTION('',(1.,0.,0.));
#15114 = ORIENTED_EDGE('',*,*,#15115,.F.);
#15115 = EDGE_CURVE('',#15077,#15108,#15116,.T.);
#15116 = LINE('',#15117,#15118);
#15117 = CARTESIAN_POINT('',(1.175,0.97,0.26));
#15118 = VECTOR('',#15119,1.);
#15119 = DIRECTION('',(0.,-1.,0.));
#15120 = PLANE('',#15121);
#15121 = AXIS2_PLACEMENT_3D('',#15122,#15123,#15124);
#15122 = CARTESIAN_POINT('',(1.175,0.97,0.26));
#15123 = DIRECTION('',(0.,0.,-1.));
#15124 = DIRECTION('',(0.,-1.,0.));
#15125 = ADVANCED_FACE('',(#15126),#15151,.F.);
#15126 = FACE_BOUND('',#15127,.F.);
#15127 = EDGE_LOOP('',(#15128,#15129,#15137,#15145));
#15128 = ORIENTED_EDGE('',*,*,#15107,.T.);
#15129 = ORIENTED_EDGE('',*,*,#15130,.T.);
#15130 = EDGE_CURVE('',#15100,#15131,#15133,.T.);
#15131 = VERTEX_POINT('',#15132);
#15132 = CARTESIAN_POINT('',(1.325,0.22,0.42));
#15133 = LINE('',#15134,#15135);
#15134 = CARTESIAN_POINT('',(1.325,0.28,0.26));
#15135 = VECTOR('',#15136,1.);
#15136 = DIRECTION('',(0.,-0.351123441588,0.936329177569));
#15137 = ORIENTED_EDGE('',*,*,#15138,.F.);
#15138 = EDGE_CURVE('',#15139,#15131,#15141,.T.);
#15139 = VERTEX_POINT('',#15140);
#15140 = CARTESIAN_POINT('',(1.175,0.22,0.42));
#15141 = LINE('',#15142,#15143);
#15142 = CARTESIAN_POINT('',(1.175,0.22,0.42));
#15143 = VECTOR('',#15144,1.);
#15144 = DIRECTION('',(1.,0.,0.));
#15145 = ORIENTED_EDGE('',*,*,#15146,.F.);
#15146 = EDGE_CURVE('',#15108,#15139,#15147,.T.);
#15147 = LINE('',#15148,#15149);
#15148 = CARTESIAN_POINT('',(1.175,0.28,0.26));
#15149 = VECTOR('',#15150,1.);
#15150 = DIRECTION('',(0.,-0.351123441588,0.936329177569));
#15151 = PLANE('',#15152);
#15152 = AXIS2_PLACEMENT_3D('',#15153,#15154,#15155);
#15153 = CARTESIAN_POINT('',(1.175,0.28,0.26));
#15154 = DIRECTION('',(0.,-0.936329177569,-0.351123441588));
#15155 = DIRECTION('',(0.,-0.351123441588,0.936329177569));
#15156 = ADVANCED_FACE('',(#15157),#15182,.F.);
#15157 = FACE_BOUND('',#15158,.F.);
#15158 = EDGE_LOOP('',(#15159,#15160,#15168,#15176));
#15159 = ORIENTED_EDGE('',*,*,#15138,.T.);
#15160 = ORIENTED_EDGE('',*,*,#15161,.T.);
#15161 = EDGE_CURVE('',#15131,#15162,#15164,.T.);
#15162 = VERTEX_POINT('',#15163);
#15163 = CARTESIAN_POINT('',(1.325,0.22,0.78));
#15164 = LINE('',#15165,#15166);
#15165 = CARTESIAN_POINT('',(1.325,0.22,0.42));
#15166 = VECTOR('',#15167,1.);
#15167 = DIRECTION('',(0.,0.,1.));
#15168 = ORIENTED_EDGE('',*,*,#15169,.F.);
#15169 = EDGE_CURVE('',#15170,#15162,#15172,.T.);
#15170 = VERTEX_POINT('',#15171);
#15171 = CARTESIAN_POINT('',(1.175,0.22,0.78));
#15172 = LINE('',#15173,#15174);
#15173 = CARTESIAN_POINT('',(1.175,0.22,0.78));
#15174 = VECTOR('',#15175,1.);
#15175 = DIRECTION('',(1.,0.,0.));
#15176 = ORIENTED_EDGE('',*,*,#15177,.F.);
#15177 = EDGE_CURVE('',#15139,#15170,#15178,.T.);
#15178 = LINE('',#15179,#15180);
#15179 = CARTESIAN_POINT('',(1.175,0.22,0.42));
#15180 = VECTOR('',#15181,1.);
#15181 = DIRECTION('',(0.,0.,1.));
#15182 = PLANE('',#15183);
#15183 = AXIS2_PLACEMENT_3D('',#15184,#15185,#15186);
#15184 = CARTESIAN_POINT('',(1.175,0.22,0.42));
#15185 = DIRECTION('',(0.,-1.,0.));
#15186 = DIRECTION('',(0.,0.,1.));
#15187 = ADVANCED_FACE('',(#15188),#15213,.F.);
#15188 = FACE_BOUND('',#15189,.F.);
#15189 = EDGE_LOOP('',(#15190,#15191,#15199,#15207));
#15190 = ORIENTED_EDGE('',*,*,#15169,.T.);
#15191 = ORIENTED_EDGE('',*,*,#15192,.T.);
#15192 = EDGE_CURVE('',#15162,#15193,#15195,.T.);
#15193 = VERTEX_POINT('',#15194);
#15194 = CARTESIAN_POINT('',(1.325,6.E-02,0.84));
#15195 = LINE('',#15196,#15197);
#15196 = CARTESIAN_POINT('',(1.325,0.22,0.78));
#15197 = VECTOR('',#15198,1.);
#15198 = DIRECTION('',(0.,-0.936329177569,0.351123441588));
#15199 = ORIENTED_EDGE('',*,*,#15200,.F.);
#15200 = EDGE_CURVE('',#15201,#15193,#15203,.T.);
#15201 = VERTEX_POINT('',#15202);
#15202 = CARTESIAN_POINT('',(1.175,6.E-02,0.84));
#15203 = LINE('',#15204,#15205);
#15204 = CARTESIAN_POINT('',(1.175,6.E-02,0.84));
#15205 = VECTOR('',#15206,1.);
#15206 = DIRECTION('',(1.,0.,0.));
#15207 = ORIENTED_EDGE('',*,*,#15208,.F.);
#15208 = EDGE_CURVE('',#15170,#15201,#15209,.T.);
#15209 = LINE('',#15210,#15211);
#15210 = CARTESIAN_POINT('',(1.175,0.22,0.78));
#15211 = VECTOR('',#15212,1.);
#15212 = DIRECTION('',(0.,-0.936329177569,0.351123441588));
#15213 = PLANE('',#15214);
#15214 = AXIS2_PLACEMENT_3D('',#15215,#15216,#15217);
#15215 = CARTESIAN_POINT('',(1.175,0.22,0.78));
#15216 = DIRECTION('',(0.,-0.351123441588,-0.936329177569));
#15217 = DIRECTION('',(0.,-0.936329177569,0.351123441588));
#15218 = ADVANCED_FACE('',(#15219),#15244,.F.);
#15219 = FACE_BOUND('',#15220,.F.);
#15220 = EDGE_LOOP('',(#15221,#15222,#15230,#15238));
#15221 = ORIENTED_EDGE('',*,*,#15200,.T.);
#15222 = ORIENTED_EDGE('',*,*,#15223,.T.);
#15223 = EDGE_CURVE('',#15193,#15224,#15226,.T.);
#15224 = VERTEX_POINT('',#15225);
#15225 = CARTESIAN_POINT('',(1.325,-0.3,0.82));
#15226 = LINE('',#15227,#15228);
#15227 = CARTESIAN_POINT('',(1.325,6.E-02,0.84));
#15228 = VECTOR('',#15229,1.);
#15229 = DIRECTION('',(0.,-0.998460353205,-5.547001962252E-02));
#15230 = ORIENTED_EDGE('',*,*,#15231,.F.);
#15231 = EDGE_CURVE('',#15232,#15224,#15234,.T.);
#15232 = VERTEX_POINT('',#15233);
#15233 = CARTESIAN_POINT('',(1.175,-0.3,0.82));
#15234 = LINE('',#15235,#15236);
#15235 = CARTESIAN_POINT('',(1.175,-0.3,0.82));
#15236 = VECTOR('',#15237,1.);
#15237 = DIRECTION('',(1.,0.,0.));
#15238 = ORIENTED_EDGE('',*,*,#15239,.F.);
#15239 = EDGE_CURVE('',#15201,#15232,#15240,.T.);
#15240 = LINE('',#15241,#15242);
#15241 = CARTESIAN_POINT('',(1.175,6.E-02,0.84));
#15242 = VECTOR('',#15243,1.);
#15243 = DIRECTION('',(0.,-0.998460353205,-5.547001962252E-02));
#15244 = PLANE('',#15245);
#15245 = AXIS2_PLACEMENT_3D('',#15246,#15247,#15248);
#15246 = CARTESIAN_POINT('',(1.175,6.E-02,0.84));
#15247 = DIRECTION('',(0.,5.547001962252E-02,-0.998460353205));
#15248 = DIRECTION('',(0.,-0.998460353205,-5.547001962252E-02));
#15249 = ADVANCED_FACE('',(#15250),#15275,.F.);
#15250 = FACE_BOUND('',#15251,.F.);
#15251 = EDGE_LOOP('',(#15252,#15253,#15261,#15269));
#15252 = ORIENTED_EDGE('',*,*,#15231,.T.);
#15253 = ORIENTED_EDGE('',*,*,#15254,.T.);
#15254 = EDGE_CURVE('',#15224,#15255,#15257,.T.);
#15255 = VERTEX_POINT('',#15256);
#15256 = CARTESIAN_POINT('',(1.325,-1.39,0.72));
#15257 = LINE('',#15258,#15259);
#15258 = CARTESIAN_POINT('',(1.325,-0.3,0.82));
#15259 = VECTOR('',#15260,1.);
#15260 = DIRECTION('',(0.,-0.995817981008,-9.135944779885E-02));
#15261 = ORIENTED_EDGE('',*,*,#15262,.F.);
#15262 = EDGE_CURVE('',#15263,#15255,#15265,.T.);
#15263 = VERTEX_POINT('',#15264);
#15264 = CARTESIAN_POINT('',(1.175,-1.39,0.72));
#15265 = LINE('',#15266,#15267);
#15266 = CARTESIAN_POINT('',(1.175,-1.39,0.72));
#15267 = VECTOR('',#15268,1.);
#15268 = DIRECTION('',(1.,0.,0.));
#15269 = ORIENTED_EDGE('',*,*,#15270,.F.);
#15270 = EDGE_CURVE('',#15232,#15263,#15271,.T.);
#15271 = LINE('',#15272,#15273);
#15272 = CARTESIAN_POINT('',(1.175,-0.3,0.82));
#15273 = VECTOR('',#15274,1.);
#15274 = DIRECTION('',(0.,-0.995817981008,-9.135944779885E-02));
#15275 = PLANE('',#15276);
#15276 = AXIS2_PLACEMENT_3D('',#15277,#15278,#15279);
#15277 = CARTESIAN_POINT('',(1.175,-0.3,0.82));
#15278 = DIRECTION('',(0.,9.135944779885E-02,-0.995817981008));
#15279 = DIRECTION('',(0.,-0.995817981008,-9.135944779885E-02));
#15280 = ADVANCED_FACE('',(#15281),#15306,.F.);
#15281 = FACE_BOUND('',#15282,.F.);
#15282 = EDGE_LOOP('',(#15283,#15284,#15292,#15300));
#15283 = ORIENTED_EDGE('',*,*,#15262,.T.);
#15284 = ORIENTED_EDGE('',*,*,#15285,.T.);
#15285 = EDGE_CURVE('',#15255,#15286,#15288,.T.);
#15286 = VERTEX_POINT('',#15287);
#15287 = CARTESIAN_POINT('',(1.325,-1.47,0.68));
#15288 = LINE('',#15289,#15290);
#15289 = CARTESIAN_POINT('',(1.325,-1.39,0.72));
#15290 = VECTOR('',#15291,1.);
#15291 = DIRECTION('',(0.,-0.894427191,-0.4472135955));
#15292 = ORIENTED_EDGE('',*,*,#15293,.F.);
#15293 = EDGE_CURVE('',#15294,#15286,#15296,.T.);
#15294 = VERTEX_POINT('',#15295);
#15295 = CARTESIAN_POINT('',(1.175,-1.47,0.68));
#15296 = LINE('',#15297,#15298);
#15297 = CARTESIAN_POINT('',(1.175,-1.47,0.68));
#15298 = VECTOR('',#15299,1.);
#15299 = DIRECTION('',(1.,0.,0.));
#15300 = ORIENTED_EDGE('',*,*,#15301,.F.);
#15301 = EDGE_CURVE('',#15263,#15294,#15302,.T.);
#15302 = LINE('',#15303,#15304);
#15303 = CARTESIAN_POINT('',(1.175,-1.39,0.72));
#15304 = VECTOR('',#15305,1.);
#15305 = DIRECTION('',(0.,-0.894427191,-0.4472135955));
#15306 = PLANE('',#15307);
#15307 = AXIS2_PLACEMENT_3D('',#15308,#15309,#15310);
#15308 = CARTESIAN_POINT('',(1.175,-1.39,0.72));
#15309 = DIRECTION('',(0.,0.4472135955,-0.894427191));
#15310 = DIRECTION('',(0.,-0.894427191,-0.4472135955));
#15311 = ADVANCED_FACE('',(#15312),#15337,.F.);
#15312 = FACE_BOUND('',#15313,.F.);
#15313 = EDGE_LOOP('',(#15314,#15315,#15323,#15331));
#15314 = ORIENTED_EDGE('',*,*,#15293,.T.);
#15315 = ORIENTED_EDGE('',*,*,#15316,.T.);
#15316 = EDGE_CURVE('',#15286,#15317,#15319,.T.);
#15317 = VERTEX_POINT('',#15318);
#15318 = CARTESIAN_POINT('',(1.325,-1.41,0.63));
#15319 = LINE('',#15320,#15321);
#15320 = CARTESIAN_POINT('',(1.325,-1.47,0.68));
#15321 = VECTOR('',#15322,1.);
#15322 = DIRECTION('',(0.,0.768221279597,-0.640184399664));
#15323 = ORIENTED_EDGE('',*,*,#15324,.F.);
#15324 = EDGE_CURVE('',#15325,#15317,#15327,.T.);
#15325 = VERTEX_POINT('',#15326);
#15326 = CARTESIAN_POINT('',(1.175,-1.41,0.63));
#15327 = LINE('',#15328,#15329);
#15328 = CARTESIAN_POINT('',(1.175,-1.41,0.63));
#15329 = VECTOR('',#15330,1.);
#15330 = DIRECTION('',(1.,0.,0.));
#15331 = ORIENTED_EDGE('',*,*,#15332,.F.);
#15332 = EDGE_CURVE('',#15294,#15325,#15333,.T.);
#15333 = LINE('',#15334,#15335);
#15334 = CARTESIAN_POINT('',(1.175,-1.47,0.68));
#15335 = VECTOR('',#15336,1.);
#15336 = DIRECTION('',(0.,0.768221279597,-0.640184399664));
#15337 = PLANE('',#15338);
#15338 = AXIS2_PLACEMENT_3D('',#15339,#15340,#15341);
#15339 = CARTESIAN_POINT('',(1.175,-1.47,0.68));
#15340 = DIRECTION('',(-0.,0.640184399664,0.768221279597));
#15341 = DIRECTION('',(0.,0.768221279597,-0.640184399664));
#15342 = ADVANCED_FACE('',(#15343),#15368,.F.);
#15343 = FACE_BOUND('',#15344,.F.);
#15344 = EDGE_LOOP('',(#15345,#15346,#15354,#15362));
#15345 = ORIENTED_EDGE('',*,*,#15324,.T.);
#15346 = ORIENTED_EDGE('',*,*,#15347,.T.);
#15347 = EDGE_CURVE('',#15317,#15348,#15350,.T.);
#15348 = VERTEX_POINT('',#15349);
#15349 = CARTESIAN_POINT('',(1.325,-1.3,0.65));
#15350 = LINE('',#15351,#15352);
#15351 = CARTESIAN_POINT('',(1.325,-1.41,0.63));
#15352 = VECTOR('',#15353,1.);
#15353 = DIRECTION('',(0.,0.9838699101,0.1788854382));
#15354 = ORIENTED_EDGE('',*,*,#15355,.F.);
#15355 = EDGE_CURVE('',#15356,#15348,#15358,.T.);
#15356 = VERTEX_POINT('',#15357);
#15357 = CARTESIAN_POINT('',(1.175,-1.3,0.65));
#15358 = LINE('',#15359,#15360);
#15359 = CARTESIAN_POINT('',(1.175,-1.3,0.65));
#15360 = VECTOR('',#15361,1.);
#15361 = DIRECTION('',(1.,0.,0.));
#15362 = ORIENTED_EDGE('',*,*,#15363,.F.);
#15363 = EDGE_CURVE('',#15325,#15356,#15364,.T.);
#15364 = LINE('',#15365,#15366);
#15365 = CARTESIAN_POINT('',(1.175,-1.41,0.63));
#15366 = VECTOR('',#15367,1.);
#15367 = DIRECTION('',(0.,0.9838699101,0.1788854382));
#15368 = PLANE('',#15369);
#15369 = AXIS2_PLACEMENT_3D('',#15370,#15371,#15372);
#15370 = CARTESIAN_POINT('',(1.175,-1.41,0.63));
#15371 = DIRECTION('',(0.,-0.1788854382,0.9838699101));
#15372 = DIRECTION('',(0.,0.9838699101,0.1788854382));
#15373 = ADVANCED_FACE('',(#15374),#15399,.F.);
#15374 = FACE_BOUND('',#15375,.F.);
#15375 = EDGE_LOOP('',(#15376,#15377,#15385,#15393));
#15376 = ORIENTED_EDGE('',*,*,#15355,.T.);
#15377 = ORIENTED_EDGE('',*,*,#15378,.T.);
#15378 = EDGE_CURVE('',#15348,#15379,#15381,.T.);
#15379 = VERTEX_POINT('',#15380);
#15380 = CARTESIAN_POINT('',(1.325,-0.28,0.75));
#15381 = LINE('',#15382,#15383);
#15382 = CARTESIAN_POINT('',(1.325,-1.3,0.65));
#15383 = VECTOR('',#15384,1.);
#15384 = DIRECTION('',(0.,0.99522852512,9.757142403137E-02));
#15385 = ORIENTED_EDGE('',*,*,#15386,.F.);
#15386 = EDGE_CURVE('',#15387,#15379,#15389,.T.);
#15387 = VERTEX_POINT('',#15388);
#15388 = CARTESIAN_POINT('',(1.175,-0.28,0.75));
#15389 = LINE('',#15390,#15391);
#15390 = CARTESIAN_POINT('',(1.175,-0.28,0.75));
#15391 = VECTOR('',#15392,1.);
#15392 = DIRECTION('',(1.,0.,0.));
#15393 = ORIENTED_EDGE('',*,*,#15394,.F.);
#15394 = EDGE_CURVE('',#15356,#15387,#15395,.T.);
#15395 = LINE('',#15396,#15397);
#15396 = CARTESIAN_POINT('',(1.175,-1.3,0.65));
#15397 = VECTOR('',#15398,1.);
#15398 = DIRECTION('',(0.,0.99522852512,9.757142403137E-02));
#15399 = PLANE('',#15400);
#15400 = AXIS2_PLACEMENT_3D('',#15401,#15402,#15403);
#15401 = CARTESIAN_POINT('',(1.175,-1.3,0.65));
#15402 = DIRECTION('',(0.,-9.757142403137E-02,0.99522852512));
#15403 = DIRECTION('',(0.,0.99522852512,9.757142403137E-02));
#15404 = ADVANCED_FACE('',(#15405),#15430,.F.);
#15405 = FACE_BOUND('',#15406,.F.);
#15406 = EDGE_LOOP('',(#15407,#15408,#15416,#15424));
#15407 = ORIENTED_EDGE('',*,*,#15386,.T.);
#15408 = ORIENTED_EDGE('',*,*,#15409,.T.);
#15409 = EDGE_CURVE('',#15379,#15410,#15412,.T.);
#15410 = VERTEX_POINT('',#15411);
#15411 = CARTESIAN_POINT('',(1.325,0.12,0.75));
#15412 = LINE('',#15413,#15414);
#15413 = CARTESIAN_POINT('',(1.325,-0.28,0.75));
#15414 = VECTOR('',#15415,1.);
#15415 = DIRECTION('',(0.,1.,0.));
#15416 = ORIENTED_EDGE('',*,*,#15417,.F.);
#15417 = EDGE_CURVE('',#15418,#15410,#15420,.T.);
#15418 = VERTEX_POINT('',#15419);
#15419 = CARTESIAN_POINT('',(1.175,0.12,0.75));
#15420 = LINE('',#15421,#15422);
#15421 = CARTESIAN_POINT('',(1.175,0.12,0.75));
#15422 = VECTOR('',#15423,1.);
#15423 = DIRECTION('',(1.,0.,0.));
#15424 = ORIENTED_EDGE('',*,*,#15425,.F.);
#15425 = EDGE_CURVE('',#15387,#15418,#15426,.T.);
#15426 = LINE('',#15427,#15428);
#15427 = CARTESIAN_POINT('',(1.175,-0.28,0.75));
#15428 = VECTOR('',#15429,1.);
#15429 = DIRECTION('',(0.,1.,0.));
#15430 = PLANE('',#15431);
#15431 = AXIS2_PLACEMENT_3D('',#15432,#15433,#15434);
#15432 = CARTESIAN_POINT('',(1.175,-0.28,0.75));
#15433 = DIRECTION('',(0.,0.,1.));
#15434 = DIRECTION('',(0.,1.,0.));
#15435 = ADVANCED_FACE('',(#15436),#15461,.F.);
#15436 = FACE_BOUND('',#15437,.F.);
#15437 = EDGE_LOOP('',(#15438,#15439,#15447,#15455));
#15438 = ORIENTED_EDGE('',*,*,#15417,.T.);
#15439 = ORIENTED_EDGE('',*,*,#15440,.T.);
#15440 = EDGE_CURVE('',#15410,#15441,#15443,.T.);
#15441 = VERTEX_POINT('',#15442);
#15442 = CARTESIAN_POINT('',(1.325,0.12,0.43));
#15443 = LINE('',#15444,#15445);
#15444 = CARTESIAN_POINT('',(1.325,0.12,0.75));
#15445 = VECTOR('',#15446,1.);
#15446 = DIRECTION('',(0.,0.,-1.));
#15447 = ORIENTED_EDGE('',*,*,#15448,.F.);
#15448 = EDGE_CURVE('',#15449,#15441,#15451,.T.);
#15449 = VERTEX_POINT('',#15450);
#15450 = CARTESIAN_POINT('',(1.175,0.12,0.43));
#15451 = LINE('',#15452,#15453);
#15452 = CARTESIAN_POINT('',(1.175,0.12,0.43));
#15453 = VECTOR('',#15454,1.);
#15454 = DIRECTION('',(1.,0.,0.));
#15455 = ORIENTED_EDGE('',*,*,#15456,.F.);
#15456 = EDGE_CURVE('',#15418,#15449,#15457,.T.);
#15457 = LINE('',#15458,#15459);
#15458 = CARTESIAN_POINT('',(1.175,0.12,0.75));
#15459 = VECTOR('',#15460,1.);
#15460 = DIRECTION('',(0.,0.,-1.));
#15461 = PLANE('',#15462);
#15462 = AXIS2_PLACEMENT_3D('',#15463,#15464,#15465);
#15463 = CARTESIAN_POINT('',(1.175,0.12,0.75));
#15464 = DIRECTION('',(-0.,1.,0.));
#15465 = DIRECTION('',(0.,0.,-1.));
#15466 = ADVANCED_FACE('',(#15467),#15492,.F.);
#15467 = FACE_BOUND('',#15468,.F.);
#15468 = EDGE_LOOP('',(#15469,#15470,#15478,#15486));
#15469 = ORIENTED_EDGE('',*,*,#15448,.T.);
#15470 = ORIENTED_EDGE('',*,*,#15471,.T.);
#15471 = EDGE_CURVE('',#15441,#15472,#15474,.T.);
#15472 = VERTEX_POINT('',#15473);
#15473 = CARTESIAN_POINT('',(1.325,-0.44,0.43));
#15474 = LINE('',#15475,#15476);
#15475 = CARTESIAN_POINT('',(1.325,0.12,0.43));
#15476 = VECTOR('',#15477,1.);
#15477 = DIRECTION('',(0.,-1.,0.));
#15478 = ORIENTED_EDGE('',*,*,#15479,.F.);
#15479 = EDGE_CURVE('',#15480,#15472,#15482,.T.);
#15480 = VERTEX_POINT('',#15481);
#15481 = CARTESIAN_POINT('',(1.175,-0.44,0.43));
#15482 = LINE('',#15483,#15484);
#15483 = CARTESIAN_POINT('',(1.175,-0.44,0.43));
#15484 = VECTOR('',#15485,1.);
#15485 = DIRECTION('',(1.,0.,0.));
#15486 = ORIENTED_EDGE('',*,*,#15487,.F.);
#15487 = EDGE_CURVE('',#15449,#15480,#15488,.T.);
#15488 = LINE('',#15489,#15490);
#15489 = CARTESIAN_POINT('',(1.175,0.12,0.43));
#15490 = VECTOR('',#15491,1.);
#15491 = DIRECTION('',(0.,-1.,0.));
#15492 = PLANE('',#15493);
#15493 = AXIS2_PLACEMENT_3D('',#15494,#15495,#15496);
#15494 = CARTESIAN_POINT('',(1.175,0.12,0.43));
#15495 = DIRECTION('',(0.,0.,-1.));
#15496 = DIRECTION('',(0.,-1.,0.));
#15497 = ADVANCED_FACE('',(#15498),#15523,.F.);
#15498 = FACE_BOUND('',#15499,.F.);
#15499 = EDGE_LOOP('',(#15500,#15501,#15509,#15517));
#15500 = ORIENTED_EDGE('',*,*,#15479,.T.);
#15501 = ORIENTED_EDGE('',*,*,#15502,.T.);
#15502 = EDGE_CURVE('',#15472,#15503,#15505,.T.);
#15503 = VERTEX_POINT('',#15504);
#15504 = CARTESIAN_POINT('',(1.325,-0.76,0.36));
#15505 = LINE('',#15506,#15507);
#15506 = CARTESIAN_POINT('',(1.325,-0.44,0.43));
#15507 = VECTOR('',#15508,1.);
#15508 = DIRECTION('',(0.,-0.976900017396,-0.213696878805));
#15509 = ORIENTED_EDGE('',*,*,#15510,.F.);
#15510 = EDGE_CURVE('',#15511,#15503,#15513,.T.);
#15511 = VERTEX_POINT('',#15512);
#15512 = CARTESIAN_POINT('',(1.175,-0.76,0.36));
#15513 = LINE('',#15514,#15515);
#15514 = CARTESIAN_POINT('',(1.175,-0.76,0.36));
#15515 = VECTOR('',#15516,1.);
#15516 = DIRECTION('',(1.,0.,0.));
#15517 = ORIENTED_EDGE('',*,*,#15518,.F.);
#15518 = EDGE_CURVE('',#15480,#15511,#15519,.T.);
#15519 = LINE('',#15520,#15521);
#15520 = CARTESIAN_POINT('',(1.175,-0.44,0.43));
#15521 = VECTOR('',#15522,1.);
#15522 = DIRECTION('',(0.,-0.976900017396,-0.213696878805));
#15523 = PLANE('',#15524);
#15524 = AXIS2_PLACEMENT_3D('',#15525,#15526,#15527);
#15525 = CARTESIAN_POINT('',(1.175,-0.44,0.43));
#15526 = DIRECTION('',(0.,0.213696878805,-0.976900017396));
#15527 = DIRECTION('',(0.,-0.976900017396,-0.213696878805));
#15528 = ADVANCED_FACE('',(#15529),#15554,.F.);
#15529 = FACE_BOUND('',#15530,.F.);
#15530 = EDGE_LOOP('',(#15531,#15532,#15540,#15548));
#15531 = ORIENTED_EDGE('',*,*,#15510,.T.);
#15532 = ORIENTED_EDGE('',*,*,#15533,.T.);
#15533 = EDGE_CURVE('',#15503,#15534,#15536,.T.);
#15534 = VERTEX_POINT('',#15535);
#15535 = CARTESIAN_POINT('',(1.325,-1.37,0.35));
#15536 = LINE('',#15537,#15538);
#15537 = CARTESIAN_POINT('',(1.325,-0.76,0.36));
#15538 = VECTOR('',#15539,1.);
#15539 = DIRECTION('',(0.,-0.999865654597,-1.63912402393E-02));
#15540 = ORIENTED_EDGE('',*,*,#15541,.F.);
#15541 = EDGE_CURVE('',#15542,#15534,#15544,.T.);
#15542 = VERTEX_POINT('',#15543);
#15543 = CARTESIAN_POINT('',(1.175,-1.37,0.35));
#15544 = LINE('',#15545,#15546);
#15545 = CARTESIAN_POINT('',(1.175,-1.37,0.35));
#15546 = VECTOR('',#15547,1.);
#15547 = DIRECTION('',(1.,0.,0.));
#15548 = ORIENTED_EDGE('',*,*,#15549,.F.);
#15549 = EDGE_CURVE('',#15511,#15542,#15550,.T.);
#15550 = LINE('',#15551,#15552);
#15551 = CARTESIAN_POINT('',(1.175,-0.76,0.36));
#15552 = VECTOR('',#15553,1.);
#15553 = DIRECTION('',(0.,-0.999865654597,-1.63912402393E-02));
#15554 = PLANE('',#15555);
#15555 = AXIS2_PLACEMENT_3D('',#15556,#15557,#15558);
#15556 = CARTESIAN_POINT('',(1.175,-0.76,0.36));
#15557 = DIRECTION('',(0.,1.63912402393E-02,-0.999865654597));
#15558 = DIRECTION('',(0.,-0.999865654597,-1.63912402393E-02));
#15559 = ADVANCED_FACE('',(#15560),#15576,.F.);
#15560 = FACE_BOUND('',#15561,.F.);
#15561 = EDGE_LOOP('',(#15562,#15563,#15569,#15570));
#15562 = ORIENTED_EDGE('',*,*,#15541,.T.);
#15563 = ORIENTED_EDGE('',*,*,#15564,.T.);
#15564 = EDGE_CURVE('',#15534,#14720,#15565,.T.);
#15565 = LINE('',#15566,#15567);
#15566 = CARTESIAN_POINT('',(1.325,-1.37,0.35));
#15567 = VECTOR('',#15568,1.);
#15568 = DIRECTION('',(0.,-0.894427191,-0.4472135955));
#15569 = ORIENTED_EDGE('',*,*,#14717,.F.);
#15570 = ORIENTED_EDGE('',*,*,#15571,.F.);
#15571 = EDGE_CURVE('',#15542,#14718,#15572,.T.);
#15572 = LINE('',#15573,#15574);
#15573 = CARTESIAN_POINT('',(1.175,-1.37,0.35));
#15574 = VECTOR('',#15575,1.);
#15575 = DIRECTION('',(0.,-0.894427191,-0.4472135955));
#15576 = PLANE('',#15577);
#15577 = AXIS2_PLACEMENT_3D('',#15578,#15579,#15580);
#15578 = CARTESIAN_POINT('',(1.175,-1.37,0.35));
#15579 = DIRECTION('',(0.,0.4472135955,-0.894427191));
#15580 = DIRECTION('',(0.,-0.894427191,-0.4472135955));
#15581 = ADVANCED_FACE('',(#15582),#15612,.F.);
#15582 = FACE_BOUND('',#15583,.F.);
#15583 = EDGE_LOOP('',(#15584,#15585,#15586,#15587,#15588,#15589,#15590,
    #15591,#15592,#15593,#15594,#15595,#15596,#15597,#15598,#15599,
    #15600,#15601,#15602,#15603,#15604,#15605,#15606,#15607,#15608,
    #15609,#15610,#15611));
#15584 = ORIENTED_EDGE('',*,*,#14743,.T.);
#15585 = ORIENTED_EDGE('',*,*,#14774,.T.);
#15586 = ORIENTED_EDGE('',*,*,#14805,.T.);
#15587 = ORIENTED_EDGE('',*,*,#14836,.T.);
#15588 = ORIENTED_EDGE('',*,*,#14867,.T.);
#15589 = ORIENTED_EDGE('',*,*,#14898,.T.);
#15590 = ORIENTED_EDGE('',*,*,#14929,.T.);
#15591 = ORIENTED_EDGE('',*,*,#14960,.T.);
#15592 = ORIENTED_EDGE('',*,*,#14991,.T.);
#15593 = ORIENTED_EDGE('',*,*,#15022,.T.);
#15594 = ORIENTED_EDGE('',*,*,#15053,.T.);
#15595 = ORIENTED_EDGE('',*,*,#15084,.T.);
#15596 = ORIENTED_EDGE('',*,*,#15115,.T.);
#15597 = ORIENTED_EDGE('',*,*,#15146,.T.);
#15598 = ORIENTED_EDGE('',*,*,#15177,.T.);
#15599 = ORIENTED_EDGE('',*,*,#15208,.T.);
#15600 = ORIENTED_EDGE('',*,*,#15239,.T.);
#15601 = ORIENTED_EDGE('',*,*,#15270,.T.);
#15602 = ORIENTED_EDGE('',*,*,#15301,.T.);
#15603 = ORIENTED_EDGE('',*,*,#15332,.T.);
#15604 = ORIENTED_EDGE('',*,*,#15363,.T.);
#15605 = ORIENTED_EDGE('',*,*,#15394,.T.);
#15606 = ORIENTED_EDGE('',*,*,#15425,.T.);
#15607 = ORIENTED_EDGE('',*,*,#15456,.T.);
#15608 = ORIENTED_EDGE('',*,*,#15487,.T.);
#15609 = ORIENTED_EDGE('',*,*,#15518,.T.);
#15610 = ORIENTED_EDGE('',*,*,#15549,.T.);
#15611 = ORIENTED_EDGE('',*,*,#15571,.T.);
#15612 = PLANE('',#15613);
#15613 = AXIS2_PLACEMENT_3D('',#15614,#15615,#15616);
#15614 = CARTESIAN_POINT('',(1.175,-0.200937564723,0.444942085346));
#15615 = DIRECTION('',(1.,0.,0.));
#15616 = DIRECTION('',(-0.,0.,1.));
#15617 = ADVANCED_FACE('',(#15618),#15648,.T.);
#15618 = FACE_BOUND('',#15619,.T.);
#15619 = EDGE_LOOP('',(#15620,#15621,#15622,#15623,#15624,#15625,#15626,
    #15627,#15628,#15629,#15630,#15631,#15632,#15633,#15634,#15635,
    #15636,#15637,#15638,#15639,#15640,#15641,#15642,#15643,#15644,
    #15645,#15646,#15647));
#15620 = ORIENTED_EDGE('',*,*,#14727,.T.);
#15621 = ORIENTED_EDGE('',*,*,#14758,.T.);
#15622 = ORIENTED_EDGE('',*,*,#14789,.T.);
#15623 = ORIENTED_EDGE('',*,*,#14820,.T.);
#15624 = ORIENTED_EDGE('',*,*,#14851,.T.);
#15625 = ORIENTED_EDGE('',*,*,#14882,.T.);
#15626 = ORIENTED_EDGE('',*,*,#14913,.T.);
#15627 = ORIENTED_EDGE('',*,*,#14944,.T.);
#15628 = ORIENTED_EDGE('',*,*,#14975,.T.);
#15629 = ORIENTED_EDGE('',*,*,#15006,.T.);
#15630 = ORIENTED_EDGE('',*,*,#15037,.T.);
#15631 = ORIENTED_EDGE('',*,*,#15068,.T.);
#15632 = ORIENTED_EDGE('',*,*,#15099,.T.);
#15633 = ORIENTED_EDGE('',*,*,#15130,.T.);
#15634 = ORIENTED_EDGE('',*,*,#15161,.T.);
#15635 = ORIENTED_EDGE('',*,*,#15192,.T.);
#15636 = ORIENTED_EDGE('',*,*,#15223,.T.);
#15637 = ORIENTED_EDGE('',*,*,#15254,.T.);
#15638 = ORIENTED_EDGE('',*,*,#15285,.T.);
#15639 = ORIENTED_EDGE('',*,*,#15316,.T.);
#15640 = ORIENTED_EDGE('',*,*,#15347,.T.);
#15641 = ORIENTED_EDGE('',*,*,#15378,.T.);
#15642 = ORIENTED_EDGE('',*,*,#15409,.T.);
#15643 = ORIENTED_EDGE('',*,*,#15440,.T.);
#15644 = ORIENTED_EDGE('',*,*,#15471,.T.);
#15645 = ORIENTED_EDGE('',*,*,#15502,.T.);
#15646 = ORIENTED_EDGE('',*,*,#15533,.T.);
#15647 = ORIENTED_EDGE('',*,*,#15564,.T.);
#15648 = PLANE('',#15649);
#15649 = AXIS2_PLACEMENT_3D('',#15650,#15651,#15652);
#15650 = CARTESIAN_POINT('',(1.325,-0.200937564723,0.444942085346));
#15651 = DIRECTION('',(1.,0.,0.));
#15652 = DIRECTION('',(-0.,0.,1.));
#15653 = ( GEOMETRIC_REPRESENTATION_CONTEXT(3)
GLOBAL_UNCERTAINTY_ASSIGNED_CONTEXT((#15657))
GLOBAL_UNIT_ASSIGNED_CONTEXT((#15654,#15655,#15656))
REPRESENTATION_CONTEXT('Context #1',
  '3D Context with UNIT and UNCERTAINTY') );
#15654 = ( LENGTH_UNIT() NAMED_UNIT(*) SI_UNIT(.MILLI.,.METRE.) );
#15655 = ( NAMED_UNIT(*) PLANE_ANGLE_UNIT() SI_UNIT($,.RADIAN.) );
#15656 = ( NAMED_UNIT(*) SI_UNIT($,.STERADIAN.) SOLID_ANGLE_UNIT() );
#15657 = UNCERTAINTY_MEASURE_WITH_UNIT(LENGTH_MEASURE(1.E-07),#15654,
  'distance_accuracy_value','confusion accuracy');
#15658 = CONTEXT_DEPENDENT_SHAPE_REPRESENTATION(#15659,#15661);
#15659 = ( REPRESENTATION_RELATIONSHIP('','',#14710,#10)
REPRESENTATION_RELATIONSHIP_WITH_TRANSFORMATION(#15660)
SHAPE_REPRESENTATION_RELATIONSHIP() );
#15660 = ITEM_DEFINED_TRANSFORMATION('','',#11,#55);
#15661 = PRODUCT_DEFINITION_SHAPE('Placement','Placement of an item',
  #15662);
#15662 = NEXT_ASSEMBLY_USAGE_OCCURRENCE('11','Gold_contact_09','',#5,
  #14705,$);
#15663 = PRODUCT_RELATED_PRODUCT_CATEGORY('part',$,(#14707));
#15664 = SHAPE_DEFINITION_REPRESENTATION(#15665,#15671);
#15665 = PRODUCT_DEFINITION_SHAPE('','',#15666);
#15666 = PRODUCT_DEFINITION('design','',#15667,#15670);
#15667 = PRODUCT_DEFINITION_FORMATION('','',#15668);
#15668 = PRODUCT('Gold_contact_10','Gold_contact_10','',(#15669));
#15669 = PRODUCT_CONTEXT('',#2,'mechanical');
#15670 = PRODUCT_DEFINITION_CONTEXT('part definition',#2,'design');
#15671 = ADVANCED_BREP_SHAPE_REPRESENTATION('',(#11,#15672),#16614);
#15672 = MANIFOLD_SOLID_BREP('',#15673);
#15673 = CLOSED_SHELL('',(#15674,#15714,#15745,#15776,#15807,#15838,
    #15869,#15900,#15931,#15962,#15993,#16024,#16055,#16086,#16117,
    #16148,#16179,#16210,#16241,#16272,#16303,#16334,#16365,#16396,
    #16427,#16458,#16489,#16520,#16542,#16578));
#15674 = ADVANCED_FACE('',(#15675),#15709,.F.);
#15675 = FACE_BOUND('',#15676,.F.);
#15676 = EDGE_LOOP('',(#15677,#15687,#15695,#15703));
#15677 = ORIENTED_EDGE('',*,*,#15678,.T.);
#15678 = EDGE_CURVE('',#15679,#15681,#15683,.T.);
#15679 = VERTEX_POINT('',#15680);
#15680 = CARTESIAN_POINT('',(1.675,-1.47,0.3));
#15681 = VERTEX_POINT('',#15682);
#15682 = CARTESIAN_POINT('',(1.825,-1.47,0.3));
#15683 = LINE('',#15684,#15685);
#15684 = CARTESIAN_POINT('',(1.675,-1.47,0.3));
#15685 = VECTOR('',#15686,1.);
#15686 = DIRECTION('',(1.,0.,0.));
#15687 = ORIENTED_EDGE('',*,*,#15688,.T.);
#15688 = EDGE_CURVE('',#15681,#15689,#15691,.T.);
#15689 = VERTEX_POINT('',#15690);
#15690 = CARTESIAN_POINT('',(1.825,-1.39,0.27));
#15691 = LINE('',#15692,#15693);
#15692 = CARTESIAN_POINT('',(1.825,-1.47,0.3));
#15693 = VECTOR('',#15694,1.);
#15694 = DIRECTION('',(0.,0.936329177569,-0.351123441588));
#15695 = ORIENTED_EDGE('',*,*,#15696,.F.);
#15696 = EDGE_CURVE('',#15697,#15689,#15699,.T.);
#15697 = VERTEX_POINT('',#15698);
#15698 = CARTESIAN_POINT('',(1.675,-1.39,0.27));
#15699 = LINE('',#15700,#15701);
#15700 = CARTESIAN_POINT('',(1.675,-1.39,0.27));
#15701 = VECTOR('',#15702,1.);
#15702 = DIRECTION('',(1.,0.,0.));
#15703 = ORIENTED_EDGE('',*,*,#15704,.F.);
#15704 = EDGE_CURVE('',#15679,#15697,#15705,.T.);
#15705 = LINE('',#15706,#15707);
#15706 = CARTESIAN_POINT('',(1.675,-1.47,0.3));
#15707 = VECTOR('',#15708,1.);
#15708 = DIRECTION('',(0.,0.936329177569,-0.351123441588));
#15709 = PLANE('',#15710);
#15710 = AXIS2_PLACEMENT_3D('',#15711,#15712,#15713);
#15711 = CARTESIAN_POINT('',(1.675,-1.47,0.3));
#15712 = DIRECTION('',(-0.,0.351123441588,0.936329177569));
#15713 = DIRECTION('',(0.,0.936329177569,-0.351123441588));
#15714 = ADVANCED_FACE('',(#15715),#15740,.F.);
#15715 = FACE_BOUND('',#15716,.F.);
#15716 = EDGE_LOOP('',(#15717,#15718,#15726,#15734));
#15717 = ORIENTED_EDGE('',*,*,#15696,.T.);
#15718 = ORIENTED_EDGE('',*,*,#15719,.T.);
#15719 = EDGE_CURVE('',#15689,#15720,#15722,.T.);
#15720 = VERTEX_POINT('',#15721);
#15721 = CARTESIAN_POINT('',(1.825,-0.76,0.29));
#15722 = LINE('',#15723,#15724);
#15723 = CARTESIAN_POINT('',(1.825,-1.39,0.27));
#15724 = VECTOR('',#15725,1.);
#15725 = DIRECTION('',(0.,0.999496475295,3.173004683477E-02));
#15726 = ORIENTED_EDGE('',*,*,#15727,.F.);
#15727 = EDGE_CURVE('',#15728,#15720,#15730,.T.);
#15728 = VERTEX_POINT('',#15729);
#15729 = CARTESIAN_POINT('',(1.675,-0.76,0.29));
#15730 = LINE('',#15731,#15732);
#15731 = CARTESIAN_POINT('',(1.675,-0.76,0.29));
#15732 = VECTOR('',#15733,1.);
#15733 = DIRECTION('',(1.,0.,0.));
#15734 = ORIENTED_EDGE('',*,*,#15735,.F.);
#15735 = EDGE_CURVE('',#15697,#15728,#15736,.T.);
#15736 = LINE('',#15737,#15738);
#15737 = CARTESIAN_POINT('',(1.675,-1.39,0.27));
#15738 = VECTOR('',#15739,1.);
#15739 = DIRECTION('',(0.,0.999496475295,3.173004683477E-02));
#15740 = PLANE('',#15741);
#15741 = AXIS2_PLACEMENT_3D('',#15742,#15743,#15744);
#15742 = CARTESIAN_POINT('',(1.675,-1.39,0.27));
#15743 = DIRECTION('',(0.,-3.173004683477E-02,0.999496475295));
#15744 = DIRECTION('',(0.,0.999496475295,3.173004683477E-02));
#15745 = ADVANCED_FACE('',(#15746),#15771,.F.);
#15746 = FACE_BOUND('',#15747,.F.);
#15747 = EDGE_LOOP('',(#15748,#15749,#15757,#15765));
#15748 = ORIENTED_EDGE('',*,*,#15727,.T.);
#15749 = ORIENTED_EDGE('',*,*,#15750,.T.);
#15750 = EDGE_CURVE('',#15720,#15751,#15753,.T.);
#15751 = VERTEX_POINT('',#15752);
#15752 = CARTESIAN_POINT('',(1.825,-0.48,0.34));
#15753 = LINE('',#15754,#15755);
#15754 = CARTESIAN_POINT('',(1.825,-0.76,0.29));
#15755 = VECTOR('',#15756,1.);
#15756 = DIRECTION('',(0.,0.984427575508,0.175790638484));
#15757 = ORIENTED_EDGE('',*,*,#15758,.F.);
#15758 = EDGE_CURVE('',#15759,#15751,#15761,.T.);
#15759 = VERTEX_POINT('',#15760);
#15760 = CARTESIAN_POINT('',(1.675,-0.48,0.34));
#15761 = LINE('',#15762,#15763);
#15762 = CARTESIAN_POINT('',(1.675,-0.48,0.34));
#15763 = VECTOR('',#15764,1.);
#15764 = DIRECTION('',(1.,0.,0.));
#15765 = ORIENTED_EDGE('',*,*,#15766,.F.);
#15766 = EDGE_CURVE('',#15728,#15759,#15767,.T.);
#15767 = LINE('',#15768,#15769);
#15768 = CARTESIAN_POINT('',(1.675,-0.76,0.29));
#15769 = VECTOR('',#15770,1.);
#15770 = DIRECTION('',(0.,0.984427575508,0.175790638484));
#15771 = PLANE('',#15772);
#15772 = AXIS2_PLACEMENT_3D('',#15773,#15774,#15775);
#15773 = CARTESIAN_POINT('',(1.675,-0.76,0.29));
#15774 = DIRECTION('',(0.,-0.175790638484,0.984427575508));
#15775 = DIRECTION('',(0.,0.984427575508,0.175790638484));
#15776 = ADVANCED_FACE('',(#15777),#15802,.F.);
#15777 = FACE_BOUND('',#15778,.F.);
#15778 = EDGE_LOOP('',(#15779,#15780,#15788,#15796));
#15779 = ORIENTED_EDGE('',*,*,#15758,.T.);
#15780 = ORIENTED_EDGE('',*,*,#15781,.T.);
#15781 = EDGE_CURVE('',#15751,#15782,#15784,.T.);
#15782 = VERTEX_POINT('',#15783);
#15783 = CARTESIAN_POINT('',(1.825,5.E-02,0.34));
#15784 = LINE('',#15785,#15786);
#15785 = CARTESIAN_POINT('',(1.825,-0.48,0.34));
#15786 = VECTOR('',#15787,1.);
#15787 = DIRECTION('',(0.,1.,0.));
#15788 = ORIENTED_EDGE('',*,*,#15789,.F.);
#15789 = EDGE_CURVE('',#15790,#15782,#15792,.T.);
#15790 = VERTEX_POINT('',#15791);
#15791 = CARTESIAN_POINT('',(1.675,5.E-02,0.34));
#15792 = LINE('',#15793,#15794);
#15793 = CARTESIAN_POINT('',(1.675,5.E-02,0.34));
#15794 = VECTOR('',#15795,1.);
#15795 = DIRECTION('',(1.,0.,0.));
#15796 = ORIENTED_EDGE('',*,*,#15797,.F.);
#15797 = EDGE_CURVE('',#15759,#15790,#15798,.T.);
#15798 = LINE('',#15799,#15800);
#15799 = CARTESIAN_POINT('',(1.675,-0.48,0.34));
#15800 = VECTOR('',#15801,1.);
#15801 = DIRECTION('',(0.,1.,0.));
#15802 = PLANE('',#15803);
#15803 = AXIS2_PLACEMENT_3D('',#15804,#15805,#15806);
#15804 = CARTESIAN_POINT('',(1.675,-0.48,0.34));
#15805 = DIRECTION('',(0.,0.,1.));
#15806 = DIRECTION('',(0.,1.,0.));
#15807 = ADVANCED_FACE('',(#15808),#15833,.F.);
#15808 = FACE_BOUND('',#15809,.F.);
#15809 = EDGE_LOOP('',(#15810,#15811,#15819,#15827));
#15810 = ORIENTED_EDGE('',*,*,#15789,.T.);
#15811 = ORIENTED_EDGE('',*,*,#15812,.T.);
#15812 = EDGE_CURVE('',#15782,#15813,#15815,.T.);
#15813 = VERTEX_POINT('',#15814);
#15814 = CARTESIAN_POINT('',(1.825,0.17,0.29));
#15815 = LINE('',#15816,#15817);
#15816 = CARTESIAN_POINT('',(1.825,5.E-02,0.34));
#15817 = VECTOR('',#15818,1.);
#15818 = DIRECTION('',(0.,0.923076923077,-0.384615384615));
#15819 = ORIENTED_EDGE('',*,*,#15820,.F.);
#15820 = EDGE_CURVE('',#15821,#15813,#15823,.T.);
#15821 = VERTEX_POINT('',#15822);
#15822 = CARTESIAN_POINT('',(1.675,0.17,0.29));
#15823 = LINE('',#15824,#15825);
#15824 = CARTESIAN_POINT('',(1.675,0.17,0.29));
#15825 = VECTOR('',#15826,1.);
#15826 = DIRECTION('',(1.,0.,0.));
#15827 = ORIENTED_EDGE('',*,*,#15828,.F.);
#15828 = EDGE_CURVE('',#15790,#15821,#15829,.T.);
#15829 = LINE('',#15830,#15831);
#15830 = CARTESIAN_POINT('',(1.675,5.E-02,0.34));
#15831 = VECTOR('',#15832,1.);
#15832 = DIRECTION('',(0.,0.923076923077,-0.384615384615));
#15833 = PLANE('',#15834);
#15834 = AXIS2_PLACEMENT_3D('',#15835,#15836,#15837);
#15835 = CARTESIAN_POINT('',(1.675,5.E-02,0.34));
#15836 = DIRECTION('',(-0.,0.384615384615,0.923076923077));
#15837 = DIRECTION('',(0.,0.923076923077,-0.384615384615));
#15838 = ADVANCED_FACE('',(#15839),#15864,.F.);
#15839 = FACE_BOUND('',#15840,.F.);
#15840 = EDGE_LOOP('',(#15841,#15842,#15850,#15858));
#15841 = ORIENTED_EDGE('',*,*,#15820,.T.);
#15842 = ORIENTED_EDGE('',*,*,#15843,.T.);
#15843 = EDGE_CURVE('',#15813,#15844,#15846,.T.);
#15844 = VERTEX_POINT('',#15845);
#15845 = CARTESIAN_POINT('',(1.825,0.2,0.18));
#15846 = LINE('',#15847,#15848);
#15847 = CARTESIAN_POINT('',(1.825,0.17,0.29));
#15848 = VECTOR('',#15849,1.);
#15849 = DIRECTION('',(0.,0.263117405792,-0.964763821238));
#15850 = ORIENTED_EDGE('',*,*,#15851,.F.);
#15851 = EDGE_CURVE('',#15852,#15844,#15854,.T.);
#15852 = VERTEX_POINT('',#15853);
#15853 = CARTESIAN_POINT('',(1.675,0.2,0.18));
#15854 = LINE('',#15855,#15856);
#15855 = CARTESIAN_POINT('',(1.675,0.2,0.18));
#15856 = VECTOR('',#15857,1.);
#15857 = DIRECTION('',(1.,0.,0.));
#15858 = ORIENTED_EDGE('',*,*,#15859,.F.);
#15859 = EDGE_CURVE('',#15821,#15852,#15860,.T.);
#15860 = LINE('',#15861,#15862);
#15861 = CARTESIAN_POINT('',(1.675,0.17,0.29));
#15862 = VECTOR('',#15863,1.);
#15863 = DIRECTION('',(0.,0.263117405792,-0.964763821238));
#15864 = PLANE('',#15865);
#15865 = AXIS2_PLACEMENT_3D('',#15866,#15867,#15868);
#15866 = CARTESIAN_POINT('',(1.675,0.17,0.29));
#15867 = DIRECTION('',(-0.,0.964763821238,0.263117405792));
#15868 = DIRECTION('',(0.,0.263117405792,-0.964763821238));
#15869 = ADVANCED_FACE('',(#15870),#15895,.F.);
#15870 = FACE_BOUND('',#15871,.F.);
#15871 = EDGE_LOOP('',(#15872,#15873,#15881,#15889));
#15872 = ORIENTED_EDGE('',*,*,#15851,.T.);
#15873 = ORIENTED_EDGE('',*,*,#15874,.T.);
#15874 = EDGE_CURVE('',#15844,#15875,#15877,.T.);
#15875 = VERTEX_POINT('',#15876);
#15876 = CARTESIAN_POINT('',(1.825,0.88,0.18));
#15877 = LINE('',#15878,#15879);
#15878 = CARTESIAN_POINT('',(1.825,0.2,0.18));
#15879 = VECTOR('',#15880,1.);
#15880 = DIRECTION('',(0.,1.,0.));
#15881 = ORIENTED_EDGE('',*,*,#15882,.F.);
#15882 = EDGE_CURVE('',#15883,#15875,#15885,.T.);
#15883 = VERTEX_POINT('',#15884);
#15884 = CARTESIAN_POINT('',(1.675,0.88,0.18));
#15885 = LINE('',#15886,#15887);
#15886 = CARTESIAN_POINT('',(1.675,0.88,0.18));
#15887 = VECTOR('',#15888,1.);
#15888 = DIRECTION('',(1.,0.,0.));
#15889 = ORIENTED_EDGE('',*,*,#15890,.F.);
#15890 = EDGE_CURVE('',#15852,#15883,#15891,.T.);
#15891 = LINE('',#15892,#15893);
#15892 = CARTESIAN_POINT('',(1.675,0.2,0.18));
#15893 = VECTOR('',#15894,1.);
#15894 = DIRECTION('',(0.,1.,0.));
#15895 = PLANE('',#15896);
#15896 = AXIS2_PLACEMENT_3D('',#15897,#15898,#15899);
#15897 = CARTESIAN_POINT('',(1.675,0.2,0.18));
#15898 = DIRECTION('',(0.,0.,1.));
#15899 = DIRECTION('',(0.,1.,0.));
#15900 = ADVANCED_FACE('',(#15901),#15926,.F.);
#15901 = FACE_BOUND('',#15902,.F.);
#15902 = EDGE_LOOP('',(#15903,#15904,#15912,#15920));
#15903 = ORIENTED_EDGE('',*,*,#15882,.T.);
#15904 = ORIENTED_EDGE('',*,*,#15905,.T.);
#15905 = EDGE_CURVE('',#15875,#15906,#15908,.T.);
#15906 = VERTEX_POINT('',#15907);
#15907 = CARTESIAN_POINT('',(1.825,0.99,2.E-02));
#15908 = LINE('',#15909,#15910);
#15909 = CARTESIAN_POINT('',(1.825,0.88,0.18));
#15910 = VECTOR('',#15911,1.);
#15911 = DIRECTION('',(0.,0.566528822887,-0.824041924199));
#15912 = ORIENTED_EDGE('',*,*,#15913,.F.);
#15913 = EDGE_CURVE('',#15914,#15906,#15916,.T.);
#15914 = VERTEX_POINT('',#15915);
#15915 = CARTESIAN_POINT('',(1.675,0.99,2.E-02));
#15916 = LINE('',#15917,#15918);
#15917 = CARTESIAN_POINT('',(1.675,0.99,2.E-02));
#15918 = VECTOR('',#15919,1.);
#15919 = DIRECTION('',(1.,0.,0.));
#15920 = ORIENTED_EDGE('',*,*,#15921,.F.);
#15921 = EDGE_CURVE('',#15883,#15914,#15922,.T.);
#15922 = LINE('',#15923,#15924);
#15923 = CARTESIAN_POINT('',(1.675,0.88,0.18));
#15924 = VECTOR('',#15925,1.);
#15925 = DIRECTION('',(0.,0.566528822887,-0.824041924199));
#15926 = PLANE('',#15927);
#15927 = AXIS2_PLACEMENT_3D('',#15928,#15929,#15930);
#15928 = CARTESIAN_POINT('',(1.675,0.88,0.18));
#15929 = DIRECTION('',(-0.,0.824041924199,0.566528822887));
#15930 = DIRECTION('',(0.,0.566528822887,-0.824041924199));
#15931 = ADVANCED_FACE('',(#15932),#15957,.F.);
#15932 = FACE_BOUND('',#15933,.F.);
#15933 = EDGE_LOOP('',(#15934,#15935,#15943,#15951));
#15934 = ORIENTED_EDGE('',*,*,#15913,.T.);
#15935 = ORIENTED_EDGE('',*,*,#15936,.T.);
#15936 = EDGE_CURVE('',#15906,#15937,#15939,.T.);
#15937 = VERTEX_POINT('',#15938);
#15938 = CARTESIAN_POINT('',(1.825,1.38,0.));
#15939 = LINE('',#15940,#15941);
#15940 = CARTESIAN_POINT('',(1.825,0.99,2.E-02));
#15941 = VECTOR('',#15942,1.);
#15942 = DIRECTION('',(0.,0.998687663477,-5.121475197316E-02));
#15943 = ORIENTED_EDGE('',*,*,#15944,.F.);
#15944 = EDGE_CURVE('',#15945,#15937,#15947,.T.);
#15945 = VERTEX_POINT('',#15946);
#15946 = CARTESIAN_POINT('',(1.675,1.38,0.));
#15947 = LINE('',#15948,#15949);
#15948 = CARTESIAN_POINT('',(1.675,1.38,0.));
#15949 = VECTOR('',#15950,1.);
#15950 = DIRECTION('',(1.,0.,0.));
#15951 = ORIENTED_EDGE('',*,*,#15952,.F.);
#15952 = EDGE_CURVE('',#15914,#15945,#15953,.T.);
#15953 = LINE('',#15954,#15955);
#15954 = CARTESIAN_POINT('',(1.675,0.99,2.E-02));
#15955 = VECTOR('',#15956,1.);
#15956 = DIRECTION('',(0.,0.998687663477,-5.121475197316E-02));
#15957 = PLANE('',#15958);
#15958 = AXIS2_PLACEMENT_3D('',#15959,#15960,#15961);
#15959 = CARTESIAN_POINT('',(1.675,0.99,2.E-02));
#15960 = DIRECTION('',(-0.,5.121475197316E-02,0.998687663477));
#15961 = DIRECTION('',(0.,0.998687663477,-5.121475197316E-02));
#15962 = ADVANCED_FACE('',(#15963),#15988,.F.);
#15963 = FACE_BOUND('',#15964,.F.);
#15964 = EDGE_LOOP('',(#15965,#15966,#15974,#15982));
#15965 = ORIENTED_EDGE('',*,*,#15944,.T.);
#15966 = ORIENTED_EDGE('',*,*,#15967,.T.);
#15967 = EDGE_CURVE('',#15937,#15968,#15970,.T.);
#15968 = VERTEX_POINT('',#15969);
#15969 = CARTESIAN_POINT('',(1.825,1.38,8.E-02));
#15970 = LINE('',#15971,#15972);
#15971 = CARTESIAN_POINT('',(1.825,1.38,0.));
#15972 = VECTOR('',#15973,1.);
#15973 = DIRECTION('',(0.,0.,1.));
#15974 = ORIENTED_EDGE('',*,*,#15975,.F.);
#15975 = EDGE_CURVE('',#15976,#15968,#15978,.T.);
#15976 = VERTEX_POINT('',#15977);
#15977 = CARTESIAN_POINT('',(1.675,1.38,8.E-02));
#15978 = LINE('',#15979,#15980);
#15979 = CARTESIAN_POINT('',(1.675,1.38,8.E-02));
#15980 = VECTOR('',#15981,1.);
#15981 = DIRECTION('',(1.,0.,0.));
#15982 = ORIENTED_EDGE('',*,*,#15983,.F.);
#15983 = EDGE_CURVE('',#15945,#15976,#15984,.T.);
#15984 = LINE('',#15985,#15986);
#15985 = CARTESIAN_POINT('',(1.675,1.38,0.));
#15986 = VECTOR('',#15987,1.);
#15987 = DIRECTION('',(0.,0.,1.));
#15988 = PLANE('',#15989);
#15989 = AXIS2_PLACEMENT_3D('',#15990,#15991,#15992);
#15990 = CARTESIAN_POINT('',(1.675,1.38,0.));
#15991 = DIRECTION('',(0.,-1.,0.));
#15992 = DIRECTION('',(0.,0.,1.));
#15993 = ADVANCED_FACE('',(#15994),#16019,.F.);
#15994 = FACE_BOUND('',#15995,.F.);
#15995 = EDGE_LOOP('',(#15996,#15997,#16005,#16013));
#15996 = ORIENTED_EDGE('',*,*,#15975,.T.);
#15997 = ORIENTED_EDGE('',*,*,#15998,.T.);
#15998 = EDGE_CURVE('',#15968,#15999,#16001,.T.);
#15999 = VERTEX_POINT('',#16000);
#16000 = CARTESIAN_POINT('',(1.825,1.05,0.1));
#16001 = LINE('',#16002,#16003);
#16002 = CARTESIAN_POINT('',(1.825,1.38,8.E-02));
#16003 = VECTOR('',#16004,1.);
#16004 = DIRECTION('',(0.,-0.998168496631,6.049506040189E-02));
#16005 = ORIENTED_EDGE('',*,*,#16006,.F.);
#16006 = EDGE_CURVE('',#16007,#15999,#16009,.T.);
#16007 = VERTEX_POINT('',#16008);
#16008 = CARTESIAN_POINT('',(1.675,1.05,0.1));
#16009 = LINE('',#16010,#16011);
#16010 = CARTESIAN_POINT('',(1.675,1.05,0.1));
#16011 = VECTOR('',#16012,1.);
#16012 = DIRECTION('',(1.,0.,0.));
#16013 = ORIENTED_EDGE('',*,*,#16014,.F.);
#16014 = EDGE_CURVE('',#15976,#16007,#16015,.T.);
#16015 = LINE('',#16016,#16017);
#16016 = CARTESIAN_POINT('',(1.675,1.38,8.E-02));
#16017 = VECTOR('',#16018,1.);
#16018 = DIRECTION('',(0.,-0.998168496631,6.049506040189E-02));
#16019 = PLANE('',#16020);
#16020 = AXIS2_PLACEMENT_3D('',#16021,#16022,#16023);
#16021 = CARTESIAN_POINT('',(1.675,1.38,8.E-02));
#16022 = DIRECTION('',(0.,-6.049506040189E-02,-0.998168496631));
#16023 = DIRECTION('',(0.,-0.998168496631,6.049506040189E-02));
#16024 = ADVANCED_FACE('',(#16025),#16050,.F.);
#16025 = FACE_BOUND('',#16026,.F.);
#16026 = EDGE_LOOP('',(#16027,#16028,#16036,#16044));
#16027 = ORIENTED_EDGE('',*,*,#16006,.T.);
#16028 = ORIENTED_EDGE('',*,*,#16029,.T.);
#16029 = EDGE_CURVE('',#15999,#16030,#16032,.T.);
#16030 = VERTEX_POINT('',#16031);
#16031 = CARTESIAN_POINT('',(1.825,0.97,0.26));
#16032 = LINE('',#16033,#16034);
#16033 = CARTESIAN_POINT('',(1.825,1.05,0.1));
#16034 = VECTOR('',#16035,1.);
#16035 = DIRECTION('',(0.,-0.4472135955,0.894427191));
#16036 = ORIENTED_EDGE('',*,*,#16037,.F.);
#16037 = EDGE_CURVE('',#16038,#16030,#16040,.T.);
#16038 = VERTEX_POINT('',#16039);
#16039 = CARTESIAN_POINT('',(1.675,0.97,0.26));
#16040 = LINE('',#16041,#16042);
#16041 = CARTESIAN_POINT('',(1.675,0.97,0.26));
#16042 = VECTOR('',#16043,1.);
#16043 = DIRECTION('',(1.,0.,0.));
#16044 = ORIENTED_EDGE('',*,*,#16045,.F.);
#16045 = EDGE_CURVE('',#16007,#16038,#16046,.T.);
#16046 = LINE('',#16047,#16048);
#16047 = CARTESIAN_POINT('',(1.675,1.05,0.1));
#16048 = VECTOR('',#16049,1.);
#16049 = DIRECTION('',(0.,-0.4472135955,0.894427191));
#16050 = PLANE('',#16051);
#16051 = AXIS2_PLACEMENT_3D('',#16052,#16053,#16054);
#16052 = CARTESIAN_POINT('',(1.675,1.05,0.1));
#16053 = DIRECTION('',(0.,-0.894427191,-0.4472135955));
#16054 = DIRECTION('',(0.,-0.4472135955,0.894427191));
#16055 = ADVANCED_FACE('',(#16056),#16081,.F.);
#16056 = FACE_BOUND('',#16057,.F.);
#16057 = EDGE_LOOP('',(#16058,#16059,#16067,#16075));
#16058 = ORIENTED_EDGE('',*,*,#16037,.T.);
#16059 = ORIENTED_EDGE('',*,*,#16060,.T.);
#16060 = EDGE_CURVE('',#16030,#16061,#16063,.T.);
#16061 = VERTEX_POINT('',#16062);
#16062 = CARTESIAN_POINT('',(1.825,0.28,0.26));
#16063 = LINE('',#16064,#16065);
#16064 = CARTESIAN_POINT('',(1.825,0.97,0.26));
#16065 = VECTOR('',#16066,1.);
#16066 = DIRECTION('',(0.,-1.,0.));
#16067 = ORIENTED_EDGE('',*,*,#16068,.F.);
#16068 = EDGE_CURVE('',#16069,#16061,#16071,.T.);
#16069 = VERTEX_POINT('',#16070);
#16070 = CARTESIAN_POINT('',(1.675,0.28,0.26));
#16071 = LINE('',#16072,#16073);
#16072 = CARTESIAN_POINT('',(1.675,0.28,0.26));
#16073 = VECTOR('',#16074,1.);
#16074 = DIRECTION('',(1.,0.,0.));
#16075 = ORIENTED_EDGE('',*,*,#16076,.F.);
#16076 = EDGE_CURVE('',#16038,#16069,#16077,.T.);
#16077 = LINE('',#16078,#16079);
#16078 = CARTESIAN_POINT('',(1.675,0.97,0.26));
#16079 = VECTOR('',#16080,1.);
#16080 = DIRECTION('',(0.,-1.,0.));
#16081 = PLANE('',#16082);
#16082 = AXIS2_PLACEMENT_3D('',#16083,#16084,#16085);
#16083 = CARTESIAN_POINT('',(1.675,0.97,0.26));
#16084 = DIRECTION('',(0.,0.,-1.));
#16085 = DIRECTION('',(0.,-1.,0.));
#16086 = ADVANCED_FACE('',(#16087),#16112,.F.);
#16087 = FACE_BOUND('',#16088,.F.);
#16088 = EDGE_LOOP('',(#16089,#16090,#16098,#16106));
#16089 = ORIENTED_EDGE('',*,*,#16068,.T.);
#16090 = ORIENTED_EDGE('',*,*,#16091,.T.);
#16091 = EDGE_CURVE('',#16061,#16092,#16094,.T.);
#16092 = VERTEX_POINT('',#16093);
#16093 = CARTESIAN_POINT('',(1.825,0.22,0.42));
#16094 = LINE('',#16095,#16096);
#16095 = CARTESIAN_POINT('',(1.825,0.28,0.26));
#16096 = VECTOR('',#16097,1.);
#16097 = DIRECTION('',(0.,-0.351123441588,0.936329177569));
#16098 = ORIENTED_EDGE('',*,*,#16099,.F.);
#16099 = EDGE_CURVE('',#16100,#16092,#16102,.T.);
#16100 = VERTEX_POINT('',#16101);
#16101 = CARTESIAN_POINT('',(1.675,0.22,0.42));
#16102 = LINE('',#16103,#16104);
#16103 = CARTESIAN_POINT('',(1.675,0.22,0.42));
#16104 = VECTOR('',#16105,1.);
#16105 = DIRECTION('',(1.,0.,0.));
#16106 = ORIENTED_EDGE('',*,*,#16107,.F.);
#16107 = EDGE_CURVE('',#16069,#16100,#16108,.T.);
#16108 = LINE('',#16109,#16110);
#16109 = CARTESIAN_POINT('',(1.675,0.28,0.26));
#16110 = VECTOR('',#16111,1.);
#16111 = DIRECTION('',(0.,-0.351123441588,0.936329177569));
#16112 = PLANE('',#16113);
#16113 = AXIS2_PLACEMENT_3D('',#16114,#16115,#16116);
#16114 = CARTESIAN_POINT('',(1.675,0.28,0.26));
#16115 = DIRECTION('',(0.,-0.936329177569,-0.351123441588));
#16116 = DIRECTION('',(0.,-0.351123441588,0.936329177569));
#16117 = ADVANCED_FACE('',(#16118),#16143,.F.);
#16118 = FACE_BOUND('',#16119,.F.);
#16119 = EDGE_LOOP('',(#16120,#16121,#16129,#16137));
#16120 = ORIENTED_EDGE('',*,*,#16099,.T.);
#16121 = ORIENTED_EDGE('',*,*,#16122,.T.);
#16122 = EDGE_CURVE('',#16092,#16123,#16125,.T.);
#16123 = VERTEX_POINT('',#16124);
#16124 = CARTESIAN_POINT('',(1.825,0.22,0.78));
#16125 = LINE('',#16126,#16127);
#16126 = CARTESIAN_POINT('',(1.825,0.22,0.42));
#16127 = VECTOR('',#16128,1.);
#16128 = DIRECTION('',(0.,0.,1.));
#16129 = ORIENTED_EDGE('',*,*,#16130,.F.);
#16130 = EDGE_CURVE('',#16131,#16123,#16133,.T.);
#16131 = VERTEX_POINT('',#16132);
#16132 = CARTESIAN_POINT('',(1.675,0.22,0.78));
#16133 = LINE('',#16134,#16135);
#16134 = CARTESIAN_POINT('',(1.675,0.22,0.78));
#16135 = VECTOR('',#16136,1.);
#16136 = DIRECTION('',(1.,0.,0.));
#16137 = ORIENTED_EDGE('',*,*,#16138,.F.);
#16138 = EDGE_CURVE('',#16100,#16131,#16139,.T.);
#16139 = LINE('',#16140,#16141);
#16140 = CARTESIAN_POINT('',(1.675,0.22,0.42));
#16141 = VECTOR('',#16142,1.);
#16142 = DIRECTION('',(0.,0.,1.));
#16143 = PLANE('',#16144);
#16144 = AXIS2_PLACEMENT_3D('',#16145,#16146,#16147);
#16145 = CARTESIAN_POINT('',(1.675,0.22,0.42));
#16146 = DIRECTION('',(0.,-1.,0.));
#16147 = DIRECTION('',(0.,0.,1.));
#16148 = ADVANCED_FACE('',(#16149),#16174,.F.);
#16149 = FACE_BOUND('',#16150,.F.);
#16150 = EDGE_LOOP('',(#16151,#16152,#16160,#16168));
#16151 = ORIENTED_EDGE('',*,*,#16130,.T.);
#16152 = ORIENTED_EDGE('',*,*,#16153,.T.);
#16153 = EDGE_CURVE('',#16123,#16154,#16156,.T.);
#16154 = VERTEX_POINT('',#16155);
#16155 = CARTESIAN_POINT('',(1.825,6.E-02,0.84));
#16156 = LINE('',#16157,#16158);
#16157 = CARTESIAN_POINT('',(1.825,0.22,0.78));
#16158 = VECTOR('',#16159,1.);
#16159 = DIRECTION('',(0.,-0.936329177569,0.351123441588));
#16160 = ORIENTED_EDGE('',*,*,#16161,.F.);
#16161 = EDGE_CURVE('',#16162,#16154,#16164,.T.);
#16162 = VERTEX_POINT('',#16163);
#16163 = CARTESIAN_POINT('',(1.675,6.E-02,0.84));
#16164 = LINE('',#16165,#16166);
#16165 = CARTESIAN_POINT('',(1.675,6.E-02,0.84));
#16166 = VECTOR('',#16167,1.);
#16167 = DIRECTION('',(1.,0.,0.));
#16168 = ORIENTED_EDGE('',*,*,#16169,.F.);
#16169 = EDGE_CURVE('',#16131,#16162,#16170,.T.);
#16170 = LINE('',#16171,#16172);
#16171 = CARTESIAN_POINT('',(1.675,0.22,0.78));
#16172 = VECTOR('',#16173,1.);
#16173 = DIRECTION('',(0.,-0.936329177569,0.351123441588));
#16174 = PLANE('',#16175);
#16175 = AXIS2_PLACEMENT_3D('',#16176,#16177,#16178);
#16176 = CARTESIAN_POINT('',(1.675,0.22,0.78));
#16177 = DIRECTION('',(0.,-0.351123441588,-0.936329177569));
#16178 = DIRECTION('',(0.,-0.936329177569,0.351123441588));
#16179 = ADVANCED_FACE('',(#16180),#16205,.F.);
#16180 = FACE_BOUND('',#16181,.F.);
#16181 = EDGE_LOOP('',(#16182,#16183,#16191,#16199));
#16182 = ORIENTED_EDGE('',*,*,#16161,.T.);
#16183 = ORIENTED_EDGE('',*,*,#16184,.T.);
#16184 = EDGE_CURVE('',#16154,#16185,#16187,.T.);
#16185 = VERTEX_POINT('',#16186);
#16186 = CARTESIAN_POINT('',(1.825,-0.3,0.82));
#16187 = LINE('',#16188,#16189);
#16188 = CARTESIAN_POINT('',(1.825,6.E-02,0.84));
#16189 = VECTOR('',#16190,1.);
#16190 = DIRECTION('',(0.,-0.998460353205,-5.547001962252E-02));
#16191 = ORIENTED_EDGE('',*,*,#16192,.F.);
#16192 = EDGE_CURVE('',#16193,#16185,#16195,.T.);
#16193 = VERTEX_POINT('',#16194);
#16194 = CARTESIAN_POINT('',(1.675,-0.3,0.82));
#16195 = LINE('',#16196,#16197);
#16196 = CARTESIAN_POINT('',(1.675,-0.3,0.82));
#16197 = VECTOR('',#16198,1.);
#16198 = DIRECTION('',(1.,0.,0.));
#16199 = ORIENTED_EDGE('',*,*,#16200,.F.);
#16200 = EDGE_CURVE('',#16162,#16193,#16201,.T.);
#16201 = LINE('',#16202,#16203);
#16202 = CARTESIAN_POINT('',(1.675,6.E-02,0.84));
#16203 = VECTOR('',#16204,1.);
#16204 = DIRECTION('',(0.,-0.998460353205,-5.547001962252E-02));
#16205 = PLANE('',#16206);
#16206 = AXIS2_PLACEMENT_3D('',#16207,#16208,#16209);
#16207 = CARTESIAN_POINT('',(1.675,6.E-02,0.84));
#16208 = DIRECTION('',(0.,5.547001962252E-02,-0.998460353205));
#16209 = DIRECTION('',(0.,-0.998460353205,-5.547001962252E-02));
#16210 = ADVANCED_FACE('',(#16211),#16236,.F.);
#16211 = FACE_BOUND('',#16212,.F.);
#16212 = EDGE_LOOP('',(#16213,#16214,#16222,#16230));
#16213 = ORIENTED_EDGE('',*,*,#16192,.T.);
#16214 = ORIENTED_EDGE('',*,*,#16215,.T.);
#16215 = EDGE_CURVE('',#16185,#16216,#16218,.T.);
#16216 = VERTEX_POINT('',#16217);
#16217 = CARTESIAN_POINT('',(1.825,-1.39,0.72));
#16218 = LINE('',#16219,#16220);
#16219 = CARTESIAN_POINT('',(1.825,-0.3,0.82));
#16220 = VECTOR('',#16221,1.);
#16221 = DIRECTION('',(0.,-0.995817981008,-9.135944779885E-02));
#16222 = ORIENTED_EDGE('',*,*,#16223,.F.);
#16223 = EDGE_CURVE('',#16224,#16216,#16226,.T.);
#16224 = VERTEX_POINT('',#16225);
#16225 = CARTESIAN_POINT('',(1.675,-1.39,0.72));
#16226 = LINE('',#16227,#16228);
#16227 = CARTESIAN_POINT('',(1.675,-1.39,0.72));
#16228 = VECTOR('',#16229,1.);
#16229 = DIRECTION('',(1.,0.,0.));
#16230 = ORIENTED_EDGE('',*,*,#16231,.F.);
#16231 = EDGE_CURVE('',#16193,#16224,#16232,.T.);
#16232 = LINE('',#16233,#16234);
#16233 = CARTESIAN_POINT('',(1.675,-0.3,0.82));
#16234 = VECTOR('',#16235,1.);
#16235 = DIRECTION('',(0.,-0.995817981008,-9.135944779885E-02));
#16236 = PLANE('',#16237);
#16237 = AXIS2_PLACEMENT_3D('',#16238,#16239,#16240);
#16238 = CARTESIAN_POINT('',(1.675,-0.3,0.82));
#16239 = DIRECTION('',(0.,9.135944779885E-02,-0.995817981008));
#16240 = DIRECTION('',(0.,-0.995817981008,-9.135944779885E-02));
#16241 = ADVANCED_FACE('',(#16242),#16267,.F.);
#16242 = FACE_BOUND('',#16243,.F.);
#16243 = EDGE_LOOP('',(#16244,#16245,#16253,#16261));
#16244 = ORIENTED_EDGE('',*,*,#16223,.T.);
#16245 = ORIENTED_EDGE('',*,*,#16246,.T.);
#16246 = EDGE_CURVE('',#16216,#16247,#16249,.T.);
#16247 = VERTEX_POINT('',#16248);
#16248 = CARTESIAN_POINT('',(1.825,-1.47,0.68));
#16249 = LINE('',#16250,#16251);
#16250 = CARTESIAN_POINT('',(1.825,-1.39,0.72));
#16251 = VECTOR('',#16252,1.);
#16252 = DIRECTION('',(0.,-0.894427191,-0.4472135955));
#16253 = ORIENTED_EDGE('',*,*,#16254,.F.);
#16254 = EDGE_CURVE('',#16255,#16247,#16257,.T.);
#16255 = VERTEX_POINT('',#16256);
#16256 = CARTESIAN_POINT('',(1.675,-1.47,0.68));
#16257 = LINE('',#16258,#16259);
#16258 = CARTESIAN_POINT('',(1.675,-1.47,0.68));
#16259 = VECTOR('',#16260,1.);
#16260 = DIRECTION('',(1.,0.,0.));
#16261 = ORIENTED_EDGE('',*,*,#16262,.F.);
#16262 = EDGE_CURVE('',#16224,#16255,#16263,.T.);
#16263 = LINE('',#16264,#16265);
#16264 = CARTESIAN_POINT('',(1.675,-1.39,0.72));
#16265 = VECTOR('',#16266,1.);
#16266 = DIRECTION('',(0.,-0.894427191,-0.4472135955));
#16267 = PLANE('',#16268);
#16268 = AXIS2_PLACEMENT_3D('',#16269,#16270,#16271);
#16269 = CARTESIAN_POINT('',(1.675,-1.39,0.72));
#16270 = DIRECTION('',(0.,0.4472135955,-0.894427191));
#16271 = DIRECTION('',(0.,-0.894427191,-0.4472135955));
#16272 = ADVANCED_FACE('',(#16273),#16298,.F.);
#16273 = FACE_BOUND('',#16274,.F.);
#16274 = EDGE_LOOP('',(#16275,#16276,#16284,#16292));
#16275 = ORIENTED_EDGE('',*,*,#16254,.T.);
#16276 = ORIENTED_EDGE('',*,*,#16277,.T.);
#16277 = EDGE_CURVE('',#16247,#16278,#16280,.T.);
#16278 = VERTEX_POINT('',#16279);
#16279 = CARTESIAN_POINT('',(1.825,-1.41,0.63));
#16280 = LINE('',#16281,#16282);
#16281 = CARTESIAN_POINT('',(1.825,-1.47,0.68));
#16282 = VECTOR('',#16283,1.);
#16283 = DIRECTION('',(0.,0.768221279597,-0.640184399664));
#16284 = ORIENTED_EDGE('',*,*,#16285,.F.);
#16285 = EDGE_CURVE('',#16286,#16278,#16288,.T.);
#16286 = VERTEX_POINT('',#16287);
#16287 = CARTESIAN_POINT('',(1.675,-1.41,0.63));
#16288 = LINE('',#16289,#16290);
#16289 = CARTESIAN_POINT('',(1.675,-1.41,0.63));
#16290 = VECTOR('',#16291,1.);
#16291 = DIRECTION('',(1.,0.,0.));
#16292 = ORIENTED_EDGE('',*,*,#16293,.F.);
#16293 = EDGE_CURVE('',#16255,#16286,#16294,.T.);
#16294 = LINE('',#16295,#16296);
#16295 = CARTESIAN_POINT('',(1.675,-1.47,0.68));
#16296 = VECTOR('',#16297,1.);
#16297 = DIRECTION('',(0.,0.768221279597,-0.640184399664));
#16298 = PLANE('',#16299);
#16299 = AXIS2_PLACEMENT_3D('',#16300,#16301,#16302);
#16300 = CARTESIAN_POINT('',(1.675,-1.47,0.68));
#16301 = DIRECTION('',(-0.,0.640184399664,0.768221279597));
#16302 = DIRECTION('',(0.,0.768221279597,-0.640184399664));
#16303 = ADVANCED_FACE('',(#16304),#16329,.F.);
#16304 = FACE_BOUND('',#16305,.F.);
#16305 = EDGE_LOOP('',(#16306,#16307,#16315,#16323));
#16306 = ORIENTED_EDGE('',*,*,#16285,.T.);
#16307 = ORIENTED_EDGE('',*,*,#16308,.T.);
#16308 = EDGE_CURVE('',#16278,#16309,#16311,.T.);
#16309 = VERTEX_POINT('',#16310);
#16310 = CARTESIAN_POINT('',(1.825,-1.3,0.65));
#16311 = LINE('',#16312,#16313);
#16312 = CARTESIAN_POINT('',(1.825,-1.41,0.63));
#16313 = VECTOR('',#16314,1.);
#16314 = DIRECTION('',(0.,0.9838699101,0.1788854382));
#16315 = ORIENTED_EDGE('',*,*,#16316,.F.);
#16316 = EDGE_CURVE('',#16317,#16309,#16319,.T.);
#16317 = VERTEX_POINT('',#16318);
#16318 = CARTESIAN_POINT('',(1.675,-1.3,0.65));
#16319 = LINE('',#16320,#16321);
#16320 = CARTESIAN_POINT('',(1.675,-1.3,0.65));
#16321 = VECTOR('',#16322,1.);
#16322 = DIRECTION('',(1.,0.,0.));
#16323 = ORIENTED_EDGE('',*,*,#16324,.F.);
#16324 = EDGE_CURVE('',#16286,#16317,#16325,.T.);
#16325 = LINE('',#16326,#16327);
#16326 = CARTESIAN_POINT('',(1.675,-1.41,0.63));
#16327 = VECTOR('',#16328,1.);
#16328 = DIRECTION('',(0.,0.9838699101,0.1788854382));
#16329 = PLANE('',#16330);
#16330 = AXIS2_PLACEMENT_3D('',#16331,#16332,#16333);
#16331 = CARTESIAN_POINT('',(1.675,-1.41,0.63));
#16332 = DIRECTION('',(0.,-0.1788854382,0.9838699101));
#16333 = DIRECTION('',(0.,0.9838699101,0.1788854382));
#16334 = ADVANCED_FACE('',(#16335),#16360,.F.);
#16335 = FACE_BOUND('',#16336,.F.);
#16336 = EDGE_LOOP('',(#16337,#16338,#16346,#16354));
#16337 = ORIENTED_EDGE('',*,*,#16316,.T.);
#16338 = ORIENTED_EDGE('',*,*,#16339,.T.);
#16339 = EDGE_CURVE('',#16309,#16340,#16342,.T.);
#16340 = VERTEX_POINT('',#16341);
#16341 = CARTESIAN_POINT('',(1.825,-0.28,0.75));
#16342 = LINE('',#16343,#16344);
#16343 = CARTESIAN_POINT('',(1.825,-1.3,0.65));
#16344 = VECTOR('',#16345,1.);
#16345 = DIRECTION('',(0.,0.99522852512,9.757142403137E-02));
#16346 = ORIENTED_EDGE('',*,*,#16347,.F.);
#16347 = EDGE_CURVE('',#16348,#16340,#16350,.T.);
#16348 = VERTEX_POINT('',#16349);
#16349 = CARTESIAN_POINT('',(1.675,-0.28,0.75));
#16350 = LINE('',#16351,#16352);
#16351 = CARTESIAN_POINT('',(1.675,-0.28,0.75));
#16352 = VECTOR('',#16353,1.);
#16353 = DIRECTION('',(1.,0.,0.));
#16354 = ORIENTED_EDGE('',*,*,#16355,.F.);
#16355 = EDGE_CURVE('',#16317,#16348,#16356,.T.);
#16356 = LINE('',#16357,#16358);
#16357 = CARTESIAN_POINT('',(1.675,-1.3,0.65));
#16358 = VECTOR('',#16359,1.);
#16359 = DIRECTION('',(0.,0.99522852512,9.757142403137E-02));
#16360 = PLANE('',#16361);
#16361 = AXIS2_PLACEMENT_3D('',#16362,#16363,#16364);
#16362 = CARTESIAN_POINT('',(1.675,-1.3,0.65));
#16363 = DIRECTION('',(0.,-9.757142403137E-02,0.99522852512));
#16364 = DIRECTION('',(0.,0.99522852512,9.757142403137E-02));
#16365 = ADVANCED_FACE('',(#16366),#16391,.F.);
#16366 = FACE_BOUND('',#16367,.F.);
#16367 = EDGE_LOOP('',(#16368,#16369,#16377,#16385));
#16368 = ORIENTED_EDGE('',*,*,#16347,.T.);
#16369 = ORIENTED_EDGE('',*,*,#16370,.T.);
#16370 = EDGE_CURVE('',#16340,#16371,#16373,.T.);
#16371 = VERTEX_POINT('',#16372);
#16372 = CARTESIAN_POINT('',(1.825,0.12,0.75));
#16373 = LINE('',#16374,#16375);
#16374 = CARTESIAN_POINT('',(1.825,-0.28,0.75));
#16375 = VECTOR('',#16376,1.);
#16376 = DIRECTION('',(0.,1.,0.));
#16377 = ORIENTED_EDGE('',*,*,#16378,.F.);
#16378 = EDGE_CURVE('',#16379,#16371,#16381,.T.);
#16379 = VERTEX_POINT('',#16380);
#16380 = CARTESIAN_POINT('',(1.675,0.12,0.75));
#16381 = LINE('',#16382,#16383);
#16382 = CARTESIAN_POINT('',(1.675,0.12,0.75));
#16383 = VECTOR('',#16384,1.);
#16384 = DIRECTION('',(1.,0.,0.));
#16385 = ORIENTED_EDGE('',*,*,#16386,.F.);
#16386 = EDGE_CURVE('',#16348,#16379,#16387,.T.);
#16387 = LINE('',#16388,#16389);
#16388 = CARTESIAN_POINT('',(1.675,-0.28,0.75));
#16389 = VECTOR('',#16390,1.);
#16390 = DIRECTION('',(0.,1.,0.));
#16391 = PLANE('',#16392);
#16392 = AXIS2_PLACEMENT_3D('',#16393,#16394,#16395);
#16393 = CARTESIAN_POINT('',(1.675,-0.28,0.75));
#16394 = DIRECTION('',(0.,0.,1.));
#16395 = DIRECTION('',(0.,1.,0.));
#16396 = ADVANCED_FACE('',(#16397),#16422,.F.);
#16397 = FACE_BOUND('',#16398,.F.);
#16398 = EDGE_LOOP('',(#16399,#16400,#16408,#16416));
#16399 = ORIENTED_EDGE('',*,*,#16378,.T.);
#16400 = ORIENTED_EDGE('',*,*,#16401,.T.);
#16401 = EDGE_CURVE('',#16371,#16402,#16404,.T.);
#16402 = VERTEX_POINT('',#16403);
#16403 = CARTESIAN_POINT('',(1.825,0.12,0.43));
#16404 = LINE('',#16405,#16406);
#16405 = CARTESIAN_POINT('',(1.825,0.12,0.75));
#16406 = VECTOR('',#16407,1.);
#16407 = DIRECTION('',(0.,0.,-1.));
#16408 = ORIENTED_EDGE('',*,*,#16409,.F.);
#16409 = EDGE_CURVE('',#16410,#16402,#16412,.T.);
#16410 = VERTEX_POINT('',#16411);
#16411 = CARTESIAN_POINT('',(1.675,0.12,0.43));
#16412 = LINE('',#16413,#16414);
#16413 = CARTESIAN_POINT('',(1.675,0.12,0.43));
#16414 = VECTOR('',#16415,1.);
#16415 = DIRECTION('',(1.,0.,0.));
#16416 = ORIENTED_EDGE('',*,*,#16417,.F.);
#16417 = EDGE_CURVE('',#16379,#16410,#16418,.T.);
#16418 = LINE('',#16419,#16420);
#16419 = CARTESIAN_POINT('',(1.675,0.12,0.75));
#16420 = VECTOR('',#16421,1.);
#16421 = DIRECTION('',(0.,0.,-1.));
#16422 = PLANE('',#16423);
#16423 = AXIS2_PLACEMENT_3D('',#16424,#16425,#16426);
#16424 = CARTESIAN_POINT('',(1.675,0.12,0.75));
#16425 = DIRECTION('',(-0.,1.,0.));
#16426 = DIRECTION('',(0.,0.,-1.));
#16427 = ADVANCED_FACE('',(#16428),#16453,.F.);
#16428 = FACE_BOUND('',#16429,.F.);
#16429 = EDGE_LOOP('',(#16430,#16431,#16439,#16447));
#16430 = ORIENTED_EDGE('',*,*,#16409,.T.);
#16431 = ORIENTED_EDGE('',*,*,#16432,.T.);
#16432 = EDGE_CURVE('',#16402,#16433,#16435,.T.);
#16433 = VERTEX_POINT('',#16434);
#16434 = CARTESIAN_POINT('',(1.825,-0.44,0.43));
#16435 = LINE('',#16436,#16437);
#16436 = CARTESIAN_POINT('',(1.825,0.12,0.43));
#16437 = VECTOR('',#16438,1.);
#16438 = DIRECTION('',(0.,-1.,0.));
#16439 = ORIENTED_EDGE('',*,*,#16440,.F.);
#16440 = EDGE_CURVE('',#16441,#16433,#16443,.T.);
#16441 = VERTEX_POINT('',#16442);
#16442 = CARTESIAN_POINT('',(1.675,-0.44,0.43));
#16443 = LINE('',#16444,#16445);
#16444 = CARTESIAN_POINT('',(1.675,-0.44,0.43));
#16445 = VECTOR('',#16446,1.);
#16446 = DIRECTION('',(1.,0.,0.));
#16447 = ORIENTED_EDGE('',*,*,#16448,.F.);
#16448 = EDGE_CURVE('',#16410,#16441,#16449,.T.);
#16449 = LINE('',#16450,#16451);
#16450 = CARTESIAN_POINT('',(1.675,0.12,0.43));
#16451 = VECTOR('',#16452,1.);
#16452 = DIRECTION('',(0.,-1.,0.));
#16453 = PLANE('',#16454);
#16454 = AXIS2_PLACEMENT_3D('',#16455,#16456,#16457);
#16455 = CARTESIAN_POINT('',(1.675,0.12,0.43));
#16456 = DIRECTION('',(0.,0.,-1.));
#16457 = DIRECTION('',(0.,-1.,0.));
#16458 = ADVANCED_FACE('',(#16459),#16484,.F.);
#16459 = FACE_BOUND('',#16460,.F.);
#16460 = EDGE_LOOP('',(#16461,#16462,#16470,#16478));
#16461 = ORIENTED_EDGE('',*,*,#16440,.T.);
#16462 = ORIENTED_EDGE('',*,*,#16463,.T.);
#16463 = EDGE_CURVE('',#16433,#16464,#16466,.T.);
#16464 = VERTEX_POINT('',#16465);
#16465 = CARTESIAN_POINT('',(1.825,-0.76,0.36));
#16466 = LINE('',#16467,#16468);
#16467 = CARTESIAN_POINT('',(1.825,-0.44,0.43));
#16468 = VECTOR('',#16469,1.);
#16469 = DIRECTION('',(0.,-0.976900017396,-0.213696878805));
#16470 = ORIENTED_EDGE('',*,*,#16471,.F.);
#16471 = EDGE_CURVE('',#16472,#16464,#16474,.T.);
#16472 = VERTEX_POINT('',#16473);
#16473 = CARTESIAN_POINT('',(1.675,-0.76,0.36));
#16474 = LINE('',#16475,#16476);
#16475 = CARTESIAN_POINT('',(1.675,-0.76,0.36));
#16476 = VECTOR('',#16477,1.);
#16477 = DIRECTION('',(1.,0.,0.));
#16478 = ORIENTED_EDGE('',*,*,#16479,.F.);
#16479 = EDGE_CURVE('',#16441,#16472,#16480,.T.);
#16480 = LINE('',#16481,#16482);
#16481 = CARTESIAN_POINT('',(1.675,-0.44,0.43));
#16482 = VECTOR('',#16483,1.);
#16483 = DIRECTION('',(0.,-0.976900017396,-0.213696878805));
#16484 = PLANE('',#16485);
#16485 = AXIS2_PLACEMENT_3D('',#16486,#16487,#16488);
#16486 = CARTESIAN_POINT('',(1.675,-0.44,0.43));
#16487 = DIRECTION('',(0.,0.213696878805,-0.976900017396));
#16488 = DIRECTION('',(0.,-0.976900017396,-0.213696878805));
#16489 = ADVANCED_FACE('',(#16490),#16515,.F.);
#16490 = FACE_BOUND('',#16491,.F.);
#16491 = EDGE_LOOP('',(#16492,#16493,#16501,#16509));
#16492 = ORIENTED_EDGE('',*,*,#16471,.T.);
#16493 = ORIENTED_EDGE('',*,*,#16494,.T.);
#16494 = EDGE_CURVE('',#16464,#16495,#16497,.T.);
#16495 = VERTEX_POINT('',#16496);
#16496 = CARTESIAN_POINT('',(1.825,-1.37,0.35));
#16497 = LINE('',#16498,#16499);
#16498 = CARTESIAN_POINT('',(1.825,-0.76,0.36));
#16499 = VECTOR('',#16500,1.);
#16500 = DIRECTION('',(0.,-0.999865654597,-1.63912402393E-02));
#16501 = ORIENTED_EDGE('',*,*,#16502,.F.);
#16502 = EDGE_CURVE('',#16503,#16495,#16505,.T.);
#16503 = VERTEX_POINT('',#16504);
#16504 = CARTESIAN_POINT('',(1.675,-1.37,0.35));
#16505 = LINE('',#16506,#16507);
#16506 = CARTESIAN_POINT('',(1.675,-1.37,0.35));
#16507 = VECTOR('',#16508,1.);
#16508 = DIRECTION('',(1.,0.,0.));
#16509 = ORIENTED_EDGE('',*,*,#16510,.F.);
#16510 = EDGE_CURVE('',#16472,#16503,#16511,.T.);
#16511 = LINE('',#16512,#16513);
#16512 = CARTESIAN_POINT('',(1.675,-0.76,0.36));
#16513 = VECTOR('',#16514,1.);
#16514 = DIRECTION('',(0.,-0.999865654597,-1.63912402393E-02));
#16515 = PLANE('',#16516);
#16516 = AXIS2_PLACEMENT_3D('',#16517,#16518,#16519);
#16517 = CARTESIAN_POINT('',(1.675,-0.76,0.36));
#16518 = DIRECTION('',(0.,1.63912402393E-02,-0.999865654597));
#16519 = DIRECTION('',(0.,-0.999865654597,-1.63912402393E-02));
#16520 = ADVANCED_FACE('',(#16521),#16537,.F.);
#16521 = FACE_BOUND('',#16522,.F.);
#16522 = EDGE_LOOP('',(#16523,#16524,#16530,#16531));
#16523 = ORIENTED_EDGE('',*,*,#16502,.T.);
#16524 = ORIENTED_EDGE('',*,*,#16525,.T.);
#16525 = EDGE_CURVE('',#16495,#15681,#16526,.T.);
#16526 = LINE('',#16527,#16528);
#16527 = CARTESIAN_POINT('',(1.825,-1.37,0.35));
#16528 = VECTOR('',#16529,1.);
#16529 = DIRECTION('',(0.,-0.894427191,-0.4472135955));
#16530 = ORIENTED_EDGE('',*,*,#15678,.F.);
#16531 = ORIENTED_EDGE('',*,*,#16532,.F.);
#16532 = EDGE_CURVE('',#16503,#15679,#16533,.T.);
#16533 = LINE('',#16534,#16535);
#16534 = CARTESIAN_POINT('',(1.675,-1.37,0.35));
#16535 = VECTOR('',#16536,1.);
#16536 = DIRECTION('',(0.,-0.894427191,-0.4472135955));
#16537 = PLANE('',#16538);
#16538 = AXIS2_PLACEMENT_3D('',#16539,#16540,#16541);
#16539 = CARTESIAN_POINT('',(1.675,-1.37,0.35));
#16540 = DIRECTION('',(0.,0.4472135955,-0.894427191));
#16541 = DIRECTION('',(0.,-0.894427191,-0.4472135955));
#16542 = ADVANCED_FACE('',(#16543),#16573,.F.);
#16543 = FACE_BOUND('',#16544,.F.);
#16544 = EDGE_LOOP('',(#16545,#16546,#16547,#16548,#16549,#16550,#16551,
    #16552,#16553,#16554,#16555,#16556,#16557,#16558,#16559,#16560,
    #16561,#16562,#16563,#16564,#16565,#16566,#16567,#16568,#16569,
    #16570,#16571,#16572));
#16545 = ORIENTED_EDGE('',*,*,#15704,.T.);
#16546 = ORIENTED_EDGE('',*,*,#15735,.T.);
#16547 = ORIENTED_EDGE('',*,*,#15766,.T.);
#16548 = ORIENTED_EDGE('',*,*,#15797,.T.);
#16549 = ORIENTED_EDGE('',*,*,#15828,.T.);
#16550 = ORIENTED_EDGE('',*,*,#15859,.T.);
#16551 = ORIENTED_EDGE('',*,*,#15890,.T.);
#16552 = ORIENTED_EDGE('',*,*,#15921,.T.);
#16553 = ORIENTED_EDGE('',*,*,#15952,.T.);
#16554 = ORIENTED_EDGE('',*,*,#15983,.T.);
#16555 = ORIENTED_EDGE('',*,*,#16014,.T.);
#16556 = ORIENTED_EDGE('',*,*,#16045,.T.);
#16557 = ORIENTED_EDGE('',*,*,#16076,.T.);
#16558 = ORIENTED_EDGE('',*,*,#16107,.T.);
#16559 = ORIENTED_EDGE('',*,*,#16138,.T.);
#16560 = ORIENTED_EDGE('',*,*,#16169,.T.);
#16561 = ORIENTED_EDGE('',*,*,#16200,.T.);
#16562 = ORIENTED_EDGE('',*,*,#16231,.T.);
#16563 = ORIENTED_EDGE('',*,*,#16262,.T.);
#16564 = ORIENTED_EDGE('',*,*,#16293,.T.);
#16565 = ORIENTED_EDGE('',*,*,#16324,.T.);
#16566 = ORIENTED_EDGE('',*,*,#16355,.T.);
#16567 = ORIENTED_EDGE('',*,*,#16386,.T.);
#16568 = ORIENTED_EDGE('',*,*,#16417,.T.);
#16569 = ORIENTED_EDGE('',*,*,#16448,.T.);
#16570 = ORIENTED_EDGE('',*,*,#16479,.T.);
#16571 = ORIENTED_EDGE('',*,*,#16510,.T.);
#16572 = ORIENTED_EDGE('',*,*,#16532,.T.);
#16573 = PLANE('',#16574);
#16574 = AXIS2_PLACEMENT_3D('',#16575,#16576,#16577);
#16575 = CARTESIAN_POINT('',(1.675,-0.200937564723,0.444942085346));
#16576 = DIRECTION('',(1.,0.,0.));
#16577 = DIRECTION('',(-0.,0.,1.));
#16578 = ADVANCED_FACE('',(#16579),#16609,.T.);
#16579 = FACE_BOUND('',#16580,.T.);
#16580 = EDGE_LOOP('',(#16581,#16582,#16583,#16584,#16585,#16586,#16587,
    #16588,#16589,#16590,#16591,#16592,#16593,#16594,#16595,#16596,
    #16597,#16598,#16599,#16600,#16601,#16602,#16603,#16604,#16605,
    #16606,#16607,#16608));
#16581 = ORIENTED_EDGE('',*,*,#15688,.T.);
#16582 = ORIENTED_EDGE('',*,*,#15719,.T.);
#16583 = ORIENTED_EDGE('',*,*,#15750,.T.);
#16584 = ORIENTED_EDGE('',*,*,#15781,.T.);
#16585 = ORIENTED_EDGE('',*,*,#15812,.T.);
#16586 = ORIENTED_EDGE('',*,*,#15843,.T.);
#16587 = ORIENTED_EDGE('',*,*,#15874,.T.);
#16588 = ORIENTED_EDGE('',*,*,#15905,.T.);
#16589 = ORIENTED_EDGE('',*,*,#15936,.T.);
#16590 = ORIENTED_EDGE('',*,*,#15967,.T.);
#16591 = ORIENTED_EDGE('',*,*,#15998,.T.);
#16592 = ORIENTED_EDGE('',*,*,#16029,.T.);
#16593 = ORIENTED_EDGE('',*,*,#16060,.T.);
#16594 = ORIENTED_EDGE('',*,*,#16091,.T.);
#16595 = ORIENTED_EDGE('',*,*,#16122,.T.);
#16596 = ORIENTED_EDGE('',*,*,#16153,.T.);
#16597 = ORIENTED_EDGE('',*,*,#16184,.T.);
#16598 = ORIENTED_EDGE('',*,*,#16215,.T.);
#16599 = ORIENTED_EDGE('',*,*,#16246,.T.);
#16600 = ORIENTED_EDGE('',*,*,#16277,.T.);
#16601 = ORIENTED_EDGE('',*,*,#16308,.T.);
#16602 = ORIENTED_EDGE('',*,*,#16339,.T.);
#16603 = ORIENTED_EDGE('',*,*,#16370,.T.);
#16604 = ORIENTED_EDGE('',*,*,#16401,.T.);
#16605 = ORIENTED_EDGE('',*,*,#16432,.T.);
#16606 = ORIENTED_EDGE('',*,*,#16463,.T.);
#16607 = ORIENTED_EDGE('',*,*,#16494,.T.);
#16608 = ORIENTED_EDGE('',*,*,#16525,.T.);
#16609 = PLANE('',#16610);
#16610 = AXIS2_PLACEMENT_3D('',#16611,#16612,#16613);
#16611 = CARTESIAN_POINT('',(1.825,-0.200937564723,0.444942085346));
#16612 = DIRECTION('',(1.,0.,0.));
#16613 = DIRECTION('',(-0.,0.,1.));
#16614 = ( GEOMETRIC_REPRESENTATION_CONTEXT(3)
GLOBAL_UNCERTAINTY_ASSIGNED_CONTEXT((#16618))
GLOBAL_UNIT_ASSIGNED_CONTEXT((#16615,#16616,#16617))
REPRESENTATION_CONTEXT('Context #1',
  '3D Context with UNIT and UNCERTAINTY') );
#16615 = ( LENGTH_UNIT() NAMED_UNIT(*) SI_UNIT(.MILLI.,.METRE.) );
#16616 = ( NAMED_UNIT(*) PLANE_ANGLE_UNIT() SI_UNIT($,.RADIAN.) );
#16617 = ( NAMED_UNIT(*) SI_UNIT($,.STERADIAN.) SOLID_ANGLE_UNIT() );
#16618 = UNCERTAINTY_MEASURE_WITH_UNIT(LENGTH_MEASURE(1.E-07),#16615,
  'distance_accuracy_value','confusion accuracy');
#16619 = CONTEXT_DEPENDENT_SHAPE_REPRESENTATION(#16620,#16622);
#16620 = ( REPRESENTATION_RELATIONSHIP('','',#15671,#10)
REPRESENTATION_RELATIONSHIP_WITH_TRANSFORMATION(#16621)
SHAPE_REPRESENTATION_RELATIONSHIP() );
#16621 = ITEM_DEFINED_TRANSFORMATION('','',#11,#59);
#16622 = PRODUCT_DEFINITION_SHAPE('Placement','Placement of an item',
  #16623);
#16623 = NEXT_ASSEMBLY_USAGE_OCCURRENCE('12','Gold_contact_10','',#5,
  #15666,$);
#16624 = PRODUCT_RELATED_PRODUCT_CATEGORY('part',$,(#15668));
#16625 = SHAPE_DEFINITION_REPRESENTATION(#16626,#16632);
#16626 = PRODUCT_DEFINITION_SHAPE('','',#16627);
#16627 = PRODUCT_DEFINITION('design','',#16628,#16631);
#16628 = PRODUCT_DEFINITION_FORMATION('','',#16629);
#16629 = PRODUCT('Gold_contact_11','Gold_contact_11','',(#16630));
#16630 = PRODUCT_CONTEXT('',#2,'mechanical');
#16631 = PRODUCT_DEFINITION_CONTEXT('part definition',#2,'design');
#16632 = ADVANCED_BREP_SHAPE_REPRESENTATION('',(#11,#16633),#17575);
#16633 = MANIFOLD_SOLID_BREP('',#16634);
#16634 = CLOSED_SHELL('',(#16635,#16675,#16706,#16737,#16768,#16799,
    #16830,#16861,#16892,#16923,#16954,#16985,#17016,#17047,#17078,
    #17109,#17140,#17171,#17202,#17233,#17264,#17295,#17326,#17357,
    #17388,#17419,#17450,#17481,#17503,#17539));
#16635 = ADVANCED_FACE('',(#16636),#16670,.F.);
#16636 = FACE_BOUND('',#16637,.F.);
#16637 = EDGE_LOOP('',(#16638,#16648,#16656,#16664));
#16638 = ORIENTED_EDGE('',*,*,#16639,.T.);
#16639 = EDGE_CURVE('',#16640,#16642,#16644,.T.);
#16640 = VERTEX_POINT('',#16641);
#16641 = CARTESIAN_POINT('',(2.175,-1.47,0.3));
#16642 = VERTEX_POINT('',#16643);
#16643 = CARTESIAN_POINT('',(2.325,-1.47,0.3));
#16644 = LINE('',#16645,#16646);
#16645 = CARTESIAN_POINT('',(2.175,-1.47,0.3));
#16646 = VECTOR('',#16647,1.);
#16647 = DIRECTION('',(1.,0.,0.));
#16648 = ORIENTED_EDGE('',*,*,#16649,.T.);
#16649 = EDGE_CURVE('',#16642,#16650,#16652,.T.);
#16650 = VERTEX_POINT('',#16651);
#16651 = CARTESIAN_POINT('',(2.325,-1.39,0.27));
#16652 = LINE('',#16653,#16654);
#16653 = CARTESIAN_POINT('',(2.325,-1.47,0.3));
#16654 = VECTOR('',#16655,1.);
#16655 = DIRECTION('',(0.,0.936329177569,-0.351123441588));
#16656 = ORIENTED_EDGE('',*,*,#16657,.F.);
#16657 = EDGE_CURVE('',#16658,#16650,#16660,.T.);
#16658 = VERTEX_POINT('',#16659);
#16659 = CARTESIAN_POINT('',(2.175,-1.39,0.27));
#16660 = LINE('',#16661,#16662);
#16661 = CARTESIAN_POINT('',(2.175,-1.39,0.27));
#16662 = VECTOR('',#16663,1.);
#16663 = DIRECTION('',(1.,0.,0.));
#16664 = ORIENTED_EDGE('',*,*,#16665,.F.);
#16665 = EDGE_CURVE('',#16640,#16658,#16666,.T.);
#16666 = LINE('',#16667,#16668);
#16667 = CARTESIAN_POINT('',(2.175,-1.47,0.3));
#16668 = VECTOR('',#16669,1.);
#16669 = DIRECTION('',(0.,0.936329177569,-0.351123441588));
#16670 = PLANE('',#16671);
#16671 = AXIS2_PLACEMENT_3D('',#16672,#16673,#16674);
#16672 = CARTESIAN_POINT('',(2.175,-1.47,0.3));
#16673 = DIRECTION('',(-0.,0.351123441588,0.936329177569));
#16674 = DIRECTION('',(0.,0.936329177569,-0.351123441588));
#16675 = ADVANCED_FACE('',(#16676),#16701,.F.);
#16676 = FACE_BOUND('',#16677,.F.);
#16677 = EDGE_LOOP('',(#16678,#16679,#16687,#16695));
#16678 = ORIENTED_EDGE('',*,*,#16657,.T.);
#16679 = ORIENTED_EDGE('',*,*,#16680,.T.);
#16680 = EDGE_CURVE('',#16650,#16681,#16683,.T.);
#16681 = VERTEX_POINT('',#16682);
#16682 = CARTESIAN_POINT('',(2.325,-0.76,0.29));
#16683 = LINE('',#16684,#16685);
#16684 = CARTESIAN_POINT('',(2.325,-1.39,0.27));
#16685 = VECTOR('',#16686,1.);
#16686 = DIRECTION('',(0.,0.999496475295,3.173004683477E-02));
#16687 = ORIENTED_EDGE('',*,*,#16688,.F.);
#16688 = EDGE_CURVE('',#16689,#16681,#16691,.T.);
#16689 = VERTEX_POINT('',#16690);
#16690 = CARTESIAN_POINT('',(2.175,-0.76,0.29));
#16691 = LINE('',#16692,#16693);
#16692 = CARTESIAN_POINT('',(2.175,-0.76,0.29));
#16693 = VECTOR('',#16694,1.);
#16694 = DIRECTION('',(1.,0.,0.));
#16695 = ORIENTED_EDGE('',*,*,#16696,.F.);
#16696 = EDGE_CURVE('',#16658,#16689,#16697,.T.);
#16697 = LINE('',#16698,#16699);
#16698 = CARTESIAN_POINT('',(2.175,-1.39,0.27));
#16699 = VECTOR('',#16700,1.);
#16700 = DIRECTION('',(0.,0.999496475295,3.173004683477E-02));
#16701 = PLANE('',#16702);
#16702 = AXIS2_PLACEMENT_3D('',#16703,#16704,#16705);
#16703 = CARTESIAN_POINT('',(2.175,-1.39,0.27));
#16704 = DIRECTION('',(0.,-3.173004683477E-02,0.999496475295));
#16705 = DIRECTION('',(0.,0.999496475295,3.173004683477E-02));
#16706 = ADVANCED_FACE('',(#16707),#16732,.F.);
#16707 = FACE_BOUND('',#16708,.F.);
#16708 = EDGE_LOOP('',(#16709,#16710,#16718,#16726));
#16709 = ORIENTED_EDGE('',*,*,#16688,.T.);
#16710 = ORIENTED_EDGE('',*,*,#16711,.T.);
#16711 = EDGE_CURVE('',#16681,#16712,#16714,.T.);
#16712 = VERTEX_POINT('',#16713);
#16713 = CARTESIAN_POINT('',(2.325,-0.48,0.34));
#16714 = LINE('',#16715,#16716);
#16715 = CARTESIAN_POINT('',(2.325,-0.76,0.29));
#16716 = VECTOR('',#16717,1.);
#16717 = DIRECTION('',(0.,0.984427575508,0.175790638484));
#16718 = ORIENTED_EDGE('',*,*,#16719,.F.);
#16719 = EDGE_CURVE('',#16720,#16712,#16722,.T.);
#16720 = VERTEX_POINT('',#16721);
#16721 = CARTESIAN_POINT('',(2.175,-0.48,0.34));
#16722 = LINE('',#16723,#16724);
#16723 = CARTESIAN_POINT('',(2.175,-0.48,0.34));
#16724 = VECTOR('',#16725,1.);
#16725 = DIRECTION('',(1.,0.,0.));
#16726 = ORIENTED_EDGE('',*,*,#16727,.F.);
#16727 = EDGE_CURVE('',#16689,#16720,#16728,.T.);
#16728 = LINE('',#16729,#16730);
#16729 = CARTESIAN_POINT('',(2.175,-0.76,0.29));
#16730 = VECTOR('',#16731,1.);
#16731 = DIRECTION('',(0.,0.984427575508,0.175790638484));
#16732 = PLANE('',#16733);
#16733 = AXIS2_PLACEMENT_3D('',#16734,#16735,#16736);
#16734 = CARTESIAN_POINT('',(2.175,-0.76,0.29));
#16735 = DIRECTION('',(0.,-0.175790638484,0.984427575508));
#16736 = DIRECTION('',(0.,0.984427575508,0.175790638484));
#16737 = ADVANCED_FACE('',(#16738),#16763,.F.);
#16738 = FACE_BOUND('',#16739,.F.);
#16739 = EDGE_LOOP('',(#16740,#16741,#16749,#16757));
#16740 = ORIENTED_EDGE('',*,*,#16719,.T.);
#16741 = ORIENTED_EDGE('',*,*,#16742,.T.);
#16742 = EDGE_CURVE('',#16712,#16743,#16745,.T.);
#16743 = VERTEX_POINT('',#16744);
#16744 = CARTESIAN_POINT('',(2.325,5.E-02,0.34));
#16745 = LINE('',#16746,#16747);
#16746 = CARTESIAN_POINT('',(2.325,-0.48,0.34));
#16747 = VECTOR('',#16748,1.);
#16748 = DIRECTION('',(0.,1.,0.));
#16749 = ORIENTED_EDGE('',*,*,#16750,.F.);
#16750 = EDGE_CURVE('',#16751,#16743,#16753,.T.);
#16751 = VERTEX_POINT('',#16752);
#16752 = CARTESIAN_POINT('',(2.175,5.E-02,0.34));
#16753 = LINE('',#16754,#16755);
#16754 = CARTESIAN_POINT('',(2.175,5.E-02,0.34));
#16755 = VECTOR('',#16756,1.);
#16756 = DIRECTION('',(1.,0.,0.));
#16757 = ORIENTED_EDGE('',*,*,#16758,.F.);
#16758 = EDGE_CURVE('',#16720,#16751,#16759,.T.);
#16759 = LINE('',#16760,#16761);
#16760 = CARTESIAN_POINT('',(2.175,-0.48,0.34));
#16761 = VECTOR('',#16762,1.);
#16762 = DIRECTION('',(0.,1.,0.));
#16763 = PLANE('',#16764);
#16764 = AXIS2_PLACEMENT_3D('',#16765,#16766,#16767);
#16765 = CARTESIAN_POINT('',(2.175,-0.48,0.34));
#16766 = DIRECTION('',(0.,0.,1.));
#16767 = DIRECTION('',(0.,1.,0.));
#16768 = ADVANCED_FACE('',(#16769),#16794,.F.);
#16769 = FACE_BOUND('',#16770,.F.);
#16770 = EDGE_LOOP('',(#16771,#16772,#16780,#16788));
#16771 = ORIENTED_EDGE('',*,*,#16750,.T.);
#16772 = ORIENTED_EDGE('',*,*,#16773,.T.);
#16773 = EDGE_CURVE('',#16743,#16774,#16776,.T.);
#16774 = VERTEX_POINT('',#16775);
#16775 = CARTESIAN_POINT('',(2.325,0.17,0.29));
#16776 = LINE('',#16777,#16778);
#16777 = CARTESIAN_POINT('',(2.325,5.E-02,0.34));
#16778 = VECTOR('',#16779,1.);
#16779 = DIRECTION('',(0.,0.923076923077,-0.384615384615));
#16780 = ORIENTED_EDGE('',*,*,#16781,.F.);
#16781 = EDGE_CURVE('',#16782,#16774,#16784,.T.);
#16782 = VERTEX_POINT('',#16783);
#16783 = CARTESIAN_POINT('',(2.175,0.17,0.29));
#16784 = LINE('',#16785,#16786);
#16785 = CARTESIAN_POINT('',(2.175,0.17,0.29));
#16786 = VECTOR('',#16787,1.);
#16787 = DIRECTION('',(1.,0.,0.));
#16788 = ORIENTED_EDGE('',*,*,#16789,.F.);
#16789 = EDGE_CURVE('',#16751,#16782,#16790,.T.);
#16790 = LINE('',#16791,#16792);
#16791 = CARTESIAN_POINT('',(2.175,5.E-02,0.34));
#16792 = VECTOR('',#16793,1.);
#16793 = DIRECTION('',(0.,0.923076923077,-0.384615384615));
#16794 = PLANE('',#16795);
#16795 = AXIS2_PLACEMENT_3D('',#16796,#16797,#16798);
#16796 = CARTESIAN_POINT('',(2.175,5.E-02,0.34));
#16797 = DIRECTION('',(-0.,0.384615384615,0.923076923077));
#16798 = DIRECTION('',(0.,0.923076923077,-0.384615384615));
#16799 = ADVANCED_FACE('',(#16800),#16825,.F.);
#16800 = FACE_BOUND('',#16801,.F.);
#16801 = EDGE_LOOP('',(#16802,#16803,#16811,#16819));
#16802 = ORIENTED_EDGE('',*,*,#16781,.T.);
#16803 = ORIENTED_EDGE('',*,*,#16804,.T.);
#16804 = EDGE_CURVE('',#16774,#16805,#16807,.T.);
#16805 = VERTEX_POINT('',#16806);
#16806 = CARTESIAN_POINT('',(2.325,0.2,0.18));
#16807 = LINE('',#16808,#16809);
#16808 = CARTESIAN_POINT('',(2.325,0.17,0.29));
#16809 = VECTOR('',#16810,1.);
#16810 = DIRECTION('',(0.,0.263117405792,-0.964763821238));
#16811 = ORIENTED_EDGE('',*,*,#16812,.F.);
#16812 = EDGE_CURVE('',#16813,#16805,#16815,.T.);
#16813 = VERTEX_POINT('',#16814);
#16814 = CARTESIAN_POINT('',(2.175,0.2,0.18));
#16815 = LINE('',#16816,#16817);
#16816 = CARTESIAN_POINT('',(2.175,0.2,0.18));
#16817 = VECTOR('',#16818,1.);
#16818 = DIRECTION('',(1.,0.,0.));
#16819 = ORIENTED_EDGE('',*,*,#16820,.F.);
#16820 = EDGE_CURVE('',#16782,#16813,#16821,.T.);
#16821 = LINE('',#16822,#16823);
#16822 = CARTESIAN_POINT('',(2.175,0.17,0.29));
#16823 = VECTOR('',#16824,1.);
#16824 = DIRECTION('',(0.,0.263117405792,-0.964763821238));
#16825 = PLANE('',#16826);
#16826 = AXIS2_PLACEMENT_3D('',#16827,#16828,#16829);
#16827 = CARTESIAN_POINT('',(2.175,0.17,0.29));
#16828 = DIRECTION('',(-0.,0.964763821238,0.263117405792));
#16829 = DIRECTION('',(0.,0.263117405792,-0.964763821238));
#16830 = ADVANCED_FACE('',(#16831),#16856,.F.);
#16831 = FACE_BOUND('',#16832,.F.);
#16832 = EDGE_LOOP('',(#16833,#16834,#16842,#16850));
#16833 = ORIENTED_EDGE('',*,*,#16812,.T.);
#16834 = ORIENTED_EDGE('',*,*,#16835,.T.);
#16835 = EDGE_CURVE('',#16805,#16836,#16838,.T.);
#16836 = VERTEX_POINT('',#16837);
#16837 = CARTESIAN_POINT('',(2.325,0.88,0.18));
#16838 = LINE('',#16839,#16840);
#16839 = CARTESIAN_POINT('',(2.325,0.2,0.18));
#16840 = VECTOR('',#16841,1.);
#16841 = DIRECTION('',(0.,1.,0.));
#16842 = ORIENTED_EDGE('',*,*,#16843,.F.);
#16843 = EDGE_CURVE('',#16844,#16836,#16846,.T.);
#16844 = VERTEX_POINT('',#16845);
#16845 = CARTESIAN_POINT('',(2.175,0.88,0.18));
#16846 = LINE('',#16847,#16848);
#16847 = CARTESIAN_POINT('',(2.175,0.88,0.18));
#16848 = VECTOR('',#16849,1.);
#16849 = DIRECTION('',(1.,0.,0.));
#16850 = ORIENTED_EDGE('',*,*,#16851,.F.);
#16851 = EDGE_CURVE('',#16813,#16844,#16852,.T.);
#16852 = LINE('',#16853,#16854);
#16853 = CARTESIAN_POINT('',(2.175,0.2,0.18));
#16854 = VECTOR('',#16855,1.);
#16855 = DIRECTION('',(0.,1.,0.));
#16856 = PLANE('',#16857);
#16857 = AXIS2_PLACEMENT_3D('',#16858,#16859,#16860);
#16858 = CARTESIAN_POINT('',(2.175,0.2,0.18));
#16859 = DIRECTION('',(0.,0.,1.));
#16860 = DIRECTION('',(0.,1.,0.));
#16861 = ADVANCED_FACE('',(#16862),#16887,.F.);
#16862 = FACE_BOUND('',#16863,.F.);
#16863 = EDGE_LOOP('',(#16864,#16865,#16873,#16881));
#16864 = ORIENTED_EDGE('',*,*,#16843,.T.);
#16865 = ORIENTED_EDGE('',*,*,#16866,.T.);
#16866 = EDGE_CURVE('',#16836,#16867,#16869,.T.);
#16867 = VERTEX_POINT('',#16868);
#16868 = CARTESIAN_POINT('',(2.325,0.99,2.E-02));
#16869 = LINE('',#16870,#16871);
#16870 = CARTESIAN_POINT('',(2.325,0.88,0.18));
#16871 = VECTOR('',#16872,1.);
#16872 = DIRECTION('',(0.,0.566528822887,-0.824041924199));
#16873 = ORIENTED_EDGE('',*,*,#16874,.F.);
#16874 = EDGE_CURVE('',#16875,#16867,#16877,.T.);
#16875 = VERTEX_POINT('',#16876);
#16876 = CARTESIAN_POINT('',(2.175,0.99,2.E-02));
#16877 = LINE('',#16878,#16879);
#16878 = CARTESIAN_POINT('',(2.175,0.99,2.E-02));
#16879 = VECTOR('',#16880,1.);
#16880 = DIRECTION('',(1.,0.,0.));
#16881 = ORIENTED_EDGE('',*,*,#16882,.F.);
#16882 = EDGE_CURVE('',#16844,#16875,#16883,.T.);
#16883 = LINE('',#16884,#16885);
#16884 = CARTESIAN_POINT('',(2.175,0.88,0.18));
#16885 = VECTOR('',#16886,1.);
#16886 = DIRECTION('',(0.,0.566528822887,-0.824041924199));
#16887 = PLANE('',#16888);
#16888 = AXIS2_PLACEMENT_3D('',#16889,#16890,#16891);
#16889 = CARTESIAN_POINT('',(2.175,0.88,0.18));
#16890 = DIRECTION('',(-0.,0.824041924199,0.566528822887));
#16891 = DIRECTION('',(0.,0.566528822887,-0.824041924199));
#16892 = ADVANCED_FACE('',(#16893),#16918,.F.);
#16893 = FACE_BOUND('',#16894,.F.);
#16894 = EDGE_LOOP('',(#16895,#16896,#16904,#16912));
#16895 = ORIENTED_EDGE('',*,*,#16874,.T.);
#16896 = ORIENTED_EDGE('',*,*,#16897,.T.);
#16897 = EDGE_CURVE('',#16867,#16898,#16900,.T.);
#16898 = VERTEX_POINT('',#16899);
#16899 = CARTESIAN_POINT('',(2.325,1.38,0.));
#16900 = LINE('',#16901,#16902);
#16901 = CARTESIAN_POINT('',(2.325,0.99,2.E-02));
#16902 = VECTOR('',#16903,1.);
#16903 = DIRECTION('',(0.,0.998687663477,-5.121475197316E-02));
#16904 = ORIENTED_EDGE('',*,*,#16905,.F.);
#16905 = EDGE_CURVE('',#16906,#16898,#16908,.T.);
#16906 = VERTEX_POINT('',#16907);
#16907 = CARTESIAN_POINT('',(2.175,1.38,0.));
#16908 = LINE('',#16909,#16910);
#16909 = CARTESIAN_POINT('',(2.175,1.38,0.));
#16910 = VECTOR('',#16911,1.);
#16911 = DIRECTION('',(1.,0.,0.));
#16912 = ORIENTED_EDGE('',*,*,#16913,.F.);
#16913 = EDGE_CURVE('',#16875,#16906,#16914,.T.);
#16914 = LINE('',#16915,#16916);
#16915 = CARTESIAN_POINT('',(2.175,0.99,2.E-02));
#16916 = VECTOR('',#16917,1.);
#16917 = DIRECTION('',(0.,0.998687663477,-5.121475197316E-02));
#16918 = PLANE('',#16919);
#16919 = AXIS2_PLACEMENT_3D('',#16920,#16921,#16922);
#16920 = CARTESIAN_POINT('',(2.175,0.99,2.E-02));
#16921 = DIRECTION('',(-0.,5.121475197316E-02,0.998687663477));
#16922 = DIRECTION('',(0.,0.998687663477,-5.121475197316E-02));
#16923 = ADVANCED_FACE('',(#16924),#16949,.F.);
#16924 = FACE_BOUND('',#16925,.F.);
#16925 = EDGE_LOOP('',(#16926,#16927,#16935,#16943));
#16926 = ORIENTED_EDGE('',*,*,#16905,.T.);
#16927 = ORIENTED_EDGE('',*,*,#16928,.T.);
#16928 = EDGE_CURVE('',#16898,#16929,#16931,.T.);
#16929 = VERTEX_POINT('',#16930);
#16930 = CARTESIAN_POINT('',(2.325,1.38,8.E-02));
#16931 = LINE('',#16932,#16933);
#16932 = CARTESIAN_POINT('',(2.325,1.38,0.));
#16933 = VECTOR('',#16934,1.);
#16934 = DIRECTION('',(0.,0.,1.));
#16935 = ORIENTED_EDGE('',*,*,#16936,.F.);
#16936 = EDGE_CURVE('',#16937,#16929,#16939,.T.);
#16937 = VERTEX_POINT('',#16938);
#16938 = CARTESIAN_POINT('',(2.175,1.38,8.E-02));
#16939 = LINE('',#16940,#16941);
#16940 = CARTESIAN_POINT('',(2.175,1.38,8.E-02));
#16941 = VECTOR('',#16942,1.);
#16942 = DIRECTION('',(1.,0.,0.));
#16943 = ORIENTED_EDGE('',*,*,#16944,.F.);
#16944 = EDGE_CURVE('',#16906,#16937,#16945,.T.);
#16945 = LINE('',#16946,#16947);
#16946 = CARTESIAN_POINT('',(2.175,1.38,0.));
#16947 = VECTOR('',#16948,1.);
#16948 = DIRECTION('',(0.,0.,1.));
#16949 = PLANE('',#16950);
#16950 = AXIS2_PLACEMENT_3D('',#16951,#16952,#16953);
#16951 = CARTESIAN_POINT('',(2.175,1.38,0.));
#16952 = DIRECTION('',(0.,-1.,0.));
#16953 = DIRECTION('',(0.,0.,1.));
#16954 = ADVANCED_FACE('',(#16955),#16980,.F.);
#16955 = FACE_BOUND('',#16956,.F.);
#16956 = EDGE_LOOP('',(#16957,#16958,#16966,#16974));
#16957 = ORIENTED_EDGE('',*,*,#16936,.T.);
#16958 = ORIENTED_EDGE('',*,*,#16959,.T.);
#16959 = EDGE_CURVE('',#16929,#16960,#16962,.T.);
#16960 = VERTEX_POINT('',#16961);
#16961 = CARTESIAN_POINT('',(2.325,1.05,0.1));
#16962 = LINE('',#16963,#16964);
#16963 = CARTESIAN_POINT('',(2.325,1.38,8.E-02));
#16964 = VECTOR('',#16965,1.);
#16965 = DIRECTION('',(0.,-0.998168496631,6.049506040189E-02));
#16966 = ORIENTED_EDGE('',*,*,#16967,.F.);
#16967 = EDGE_CURVE('',#16968,#16960,#16970,.T.);
#16968 = VERTEX_POINT('',#16969);
#16969 = CARTESIAN_POINT('',(2.175,1.05,0.1));
#16970 = LINE('',#16971,#16972);
#16971 = CARTESIAN_POINT('',(2.175,1.05,0.1));
#16972 = VECTOR('',#16973,1.);
#16973 = DIRECTION('',(1.,0.,0.));
#16974 = ORIENTED_EDGE('',*,*,#16975,.F.);
#16975 = EDGE_CURVE('',#16937,#16968,#16976,.T.);
#16976 = LINE('',#16977,#16978);
#16977 = CARTESIAN_POINT('',(2.175,1.38,8.E-02));
#16978 = VECTOR('',#16979,1.);
#16979 = DIRECTION('',(0.,-0.998168496631,6.049506040189E-02));
#16980 = PLANE('',#16981);
#16981 = AXIS2_PLACEMENT_3D('',#16982,#16983,#16984);
#16982 = CARTESIAN_POINT('',(2.175,1.38,8.E-02));
#16983 = DIRECTION('',(0.,-6.049506040189E-02,-0.998168496631));
#16984 = DIRECTION('',(0.,-0.998168496631,6.049506040189E-02));
#16985 = ADVANCED_FACE('',(#16986),#17011,.F.);
#16986 = FACE_BOUND('',#16987,.F.);
#16987 = EDGE_LOOP('',(#16988,#16989,#16997,#17005));
#16988 = ORIENTED_EDGE('',*,*,#16967,.T.);
#16989 = ORIENTED_EDGE('',*,*,#16990,.T.);
#16990 = EDGE_CURVE('',#16960,#16991,#16993,.T.);
#16991 = VERTEX_POINT('',#16992);
#16992 = CARTESIAN_POINT('',(2.325,0.97,0.26));
#16993 = LINE('',#16994,#16995);
#16994 = CARTESIAN_POINT('',(2.325,1.05,0.1));
#16995 = VECTOR('',#16996,1.);
#16996 = DIRECTION('',(0.,-0.4472135955,0.894427191));
#16997 = ORIENTED_EDGE('',*,*,#16998,.F.);
#16998 = EDGE_CURVE('',#16999,#16991,#17001,.T.);
#16999 = VERTEX_POINT('',#17000);
#17000 = CARTESIAN_POINT('',(2.175,0.97,0.26));
#17001 = LINE('',#17002,#17003);
#17002 = CARTESIAN_POINT('',(2.175,0.97,0.26));
#17003 = VECTOR('',#17004,1.);
#17004 = DIRECTION('',(1.,0.,0.));
#17005 = ORIENTED_EDGE('',*,*,#17006,.F.);
#17006 = EDGE_CURVE('',#16968,#16999,#17007,.T.);
#17007 = LINE('',#17008,#17009);
#17008 = CARTESIAN_POINT('',(2.175,1.05,0.1));
#17009 = VECTOR('',#17010,1.);
#17010 = DIRECTION('',(0.,-0.4472135955,0.894427191));
#17011 = PLANE('',#17012);
#17012 = AXIS2_PLACEMENT_3D('',#17013,#17014,#17015);
#17013 = CARTESIAN_POINT('',(2.175,1.05,0.1));
#17014 = DIRECTION('',(0.,-0.894427191,-0.4472135955));
#17015 = DIRECTION('',(0.,-0.4472135955,0.894427191));
#17016 = ADVANCED_FACE('',(#17017),#17042,.F.);
#17017 = FACE_BOUND('',#17018,.F.);
#17018 = EDGE_LOOP('',(#17019,#17020,#17028,#17036));
#17019 = ORIENTED_EDGE('',*,*,#16998,.T.);
#17020 = ORIENTED_EDGE('',*,*,#17021,.T.);
#17021 = EDGE_CURVE('',#16991,#17022,#17024,.T.);
#17022 = VERTEX_POINT('',#17023);
#17023 = CARTESIAN_POINT('',(2.325,0.28,0.26));
#17024 = LINE('',#17025,#17026);
#17025 = CARTESIAN_POINT('',(2.325,0.97,0.26));
#17026 = VECTOR('',#17027,1.);
#17027 = DIRECTION('',(0.,-1.,0.));
#17028 = ORIENTED_EDGE('',*,*,#17029,.F.);
#17029 = EDGE_CURVE('',#17030,#17022,#17032,.T.);
#17030 = VERTEX_POINT('',#17031);
#17031 = CARTESIAN_POINT('',(2.175,0.28,0.26));
#17032 = LINE('',#17033,#17034);
#17033 = CARTESIAN_POINT('',(2.175,0.28,0.26));
#17034 = VECTOR('',#17035,1.);
#17035 = DIRECTION('',(1.,0.,0.));
#17036 = ORIENTED_EDGE('',*,*,#17037,.F.);
#17037 = EDGE_CURVE('',#16999,#17030,#17038,.T.);
#17038 = LINE('',#17039,#17040);
#17039 = CARTESIAN_POINT('',(2.175,0.97,0.26));
#17040 = VECTOR('',#17041,1.);
#17041 = DIRECTION('',(0.,-1.,0.));
#17042 = PLANE('',#17043);
#17043 = AXIS2_PLACEMENT_3D('',#17044,#17045,#17046);
#17044 = CARTESIAN_POINT('',(2.175,0.97,0.26));
#17045 = DIRECTION('',(0.,0.,-1.));
#17046 = DIRECTION('',(0.,-1.,0.));
#17047 = ADVANCED_FACE('',(#17048),#17073,.F.);
#17048 = FACE_BOUND('',#17049,.F.);
#17049 = EDGE_LOOP('',(#17050,#17051,#17059,#17067));
#17050 = ORIENTED_EDGE('',*,*,#17029,.T.);
#17051 = ORIENTED_EDGE('',*,*,#17052,.T.);
#17052 = EDGE_CURVE('',#17022,#17053,#17055,.T.);
#17053 = VERTEX_POINT('',#17054);
#17054 = CARTESIAN_POINT('',(2.325,0.22,0.42));
#17055 = LINE('',#17056,#17057);
#17056 = CARTESIAN_POINT('',(2.325,0.28,0.26));
#17057 = VECTOR('',#17058,1.);
#17058 = DIRECTION('',(0.,-0.351123441588,0.936329177569));
#17059 = ORIENTED_EDGE('',*,*,#17060,.F.);
#17060 = EDGE_CURVE('',#17061,#17053,#17063,.T.);
#17061 = VERTEX_POINT('',#17062);
#17062 = CARTESIAN_POINT('',(2.175,0.22,0.42));
#17063 = LINE('',#17064,#17065);
#17064 = CARTESIAN_POINT('',(2.175,0.22,0.42));
#17065 = VECTOR('',#17066,1.);
#17066 = DIRECTION('',(1.,0.,0.));
#17067 = ORIENTED_EDGE('',*,*,#17068,.F.);
#17068 = EDGE_CURVE('',#17030,#17061,#17069,.T.);
#17069 = LINE('',#17070,#17071);
#17070 = CARTESIAN_POINT('',(2.175,0.28,0.26));
#17071 = VECTOR('',#17072,1.);
#17072 = DIRECTION('',(0.,-0.351123441588,0.936329177569));
#17073 = PLANE('',#17074);
#17074 = AXIS2_PLACEMENT_3D('',#17075,#17076,#17077);
#17075 = CARTESIAN_POINT('',(2.175,0.28,0.26));
#17076 = DIRECTION('',(0.,-0.936329177569,-0.351123441588));
#17077 = DIRECTION('',(0.,-0.351123441588,0.936329177569));
#17078 = ADVANCED_FACE('',(#17079),#17104,.F.);
#17079 = FACE_BOUND('',#17080,.F.);
#17080 = EDGE_LOOP('',(#17081,#17082,#17090,#17098));
#17081 = ORIENTED_EDGE('',*,*,#17060,.T.);
#17082 = ORIENTED_EDGE('',*,*,#17083,.T.);
#17083 = EDGE_CURVE('',#17053,#17084,#17086,.T.);
#17084 = VERTEX_POINT('',#17085);
#17085 = CARTESIAN_POINT('',(2.325,0.22,0.78));
#17086 = LINE('',#17087,#17088);
#17087 = CARTESIAN_POINT('',(2.325,0.22,0.42));
#17088 = VECTOR('',#17089,1.);
#17089 = DIRECTION('',(0.,0.,1.));
#17090 = ORIENTED_EDGE('',*,*,#17091,.F.);
#17091 = EDGE_CURVE('',#17092,#17084,#17094,.T.);
#17092 = VERTEX_POINT('',#17093);
#17093 = CARTESIAN_POINT('',(2.175,0.22,0.78));
#17094 = LINE('',#17095,#17096);
#17095 = CARTESIAN_POINT('',(2.175,0.22,0.78));
#17096 = VECTOR('',#17097,1.);
#17097 = DIRECTION('',(1.,0.,0.));
#17098 = ORIENTED_EDGE('',*,*,#17099,.F.);
#17099 = EDGE_CURVE('',#17061,#17092,#17100,.T.);
#17100 = LINE('',#17101,#17102);
#17101 = CARTESIAN_POINT('',(2.175,0.22,0.42));
#17102 = VECTOR('',#17103,1.);
#17103 = DIRECTION('',(0.,0.,1.));
#17104 = PLANE('',#17105);
#17105 = AXIS2_PLACEMENT_3D('',#17106,#17107,#17108);
#17106 = CARTESIAN_POINT('',(2.175,0.22,0.42));
#17107 = DIRECTION('',(0.,-1.,0.));
#17108 = DIRECTION('',(0.,0.,1.));
#17109 = ADVANCED_FACE('',(#17110),#17135,.F.);
#17110 = FACE_BOUND('',#17111,.F.);
#17111 = EDGE_LOOP('',(#17112,#17113,#17121,#17129));
#17112 = ORIENTED_EDGE('',*,*,#17091,.T.);
#17113 = ORIENTED_EDGE('',*,*,#17114,.T.);
#17114 = EDGE_CURVE('',#17084,#17115,#17117,.T.);
#17115 = VERTEX_POINT('',#17116);
#17116 = CARTESIAN_POINT('',(2.325,6.E-02,0.84));
#17117 = LINE('',#17118,#17119);
#17118 = CARTESIAN_POINT('',(2.325,0.22,0.78));
#17119 = VECTOR('',#17120,1.);
#17120 = DIRECTION('',(0.,-0.936329177569,0.351123441588));
#17121 = ORIENTED_EDGE('',*,*,#17122,.F.);
#17122 = EDGE_CURVE('',#17123,#17115,#17125,.T.);
#17123 = VERTEX_POINT('',#17124);
#17124 = CARTESIAN_POINT('',(2.175,6.E-02,0.84));
#17125 = LINE('',#17126,#17127);
#17126 = CARTESIAN_POINT('',(2.175,6.E-02,0.84));
#17127 = VECTOR('',#17128,1.);
#17128 = DIRECTION('',(1.,0.,0.));
#17129 = ORIENTED_EDGE('',*,*,#17130,.F.);
#17130 = EDGE_CURVE('',#17092,#17123,#17131,.T.);
#17131 = LINE('',#17132,#17133);
#17132 = CARTESIAN_POINT('',(2.175,0.22,0.78));
#17133 = VECTOR('',#17134,1.);
#17134 = DIRECTION('',(0.,-0.936329177569,0.351123441588));
#17135 = PLANE('',#17136);
#17136 = AXIS2_PLACEMENT_3D('',#17137,#17138,#17139);
#17137 = CARTESIAN_POINT('',(2.175,0.22,0.78));
#17138 = DIRECTION('',(0.,-0.351123441588,-0.936329177569));
#17139 = DIRECTION('',(0.,-0.936329177569,0.351123441588));
#17140 = ADVANCED_FACE('',(#17141),#17166,.F.);
#17141 = FACE_BOUND('',#17142,.F.);
#17142 = EDGE_LOOP('',(#17143,#17144,#17152,#17160));
#17143 = ORIENTED_EDGE('',*,*,#17122,.T.);
#17144 = ORIENTED_EDGE('',*,*,#17145,.T.);
#17145 = EDGE_CURVE('',#17115,#17146,#17148,.T.);
#17146 = VERTEX_POINT('',#17147);
#17147 = CARTESIAN_POINT('',(2.325,-0.3,0.82));
#17148 = LINE('',#17149,#17150);
#17149 = CARTESIAN_POINT('',(2.325,6.E-02,0.84));
#17150 = VECTOR('',#17151,1.);
#17151 = DIRECTION('',(0.,-0.998460353205,-5.547001962252E-02));
#17152 = ORIENTED_EDGE('',*,*,#17153,.F.);
#17153 = EDGE_CURVE('',#17154,#17146,#17156,.T.);
#17154 = VERTEX_POINT('',#17155);
#17155 = CARTESIAN_POINT('',(2.175,-0.3,0.82));
#17156 = LINE('',#17157,#17158);
#17157 = CARTESIAN_POINT('',(2.175,-0.3,0.82));
#17158 = VECTOR('',#17159,1.);
#17159 = DIRECTION('',(1.,0.,0.));
#17160 = ORIENTED_EDGE('',*,*,#17161,.F.);
#17161 = EDGE_CURVE('',#17123,#17154,#17162,.T.);
#17162 = LINE('',#17163,#17164);
#17163 = CARTESIAN_POINT('',(2.175,6.E-02,0.84));
#17164 = VECTOR('',#17165,1.);
#17165 = DIRECTION('',(0.,-0.998460353205,-5.547001962252E-02));
#17166 = PLANE('',#17167);
#17167 = AXIS2_PLACEMENT_3D('',#17168,#17169,#17170);
#17168 = CARTESIAN_POINT('',(2.175,6.E-02,0.84));
#17169 = DIRECTION('',(0.,5.547001962252E-02,-0.998460353205));
#17170 = DIRECTION('',(0.,-0.998460353205,-5.547001962252E-02));
#17171 = ADVANCED_FACE('',(#17172),#17197,.F.);
#17172 = FACE_BOUND('',#17173,.F.);
#17173 = EDGE_LOOP('',(#17174,#17175,#17183,#17191));
#17174 = ORIENTED_EDGE('',*,*,#17153,.T.);
#17175 = ORIENTED_EDGE('',*,*,#17176,.T.);
#17176 = EDGE_CURVE('',#17146,#17177,#17179,.T.);
#17177 = VERTEX_POINT('',#17178);
#17178 = CARTESIAN_POINT('',(2.325,-1.39,0.72));
#17179 = LINE('',#17180,#17181);
#17180 = CARTESIAN_POINT('',(2.325,-0.3,0.82));
#17181 = VECTOR('',#17182,1.);
#17182 = DIRECTION('',(0.,-0.995817981008,-9.135944779885E-02));
#17183 = ORIENTED_EDGE('',*,*,#17184,.F.);
#17184 = EDGE_CURVE('',#17185,#17177,#17187,.T.);
#17185 = VERTEX_POINT('',#17186);
#17186 = CARTESIAN_POINT('',(2.175,-1.39,0.72));
#17187 = LINE('',#17188,#17189);
#17188 = CARTESIAN_POINT('',(2.175,-1.39,0.72));
#17189 = VECTOR('',#17190,1.);
#17190 = DIRECTION('',(1.,0.,0.));
#17191 = ORIENTED_EDGE('',*,*,#17192,.F.);
#17192 = EDGE_CURVE('',#17154,#17185,#17193,.T.);
#17193 = LINE('',#17194,#17195);
#17194 = CARTESIAN_POINT('',(2.175,-0.3,0.82));
#17195 = VECTOR('',#17196,1.);
#17196 = DIRECTION('',(0.,-0.995817981008,-9.135944779885E-02));
#17197 = PLANE('',#17198);
#17198 = AXIS2_PLACEMENT_3D('',#17199,#17200,#17201);
#17199 = CARTESIAN_POINT('',(2.175,-0.3,0.82));
#17200 = DIRECTION('',(0.,9.135944779885E-02,-0.995817981008));
#17201 = DIRECTION('',(0.,-0.995817981008,-9.135944779885E-02));
#17202 = ADVANCED_FACE('',(#17203),#17228,.F.);
#17203 = FACE_BOUND('',#17204,.F.);
#17204 = EDGE_LOOP('',(#17205,#17206,#17214,#17222));
#17205 = ORIENTED_EDGE('',*,*,#17184,.T.);
#17206 = ORIENTED_EDGE('',*,*,#17207,.T.);
#17207 = EDGE_CURVE('',#17177,#17208,#17210,.T.);
#17208 = VERTEX_POINT('',#17209);
#17209 = CARTESIAN_POINT('',(2.325,-1.47,0.68));
#17210 = LINE('',#17211,#17212);
#17211 = CARTESIAN_POINT('',(2.325,-1.39,0.72));
#17212 = VECTOR('',#17213,1.);
#17213 = DIRECTION('',(0.,-0.894427191,-0.4472135955));
#17214 = ORIENTED_EDGE('',*,*,#17215,.F.);
#17215 = EDGE_CURVE('',#17216,#17208,#17218,.T.);
#17216 = VERTEX_POINT('',#17217);
#17217 = CARTESIAN_POINT('',(2.175,-1.47,0.68));
#17218 = LINE('',#17219,#17220);
#17219 = CARTESIAN_POINT('',(2.175,-1.47,0.68));
#17220 = VECTOR('',#17221,1.);
#17221 = DIRECTION('',(1.,0.,0.));
#17222 = ORIENTED_EDGE('',*,*,#17223,.F.);
#17223 = EDGE_CURVE('',#17185,#17216,#17224,.T.);
#17224 = LINE('',#17225,#17226);
#17225 = CARTESIAN_POINT('',(2.175,-1.39,0.72));
#17226 = VECTOR('',#17227,1.);
#17227 = DIRECTION('',(0.,-0.894427191,-0.4472135955));
#17228 = PLANE('',#17229);
#17229 = AXIS2_PLACEMENT_3D('',#17230,#17231,#17232);
#17230 = CARTESIAN_POINT('',(2.175,-1.39,0.72));
#17231 = DIRECTION('',(0.,0.4472135955,-0.894427191));
#17232 = DIRECTION('',(0.,-0.894427191,-0.4472135955));
#17233 = ADVANCED_FACE('',(#17234),#17259,.F.);
#17234 = FACE_BOUND('',#17235,.F.);
#17235 = EDGE_LOOP('',(#17236,#17237,#17245,#17253));
#17236 = ORIENTED_EDGE('',*,*,#17215,.T.);
#17237 = ORIENTED_EDGE('',*,*,#17238,.T.);
#17238 = EDGE_CURVE('',#17208,#17239,#17241,.T.);
#17239 = VERTEX_POINT('',#17240);
#17240 = CARTESIAN_POINT('',(2.325,-1.41,0.63));
#17241 = LINE('',#17242,#17243);
#17242 = CARTESIAN_POINT('',(2.325,-1.47,0.68));
#17243 = VECTOR('',#17244,1.);
#17244 = DIRECTION('',(0.,0.768221279597,-0.640184399664));
#17245 = ORIENTED_EDGE('',*,*,#17246,.F.);
#17246 = EDGE_CURVE('',#17247,#17239,#17249,.T.);
#17247 = VERTEX_POINT('',#17248);
#17248 = CARTESIAN_POINT('',(2.175,-1.41,0.63));
#17249 = LINE('',#17250,#17251);
#17250 = CARTESIAN_POINT('',(2.175,-1.41,0.63));
#17251 = VECTOR('',#17252,1.);
#17252 = DIRECTION('',(1.,0.,0.));
#17253 = ORIENTED_EDGE('',*,*,#17254,.F.);
#17254 = EDGE_CURVE('',#17216,#17247,#17255,.T.);
#17255 = LINE('',#17256,#17257);
#17256 = CARTESIAN_POINT('',(2.175,-1.47,0.68));
#17257 = VECTOR('',#17258,1.);
#17258 = DIRECTION('',(0.,0.768221279597,-0.640184399664));
#17259 = PLANE('',#17260);
#17260 = AXIS2_PLACEMENT_3D('',#17261,#17262,#17263);
#17261 = CARTESIAN_POINT('',(2.175,-1.47,0.68));
#17262 = DIRECTION('',(-0.,0.640184399664,0.768221279597));
#17263 = DIRECTION('',(0.,0.768221279597,-0.640184399664));
#17264 = ADVANCED_FACE('',(#17265),#17290,.F.);
#17265 = FACE_BOUND('',#17266,.F.);
#17266 = EDGE_LOOP('',(#17267,#17268,#17276,#17284));
#17267 = ORIENTED_EDGE('',*,*,#17246,.T.);
#17268 = ORIENTED_EDGE('',*,*,#17269,.T.);
#17269 = EDGE_CURVE('',#17239,#17270,#17272,.T.);
#17270 = VERTEX_POINT('',#17271);
#17271 = CARTESIAN_POINT('',(2.325,-1.3,0.65));
#17272 = LINE('',#17273,#17274);
#17273 = CARTESIAN_POINT('',(2.325,-1.41,0.63));
#17274 = VECTOR('',#17275,1.);
#17275 = DIRECTION('',(0.,0.9838699101,0.1788854382));
#17276 = ORIENTED_EDGE('',*,*,#17277,.F.);
#17277 = EDGE_CURVE('',#17278,#17270,#17280,.T.);
#17278 = VERTEX_POINT('',#17279);
#17279 = CARTESIAN_POINT('',(2.175,-1.3,0.65));
#17280 = LINE('',#17281,#17282);
#17281 = CARTESIAN_POINT('',(2.175,-1.3,0.65));
#17282 = VECTOR('',#17283,1.);
#17283 = DIRECTION('',(1.,0.,0.));
#17284 = ORIENTED_EDGE('',*,*,#17285,.F.);
#17285 = EDGE_CURVE('',#17247,#17278,#17286,.T.);
#17286 = LINE('',#17287,#17288);
#17287 = CARTESIAN_POINT('',(2.175,-1.41,0.63));
#17288 = VECTOR('',#17289,1.);
#17289 = DIRECTION('',(0.,0.9838699101,0.1788854382));
#17290 = PLANE('',#17291);
#17291 = AXIS2_PLACEMENT_3D('',#17292,#17293,#17294);
#17292 = CARTESIAN_POINT('',(2.175,-1.41,0.63));
#17293 = DIRECTION('',(0.,-0.1788854382,0.9838699101));
#17294 = DIRECTION('',(0.,0.9838699101,0.1788854382));
#17295 = ADVANCED_FACE('',(#17296),#17321,.F.);
#17296 = FACE_BOUND('',#17297,.F.);
#17297 = EDGE_LOOP('',(#17298,#17299,#17307,#17315));
#17298 = ORIENTED_EDGE('',*,*,#17277,.T.);
#17299 = ORIENTED_EDGE('',*,*,#17300,.T.);
#17300 = EDGE_CURVE('',#17270,#17301,#17303,.T.);
#17301 = VERTEX_POINT('',#17302);
#17302 = CARTESIAN_POINT('',(2.325,-0.28,0.75));
#17303 = LINE('',#17304,#17305);
#17304 = CARTESIAN_POINT('',(2.325,-1.3,0.65));
#17305 = VECTOR('',#17306,1.);
#17306 = DIRECTION('',(0.,0.99522852512,9.757142403137E-02));
#17307 = ORIENTED_EDGE('',*,*,#17308,.F.);
#17308 = EDGE_CURVE('',#17309,#17301,#17311,.T.);
#17309 = VERTEX_POINT('',#17310);
#17310 = CARTESIAN_POINT('',(2.175,-0.28,0.75));
#17311 = LINE('',#17312,#17313);
#17312 = CARTESIAN_POINT('',(2.175,-0.28,0.75));
#17313 = VECTOR('',#17314,1.);
#17314 = DIRECTION('',(1.,0.,0.));
#17315 = ORIENTED_EDGE('',*,*,#17316,.F.);
#17316 = EDGE_CURVE('',#17278,#17309,#17317,.T.);
#17317 = LINE('',#17318,#17319);
#17318 = CARTESIAN_POINT('',(2.175,-1.3,0.65));
#17319 = VECTOR('',#17320,1.);
#17320 = DIRECTION('',(0.,0.99522852512,9.757142403137E-02));
#17321 = PLANE('',#17322);
#17322 = AXIS2_PLACEMENT_3D('',#17323,#17324,#17325);
#17323 = CARTESIAN_POINT('',(2.175,-1.3,0.65));
#17324 = DIRECTION('',(0.,-9.757142403137E-02,0.99522852512));
#17325 = DIRECTION('',(0.,0.99522852512,9.757142403137E-02));
#17326 = ADVANCED_FACE('',(#17327),#17352,.F.);
#17327 = FACE_BOUND('',#17328,.F.);
#17328 = EDGE_LOOP('',(#17329,#17330,#17338,#17346));
#17329 = ORIENTED_EDGE('',*,*,#17308,.T.);
#17330 = ORIENTED_EDGE('',*,*,#17331,.T.);
#17331 = EDGE_CURVE('',#17301,#17332,#17334,.T.);
#17332 = VERTEX_POINT('',#17333);
#17333 = CARTESIAN_POINT('',(2.325,0.12,0.75));
#17334 = LINE('',#17335,#17336);
#17335 = CARTESIAN_POINT('',(2.325,-0.28,0.75));
#17336 = VECTOR('',#17337,1.);
#17337 = DIRECTION('',(0.,1.,0.));
#17338 = ORIENTED_EDGE('',*,*,#17339,.F.);
#17339 = EDGE_CURVE('',#17340,#17332,#17342,.T.);
#17340 = VERTEX_POINT('',#17341);
#17341 = CARTESIAN_POINT('',(2.175,0.12,0.75));
#17342 = LINE('',#17343,#17344);
#17343 = CARTESIAN_POINT('',(2.175,0.12,0.75));
#17344 = VECTOR('',#17345,1.);
#17345 = DIRECTION('',(1.,0.,0.));
#17346 = ORIENTED_EDGE('',*,*,#17347,.F.);
#17347 = EDGE_CURVE('',#17309,#17340,#17348,.T.);
#17348 = LINE('',#17349,#17350);
#17349 = CARTESIAN_POINT('',(2.175,-0.28,0.75));
#17350 = VECTOR('',#17351,1.);
#17351 = DIRECTION('',(0.,1.,0.));
#17352 = PLANE('',#17353);
#17353 = AXIS2_PLACEMENT_3D('',#17354,#17355,#17356);
#17354 = CARTESIAN_POINT('',(2.175,-0.28,0.75));
#17355 = DIRECTION('',(0.,0.,1.));
#17356 = DIRECTION('',(0.,1.,0.));
#17357 = ADVANCED_FACE('',(#17358),#17383,.F.);
#17358 = FACE_BOUND('',#17359,.F.);
#17359 = EDGE_LOOP('',(#17360,#17361,#17369,#17377));
#17360 = ORIENTED_EDGE('',*,*,#17339,.T.);
#17361 = ORIENTED_EDGE('',*,*,#17362,.T.);
#17362 = EDGE_CURVE('',#17332,#17363,#17365,.T.);
#17363 = VERTEX_POINT('',#17364);
#17364 = CARTESIAN_POINT('',(2.325,0.12,0.43));
#17365 = LINE('',#17366,#17367);
#17366 = CARTESIAN_POINT('',(2.325,0.12,0.75));
#17367 = VECTOR('',#17368,1.);
#17368 = DIRECTION('',(0.,0.,-1.));
#17369 = ORIENTED_EDGE('',*,*,#17370,.F.);
#17370 = EDGE_CURVE('',#17371,#17363,#17373,.T.);
#17371 = VERTEX_POINT('',#17372);
#17372 = CARTESIAN_POINT('',(2.175,0.12,0.43));
#17373 = LINE('',#17374,#17375);
#17374 = CARTESIAN_POINT('',(2.175,0.12,0.43));
#17375 = VECTOR('',#17376,1.);
#17376 = DIRECTION('',(1.,0.,0.));
#17377 = ORIENTED_EDGE('',*,*,#17378,.F.);
#17378 = EDGE_CURVE('',#17340,#17371,#17379,.T.);
#17379 = LINE('',#17380,#17381);
#17380 = CARTESIAN_POINT('',(2.175,0.12,0.75));
#17381 = VECTOR('',#17382,1.);
#17382 = DIRECTION('',(0.,0.,-1.));
#17383 = PLANE('',#17384);
#17384 = AXIS2_PLACEMENT_3D('',#17385,#17386,#17387);
#17385 = CARTESIAN_POINT('',(2.175,0.12,0.75));
#17386 = DIRECTION('',(-0.,1.,0.));
#17387 = DIRECTION('',(0.,0.,-1.));
#17388 = ADVANCED_FACE('',(#17389),#17414,.F.);
#17389 = FACE_BOUND('',#17390,.F.);
#17390 = EDGE_LOOP('',(#17391,#17392,#17400,#17408));
#17391 = ORIENTED_EDGE('',*,*,#17370,.T.);
#17392 = ORIENTED_EDGE('',*,*,#17393,.T.);
#17393 = EDGE_CURVE('',#17363,#17394,#17396,.T.);
#17394 = VERTEX_POINT('',#17395);
#17395 = CARTESIAN_POINT('',(2.325,-0.44,0.43));
#17396 = LINE('',#17397,#17398);
#17397 = CARTESIAN_POINT('',(2.325,0.12,0.43));
#17398 = VECTOR('',#17399,1.);
#17399 = DIRECTION('',(0.,-1.,0.));
#17400 = ORIENTED_EDGE('',*,*,#17401,.F.);
#17401 = EDGE_CURVE('',#17402,#17394,#17404,.T.);
#17402 = VERTEX_POINT('',#17403);
#17403 = CARTESIAN_POINT('',(2.175,-0.44,0.43));
#17404 = LINE('',#17405,#17406);
#17405 = CARTESIAN_POINT('',(2.175,-0.44,0.43));
#17406 = VECTOR('',#17407,1.);
#17407 = DIRECTION('',(1.,0.,0.));
#17408 = ORIENTED_EDGE('',*,*,#17409,.F.);
#17409 = EDGE_CURVE('',#17371,#17402,#17410,.T.);
#17410 = LINE('',#17411,#17412);
#17411 = CARTESIAN_POINT('',(2.175,0.12,0.43));
#17412 = VECTOR('',#17413,1.);
#17413 = DIRECTION('',(0.,-1.,0.));
#17414 = PLANE('',#17415);
#17415 = AXIS2_PLACEMENT_3D('',#17416,#17417,#17418);
#17416 = CARTESIAN_POINT('',(2.175,0.12,0.43));
#17417 = DIRECTION('',(0.,0.,-1.));
#17418 = DIRECTION('',(0.,-1.,0.));
#17419 = ADVANCED_FACE('',(#17420),#17445,.F.);
#17420 = FACE_BOUND('',#17421,.F.);
#17421 = EDGE_LOOP('',(#17422,#17423,#17431,#17439));
#17422 = ORIENTED_EDGE('',*,*,#17401,.T.);
#17423 = ORIENTED_EDGE('',*,*,#17424,.T.);
#17424 = EDGE_CURVE('',#17394,#17425,#17427,.T.);
#17425 = VERTEX_POINT('',#17426);
#17426 = CARTESIAN_POINT('',(2.325,-0.76,0.36));
#17427 = LINE('',#17428,#17429);
#17428 = CARTESIAN_POINT('',(2.325,-0.44,0.43));
#17429 = VECTOR('',#17430,1.);
#17430 = DIRECTION('',(0.,-0.976900017396,-0.213696878805));
#17431 = ORIENTED_EDGE('',*,*,#17432,.F.);
#17432 = EDGE_CURVE('',#17433,#17425,#17435,.T.);
#17433 = VERTEX_POINT('',#17434);
#17434 = CARTESIAN_POINT('',(2.175,-0.76,0.36));
#17435 = LINE('',#17436,#17437);
#17436 = CARTESIAN_POINT('',(2.175,-0.76,0.36));
#17437 = VECTOR('',#17438,1.);
#17438 = DIRECTION('',(1.,0.,0.));
#17439 = ORIENTED_EDGE('',*,*,#17440,.F.);
#17440 = EDGE_CURVE('',#17402,#17433,#17441,.T.);
#17441 = LINE('',#17442,#17443);
#17442 = CARTESIAN_POINT('',(2.175,-0.44,0.43));
#17443 = VECTOR('',#17444,1.);
#17444 = DIRECTION('',(0.,-0.976900017396,-0.213696878805));
#17445 = PLANE('',#17446);
#17446 = AXIS2_PLACEMENT_3D('',#17447,#17448,#17449);
#17447 = CARTESIAN_POINT('',(2.175,-0.44,0.43));
#17448 = DIRECTION('',(0.,0.213696878805,-0.976900017396));
#17449 = DIRECTION('',(0.,-0.976900017396,-0.213696878805));
#17450 = ADVANCED_FACE('',(#17451),#17476,.F.);
#17451 = FACE_BOUND('',#17452,.F.);
#17452 = EDGE_LOOP('',(#17453,#17454,#17462,#17470));
#17453 = ORIENTED_EDGE('',*,*,#17432,.T.);
#17454 = ORIENTED_EDGE('',*,*,#17455,.T.);
#17455 = EDGE_CURVE('',#17425,#17456,#17458,.T.);
#17456 = VERTEX_POINT('',#17457);
#17457 = CARTESIAN_POINT('',(2.325,-1.37,0.35));
#17458 = LINE('',#17459,#17460);
#17459 = CARTESIAN_POINT('',(2.325,-0.76,0.36));
#17460 = VECTOR('',#17461,1.);
#17461 = DIRECTION('',(0.,-0.999865654597,-1.63912402393E-02));
#17462 = ORIENTED_EDGE('',*,*,#17463,.F.);
#17463 = EDGE_CURVE('',#17464,#17456,#17466,.T.);
#17464 = VERTEX_POINT('',#17465);
#17465 = CARTESIAN_POINT('',(2.175,-1.37,0.35));
#17466 = LINE('',#17467,#17468);
#17467 = CARTESIAN_POINT('',(2.175,-1.37,0.35));
#17468 = VECTOR('',#17469,1.);
#17469 = DIRECTION('',(1.,0.,0.));
#17470 = ORIENTED_EDGE('',*,*,#17471,.F.);
#17471 = EDGE_CURVE('',#17433,#17464,#17472,.T.);
#17472 = LINE('',#17473,#17474);
#17473 = CARTESIAN_POINT('',(2.175,-0.76,0.36));
#17474 = VECTOR('',#17475,1.);
#17475 = DIRECTION('',(0.,-0.999865654597,-1.63912402393E-02));
#17476 = PLANE('',#17477);
#17477 = AXIS2_PLACEMENT_3D('',#17478,#17479,#17480);
#17478 = CARTESIAN_POINT('',(2.175,-0.76,0.36));
#17479 = DIRECTION('',(0.,1.63912402393E-02,-0.999865654597));
#17480 = DIRECTION('',(0.,-0.999865654597,-1.63912402393E-02));
#17481 = ADVANCED_FACE('',(#17482),#17498,.F.);
#17482 = FACE_BOUND('',#17483,.F.);
#17483 = EDGE_LOOP('',(#17484,#17485,#17491,#17492));
#17484 = ORIENTED_EDGE('',*,*,#17463,.T.);
#17485 = ORIENTED_EDGE('',*,*,#17486,.T.);
#17486 = EDGE_CURVE('',#17456,#16642,#17487,.T.);
#17487 = LINE('',#17488,#17489);
#17488 = CARTESIAN_POINT('',(2.325,-1.37,0.35));
#17489 = VECTOR('',#17490,1.);
#17490 = DIRECTION('',(0.,-0.894427191,-0.4472135955));
#17491 = ORIENTED_EDGE('',*,*,#16639,.F.);
#17492 = ORIENTED_EDGE('',*,*,#17493,.F.);
#17493 = EDGE_CURVE('',#17464,#16640,#17494,.T.);
#17494 = LINE('',#17495,#17496);
#17495 = CARTESIAN_POINT('',(2.175,-1.37,0.35));
#17496 = VECTOR('',#17497,1.);
#17497 = DIRECTION('',(0.,-0.894427191,-0.4472135955));
#17498 = PLANE('',#17499);
#17499 = AXIS2_PLACEMENT_3D('',#17500,#17501,#17502);
#17500 = CARTESIAN_POINT('',(2.175,-1.37,0.35));
#17501 = DIRECTION('',(0.,0.4472135955,-0.894427191));
#17502 = DIRECTION('',(0.,-0.894427191,-0.4472135955));
#17503 = ADVANCED_FACE('',(#17504),#17534,.F.);
#17504 = FACE_BOUND('',#17505,.F.);
#17505 = EDGE_LOOP('',(#17506,#17507,#17508,#17509,#17510,#17511,#17512,
    #17513,#17514,#17515,#17516,#17517,#17518,#17519,#17520,#17521,
    #17522,#17523,#17524,#17525,#17526,#17527,#17528,#17529,#17530,
    #17531,#17532,#17533));
#17506 = ORIENTED_EDGE('',*,*,#16665,.T.);
#17507 = ORIENTED_EDGE('',*,*,#16696,.T.);
#17508 = ORIENTED_EDGE('',*,*,#16727,.T.);
#17509 = ORIENTED_EDGE('',*,*,#16758,.T.);
#17510 = ORIENTED_EDGE('',*,*,#16789,.T.);
#17511 = ORIENTED_EDGE('',*,*,#16820,.T.);
#17512 = ORIENTED_EDGE('',*,*,#16851,.T.);
#17513 = ORIENTED_EDGE('',*,*,#16882,.T.);
#17514 = ORIENTED_EDGE('',*,*,#16913,.T.);
#17515 = ORIENTED_EDGE('',*,*,#16944,.T.);
#17516 = ORIENTED_EDGE('',*,*,#16975,.T.);
#17517 = ORIENTED_EDGE('',*,*,#17006,.T.);
#17518 = ORIENTED_EDGE('',*,*,#17037,.T.);
#17519 = ORIENTED_EDGE('',*,*,#17068,.T.);
#17520 = ORIENTED_EDGE('',*,*,#17099,.T.);
#17521 = ORIENTED_EDGE('',*,*,#17130,.T.);
#17522 = ORIENTED_EDGE('',*,*,#17161,.T.);
#17523 = ORIENTED_EDGE('',*,*,#17192,.T.);
#17524 = ORIENTED_EDGE('',*,*,#17223,.T.);
#17525 = ORIENTED_EDGE('',*,*,#17254,.T.);
#17526 = ORIENTED_EDGE('',*,*,#17285,.T.);
#17527 = ORIENTED_EDGE('',*,*,#17316,.T.);
#17528 = ORIENTED_EDGE('',*,*,#17347,.T.);
#17529 = ORIENTED_EDGE('',*,*,#17378,.T.);
#17530 = ORIENTED_EDGE('',*,*,#17409,.T.);
#17531 = ORIENTED_EDGE('',*,*,#17440,.T.);
#17532 = ORIENTED_EDGE('',*,*,#17471,.T.);
#17533 = ORIENTED_EDGE('',*,*,#17493,.T.);
#17534 = PLANE('',#17535);
#17535 = AXIS2_PLACEMENT_3D('',#17536,#17537,#17538);
#17536 = CARTESIAN_POINT('',(2.175,-0.200937564723,0.444942085346));
#17537 = DIRECTION('',(1.,0.,0.));
#17538 = DIRECTION('',(-0.,0.,1.));
#17539 = ADVANCED_FACE('',(#17540),#17570,.T.);
#17540 = FACE_BOUND('',#17541,.T.);
#17541 = EDGE_LOOP('',(#17542,#17543,#17544,#17545,#17546,#17547,#17548,
    #17549,#17550,#17551,#17552,#17553,#17554,#17555,#17556,#17557,
    #17558,#17559,#17560,#17561,#17562,#17563,#17564,#17565,#17566,
    #17567,#17568,#17569));
#17542 = ORIENTED_EDGE('',*,*,#16649,.T.);
#17543 = ORIENTED_EDGE('',*,*,#16680,.T.);
#17544 = ORIENTED_EDGE('',*,*,#16711,.T.);
#17545 = ORIENTED_EDGE('',*,*,#16742,.T.);
#17546 = ORIENTED_EDGE('',*,*,#16773,.T.);
#17547 = ORIENTED_EDGE('',*,*,#16804,.T.);
#17548 = ORIENTED_EDGE('',*,*,#16835,.T.);
#17549 = ORIENTED_EDGE('',*,*,#16866,.T.);
#17550 = ORIENTED_EDGE('',*,*,#16897,.T.);
#17551 = ORIENTED_EDGE('',*,*,#16928,.T.);
#17552 = ORIENTED_EDGE('',*,*,#16959,.T.);
#17553 = ORIENTED_EDGE('',*,*,#16990,.T.);
#17554 = ORIENTED_EDGE('',*,*,#17021,.T.);
#17555 = ORIENTED_EDGE('',*,*,#17052,.T.);
#17556 = ORIENTED_EDGE('',*,*,#17083,.T.);
#17557 = ORIENTED_EDGE('',*,*,#17114,.T.);
#17558 = ORIENTED_EDGE('',*,*,#17145,.T.);
#17559 = ORIENTED_EDGE('',*,*,#17176,.T.);
#17560 = ORIENTED_EDGE('',*,*,#17207,.T.);
#17561 = ORIENTED_EDGE('',*,*,#17238,.T.);
#17562 = ORIENTED_EDGE('',*,*,#17269,.T.);
#17563 = ORIENTED_EDGE('',*,*,#17300,.T.);
#17564 = ORIENTED_EDGE('',*,*,#17331,.T.);
#17565 = ORIENTED_EDGE('',*,*,#17362,.T.);
#17566 = ORIENTED_EDGE('',*,*,#17393,.T.);
#17567 = ORIENTED_EDGE('',*,*,#17424,.T.);
#17568 = ORIENTED_EDGE('',*,*,#17455,.T.);
#17569 = ORIENTED_EDGE('',*,*,#17486,.T.);
#17570 = PLANE('',#17571);
#17571 = AXIS2_PLACEMENT_3D('',#17572,#17573,#17574);
#17572 = CARTESIAN_POINT('',(2.325,-0.200937564723,0.444942085346));
#17573 = DIRECTION('',(1.,0.,0.));
#17574 = DIRECTION('',(-0.,0.,1.));
#17575 = ( GEOMETRIC_REPRESENTATION_CONTEXT(3)
GLOBAL_UNCERTAINTY_ASSIGNED_CONTEXT((#17579))
GLOBAL_UNIT_ASSIGNED_CONTEXT((#17576,#17577,#17578))
REPRESENTATION_CONTEXT('Context #1',
  '3D Context with UNIT and UNCERTAINTY') );
#17576 = ( LENGTH_UNIT() NAMED_UNIT(*) SI_UNIT(.MILLI.,.METRE.) );
#17577 = ( NAMED_UNIT(*) PLANE_ANGLE_UNIT() SI_UNIT($,.RADIAN.) );
#17578 = ( NAMED_UNIT(*) SI_UNIT($,.STERADIAN.) SOLID_ANGLE_UNIT() );
#17579 = UNCERTAINTY_MEASURE_WITH_UNIT(LENGTH_MEASURE(1.E-07),#17576,
  'distance_accuracy_value','confusion accuracy');
#17580 = CONTEXT_DEPENDENT_SHAPE_REPRESENTATION(#17581,#17583);
#17581 = ( REPRESENTATION_RELATIONSHIP('','',#16632,#10)
REPRESENTATION_RELATIONSHIP_WITH_TRANSFORMATION(#17582)
SHAPE_REPRESENTATION_RELATIONSHIP() );
#17582 = ITEM_DEFINED_TRANSFORMATION('','',#11,#63);
#17583 = PRODUCT_DEFINITION_SHAPE('Placement','Placement of an item',
  #17584);
#17584 = NEXT_ASSEMBLY_USAGE_OCCURRENCE('13','Gold_contact_11','',#5,
  #16627,$);
#17585 = PRODUCT_RELATED_PRODUCT_CATEGORY('part',$,(#16629));
#17586 = SHAPE_DEFINITION_REPRESENTATION(#17587,#17593);
#17587 = PRODUCT_DEFINITION_SHAPE('','',#17588);
#17588 = PRODUCT_DEFINITION('design','',#17589,#17592);
#17589 = PRODUCT_DEFINITION_FORMATION('','',#17590);
#17590 = PRODUCT('Gold_contact_12','Gold_contact_12','',(#17591));
#17591 = PRODUCT_CONTEXT('',#2,'mechanical');
#17592 = PRODUCT_DEFINITION_CONTEXT('part definition',#2,'design');
#17593 = ADVANCED_BREP_SHAPE_REPRESENTATION('',(#11,#17594),#18536);
#17594 = MANIFOLD_SOLID_BREP('',#17595);
#17595 = CLOSED_SHELL('',(#17596,#17636,#17667,#17698,#17729,#17760,
    #17791,#17822,#17853,#17884,#17915,#17946,#17977,#18008,#18039,
    #18070,#18101,#18132,#18163,#18194,#18225,#18256,#18287,#18318,
    #18349,#18380,#18411,#18442,#18464,#18500));
#17596 = ADVANCED_FACE('',(#17597),#17631,.F.);
#17597 = FACE_BOUND('',#17598,.F.);
#17598 = EDGE_LOOP('',(#17599,#17609,#17617,#17625));
#17599 = ORIENTED_EDGE('',*,*,#17600,.T.);
#17600 = EDGE_CURVE('',#17601,#17603,#17605,.T.);
#17601 = VERTEX_POINT('',#17602);
#17602 = CARTESIAN_POINT('',(2.675,-1.47,0.3));
#17603 = VERTEX_POINT('',#17604);
#17604 = CARTESIAN_POINT('',(2.825,-1.47,0.3));
#17605 = LINE('',#17606,#17607);
#17606 = CARTESIAN_POINT('',(2.675,-1.47,0.3));
#17607 = VECTOR('',#17608,1.);
#17608 = DIRECTION('',(1.,0.,0.));
#17609 = ORIENTED_EDGE('',*,*,#17610,.T.);
#17610 = EDGE_CURVE('',#17603,#17611,#17613,.T.);
#17611 = VERTEX_POINT('',#17612);
#17612 = CARTESIAN_POINT('',(2.825,-1.39,0.27));
#17613 = LINE('',#17614,#17615);
#17614 = CARTESIAN_POINT('',(2.825,-1.47,0.3));
#17615 = VECTOR('',#17616,1.);
#17616 = DIRECTION('',(0.,0.936329177569,-0.351123441588));
#17617 = ORIENTED_EDGE('',*,*,#17618,.F.);
#17618 = EDGE_CURVE('',#17619,#17611,#17621,.T.);
#17619 = VERTEX_POINT('',#17620);
#17620 = CARTESIAN_POINT('',(2.675,-1.39,0.27));
#17621 = LINE('',#17622,#17623);
#17622 = CARTESIAN_POINT('',(2.675,-1.39,0.27));
#17623 = VECTOR('',#17624,1.);
#17624 = DIRECTION('',(1.,0.,0.));
#17625 = ORIENTED_EDGE('',*,*,#17626,.F.);
#17626 = EDGE_CURVE('',#17601,#17619,#17627,.T.);
#17627 = LINE('',#17628,#17629);
#17628 = CARTESIAN_POINT('',(2.675,-1.47,0.3));
#17629 = VECTOR('',#17630,1.);
#17630 = DIRECTION('',(0.,0.936329177569,-0.351123441588));
#17631 = PLANE('',#17632);
#17632 = AXIS2_PLACEMENT_3D('',#17633,#17634,#17635);
#17633 = CARTESIAN_POINT('',(2.675,-1.47,0.3));
#17634 = DIRECTION('',(-0.,0.351123441588,0.936329177569));
#17635 = DIRECTION('',(0.,0.936329177569,-0.351123441588));
#17636 = ADVANCED_FACE('',(#17637),#17662,.F.);
#17637 = FACE_BOUND('',#17638,.F.);
#17638 = EDGE_LOOP('',(#17639,#17640,#17648,#17656));
#17639 = ORIENTED_EDGE('',*,*,#17618,.T.);
#17640 = ORIENTED_EDGE('',*,*,#17641,.T.);
#17641 = EDGE_CURVE('',#17611,#17642,#17644,.T.);
#17642 = VERTEX_POINT('',#17643);
#17643 = CARTESIAN_POINT('',(2.825,-0.76,0.29));
#17644 = LINE('',#17645,#17646);
#17645 = CARTESIAN_POINT('',(2.825,-1.39,0.27));
#17646 = VECTOR('',#17647,1.);
#17647 = DIRECTION('',(0.,0.999496475295,3.173004683477E-02));
#17648 = ORIENTED_EDGE('',*,*,#17649,.F.);
#17649 = EDGE_CURVE('',#17650,#17642,#17652,.T.);
#17650 = VERTEX_POINT('',#17651);
#17651 = CARTESIAN_POINT('',(2.675,-0.76,0.29));
#17652 = LINE('',#17653,#17654);
#17653 = CARTESIAN_POINT('',(2.675,-0.76,0.29));
#17654 = VECTOR('',#17655,1.);
#17655 = DIRECTION('',(1.,0.,0.));
#17656 = ORIENTED_EDGE('',*,*,#17657,.F.);
#17657 = EDGE_CURVE('',#17619,#17650,#17658,.T.);
#17658 = LINE('',#17659,#17660);
#17659 = CARTESIAN_POINT('',(2.675,-1.39,0.27));
#17660 = VECTOR('',#17661,1.);
#17661 = DIRECTION('',(0.,0.999496475295,3.173004683477E-02));
#17662 = PLANE('',#17663);
#17663 = AXIS2_PLACEMENT_3D('',#17664,#17665,#17666);
#17664 = CARTESIAN_POINT('',(2.675,-1.39,0.27));
#17665 = DIRECTION('',(0.,-3.173004683477E-02,0.999496475295));
#17666 = DIRECTION('',(0.,0.999496475295,3.173004683477E-02));
#17667 = ADVANCED_FACE('',(#17668),#17693,.F.);
#17668 = FACE_BOUND('',#17669,.F.);
#17669 = EDGE_LOOP('',(#17670,#17671,#17679,#17687));
#17670 = ORIENTED_EDGE('',*,*,#17649,.T.);
#17671 = ORIENTED_EDGE('',*,*,#17672,.T.);
#17672 = EDGE_CURVE('',#17642,#17673,#17675,.T.);
#17673 = VERTEX_POINT('',#17674);
#17674 = CARTESIAN_POINT('',(2.825,-0.48,0.34));
#17675 = LINE('',#17676,#17677);
#17676 = CARTESIAN_POINT('',(2.825,-0.76,0.29));
#17677 = VECTOR('',#17678,1.);
#17678 = DIRECTION('',(0.,0.984427575508,0.175790638484));
#17679 = ORIENTED_EDGE('',*,*,#17680,.F.);
#17680 = EDGE_CURVE('',#17681,#17673,#17683,.T.);
#17681 = VERTEX_POINT('',#17682);
#17682 = CARTESIAN_POINT('',(2.675,-0.48,0.34));
#17683 = LINE('',#17684,#17685);
#17684 = CARTESIAN_POINT('',(2.675,-0.48,0.34));
#17685 = VECTOR('',#17686,1.);
#17686 = DIRECTION('',(1.,0.,0.));
#17687 = ORIENTED_EDGE('',*,*,#17688,.F.);
#17688 = EDGE_CURVE('',#17650,#17681,#17689,.T.);
#17689 = LINE('',#17690,#17691);
#17690 = CARTESIAN_POINT('',(2.675,-0.76,0.29));
#17691 = VECTOR('',#17692,1.);
#17692 = DIRECTION('',(0.,0.984427575508,0.175790638484));
#17693 = PLANE('',#17694);
#17694 = AXIS2_PLACEMENT_3D('',#17695,#17696,#17697);
#17695 = CARTESIAN_POINT('',(2.675,-0.76,0.29));
#17696 = DIRECTION('',(0.,-0.175790638484,0.984427575508));
#17697 = DIRECTION('',(0.,0.984427575508,0.175790638484));
#17698 = ADVANCED_FACE('',(#17699),#17724,.F.);
#17699 = FACE_BOUND('',#17700,.F.);
#17700 = EDGE_LOOP('',(#17701,#17702,#17710,#17718));
#17701 = ORIENTED_EDGE('',*,*,#17680,.T.);
#17702 = ORIENTED_EDGE('',*,*,#17703,.T.);
#17703 = EDGE_CURVE('',#17673,#17704,#17706,.T.);
#17704 = VERTEX_POINT('',#17705);
#17705 = CARTESIAN_POINT('',(2.825,5.E-02,0.34));
#17706 = LINE('',#17707,#17708);
#17707 = CARTESIAN_POINT('',(2.825,-0.48,0.34));
#17708 = VECTOR('',#17709,1.);
#17709 = DIRECTION('',(0.,1.,0.));
#17710 = ORIENTED_EDGE('',*,*,#17711,.F.);
#17711 = EDGE_CURVE('',#17712,#17704,#17714,.T.);
#17712 = VERTEX_POINT('',#17713);
#17713 = CARTESIAN_POINT('',(2.675,5.E-02,0.34));
#17714 = LINE('',#17715,#17716);
#17715 = CARTESIAN_POINT('',(2.675,5.E-02,0.34));
#17716 = VECTOR('',#17717,1.);
#17717 = DIRECTION('',(1.,0.,0.));
#17718 = ORIENTED_EDGE('',*,*,#17719,.F.);
#17719 = EDGE_CURVE('',#17681,#17712,#17720,.T.);
#17720 = LINE('',#17721,#17722);
#17721 = CARTESIAN_POINT('',(2.675,-0.48,0.34));
#17722 = VECTOR('',#17723,1.);
#17723 = DIRECTION('',(0.,1.,0.));
#17724 = PLANE('',#17725);
#17725 = AXIS2_PLACEMENT_3D('',#17726,#17727,#17728);
#17726 = CARTESIAN_POINT('',(2.675,-0.48,0.34));
#17727 = DIRECTION('',(0.,0.,1.));
#17728 = DIRECTION('',(0.,1.,0.));
#17729 = ADVANCED_FACE('',(#17730),#17755,.F.);
#17730 = FACE_BOUND('',#17731,.F.);
#17731 = EDGE_LOOP('',(#17732,#17733,#17741,#17749));
#17732 = ORIENTED_EDGE('',*,*,#17711,.T.);
#17733 = ORIENTED_EDGE('',*,*,#17734,.T.);
#17734 = EDGE_CURVE('',#17704,#17735,#17737,.T.);
#17735 = VERTEX_POINT('',#17736);
#17736 = CARTESIAN_POINT('',(2.825,0.17,0.29));
#17737 = LINE('',#17738,#17739);
#17738 = CARTESIAN_POINT('',(2.825,5.E-02,0.34));
#17739 = VECTOR('',#17740,1.);
#17740 = DIRECTION('',(0.,0.923076923077,-0.384615384615));
#17741 = ORIENTED_EDGE('',*,*,#17742,.F.);
#17742 = EDGE_CURVE('',#17743,#17735,#17745,.T.);
#17743 = VERTEX_POINT('',#17744);
#17744 = CARTESIAN_POINT('',(2.675,0.17,0.29));
#17745 = LINE('',#17746,#17747);
#17746 = CARTESIAN_POINT('',(2.675,0.17,0.29));
#17747 = VECTOR('',#17748,1.);
#17748 = DIRECTION('',(1.,0.,0.));
#17749 = ORIENTED_EDGE('',*,*,#17750,.F.);
#17750 = EDGE_CURVE('',#17712,#17743,#17751,.T.);
#17751 = LINE('',#17752,#17753);
#17752 = CARTESIAN_POINT('',(2.675,5.E-02,0.34));
#17753 = VECTOR('',#17754,1.);
#17754 = DIRECTION('',(0.,0.923076923077,-0.384615384615));
#17755 = PLANE('',#17756);
#17756 = AXIS2_PLACEMENT_3D('',#17757,#17758,#17759);
#17757 = CARTESIAN_POINT('',(2.675,5.E-02,0.34));
#17758 = DIRECTION('',(-0.,0.384615384615,0.923076923077));
#17759 = DIRECTION('',(0.,0.923076923077,-0.384615384615));
#17760 = ADVANCED_FACE('',(#17761),#17786,.F.);
#17761 = FACE_BOUND('',#17762,.F.);
#17762 = EDGE_LOOP('',(#17763,#17764,#17772,#17780));
#17763 = ORIENTED_EDGE('',*,*,#17742,.T.);
#17764 = ORIENTED_EDGE('',*,*,#17765,.T.);
#17765 = EDGE_CURVE('',#17735,#17766,#17768,.T.);
#17766 = VERTEX_POINT('',#17767);
#17767 = CARTESIAN_POINT('',(2.825,0.2,0.18));
#17768 = LINE('',#17769,#17770);
#17769 = CARTESIAN_POINT('',(2.825,0.17,0.29));
#17770 = VECTOR('',#17771,1.);
#17771 = DIRECTION('',(0.,0.263117405792,-0.964763821238));
#17772 = ORIENTED_EDGE('',*,*,#17773,.F.);
#17773 = EDGE_CURVE('',#17774,#17766,#17776,.T.);
#17774 = VERTEX_POINT('',#17775);
#17775 = CARTESIAN_POINT('',(2.675,0.2,0.18));
#17776 = LINE('',#17777,#17778);
#17777 = CARTESIAN_POINT('',(2.675,0.2,0.18));
#17778 = VECTOR('',#17779,1.);
#17779 = DIRECTION('',(1.,0.,0.));
#17780 = ORIENTED_EDGE('',*,*,#17781,.F.);
#17781 = EDGE_CURVE('',#17743,#17774,#17782,.T.);
#17782 = LINE('',#17783,#17784);
#17783 = CARTESIAN_POINT('',(2.675,0.17,0.29));
#17784 = VECTOR('',#17785,1.);
#17785 = DIRECTION('',(0.,0.263117405792,-0.964763821238));
#17786 = PLANE('',#17787);
#17787 = AXIS2_PLACEMENT_3D('',#17788,#17789,#17790);
#17788 = CARTESIAN_POINT('',(2.675,0.17,0.29));
#17789 = DIRECTION('',(-0.,0.964763821238,0.263117405792));
#17790 = DIRECTION('',(0.,0.263117405792,-0.964763821238));
#17791 = ADVANCED_FACE('',(#17792),#17817,.F.);
#17792 = FACE_BOUND('',#17793,.F.);
#17793 = EDGE_LOOP('',(#17794,#17795,#17803,#17811));
#17794 = ORIENTED_EDGE('',*,*,#17773,.T.);
#17795 = ORIENTED_EDGE('',*,*,#17796,.T.);
#17796 = EDGE_CURVE('',#17766,#17797,#17799,.T.);
#17797 = VERTEX_POINT('',#17798);
#17798 = CARTESIAN_POINT('',(2.825,0.88,0.18));
#17799 = LINE('',#17800,#17801);
#17800 = CARTESIAN_POINT('',(2.825,0.2,0.18));
#17801 = VECTOR('',#17802,1.);
#17802 = DIRECTION('',(0.,1.,0.));
#17803 = ORIENTED_EDGE('',*,*,#17804,.F.);
#17804 = EDGE_CURVE('',#17805,#17797,#17807,.T.);
#17805 = VERTEX_POINT('',#17806);
#17806 = CARTESIAN_POINT('',(2.675,0.88,0.18));
#17807 = LINE('',#17808,#17809);
#17808 = CARTESIAN_POINT('',(2.675,0.88,0.18));
#17809 = VECTOR('',#17810,1.);
#17810 = DIRECTION('',(1.,0.,0.));
#17811 = ORIENTED_EDGE('',*,*,#17812,.F.);
#17812 = EDGE_CURVE('',#17774,#17805,#17813,.T.);
#17813 = LINE('',#17814,#17815);
#17814 = CARTESIAN_POINT('',(2.675,0.2,0.18));
#17815 = VECTOR('',#17816,1.);
#17816 = DIRECTION('',(0.,1.,0.));
#17817 = PLANE('',#17818);
#17818 = AXIS2_PLACEMENT_3D('',#17819,#17820,#17821);
#17819 = CARTESIAN_POINT('',(2.675,0.2,0.18));
#17820 = DIRECTION('',(0.,0.,1.));
#17821 = DIRECTION('',(0.,1.,0.));
#17822 = ADVANCED_FACE('',(#17823),#17848,.F.);
#17823 = FACE_BOUND('',#17824,.F.);
#17824 = EDGE_LOOP('',(#17825,#17826,#17834,#17842));
#17825 = ORIENTED_EDGE('',*,*,#17804,.T.);
#17826 = ORIENTED_EDGE('',*,*,#17827,.T.);
#17827 = EDGE_CURVE('',#17797,#17828,#17830,.T.);
#17828 = VERTEX_POINT('',#17829);
#17829 = CARTESIAN_POINT('',(2.825,0.99,2.E-02));
#17830 = LINE('',#17831,#17832);
#17831 = CARTESIAN_POINT('',(2.825,0.88,0.18));
#17832 = VECTOR('',#17833,1.);
#17833 = DIRECTION('',(0.,0.566528822887,-0.824041924199));
#17834 = ORIENTED_EDGE('',*,*,#17835,.F.);
#17835 = EDGE_CURVE('',#17836,#17828,#17838,.T.);
#17836 = VERTEX_POINT('',#17837);
#17837 = CARTESIAN_POINT('',(2.675,0.99,2.E-02));
#17838 = LINE('',#17839,#17840);
#17839 = CARTESIAN_POINT('',(2.675,0.99,2.E-02));
#17840 = VECTOR('',#17841,1.);
#17841 = DIRECTION('',(1.,0.,0.));
#17842 = ORIENTED_EDGE('',*,*,#17843,.F.);
#17843 = EDGE_CURVE('',#17805,#17836,#17844,.T.);
#17844 = LINE('',#17845,#17846);
#17845 = CARTESIAN_POINT('',(2.675,0.88,0.18));
#17846 = VECTOR('',#17847,1.);
#17847 = DIRECTION('',(0.,0.566528822887,-0.824041924199));
#17848 = PLANE('',#17849);
#17849 = AXIS2_PLACEMENT_3D('',#17850,#17851,#17852);
#17850 = CARTESIAN_POINT('',(2.675,0.88,0.18));
#17851 = DIRECTION('',(-0.,0.824041924199,0.566528822887));
#17852 = DIRECTION('',(0.,0.566528822887,-0.824041924199));
#17853 = ADVANCED_FACE('',(#17854),#17879,.F.);
#17854 = FACE_BOUND('',#17855,.F.);
#17855 = EDGE_LOOP('',(#17856,#17857,#17865,#17873));
#17856 = ORIENTED_EDGE('',*,*,#17835,.T.);
#17857 = ORIENTED_EDGE('',*,*,#17858,.T.);
#17858 = EDGE_CURVE('',#17828,#17859,#17861,.T.);
#17859 = VERTEX_POINT('',#17860);
#17860 = CARTESIAN_POINT('',(2.825,1.38,0.));
#17861 = LINE('',#17862,#17863);
#17862 = CARTESIAN_POINT('',(2.825,0.99,2.E-02));
#17863 = VECTOR('',#17864,1.);
#17864 = DIRECTION('',(0.,0.998687663477,-5.121475197316E-02));
#17865 = ORIENTED_EDGE('',*,*,#17866,.F.);
#17866 = EDGE_CURVE('',#17867,#17859,#17869,.T.);
#17867 = VERTEX_POINT('',#17868);
#17868 = CARTESIAN_POINT('',(2.675,1.38,0.));
#17869 = LINE('',#17870,#17871);
#17870 = CARTESIAN_POINT('',(2.675,1.38,0.));
#17871 = VECTOR('',#17872,1.);
#17872 = DIRECTION('',(1.,0.,0.));
#17873 = ORIENTED_EDGE('',*,*,#17874,.F.);
#17874 = EDGE_CURVE('',#17836,#17867,#17875,.T.);
#17875 = LINE('',#17876,#17877);
#17876 = CARTESIAN_POINT('',(2.675,0.99,2.E-02));
#17877 = VECTOR('',#17878,1.);
#17878 = DIRECTION('',(0.,0.998687663477,-5.121475197316E-02));
#17879 = PLANE('',#17880);
#17880 = AXIS2_PLACEMENT_3D('',#17881,#17882,#17883);
#17881 = CARTESIAN_POINT('',(2.675,0.99,2.E-02));
#17882 = DIRECTION('',(-0.,5.121475197316E-02,0.998687663477));
#17883 = DIRECTION('',(0.,0.998687663477,-5.121475197316E-02));
#17884 = ADVANCED_FACE('',(#17885),#17910,.F.);
#17885 = FACE_BOUND('',#17886,.F.);
#17886 = EDGE_LOOP('',(#17887,#17888,#17896,#17904));
#17887 = ORIENTED_EDGE('',*,*,#17866,.T.);
#17888 = ORIENTED_EDGE('',*,*,#17889,.T.);
#17889 = EDGE_CURVE('',#17859,#17890,#17892,.T.);
#17890 = VERTEX_POINT('',#17891);
#17891 = CARTESIAN_POINT('',(2.825,1.38,8.E-02));
#17892 = LINE('',#17893,#17894);
#17893 = CARTESIAN_POINT('',(2.825,1.38,0.));
#17894 = VECTOR('',#17895,1.);
#17895 = DIRECTION('',(0.,0.,1.));
#17896 = ORIENTED_EDGE('',*,*,#17897,.F.);
#17897 = EDGE_CURVE('',#17898,#17890,#17900,.T.);
#17898 = VERTEX_POINT('',#17899);
#17899 = CARTESIAN_POINT('',(2.675,1.38,8.E-02));
#17900 = LINE('',#17901,#17902);
#17901 = CARTESIAN_POINT('',(2.675,1.38,8.E-02));
#17902 = VECTOR('',#17903,1.);
#17903 = DIRECTION('',(1.,0.,0.));
#17904 = ORIENTED_EDGE('',*,*,#17905,.F.);
#17905 = EDGE_CURVE('',#17867,#17898,#17906,.T.);
#17906 = LINE('',#17907,#17908);
#17907 = CARTESIAN_POINT('',(2.675,1.38,0.));
#17908 = VECTOR('',#17909,1.);
#17909 = DIRECTION('',(0.,0.,1.));
#17910 = PLANE('',#17911);
#17911 = AXIS2_PLACEMENT_3D('',#17912,#17913,#17914);
#17912 = CARTESIAN_POINT('',(2.675,1.38,0.));
#17913 = DIRECTION('',(0.,-1.,0.));
#17914 = DIRECTION('',(0.,0.,1.));
#17915 = ADVANCED_FACE('',(#17916),#17941,.F.);
#17916 = FACE_BOUND('',#17917,.F.);
#17917 = EDGE_LOOP('',(#17918,#17919,#17927,#17935));
#17918 = ORIENTED_EDGE('',*,*,#17897,.T.);
#17919 = ORIENTED_EDGE('',*,*,#17920,.T.);
#17920 = EDGE_CURVE('',#17890,#17921,#17923,.T.);
#17921 = VERTEX_POINT('',#17922);
#17922 = CARTESIAN_POINT('',(2.825,1.05,0.1));
#17923 = LINE('',#17924,#17925);
#17924 = CARTESIAN_POINT('',(2.825,1.38,8.E-02));
#17925 = VECTOR('',#17926,1.);
#17926 = DIRECTION('',(0.,-0.998168496631,6.049506040189E-02));
#17927 = ORIENTED_EDGE('',*,*,#17928,.F.);
#17928 = EDGE_CURVE('',#17929,#17921,#17931,.T.);
#17929 = VERTEX_POINT('',#17930);
#17930 = CARTESIAN_POINT('',(2.675,1.05,0.1));
#17931 = LINE('',#17932,#17933);
#17932 = CARTESIAN_POINT('',(2.675,1.05,0.1));
#17933 = VECTOR('',#17934,1.);
#17934 = DIRECTION('',(1.,0.,0.));
#17935 = ORIENTED_EDGE('',*,*,#17936,.F.);
#17936 = EDGE_CURVE('',#17898,#17929,#17937,.T.);
#17937 = LINE('',#17938,#17939);
#17938 = CARTESIAN_POINT('',(2.675,1.38,8.E-02));
#17939 = VECTOR('',#17940,1.);
#17940 = DIRECTION('',(0.,-0.998168496631,6.049506040189E-02));
#17941 = PLANE('',#17942);
#17942 = AXIS2_PLACEMENT_3D('',#17943,#17944,#17945);
#17943 = CARTESIAN_POINT('',(2.675,1.38,8.E-02));
#17944 = DIRECTION('',(0.,-6.049506040189E-02,-0.998168496631));
#17945 = DIRECTION('',(0.,-0.998168496631,6.049506040189E-02));
#17946 = ADVANCED_FACE('',(#17947),#17972,.F.);
#17947 = FACE_BOUND('',#17948,.F.);
#17948 = EDGE_LOOP('',(#17949,#17950,#17958,#17966));
#17949 = ORIENTED_EDGE('',*,*,#17928,.T.);
#17950 = ORIENTED_EDGE('',*,*,#17951,.T.);
#17951 = EDGE_CURVE('',#17921,#17952,#17954,.T.);
#17952 = VERTEX_POINT('',#17953);
#17953 = CARTESIAN_POINT('',(2.825,0.97,0.26));
#17954 = LINE('',#17955,#17956);
#17955 = CARTESIAN_POINT('',(2.825,1.05,0.1));
#17956 = VECTOR('',#17957,1.);
#17957 = DIRECTION('',(0.,-0.4472135955,0.894427191));
#17958 = ORIENTED_EDGE('',*,*,#17959,.F.);
#17959 = EDGE_CURVE('',#17960,#17952,#17962,.T.);
#17960 = VERTEX_POINT('',#17961);
#17961 = CARTESIAN_POINT('',(2.675,0.97,0.26));
#17962 = LINE('',#17963,#17964);
#17963 = CARTESIAN_POINT('',(2.675,0.97,0.26));
#17964 = VECTOR('',#17965,1.);
#17965 = DIRECTION('',(1.,0.,0.));
#17966 = ORIENTED_EDGE('',*,*,#17967,.F.);
#17967 = EDGE_CURVE('',#17929,#17960,#17968,.T.);
#17968 = LINE('',#17969,#17970);
#17969 = CARTESIAN_POINT('',(2.675,1.05,0.1));
#17970 = VECTOR('',#17971,1.);
#17971 = DIRECTION('',(0.,-0.4472135955,0.894427191));
#17972 = PLANE('',#17973);
#17973 = AXIS2_PLACEMENT_3D('',#17974,#17975,#17976);
#17974 = CARTESIAN_POINT('',(2.675,1.05,0.1));
#17975 = DIRECTION('',(0.,-0.894427191,-0.4472135955));
#17976 = DIRECTION('',(0.,-0.4472135955,0.894427191));
#17977 = ADVANCED_FACE('',(#17978),#18003,.F.);
#17978 = FACE_BOUND('',#17979,.F.);
#17979 = EDGE_LOOP('',(#17980,#17981,#17989,#17997));
#17980 = ORIENTED_EDGE('',*,*,#17959,.T.);
#17981 = ORIENTED_EDGE('',*,*,#17982,.T.);
#17982 = EDGE_CURVE('',#17952,#17983,#17985,.T.);
#17983 = VERTEX_POINT('',#17984);
#17984 = CARTESIAN_POINT('',(2.825,0.28,0.26));
#17985 = LINE('',#17986,#17987);
#17986 = CARTESIAN_POINT('',(2.825,0.97,0.26));
#17987 = VECTOR('',#17988,1.);
#17988 = DIRECTION('',(0.,-1.,0.));
#17989 = ORIENTED_EDGE('',*,*,#17990,.F.);
#17990 = EDGE_CURVE('',#17991,#17983,#17993,.T.);
#17991 = VERTEX_POINT('',#17992);
#17992 = CARTESIAN_POINT('',(2.675,0.28,0.26));
#17993 = LINE('',#17994,#17995);
#17994 = CARTESIAN_POINT('',(2.675,0.28,0.26));
#17995 = VECTOR('',#17996,1.);
#17996 = DIRECTION('',(1.,0.,0.));
#17997 = ORIENTED_EDGE('',*,*,#17998,.F.);
#17998 = EDGE_CURVE('',#17960,#17991,#17999,.T.);
#17999 = LINE('',#18000,#18001);
#18000 = CARTESIAN_POINT('',(2.675,0.97,0.26));
#18001 = VECTOR('',#18002,1.);
#18002 = DIRECTION('',(0.,-1.,0.));
#18003 = PLANE('',#18004);
#18004 = AXIS2_PLACEMENT_3D('',#18005,#18006,#18007);
#18005 = CARTESIAN_POINT('',(2.675,0.97,0.26));
#18006 = DIRECTION('',(0.,0.,-1.));
#18007 = DIRECTION('',(0.,-1.,0.));
#18008 = ADVANCED_FACE('',(#18009),#18034,.F.);
#18009 = FACE_BOUND('',#18010,.F.);
#18010 = EDGE_LOOP('',(#18011,#18012,#18020,#18028));
#18011 = ORIENTED_EDGE('',*,*,#17990,.T.);
#18012 = ORIENTED_EDGE('',*,*,#18013,.T.);
#18013 = EDGE_CURVE('',#17983,#18014,#18016,.T.);
#18014 = VERTEX_POINT('',#18015);
#18015 = CARTESIAN_POINT('',(2.825,0.22,0.42));
#18016 = LINE('',#18017,#18018);
#18017 = CARTESIAN_POINT('',(2.825,0.28,0.26));
#18018 = VECTOR('',#18019,1.);
#18019 = DIRECTION('',(0.,-0.351123441588,0.936329177569));
#18020 = ORIENTED_EDGE('',*,*,#18021,.F.);
#18021 = EDGE_CURVE('',#18022,#18014,#18024,.T.);
#18022 = VERTEX_POINT('',#18023);
#18023 = CARTESIAN_POINT('',(2.675,0.22,0.42));
#18024 = LINE('',#18025,#18026);
#18025 = CARTESIAN_POINT('',(2.675,0.22,0.42));
#18026 = VECTOR('',#18027,1.);
#18027 = DIRECTION('',(1.,0.,0.));
#18028 = ORIENTED_EDGE('',*,*,#18029,.F.);
#18029 = EDGE_CURVE('',#17991,#18022,#18030,.T.);
#18030 = LINE('',#18031,#18032);
#18031 = CARTESIAN_POINT('',(2.675,0.28,0.26));
#18032 = VECTOR('',#18033,1.);
#18033 = DIRECTION('',(0.,-0.351123441588,0.936329177569));
#18034 = PLANE('',#18035);
#18035 = AXIS2_PLACEMENT_3D('',#18036,#18037,#18038);
#18036 = CARTESIAN_POINT('',(2.675,0.28,0.26));
#18037 = DIRECTION('',(0.,-0.936329177569,-0.351123441588));
#18038 = DIRECTION('',(0.,-0.351123441588,0.936329177569));
#18039 = ADVANCED_FACE('',(#18040),#18065,.F.);
#18040 = FACE_BOUND('',#18041,.F.);
#18041 = EDGE_LOOP('',(#18042,#18043,#18051,#18059));
#18042 = ORIENTED_EDGE('',*,*,#18021,.T.);
#18043 = ORIENTED_EDGE('',*,*,#18044,.T.);
#18044 = EDGE_CURVE('',#18014,#18045,#18047,.T.);
#18045 = VERTEX_POINT('',#18046);
#18046 = CARTESIAN_POINT('',(2.825,0.22,0.78));
#18047 = LINE('',#18048,#18049);
#18048 = CARTESIAN_POINT('',(2.825,0.22,0.42));
#18049 = VECTOR('',#18050,1.);
#18050 = DIRECTION('',(0.,0.,1.));
#18051 = ORIENTED_EDGE('',*,*,#18052,.F.);
#18052 = EDGE_CURVE('',#18053,#18045,#18055,.T.);
#18053 = VERTEX_POINT('',#18054);
#18054 = CARTESIAN_POINT('',(2.675,0.22,0.78));
#18055 = LINE('',#18056,#18057);
#18056 = CARTESIAN_POINT('',(2.675,0.22,0.78));
#18057 = VECTOR('',#18058,1.);
#18058 = DIRECTION('',(1.,0.,0.));
#18059 = ORIENTED_EDGE('',*,*,#18060,.F.);
#18060 = EDGE_CURVE('',#18022,#18053,#18061,.T.);
#18061 = LINE('',#18062,#18063);
#18062 = CARTESIAN_POINT('',(2.675,0.22,0.42));
#18063 = VECTOR('',#18064,1.);
#18064 = DIRECTION('',(0.,0.,1.));
#18065 = PLANE('',#18066);
#18066 = AXIS2_PLACEMENT_3D('',#18067,#18068,#18069);
#18067 = CARTESIAN_POINT('',(2.675,0.22,0.42));
#18068 = DIRECTION('',(0.,-1.,0.));
#18069 = DIRECTION('',(0.,0.,1.));
#18070 = ADVANCED_FACE('',(#18071),#18096,.F.);
#18071 = FACE_BOUND('',#18072,.F.);
#18072 = EDGE_LOOP('',(#18073,#18074,#18082,#18090));
#18073 = ORIENTED_EDGE('',*,*,#18052,.T.);
#18074 = ORIENTED_EDGE('',*,*,#18075,.T.);
#18075 = EDGE_CURVE('',#18045,#18076,#18078,.T.);
#18076 = VERTEX_POINT('',#18077);
#18077 = CARTESIAN_POINT('',(2.825,6.E-02,0.84));
#18078 = LINE('',#18079,#18080);
#18079 = CARTESIAN_POINT('',(2.825,0.22,0.78));
#18080 = VECTOR('',#18081,1.);
#18081 = DIRECTION('',(0.,-0.936329177569,0.351123441588));
#18082 = ORIENTED_EDGE('',*,*,#18083,.F.);
#18083 = EDGE_CURVE('',#18084,#18076,#18086,.T.);
#18084 = VERTEX_POINT('',#18085);
#18085 = CARTESIAN_POINT('',(2.675,6.E-02,0.84));
#18086 = LINE('',#18087,#18088);
#18087 = CARTESIAN_POINT('',(2.675,6.E-02,0.84));
#18088 = VECTOR('',#18089,1.);
#18089 = DIRECTION('',(1.,0.,0.));
#18090 = ORIENTED_EDGE('',*,*,#18091,.F.);
#18091 = EDGE_CURVE('',#18053,#18084,#18092,.T.);
#18092 = LINE('',#18093,#18094);
#18093 = CARTESIAN_POINT('',(2.675,0.22,0.78));
#18094 = VECTOR('',#18095,1.);
#18095 = DIRECTION('',(0.,-0.936329177569,0.351123441588));
#18096 = PLANE('',#18097);
#18097 = AXIS2_PLACEMENT_3D('',#18098,#18099,#18100);
#18098 = CARTESIAN_POINT('',(2.675,0.22,0.78));
#18099 = DIRECTION('',(0.,-0.351123441588,-0.936329177569));
#18100 = DIRECTION('',(0.,-0.936329177569,0.351123441588));
#18101 = ADVANCED_FACE('',(#18102),#18127,.F.);
#18102 = FACE_BOUND('',#18103,.F.);
#18103 = EDGE_LOOP('',(#18104,#18105,#18113,#18121));
#18104 = ORIENTED_EDGE('',*,*,#18083,.T.);
#18105 = ORIENTED_EDGE('',*,*,#18106,.T.);
#18106 = EDGE_CURVE('',#18076,#18107,#18109,.T.);
#18107 = VERTEX_POINT('',#18108);
#18108 = CARTESIAN_POINT('',(2.825,-0.3,0.82));
#18109 = LINE('',#18110,#18111);
#18110 = CARTESIAN_POINT('',(2.825,6.E-02,0.84));
#18111 = VECTOR('',#18112,1.);
#18112 = DIRECTION('',(0.,-0.998460353205,-5.547001962252E-02));
#18113 = ORIENTED_EDGE('',*,*,#18114,.F.);
#18114 = EDGE_CURVE('',#18115,#18107,#18117,.T.);
#18115 = VERTEX_POINT('',#18116);
#18116 = CARTESIAN_POINT('',(2.675,-0.3,0.82));
#18117 = LINE('',#18118,#18119);
#18118 = CARTESIAN_POINT('',(2.675,-0.3,0.82));
#18119 = VECTOR('',#18120,1.);
#18120 = DIRECTION('',(1.,0.,0.));
#18121 = ORIENTED_EDGE('',*,*,#18122,.F.);
#18122 = EDGE_CURVE('',#18084,#18115,#18123,.T.);
#18123 = LINE('',#18124,#18125);
#18124 = CARTESIAN_POINT('',(2.675,6.E-02,0.84));
#18125 = VECTOR('',#18126,1.);
#18126 = DIRECTION('',(0.,-0.998460353205,-5.547001962252E-02));
#18127 = PLANE('',#18128);
#18128 = AXIS2_PLACEMENT_3D('',#18129,#18130,#18131);
#18129 = CARTESIAN_POINT('',(2.675,6.E-02,0.84));
#18130 = DIRECTION('',(0.,5.547001962252E-02,-0.998460353205));
#18131 = DIRECTION('',(0.,-0.998460353205,-5.547001962252E-02));
#18132 = ADVANCED_FACE('',(#18133),#18158,.F.);
#18133 = FACE_BOUND('',#18134,.F.);
#18134 = EDGE_LOOP('',(#18135,#18136,#18144,#18152));
#18135 = ORIENTED_EDGE('',*,*,#18114,.T.);
#18136 = ORIENTED_EDGE('',*,*,#18137,.T.);
#18137 = EDGE_CURVE('',#18107,#18138,#18140,.T.);
#18138 = VERTEX_POINT('',#18139);
#18139 = CARTESIAN_POINT('',(2.825,-1.39,0.72));
#18140 = LINE('',#18141,#18142);
#18141 = CARTESIAN_POINT('',(2.825,-0.3,0.82));
#18142 = VECTOR('',#18143,1.);
#18143 = DIRECTION('',(0.,-0.995817981008,-9.135944779885E-02));
#18144 = ORIENTED_EDGE('',*,*,#18145,.F.);
#18145 = EDGE_CURVE('',#18146,#18138,#18148,.T.);
#18146 = VERTEX_POINT('',#18147);
#18147 = CARTESIAN_POINT('',(2.675,-1.39,0.72));
#18148 = LINE('',#18149,#18150);
#18149 = CARTESIAN_POINT('',(2.675,-1.39,0.72));
#18150 = VECTOR('',#18151,1.);
#18151 = DIRECTION('',(1.,0.,0.));
#18152 = ORIENTED_EDGE('',*,*,#18153,.F.);
#18153 = EDGE_CURVE('',#18115,#18146,#18154,.T.);
#18154 = LINE('',#18155,#18156);
#18155 = CARTESIAN_POINT('',(2.675,-0.3,0.82));
#18156 = VECTOR('',#18157,1.);
#18157 = DIRECTION('',(0.,-0.995817981008,-9.135944779885E-02));
#18158 = PLANE('',#18159);
#18159 = AXIS2_PLACEMENT_3D('',#18160,#18161,#18162);
#18160 = CARTESIAN_POINT('',(2.675,-0.3,0.82));
#18161 = DIRECTION('',(0.,9.135944779885E-02,-0.995817981008));
#18162 = DIRECTION('',(0.,-0.995817981008,-9.135944779885E-02));
#18163 = ADVANCED_FACE('',(#18164),#18189,.F.);
#18164 = FACE_BOUND('',#18165,.F.);
#18165 = EDGE_LOOP('',(#18166,#18167,#18175,#18183));
#18166 = ORIENTED_EDGE('',*,*,#18145,.T.);
#18167 = ORIENTED_EDGE('',*,*,#18168,.T.);
#18168 = EDGE_CURVE('',#18138,#18169,#18171,.T.);
#18169 = VERTEX_POINT('',#18170);
#18170 = CARTESIAN_POINT('',(2.825,-1.47,0.68));
#18171 = LINE('',#18172,#18173);
#18172 = CARTESIAN_POINT('',(2.825,-1.39,0.72));
#18173 = VECTOR('',#18174,1.);
#18174 = DIRECTION('',(0.,-0.894427191,-0.4472135955));
#18175 = ORIENTED_EDGE('',*,*,#18176,.F.);
#18176 = EDGE_CURVE('',#18177,#18169,#18179,.T.);
#18177 = VERTEX_POINT('',#18178);
#18178 = CARTESIAN_POINT('',(2.675,-1.47,0.68));
#18179 = LINE('',#18180,#18181);
#18180 = CARTESIAN_POINT('',(2.675,-1.47,0.68));
#18181 = VECTOR('',#18182,1.);
#18182 = DIRECTION('',(1.,0.,0.));
#18183 = ORIENTED_EDGE('',*,*,#18184,.F.);
#18184 = EDGE_CURVE('',#18146,#18177,#18185,.T.);
#18185 = LINE('',#18186,#18187);
#18186 = CARTESIAN_POINT('',(2.675,-1.39,0.72));
#18187 = VECTOR('',#18188,1.);
#18188 = DIRECTION('',(0.,-0.894427191,-0.4472135955));
#18189 = PLANE('',#18190);
#18190 = AXIS2_PLACEMENT_3D('',#18191,#18192,#18193);
#18191 = CARTESIAN_POINT('',(2.675,-1.39,0.72));
#18192 = DIRECTION('',(0.,0.4472135955,-0.894427191));
#18193 = DIRECTION('',(0.,-0.894427191,-0.4472135955));
#18194 = ADVANCED_FACE('',(#18195),#18220,.F.);
#18195 = FACE_BOUND('',#18196,.F.);
#18196 = EDGE_LOOP('',(#18197,#18198,#18206,#18214));
#18197 = ORIENTED_EDGE('',*,*,#18176,.T.);
#18198 = ORIENTED_EDGE('',*,*,#18199,.T.);
#18199 = EDGE_CURVE('',#18169,#18200,#18202,.T.);
#18200 = VERTEX_POINT('',#18201);
#18201 = CARTESIAN_POINT('',(2.825,-1.41,0.63));
#18202 = LINE('',#18203,#18204);
#18203 = CARTESIAN_POINT('',(2.825,-1.47,0.68));
#18204 = VECTOR('',#18205,1.);
#18205 = DIRECTION('',(0.,0.768221279597,-0.640184399664));
#18206 = ORIENTED_EDGE('',*,*,#18207,.F.);
#18207 = EDGE_CURVE('',#18208,#18200,#18210,.T.);
#18208 = VERTEX_POINT('',#18209);
#18209 = CARTESIAN_POINT('',(2.675,-1.41,0.63));
#18210 = LINE('',#18211,#18212);
#18211 = CARTESIAN_POINT('',(2.675,-1.41,0.63));
#18212 = VECTOR('',#18213,1.);
#18213 = DIRECTION('',(1.,0.,0.));
#18214 = ORIENTED_EDGE('',*,*,#18215,.F.);
#18215 = EDGE_CURVE('',#18177,#18208,#18216,.T.);
#18216 = LINE('',#18217,#18218);
#18217 = CARTESIAN_POINT('',(2.675,-1.47,0.68));
#18218 = VECTOR('',#18219,1.);
#18219 = DIRECTION('',(0.,0.768221279597,-0.640184399664));
#18220 = PLANE('',#18221);
#18221 = AXIS2_PLACEMENT_3D('',#18222,#18223,#18224);
#18222 = CARTESIAN_POINT('',(2.675,-1.47,0.68));
#18223 = DIRECTION('',(-0.,0.640184399664,0.768221279597));
#18224 = DIRECTION('',(0.,0.768221279597,-0.640184399664));
#18225 = ADVANCED_FACE('',(#18226),#18251,.F.);
#18226 = FACE_BOUND('',#18227,.F.);
#18227 = EDGE_LOOP('',(#18228,#18229,#18237,#18245));
#18228 = ORIENTED_EDGE('',*,*,#18207,.T.);
#18229 = ORIENTED_EDGE('',*,*,#18230,.T.);
#18230 = EDGE_CURVE('',#18200,#18231,#18233,.T.);
#18231 = VERTEX_POINT('',#18232);
#18232 = CARTESIAN_POINT('',(2.825,-1.3,0.65));
#18233 = LINE('',#18234,#18235);
#18234 = CARTESIAN_POINT('',(2.825,-1.41,0.63));
#18235 = VECTOR('',#18236,1.);
#18236 = DIRECTION('',(0.,0.9838699101,0.1788854382));
#18237 = ORIENTED_EDGE('',*,*,#18238,.F.);
#18238 = EDGE_CURVE('',#18239,#18231,#18241,.T.);
#18239 = VERTEX_POINT('',#18240);
#18240 = CARTESIAN_POINT('',(2.675,-1.3,0.65));
#18241 = LINE('',#18242,#18243);
#18242 = CARTESIAN_POINT('',(2.675,-1.3,0.65));
#18243 = VECTOR('',#18244,1.);
#18244 = DIRECTION('',(1.,0.,0.));
#18245 = ORIENTED_EDGE('',*,*,#18246,.F.);
#18246 = EDGE_CURVE('',#18208,#18239,#18247,.T.);
#18247 = LINE('',#18248,#18249);
#18248 = CARTESIAN_POINT('',(2.675,-1.41,0.63));
#18249 = VECTOR('',#18250,1.);
#18250 = DIRECTION('',(0.,0.9838699101,0.1788854382));
#18251 = PLANE('',#18252);
#18252 = AXIS2_PLACEMENT_3D('',#18253,#18254,#18255);
#18253 = CARTESIAN_POINT('',(2.675,-1.41,0.63));
#18254 = DIRECTION('',(0.,-0.1788854382,0.9838699101));
#18255 = DIRECTION('',(0.,0.9838699101,0.1788854382));
#18256 = ADVANCED_FACE('',(#18257),#18282,.F.);
#18257 = FACE_BOUND('',#18258,.F.);
#18258 = EDGE_LOOP('',(#18259,#18260,#18268,#18276));
#18259 = ORIENTED_EDGE('',*,*,#18238,.T.);
#18260 = ORIENTED_EDGE('',*,*,#18261,.T.);
#18261 = EDGE_CURVE('',#18231,#18262,#18264,.T.);
#18262 = VERTEX_POINT('',#18263);
#18263 = CARTESIAN_POINT('',(2.825,-0.28,0.75));
#18264 = LINE('',#18265,#18266);
#18265 = CARTESIAN_POINT('',(2.825,-1.3,0.65));
#18266 = VECTOR('',#18267,1.);
#18267 = DIRECTION('',(0.,0.99522852512,9.757142403137E-02));
#18268 = ORIENTED_EDGE('',*,*,#18269,.F.);
#18269 = EDGE_CURVE('',#18270,#18262,#18272,.T.);
#18270 = VERTEX_POINT('',#18271);
#18271 = CARTESIAN_POINT('',(2.675,-0.28,0.75));
#18272 = LINE('',#18273,#18274);
#18273 = CARTESIAN_POINT('',(2.675,-0.28,0.75));
#18274 = VECTOR('',#18275,1.);
#18275 = DIRECTION('',(1.,0.,0.));
#18276 = ORIENTED_EDGE('',*,*,#18277,.F.);
#18277 = EDGE_CURVE('',#18239,#18270,#18278,.T.);
#18278 = LINE('',#18279,#18280);
#18279 = CARTESIAN_POINT('',(2.675,-1.3,0.65));
#18280 = VECTOR('',#18281,1.);
#18281 = DIRECTION('',(0.,0.99522852512,9.757142403137E-02));
#18282 = PLANE('',#18283);
#18283 = AXIS2_PLACEMENT_3D('',#18284,#18285,#18286);
#18284 = CARTESIAN_POINT('',(2.675,-1.3,0.65));
#18285 = DIRECTION('',(0.,-9.757142403137E-02,0.99522852512));
#18286 = DIRECTION('',(0.,0.99522852512,9.757142403137E-02));
#18287 = ADVANCED_FACE('',(#18288),#18313,.F.);
#18288 = FACE_BOUND('',#18289,.F.);
#18289 = EDGE_LOOP('',(#18290,#18291,#18299,#18307));
#18290 = ORIENTED_EDGE('',*,*,#18269,.T.);
#18291 = ORIENTED_EDGE('',*,*,#18292,.T.);
#18292 = EDGE_CURVE('',#18262,#18293,#18295,.T.);
#18293 = VERTEX_POINT('',#18294);
#18294 = CARTESIAN_POINT('',(2.825,0.12,0.75));
#18295 = LINE('',#18296,#18297);
#18296 = CARTESIAN_POINT('',(2.825,-0.28,0.75));
#18297 = VECTOR('',#18298,1.);
#18298 = DIRECTION('',(0.,1.,0.));
#18299 = ORIENTED_EDGE('',*,*,#18300,.F.);
#18300 = EDGE_CURVE('',#18301,#18293,#18303,.T.);
#18301 = VERTEX_POINT('',#18302);
#18302 = CARTESIAN_POINT('',(2.675,0.12,0.75));
#18303 = LINE('',#18304,#18305);
#18304 = CARTESIAN_POINT('',(2.675,0.12,0.75));
#18305 = VECTOR('',#18306,1.);
#18306 = DIRECTION('',(1.,0.,0.));
#18307 = ORIENTED_EDGE('',*,*,#18308,.F.);
#18308 = EDGE_CURVE('',#18270,#18301,#18309,.T.);
#18309 = LINE('',#18310,#18311);
#18310 = CARTESIAN_POINT('',(2.675,-0.28,0.75));
#18311 = VECTOR('',#18312,1.);
#18312 = DIRECTION('',(0.,1.,0.));
#18313 = PLANE('',#18314);
#18314 = AXIS2_PLACEMENT_3D('',#18315,#18316,#18317);
#18315 = CARTESIAN_POINT('',(2.675,-0.28,0.75));
#18316 = DIRECTION('',(0.,0.,1.));
#18317 = DIRECTION('',(0.,1.,0.));
#18318 = ADVANCED_FACE('',(#18319),#18344,.F.);
#18319 = FACE_BOUND('',#18320,.F.);
#18320 = EDGE_LOOP('',(#18321,#18322,#18330,#18338));
#18321 = ORIENTED_EDGE('',*,*,#18300,.T.);
#18322 = ORIENTED_EDGE('',*,*,#18323,.T.);
#18323 = EDGE_CURVE('',#18293,#18324,#18326,.T.);
#18324 = VERTEX_POINT('',#18325);
#18325 = CARTESIAN_POINT('',(2.825,0.12,0.43));
#18326 = LINE('',#18327,#18328);
#18327 = CARTESIAN_POINT('',(2.825,0.12,0.75));
#18328 = VECTOR('',#18329,1.);
#18329 = DIRECTION('',(0.,0.,-1.));
#18330 = ORIENTED_EDGE('',*,*,#18331,.F.);
#18331 = EDGE_CURVE('',#18332,#18324,#18334,.T.);
#18332 = VERTEX_POINT('',#18333);
#18333 = CARTESIAN_POINT('',(2.675,0.12,0.43));
#18334 = LINE('',#18335,#18336);
#18335 = CARTESIAN_POINT('',(2.675,0.12,0.43));
#18336 = VECTOR('',#18337,1.);
#18337 = DIRECTION('',(1.,0.,0.));
#18338 = ORIENTED_EDGE('',*,*,#18339,.F.);
#18339 = EDGE_CURVE('',#18301,#18332,#18340,.T.);
#18340 = LINE('',#18341,#18342);
#18341 = CARTESIAN_POINT('',(2.675,0.12,0.75));
#18342 = VECTOR('',#18343,1.);
#18343 = DIRECTION('',(0.,0.,-1.));
#18344 = PLANE('',#18345);
#18345 = AXIS2_PLACEMENT_3D('',#18346,#18347,#18348);
#18346 = CARTESIAN_POINT('',(2.675,0.12,0.75));
#18347 = DIRECTION('',(-0.,1.,0.));
#18348 = DIRECTION('',(0.,0.,-1.));
#18349 = ADVANCED_FACE('',(#18350),#18375,.F.);
#18350 = FACE_BOUND('',#18351,.F.);
#18351 = EDGE_LOOP('',(#18352,#18353,#18361,#18369));
#18352 = ORIENTED_EDGE('',*,*,#18331,.T.);
#18353 = ORIENTED_EDGE('',*,*,#18354,.T.);
#18354 = EDGE_CURVE('',#18324,#18355,#18357,.T.);
#18355 = VERTEX_POINT('',#18356);
#18356 = CARTESIAN_POINT('',(2.825,-0.44,0.43));
#18357 = LINE('',#18358,#18359);
#18358 = CARTESIAN_POINT('',(2.825,0.12,0.43));
#18359 = VECTOR('',#18360,1.);
#18360 = DIRECTION('',(0.,-1.,0.));
#18361 = ORIENTED_EDGE('',*,*,#18362,.F.);
#18362 = EDGE_CURVE('',#18363,#18355,#18365,.T.);
#18363 = VERTEX_POINT('',#18364);
#18364 = CARTESIAN_POINT('',(2.675,-0.44,0.43));
#18365 = LINE('',#18366,#18367);
#18366 = CARTESIAN_POINT('',(2.675,-0.44,0.43));
#18367 = VECTOR('',#18368,1.);
#18368 = DIRECTION('',(1.,0.,0.));
#18369 = ORIENTED_EDGE('',*,*,#18370,.F.);
#18370 = EDGE_CURVE('',#18332,#18363,#18371,.T.);
#18371 = LINE('',#18372,#18373);
#18372 = CARTESIAN_POINT('',(2.675,0.12,0.43));
#18373 = VECTOR('',#18374,1.);
#18374 = DIRECTION('',(0.,-1.,0.));
#18375 = PLANE('',#18376);
#18376 = AXIS2_PLACEMENT_3D('',#18377,#18378,#18379);
#18377 = CARTESIAN_POINT('',(2.675,0.12,0.43));
#18378 = DIRECTION('',(0.,0.,-1.));
#18379 = DIRECTION('',(0.,-1.,0.));
#18380 = ADVANCED_FACE('',(#18381),#18406,.F.);
#18381 = FACE_BOUND('',#18382,.F.);
#18382 = EDGE_LOOP('',(#18383,#18384,#18392,#18400));
#18383 = ORIENTED_EDGE('',*,*,#18362,.T.);
#18384 = ORIENTED_EDGE('',*,*,#18385,.T.);
#18385 = EDGE_CURVE('',#18355,#18386,#18388,.T.);
#18386 = VERTEX_POINT('',#18387);
#18387 = CARTESIAN_POINT('',(2.825,-0.76,0.36));
#18388 = LINE('',#18389,#18390);
#18389 = CARTESIAN_POINT('',(2.825,-0.44,0.43));
#18390 = VECTOR('',#18391,1.);
#18391 = DIRECTION('',(0.,-0.976900017396,-0.213696878805));
#18392 = ORIENTED_EDGE('',*,*,#18393,.F.);
#18393 = EDGE_CURVE('',#18394,#18386,#18396,.T.);
#18394 = VERTEX_POINT('',#18395);
#18395 = CARTESIAN_POINT('',(2.675,-0.76,0.36));
#18396 = LINE('',#18397,#18398);
#18397 = CARTESIAN_POINT('',(2.675,-0.76,0.36));
#18398 = VECTOR('',#18399,1.);
#18399 = DIRECTION('',(1.,0.,0.));
#18400 = ORIENTED_EDGE('',*,*,#18401,.F.);
#18401 = EDGE_CURVE('',#18363,#18394,#18402,.T.);
#18402 = LINE('',#18403,#18404);
#18403 = CARTESIAN_POINT('',(2.675,-0.44,0.43));
#18404 = VECTOR('',#18405,1.);
#18405 = DIRECTION('',(0.,-0.976900017396,-0.213696878805));
#18406 = PLANE('',#18407);
#18407 = AXIS2_PLACEMENT_3D('',#18408,#18409,#18410);
#18408 = CARTESIAN_POINT('',(2.675,-0.44,0.43));
#18409 = DIRECTION('',(0.,0.213696878805,-0.976900017396));
#18410 = DIRECTION('',(0.,-0.976900017396,-0.213696878805));
#18411 = ADVANCED_FACE('',(#18412),#18437,.F.);
#18412 = FACE_BOUND('',#18413,.F.);
#18413 = EDGE_LOOP('',(#18414,#18415,#18423,#18431));
#18414 = ORIENTED_EDGE('',*,*,#18393,.T.);
#18415 = ORIENTED_EDGE('',*,*,#18416,.T.);
#18416 = EDGE_CURVE('',#18386,#18417,#18419,.T.);
#18417 = VERTEX_POINT('',#18418);
#18418 = CARTESIAN_POINT('',(2.825,-1.37,0.35));
#18419 = LINE('',#18420,#18421);
#18420 = CARTESIAN_POINT('',(2.825,-0.76,0.36));
#18421 = VECTOR('',#18422,1.);
#18422 = DIRECTION('',(0.,-0.999865654597,-1.63912402393E-02));
#18423 = ORIENTED_EDGE('',*,*,#18424,.F.);
#18424 = EDGE_CURVE('',#18425,#18417,#18427,.T.);
#18425 = VERTEX_POINT('',#18426);
#18426 = CARTESIAN_POINT('',(2.675,-1.37,0.35));
#18427 = LINE('',#18428,#18429);
#18428 = CARTESIAN_POINT('',(2.675,-1.37,0.35));
#18429 = VECTOR('',#18430,1.);
#18430 = DIRECTION('',(1.,0.,0.));
#18431 = ORIENTED_EDGE('',*,*,#18432,.F.);
#18432 = EDGE_CURVE('',#18394,#18425,#18433,.T.);
#18433 = LINE('',#18434,#18435);
#18434 = CARTESIAN_POINT('',(2.675,-0.76,0.36));
#18435 = VECTOR('',#18436,1.);
#18436 = DIRECTION('',(0.,-0.999865654597,-1.63912402393E-02));
#18437 = PLANE('',#18438);
#18438 = AXIS2_PLACEMENT_3D('',#18439,#18440,#18441);
#18439 = CARTESIAN_POINT('',(2.675,-0.76,0.36));
#18440 = DIRECTION('',(0.,1.63912402393E-02,-0.999865654597));
#18441 = DIRECTION('',(0.,-0.999865654597,-1.63912402393E-02));
#18442 = ADVANCED_FACE('',(#18443),#18459,.F.);
#18443 = FACE_BOUND('',#18444,.F.);
#18444 = EDGE_LOOP('',(#18445,#18446,#18452,#18453));
#18445 = ORIENTED_EDGE('',*,*,#18424,.T.);
#18446 = ORIENTED_EDGE('',*,*,#18447,.T.);
#18447 = EDGE_CURVE('',#18417,#17603,#18448,.T.);
#18448 = LINE('',#18449,#18450);
#18449 = CARTESIAN_POINT('',(2.825,-1.37,0.35));
#18450 = VECTOR('',#18451,1.);
#18451 = DIRECTION('',(0.,-0.894427191,-0.4472135955));
#18452 = ORIENTED_EDGE('',*,*,#17600,.F.);
#18453 = ORIENTED_EDGE('',*,*,#18454,.F.);
#18454 = EDGE_CURVE('',#18425,#17601,#18455,.T.);
#18455 = LINE('',#18456,#18457);
#18456 = CARTESIAN_POINT('',(2.675,-1.37,0.35));
#18457 = VECTOR('',#18458,1.);
#18458 = DIRECTION('',(0.,-0.894427191,-0.4472135955));
#18459 = PLANE('',#18460);
#18460 = AXIS2_PLACEMENT_3D('',#18461,#18462,#18463);
#18461 = CARTESIAN_POINT('',(2.675,-1.37,0.35));
#18462 = DIRECTION('',(0.,0.4472135955,-0.894427191));
#18463 = DIRECTION('',(0.,-0.894427191,-0.4472135955));
#18464 = ADVANCED_FACE('',(#18465),#18495,.F.);
#18465 = FACE_BOUND('',#18466,.F.);
#18466 = EDGE_LOOP('',(#18467,#18468,#18469,#18470,#18471,#18472,#18473,
    #18474,#18475,#18476,#18477,#18478,#18479,#18480,#18481,#18482,
    #18483,#18484,#18485,#18486,#18487,#18488,#18489,#18490,#18491,
    #18492,#18493,#18494));
#18467 = ORIENTED_EDGE('',*,*,#17626,.T.);
#18468 = ORIENTED_EDGE('',*,*,#17657,.T.);
#18469 = ORIENTED_EDGE('',*,*,#17688,.T.);
#18470 = ORIENTED_EDGE('',*,*,#17719,.T.);
#18471 = ORIENTED_EDGE('',*,*,#17750,.T.);
#18472 = ORIENTED_EDGE('',*,*,#17781,.T.);
#18473 = ORIENTED_EDGE('',*,*,#17812,.T.);
#18474 = ORIENTED_EDGE('',*,*,#17843,.T.);
#18475 = ORIENTED_EDGE('',*,*,#17874,.T.);
#18476 = ORIENTED_EDGE('',*,*,#17905,.T.);
#18477 = ORIENTED_EDGE('',*,*,#17936,.T.);
#18478 = ORIENTED_EDGE('',*,*,#17967,.T.);
#18479 = ORIENTED_EDGE('',*,*,#17998,.T.);
#18480 = ORIENTED_EDGE('',*,*,#18029,.T.);
#18481 = ORIENTED_EDGE('',*,*,#18060,.T.);
#18482 = ORIENTED_EDGE('',*,*,#18091,.T.);
#18483 = ORIENTED_EDGE('',*,*,#18122,.T.);
#18484 = ORIENTED_EDGE('',*,*,#18153,.T.);
#18485 = ORIENTED_EDGE('',*,*,#18184,.T.);
#18486 = ORIENTED_EDGE('',*,*,#18215,.T.);
#18487 = ORIENTED_EDGE('',*,*,#18246,.T.);
#18488 = ORIENTED_EDGE('',*,*,#18277,.T.);
#18489 = ORIENTED_EDGE('',*,*,#18308,.T.);
#18490 = ORIENTED_EDGE('',*,*,#18339,.T.);
#18491 = ORIENTED_EDGE('',*,*,#18370,.T.);
#18492 = ORIENTED_EDGE('',*,*,#18401,.T.);
#18493 = ORIENTED_EDGE('',*,*,#18432,.T.);
#18494 = ORIENTED_EDGE('',*,*,#18454,.T.);
#18495 = PLANE('',#18496);
#18496 = AXIS2_PLACEMENT_3D('',#18497,#18498,#18499);
#18497 = CARTESIAN_POINT('',(2.675,-0.200937564723,0.444942085346));
#18498 = DIRECTION('',(1.,0.,0.));
#18499 = DIRECTION('',(-0.,0.,1.));
#18500 = ADVANCED_FACE('',(#18501),#18531,.T.);
#18501 = FACE_BOUND('',#18502,.T.);
#18502 = EDGE_LOOP('',(#18503,#18504,#18505,#18506,#18507,#18508,#18509,
    #18510,#18511,#18512,#18513,#18514,#18515,#18516,#18517,#18518,
    #18519,#18520,#18521,#18522,#18523,#18524,#18525,#18526,#18527,
    #18528,#18529,#18530));
#18503 = ORIENTED_EDGE('',*,*,#17610,.T.);
#18504 = ORIENTED_EDGE('',*,*,#17641,.T.);
#18505 = ORIENTED_EDGE('',*,*,#17672,.T.);
#18506 = ORIENTED_EDGE('',*,*,#17703,.T.);
#18507 = ORIENTED_EDGE('',*,*,#17734,.T.);
#18508 = ORIENTED_EDGE('',*,*,#17765,.T.);
#18509 = ORIENTED_EDGE('',*,*,#17796,.T.);
#18510 = ORIENTED_EDGE('',*,*,#17827,.T.);
#18511 = ORIENTED_EDGE('',*,*,#17858,.T.);
#18512 = ORIENTED_EDGE('',*,*,#17889,.T.);
#18513 = ORIENTED_EDGE('',*,*,#17920,.T.);
#18514 = ORIENTED_EDGE('',*,*,#17951,.T.);
#18515 = ORIENTED_EDGE('',*,*,#17982,.T.);
#18516 = ORIENTED_EDGE('',*,*,#18013,.T.);
#18517 = ORIENTED_EDGE('',*,*,#18044,.T.);
#18518 = ORIENTED_EDGE('',*,*,#18075,.T.);
#18519 = ORIENTED_EDGE('',*,*,#18106,.T.);
#18520 = ORIENTED_EDGE('',*,*,#18137,.T.);
#18521 = ORIENTED_EDGE('',*,*,#18168,.T.);
#18522 = ORIENTED_EDGE('',*,*,#18199,.T.);
#18523 = ORIENTED_EDGE('',*,*,#18230,.T.);
#18524 = ORIENTED_EDGE('',*,*,#18261,.T.);
#18525 = ORIENTED_EDGE('',*,*,#18292,.T.);
#18526 = ORIENTED_EDGE('',*,*,#18323,.T.);
#18527 = ORIENTED_EDGE('',*,*,#18354,.T.);
#18528 = ORIENTED_EDGE('',*,*,#18385,.T.);
#18529 = ORIENTED_EDGE('',*,*,#18416,.T.);
#18530 = ORIENTED_EDGE('',*,*,#18447,.T.);
#18531 = PLANE('',#18532);
#18532 = AXIS2_PLACEMENT_3D('',#18533,#18534,#18535);
#18533 = CARTESIAN_POINT('',(2.825,-0.200937564723,0.444942085346));
#18534 = DIRECTION('',(1.,0.,0.));
#18535 = DIRECTION('',(-0.,0.,1.));
#18536 = ( GEOMETRIC_REPRESENTATION_CONTEXT(3)
GLOBAL_UNCERTAINTY_ASSIGNED_CONTEXT((#18540))
GLOBAL_UNIT_ASSIGNED_CONTEXT((#18537,#18538,#18539))
REPRESENTATION_CONTEXT('Context #1',
  '3D Context with UNIT and UNCERTAINTY') );
#18537 = ( LENGTH_UNIT() NAMED_UNIT(*) SI_UNIT(.MILLI.,.METRE.) );
#18538 = ( NAMED_UNIT(*) PLANE_ANGLE_UNIT() SI_UNIT($,.RADIAN.) );
#18539 = ( NAMED_UNIT(*) SI_UNIT($,.STERADIAN.) SOLID_ANGLE_UNIT() );
#18540 = UNCERTAINTY_MEASURE_WITH_UNIT(LENGTH_MEASURE(1.E-07),#18537,
  'distance_accuracy_value','confusion accuracy');
#18541 = CONTEXT_DEPENDENT_SHAPE_REPRESENTATION(#18542,#18544);
#18542 = ( REPRESENTATION_RELATIONSHIP('','',#17593,#10)
REPRESENTATION_RELATIONSHIP_WITH_TRANSFORMATION(#18543)
SHAPE_REPRESENTATION_RELATIONSHIP() );
#18543 = ITEM_DEFINED_TRANSFORMATION('','',#11,#67);
#18544 = PRODUCT_DEFINITION_SHAPE('Placement','Placement of an item',
  #18545);
#18545 = NEXT_ASSEMBLY_USAGE_OCCURRENCE('14','Gold_contact_12','',#5,
  #17588,$);
#18546 = PRODUCT_RELATED_PRODUCT_CATEGORY('part',$,(#17590));
#18547 = SHAPE_DEFINITION_REPRESENTATION(#18548,#18554);
#18548 = PRODUCT_DEFINITION_SHAPE('','',#18549);
#18549 = PRODUCT_DEFINITION('design','',#18550,#18553);
#18550 = PRODUCT_DEFINITION_FORMATION('','',#18551);
#18551 = PRODUCT('Tin_hold_down_1','Tin_hold_down_1','',(#18552));
#18552 = PRODUCT_CONTEXT('',#2,'mechanical');
#18553 = PRODUCT_DEFINITION_CONTEXT('part definition',#2,'design');
#18554 = ADVANCED_BREP_SHAPE_REPRESENTATION('',(#11,#18555),#18903);
#18555 = MANIFOLD_SOLID_BREP('',#18556);
#18556 = CLOSED_SHELL('',(#18557,#18597,#18628,#18659,#18690,#18721,
    #18752,#18783,#18814,#18845,#18867,#18885));
#18557 = ADVANCED_FACE('',(#18558),#18592,.F.);
#18558 = FACE_BOUND('',#18559,.F.);
#18559 = EDGE_LOOP('',(#18560,#18570,#18578,#18586));
#18560 = ORIENTED_EDGE('',*,*,#18561,.T.);
#18561 = EDGE_CURVE('',#18562,#18564,#18566,.T.);
#18562 = VERTEX_POINT('',#18563);
#18563 = CARTESIAN_POINT('',(-3.95,-1.8,0.));
#18564 = VERTEX_POINT('',#18565);
#18565 = CARTESIAN_POINT('',(-3.55,-1.8,0.));
#18566 = LINE('',#18567,#18568);
#18567 = CARTESIAN_POINT('',(-3.95,-1.8,0.));
#18568 = VECTOR('',#18569,1.);
#18569 = DIRECTION('',(1.,0.,0.));
#18570 = ORIENTED_EDGE('',*,*,#18571,.T.);
#18571 = EDGE_CURVE('',#18564,#18572,#18574,.T.);
#18572 = VERTEX_POINT('',#18573);
#18573 = CARTESIAN_POINT('',(-3.55,-1.,0.));
#18574 = LINE('',#18575,#18576);
#18575 = CARTESIAN_POINT('',(-3.55,-1.8,0.));
#18576 = VECTOR('',#18577,1.);
#18577 = DIRECTION('',(0.,1.,0.));
#18578 = ORIENTED_EDGE('',*,*,#18579,.F.);
#18579 = EDGE_CURVE('',#18580,#18572,#18582,.T.);
#18580 = VERTEX_POINT('',#18581);
#18581 = CARTESIAN_POINT('',(-3.95,-1.,0.));
#18582 = LINE('',#18583,#18584);
#18583 = CARTESIAN_POINT('',(-3.95,-1.,0.));
#18584 = VECTOR('',#18585,1.);
#18585 = DIRECTION('',(1.,0.,0.));
#18586 = ORIENTED_EDGE('',*,*,#18587,.F.);
#18587 = EDGE_CURVE('',#18562,#18580,#18588,.T.);
#18588 = LINE('',#18589,#18590);
#18589 = CARTESIAN_POINT('',(-3.95,-1.8,0.));
#18590 = VECTOR('',#18591,1.);
#18591 = DIRECTION('',(0.,1.,0.));
#18592 = PLANE('',#18593);
#18593 = AXIS2_PLACEMENT_3D('',#18594,#18595,#18596);
#18594 = CARTESIAN_POINT('',(-3.95,-1.8,0.));
#18595 = DIRECTION('',(0.,0.,1.));
#18596 = DIRECTION('',(0.,1.,0.));
#18597 = ADVANCED_FACE('',(#18598),#18623,.F.);
#18598 = FACE_BOUND('',#18599,.F.);
#18599 = EDGE_LOOP('',(#18600,#18601,#18609,#18617));
#18600 = ORIENTED_EDGE('',*,*,#18579,.T.);
#18601 = ORIENTED_EDGE('',*,*,#18602,.T.);
#18602 = EDGE_CURVE('',#18572,#18603,#18605,.T.);
#18603 = VERTEX_POINT('',#18604);
#18604 = CARTESIAN_POINT('',(-3.55,-1.,7.E-02));
#18605 = LINE('',#18606,#18607);
#18606 = CARTESIAN_POINT('',(-3.55,-1.,0.));
#18607 = VECTOR('',#18608,1.);
#18608 = DIRECTION('',(0.,0.,1.));
#18609 = ORIENTED_EDGE('',*,*,#18610,.F.);
#18610 = EDGE_CURVE('',#18611,#18603,#18613,.T.);
#18611 = VERTEX_POINT('',#18612);
#18612 = CARTESIAN_POINT('',(-3.95,-1.,7.E-02));
#18613 = LINE('',#18614,#18615);
#18614 = CARTESIAN_POINT('',(-3.95,-1.,7.E-02));
#18615 = VECTOR('',#18616,1.);
#18616 = DIRECTION('',(1.,0.,0.));
#18617 = ORIENTED_EDGE('',*,*,#18618,.F.);
#18618 = EDGE_CURVE('',#18580,#18611,#18619,.T.);
#18619 = LINE('',#18620,#18621);
#18620 = CARTESIAN_POINT('',(-3.95,-1.,0.));
#18621 = VECTOR('',#18622,1.);
#18622 = DIRECTION('',(0.,0.,1.));
#18623 = PLANE('',#18624);
#18624 = AXIS2_PLACEMENT_3D('',#18625,#18626,#18627);
#18625 = CARTESIAN_POINT('',(-3.95,-1.,0.));
#18626 = DIRECTION('',(0.,-1.,0.));
#18627 = DIRECTION('',(0.,0.,1.));
#18628 = ADVANCED_FACE('',(#18629),#18654,.F.);
#18629 = FACE_BOUND('',#18630,.F.);
#18630 = EDGE_LOOP('',(#18631,#18632,#18640,#18648));
#18631 = ORIENTED_EDGE('',*,*,#18610,.T.);
#18632 = ORIENTED_EDGE('',*,*,#18633,.T.);
#18633 = EDGE_CURVE('',#18603,#18634,#18636,.T.);
#18634 = VERTEX_POINT('',#18635);
#18635 = CARTESIAN_POINT('',(-3.55,-1.1,7.E-02));
#18636 = LINE('',#18637,#18638);
#18637 = CARTESIAN_POINT('',(-3.55,-1.,7.E-02));
#18638 = VECTOR('',#18639,1.);
#18639 = DIRECTION('',(0.,-1.,0.));
#18640 = ORIENTED_EDGE('',*,*,#18641,.F.);
#18641 = EDGE_CURVE('',#18642,#18634,#18644,.T.);
#18642 = VERTEX_POINT('',#18643);
#18643 = CARTESIAN_POINT('',(-3.95,-1.1,7.E-02));
#18644 = LINE('',#18645,#18646);
#18645 = CARTESIAN_POINT('',(-3.95,-1.1,7.E-02));
#18646 = VECTOR('',#18647,1.);
#18647 = DIRECTION('',(1.,0.,0.));
#18648 = ORIENTED_EDGE('',*,*,#18649,.F.);
#18649 = EDGE_CURVE('',#18611,#18642,#18650,.T.);
#18650 = LINE('',#18651,#18652);
#18651 = CARTESIAN_POINT('',(-3.95,-1.,7.E-02));
#18652 = VECTOR('',#18653,1.);
#18653 = DIRECTION('',(0.,-1.,0.));
#18654 = PLANE('',#18655);
#18655 = AXIS2_PLACEMENT_3D('',#18656,#18657,#18658);
#18656 = CARTESIAN_POINT('',(-3.95,-1.,7.E-02));
#18657 = DIRECTION('',(0.,0.,-1.));
#18658 = DIRECTION('',(0.,-1.,0.));
#18659 = ADVANCED_FACE('',(#18660),#18685,.F.);
#18660 = FACE_BOUND('',#18661,.F.);
#18661 = EDGE_LOOP('',(#18662,#18663,#18671,#18679));
#18662 = ORIENTED_EDGE('',*,*,#18641,.T.);
#18663 = ORIENTED_EDGE('',*,*,#18664,.T.);
#18664 = EDGE_CURVE('',#18634,#18665,#18667,.T.);
#18665 = VERTEX_POINT('',#18666);
#18666 = CARTESIAN_POINT('',(-3.55,-1.1,0.79));
#18667 = LINE('',#18668,#18669);
#18668 = CARTESIAN_POINT('',(-3.55,-1.1,7.E-02));
#18669 = VECTOR('',#18670,1.);
#18670 = DIRECTION('',(0.,0.,1.));
#18671 = ORIENTED_EDGE('',*,*,#18672,.F.);
#18672 = EDGE_CURVE('',#18673,#18665,#18675,.T.);
#18673 = VERTEX_POINT('',#18674);
#18674 = CARTESIAN_POINT('',(-3.95,-1.1,0.79));
#18675 = LINE('',#18676,#18677);
#18676 = CARTESIAN_POINT('',(-3.95,-1.1,0.79));
#18677 = VECTOR('',#18678,1.);
#18678 = DIRECTION('',(1.,0.,0.));
#18679 = ORIENTED_EDGE('',*,*,#18680,.F.);
#18680 = EDGE_CURVE('',#18642,#18673,#18681,.T.);
#18681 = LINE('',#18682,#18683);
#18682 = CARTESIAN_POINT('',(-3.95,-1.1,7.E-02));
#18683 = VECTOR('',#18684,1.);
#18684 = DIRECTION('',(0.,0.,1.));
#18685 = PLANE('',#18686);
#18686 = AXIS2_PLACEMENT_3D('',#18687,#18688,#18689);
#18687 = CARTESIAN_POINT('',(-3.95,-1.1,7.E-02));
#18688 = DIRECTION('',(0.,-1.,0.));
#18689 = DIRECTION('',(0.,0.,1.));
#18690 = ADVANCED_FACE('',(#18691),#18716,.F.);
#18691 = FACE_BOUND('',#18692,.F.);
#18692 = EDGE_LOOP('',(#18693,#18694,#18702,#18710));
#18693 = ORIENTED_EDGE('',*,*,#18672,.T.);
#18694 = ORIENTED_EDGE('',*,*,#18695,.T.);
#18695 = EDGE_CURVE('',#18665,#18696,#18698,.T.);
#18696 = VERTEX_POINT('',#18697);
#18697 = CARTESIAN_POINT('',(-3.55,-1.28,0.85));
#18698 = LINE('',#18699,#18700);
#18699 = CARTESIAN_POINT('',(-3.55,-1.1,0.79));
#18700 = VECTOR('',#18701,1.);
#18701 = DIRECTION('',(0.,-0.948683298051,0.316227766017));
#18702 = ORIENTED_EDGE('',*,*,#18703,.F.);
#18703 = EDGE_CURVE('',#18704,#18696,#18706,.T.);
#18704 = VERTEX_POINT('',#18705);
#18705 = CARTESIAN_POINT('',(-3.95,-1.28,0.85));
#18706 = LINE('',#18707,#18708);
#18707 = CARTESIAN_POINT('',(-3.95,-1.28,0.85));
#18708 = VECTOR('',#18709,1.);
#18709 = DIRECTION('',(1.,0.,0.));
#18710 = ORIENTED_EDGE('',*,*,#18711,.F.);
#18711 = EDGE_CURVE('',#18673,#18704,#18712,.T.);
#18712 = LINE('',#18713,#18714);
#18713 = CARTESIAN_POINT('',(-3.95,-1.1,0.79));
#18714 = VECTOR('',#18715,1.);
#18715 = DIRECTION('',(0.,-0.948683298051,0.316227766017));
#18716 = PLANE('',#18717);
#18717 = AXIS2_PLACEMENT_3D('',#18718,#18719,#18720);
#18718 = CARTESIAN_POINT('',(-3.95,-1.1,0.79));
#18719 = DIRECTION('',(0.,-0.316227766017,-0.948683298051));
#18720 = DIRECTION('',(0.,-0.948683298051,0.316227766017));
#18721 = ADVANCED_FACE('',(#18722),#18747,.F.);
#18722 = FACE_BOUND('',#18723,.F.);
#18723 = EDGE_LOOP('',(#18724,#18725,#18733,#18741));
#18724 = ORIENTED_EDGE('',*,*,#18703,.T.);
#18725 = ORIENTED_EDGE('',*,*,#18726,.T.);
#18726 = EDGE_CURVE('',#18696,#18727,#18729,.T.);
#18727 = VERTEX_POINT('',#18728);
#18728 = CARTESIAN_POINT('',(-3.55,-1.62,0.85));
#18729 = LINE('',#18730,#18731);
#18730 = CARTESIAN_POINT('',(-3.55,-1.28,0.85));
#18731 = VECTOR('',#18732,1.);
#18732 = DIRECTION('',(0.,-1.,0.));
#18733 = ORIENTED_EDGE('',*,*,#18734,.F.);
#18734 = EDGE_CURVE('',#18735,#18727,#18737,.T.);
#18735 = VERTEX_POINT('',#18736);
#18736 = CARTESIAN_POINT('',(-3.95,-1.62,0.85));
#18737 = LINE('',#18738,#18739);
#18738 = CARTESIAN_POINT('',(-3.95,-1.62,0.85));
#18739 = VECTOR('',#18740,1.);
#18740 = DIRECTION('',(1.,0.,0.));
#18741 = ORIENTED_EDGE('',*,*,#18742,.F.);
#18742 = EDGE_CURVE('',#18704,#18735,#18743,.T.);
#18743 = LINE('',#18744,#18745);
#18744 = CARTESIAN_POINT('',(-3.95,-1.28,0.85));
#18745 = VECTOR('',#18746,1.);
#18746 = DIRECTION('',(0.,-1.,0.));
#18747 = PLANE('',#18748);
#18748 = AXIS2_PLACEMENT_3D('',#18749,#18750,#18751);
#18749 = CARTESIAN_POINT('',(-3.95,-1.28,0.85));
#18750 = DIRECTION('',(0.,0.,-1.));
#18751 = DIRECTION('',(0.,-1.,0.));
#18752 = ADVANCED_FACE('',(#18753),#18778,.F.);
#18753 = FACE_BOUND('',#18754,.F.);
#18754 = EDGE_LOOP('',(#18755,#18756,#18764,#18772));
#18755 = ORIENTED_EDGE('',*,*,#18734,.T.);
#18756 = ORIENTED_EDGE('',*,*,#18757,.T.);
#18757 = EDGE_CURVE('',#18727,#18758,#18760,.T.);
#18758 = VERTEX_POINT('',#18759);
#18759 = CARTESIAN_POINT('',(-3.55,-1.7,0.79));
#18760 = LINE('',#18761,#18762);
#18761 = CARTESIAN_POINT('',(-3.55,-1.62,0.85));
#18762 = VECTOR('',#18763,1.);
#18763 = DIRECTION('',(0.,-0.8,-0.6));
#18764 = ORIENTED_EDGE('',*,*,#18765,.F.);
#18765 = EDGE_CURVE('',#18766,#18758,#18768,.T.);
#18766 = VERTEX_POINT('',#18767);
#18767 = CARTESIAN_POINT('',(-3.95,-1.7,0.79));
#18768 = LINE('',#18769,#18770);
#18769 = CARTESIAN_POINT('',(-3.95,-1.7,0.79));
#18770 = VECTOR('',#18771,1.);
#18771 = DIRECTION('',(1.,0.,0.));
#18772 = ORIENTED_EDGE('',*,*,#18773,.F.);
#18773 = EDGE_CURVE('',#18735,#18766,#18774,.T.);
#18774 = LINE('',#18775,#18776);
#18775 = CARTESIAN_POINT('',(-3.95,-1.62,0.85));
#18776 = VECTOR('',#18777,1.);
#18777 = DIRECTION('',(0.,-0.8,-0.6));
#18778 = PLANE('',#18779);
#18779 = AXIS2_PLACEMENT_3D('',#18780,#18781,#18782);
#18780 = CARTESIAN_POINT('',(-3.95,-1.62,0.85));
#18781 = DIRECTION('',(0.,0.6,-0.8));
#18782 = DIRECTION('',(0.,-0.8,-0.6));
#18783 = ADVANCED_FACE('',(#18784),#18809,.F.);
#18784 = FACE_BOUND('',#18785,.F.);
#18785 = EDGE_LOOP('',(#18786,#18787,#18795,#18803));
#18786 = ORIENTED_EDGE('',*,*,#18765,.T.);
#18787 = ORIENTED_EDGE('',*,*,#18788,.T.);
#18788 = EDGE_CURVE('',#18758,#18789,#18791,.T.);
#18789 = VERTEX_POINT('',#18790);
#18790 = CARTESIAN_POINT('',(-3.55,-1.7,7.E-02));
#18791 = LINE('',#18792,#18793);
#18792 = CARTESIAN_POINT('',(-3.55,-1.7,0.79));
#18793 = VECTOR('',#18794,1.);
#18794 = DIRECTION('',(0.,0.,-1.));
#18795 = ORIENTED_EDGE('',*,*,#18796,.F.);
#18796 = EDGE_CURVE('',#18797,#18789,#18799,.T.);
#18797 = VERTEX_POINT('',#18798);
#18798 = CARTESIAN_POINT('',(-3.95,-1.7,7.E-02));
#18799 = LINE('',#18800,#18801);
#18800 = CARTESIAN_POINT('',(-3.95,-1.7,7.E-02));
#18801 = VECTOR('',#18802,1.);
#18802 = DIRECTION('',(1.,0.,0.));
#18803 = ORIENTED_EDGE('',*,*,#18804,.F.);
#18804 = EDGE_CURVE('',#18766,#18797,#18805,.T.);
#18805 = LINE('',#18806,#18807);
#18806 = CARTESIAN_POINT('',(-3.95,-1.7,0.79));
#18807 = VECTOR('',#18808,1.);
#18808 = DIRECTION('',(0.,0.,-1.));
#18809 = PLANE('',#18810);
#18810 = AXIS2_PLACEMENT_3D('',#18811,#18812,#18813);
#18811 = CARTESIAN_POINT('',(-3.95,-1.7,0.79));
#18812 = DIRECTION('',(-0.,1.,0.));
#18813 = DIRECTION('',(0.,0.,-1.));
#18814 = ADVANCED_FACE('',(#18815),#18840,.F.);
#18815 = FACE_BOUND('',#18816,.F.);
#18816 = EDGE_LOOP('',(#18817,#18818,#18826,#18834));
#18817 = ORIENTED_EDGE('',*,*,#18796,.T.);
#18818 = ORIENTED_EDGE('',*,*,#18819,.T.);
#18819 = EDGE_CURVE('',#18789,#18820,#18822,.T.);
#18820 = VERTEX_POINT('',#18821);
#18821 = CARTESIAN_POINT('',(-3.55,-1.8,7.E-02));
#18822 = LINE('',#18823,#18824);
#18823 = CARTESIAN_POINT('',(-3.55,-1.7,7.E-02));
#18824 = VECTOR('',#18825,1.);
#18825 = DIRECTION('',(0.,-1.,0.));
#18826 = ORIENTED_EDGE('',*,*,#18827,.F.);
#18827 = EDGE_CURVE('',#18828,#18820,#18830,.T.);
#18828 = VERTEX_POINT('',#18829);
#18829 = CARTESIAN_POINT('',(-3.95,-1.8,7.E-02));
#18830 = LINE('',#18831,#18832);
#18831 = CARTESIAN_POINT('',(-3.95,-1.8,7.E-02));
#18832 = VECTOR('',#18833,1.);
#18833 = DIRECTION('',(1.,0.,0.));
#18834 = ORIENTED_EDGE('',*,*,#18835,.F.);
#18835 = EDGE_CURVE('',#18797,#18828,#18836,.T.);
#18836 = LINE('',#18837,#18838);
#18837 = CARTESIAN_POINT('',(-3.95,-1.7,7.E-02));
#18838 = VECTOR('',#18839,1.);
#18839 = DIRECTION('',(0.,-1.,0.));
#18840 = PLANE('',#18841);
#18841 = AXIS2_PLACEMENT_3D('',#18842,#18843,#18844);
#18842 = CARTESIAN_POINT('',(-3.95,-1.7,7.E-02));
#18843 = DIRECTION('',(0.,0.,-1.));
#18844 = DIRECTION('',(0.,-1.,0.));
#18845 = ADVANCED_FACE('',(#18846),#18862,.F.);
#18846 = FACE_BOUND('',#18847,.F.);
#18847 = EDGE_LOOP('',(#18848,#18849,#18855,#18856));
#18848 = ORIENTED_EDGE('',*,*,#18827,.T.);
#18849 = ORIENTED_EDGE('',*,*,#18850,.T.);
#18850 = EDGE_CURVE('',#18820,#18564,#18851,.T.);
#18851 = LINE('',#18852,#18853);
#18852 = CARTESIAN_POINT('',(-3.55,-1.8,7.E-02));
#18853 = VECTOR('',#18854,1.);
#18854 = DIRECTION('',(0.,0.,-1.));
#18855 = ORIENTED_EDGE('',*,*,#18561,.F.);
#18856 = ORIENTED_EDGE('',*,*,#18857,.F.);
#18857 = EDGE_CURVE('',#18828,#18562,#18858,.T.);
#18858 = LINE('',#18859,#18860);
#18859 = CARTESIAN_POINT('',(-3.95,-1.8,7.E-02));
#18860 = VECTOR('',#18861,1.);
#18861 = DIRECTION('',(0.,0.,-1.));
#18862 = PLANE('',#18863);
#18863 = AXIS2_PLACEMENT_3D('',#18864,#18865,#18866);
#18864 = CARTESIAN_POINT('',(-3.95,-1.8,7.E-02));
#18865 = DIRECTION('',(-0.,1.,0.));
#18866 = DIRECTION('',(0.,0.,-1.));
#18867 = ADVANCED_FACE('',(#18868),#18880,.F.);
#18868 = FACE_BOUND('',#18869,.F.);
#18869 = EDGE_LOOP('',(#18870,#18871,#18872,#18873,#18874,#18875,#18876,
    #18877,#18878,#18879));
#18870 = ORIENTED_EDGE('',*,*,#18587,.T.);
#18871 = ORIENTED_EDGE('',*,*,#18618,.T.);
#18872 = ORIENTED_EDGE('',*,*,#18649,.T.);
#18873 = ORIENTED_EDGE('',*,*,#18680,.T.);
#18874 = ORIENTED_EDGE('',*,*,#18711,.T.);
#18875 = ORIENTED_EDGE('',*,*,#18742,.T.);
#18876 = ORIENTED_EDGE('',*,*,#18773,.T.);
#18877 = ORIENTED_EDGE('',*,*,#18804,.T.);
#18878 = ORIENTED_EDGE('',*,*,#18835,.T.);
#18879 = ORIENTED_EDGE('',*,*,#18857,.T.);
#18880 = PLANE('',#18881);
#18881 = AXIS2_PLACEMENT_3D('',#18882,#18883,#18884);
#18882 = CARTESIAN_POINT('',(-3.95,-1.400983040609,0.362859693612));
#18883 = DIRECTION('',(1.,0.,0.));
#18884 = DIRECTION('',(-0.,0.,1.));
#18885 = ADVANCED_FACE('',(#18886),#18898,.T.);
#18886 = FACE_BOUND('',#18887,.T.);
#18887 = EDGE_LOOP('',(#18888,#18889,#18890,#18891,#18892,#18893,#18894,
    #18895,#18896,#18897));
#18888 = ORIENTED_EDGE('',*,*,#18571,.T.);
#18889 = ORIENTED_EDGE('',*,*,#18602,.T.);
#18890 = ORIENTED_EDGE('',*,*,#18633,.T.);
#18891 = ORIENTED_EDGE('',*,*,#18664,.T.);
#18892 = ORIENTED_EDGE('',*,*,#18695,.T.);
#18893 = ORIENTED_EDGE('',*,*,#18726,.T.);
#18894 = ORIENTED_EDGE('',*,*,#18757,.T.);
#18895 = ORIENTED_EDGE('',*,*,#18788,.T.);
#18896 = ORIENTED_EDGE('',*,*,#18819,.T.);
#18897 = ORIENTED_EDGE('',*,*,#18850,.T.);
#18898 = PLANE('',#18899);
#18899 = AXIS2_PLACEMENT_3D('',#18900,#18901,#18902);
#18900 = CARTESIAN_POINT('',(-3.55,-1.400983040609,0.362859693612));
#18901 = DIRECTION('',(1.,0.,0.));
#18902 = DIRECTION('',(-0.,0.,1.));
#18903 = ( GEOMETRIC_REPRESENTATION_CONTEXT(3)
GLOBAL_UNCERTAINTY_ASSIGNED_CONTEXT((#18907))
GLOBAL_UNIT_ASSIGNED_CONTEXT((#18904,#18905,#18906))
REPRESENTATION_CONTEXT('Context #1',
  '3D Context with UNIT and UNCERTAINTY') );
#18904 = ( LENGTH_UNIT() NAMED_UNIT(*) SI_UNIT(.MILLI.,.METRE.) );
#18905 = ( NAMED_UNIT(*) PLANE_ANGLE_UNIT() SI_UNIT($,.RADIAN.) );
#18906 = ( NAMED_UNIT(*) SI_UNIT($,.STERADIAN.) SOLID_ANGLE_UNIT() );
#18907 = UNCERTAINTY_MEASURE_WITH_UNIT(LENGTH_MEASURE(1.E-07),#18904,
  'distance_accuracy_value','confusion accuracy');
#18908 = CONTEXT_DEPENDENT_SHAPE_REPRESENTATION(#18909,#18911);
#18909 = ( REPRESENTATION_RELATIONSHIP('','',#18554,#10)
REPRESENTATION_RELATIONSHIP_WITH_TRANSFORMATION(#18910)
SHAPE_REPRESENTATION_RELATIONSHIP() );
#18910 = ITEM_DEFINED_TRANSFORMATION('','',#11,#71);
#18911 = PRODUCT_DEFINITION_SHAPE('Placement','Placement of an item',
  #18912);
#18912 = NEXT_ASSEMBLY_USAGE_OCCURRENCE('15','Tin_hold_down_1','',#5,
  #18549,$);
#18913 = PRODUCT_RELATED_PRODUCT_CATEGORY('part',$,(#18551));
#18914 = SHAPE_DEFINITION_REPRESENTATION(#18915,#18921);
#18915 = PRODUCT_DEFINITION_SHAPE('','',#18916);
#18916 = PRODUCT_DEFINITION('design','',#18917,#18920);
#18917 = PRODUCT_DEFINITION_FORMATION('','',#18918);
#18918 = PRODUCT('Tin_hold_down_2','Tin_hold_down_2','',(#18919));
#18919 = PRODUCT_CONTEXT('',#2,'mechanical');
#18920 = PRODUCT_DEFINITION_CONTEXT('part definition',#2,'design');
#18921 = ADVANCED_BREP_SHAPE_REPRESENTATION('',(#11,#18922),#19270);
#18922 = MANIFOLD_SOLID_BREP('',#18923);
#18923 = CLOSED_SHELL('',(#18924,#18964,#18995,#19026,#19057,#19088,
    #19119,#19150,#19181,#19212,#19234,#19252));
#18924 = ADVANCED_FACE('',(#18925),#18959,.F.);
#18925 = FACE_BOUND('',#18926,.F.);
#18926 = EDGE_LOOP('',(#18927,#18937,#18945,#18953));
#18927 = ORIENTED_EDGE('',*,*,#18928,.T.);
#18928 = EDGE_CURVE('',#18929,#18931,#18933,.T.);
#18929 = VERTEX_POINT('',#18930);
#18930 = CARTESIAN_POINT('',(3.55,-1.8,0.));
#18931 = VERTEX_POINT('',#18932);
#18932 = CARTESIAN_POINT('',(3.95,-1.8,0.));
#18933 = LINE('',#18934,#18935);
#18934 = CARTESIAN_POINT('',(3.55,-1.8,0.));
#18935 = VECTOR('',#18936,1.);
#18936 = DIRECTION('',(1.,0.,0.));
#18937 = ORIENTED_EDGE('',*,*,#18938,.T.);
#18938 = EDGE_CURVE('',#18931,#18939,#18941,.T.);
#18939 = VERTEX_POINT('',#18940);
#18940 = CARTESIAN_POINT('',(3.95,-1.,0.));
#18941 = LINE('',#18942,#18943);
#18942 = CARTESIAN_POINT('',(3.95,-1.8,0.));
#18943 = VECTOR('',#18944,1.);
#18944 = DIRECTION('',(0.,1.,0.));
#18945 = ORIENTED_EDGE('',*,*,#18946,.F.);
#18946 = EDGE_CURVE('',#18947,#18939,#18949,.T.);
#18947 = VERTEX_POINT('',#18948);
#18948 = CARTESIAN_POINT('',(3.55,-1.,0.));
#18949 = LINE('',#18950,#18951);
#18950 = CARTESIAN_POINT('',(3.55,-1.,0.));
#18951 = VECTOR('',#18952,1.);
#18952 = DIRECTION('',(1.,0.,0.));
#18953 = ORIENTED_EDGE('',*,*,#18954,.F.);
#18954 = EDGE_CURVE('',#18929,#18947,#18955,.T.);
#18955 = LINE('',#18956,#18957);
#18956 = CARTESIAN_POINT('',(3.55,-1.8,0.));
#18957 = VECTOR('',#18958,1.);
#18958 = DIRECTION('',(0.,1.,0.));
#18959 = PLANE('',#18960);
#18960 = AXIS2_PLACEMENT_3D('',#18961,#18962,#18963);
#18961 = CARTESIAN_POINT('',(3.55,-1.8,0.));
#18962 = DIRECTION('',(0.,0.,1.));
#18963 = DIRECTION('',(0.,1.,0.));
#18964 = ADVANCED_FACE('',(#18965),#18990,.F.);
#18965 = FACE_BOUND('',#18966,.F.);
#18966 = EDGE_LOOP('',(#18967,#18968,#18976,#18984));
#18967 = ORIENTED_EDGE('',*,*,#18946,.T.);
#18968 = ORIENTED_EDGE('',*,*,#18969,.T.);
#18969 = EDGE_CURVE('',#18939,#18970,#18972,.T.);
#18970 = VERTEX_POINT('',#18971);
#18971 = CARTESIAN_POINT('',(3.95,-1.,7.E-02));
#18972 = LINE('',#18973,#18974);
#18973 = CARTESIAN_POINT('',(3.95,-1.,0.));
#18974 = VECTOR('',#18975,1.);
#18975 = DIRECTION('',(0.,0.,1.));
#18976 = ORIENTED_EDGE('',*,*,#18977,.F.);
#18977 = EDGE_CURVE('',#18978,#18970,#18980,.T.);
#18978 = VERTEX_POINT('',#18979);
#18979 = CARTESIAN_POINT('',(3.55,-1.,7.E-02));
#18980 = LINE('',#18981,#18982);
#18981 = CARTESIAN_POINT('',(3.55,-1.,7.E-02));
#18982 = VECTOR('',#18983,1.);
#18983 = DIRECTION('',(1.,0.,0.));
#18984 = ORIENTED_EDGE('',*,*,#18985,.F.);
#18985 = EDGE_CURVE('',#18947,#18978,#18986,.T.);
#18986 = LINE('',#18987,#18988);
#18987 = CARTESIAN_POINT('',(3.55,-1.,0.));
#18988 = VECTOR('',#18989,1.);
#18989 = DIRECTION('',(0.,0.,1.));
#18990 = PLANE('',#18991);
#18991 = AXIS2_PLACEMENT_3D('',#18992,#18993,#18994);
#18992 = CARTESIAN_POINT('',(3.55,-1.,0.));
#18993 = DIRECTION('',(0.,-1.,0.));
#18994 = DIRECTION('',(0.,0.,1.));
#18995 = ADVANCED_FACE('',(#18996),#19021,.F.);
#18996 = FACE_BOUND('',#18997,.F.);
#18997 = EDGE_LOOP('',(#18998,#18999,#19007,#19015));
#18998 = ORIENTED_EDGE('',*,*,#18977,.T.);
#18999 = ORIENTED_EDGE('',*,*,#19000,.T.);
#19000 = EDGE_CURVE('',#18970,#19001,#19003,.T.);
#19001 = VERTEX_POINT('',#19002);
#19002 = CARTESIAN_POINT('',(3.95,-1.1,7.E-02));
#19003 = LINE('',#19004,#19005);
#19004 = CARTESIAN_POINT('',(3.95,-1.,7.E-02));
#19005 = VECTOR('',#19006,1.);
#19006 = DIRECTION('',(0.,-1.,0.));
#19007 = ORIENTED_EDGE('',*,*,#19008,.F.);
#19008 = EDGE_CURVE('',#19009,#19001,#19011,.T.);
#19009 = VERTEX_POINT('',#19010);
#19010 = CARTESIAN_POINT('',(3.55,-1.1,7.E-02));
#19011 = LINE('',#19012,#19013);
#19012 = CARTESIAN_POINT('',(3.55,-1.1,7.E-02));
#19013 = VECTOR('',#19014,1.);
#19014 = DIRECTION('',(1.,0.,0.));
#19015 = ORIENTED_EDGE('',*,*,#19016,.F.);
#19016 = EDGE_CURVE('',#18978,#19009,#19017,.T.);
#19017 = LINE('',#19018,#19019);
#19018 = CARTESIAN_POINT('',(3.55,-1.,7.E-02));
#19019 = VECTOR('',#19020,1.);
#19020 = DIRECTION('',(0.,-1.,0.));
#19021 = PLANE('',#19022);
#19022 = AXIS2_PLACEMENT_3D('',#19023,#19024,#19025);
#19023 = CARTESIAN_POINT('',(3.55,-1.,7.E-02));
#19024 = DIRECTION('',(0.,0.,-1.));
#19025 = DIRECTION('',(0.,-1.,0.));
#19026 = ADVANCED_FACE('',(#19027),#19052,.F.);
#19027 = FACE_BOUND('',#19028,.F.);
#19028 = EDGE_LOOP('',(#19029,#19030,#19038,#19046));
#19029 = ORIENTED_EDGE('',*,*,#19008,.T.);
#19030 = ORIENTED_EDGE('',*,*,#19031,.T.);
#19031 = EDGE_CURVE('',#19001,#19032,#19034,.T.);
#19032 = VERTEX_POINT('',#19033);
#19033 = CARTESIAN_POINT('',(3.95,-1.1,0.79));
#19034 = LINE('',#19035,#19036);
#19035 = CARTESIAN_POINT('',(3.95,-1.1,7.E-02));
#19036 = VECTOR('',#19037,1.);
#19037 = DIRECTION('',(0.,0.,1.));
#19038 = ORIENTED_EDGE('',*,*,#19039,.F.);
#19039 = EDGE_CURVE('',#19040,#19032,#19042,.T.);
#19040 = VERTEX_POINT('',#19041);
#19041 = CARTESIAN_POINT('',(3.55,-1.1,0.79));
#19042 = LINE('',#19043,#19044);
#19043 = CARTESIAN_POINT('',(3.55,-1.1,0.79));
#19044 = VECTOR('',#19045,1.);
#19045 = DIRECTION('',(1.,0.,0.));
#19046 = ORIENTED_EDGE('',*,*,#19047,.F.);
#19047 = EDGE_CURVE('',#19009,#19040,#19048,.T.);
#19048 = LINE('',#19049,#19050);
#19049 = CARTESIAN_POINT('',(3.55,-1.1,7.E-02));
#19050 = VECTOR('',#19051,1.);
#19051 = DIRECTION('',(0.,0.,1.));
#19052 = PLANE('',#19053);
#19053 = AXIS2_PLACEMENT_3D('',#19054,#19055,#19056);
#19054 = CARTESIAN_POINT('',(3.55,-1.1,7.E-02));
#19055 = DIRECTION('',(0.,-1.,0.));
#19056 = DIRECTION('',(0.,0.,1.));
#19057 = ADVANCED_FACE('',(#19058),#19083,.F.);
#19058 = FACE_BOUND('',#19059,.F.);
#19059 = EDGE_LOOP('',(#19060,#19061,#19069,#19077));
#19060 = ORIENTED_EDGE('',*,*,#19039,.T.);
#19061 = ORIENTED_EDGE('',*,*,#19062,.T.);
#19062 = EDGE_CURVE('',#19032,#19063,#19065,.T.);
#19063 = VERTEX_POINT('',#19064);
#19064 = CARTESIAN_POINT('',(3.95,-1.28,0.85));
#19065 = LINE('',#19066,#19067);
#19066 = CARTESIAN_POINT('',(3.95,-1.1,0.79));
#19067 = VECTOR('',#19068,1.);
#19068 = DIRECTION('',(0.,-0.948683298051,0.316227766017));
#19069 = ORIENTED_EDGE('',*,*,#19070,.F.);
#19070 = EDGE_CURVE('',#19071,#19063,#19073,.T.);
#19071 = VERTEX_POINT('',#19072);
#19072 = CARTESIAN_POINT('',(3.55,-1.28,0.85));
#19073 = LINE('',#19074,#19075);
#19074 = CARTESIAN_POINT('',(3.55,-1.28,0.85));
#19075 = VECTOR('',#19076,1.);
#19076 = DIRECTION('',(1.,0.,0.));
#19077 = ORIENTED_EDGE('',*,*,#19078,.F.);
#19078 = EDGE_CURVE('',#19040,#19071,#19079,.T.);
#19079 = LINE('',#19080,#19081);
#19080 = CARTESIAN_POINT('',(3.55,-1.1,0.79));
#19081 = VECTOR('',#19082,1.);
#19082 = DIRECTION('',(0.,-0.948683298051,0.316227766017));
#19083 = PLANE('',#19084);
#19084 = AXIS2_PLACEMENT_3D('',#19085,#19086,#19087);
#19085 = CARTESIAN_POINT('',(3.55,-1.1,0.79));
#19086 = DIRECTION('',(0.,-0.316227766017,-0.948683298051));
#19087 = DIRECTION('',(0.,-0.948683298051,0.316227766017));
#19088 = ADVANCED_FACE('',(#19089),#19114,.F.);
#19089 = FACE_BOUND('',#19090,.F.);
#19090 = EDGE_LOOP('',(#19091,#19092,#19100,#19108));
#19091 = ORIENTED_EDGE('',*,*,#19070,.T.);
#19092 = ORIENTED_EDGE('',*,*,#19093,.T.);
#19093 = EDGE_CURVE('',#19063,#19094,#19096,.T.);
#19094 = VERTEX_POINT('',#19095);
#19095 = CARTESIAN_POINT('',(3.95,-1.62,0.85));
#19096 = LINE('',#19097,#19098);
#19097 = CARTESIAN_POINT('',(3.95,-1.28,0.85));
#19098 = VECTOR('',#19099,1.);
#19099 = DIRECTION('',(0.,-1.,0.));
#19100 = ORIENTED_EDGE('',*,*,#19101,.F.);
#19101 = EDGE_CURVE('',#19102,#19094,#19104,.T.);
#19102 = VERTEX_POINT('',#19103);
#19103 = CARTESIAN_POINT('',(3.55,-1.62,0.85));
#19104 = LINE('',#19105,#19106);
#19105 = CARTESIAN_POINT('',(3.55,-1.62,0.85));
#19106 = VECTOR('',#19107,1.);
#19107 = DIRECTION('',(1.,0.,0.));
#19108 = ORIENTED_EDGE('',*,*,#19109,.F.);
#19109 = EDGE_CURVE('',#19071,#19102,#19110,.T.);
#19110 = LINE('',#19111,#19112);
#19111 = CARTESIAN_POINT('',(3.55,-1.28,0.85));
#19112 = VECTOR('',#19113,1.);
#19113 = DIRECTION('',(0.,-1.,0.));
#19114 = PLANE('',#19115);
#19115 = AXIS2_PLACEMENT_3D('',#19116,#19117,#19118);
#19116 = CARTESIAN_POINT('',(3.55,-1.28,0.85));
#19117 = DIRECTION('',(0.,0.,-1.));
#19118 = DIRECTION('',(0.,-1.,0.));
#19119 = ADVANCED_FACE('',(#19120),#19145,.F.);
#19120 = FACE_BOUND('',#19121,.F.);
#19121 = EDGE_LOOP('',(#19122,#19123,#19131,#19139));
#19122 = ORIENTED_EDGE('',*,*,#19101,.T.);
#19123 = ORIENTED_EDGE('',*,*,#19124,.T.);
#19124 = EDGE_CURVE('',#19094,#19125,#19127,.T.);
#19125 = VERTEX_POINT('',#19126);
#19126 = CARTESIAN_POINT('',(3.95,-1.7,0.79));
#19127 = LINE('',#19128,#19129);
#19128 = CARTESIAN_POINT('',(3.95,-1.62,0.85));
#19129 = VECTOR('',#19130,1.);
#19130 = DIRECTION('',(0.,-0.8,-0.6));
#19131 = ORIENTED_EDGE('',*,*,#19132,.F.);
#19132 = EDGE_CURVE('',#19133,#19125,#19135,.T.);
#19133 = VERTEX_POINT('',#19134);
#19134 = CARTESIAN_POINT('',(3.55,-1.7,0.79));
#19135 = LINE('',#19136,#19137);
#19136 = CARTESIAN_POINT('',(3.55,-1.7,0.79));
#19137 = VECTOR('',#19138,1.);
#19138 = DIRECTION('',(1.,0.,0.));
#19139 = ORIENTED_EDGE('',*,*,#19140,.F.);
#19140 = EDGE_CURVE('',#19102,#19133,#19141,.T.);
#19141 = LINE('',#19142,#19143);
#19142 = CARTESIAN_POINT('',(3.55,-1.62,0.85));
#19143 = VECTOR('',#19144,1.);
#19144 = DIRECTION('',(0.,-0.8,-0.6));
#19145 = PLANE('',#19146);
#19146 = AXIS2_PLACEMENT_3D('',#19147,#19148,#19149);
#19147 = CARTESIAN_POINT('',(3.55,-1.62,0.85));
#19148 = DIRECTION('',(0.,0.6,-0.8));
#19149 = DIRECTION('',(0.,-0.8,-0.6));
#19150 = ADVANCED_FACE('',(#19151),#19176,.F.);
#19151 = FACE_BOUND('',#19152,.F.);
#19152 = EDGE_LOOP('',(#19153,#19154,#19162,#19170));
#19153 = ORIENTED_EDGE('',*,*,#19132,.T.);
#19154 = ORIENTED_EDGE('',*,*,#19155,.T.);
#19155 = EDGE_CURVE('',#19125,#19156,#19158,.T.);
#19156 = VERTEX_POINT('',#19157);
#19157 = CARTESIAN_POINT('',(3.95,-1.7,7.E-02));
#19158 = LINE('',#19159,#19160);
#19159 = CARTESIAN_POINT('',(3.95,-1.7,0.79));
#19160 = VECTOR('',#19161,1.);
#19161 = DIRECTION('',(0.,0.,-1.));
#19162 = ORIENTED_EDGE('',*,*,#19163,.F.);
#19163 = EDGE_CURVE('',#19164,#19156,#19166,.T.);
#19164 = VERTEX_POINT('',#19165);
#19165 = CARTESIAN_POINT('',(3.55,-1.7,7.E-02));
#19166 = LINE('',#19167,#19168);
#19167 = CARTESIAN_POINT('',(3.55,-1.7,7.E-02));
#19168 = VECTOR('',#19169,1.);
#19169 = DIRECTION('',(1.,0.,0.));
#19170 = ORIENTED_EDGE('',*,*,#19171,.F.);
#19171 = EDGE_CURVE('',#19133,#19164,#19172,.T.);
#19172 = LINE('',#19173,#19174);
#19173 = CARTESIAN_POINT('',(3.55,-1.7,0.79));
#19174 = VECTOR('',#19175,1.);
#19175 = DIRECTION('',(0.,0.,-1.));
#19176 = PLANE('',#19177);
#19177 = AXIS2_PLACEMENT_3D('',#19178,#19179,#19180);
#19178 = CARTESIAN_POINT('',(3.55,-1.7,0.79));
#19179 = DIRECTION('',(-0.,1.,0.));
#19180 = DIRECTION('',(0.,0.,-1.));
#19181 = ADVANCED_FACE('',(#19182),#19207,.F.);
#19182 = FACE_BOUND('',#19183,.F.);
#19183 = EDGE_LOOP('',(#19184,#19185,#19193,#19201));
#19184 = ORIENTED_EDGE('',*,*,#19163,.T.);
#19185 = ORIENTED_EDGE('',*,*,#19186,.T.);
#19186 = EDGE_CURVE('',#19156,#19187,#19189,.T.);
#19187 = VERTEX_POINT('',#19188);
#19188 = CARTESIAN_POINT('',(3.95,-1.8,7.E-02));
#19189 = LINE('',#19190,#19191);
#19190 = CARTESIAN_POINT('',(3.95,-1.7,7.E-02));
#19191 = VECTOR('',#19192,1.);
#19192 = DIRECTION('',(0.,-1.,0.));
#19193 = ORIENTED_EDGE('',*,*,#19194,.F.);
#19194 = EDGE_CURVE('',#19195,#19187,#19197,.T.);
#19195 = VERTEX_POINT('',#19196);
#19196 = CARTESIAN_POINT('',(3.55,-1.8,7.E-02));
#19197 = LINE('',#19198,#19199);
#19198 = CARTESIAN_POINT('',(3.55,-1.8,7.E-02));
#19199 = VECTOR('',#19200,1.);
#19200 = DIRECTION('',(1.,0.,0.));
#19201 = ORIENTED_EDGE('',*,*,#19202,.F.);
#19202 = EDGE_CURVE('',#19164,#19195,#19203,.T.);
#19203 = LINE('',#19204,#19205);
#19204 = CARTESIAN_POINT('',(3.55,-1.7,7.E-02));
#19205 = VECTOR('',#19206,1.);
#19206 = DIRECTION('',(0.,-1.,0.));
#19207 = PLANE('',#19208);
#19208 = AXIS2_PLACEMENT_3D('',#19209,#19210,#19211);
#19209 = CARTESIAN_POINT('',(3.55,-1.7,7.E-02));
#19210 = DIRECTION('',(0.,0.,-1.));
#19211 = DIRECTION('',(0.,-1.,0.));
#19212 = ADVANCED_FACE('',(#19213),#19229,.F.);
#19213 = FACE_BOUND('',#19214,.F.);
#19214 = EDGE_LOOP('',(#19215,#19216,#19222,#19223));
#19215 = ORIENTED_EDGE('',*,*,#19194,.T.);
#19216 = ORIENTED_EDGE('',*,*,#19217,.T.);
#19217 = EDGE_CURVE('',#19187,#18931,#19218,.T.);
#19218 = LINE('',#19219,#19220);
#19219 = CARTESIAN_POINT('',(3.95,-1.8,7.E-02));
#19220 = VECTOR('',#19221,1.);
#19221 = DIRECTION('',(0.,0.,-1.));
#19222 = ORIENTED_EDGE('',*,*,#18928,.F.);
#19223 = ORIENTED_EDGE('',*,*,#19224,.F.);
#19224 = EDGE_CURVE('',#19195,#18929,#19225,.T.);
#19225 = LINE('',#19226,#19227);
#19226 = CARTESIAN_POINT('',(3.55,-1.8,7.E-02));
#19227 = VECTOR('',#19228,1.);
#19228 = DIRECTION('',(0.,0.,-1.));
#19229 = PLANE('',#19230);
#19230 = AXIS2_PLACEMENT_3D('',#19231,#19232,#19233);
#19231 = CARTESIAN_POINT('',(3.55,-1.8,7.E-02));
#19232 = DIRECTION('',(-0.,1.,0.));
#19233 = DIRECTION('',(0.,0.,-1.));
#19234 = ADVANCED_FACE('',(#19235),#19247,.F.);
#19235 = FACE_BOUND('',#19236,.F.);
#19236 = EDGE_LOOP('',(#19237,#19238,#19239,#19240,#19241,#19242,#19243,
    #19244,#19245,#19246));
#19237 = ORIENTED_EDGE('',*,*,#18954,.T.);
#19238 = ORIENTED_EDGE('',*,*,#18985,.T.);
#19239 = ORIENTED_EDGE('',*,*,#19016,.T.);
#19240 = ORIENTED_EDGE('',*,*,#19047,.T.);
#19241 = ORIENTED_EDGE('',*,*,#19078,.T.);
#19242 = ORIENTED_EDGE('',*,*,#19109,.T.);
#19243 = ORIENTED_EDGE('',*,*,#19140,.T.);
#19244 = ORIENTED_EDGE('',*,*,#19171,.T.);
#19245 = ORIENTED_EDGE('',*,*,#19202,.T.);
#19246 = ORIENTED_EDGE('',*,*,#19224,.T.);
#19247 = PLANE('',#19248);
#19248 = AXIS2_PLACEMENT_3D('',#19249,#19250,#19251);
#19249 = CARTESIAN_POINT('',(3.55,-1.400983040609,0.362859693612));
#19250 = DIRECTION('',(1.,0.,0.));
#19251 = DIRECTION('',(-0.,0.,1.));
#19252 = ADVANCED_FACE('',(#19253),#19265,.T.);
#19253 = FACE_BOUND('',#19254,.T.);
#19254 = EDGE_LOOP('',(#19255,#19256,#19257,#19258,#19259,#19260,#19261,
    #19262,#19263,#19264));
#19255 = ORIENTED_EDGE('',*,*,#18938,.T.);
#19256 = ORIENTED_EDGE('',*,*,#18969,.T.);
#19257 = ORIENTED_EDGE('',*,*,#19000,.T.);
#19258 = ORIENTED_EDGE('',*,*,#19031,.T.);
#19259 = ORIENTED_EDGE('',*,*,#19062,.T.);
#19260 = ORIENTED_EDGE('',*,*,#19093,.T.);
#19261 = ORIENTED_EDGE('',*,*,#19124,.T.);
#19262 = ORIENTED_EDGE('',*,*,#19155,.T.);
#19263 = ORIENTED_EDGE('',*,*,#19186,.T.);
#19264 = ORIENTED_EDGE('',*,*,#19217,.T.);
#19265 = PLANE('',#19266);
#19266 = AXIS2_PLACEMENT_3D('',#19267,#19268,#19269);
#19267 = CARTESIAN_POINT('',(3.95,-1.400983040609,0.362859693612));
#19268 = DIRECTION('',(1.,0.,0.));
#19269 = DIRECTION('',(-0.,0.,1.));
#19270 = ( GEOMETRIC_REPRESENTATION_CONTEXT(3)
GLOBAL_UNCERTAINTY_ASSIGNED_CONTEXT((#19274))
GLOBAL_UNIT_ASSIGNED_CONTEXT((#19271,#19272,#19273))
REPRESENTATION_CONTEXT('Context #1',
  '3D Context with UNIT and UNCERTAINTY') );
#19271 = ( LENGTH_UNIT() NAMED_UNIT(*) SI_UNIT(.MILLI.,.METRE.) );
#19272 = ( NAMED_UNIT(*) PLANE_ANGLE_UNIT() SI_UNIT($,.RADIAN.) );
#19273 = ( NAMED_UNIT(*) SI_UNIT($,.STERADIAN.) SOLID_ANGLE_UNIT() );
#19274 = UNCERTAINTY_MEASURE_WITH_UNIT(LENGTH_MEASURE(1.E-07),#19271,
  'distance_accuracy_value','confusion accuracy');
#19275 = CONTEXT_DEPENDENT_SHAPE_REPRESENTATION(#19276,#19278);
#19276 = ( REPRESENTATION_RELATIONSHIP('','',#18921,#10)
REPRESENTATION_RELATIONSHIP_WITH_TRANSFORMATION(#19277)
SHAPE_REPRESENTATION_RELATIONSHIP() );
#19277 = ITEM_DEFINED_TRANSFORMATION('','',#11,#75);
#19278 = PRODUCT_DEFINITION_SHAPE('Placement','Placement of an item',
  #19279);
#19279 = NEXT_ASSEMBLY_USAGE_OCCURRENCE('16','Tin_hold_down_2','',#5,
  #18916,$);
#19280 = PRODUCT_RELATED_PRODUCT_CATEGORY('part',$,(#18918));
#19281 = MECHANICAL_DESIGN_GEOMETRIC_PRESENTATION_REPRESENTATION('',(
    #19282),#13731);
#19282 = STYLED_ITEM('color',(#19283),#12789);
#19283 = PRESENTATION_STYLE_ASSIGNMENT((#19284));
#19284 = SURFACE_STYLE_USAGE(.BOTH.,#19285);
#19285 = SURFACE_SIDE_STYLE('',(#19286));
#19286 = SURFACE_STYLE_FILL_AREA(#19287);
#19287 = FILL_AREA_STYLE('',(#19288));
#19288 = FILL_AREA_STYLE_COLOUR('',#19289);
#19289 = COLOUR_RGB('',0.830000008529,0.679999990811,0.319999999843);
#19290 = MECHANICAL_DESIGN_GEOMETRIC_PRESENTATION_REPRESENTATION('',(
    #19291),#8926);
#19291 = STYLED_ITEM('color',(#19292),#7984);
#19292 = PRESENTATION_STYLE_ASSIGNMENT((#19293));
#19293 = SURFACE_STYLE_USAGE(.BOTH.,#19294);
#19294 = SURFACE_SIDE_STYLE('',(#19295));
#19295 = SURFACE_STYLE_FILL_AREA(#19296);
#19296 = FILL_AREA_STYLE('',(#19297));
#19297 = FILL_AREA_STYLE_COLOUR('',#19289);
#19298 = MECHANICAL_DESIGN_GEOMETRIC_PRESENTATION_REPRESENTATION('',(
    #19299),#15653);
#19299 = STYLED_ITEM('color',(#19300),#14711);
#19300 = PRESENTATION_STYLE_ASSIGNMENT((#19301));
#19301 = SURFACE_STYLE_USAGE(.BOTH.,#19302);
#19302 = SURFACE_SIDE_STYLE('',(#19303));
#19303 = SURFACE_STYLE_FILL_AREA(#19304);
#19304 = FILL_AREA_STYLE('',(#19305));
#19305 = FILL_AREA_STYLE_COLOUR('',#19289);
#19306 = MECHANICAL_DESIGN_GEOMETRIC_PRESENTATION_REPRESENTATION('',(
    #19307),#16614);
#19307 = STYLED_ITEM('color',(#19308),#15672);
#19308 = PRESENTATION_STYLE_ASSIGNMENT((#19309));
#19309 = SURFACE_STYLE_USAGE(.BOTH.,#19310);
#19310 = SURFACE_SIDE_STYLE('',(#19311));
#19311 = SURFACE_STYLE_FILL_AREA(#19312);
#19312 = FILL_AREA_STYLE('',(#19313));
#19313 = FILL_AREA_STYLE_COLOUR('',#19289);
#19314 = MECHANICAL_DESIGN_GEOMETRIC_PRESENTATION_REPRESENTATION('',(
    #19315),#18536);
#19315 = STYLED_ITEM('color',(#19316),#17594);
#19316 = PRESENTATION_STYLE_ASSIGNMENT((#19317));
#19317 = SURFACE_STYLE_USAGE(.BOTH.,#19318);
#19318 = SURFACE_SIDE_STYLE('',(#19319));
#19319 = SURFACE_STYLE_FILL_AREA(#19320);
#19320 = FILL_AREA_STYLE('',(#19321));
#19321 = FILL_AREA_STYLE_COLOUR('',#19289);
#19322 = MECHANICAL_DESIGN_GEOMETRIC_PRESENTATION_REPRESENTATION('',(
    #19323),#17575);
#19323 = STYLED_ITEM('color',(#19324),#16633);
#19324 = PRESENTATION_STYLE_ASSIGNMENT((#19325));
#19325 = SURFACE_STYLE_USAGE(.BOTH.,#19326);
#19326 = SURFACE_SIDE_STYLE('',(#19327));
#19327 = SURFACE_STYLE_FILL_AREA(#19328);
#19328 = FILL_AREA_STYLE('',(#19329));
#19329 = FILL_AREA_STYLE_COLOUR('',#19289);
#19330 = MECHANICAL_DESIGN_GEOMETRIC_PRESENTATION_REPRESENTATION('',(
    #19331),#7004);
#19331 = STYLED_ITEM('color',(#19332),#5469);
#19332 = PRESENTATION_STYLE_ASSIGNMENT((#19333));
#19333 = SURFACE_STYLE_USAGE(.BOTH.,#19334);
#19334 = SURFACE_SIDE_STYLE('',(#19335));
#19335 = SURFACE_STYLE_FILL_AREA(#19336);
#19336 = FILL_AREA_STYLE('',(#19337));
#19337 = FILL_AREA_STYLE_COLOUR('',#19338);
#19338 = COLOUR_RGB('',0.109803919806,0.113725487964,0.121568629232);
#19339 = MECHANICAL_DESIGN_GEOMETRIC_PRESENTATION_REPRESENTATION('',(
    #19340),#7965);
#19340 = STYLED_ITEM('color',(#19341),#7023);
#19341 = PRESENTATION_STYLE_ASSIGNMENT((#19342));
#19342 = SURFACE_STYLE_USAGE(.BOTH.,#19343);
#19343 = SURFACE_SIDE_STYLE('',(#19344));
#19344 = SURFACE_STYLE_FILL_AREA(#19345);
#19345 = FILL_AREA_STYLE('',(#19346));
#19346 = FILL_AREA_STYLE_COLOUR('',#19289);
#19347 = MECHANICAL_DESIGN_GEOMETRIC_PRESENTATION_REPRESENTATION('',(
    #19348),#19270);
#19348 = STYLED_ITEM('color',(#19349),#18922);
#19349 = PRESENTATION_STYLE_ASSIGNMENT((#19350));
#19350 = SURFACE_STYLE_USAGE(.BOTH.,#19351);
#19351 = SURFACE_SIDE_STYLE('',(#19352));
#19352 = SURFACE_STYLE_FILL_AREA(#19353);
#19353 = FILL_AREA_STYLE('',(#19354));
#19354 = FILL_AREA_STYLE_COLOUR('',#19355);
#19355 = COLOUR_RGB('',0.760000013601,0.789999995908,0.819999987296);
#19356 = MECHANICAL_DESIGN_GEOMETRIC_PRESENTATION_REPRESENTATION('',(
    #19357),#9887);
#19357 = STYLED_ITEM('color',(#19358),#8945);
#19358 = PRESENTATION_STYLE_ASSIGNMENT((#19359));
#19359 = SURFACE_STYLE_USAGE(.BOTH.,#19360);
#19360 = SURFACE_SIDE_STYLE('',(#19361));
#19361 = SURFACE_STYLE_FILL_AREA(#19362);
#19362 = FILL_AREA_STYLE('',(#19363));
#19363 = FILL_AREA_STYLE_COLOUR('',#19289);
#19364 = MECHANICAL_DESIGN_GEOMETRIC_PRESENTATION_REPRESENTATION('',(
    #19365),#11809);
#19365 = STYLED_ITEM('color',(#19366),#10867);
#19366 = PRESENTATION_STYLE_ASSIGNMENT((#19367));
#19367 = SURFACE_STYLE_USAGE(.BOTH.,#19368);
#19368 = SURFACE_SIDE_STYLE('',(#19369));
#19369 = SURFACE_STYLE_FILL_AREA(#19370);
#19370 = FILL_AREA_STYLE('',(#19371));
#19371 = FILL_AREA_STYLE_COLOUR('',#19289);
#19372 = MECHANICAL_DESIGN_GEOMETRIC_PRESENTATION_REPRESENTATION('',(
    #19373),#14692);
#19373 = STYLED_ITEM('color',(#19374),#13750);
#19374 = PRESENTATION_STYLE_ASSIGNMENT((#19375));
#19375 = SURFACE_STYLE_USAGE(.BOTH.,#19376);
#19376 = SURFACE_SIDE_STYLE('',(#19377));
#19377 = SURFACE_STYLE_FILL_AREA(#19378);
#19378 = FILL_AREA_STYLE('',(#19379));
#19379 = FILL_AREA_STYLE_COLOUR('',#19289);
#19380 = MECHANICAL_DESIGN_GEOMETRIC_PRESENTATION_REPRESENTATION('',(
    #19381),#5450);
#19381 = STYLED_ITEM('color',(#19382),#93);
#19382 = PRESENTATION_STYLE_ASSIGNMENT((#19383));
#19383 = SURFACE_STYLE_USAGE(.BOTH.,#19384);
#19384 = SURFACE_SIDE_STYLE('',(#19385));
#19385 = SURFACE_STYLE_FILL_AREA(#19386);
#19386 = FILL_AREA_STYLE('',(#19387));
#19387 = FILL_AREA_STYLE_COLOUR('',#19388);
#19388 = COLOUR_RGB('',0.643137266454,0.666666664908,0.67843136833);
#19389 = MECHANICAL_DESIGN_GEOMETRIC_PRESENTATION_REPRESENTATION('',(
    #19390),#10848);
#19390 = STYLED_ITEM('color',(#19391),#9906);
#19391 = PRESENTATION_STYLE_ASSIGNMENT((#19392));
#19392 = SURFACE_STYLE_USAGE(.BOTH.,#19393);
#19393 = SURFACE_SIDE_STYLE('',(#19394));
#19394 = SURFACE_STYLE_FILL_AREA(#19395);
#19395 = FILL_AREA_STYLE('',(#19396));
#19396 = FILL_AREA_STYLE_COLOUR('',#19289);
#19397 = MECHANICAL_DESIGN_GEOMETRIC_PRESENTATION_REPRESENTATION('',(
    #19398),#18903);
#19398 = STYLED_ITEM('color',(#19399),#18555);
#19399 = PRESENTATION_STYLE_ASSIGNMENT((#19400));
#19400 = SURFACE_STYLE_USAGE(.BOTH.,#19401);
#19401 = SURFACE_SIDE_STYLE('',(#19402));
#19402 = SURFACE_STYLE_FILL_AREA(#19403);
#19403 = FILL_AREA_STYLE('',(#19404));
#19404 = FILL_AREA_STYLE_COLOUR('',#19355);
#19405 = MECHANICAL_DESIGN_GEOMETRIC_PRESENTATION_REPRESENTATION('',(
    #19406),#12770);
#19406 = STYLED_ITEM('color',(#19407),#11828);
#19407 = PRESENTATION_STYLE_ASSIGNMENT((#19408));
#19408 = SURFACE_STYLE_USAGE(.BOTH.,#19409);
#19409 = SURFACE_SIDE_STYLE('',(#19410));
#19410 = SURFACE_STYLE_FILL_AREA(#19411);
#19411 = FILL_AREA_STYLE('',(#19412));
#19412 = FILL_AREA_STYLE_COLOUR('',#19289);
ENDSEC;
END-ISO-10303-21;
