ISO-10303-21;
HEADER;
FILE_DESCRIPTION(('Open CASCADE Model'),'2;1');
FILE_NAME('Open CASCADE Shape Model','2026-10-01T23:00:14',('Author'),(
    'Open CASCADE'),'Open CASCADE STEP processor 7.9','Open CASCADE 7.9'
  ,'Unknown');
FILE_SCHEMA(('AUTOMOTIVE_DESIGN { 1 0 10303 214 1 1 1 1 }'));
ENDSEC;
DATA;
#1 = APPLICATION_PROTOCOL_DEFINITION('international standard',
  'automotive_design',2000,#2);
#2 = APPLICATION_CONTEXT(
  'core data for automotive mechanical design processes');
#3 = SHAPE_DEFINITION_REPRESENTATION(#4,#10);
#4 = PRODUCT_DEFINITION_SHAPE('','',#5);
#5 = PRODUCT_DEFINITION('design','',#6,#9);
#6 = PRODUCT_DEFINITION_FORMATION('','',#7);
#7 = PRODUCT('ublox_MAX_family','ublox_MAX_family','',(#8));
#8 = PRODUCT_CONTEXT('',#2,'mechanical');
#9 = PRODUCT_DEFINITION_CONTEXT('part definition',#2,'design');
#10 = SHAPE_REPRESENTATION('',(#11,#15),#19);
#11 = AXIS2_PLACEMENT_3D('',#12,#13,#14);
#12 = CARTESIAN_POINT('',(0.,0.,0.));
#13 = DIRECTION('',(0.,0.,1.));
#14 = DIRECTION('',(1.,0.,-0.));
#15 = AXIS2_PLACEMENT_3D('',#16,#17,#18);
#16 = CARTESIAN_POINT('',(0.152369921004,-5.613628668582E-02,0.4));
#17 = DIRECTION('',(0.,0.,1.));
#18 = DIRECTION('',(1.,0.,-0.));
#19 = ( GEOMETRIC_REPRESENTATION_CONTEXT(3)
GLOBAL_UNCERTAINTY_ASSIGNED_CONTEXT((#23)) GLOBAL_UNIT_ASSIGNED_CONTEXT(
(#20,#21,#22)) REPRESENTATION_CONTEXT('Context #1',
  '3D Context with UNIT and UNCERTAINTY') );
#20 = ( LENGTH_UNIT() NAMED_UNIT(*) SI_UNIT(.MILLI.,.METRE.) );
#21 = ( NAMED_UNIT(*) PLANE_ANGLE_UNIT() SI_UNIT($,.RADIAN.) );
#22 = ( NAMED_UNIT(*) SI_UNIT($,.STERADIAN.) SOLID_ANGLE_UNIT() );
#23 = UNCERTAINTY_MEASURE_WITH_UNIT(LENGTH_MEASURE(5.E-06),#20,
  'distance_accuracy_value','confusion accuracy');
#24 = PRODUCT_RELATED_PRODUCT_CATEGORY('part',$,(#7));
#25 = SHAPE_DEFINITION_REPRESENTATION(#26,#32);
#26 = PRODUCT_DEFINITION_SHAPE('','',#27);
#27 = PRODUCT_DEFINITION('design','',#28,#31);
#28 = PRODUCT_DEFINITION_FORMATION('','',#29);
#29 = PRODUCT('ublox_MAX_family','ublox_MAX_family','',(#30));
#30 = PRODUCT_CONTEXT('',#2,'mechanical');
#31 = PRODUCT_DEFINITION_CONTEXT('part definition',#2,'design');
#32 = SHAPE_REPRESENTATION('',(#11,#33,#37,#41),#45);
#33 = AXIS2_PLACEMENT_3D('',#34,#35,#36);
#34 = CARTESIAN_POINT('',(-0.152369921004,5.613628668582E-02,1.965));
#35 = DIRECTION('',(-1.,-8.407992756434E-16,3.657549497541E-16));
#36 = DIRECTION('',(8.407992756434E-16,-1.,0.));
#37 = AXIS2_PLACEMENT_3D('',#38,#39,#40);
#38 = CARTESIAN_POINT('',(3.997630078996,4.206136286686,1.965));
#39 = DIRECTION('',(-4.227936187815E-16,1.,-3.608224830032E-15));
#40 = DIRECTION('',(-1.,-4.227936187815E-16,3.657549497541E-16));
#41 = AXIS2_PLACEMENT_3D('',#42,#43,#44);
#42 = CARTESIAN_POINT('',(-0.152369921004,5.613628668582E-02,-0.365));
#43 = DIRECTION('',(0.,0.,1.));
#44 = DIRECTION('',(1.,0.,0.));
#45 = ( GEOMETRIC_REPRESENTATION_CONTEXT(3)
GLOBAL_UNCERTAINTY_ASSIGNED_CONTEXT((#49)) GLOBAL_UNIT_ASSIGNED_CONTEXT(
(#46,#47,#48)) REPRESENTATION_CONTEXT('Context #1',
  '3D Context with UNIT and UNCERTAINTY') );
#46 = ( LENGTH_UNIT() NAMED_UNIT(*) SI_UNIT(.MILLI.,.METRE.) );
#47 = ( NAMED_UNIT(*) PLANE_ANGLE_UNIT() SI_UNIT($,.RADIAN.) );
#48 = ( NAMED_UNIT(*) SI_UNIT($,.STERADIAN.) SOLID_ANGLE_UNIT() );
#49 = UNCERTAINTY_MEASURE_WITH_UNIT(LENGTH_MEASURE(5.E-06),#46,
  'distance_accuracy_value','confusion accuracy');
#50 = CONTEXT_DEPENDENT_SHAPE_REPRESENTATION(#51,#53);
#51 = ( REPRESENTATION_RELATIONSHIP('','',#32,#10)
REPRESENTATION_RELATIONSHIP_WITH_TRANSFORMATION(#52)
SHAPE_REPRESENTATION_RELATIONSHIP() );
#52 = ITEM_DEFINED_TRANSFORMATION('','',#11,#15);
#53 = PRODUCT_DEFINITION_SHAPE('Placement','Placement of an item',#54);
#54 = NEXT_ASSEMBLY_USAGE_OCCURRENCE('7','ublox_MAX_family','',#5,#27,$
  );
#55 = PRODUCT_RELATED_PRODUCT_CATEGORY('part',$,(#29));
#56 = SHAPE_DEFINITION_REPRESENTATION(#57,#63);
#57 = PRODUCT_DEFINITION_SHAPE('','',#58);
#58 = PRODUCT_DEFINITION('design','',#59,#62);
#59 = PRODUCT_DEFINITION_FORMATION('','',#60);
#60 = PRODUCT('NAUO1','NAUO1','',(#61));
#61 = PRODUCT_CONTEXT('',#2,'mechanical');
#62 = PRODUCT_DEFINITION_CONTEXT('part definition',#2,'design');
#63 = SHAPE_REPRESENTATION('',(#11,#64,#354,#964,#1114,#1760,#2330),
  #3162);
#64 = MANIFOLD_SOLID_BREP('Label_body',#65);
#65 = CLOSED_SHELL('NONE',(#66,#108,#139,#172,#203,#236,#267,#300,#322,
    #338));
#66 = ADVANCED_FACE('NONE',(#67),#103,.T.);
#67 = FACE_BOUND('',#68,.T.);
#68 = EDGE_LOOP('NONE',(#69,#80,#88,#97));
#69 = ORIENTED_EDGE('',*,*,#70,.T.);
#70 = EDGE_CURVE('NONE',#71,#73,#75,.T.);
#71 = VERTEX_POINT('NONE',#72);
#72 = CARTESIAN_POINT('',(3.75,0.,-3.25));
#73 = VERTEX_POINT('NONE',#74);
#74 = CARTESIAN_POINT('',(3.25,0.,-3.75));
#75 = CIRCLE('',#76,0.5);
#76 = AXIS2_PLACEMENT_3D('',#77,#78,#79);
#77 = CARTESIAN_POINT('',(3.25,0.,-3.25));
#78 = DIRECTION('',(-0.,1.,0.));
#79 = DIRECTION('',(0.,0.,-1.));
#80 = ORIENTED_EDGE('',*,*,#81,.F.);
#81 = EDGE_CURVE('NONE',#82,#73,#84,.T.);
#82 = VERTEX_POINT('NONE',#83);
#83 = CARTESIAN_POINT('',(3.25,0.1,-3.75));
#84 = LINE('',#85,#86);
#85 = CARTESIAN_POINT('',(3.25,0.1,-3.75));
#86 = VECTOR('',#87,1.);
#87 = DIRECTION('',(-0.,-1.,-0.));
#88 = ORIENTED_EDGE('',*,*,#89,.F.);
#89 = EDGE_CURVE('NONE',#90,#82,#92,.T.);
#90 = VERTEX_POINT('NONE',#91);
#91 = CARTESIAN_POINT('',(3.75,0.1,-3.25));
#92 = CIRCLE('',#93,0.5);
#93 = AXIS2_PLACEMENT_3D('',#94,#95,#96);
#94 = CARTESIAN_POINT('',(3.25,0.1,-3.25));
#95 = DIRECTION('',(-0.,1.,0.));
#96 = DIRECTION('',(0.,0.,-1.));
#97 = ORIENTED_EDGE('',*,*,#98,.T.);
#98 = EDGE_CURVE('NONE',#90,#71,#99,.T.);
#99 = LINE('',#100,#101);
#100 = CARTESIAN_POINT('',(3.75,0.1,-3.25));
#101 = VECTOR('',#102,1.);
#102 = DIRECTION('',(-0.,-1.,-0.));
#103 = CYLINDRICAL_SURFACE('',#104,0.5);
#104 = AXIS2_PLACEMENT_3D('',#105,#106,#107);
#105 = CARTESIAN_POINT('',(3.25,0.1,-3.25));
#106 = DIRECTION('',(-0.,-1.,-0.));
#107 = DIRECTION('',(0.,0.,-1.));
#108 = ADVANCED_FACE('NONE',(#109),#134,.F.);
#109 = FACE_BOUND('',#110,.T.);
#110 = EDGE_LOOP('NONE',(#111,#119,#127,#133));
#111 = ORIENTED_EDGE('',*,*,#112,.T.);
#112 = EDGE_CURVE('NONE',#73,#113,#115,.T.);
#113 = VERTEX_POINT('NONE',#114);
#114 = CARTESIAN_POINT('',(-3.25,0.,-3.75));
#115 = LINE('',#116,#117);
#116 = CARTESIAN_POINT('',(-3.25,0.,-3.75));
#117 = VECTOR('',#118,1.);
#118 = DIRECTION('',(-1.,-0.,-0.));
#119 = ORIENTED_EDGE('',*,*,#120,.F.);
#120 = EDGE_CURVE('NONE',#121,#113,#123,.T.);
#121 = VERTEX_POINT('NONE',#122);
#122 = CARTESIAN_POINT('',(-3.25,0.1,-3.75));
#123 = LINE('',#124,#125);
#124 = CARTESIAN_POINT('',(-3.25,0.1,-3.75));
#125 = VECTOR('',#126,1.);
#126 = DIRECTION('',(-0.,-1.,-0.));
#127 = ORIENTED_EDGE('',*,*,#128,.F.);
#128 = EDGE_CURVE('NONE',#82,#121,#129,.T.);
#129 = LINE('',#130,#131);
#130 = CARTESIAN_POINT('',(-3.25,0.1,-3.75));
#131 = VECTOR('',#132,1.);
#132 = DIRECTION('',(-1.,-0.,-0.));
#133 = ORIENTED_EDGE('',*,*,#81,.T.);
#134 = PLANE('',#135);
#135 = AXIS2_PLACEMENT_3D('',#136,#137,#138);
#136 = CARTESIAN_POINT('',(-3.25,0.1,-3.75));
#137 = DIRECTION('',(0.,0.,1.));
#138 = DIRECTION('',(1.,0.,-0.));
#139 = ADVANCED_FACE('NONE',(#140),#167,.T.);
#140 = FACE_BOUND('',#141,.T.);
#141 = EDGE_LOOP('NONE',(#142,#151,#159,#166));
#142 = ORIENTED_EDGE('',*,*,#143,.T.);
#143 = EDGE_CURVE('NONE',#113,#144,#146,.T.);
#144 = VERTEX_POINT('NONE',#145);
#145 = CARTESIAN_POINT('',(-3.75,0.,-3.25));
#146 = CIRCLE('',#147,0.5);
#147 = AXIS2_PLACEMENT_3D('',#148,#149,#150);
#148 = CARTESIAN_POINT('',(-3.25,0.,-3.25));
#149 = DIRECTION('',(-0.,1.,0.));
#150 = DIRECTION('',(0.,0.,-1.));
#151 = ORIENTED_EDGE('',*,*,#152,.F.);
#152 = EDGE_CURVE('NONE',#153,#144,#155,.T.);
#153 = VERTEX_POINT('NONE',#154);
#154 = CARTESIAN_POINT('',(-3.75,0.1,-3.25));
#155 = LINE('',#156,#157);
#156 = CARTESIAN_POINT('',(-3.75,0.1,-3.25));
#157 = VECTOR('',#158,1.);
#158 = DIRECTION('',(-0.,-1.,-0.));
#159 = ORIENTED_EDGE('',*,*,#160,.F.);
#160 = EDGE_CURVE('NONE',#121,#153,#161,.T.);
#161 = CIRCLE('',#162,0.5);
#162 = AXIS2_PLACEMENT_3D('',#163,#164,#165);
#163 = CARTESIAN_POINT('',(-3.25,0.1,-3.25));
#164 = DIRECTION('',(-0.,1.,0.));
#165 = DIRECTION('',(0.,0.,-1.));
#166 = ORIENTED_EDGE('',*,*,#120,.T.);
#167 = CYLINDRICAL_SURFACE('',#168,0.5);
#168 = AXIS2_PLACEMENT_3D('',#169,#170,#171);
#169 = CARTESIAN_POINT('',(-3.25,0.1,-3.25));
#170 = DIRECTION('',(-0.,-1.,-0.));
#171 = DIRECTION('',(0.,0.,-1.));
#172 = ADVANCED_FACE('NONE',(#173),#198,.F.);
#173 = FACE_BOUND('',#174,.T.);
#174 = EDGE_LOOP('NONE',(#175,#183,#191,#197));
#175 = ORIENTED_EDGE('',*,*,#176,.T.);
#176 = EDGE_CURVE('NONE',#144,#177,#179,.T.);
#177 = VERTEX_POINT('NONE',#178);
#178 = CARTESIAN_POINT('',(-3.75,0.,3.25));
#179 = LINE('',#180,#181);
#180 = CARTESIAN_POINT('',(-3.75,0.,3.25));
#181 = VECTOR('',#182,1.);
#182 = DIRECTION('',(-0.,-0.,1.));
#183 = ORIENTED_EDGE('',*,*,#184,.F.);
#184 = EDGE_CURVE('NONE',#185,#177,#187,.T.);
#185 = VERTEX_POINT('NONE',#186);
#186 = CARTESIAN_POINT('',(-3.75,0.1,3.25));
#187 = LINE('',#188,#189);
#188 = CARTESIAN_POINT('',(-3.75,0.1,3.25));
#189 = VECTOR('',#190,1.);
#190 = DIRECTION('',(-0.,-1.,-0.));
#191 = ORIENTED_EDGE('',*,*,#192,.F.);
#192 = EDGE_CURVE('NONE',#153,#185,#193,.T.);
#193 = LINE('',#194,#195);
#194 = CARTESIAN_POINT('',(-3.75,0.1,3.25));
#195 = VECTOR('',#196,1.);
#196 = DIRECTION('',(-0.,-0.,1.));
#197 = ORIENTED_EDGE('',*,*,#152,.T.);
#198 = PLANE('',#199);
#199 = AXIS2_PLACEMENT_3D('',#200,#201,#202);
#200 = CARTESIAN_POINT('',(-3.75,0.1,3.25));
#201 = DIRECTION('',(1.,-0.,0.));
#202 = DIRECTION('',(0.,0.,-1.));
#203 = ADVANCED_FACE('NONE',(#204),#231,.T.);
#204 = FACE_BOUND('',#205,.T.);
#205 = EDGE_LOOP('NONE',(#206,#215,#223,#230));
#206 = ORIENTED_EDGE('',*,*,#207,.T.);
#207 = EDGE_CURVE('NONE',#177,#208,#210,.T.);
#208 = VERTEX_POINT('NONE',#209);
#209 = CARTESIAN_POINT('',(-3.25,0.,3.75));
#210 = CIRCLE('',#211,0.5);
#211 = AXIS2_PLACEMENT_3D('',#212,#213,#214);
#212 = CARTESIAN_POINT('',(-3.25,0.,3.25));
#213 = DIRECTION('',(-0.,1.,0.));
#214 = DIRECTION('',(0.,0.,-1.));
#215 = ORIENTED_EDGE('',*,*,#216,.F.);
#216 = EDGE_CURVE('NONE',#217,#208,#219,.T.);
#217 = VERTEX_POINT('NONE',#218);
#218 = CARTESIAN_POINT('',(-3.25,0.1,3.75));
#219 = LINE('',#220,#221);
#220 = CARTESIAN_POINT('',(-3.25,0.1,3.75));
#221 = VECTOR('',#222,1.);
#222 = DIRECTION('',(-0.,-1.,-0.));
#223 = ORIENTED_EDGE('',*,*,#224,.F.);
#224 = EDGE_CURVE('NONE',#185,#217,#225,.T.);
#225 = CIRCLE('',#226,0.5);
#226 = AXIS2_PLACEMENT_3D('',#227,#228,#229);
#227 = CARTESIAN_POINT('',(-3.25,0.1,3.25));
#228 = DIRECTION('',(-0.,1.,0.));
#229 = DIRECTION('',(0.,0.,-1.));
#230 = ORIENTED_EDGE('',*,*,#184,.T.);
#231 = CYLINDRICAL_SURFACE('',#232,0.5);
#232 = AXIS2_PLACEMENT_3D('',#233,#234,#235);
#233 = CARTESIAN_POINT('',(-3.25,0.1,3.25));
#234 = DIRECTION('',(-0.,-1.,-0.));
#235 = DIRECTION('',(0.,0.,-1.));
#236 = ADVANCED_FACE('NONE',(#237),#262,.F.);
#237 = FACE_BOUND('',#238,.T.);
#238 = EDGE_LOOP('NONE',(#239,#247,#255,#261));
#239 = ORIENTED_EDGE('',*,*,#240,.T.);
#240 = EDGE_CURVE('NONE',#208,#241,#243,.T.);
#241 = VERTEX_POINT('NONE',#242);
#242 = CARTESIAN_POINT('',(3.25,0.,3.75));
#243 = LINE('',#244,#245);
#244 = CARTESIAN_POINT('',(-3.25,0.,3.75));
#245 = VECTOR('',#246,1.);
#246 = DIRECTION('',(1.,0.,0.));
#247 = ORIENTED_EDGE('',*,*,#248,.F.);
#248 = EDGE_CURVE('NONE',#249,#241,#251,.T.);
#249 = VERTEX_POINT('NONE',#250);
#250 = CARTESIAN_POINT('',(3.25,0.1,3.75));
#251 = LINE('',#252,#253);
#252 = CARTESIAN_POINT('',(3.25,0.1,3.75));
#253 = VECTOR('',#254,1.);
#254 = DIRECTION('',(-0.,-1.,-0.));
#255 = ORIENTED_EDGE('',*,*,#256,.F.);
#256 = EDGE_CURVE('NONE',#217,#249,#257,.T.);
#257 = LINE('',#258,#259);
#258 = CARTESIAN_POINT('',(-3.25,0.1,3.75));
#259 = VECTOR('',#260,1.);
#260 = DIRECTION('',(1.,0.,0.));
#261 = ORIENTED_EDGE('',*,*,#216,.T.);
#262 = PLANE('',#263);
#263 = AXIS2_PLACEMENT_3D('',#264,#265,#266);
#264 = CARTESIAN_POINT('',(-3.25,0.1,3.75));
#265 = DIRECTION('',(0.,0.,-1.));
#266 = DIRECTION('',(-1.,0.,-0.));
#267 = ADVANCED_FACE('NONE',(#268),#295,.T.);
#268 = FACE_BOUND('',#269,.T.);
#269 = EDGE_LOOP('NONE',(#270,#279,#287,#294));
#270 = ORIENTED_EDGE('',*,*,#271,.T.);
#271 = EDGE_CURVE('NONE',#241,#272,#274,.T.);
#272 = VERTEX_POINT('NONE',#273);
#273 = CARTESIAN_POINT('',(3.75,0.,3.25));
#274 = CIRCLE('',#275,0.5);
#275 = AXIS2_PLACEMENT_3D('',#276,#277,#278);
#276 = CARTESIAN_POINT('',(3.25,0.,3.25));
#277 = DIRECTION('',(0.,1.,0.));
#278 = DIRECTION('',(0.,-0.,1.));
#279 = ORIENTED_EDGE('',*,*,#280,.F.);
#280 = EDGE_CURVE('NONE',#281,#272,#283,.T.);
#281 = VERTEX_POINT('NONE',#282);
#282 = CARTESIAN_POINT('',(3.75,0.1,3.25));
#283 = LINE('',#284,#285);
#284 = CARTESIAN_POINT('',(3.75,0.1,3.25));
#285 = VECTOR('',#286,1.);
#286 = DIRECTION('',(-0.,-1.,-0.));
#287 = ORIENTED_EDGE('',*,*,#288,.F.);
#288 = EDGE_CURVE('NONE',#249,#281,#289,.T.);
#289 = CIRCLE('',#290,0.5);
#290 = AXIS2_PLACEMENT_3D('',#291,#292,#293);
#291 = CARTESIAN_POINT('',(3.25,0.1,3.25));
#292 = DIRECTION('',(0.,1.,0.));
#293 = DIRECTION('',(0.,-0.,1.));
#294 = ORIENTED_EDGE('',*,*,#248,.T.);
#295 = CYLINDRICAL_SURFACE('',#296,0.5);
#296 = AXIS2_PLACEMENT_3D('',#297,#298,#299);
#297 = CARTESIAN_POINT('',(3.25,0.1,3.25));
#298 = DIRECTION('',(-0.,-1.,-0.));
#299 = DIRECTION('',(0.,0.,-1.));
#300 = ADVANCED_FACE('NONE',(#301),#317,.F.);
#301 = FACE_BOUND('',#302,.T.);
#302 = EDGE_LOOP('NONE',(#303,#309,#310,#316));
#303 = ORIENTED_EDGE('',*,*,#304,.T.);
#304 = EDGE_CURVE('NONE',#272,#71,#305,.T.);
#305 = LINE('',#306,#307);
#306 = CARTESIAN_POINT('',(3.75,0.,3.25));
#307 = VECTOR('',#308,1.);
#308 = DIRECTION('',(0.,0.,-1.));
#309 = ORIENTED_EDGE('',*,*,#98,.F.);
#310 = ORIENTED_EDGE('',*,*,#311,.F.);
#311 = EDGE_CURVE('NONE',#281,#90,#312,.T.);
#312 = LINE('',#313,#314);
#313 = CARTESIAN_POINT('',(3.75,0.1,3.25));
#314 = VECTOR('',#315,1.);
#315 = DIRECTION('',(0.,0.,-1.));
#316 = ORIENTED_EDGE('',*,*,#280,.T.);
#317 = PLANE('',#318);
#318 = AXIS2_PLACEMENT_3D('',#319,#320,#321);
#319 = CARTESIAN_POINT('',(3.75,0.1,3.25));
#320 = DIRECTION('',(-1.,0.,0.));
#321 = DIRECTION('',(0.,0.,1.));
#322 = ADVANCED_FACE('NONE',(#323),#333,.F.);
#323 = FACE_BOUND('',#324,.T.);
#324 = EDGE_LOOP('NONE',(#325,#326,#327,#328,#329,#330,#331,#332));
#325 = ORIENTED_EDGE('',*,*,#89,.T.);
#326 = ORIENTED_EDGE('',*,*,#128,.T.);
#327 = ORIENTED_EDGE('',*,*,#160,.T.);
#328 = ORIENTED_EDGE('',*,*,#192,.T.);
#329 = ORIENTED_EDGE('',*,*,#224,.T.);
#330 = ORIENTED_EDGE('',*,*,#256,.T.);
#331 = ORIENTED_EDGE('',*,*,#288,.T.);
#332 = ORIENTED_EDGE('',*,*,#311,.T.);
#333 = PLANE('',#334);
#334 = AXIS2_PLACEMENT_3D('',#335,#336,#337);
#335 = CARTESIAN_POINT('',(3.25,0.1,-3.25));
#336 = DIRECTION('',(0.,-1.,0.));
#337 = DIRECTION('',(0.,-0.,-1.));
#338 = ADVANCED_FACE('NONE',(#339),#349,.T.);
#339 = FACE_BOUND('',#340,.T.);
#340 = EDGE_LOOP('NONE',(#341,#342,#343,#344,#345,#346,#347,#348));
#341 = ORIENTED_EDGE('',*,*,#70,.F.);
#342 = ORIENTED_EDGE('',*,*,#304,.F.);
#343 = ORIENTED_EDGE('',*,*,#271,.F.);
#344 = ORIENTED_EDGE('',*,*,#240,.F.);
#345 = ORIENTED_EDGE('',*,*,#207,.F.);
#346 = ORIENTED_EDGE('',*,*,#176,.F.);
#347 = ORIENTED_EDGE('',*,*,#143,.F.);
#348 = ORIENTED_EDGE('',*,*,#112,.F.);
#349 = PLANE('',#350);
#350 = AXIS2_PLACEMENT_3D('',#351,#352,#353);
#351 = CARTESIAN_POINT('',(3.25,0.,-3.25));
#352 = DIRECTION('',(0.,-1.,0.));
#353 = DIRECTION('',(0.,-0.,-1.));
#354 = MANIFOLD_SOLID_BREP('u-blox_LOGO[1]',#355);
#355 = CLOSED_SHELL('NONE',(#356,#504,#652,#678,#699,#720,#737,#754,#771
    ,#788,#805,#826,#847,#863,#889,#910,#931,#948));
#356 = ADVANCED_FACE('NONE',(#357,#453),#499,.T.);
#357 = FACE_BOUND('',#358,.T.);
#358 = EDGE_LOOP('NONE',(#359,#370,#379,#388,#396,#404,#412,#420,#428,
    #437,#446));
#359 = ORIENTED_EDGE('',*,*,#360,.T.);
#360 = EDGE_CURVE('NONE',#361,#363,#365,.T.);
#361 = VERTEX_POINT('NONE',#362);
#362 = CARTESIAN_POINT('',(-1.098939352217,0.101,2.783438768873));
#363 = VERTEX_POINT('NONE',#364);
#364 = CARTESIAN_POINT('',(-1.174027023264,0.101,2.515397443143));
#365 = B_SPLINE_CURVE_WITH_KNOTS('',3,(#366,#367,#368,#369),
  .UNSPECIFIED.,.F.,.F.,(4,4),(10.,11.),.PIECEWISE_BEZIER_KNOTS.);
#366 = CARTESIAN_POINT('',(-1.098939352217,0.101,2.783438768873));
#367 = CARTESIAN_POINT('',(-1.098939352217,0.101,2.666578423687));
#368 = CARTESIAN_POINT('',(-1.124621811133,0.101,2.577179743908));
#369 = CARTESIAN_POINT('',(-1.174027023264,0.101,2.515397443143));
#370 = ORIENTED_EDGE('',*,*,#371,.T.);
#371 = EDGE_CURVE('NONE',#363,#372,#374,.T.);
#372 = VERTEX_POINT('NONE',#373);
#373 = CARTESIAN_POINT('',(-1.354603589313,0.101,2.433657086956));
#374 = B_SPLINE_CURVE_WITH_KNOTS('',3,(#375,#376,#377,#378),
  .UNSPECIFIED.,.F.,.F.,(4,4),(9.,10.),.PIECEWISE_BEZIER_KNOTS.);
#375 = CARTESIAN_POINT('',(-1.174027023264,0.101,2.515397443143));
#376 = CARTESIAN_POINT('',(-1.219615966399,0.101,2.461196109167));
#377 = CARTESIAN_POINT('',(-1.279515918267,0.101,2.433657086956));
#378 = CARTESIAN_POINT('',(-1.354603589313,0.101,2.433657086956));
#379 = ORIENTED_EDGE('',*,*,#380,.T.);
#380 = EDGE_CURVE('NONE',#372,#381,#383,.T.);
#381 = VERTEX_POINT('NONE',#382);
#382 = CARTESIAN_POINT('',(-1.493381695622,0.101,2.487832635331));
#383 = B_SPLINE_CURVE_WITH_KNOTS('',3,(#384,#385,#386,#387),
  .UNSPECIFIED.,.F.,.F.,(4,4),(8.,9.),.PIECEWISE_BEZIER_KNOTS.);
#384 = CARTESIAN_POINT('',(-1.354603589313,0.101,2.433657086956));
#385 = CARTESIAN_POINT('',(-1.404988654294,0.101,2.433657086956));
#386 = CARTESIAN_POINT('',(-1.451557450279,0.101,2.451707007881));
#387 = CARTESIAN_POINT('',(-1.493381695622,0.101,2.487832635331));
#388 = ORIENTED_EDGE('',*,*,#389,.T.);
#389 = EDGE_CURVE('NONE',#381,#390,#392,.T.);
#390 = VERTEX_POINT('NONE',#391);
#391 = CARTESIAN_POINT('',(-1.493381695622,0.101,2.192200716188));
#392 = LINE('',#393,#394);
#393 = CARTESIAN_POINT('',(-1.493381695622,0.101,2.192200716188));
#394 = VECTOR('',#395,1.);
#395 = DIRECTION('',(-0.,-0.,-1.));
#396 = ORIENTED_EDGE('',*,*,#397,.T.);
#397 = EDGE_CURVE('NONE',#390,#398,#400,.T.);
#398 = VERTEX_POINT('NONE',#399);
#399 = CARTESIAN_POINT('',(-1.665423227634,0.101,2.278711408619));
#400 = LINE('',#401,#402);
#401 = CARTESIAN_POINT('',(-1.665423227634,0.101,2.278711408619));
#402 = VECTOR('',#403,1.);
#403 = DIRECTION('',(-0.89340720513,-0.,0.44924777776));
#404 = ORIENTED_EDGE('',*,*,#405,.T.);
#405 = EDGE_CURVE('NONE',#398,#406,#408,.T.);
#406 = VERTEX_POINT('NONE',#407);
#407 = CARTESIAN_POINT('',(-1.665423227634,0.101,3.102870798035));
#408 = LINE('',#409,#410);
#409 = CARTESIAN_POINT('',(-1.665423227634,0.101,3.102870798035));
#410 = VECTOR('',#411,1.);
#411 = DIRECTION('',(-0.,-0.,1.));
#412 = ORIENTED_EDGE('',*,*,#413,.T.);
#413 = EDGE_CURVE('NONE',#406,#414,#416,.T.);
#414 = VERTEX_POINT('NONE',#415);
#415 = CARTESIAN_POINT('',(-1.493381695622,0.101,3.102870798035));
#416 = LINE('',#417,#418);
#417 = CARTESIAN_POINT('',(-1.493381695622,0.101,3.102870798035));
#418 = VECTOR('',#419,1.);
#419 = DIRECTION('',(1.,-0.,-0.));
#420 = ORIENTED_EDGE('',*,*,#421,.T.);
#421 = EDGE_CURVE('NONE',#414,#422,#424,.T.);
#422 = VERTEX_POINT('NONE',#423);
#423 = CARTESIAN_POINT('',(-1.493381695622,0.101,3.065739532133));
#424 = LINE('',#425,#426);
#425 = CARTESIAN_POINT('',(-1.493381695622,0.101,3.065739532133));
#426 = VECTOR('',#427,1.);
#427 = DIRECTION('',(-0.,-0.,-1.));
#428 = ORIENTED_EDGE('',*,*,#429,.T.);
#429 = EDGE_CURVE('NONE',#422,#430,#432,.T.);
#430 = VERTEX_POINT('NONE',#431);
#431 = CARTESIAN_POINT('',(-1.354603589313,0.101,3.117104449964));
#432 = B_SPLINE_CURVE_WITH_KNOTS('',3,(#433,#434,#435,#436),
  .UNSPECIFIED.,.F.,.F.,(4,4),(2.,3.),.PIECEWISE_BEZIER_KNOTS.);
#433 = CARTESIAN_POINT('',(-1.493381695622,0.101,3.065739532133));
#434 = CARTESIAN_POINT('',(-1.455322148072,0.101,3.099982810687));
#435 = CARTESIAN_POINT('',(-1.40880492329,0.101,3.117104449964));
#436 = CARTESIAN_POINT('',(-1.354603589313,0.101,3.117104449964));
#437 = ORIENTED_EDGE('',*,*,#438,.T.);
#438 = EDGE_CURVE('NONE',#430,#439,#441,.T.);
#439 = VERTEX_POINT('NONE',#440);
#440 = CARTESIAN_POINT('',(-1.165466203625,0.101,3.023038576345));
#441 = B_SPLINE_CURVE_WITH_KNOTS('',3,(#442,#443,#444,#445),
  .UNSPECIFIED.,.F.,.F.,(4,4),(1.,2.),.PIECEWISE_BEZIER_KNOTS.);
#442 = CARTESIAN_POINT('',(-1.354603589313,0.101,3.117104449964));
#443 = CARTESIAN_POINT('',(-1.273791514774,0.101,3.117104449964));
#444 = CARTESIAN_POINT('',(-1.21105514676,0.101,3.085749158758));
#445 = CARTESIAN_POINT('',(-1.165466203625,0.101,3.023038576345));
#446 = ORIENTED_EDGE('',*,*,#447,.T.);
#447 = EDGE_CURVE('NONE',#439,#361,#448,.T.);
#448 = B_SPLINE_CURVE_WITH_KNOTS('',3,(#449,#450,#451,#452),
  .UNSPECIFIED.,.F.,.F.,(4,4),(0.,1.),.PIECEWISE_BEZIER_KNOTS.);
#449 = CARTESIAN_POINT('',(-1.165466203625,0.101,3.023038576345));
#450 = CARTESIAN_POINT('',(-1.121733823785,0.101,2.963112838876));
#451 = CARTESIAN_POINT('',(-1.098939352217,0.101,2.883280617187));
#452 = CARTESIAN_POINT('',(-1.098939352217,0.101,2.783438768873));
#453 = FACE_BOUND('',#454,.T.);
#454 = EDGE_LOOP('NONE',(#455,#466,#475,#484,#492));
#455 = ORIENTED_EDGE('',*,*,#456,.F.);
#456 = EDGE_CURVE('NONE',#457,#459,#461,.T.);
#457 = VERTEX_POINT('NONE',#458);
#458 = CARTESIAN_POINT('',(-1.273791514774,0.101,2.787255037868));
#459 = VERTEX_POINT('NONE',#460);
#460 = CARTESIAN_POINT('',(-1.386938733369,0.101,2.596183732081));
#461 = B_SPLINE_CURVE_WITH_KNOTS('',3,(#462,#463,#464,#465),
  .UNSPECIFIED.,.F.,.F.,(4,4),(0.,1.),.PIECEWISE_BEZIER_KNOTS.);
#462 = CARTESIAN_POINT('',(-1.273791514774,0.101,2.787255037868));
#463 = CARTESIAN_POINT('',(-1.273791514774,0.101,2.659874167343));
#464 = CARTESIAN_POINT('',(-1.311851062323,0.101,2.596183732081));
#465 = CARTESIAN_POINT('',(-1.386938733369,0.101,2.596183732081));
#466 = ORIENTED_EDGE('',*,*,#467,.F.);
#467 = EDGE_CURVE('NONE',#468,#457,#470,.T.);
#468 = VERTEX_POINT('NONE',#469);
#469 = CARTESIAN_POINT('',(-1.376469779233,0.101,2.954552019237));
#470 = B_SPLINE_CURVE_WITH_KNOTS('',3,(#471,#472,#473,#474),
  .UNSPECIFIED.,.F.,.F.,(4,4),(4.,5.),.PIECEWISE_BEZIER_KNOTS.);
#471 = CARTESIAN_POINT('',(-1.376469779233,0.101,2.954552019237));
#472 = CARTESIAN_POINT('',(-1.308034793328,0.101,2.954552019237));
#473 = CARTESIAN_POINT('',(-1.273791514774,0.101,2.898442550763));
#474 = CARTESIAN_POINT('',(-1.273791514774,0.101,2.787255037868));
#475 = ORIENTED_EDGE('',*,*,#476,.F.);
#476 = EDGE_CURVE('NONE',#477,#468,#479,.T.);
#477 = VERTEX_POINT('NONE',#478);
#478 = CARTESIAN_POINT('',(-1.493381695622,0.101,2.898442550763));
#479 = B_SPLINE_CURVE_WITH_KNOTS('',3,(#480,#481,#482,#483),
  .UNSPECIFIED.,.F.,.F.,(4,4),(3.,4.),.PIECEWISE_BEZIER_KNOTS.);
#480 = CARTESIAN_POINT('',(-1.493381695622,0.101,2.898442550763));
#481 = CARTESIAN_POINT('',(-1.465842673411,0.101,2.935573816665));
#482 = CARTESIAN_POINT('',(-1.426854844214,0.101,2.954552019237));
#483 = CARTESIAN_POINT('',(-1.376469779233,0.101,2.954552019237));
#484 = ORIENTED_EDGE('',*,*,#485,.F.);
#485 = EDGE_CURVE('NONE',#486,#477,#488,.T.);
#486 = VERTEX_POINT('NONE',#487);
#487 = CARTESIAN_POINT('',(-1.493381695622,0.101,2.650385066057));
#488 = LINE('',#489,#490);
#489 = CARTESIAN_POINT('',(-1.493381695622,0.101,2.650385066057));
#490 = VECTOR('',#491,1.);
#491 = DIRECTION('',(0.,0.,1.));
#492 = ORIENTED_EDGE('',*,*,#493,.F.);
#493 = EDGE_CURVE('NONE',#459,#486,#494,.T.);
#494 = B_SPLINE_CURVE_WITH_KNOTS('',3,(#495,#496,#497,#498),
  .UNSPECIFIED.,.F.,.F.,(4,4),(1.,2.),.PIECEWISE_BEZIER_KNOTS.);
#495 = CARTESIAN_POINT('',(-1.386938733369,0.101,2.596183732081));
#496 = CARTESIAN_POINT('',(-1.428711407509,0.101,2.596183732081));
#497 = CARTESIAN_POINT('',(-1.464862820561,0.101,2.614259438607));
#498 = CARTESIAN_POINT('',(-1.493381695622,0.101,2.650385066057));
#499 = PLANE('',#500);
#500 = AXIS2_PLACEMENT_3D('',#501,#502,#503);
#501 = CARTESIAN_POINT('',(-1.117956233192,0.101,2.62876383935));
#502 = DIRECTION('',(0.,1.,0.));
#503 = DIRECTION('',(0.,-0.,1.));
#504 = ADVANCED_FACE('NONE',(#505,#601),#647,.F.);
#505 = FACE_BOUND('',#506,.T.);
#506 = EDGE_LOOP('NONE',(#507,#518,#527,#536,#545,#553,#561,#569,#577,
    #585,#594));
#507 = ORIENTED_EDGE('',*,*,#508,.F.);
#508 = EDGE_CURVE('NONE',#509,#511,#513,.T.);
#509 = VERTEX_POINT('NONE',#510);
#510 = CARTESIAN_POINT('',(-1.098939352217,0.1,2.783438768873));
#511 = VERTEX_POINT('NONE',#512);
#512 = CARTESIAN_POINT('',(-1.174027023264,0.1,2.515397443143));
#513 = B_SPLINE_CURVE_WITH_KNOTS('',3,(#514,#515,#516,#517),
  .UNSPECIFIED.,.F.,.F.,(4,4),(10.,11.),.PIECEWISE_BEZIER_KNOTS.);
#514 = CARTESIAN_POINT('',(-1.098939352217,0.1,2.783438768873));
#515 = CARTESIAN_POINT('',(-1.098939352217,0.1,2.666578423687));
#516 = CARTESIAN_POINT('',(-1.124621811133,0.1,2.577179743908));
#517 = CARTESIAN_POINT('',(-1.174027023264,0.1,2.515397443143));
#518 = ORIENTED_EDGE('',*,*,#519,.F.);
#519 = EDGE_CURVE('NONE',#520,#509,#522,.T.);
#520 = VERTEX_POINT('NONE',#521);
#521 = CARTESIAN_POINT('',(-1.165466203625,0.1,3.023038576345));
#522 = B_SPLINE_CURVE_WITH_KNOTS('',3,(#523,#524,#525,#526),
  .UNSPECIFIED.,.F.,.F.,(4,4),(0.,1.),.PIECEWISE_BEZIER_KNOTS.);
#523 = CARTESIAN_POINT('',(-1.165466203625,0.1,3.023038576345));
#524 = CARTESIAN_POINT('',(-1.121733823785,0.1,2.963112838876));
#525 = CARTESIAN_POINT('',(-1.098939352217,0.1,2.883280617187));
#526 = CARTESIAN_POINT('',(-1.098939352217,0.1,2.783438768873));
#527 = ORIENTED_EDGE('',*,*,#528,.F.);
#528 = EDGE_CURVE('NONE',#529,#520,#531,.T.);
#529 = VERTEX_POINT('NONE',#530);
#530 = CARTESIAN_POINT('',(-1.354603589313,0.1,3.117104449964));
#531 = B_SPLINE_CURVE_WITH_KNOTS('',3,(#532,#533,#534,#535),
  .UNSPECIFIED.,.F.,.F.,(4,4),(1.,2.),.PIECEWISE_BEZIER_KNOTS.);
#532 = CARTESIAN_POINT('',(-1.354603589313,0.1,3.117104449964));
#533 = CARTESIAN_POINT('',(-1.273791514774,0.1,3.117104449964));
#534 = CARTESIAN_POINT('',(-1.21105514676,0.1,3.085749158758));
#535 = CARTESIAN_POINT('',(-1.165466203625,0.1,3.023038576345));
#536 = ORIENTED_EDGE('',*,*,#537,.F.);
#537 = EDGE_CURVE('NONE',#538,#529,#540,.T.);
#538 = VERTEX_POINT('NONE',#539);
#539 = CARTESIAN_POINT('',(-1.493381695622,0.1,3.065739532133));
#540 = B_SPLINE_CURVE_WITH_KNOTS('',3,(#541,#542,#543,#544),
  .UNSPECIFIED.,.F.,.F.,(4,4),(2.,3.),.PIECEWISE_BEZIER_KNOTS.);
#541 = CARTESIAN_POINT('',(-1.493381695622,0.1,3.065739532133));
#542 = CARTESIAN_POINT('',(-1.455322148072,0.1,3.099982810687));
#543 = CARTESIAN_POINT('',(-1.40880492329,0.1,3.117104449964));
#544 = CARTESIAN_POINT('',(-1.354603589313,0.1,3.117104449964));
#545 = ORIENTED_EDGE('',*,*,#546,.F.);
#546 = EDGE_CURVE('NONE',#547,#538,#549,.T.);
#547 = VERTEX_POINT('NONE',#548);
#548 = CARTESIAN_POINT('',(-1.493381695622,0.1,3.102870798035));
#549 = LINE('',#550,#551);
#550 = CARTESIAN_POINT('',(-1.493381695622,0.1,3.065739532133));
#551 = VECTOR('',#552,1.);
#552 = DIRECTION('',(-0.,-0.,-1.));
#553 = ORIENTED_EDGE('',*,*,#554,.F.);
#554 = EDGE_CURVE('NONE',#555,#547,#557,.T.);
#555 = VERTEX_POINT('NONE',#556);
#556 = CARTESIAN_POINT('',(-1.665423227634,0.1,3.102870798035));
#557 = LINE('',#558,#559);
#558 = CARTESIAN_POINT('',(-1.493381695622,0.1,3.102870798035));
#559 = VECTOR('',#560,1.);
#560 = DIRECTION('',(1.,-0.,-0.));
#561 = ORIENTED_EDGE('',*,*,#562,.F.);
#562 = EDGE_CURVE('NONE',#563,#555,#565,.T.);
#563 = VERTEX_POINT('NONE',#564);
#564 = CARTESIAN_POINT('',(-1.665423227634,0.1,2.278711408619));
#565 = LINE('',#566,#567);
#566 = CARTESIAN_POINT('',(-1.665423227634,0.1,3.102870798035));
#567 = VECTOR('',#568,1.);
#568 = DIRECTION('',(-0.,-0.,1.));
#569 = ORIENTED_EDGE('',*,*,#570,.F.);
#570 = EDGE_CURVE('NONE',#571,#563,#573,.T.);
#571 = VERTEX_POINT('NONE',#572);
#572 = CARTESIAN_POINT('',(-1.493381695622,0.1,2.192200716188));
#573 = LINE('',#574,#575);
#574 = CARTESIAN_POINT('',(-1.665423227634,0.1,2.278711408619));
#575 = VECTOR('',#576,1.);
#576 = DIRECTION('',(-0.89340720513,-0.,0.44924777776));
#577 = ORIENTED_EDGE('',*,*,#578,.F.);
#578 = EDGE_CURVE('NONE',#579,#571,#581,.T.);
#579 = VERTEX_POINT('NONE',#580);
#580 = CARTESIAN_POINT('',(-1.493381695622,0.1,2.487832635331));
#581 = LINE('',#582,#583);
#582 = CARTESIAN_POINT('',(-1.493381695622,0.1,2.192200716188));
#583 = VECTOR('',#584,1.);
#584 = DIRECTION('',(-0.,-0.,-1.));
#585 = ORIENTED_EDGE('',*,*,#586,.F.);
#586 = EDGE_CURVE('NONE',#587,#579,#589,.T.);
#587 = VERTEX_POINT('NONE',#588);
#588 = CARTESIAN_POINT('',(-1.354603589313,0.1,2.433657086956));
#589 = B_SPLINE_CURVE_WITH_KNOTS('',3,(#590,#591,#592,#593),
  .UNSPECIFIED.,.F.,.F.,(4,4),(8.,9.),.PIECEWISE_BEZIER_KNOTS.);
#590 = CARTESIAN_POINT('',(-1.354603589313,0.1,2.433657086956));
#591 = CARTESIAN_POINT('',(-1.404988654294,0.1,2.433657086956));
#592 = CARTESIAN_POINT('',(-1.451557450279,0.1,2.451707007881));
#593 = CARTESIAN_POINT('',(-1.493381695622,0.1,2.487832635331));
#594 = ORIENTED_EDGE('',*,*,#595,.F.);
#595 = EDGE_CURVE('NONE',#511,#587,#596,.T.);
#596 = B_SPLINE_CURVE_WITH_KNOTS('',3,(#597,#598,#599,#600),
  .UNSPECIFIED.,.F.,.F.,(4,4),(9.,10.),.PIECEWISE_BEZIER_KNOTS.);
#597 = CARTESIAN_POINT('',(-1.174027023264,0.1,2.515397443143));
#598 = CARTESIAN_POINT('',(-1.219615966399,0.1,2.461196109167));
#599 = CARTESIAN_POINT('',(-1.279515918267,0.1,2.433657086956));
#600 = CARTESIAN_POINT('',(-1.354603589313,0.1,2.433657086956));
#601 = FACE_BOUND('',#602,.T.);
#602 = EDGE_LOOP('NONE',(#603,#614,#623,#632,#640));
#603 = ORIENTED_EDGE('',*,*,#604,.T.);
#604 = EDGE_CURVE('NONE',#605,#607,#609,.T.);
#605 = VERTEX_POINT('NONE',#606);
#606 = CARTESIAN_POINT('',(-1.376469779233,0.1,2.954552019237));
#607 = VERTEX_POINT('NONE',#608);
#608 = CARTESIAN_POINT('',(-1.273791514774,0.1,2.787255037868));
#609 = B_SPLINE_CURVE_WITH_KNOTS('',3,(#610,#611,#612,#613),
  .UNSPECIFIED.,.F.,.F.,(4,4),(4.,5.),.PIECEWISE_BEZIER_KNOTS.);
#610 = CARTESIAN_POINT('',(-1.376469779233,0.1,2.954552019237));
#611 = CARTESIAN_POINT('',(-1.308034793328,0.1,2.954552019237));
#612 = CARTESIAN_POINT('',(-1.273791514774,0.1,2.898442550763));
#613 = CARTESIAN_POINT('',(-1.273791514774,0.1,2.787255037868));
#614 = ORIENTED_EDGE('',*,*,#615,.T.);
#615 = EDGE_CURVE('NONE',#607,#616,#618,.T.);
#616 = VERTEX_POINT('NONE',#617);
#617 = CARTESIAN_POINT('',(-1.386938733369,0.1,2.596183732081));
#618 = B_SPLINE_CURVE_WITH_KNOTS('',3,(#619,#620,#621,#622),
  .UNSPECIFIED.,.F.,.F.,(4,4),(0.,1.),.PIECEWISE_BEZIER_KNOTS.);
#619 = CARTESIAN_POINT('',(-1.273791514774,0.1,2.787255037868));
#620 = CARTESIAN_POINT('',(-1.273791514774,0.1,2.659874167343));
#621 = CARTESIAN_POINT('',(-1.311851062323,0.1,2.596183732081));
#622 = CARTESIAN_POINT('',(-1.386938733369,0.1,2.596183732081));
#623 = ORIENTED_EDGE('',*,*,#624,.T.);
#624 = EDGE_CURVE('NONE',#616,#625,#627,.T.);
#625 = VERTEX_POINT('NONE',#626);
#626 = CARTESIAN_POINT('',(-1.493381695622,0.1,2.650385066057));
#627 = B_SPLINE_CURVE_WITH_KNOTS('',3,(#628,#629,#630,#631),
  .UNSPECIFIED.,.F.,.F.,(4,4),(1.,2.),.PIECEWISE_BEZIER_KNOTS.);
#628 = CARTESIAN_POINT('',(-1.386938733369,0.1,2.596183732081));
#629 = CARTESIAN_POINT('',(-1.428711407509,0.1,2.596183732081));
#630 = CARTESIAN_POINT('',(-1.464862820561,0.1,2.614259438607));
#631 = CARTESIAN_POINT('',(-1.493381695622,0.1,2.650385066057));
#632 = ORIENTED_EDGE('',*,*,#633,.T.);
#633 = EDGE_CURVE('NONE',#625,#634,#636,.T.);
#634 = VERTEX_POINT('NONE',#635);
#635 = CARTESIAN_POINT('',(-1.493381695622,0.1,2.898442550763));
#636 = LINE('',#637,#638);
#637 = CARTESIAN_POINT('',(-1.493381695622,0.1,2.650385066057));
#638 = VECTOR('',#639,1.);
#639 = DIRECTION('',(0.,0.,1.));
#640 = ORIENTED_EDGE('',*,*,#641,.T.);
#641 = EDGE_CURVE('NONE',#634,#605,#642,.T.);
#642 = B_SPLINE_CURVE_WITH_KNOTS('',3,(#643,#644,#645,#646),
  .UNSPECIFIED.,.F.,.F.,(4,4),(3.,4.),.PIECEWISE_BEZIER_KNOTS.);
#643 = CARTESIAN_POINT('',(-1.493381695622,0.1,2.898442550763));
#644 = CARTESIAN_POINT('',(-1.465842673411,0.1,2.935573816665));
#645 = CARTESIAN_POINT('',(-1.426854844214,0.1,2.954552019237));
#646 = CARTESIAN_POINT('',(-1.376469779233,0.1,2.954552019237));
#647 = PLANE('',#648);
#648 = AXIS2_PLACEMENT_3D('',#649,#650,#651);
#649 = CARTESIAN_POINT('',(-1.117956233192,0.1,2.62876383935));
#650 = DIRECTION('',(0.,1.,0.));
#651 = DIRECTION('',(0.,-0.,1.));
#652 = ADVANCED_FACE('NONE',(#653),#669,.F.);
#653 = FACE_BOUND('',#654,.F.);
#654 = EDGE_LOOP('NONE',(#655,#661,#662,#668));
#655 = ORIENTED_EDGE('',*,*,#656,.F.);
#656 = EDGE_CURVE('NONE',#361,#509,#657,.T.);
#657 = LINE('',#658,#659);
#658 = CARTESIAN_POINT('',(-1.098939352217,0.101,2.783438768873));
#659 = VECTOR('',#660,1.);
#660 = DIRECTION('',(-0.,-1.,-0.));
#661 = ORIENTED_EDGE('',*,*,#360,.T.);
#662 = ORIENTED_EDGE('',*,*,#663,.T.);
#663 = EDGE_CURVE('NONE',#363,#511,#664,.T.);
#664 = LINE('',#665,#666);
#665 = CARTESIAN_POINT('',(-1.174027023264,0.101,2.515397443143));
#666 = VECTOR('',#667,1.);
#667 = DIRECTION('',(-0.,-1.,-0.));
#668 = ORIENTED_EDGE('',*,*,#508,.F.);
#669 = B_SPLINE_SURFACE_WITH_KNOTS('',3,1,(
    (#670,#671)
    ,(#672,#673)
    ,(#674,#675)
    ,(#676,#677
    )),.UNSPECIFIED.,.F.,.F.,.F.,(4,4),(2,2),(10.,11.),(0.,1.),
  .PIECEWISE_BEZIER_KNOTS.);
#670 = CARTESIAN_POINT('',(-1.098939352217,0.101,2.783438768873));
#671 = CARTESIAN_POINT('',(-1.098939352217,0.1,2.783438768873));
#672 = CARTESIAN_POINT('',(-1.098939352217,0.101,2.666578423687));
#673 = CARTESIAN_POINT('',(-1.098939352217,0.1,2.666578423687));
#674 = CARTESIAN_POINT('',(-1.124621811133,0.101,2.577179743908));
#675 = CARTESIAN_POINT('',(-1.124621811133,0.1,2.577179743908));
#676 = CARTESIAN_POINT('',(-1.174027023264,0.101,2.515397443143));
#677 = CARTESIAN_POINT('',(-1.174027023264,0.1,2.515397443143));
#678 = ADVANCED_FACE('NONE',(#679),#690,.F.);
#679 = FACE_BOUND('',#680,.F.);
#680 = EDGE_LOOP('NONE',(#681,#682,#683,#689));
#681 = ORIENTED_EDGE('',*,*,#663,.F.);
#682 = ORIENTED_EDGE('',*,*,#371,.T.);
#683 = ORIENTED_EDGE('',*,*,#684,.T.);
#684 = EDGE_CURVE('NONE',#372,#587,#685,.T.);
#685 = LINE('',#686,#687);
#686 = CARTESIAN_POINT('',(-1.354603589313,0.101,2.433657086956));
#687 = VECTOR('',#688,1.);
#688 = DIRECTION('',(-0.,-1.,-0.));
#689 = ORIENTED_EDGE('',*,*,#595,.F.);
#690 = B_SPLINE_SURFACE_WITH_KNOTS('',3,1,(
    (#691,#692)
    ,(#693,#694)
    ,(#695,#696)
    ,(#697,#698
  )),.UNSPECIFIED.,.F.,.F.,.F.,(4,4),(2,2),(9.,10.),(0.,1.),
  .PIECEWISE_BEZIER_KNOTS.);
#691 = CARTESIAN_POINT('',(-1.174027023264,0.101,2.515397443143));
#692 = CARTESIAN_POINT('',(-1.174027023264,0.1,2.515397443143));
#693 = CARTESIAN_POINT('',(-1.219615966399,0.101,2.461196109167));
#694 = CARTESIAN_POINT('',(-1.219615966399,0.1,2.461196109167));
#695 = CARTESIAN_POINT('',(-1.279515918267,0.101,2.433657086956));
#696 = CARTESIAN_POINT('',(-1.279515918267,0.1,2.433657086956));
#697 = CARTESIAN_POINT('',(-1.354603589313,0.101,2.433657086956));
#698 = CARTESIAN_POINT('',(-1.354603589313,0.1,2.433657086956));
#699 = ADVANCED_FACE('NONE',(#700),#711,.F.);
#700 = FACE_BOUND('',#701,.F.);
#701 = EDGE_LOOP('NONE',(#702,#703,#704,#710));
#702 = ORIENTED_EDGE('',*,*,#684,.F.);
#703 = ORIENTED_EDGE('',*,*,#380,.T.);
#704 = ORIENTED_EDGE('',*,*,#705,.T.);
#705 = EDGE_CURVE('NONE',#381,#579,#706,.T.);
#706 = LINE('',#707,#708);
#707 = CARTESIAN_POINT('',(-1.493381695622,0.101,2.487832635331));
#708 = VECTOR('',#709,1.);
#709 = DIRECTION('',(-0.,-1.,-0.));
#710 = ORIENTED_EDGE('',*,*,#586,.F.);
#711 = B_SPLINE_SURFACE_WITH_KNOTS('',3,1,(
    (#712,#713)
    ,(#714,#715)
    ,(#716,#717)
    ,(#718,#719)),.UNSPECIFIED.,.F.,.F.,.F.,(4,4),(2,2),(8.,9.),(0.,1.),
  .PIECEWISE_BEZIER_KNOTS.);
#712 = CARTESIAN_POINT('',(-1.354603589313,0.101,2.433657086956));
#713 = CARTESIAN_POINT('',(-1.354603589313,0.1,2.433657086956));
#714 = CARTESIAN_POINT('',(-1.404988654294,0.101,2.433657086956));
#715 = CARTESIAN_POINT('',(-1.404988654294,0.1,2.433657086956));
#716 = CARTESIAN_POINT('',(-1.451557450279,0.101,2.451707007881));
#717 = CARTESIAN_POINT('',(-1.451557450279,0.1,2.451707007881));
#718 = CARTESIAN_POINT('',(-1.493381695622,0.101,2.487832635331));
#719 = CARTESIAN_POINT('',(-1.493381695622,0.1,2.487832635331));
#720 = ADVANCED_FACE('NONE',(#721),#732,.F.);
#721 = FACE_BOUND('',#722,.T.);
#722 = EDGE_LOOP('NONE',(#723,#724,#730,#731));
#723 = ORIENTED_EDGE('',*,*,#578,.T.);
#724 = ORIENTED_EDGE('',*,*,#725,.F.);
#725 = EDGE_CURVE('NONE',#390,#571,#726,.T.);
#726 = LINE('',#727,#728);
#727 = CARTESIAN_POINT('',(-1.493381695622,0.101,2.192200716188));
#728 = VECTOR('',#729,1.);
#729 = DIRECTION('',(-0.,-1.,-0.));
#730 = ORIENTED_EDGE('',*,*,#389,.F.);
#731 = ORIENTED_EDGE('',*,*,#705,.T.);
#732 = PLANE('',#733);
#733 = AXIS2_PLACEMENT_3D('',#734,#735,#736);
#734 = CARTESIAN_POINT('',(-1.493381695622,0.101,2.192200716188));
#735 = DIRECTION('',(-1.,0.,0.));
#736 = DIRECTION('',(0.,0.,1.));
#737 = ADVANCED_FACE('NONE',(#738),#749,.F.);
#738 = FACE_BOUND('',#739,.T.);
#739 = EDGE_LOOP('NONE',(#740,#741,#747,#748));
#740 = ORIENTED_EDGE('',*,*,#570,.T.);
#741 = ORIENTED_EDGE('',*,*,#742,.F.);
#742 = EDGE_CURVE('NONE',#398,#563,#743,.T.);
#743 = LINE('',#744,#745);
#744 = CARTESIAN_POINT('',(-1.665423227634,0.101,2.278711408619));
#745 = VECTOR('',#746,1.);
#746 = DIRECTION('',(-0.,-1.,-0.));
#747 = ORIENTED_EDGE('',*,*,#397,.F.);
#748 = ORIENTED_EDGE('',*,*,#725,.T.);
#749 = PLANE('',#750);
#750 = AXIS2_PLACEMENT_3D('',#751,#752,#753);
#751 = CARTESIAN_POINT('',(-1.665423227634,0.101,2.278711408619));
#752 = DIRECTION('',(0.44924777776,-0.,0.89340720513));
#753 = DIRECTION('',(0.89340720513,0.,-0.44924777776));
#754 = ADVANCED_FACE('NONE',(#755),#766,.F.);
#755 = FACE_BOUND('',#756,.T.);
#756 = EDGE_LOOP('NONE',(#757,#758,#764,#765));
#757 = ORIENTED_EDGE('',*,*,#562,.T.);
#758 = ORIENTED_EDGE('',*,*,#759,.F.);
#759 = EDGE_CURVE('NONE',#406,#555,#760,.T.);
#760 = LINE('',#761,#762);
#761 = CARTESIAN_POINT('',(-1.665423227634,0.101,3.102870798035));
#762 = VECTOR('',#763,1.);
#763 = DIRECTION('',(-0.,-1.,-0.));
#764 = ORIENTED_EDGE('',*,*,#405,.F.);
#765 = ORIENTED_EDGE('',*,*,#742,.T.);
#766 = PLANE('',#767);
#767 = AXIS2_PLACEMENT_3D('',#768,#769,#770);
#768 = CARTESIAN_POINT('',(-1.665423227634,0.101,3.102870798035));
#769 = DIRECTION('',(1.,-0.,0.));
#770 = DIRECTION('',(0.,0.,-1.));
#771 = ADVANCED_FACE('NONE',(#772),#783,.F.);
#772 = FACE_BOUND('',#773,.T.);
#773 = EDGE_LOOP('NONE',(#774,#775,#781,#782));
#774 = ORIENTED_EDGE('',*,*,#554,.T.);
#775 = ORIENTED_EDGE('',*,*,#776,.F.);
#776 = EDGE_CURVE('NONE',#414,#547,#777,.T.);
#777 = LINE('',#778,#779);
#778 = CARTESIAN_POINT('',(-1.493381695622,0.101,3.102870798035));
#779 = VECTOR('',#780,1.);
#780 = DIRECTION('',(-0.,-1.,-0.));
#781 = ORIENTED_EDGE('',*,*,#413,.F.);
#782 = ORIENTED_EDGE('',*,*,#759,.T.);
#783 = PLANE('',#784);
#784 = AXIS2_PLACEMENT_3D('',#785,#786,#787);
#785 = CARTESIAN_POINT('',(-1.493381695622,0.101,3.102870798035));
#786 = DIRECTION('',(0.,0.,-1.));
#787 = DIRECTION('',(-1.,0.,-0.));
#788 = ADVANCED_FACE('NONE',(#789),#800,.F.);
#789 = FACE_BOUND('',#790,.T.);
#790 = EDGE_LOOP('NONE',(#791,#792,#798,#799));
#791 = ORIENTED_EDGE('',*,*,#546,.T.);
#792 = ORIENTED_EDGE('',*,*,#793,.F.);
#793 = EDGE_CURVE('NONE',#422,#538,#794,.T.);
#794 = LINE('',#795,#796);
#795 = CARTESIAN_POINT('',(-1.493381695622,0.101,3.065739532133));
#796 = VECTOR('',#797,1.);
#797 = DIRECTION('',(-0.,-1.,-0.));
#798 = ORIENTED_EDGE('',*,*,#421,.F.);
#799 = ORIENTED_EDGE('',*,*,#776,.T.);
#800 = PLANE('',#801);
#801 = AXIS2_PLACEMENT_3D('',#802,#803,#804);
#802 = CARTESIAN_POINT('',(-1.493381695622,0.101,3.065739532133));
#803 = DIRECTION('',(-1.,0.,0.));
#804 = DIRECTION('',(0.,0.,1.));
#805 = ADVANCED_FACE('NONE',(#806),#817,.F.);
#806 = FACE_BOUND('',#807,.F.);
#807 = EDGE_LOOP('NONE',(#808,#809,#810,#816));
#808 = ORIENTED_EDGE('',*,*,#793,.F.);
#809 = ORIENTED_EDGE('',*,*,#429,.T.);
#810 = ORIENTED_EDGE('',*,*,#811,.T.);
#811 = EDGE_CURVE('NONE',#430,#529,#812,.T.);
#812 = LINE('',#813,#814);
#813 = CARTESIAN_POINT('',(-1.354603589313,0.101,3.117104449964));
#814 = VECTOR('',#815,1.);
#815 = DIRECTION('',(-0.,-1.,-0.));
#816 = ORIENTED_EDGE('',*,*,#537,.F.);
#817 = B_SPLINE_SURFACE_WITH_KNOTS('',3,1,(
    (#818,#819)
    ,(#820,#821)
    ,(#822,#823)
    ,(#824,#825)),.UNSPECIFIED.,.F.,.F.,.F.,(4,4),(2,2),(2.,3.),(0.,1.),
  .PIECEWISE_BEZIER_KNOTS.);
#818 = CARTESIAN_POINT('',(-1.493381695622,0.101,3.065739532133));
#819 = CARTESIAN_POINT('',(-1.493381695622,0.1,3.065739532133));
#820 = CARTESIAN_POINT('',(-1.455322148072,0.101,3.099982810687));
#821 = CARTESIAN_POINT('',(-1.455322148072,0.1,3.099982810687));
#822 = CARTESIAN_POINT('',(-1.40880492329,0.101,3.117104449964));
#823 = CARTESIAN_POINT('',(-1.40880492329,0.1,3.117104449964));
#824 = CARTESIAN_POINT('',(-1.354603589313,0.101,3.117104449964));
#825 = CARTESIAN_POINT('',(-1.354603589313,0.1,3.117104449964));
#826 = ADVANCED_FACE('NONE',(#827),#838,.F.);
#827 = FACE_BOUND('',#828,.F.);
#828 = EDGE_LOOP('NONE',(#829,#830,#831,#837));
#829 = ORIENTED_EDGE('',*,*,#811,.F.);
#830 = ORIENTED_EDGE('',*,*,#438,.T.);
#831 = ORIENTED_EDGE('',*,*,#832,.T.);
#832 = EDGE_CURVE('NONE',#439,#520,#833,.T.);
#833 = LINE('',#834,#835);
#834 = CARTESIAN_POINT('',(-1.165466203625,0.101,3.023038576345));
#835 = VECTOR('',#836,1.);
#836 = DIRECTION('',(-0.,-1.,-0.));
#837 = ORIENTED_EDGE('',*,*,#528,.F.);
#838 = B_SPLINE_SURFACE_WITH_KNOTS('',3,1,(
    (#839,#840)
    ,(#841,#842)
    ,(#843,#844)
    ,(#845,#846)),.UNSPECIFIED.,.F.,.F.,.F.,(4,4),(2,2),(1.,2.),(0.,1.),
  .PIECEWISE_BEZIER_KNOTS.);
#839 = CARTESIAN_POINT('',(-1.354603589313,0.101,3.117104449964));
#840 = CARTESIAN_POINT('',(-1.354603589313,0.1,3.117104449964));
#841 = CARTESIAN_POINT('',(-1.273791514774,0.101,3.117104449964));
#842 = CARTESIAN_POINT('',(-1.273791514774,0.1,3.117104449964));
#843 = CARTESIAN_POINT('',(-1.21105514676,0.101,3.085749158758));
#844 = CARTESIAN_POINT('',(-1.21105514676,0.1,3.085749158758));
#845 = CARTESIAN_POINT('',(-1.165466203625,0.101,3.023038576345));
#846 = CARTESIAN_POINT('',(-1.165466203625,0.1,3.023038576345));
#847 = ADVANCED_FACE('NONE',(#848),#854,.F.);
#848 = FACE_BOUND('',#849,.F.);
#849 = EDGE_LOOP('NONE',(#850,#851,#852,#853));
#850 = ORIENTED_EDGE('',*,*,#832,.F.);
#851 = ORIENTED_EDGE('',*,*,#447,.T.);
#852 = ORIENTED_EDGE('',*,*,#656,.T.);
#853 = ORIENTED_EDGE('',*,*,#519,.F.);
#854 = B_SPLINE_SURFACE_WITH_KNOTS('',3,1,(
    (#855,#856)
    ,(#857,#858)
    ,(#859,#860)
    ,(#861,#862)),.UNSPECIFIED.,.F.,.F.,.F.,(4,4),(2,2),(0.,1.),(0.,1.),
  .PIECEWISE_BEZIER_KNOTS.);
#855 = CARTESIAN_POINT('',(-1.165466203625,0.101,3.023038576345));
#856 = CARTESIAN_POINT('',(-1.165466203625,0.1,3.023038576345));
#857 = CARTESIAN_POINT('',(-1.121733823785,0.101,2.963112838876));
#858 = CARTESIAN_POINT('',(-1.121733823785,0.1,2.963112838876));
#859 = CARTESIAN_POINT('',(-1.098939352217,0.101,2.883280617187));
#860 = CARTESIAN_POINT('',(-1.098939352217,0.1,2.883280617187));
#861 = CARTESIAN_POINT('',(-1.098939352217,0.101,2.783438768873));
#862 = CARTESIAN_POINT('',(-1.098939352217,0.1,2.783438768873));
#863 = ADVANCED_FACE('NONE',(#864),#880,.T.);
#864 = FACE_BOUND('',#865,.T.);
#865 = EDGE_LOOP('NONE',(#866,#867,#873,#874));
#866 = ORIENTED_EDGE('',*,*,#604,.F.);
#867 = ORIENTED_EDGE('',*,*,#868,.F.);
#868 = EDGE_CURVE('NONE',#468,#605,#869,.T.);
#869 = LINE('',#870,#871);
#870 = CARTESIAN_POINT('',(-1.376469779233,0.101,2.954552019237));
#871 = VECTOR('',#872,1.);
#872 = DIRECTION('',(-0.,-1.,-0.));
#873 = ORIENTED_EDGE('',*,*,#467,.T.);
#874 = ORIENTED_EDGE('',*,*,#875,.T.);
#875 = EDGE_CURVE('NONE',#457,#607,#876,.T.);
#876 = LINE('',#877,#878);
#877 = CARTESIAN_POINT('',(-1.273791514774,0.101,2.787255037868));
#878 = VECTOR('',#879,1.);
#879 = DIRECTION('',(-0.,-1.,-0.));
#880 = B_SPLINE_SURFACE_WITH_KNOTS('',3,1,(
    (#881,#882)
    ,(#883,#884)
    ,(#885,#886)
    ,(#887,#888)),.UNSPECIFIED.,.F.,.F.,.F.,(4,4),(2,2),(4.,5.),(0.,1.),
  .PIECEWISE_BEZIER_KNOTS.);
#881 = CARTESIAN_POINT('',(-1.376469779233,0.101,2.954552019237));
#882 = CARTESIAN_POINT('',(-1.376469779233,0.1,2.954552019237));
#883 = CARTESIAN_POINT('',(-1.308034793328,0.101,2.954552019237));
#884 = CARTESIAN_POINT('',(-1.308034793328,0.1,2.954552019237));
#885 = CARTESIAN_POINT('',(-1.273791514774,0.101,2.898442550763));
#886 = CARTESIAN_POINT('',(-1.273791514774,0.1,2.898442550763));
#887 = CARTESIAN_POINT('',(-1.273791514774,0.101,2.787255037868));
#888 = CARTESIAN_POINT('',(-1.273791514774,0.1,2.787255037868));
#889 = ADVANCED_FACE('NONE',(#890),#901,.T.);
#890 = FACE_BOUND('',#891,.T.);
#891 = EDGE_LOOP('NONE',(#892,#893,#894,#895));
#892 = ORIENTED_EDGE('',*,*,#615,.F.);
#893 = ORIENTED_EDGE('',*,*,#875,.F.);
#894 = ORIENTED_EDGE('',*,*,#456,.T.);
#895 = ORIENTED_EDGE('',*,*,#896,.T.);
#896 = EDGE_CURVE('NONE',#459,#616,#897,.T.);
#897 = LINE('',#898,#899);
#898 = CARTESIAN_POINT('',(-1.386938733369,0.101,2.596183732081));
#899 = VECTOR('',#900,1.);
#900 = DIRECTION('',(-0.,-1.,-0.));
#901 = B_SPLINE_SURFACE_WITH_KNOTS('',3,1,(
    (#902,#903)
    ,(#904,#905)
    ,(#906,#907)
    ,(#908,#909)),.UNSPECIFIED.,.F.,.F.,.F.,(4,4),(2,2),(0.,1.),(0.,1.),
  .PIECEWISE_BEZIER_KNOTS.);
#902 = CARTESIAN_POINT('',(-1.273791514774,0.101,2.787255037868));
#903 = CARTESIAN_POINT('',(-1.273791514774,0.1,2.787255037868));
#904 = CARTESIAN_POINT('',(-1.273791514774,0.101,2.659874167343));
#905 = CARTESIAN_POINT('',(-1.273791514774,0.1,2.659874167343));
#906 = CARTESIAN_POINT('',(-1.311851062323,0.101,2.596183732081));
#907 = CARTESIAN_POINT('',(-1.311851062323,0.1,2.596183732081));
#908 = CARTESIAN_POINT('',(-1.386938733369,0.101,2.596183732081));
#909 = CARTESIAN_POINT('',(-1.386938733369,0.1,2.596183732081));
#910 = ADVANCED_FACE('NONE',(#911),#922,.T.);
#911 = FACE_BOUND('',#912,.T.);
#912 = EDGE_LOOP('NONE',(#913,#914,#915,#916));
#913 = ORIENTED_EDGE('',*,*,#624,.F.);
#914 = ORIENTED_EDGE('',*,*,#896,.F.);
#915 = ORIENTED_EDGE('',*,*,#493,.T.);
#916 = ORIENTED_EDGE('',*,*,#917,.T.);
#917 = EDGE_CURVE('NONE',#486,#625,#918,.T.);
#918 = LINE('',#919,#920);
#919 = CARTESIAN_POINT('',(-1.493381695622,0.101,2.650385066057));
#920 = VECTOR('',#921,1.);
#921 = DIRECTION('',(-0.,-1.,-0.));
#922 = B_SPLINE_SURFACE_WITH_KNOTS('',3,1,(
    (#923,#924)
    ,(#925,#926)
    ,(#927,#928)
    ,(#929,#930)),.UNSPECIFIED.,.F.,.F.,.F.,(4,4),(2,2),(1.,2.),(0.,1.),
  .PIECEWISE_BEZIER_KNOTS.);
#923 = CARTESIAN_POINT('',(-1.386938733369,0.101,2.596183732081));
#924 = CARTESIAN_POINT('',(-1.386938733369,0.1,2.596183732081));
#925 = CARTESIAN_POINT('',(-1.428711407509,0.101,2.596183732081));
#926 = CARTESIAN_POINT('',(-1.428711407509,0.1,2.596183732081));
#927 = CARTESIAN_POINT('',(-1.464862820561,0.101,2.614259438607));
#928 = CARTESIAN_POINT('',(-1.464862820561,0.1,2.614259438607));
#929 = CARTESIAN_POINT('',(-1.493381695622,0.101,2.650385066057));
#930 = CARTESIAN_POINT('',(-1.493381695622,0.1,2.650385066057));
#931 = ADVANCED_FACE('NONE',(#932),#943,.T.);
#932 = FACE_BOUND('',#933,.T.);
#933 = EDGE_LOOP('NONE',(#934,#935,#936,#937));
#934 = ORIENTED_EDGE('',*,*,#633,.F.);
#935 = ORIENTED_EDGE('',*,*,#917,.F.);
#936 = ORIENTED_EDGE('',*,*,#485,.T.);
#937 = ORIENTED_EDGE('',*,*,#938,.T.);
#938 = EDGE_CURVE('NONE',#477,#634,#939,.T.);
#939 = LINE('',#940,#941);
#940 = CARTESIAN_POINT('',(-1.493381695622,0.101,2.898442550763));
#941 = VECTOR('',#942,1.);
#942 = DIRECTION('',(-0.,-1.,-0.));
#943 = PLANE('',#944);
#944 = AXIS2_PLACEMENT_3D('',#945,#946,#947);
#945 = CARTESIAN_POINT('',(-1.493381695622,0.101,2.650385066057));
#946 = DIRECTION('',(1.,0.,0.));
#947 = DIRECTION('',(0.,0.,-1.));
#948 = ADVANCED_FACE('NONE',(#949),#955,.T.);
#949 = FACE_BOUND('',#950,.T.);
#950 = EDGE_LOOP('NONE',(#951,#952,#953,#954));
#951 = ORIENTED_EDGE('',*,*,#641,.F.);
#952 = ORIENTED_EDGE('',*,*,#938,.F.);
#953 = ORIENTED_EDGE('',*,*,#476,.T.);
#954 = ORIENTED_EDGE('',*,*,#868,.T.);
#955 = B_SPLINE_SURFACE_WITH_KNOTS('',3,1,(
    (#956,#957)
    ,(#958,#959)
    ,(#960,#961)
    ,(#962,#963)),.UNSPECIFIED.,.F.,.F.,.F.,(4,4),(2,2),(3.,4.),(0.,1.),
  .PIECEWISE_BEZIER_KNOTS.);
#956 = CARTESIAN_POINT('',(-1.493381695622,0.101,2.898442550763));
#957 = CARTESIAN_POINT('',(-1.493381695622,0.1,2.898442550763));
#958 = CARTESIAN_POINT('',(-1.465842673411,0.101,2.935573816665));
#959 = CARTESIAN_POINT('',(-1.465842673411,0.1,2.935573816665));
#960 = CARTESIAN_POINT('',(-1.426854844214,0.101,2.954552019237));
#961 = CARTESIAN_POINT('',(-1.426854844214,0.1,2.954552019237));
#962 = CARTESIAN_POINT('',(-1.376469779233,0.101,2.954552019237));
#963 = CARTESIAN_POINT('',(-1.376469779233,0.1,2.954552019237));
#964 = MANIFOLD_SOLID_BREP('u-blox_LOGO[2]',#965);
#965 = CLOSED_SHELL('NONE',(#966,#1006,#1037,#1068,#1090,#1102));
#966 = ADVANCED_FACE('NONE',(#967),#1001,.F.);
#967 = FACE_BOUND('',#968,.T.);
#968 = EDGE_LOOP('NONE',(#969,#979,#987,#995));
#969 = ORIENTED_EDGE('',*,*,#970,.T.);
#970 = EDGE_CURVE('NONE',#971,#973,#975,.T.);
#971 = VERTEX_POINT('NONE',#972);
#972 = CARTESIAN_POINT('',(-0.784251873698,0.1,3.102870798035));
#973 = VERTEX_POINT('NONE',#974);
#974 = CARTESIAN_POINT('',(-0.784251873698,0.1,2.192200716188));
#975 = LINE('',#976,#977);
#976 = CARTESIAN_POINT('',(-0.784251873698,0.1,2.192200716188));
#977 = VECTOR('',#978,1.);
#978 = DIRECTION('',(-0.,-0.,-1.));
#979 = ORIENTED_EDGE('',*,*,#980,.F.);
#980 = EDGE_CURVE('NONE',#981,#973,#983,.T.);
#981 = VERTEX_POINT('NONE',#982);
#982 = CARTESIAN_POINT('',(-0.784251873698,0.101,2.192200716188));
#983 = LINE('',#984,#985);
#984 = CARTESIAN_POINT('',(-0.784251873698,0.101,2.192200716188));
#985 = VECTOR('',#986,1.);
#986 = DIRECTION('',(-0.,-1.,-0.));
#987 = ORIENTED_EDGE('',*,*,#988,.F.);
#988 = EDGE_CURVE('NONE',#989,#981,#991,.T.);
#989 = VERTEX_POINT('NONE',#990);
#990 = CARTESIAN_POINT('',(-0.784251873698,0.101,3.102870798035));
#991 = LINE('',#992,#993);
#992 = CARTESIAN_POINT('',(-0.784251873698,0.101,2.192200716188));
#993 = VECTOR('',#994,1.);
#994 = DIRECTION('',(-0.,-0.,-1.));
#995 = ORIENTED_EDGE('',*,*,#996,.T.);
#996 = EDGE_CURVE('NONE',#989,#971,#997,.T.);
#997 = LINE('',#998,#999);
#998 = CARTESIAN_POINT('',(-0.784251873698,0.101,3.102870798035));
#999 = VECTOR('',#1000,1.);
#1000 = DIRECTION('',(-0.,-1.,-0.));
#1001 = PLANE('',#1002);
#1002 = AXIS2_PLACEMENT_3D('',#1003,#1004,#1005);
#1003 = CARTESIAN_POINT('',(-0.784251873698,0.101,2.192200716188));
#1004 = DIRECTION('',(-1.,0.,0.));
#1005 = DIRECTION('',(0.,0.,1.));
#1006 = ADVANCED_FACE('NONE',(#1007),#1032,.F.);
#1007 = FACE_BOUND('',#1008,.T.);
#1008 = EDGE_LOOP('NONE',(#1009,#1017,#1025,#1031));
#1009 = ORIENTED_EDGE('',*,*,#1010,.T.);
#1010 = EDGE_CURVE('NONE',#973,#1011,#1013,.T.);
#1011 = VERTEX_POINT('NONE',#1012);
#1012 = CARTESIAN_POINT('',(-0.956396548116,0.1,2.278711408619));
#1013 = LINE('',#1014,#1015);
#1014 = CARTESIAN_POINT('',(-0.956396548116,0.1,2.278711408619));
#1015 = VECTOR('',#1016,1.);
#1016 = DIRECTION('',(-0.893515227481,-0.,0.449032892181));
#1017 = ORIENTED_EDGE('',*,*,#1018,.F.);
#1018 = EDGE_CURVE('NONE',#1019,#1011,#1021,.T.);
#1019 = VERTEX_POINT('NONE',#1020);
#1020 = CARTESIAN_POINT('',(-0.956396548116,0.101,2.278711408619));
#1021 = LINE('',#1022,#1023);
#1022 = CARTESIAN_POINT('',(-0.956396548116,0.101,2.278711408619));
#1023 = VECTOR('',#1024,1.);
#1024 = DIRECTION('',(-0.,-1.,-0.));
#1025 = ORIENTED_EDGE('',*,*,#1026,.F.);
#1026 = EDGE_CURVE('NONE',#981,#1019,#1027,.T.);
#1027 = LINE('',#1028,#1029);
#1028 = CARTESIAN_POINT('',(-0.956396548116,0.101,2.278711408619));
#1029 = VECTOR('',#1030,1.);
#1030 = DIRECTION('',(-0.893515227481,-0.,0.449032892181));
#1031 = ORIENTED_EDGE('',*,*,#980,.T.);
#1032 = PLANE('',#1033);
#1033 = AXIS2_PLACEMENT_3D('',#1034,#1035,#1036);
#1034 = CARTESIAN_POINT('',(-0.956396548116,0.101,2.278711408619));
#1035 = DIRECTION('',(0.449032892181,-0.,0.893515227481));
#1036 = DIRECTION('',(0.893515227481,0.,-0.449032892181));
#1037 = ADVANCED_FACE('NONE',(#1038),#1063,.F.);
#1038 = FACE_BOUND('',#1039,.T.);
#1039 = EDGE_LOOP('NONE',(#1040,#1048,#1056,#1062));
#1040 = ORIENTED_EDGE('',*,*,#1041,.T.);
#1041 = EDGE_CURVE('NONE',#1011,#1042,#1044,.T.);
#1042 = VERTEX_POINT('NONE',#1043);
#1043 = CARTESIAN_POINT('',(-0.956396548116,0.1,3.102870798035));
#1044 = LINE('',#1045,#1046);
#1045 = CARTESIAN_POINT('',(-0.956396548116,0.1,3.102870798035));
#1046 = VECTOR('',#1047,1.);
#1047 = DIRECTION('',(-0.,-0.,1.));
#1048 = ORIENTED_EDGE('',*,*,#1049,.F.);
#1049 = EDGE_CURVE('NONE',#1050,#1042,#1052,.T.);
#1050 = VERTEX_POINT('NONE',#1051);
#1051 = CARTESIAN_POINT('',(-0.956396548116,0.101,3.102870798035));
#1052 = LINE('',#1053,#1054);
#1053 = CARTESIAN_POINT('',(-0.956396548116,0.101,3.102870798035));
#1054 = VECTOR('',#1055,1.);
#1055 = DIRECTION('',(-0.,-1.,-0.));
#1056 = ORIENTED_EDGE('',*,*,#1057,.F.);
#1057 = EDGE_CURVE('NONE',#1019,#1050,#1058,.T.);
#1058 = LINE('',#1059,#1060);
#1059 = CARTESIAN_POINT('',(-0.956396548116,0.101,3.102870798035));
#1060 = VECTOR('',#1061,1.);
#1061 = DIRECTION('',(-0.,-0.,1.));
#1062 = ORIENTED_EDGE('',*,*,#1018,.T.);
#1063 = PLANE('',#1064);
#1064 = AXIS2_PLACEMENT_3D('',#1065,#1066,#1067);
#1065 = CARTESIAN_POINT('',(-0.956396548116,0.101,3.102870798035));
#1066 = DIRECTION('',(1.,-0.,0.));
#1067 = DIRECTION('',(0.,0.,-1.));
#1068 = ADVANCED_FACE('NONE',(#1069),#1085,.F.);
#1069 = FACE_BOUND('',#1070,.T.);
#1070 = EDGE_LOOP('NONE',(#1071,#1077,#1078,#1084));
#1071 = ORIENTED_EDGE('',*,*,#1072,.T.);
#1072 = EDGE_CURVE('NONE',#1042,#971,#1073,.T.);
#1073 = LINE('',#1074,#1075);
#1074 = CARTESIAN_POINT('',(-0.784251873698,0.1,3.102870798035));
#1075 = VECTOR('',#1076,1.);
#1076 = DIRECTION('',(1.,-0.,-0.));
#1077 = ORIENTED_EDGE('',*,*,#996,.F.);
#1078 = ORIENTED_EDGE('',*,*,#1079,.F.);
#1079 = EDGE_CURVE('NONE',#1050,#989,#1080,.T.);
#1080 = LINE('',#1081,#1082);
#1081 = CARTESIAN_POINT('',(-0.784251873698,0.101,3.102870798035));
#1082 = VECTOR('',#1083,1.);
#1083 = DIRECTION('',(1.,-0.,-0.));
#1084 = ORIENTED_EDGE('',*,*,#1049,.T.);
#1085 = PLANE('',#1086);
#1086 = AXIS2_PLACEMENT_3D('',#1087,#1088,#1089);
#1087 = CARTESIAN_POINT('',(-0.784251873698,0.101,3.102870798035));
#1088 = DIRECTION('',(0.,0.,-1.));
#1089 = DIRECTION('',(-1.,0.,-0.));
#1090 = ADVANCED_FACE('NONE',(#1091),#1097,.F.);
#1091 = FACE_BOUND('',#1092,.T.);
#1092 = EDGE_LOOP('NONE',(#1093,#1094,#1095,#1096));
#1093 = ORIENTED_EDGE('',*,*,#988,.T.);
#1094 = ORIENTED_EDGE('',*,*,#1026,.T.);
#1095 = ORIENTED_EDGE('',*,*,#1057,.T.);
#1096 = ORIENTED_EDGE('',*,*,#1079,.T.);
#1097 = PLANE('',#1098);
#1098 = AXIS2_PLACEMENT_3D('',#1099,#1100,#1101);
#1099 = CARTESIAN_POINT('',(-0.784251873698,0.101,3.102870798035));
#1100 = DIRECTION('',(0.,-1.,0.));
#1101 = DIRECTION('',(0.,-0.,-1.));
#1102 = ADVANCED_FACE('NONE',(#1103),#1109,.T.);
#1103 = FACE_BOUND('',#1104,.T.);
#1104 = EDGE_LOOP('NONE',(#1105,#1106,#1107,#1108));
#1105 = ORIENTED_EDGE('',*,*,#970,.F.);
#1106 = ORIENTED_EDGE('',*,*,#1072,.F.);
#1107 = ORIENTED_EDGE('',*,*,#1041,.F.);
#1108 = ORIENTED_EDGE('',*,*,#1010,.F.);
#1109 = PLANE('',#1110);
#1110 = AXIS2_PLACEMENT_3D('',#1111,#1112,#1113);
#1111 = CARTESIAN_POINT('',(-0.784251873698,0.1,3.102870798035));
#1112 = DIRECTION('',(0.,-1.,0.));
#1113 = DIRECTION('',(0.,-0.,-1.));
#1114 = MANIFOLD_SOLID_BREP('u-blox_LOGO[3]',#1115);
#1115 = CLOSED_SHELL('NONE',(#1116,#1270,#1424,#1450,#1471,#1492,#1513,
    #1534,#1555,#1576,#1592,#1618,#1639,#1660,#1681,#1702,#1723,#1744));
#1116 = ADVANCED_FACE('NONE',(#1117,#1191),#1265,.T.);
#1117 = FACE_BOUND('',#1118,.T.);
#1118 = EDGE_LOOP('NONE',(#1119,#1130,#1139,#1148,#1157,#1166,#1175,
    #1184));
#1119 = ORIENTED_EDGE('',*,*,#1120,.T.);
#1120 = EDGE_CURVE('NONE',#1121,#1123,#1125,.T.);
#1121 = VERTEX_POINT('NONE',#1122);
#1122 = CARTESIAN_POINT('',(-5.142508416129E-02,0.101,2.775806230882));
#1123 = VERTEX_POINT('NONE',#1124);
#1124 = CARTESIAN_POINT('',(-0.136001856493,0.101,2.529656880673));
#1125 = B_SPLINE_CURVE_WITH_KNOTS('',3,(#1126,#1127,#1128,#1129),
  .UNSPECIFIED.,.F.,.F.,(4,4),(7.,8.),.PIECEWISE_BEZIER_KNOTS.);
#1126 = CARTESIAN_POINT('',(-5.142508416129E-02,0.101,2.775806230882));
#1127 = CARTESIAN_POINT('',(-5.142508416129E-02,0.101,2.675139243325));
#1128 = CARTESIAN_POINT('',(-7.989238801945E-02,0.101,2.593347315936));
#1129 = CARTESIAN_POINT('',(-0.136001856493,0.101,2.529656880673));
#1130 = ORIENTED_EDGE('',*,*,#1131,.T.);
#1131 = EDGE_CURVE('NONE',#1123,#1132,#1134,.T.);
#1132 = VERTEX_POINT('NONE',#1133);
#1133 = CARTESIAN_POINT('',(-0.348887780998,0.101,2.432703019707));
#1134 = B_SPLINE_CURVE_WITH_KNOTS('',3,(#1135,#1136,#1137,#1138),
  .UNSPECIFIED.,.F.,.F.,(4,4),(6.,7.),.PIECEWISE_BEZIER_KNOTS.);
#1135 = CARTESIAN_POINT('',(-0.136001856493,0.101,2.529656880673));
#1136 = CARTESIAN_POINT('',(-0.192111324968,0.101,2.465012378162));
#1137 = CARTESIAN_POINT('',(-0.263382727018,0.101,2.432703019707));
#1138 = CARTESIAN_POINT('',(-0.348887780998,0.101,2.432703019707));
#1139 = ORIENTED_EDGE('',*,*,#1140,.T.);
#1140 = EDGE_CURVE('NONE',#1132,#1141,#1143,.T.);
#1141 = VERTEX_POINT('NONE',#1142);
#1142 = CARTESIAN_POINT('',(-0.561876847908,0.101,2.529656880673));
#1143 = B_SPLINE_CURVE_WITH_KNOTS('',3,(#1144,#1145,#1146,#1147),
  .UNSPECIFIED.,.F.,.F.,(4,4),(5.,6.),.PIECEWISE_BEZIER_KNOTS.);
#1144 = CARTESIAN_POINT('',(-0.348887780998,0.101,2.432703019707));
#1145 = CARTESIAN_POINT('',(-0.434495977383,0.101,2.432703019707));
#1146 = CARTESIAN_POINT('',(-0.505767379434,0.101,2.465012378162));
#1147 = CARTESIAN_POINT('',(-0.561876847908,0.101,2.529656880673));
#1148 = ORIENTED_EDGE('',*,*,#1149,.T.);
#1149 = EDGE_CURVE('NONE',#1141,#1150,#1152,.T.);
#1150 = VERTEX_POINT('NONE',#1151);
#1151 = CARTESIAN_POINT('',(-0.645525338593,0.101,2.775806230882));
#1152 = B_SPLINE_CURVE_WITH_KNOTS('',3,(#1153,#1154,#1155,#1156),
  .UNSPECIFIED.,.F.,.F.,(4,4),(4.,5.),.PIECEWISE_BEZIER_KNOTS.);
#1153 = CARTESIAN_POINT('',(-0.561876847908,0.101,2.529656880673));
#1154 = CARTESIAN_POINT('',(-0.616954892329,0.101,2.593347315936));
#1155 = CARTESIAN_POINT('',(-0.645525338593,0.101,2.675139243325));
#1156 = CARTESIAN_POINT('',(-0.645525338593,0.101,2.775806230882));
#1157 = ORIENTED_EDGE('',*,*,#1158,.T.);
#1158 = EDGE_CURVE('NONE',#1150,#1159,#1161,.T.);
#1159 = VERTEX_POINT('NONE',#1160);
#1160 = CARTESIAN_POINT('',(-0.561876847908,0.101,3.021078870645));
#1161 = B_SPLINE_CURVE_WITH_KNOTS('',3,(#1162,#1163,#1164,#1165),
  .UNSPECIFIED.,.F.,.F.,(4,4),(3.,4.),.PIECEWISE_BEZIER_KNOTS.);
#1162 = CARTESIAN_POINT('',(-0.645525338593,0.101,2.775806230882));
#1163 = CARTESIAN_POINT('',(-0.645525338593,0.101,2.875648079196));
#1164 = CARTESIAN_POINT('',(-0.616954892329,0.101,2.957440006585));
#1165 = CARTESIAN_POINT('',(-0.561876847908,0.101,3.021078870645));
#1166 = ORIENTED_EDGE('',*,*,#1167,.T.);
#1167 = EDGE_CURVE('NONE',#1159,#1168,#1170,.T.);
#1168 = VERTEX_POINT('NONE',#1169);
#1169 = CARTESIAN_POINT('',(-0.348887780998,0.101,3.117104449964));
#1170 = B_SPLINE_CURVE_WITH_KNOTS('',3,(#1171,#1172,#1173,#1174),
  .UNSPECIFIED.,.F.,.F.,(4,4),(2.,3.),.PIECEWISE_BEZIER_KNOTS.);
#1171 = CARTESIAN_POINT('',(-0.561876847908,0.101,3.021078870645));
#1172 = CARTESIAN_POINT('',(-0.505767379434,0.101,3.08482087711));
#1173 = CARTESIAN_POINT('',(-0.434495977383,0.101,3.117104449964));
#1174 = CARTESIAN_POINT('',(-0.348887780998,0.101,3.117104449964));
#1175 = ORIENTED_EDGE('',*,*,#1176,.T.);
#1176 = EDGE_CURVE('NONE',#1168,#1177,#1179,.T.);
#1177 = VERTEX_POINT('NONE',#1178);
#1178 = CARTESIAN_POINT('',(-0.136001856493,0.101,3.021078870645));
#1179 = B_SPLINE_CURVE_WITH_KNOTS('',3,(#1180,#1181,#1182,#1183),
  .UNSPECIFIED.,.F.,.F.,(4,4),(1.,2.),.PIECEWISE_BEZIER_KNOTS.);
#1180 = CARTESIAN_POINT('',(-0.348887780998,0.101,3.117104449964));
#1181 = CARTESIAN_POINT('',(-0.263382727018,0.101,3.117104449964));
#1182 = CARTESIAN_POINT('',(-0.192111324968,0.101,3.08482087711));
#1183 = CARTESIAN_POINT('',(-0.136001856493,0.101,3.021078870645));
#1184 = ORIENTED_EDGE('',*,*,#1185,.T.);
#1185 = EDGE_CURVE('NONE',#1177,#1121,#1186,.T.);
#1186 = B_SPLINE_CURVE_WITH_KNOTS('',3,(#1187,#1188,#1189,#1190),
  .UNSPECIFIED.,.F.,.F.,(4,4),(0.,1.),.PIECEWISE_BEZIER_KNOTS.);
#1187 = CARTESIAN_POINT('',(-0.136001856493,0.101,3.021078870645));
#1188 = CARTESIAN_POINT('',(-7.989238801945E-02,0.101,2.957440006585));
#1189 = CARTESIAN_POINT('',(-5.142508416129E-02,0.101,2.875648079196));
#1190 = CARTESIAN_POINT('',(-5.142508416129E-02,0.101,2.775806230882));
#1191 = FACE_BOUND('',#1192,.T.);
#1192 = EDGE_LOOP('NONE',(#1193,#1204,#1213,#1222,#1231,#1240,#1249,
    #1258));
#1193 = ORIENTED_EDGE('',*,*,#1194,.F.);
#1194 = EDGE_CURVE('NONE',#1195,#1197,#1199,.T.);
#1195 = VERTEX_POINT('NONE',#1196);
#1196 = CARTESIAN_POINT('',(-0.226354603522,0.101,2.775806230882));
#1197 = VERTEX_POINT('NONE',#1198);
#1198 = CARTESIAN_POINT('',(-0.257709894728,0.101,2.647497078709));
#1199 = B_SPLINE_CURVE_WITH_KNOTS('',3,(#1200,#1201,#1202,#1203),
  .UNSPECIFIED.,.F.,.F.,(4,4),(0.,1.),.PIECEWISE_BEZIER_KNOTS.);
#1200 = CARTESIAN_POINT('',(-0.226354603522,0.101,2.775806230882));
#1201 = CARTESIAN_POINT('',(-0.226354603522,0.101,2.722584749756));
#1202 = CARTESIAN_POINT('',(-0.236771986455,0.101,2.680812075616));
#1203 = CARTESIAN_POINT('',(-0.257709894728,0.101,2.647497078709));
#1204 = ORIENTED_EDGE('',*,*,#1205,.F.);
#1205 = EDGE_CURVE('NONE',#1206,#1195,#1208,.T.);
#1206 = VERTEX_POINT('NONE',#1207);
#1207 = CARTESIAN_POINT('',(-0.25678161308,0.101,2.896585987468));
#1208 = B_SPLINE_CURVE_WITH_KNOTS('',3,(#1209,#1210,#1211,#1212),
  .UNSPECIFIED.,.F.,.F.,(4,4),(7.,8.),.PIECEWISE_BEZIER_KNOTS.);
#1209 = CARTESIAN_POINT('',(-0.25678161308,0.101,2.896585987468));
#1210 = CARTESIAN_POINT('',(-0.236771986455,0.101,2.865230696262));
#1211 = CARTESIAN_POINT('',(-0.226354603522,0.101,2.824283161365));
#1212 = CARTESIAN_POINT('',(-0.226354603522,0.101,2.775806230882));
#1213 = ORIENTED_EDGE('',*,*,#1214,.F.);
#1214 = EDGE_CURVE('NONE',#1215,#1206,#1217,.T.);
#1215 = VERTEX_POINT('NONE',#1216);
#1216 = CARTESIAN_POINT('',(-0.348887780998,0.101,2.950735750242));
#1217 = B_SPLINE_CURVE_WITH_KNOTS('',3,(#1218,#1219,#1220,#1221),
  .UNSPECIFIED.,.F.,.F.,(4,4),(6.,7.),.PIECEWISE_BEZIER_KNOTS.);
#1218 = CARTESIAN_POINT('',(-0.348887780998,0.101,2.950735750242));
#1219 = CARTESIAN_POINT('',(-0.310003094206,0.101,2.950735750242));
#1220 = CARTESIAN_POINT('',(-0.278544660595,0.101,2.932685829317));
#1221 = CARTESIAN_POINT('',(-0.25678161308,0.101,2.896585987468));
#1222 = ORIENTED_EDGE('',*,*,#1223,.F.);
#1223 = EDGE_CURVE('NONE',#1224,#1215,#1226,.T.);
#1224 = VERTEX_POINT('NONE',#1225);
#1225 = CARTESIAN_POINT('',(-0.440168809674,0.101,2.900402256464));
#1226 = B_SPLINE_CURVE_WITH_KNOTS('',3,(#1227,#1228,#1229,#1230),
  .UNSPECIFIED.,.F.,.F.,(4,4),(5.,6.),.PIECEWISE_BEZIER_KNOTS.);
#1227 = CARTESIAN_POINT('',(-0.440168809674,0.101,2.900402256464));
#1228 = CARTESIAN_POINT('',(-0.419230901401,0.101,2.933614110965));
#1229 = CARTESIAN_POINT('',(-0.388907034248,0.101,2.950735750242));
#1230 = CARTESIAN_POINT('',(-0.348887780998,0.101,2.950735750242));
#1231 = ORIENTED_EDGE('',*,*,#1232,.F.);
#1232 = EDGE_CURVE('NONE',#1233,#1224,#1235,.T.);
#1233 = VERTEX_POINT('NONE',#1234);
#1234 = CARTESIAN_POINT('',(-0.470595819232,0.101,2.775806230882));
#1235 = B_SPLINE_CURVE_WITH_KNOTS('',3,(#1236,#1237,#1238,#1239),
  .UNSPECIFIED.,.F.,.F.,(4,4),(4.,5.),.PIECEWISE_BEZIER_KNOTS.);
#1236 = CARTESIAN_POINT('',(-0.470595819232,0.101,2.775806230882));
#1237 = CARTESIAN_POINT('',(-0.470595819232,0.101,2.82809943036));
#1238 = CARTESIAN_POINT('',(-0.460178436299,0.101,2.869975246905));
#1239 = CARTESIAN_POINT('',(-0.440168809674,0.101,2.900402256464));
#1240 = ORIENTED_EDGE('',*,*,#1241,.F.);
#1241 = EDGE_CURVE('NONE',#1242,#1233,#1244,.T.);
#1242 = VERTEX_POINT('NONE',#1243);
#1243 = CARTESIAN_POINT('',(-0.439240528026,0.101,2.647497078709));
#1244 = B_SPLINE_CURVE_WITH_KNOTS('',3,(#1245,#1246,#1247,#1248),
  .UNSPECIFIED.,.F.,.F.,(4,4),(3.,4.),.PIECEWISE_BEZIER_KNOTS.);
#1245 = CARTESIAN_POINT('',(-0.439240528026,0.101,2.647497078709));
#1246 = CARTESIAN_POINT('',(-0.460178436299,0.101,2.679883793968));
#1247 = CARTESIAN_POINT('',(-0.470595819232,0.101,2.722584749756));
#1248 = CARTESIAN_POINT('',(-0.470595819232,0.101,2.775806230882));
#1249 = ORIENTED_EDGE('',*,*,#1250,.F.);
#1250 = EDGE_CURVE('NONE',#1251,#1242,#1253,.T.);
#1251 = VERTEX_POINT('NONE',#1252);
#1252 = CARTESIAN_POINT('',(-0.348887780998,0.101,2.599045933828));
#1253 = B_SPLINE_CURVE_WITH_KNOTS('',3,(#1254,#1255,#1256,#1257),
  .UNSPECIFIED.,.F.,.F.,(4,4),(2.,3.),.PIECEWISE_BEZIER_KNOTS.);
#1254 = CARTESIAN_POINT('',(-0.348887780998,0.101,2.599045933828));
#1255 = CARTESIAN_POINT('',(-0.388907034248,0.101,2.599045933828));
#1256 = CARTESIAN_POINT('',(-0.419230901401,0.101,2.615187720254));
#1257 = CARTESIAN_POINT('',(-0.439240528026,0.101,2.647497078709));
#1258 = ORIENTED_EDGE('',*,*,#1259,.F.);
#1259 = EDGE_CURVE('NONE',#1197,#1251,#1260,.T.);
#1260 = B_SPLINE_CURVE_WITH_KNOTS('',3,(#1261,#1262,#1263,#1264),
  .UNSPECIFIED.,.F.,.F.,(4,4),(1.,2.),.PIECEWISE_BEZIER_KNOTS.);
#1261 = CARTESIAN_POINT('',(-0.257709894728,0.101,2.647497078709));
#1262 = CARTESIAN_POINT('',(-0.278544660595,0.101,2.615187720254));
#1263 = CARTESIAN_POINT('',(-0.308971670153,0.101,2.599045933828));
#1264 = CARTESIAN_POINT('',(-0.348887780998,0.101,2.599045933828));
#1265 = PLANE('',#1266);
#1266 = AXIS2_PLACEMENT_3D('',#1267,#1268,#1269);
#1267 = CARTESIAN_POINT('',(-7.267241964962E-02,0.101,2.638865348667));
#1268 = DIRECTION('',(0.,1.,0.));
#1269 = DIRECTION('',(0.,-0.,1.));
#1270 = ADVANCED_FACE('NONE',(#1271,#1345),#1419,.F.);
#1271 = FACE_BOUND('',#1272,.T.);
#1272 = EDGE_LOOP('NONE',(#1273,#1284,#1293,#1302,#1311,#1320,#1329,
    #1338));
#1273 = ORIENTED_EDGE('',*,*,#1274,.F.);
#1274 = EDGE_CURVE('NONE',#1275,#1277,#1279,.T.);
#1275 = VERTEX_POINT('NONE',#1276);
#1276 = CARTESIAN_POINT('',(-5.142508416129E-02,0.1,2.775806230882));
#1277 = VERTEX_POINT('NONE',#1278);
#1278 = CARTESIAN_POINT('',(-0.136001856493,0.1,2.529656880673));
#1279 = B_SPLINE_CURVE_WITH_KNOTS('',3,(#1280,#1281,#1282,#1283),
  .UNSPECIFIED.,.F.,.F.,(4,4),(7.,8.),.PIECEWISE_BEZIER_KNOTS.);
#1280 = CARTESIAN_POINT('',(-5.142508416129E-02,0.1,2.775806230882));
#1281 = CARTESIAN_POINT('',(-5.142508416129E-02,0.1,2.675139243325));
#1282 = CARTESIAN_POINT('',(-7.989238801945E-02,0.1,2.593347315936));
#1283 = CARTESIAN_POINT('',(-0.136001856493,0.1,2.529656880673));
#1284 = ORIENTED_EDGE('',*,*,#1285,.F.);
#1285 = EDGE_CURVE('NONE',#1286,#1275,#1288,.T.);
#1286 = VERTEX_POINT('NONE',#1287);
#1287 = CARTESIAN_POINT('',(-0.136001856493,0.1,3.021078870645));
#1288 = B_SPLINE_CURVE_WITH_KNOTS('',3,(#1289,#1290,#1291,#1292),
  .UNSPECIFIED.,.F.,.F.,(4,4),(0.,1.),.PIECEWISE_BEZIER_KNOTS.);
#1289 = CARTESIAN_POINT('',(-0.136001856493,0.1,3.021078870645));
#1290 = CARTESIAN_POINT('',(-7.989238801945E-02,0.1,2.957440006585));
#1291 = CARTESIAN_POINT('',(-5.142508416129E-02,0.1,2.875648079196));
#1292 = CARTESIAN_POINT('',(-5.142508416129E-02,0.1,2.775806230882));
#1293 = ORIENTED_EDGE('',*,*,#1294,.F.);
#1294 = EDGE_CURVE('NONE',#1295,#1286,#1297,.T.);
#1295 = VERTEX_POINT('NONE',#1296);
#1296 = CARTESIAN_POINT('',(-0.348887780998,0.1,3.117104449964));
#1297 = B_SPLINE_CURVE_WITH_KNOTS('',3,(#1298,#1299,#1300,#1301),
  .UNSPECIFIED.,.F.,.F.,(4,4),(1.,2.),.PIECEWISE_BEZIER_KNOTS.);
#1298 = CARTESIAN_POINT('',(-0.348887780998,0.1,3.117104449964));
#1299 = CARTESIAN_POINT('',(-0.263382727018,0.1,3.117104449964));
#1300 = CARTESIAN_POINT('',(-0.192111324968,0.1,3.08482087711));
#1301 = CARTESIAN_POINT('',(-0.136001856493,0.1,3.021078870645));
#1302 = ORIENTED_EDGE('',*,*,#1303,.F.);
#1303 = EDGE_CURVE('NONE',#1304,#1295,#1306,.T.);
#1304 = VERTEX_POINT('NONE',#1305);
#1305 = CARTESIAN_POINT('',(-0.561876847908,0.1,3.021078870645));
#1306 = B_SPLINE_CURVE_WITH_KNOTS('',3,(#1307,#1308,#1309,#1310),
  .UNSPECIFIED.,.F.,.F.,(4,4),(2.,3.),.PIECEWISE_BEZIER_KNOTS.);
#1307 = CARTESIAN_POINT('',(-0.561876847908,0.1,3.021078870645));
#1308 = CARTESIAN_POINT('',(-0.505767379434,0.1,3.08482087711));
#1309 = CARTESIAN_POINT('',(-0.434495977383,0.1,3.117104449964));
#1310 = CARTESIAN_POINT('',(-0.348887780998,0.1,3.117104449964));
#1311 = ORIENTED_EDGE('',*,*,#1312,.F.);
#1312 = EDGE_CURVE('NONE',#1313,#1304,#1315,.T.);
#1313 = VERTEX_POINT('NONE',#1314);
#1314 = CARTESIAN_POINT('',(-0.645525338593,0.1,2.775806230882));
#1315 = B_SPLINE_CURVE_WITH_KNOTS('',3,(#1316,#1317,#1318,#1319),
  .UNSPECIFIED.,.F.,.F.,(4,4),(3.,4.),.PIECEWISE_BEZIER_KNOTS.);
#1316 = CARTESIAN_POINT('',(-0.645525338593,0.1,2.775806230882));
#1317 = CARTESIAN_POINT('',(-0.645525338593,0.1,2.875648079196));
#1318 = CARTESIAN_POINT('',(-0.616954892329,0.1,2.957440006585));
#1319 = CARTESIAN_POINT('',(-0.561876847908,0.1,3.021078870645));
#1320 = ORIENTED_EDGE('',*,*,#1321,.F.);
#1321 = EDGE_CURVE('NONE',#1322,#1313,#1324,.T.);
#1322 = VERTEX_POINT('NONE',#1323);
#1323 = CARTESIAN_POINT('',(-0.561876847908,0.1,2.529656880673));
#1324 = B_SPLINE_CURVE_WITH_KNOTS('',3,(#1325,#1326,#1327,#1328),
  .UNSPECIFIED.,.F.,.F.,(4,4),(4.,5.),.PIECEWISE_BEZIER_KNOTS.);
#1325 = CARTESIAN_POINT('',(-0.561876847908,0.1,2.529656880673));
#1326 = CARTESIAN_POINT('',(-0.616954892329,0.1,2.593347315936));
#1327 = CARTESIAN_POINT('',(-0.645525338593,0.1,2.675139243325));
#1328 = CARTESIAN_POINT('',(-0.645525338593,0.1,2.775806230882));
#1329 = ORIENTED_EDGE('',*,*,#1330,.F.);
#1330 = EDGE_CURVE('NONE',#1331,#1322,#1333,.T.);
#1331 = VERTEX_POINT('NONE',#1332);
#1332 = CARTESIAN_POINT('',(-0.348887780998,0.1,2.432703019707));
#1333 = B_SPLINE_CURVE_WITH_KNOTS('',3,(#1334,#1335,#1336,#1337),
  .UNSPECIFIED.,.F.,.F.,(4,4),(5.,6.),.PIECEWISE_BEZIER_KNOTS.);
#1334 = CARTESIAN_POINT('',(-0.348887780998,0.1,2.432703019707));
#1335 = CARTESIAN_POINT('',(-0.434495977383,0.1,2.432703019707));
#1336 = CARTESIAN_POINT('',(-0.505767379434,0.1,2.465012378162));
#1337 = CARTESIAN_POINT('',(-0.561876847908,0.1,2.529656880673));
#1338 = ORIENTED_EDGE('',*,*,#1339,.F.);
#1339 = EDGE_CURVE('NONE',#1277,#1331,#1340,.T.);
#1340 = B_SPLINE_CURVE_WITH_KNOTS('',3,(#1341,#1342,#1343,#1344),
  .UNSPECIFIED.,.F.,.F.,(4,4),(6.,7.),.PIECEWISE_BEZIER_KNOTS.);
#1341 = CARTESIAN_POINT('',(-0.136001856493,0.1,2.529656880673));
#1342 = CARTESIAN_POINT('',(-0.192111324968,0.1,2.465012378162));
#1343 = CARTESIAN_POINT('',(-0.263382727018,0.1,2.432703019707));
#1344 = CARTESIAN_POINT('',(-0.348887780998,0.1,2.432703019707));
#1345 = FACE_BOUND('',#1346,.T.);
#1346 = EDGE_LOOP('NONE',(#1347,#1358,#1367,#1376,#1385,#1394,#1403,
    #1412));
#1347 = ORIENTED_EDGE('',*,*,#1348,.T.);
#1348 = EDGE_CURVE('NONE',#1349,#1351,#1353,.T.);
#1349 = VERTEX_POINT('NONE',#1350);
#1350 = CARTESIAN_POINT('',(-0.25678161308,0.1,2.896585987468));
#1351 = VERTEX_POINT('NONE',#1352);
#1352 = CARTESIAN_POINT('',(-0.226354603522,0.1,2.775806230882));
#1353 = B_SPLINE_CURVE_WITH_KNOTS('',3,(#1354,#1355,#1356,#1357),
  .UNSPECIFIED.,.F.,.F.,(4,4),(7.,8.),.PIECEWISE_BEZIER_KNOTS.);
#1354 = CARTESIAN_POINT('',(-0.25678161308,0.1,2.896585987468));
#1355 = CARTESIAN_POINT('',(-0.236771986455,0.1,2.865230696262));
#1356 = CARTESIAN_POINT('',(-0.226354603522,0.1,2.824283161365));
#1357 = CARTESIAN_POINT('',(-0.226354603522,0.1,2.775806230882));
#1358 = ORIENTED_EDGE('',*,*,#1359,.T.);
#1359 = EDGE_CURVE('NONE',#1351,#1360,#1362,.T.);
#1360 = VERTEX_POINT('NONE',#1361);
#1361 = CARTESIAN_POINT('',(-0.257709894728,0.1,2.647497078709));
#1362 = B_SPLINE_CURVE_WITH_KNOTS('',3,(#1363,#1364,#1365,#1366),
  .UNSPECIFIED.,.F.,.F.,(4,4),(0.,1.),.PIECEWISE_BEZIER_KNOTS.);
#1363 = CARTESIAN_POINT('',(-0.226354603522,0.1,2.775806230882));
#1364 = CARTESIAN_POINT('',(-0.226354603522,0.1,2.722584749756));
#1365 = CARTESIAN_POINT('',(-0.236771986455,0.1,2.680812075616));
#1366 = CARTESIAN_POINT('',(-0.257709894728,0.1,2.647497078709));
#1367 = ORIENTED_EDGE('',*,*,#1368,.T.);
#1368 = EDGE_CURVE('NONE',#1360,#1369,#1371,.T.);
#1369 = VERTEX_POINT('NONE',#1370);
#1370 = CARTESIAN_POINT('',(-0.348887780998,0.1,2.599045933828));
#1371 = B_SPLINE_CURVE_WITH_KNOTS('',3,(#1372,#1373,#1374,#1375),
  .UNSPECIFIED.,.F.,.F.,(4,4),(1.,2.),.PIECEWISE_BEZIER_KNOTS.);
#1372 = CARTESIAN_POINT('',(-0.257709894728,0.1,2.647497078709));
#1373 = CARTESIAN_POINT('',(-0.278544660595,0.1,2.615187720254));
#1374 = CARTESIAN_POINT('',(-0.308971670153,0.1,2.599045933828));
#1375 = CARTESIAN_POINT('',(-0.348887780998,0.1,2.599045933828));
#1376 = ORIENTED_EDGE('',*,*,#1377,.T.);
#1377 = EDGE_CURVE('NONE',#1369,#1378,#1380,.T.);
#1378 = VERTEX_POINT('NONE',#1379);
#1379 = CARTESIAN_POINT('',(-0.439240528026,0.1,2.647497078709));
#1380 = B_SPLINE_CURVE_WITH_KNOTS('',3,(#1381,#1382,#1383,#1384),
  .UNSPECIFIED.,.F.,.F.,(4,4),(2.,3.),.PIECEWISE_BEZIER_KNOTS.);
#1381 = CARTESIAN_POINT('',(-0.348887780998,0.1,2.599045933828));
#1382 = CARTESIAN_POINT('',(-0.388907034248,0.1,2.599045933828));
#1383 = CARTESIAN_POINT('',(-0.419230901401,0.1,2.615187720254));
#1384 = CARTESIAN_POINT('',(-0.439240528026,0.1,2.647497078709));
#1385 = ORIENTED_EDGE('',*,*,#1386,.T.);
#1386 = EDGE_CURVE('NONE',#1378,#1387,#1389,.T.);
#1387 = VERTEX_POINT('NONE',#1388);
#1388 = CARTESIAN_POINT('',(-0.470595819232,0.1,2.775806230882));
#1389 = B_SPLINE_CURVE_WITH_KNOTS('',3,(#1390,#1391,#1392,#1393),
  .UNSPECIFIED.,.F.,.F.,(4,4),(3.,4.),.PIECEWISE_BEZIER_KNOTS.);
#1390 = CARTESIAN_POINT('',(-0.439240528026,0.1,2.647497078709));
#1391 = CARTESIAN_POINT('',(-0.460178436299,0.1,2.679883793968));
#1392 = CARTESIAN_POINT('',(-0.470595819232,0.1,2.722584749756));
#1393 = CARTESIAN_POINT('',(-0.470595819232,0.1,2.775806230882));
#1394 = ORIENTED_EDGE('',*,*,#1395,.T.);
#1395 = EDGE_CURVE('NONE',#1387,#1396,#1398,.T.);
#1396 = VERTEX_POINT('NONE',#1397);
#1397 = CARTESIAN_POINT('',(-0.440168809674,0.1,2.900402256464));
#1398 = B_SPLINE_CURVE_WITH_KNOTS('',3,(#1399,#1400,#1401,#1402),
  .UNSPECIFIED.,.F.,.F.,(4,4),(4.,5.),.PIECEWISE_BEZIER_KNOTS.);
#1399 = CARTESIAN_POINT('',(-0.470595819232,0.1,2.775806230882));
#1400 = CARTESIAN_POINT('',(-0.470595819232,0.1,2.82809943036));
#1401 = CARTESIAN_POINT('',(-0.460178436299,0.1,2.869975246905));
#1402 = CARTESIAN_POINT('',(-0.440168809674,0.1,2.900402256464));
#1403 = ORIENTED_EDGE('',*,*,#1404,.T.);
#1404 = EDGE_CURVE('NONE',#1396,#1405,#1407,.T.);
#1405 = VERTEX_POINT('NONE',#1406);
#1406 = CARTESIAN_POINT('',(-0.348887780998,0.1,2.950735750242));
#1407 = B_SPLINE_CURVE_WITH_KNOTS('',3,(#1408,#1409,#1410,#1411),
  .UNSPECIFIED.,.F.,.F.,(4,4),(5.,6.),.PIECEWISE_BEZIER_KNOTS.);
#1408 = CARTESIAN_POINT('',(-0.440168809674,0.1,2.900402256464));
#1409 = CARTESIAN_POINT('',(-0.419230901401,0.1,2.933614110965));
#1410 = CARTESIAN_POINT('',(-0.388907034248,0.1,2.950735750242));
#1411 = CARTESIAN_POINT('',(-0.348887780998,0.1,2.950735750242));
#1412 = ORIENTED_EDGE('',*,*,#1413,.T.);
#1413 = EDGE_CURVE('NONE',#1405,#1349,#1414,.T.);
#1414 = B_SPLINE_CURVE_WITH_KNOTS('',3,(#1415,#1416,#1417,#1418),
  .UNSPECIFIED.,.F.,.F.,(4,4),(6.,7.),.PIECEWISE_BEZIER_KNOTS.);
#1415 = CARTESIAN_POINT('',(-0.348887780998,0.1,2.950735750242));
#1416 = CARTESIAN_POINT('',(-0.310003094206,0.1,2.950735750242));
#1417 = CARTESIAN_POINT('',(-0.278544660595,0.1,2.932685829317));
#1418 = CARTESIAN_POINT('',(-0.25678161308,0.1,2.896585987468));
#1419 = PLANE('',#1420);
#1420 = AXIS2_PLACEMENT_3D('',#1421,#1422,#1423);
#1421 = CARTESIAN_POINT('',(-7.267241964962E-02,0.1,2.638865348667));
#1422 = DIRECTION('',(0.,1.,0.));
#1423 = DIRECTION('',(0.,-0.,1.));
#1424 = ADVANCED_FACE('NONE',(#1425),#1441,.F.);
#1425 = FACE_BOUND('',#1426,.F.);
#1426 = EDGE_LOOP('NONE',(#1427,#1433,#1434,#1440));
#1427 = ORIENTED_EDGE('',*,*,#1428,.F.);
#1428 = EDGE_CURVE('NONE',#1121,#1275,#1429,.T.);
#1429 = LINE('',#1430,#1431);
#1430 = CARTESIAN_POINT('',(-5.142508416129E-02,0.101,2.775806230882));
#1431 = VECTOR('',#1432,1.);
#1432 = DIRECTION('',(-0.,-1.,-0.));
#1433 = ORIENTED_EDGE('',*,*,#1120,.T.);
#1434 = ORIENTED_EDGE('',*,*,#1435,.T.);
#1435 = EDGE_CURVE('NONE',#1123,#1277,#1436,.T.);
#1436 = LINE('',#1437,#1438);
#1437 = CARTESIAN_POINT('',(-0.136001856493,0.101,2.529656880673));
#1438 = VECTOR('',#1439,1.);
#1439 = DIRECTION('',(-0.,-1.,-0.));
#1440 = ORIENTED_EDGE('',*,*,#1274,.F.);
#1441 = B_SPLINE_SURFACE_WITH_KNOTS('',3,1,(
    (#1442,#1443)
    ,(#1444,#1445)
    ,(#1446,#1447)
    ,(#1448,#1449
    )),.UNSPECIFIED.,.F.,.F.,.F.,(4,4),(2,2),(7.,8.),(0.,1.),
  .PIECEWISE_BEZIER_KNOTS.);
#1442 = CARTESIAN_POINT('',(-5.142508416129E-02,0.101,2.775806230882));
#1443 = CARTESIAN_POINT('',(-5.142508416129E-02,0.1,2.775806230882));
#1444 = CARTESIAN_POINT('',(-5.142508416129E-02,0.101,2.675139243325));
#1445 = CARTESIAN_POINT('',(-5.142508416129E-02,0.1,2.675139243325));
#1446 = CARTESIAN_POINT('',(-7.989238801945E-02,0.101,2.593347315936));
#1447 = CARTESIAN_POINT('',(-7.989238801945E-02,0.1,2.593347315936));
#1448 = CARTESIAN_POINT('',(-0.136001856493,0.101,2.529656880673));
#1449 = CARTESIAN_POINT('',(-0.136001856493,0.1,2.529656880673));
#1450 = ADVANCED_FACE('NONE',(#1451),#1462,.F.);
#1451 = FACE_BOUND('',#1452,.F.);
#1452 = EDGE_LOOP('NONE',(#1453,#1454,#1455,#1461));
#1453 = ORIENTED_EDGE('',*,*,#1435,.F.);
#1454 = ORIENTED_EDGE('',*,*,#1131,.T.);
#1455 = ORIENTED_EDGE('',*,*,#1456,.T.);
#1456 = EDGE_CURVE('NONE',#1132,#1331,#1457,.T.);
#1457 = LINE('',#1458,#1459);
#1458 = CARTESIAN_POINT('',(-0.348887780998,0.101,2.432703019707));
#1459 = VECTOR('',#1460,1.);
#1460 = DIRECTION('',(-0.,-1.,-0.));
#1461 = ORIENTED_EDGE('',*,*,#1339,.F.);
#1462 = B_SPLINE_SURFACE_WITH_KNOTS('',3,1,(
    (#1463,#1464)
    ,(#1465,#1466)
    ,(#1467,#1468)
    ,(#1469,#1470
    )),.UNSPECIFIED.,.F.,.F.,.F.,(4,4),(2,2),(6.,7.),(0.,1.),
  .PIECEWISE_BEZIER_KNOTS.);
#1463 = CARTESIAN_POINT('',(-0.136001856493,0.101,2.529656880673));
#1464 = CARTESIAN_POINT('',(-0.136001856493,0.1,2.529656880673));
#1465 = CARTESIAN_POINT('',(-0.192111324968,0.101,2.465012378162));
#1466 = CARTESIAN_POINT('',(-0.192111324968,0.1,2.465012378162));
#1467 = CARTESIAN_POINT('',(-0.263382727018,0.101,2.432703019707));
#1468 = CARTESIAN_POINT('',(-0.263382727018,0.1,2.432703019707));
#1469 = CARTESIAN_POINT('',(-0.348887780998,0.101,2.432703019707));
#1470 = CARTESIAN_POINT('',(-0.348887780998,0.1,2.432703019707));
#1471 = ADVANCED_FACE('NONE',(#1472),#1483,.F.);
#1472 = FACE_BOUND('',#1473,.F.);
#1473 = EDGE_LOOP('NONE',(#1474,#1475,#1476,#1482));
#1474 = ORIENTED_EDGE('',*,*,#1456,.F.);
#1475 = ORIENTED_EDGE('',*,*,#1140,.T.);
#1476 = ORIENTED_EDGE('',*,*,#1477,.T.);
#1477 = EDGE_CURVE('NONE',#1141,#1322,#1478,.T.);
#1478 = LINE('',#1479,#1480);
#1479 = CARTESIAN_POINT('',(-0.561876847908,0.101,2.529656880673));
#1480 = VECTOR('',#1481,1.);
#1481 = DIRECTION('',(-0.,-1.,-0.));
#1482 = ORIENTED_EDGE('',*,*,#1330,.F.);
#1483 = B_SPLINE_SURFACE_WITH_KNOTS('',3,1,(
    (#1484,#1485)
    ,(#1486,#1487)
    ,(#1488,#1489)
    ,(#1490,#1491
    )),.UNSPECIFIED.,.F.,.F.,.F.,(4,4),(2,2),(5.,6.),(0.,1.),
  .PIECEWISE_BEZIER_KNOTS.);
#1484 = CARTESIAN_POINT('',(-0.348887780998,0.101,2.432703019707));
#1485 = CARTESIAN_POINT('',(-0.348887780998,0.1,2.432703019707));
#1486 = CARTESIAN_POINT('',(-0.434495977383,0.101,2.432703019707));
#1487 = CARTESIAN_POINT('',(-0.434495977383,0.1,2.432703019707));
#1488 = CARTESIAN_POINT('',(-0.505767379434,0.101,2.465012378162));
#1489 = CARTESIAN_POINT('',(-0.505767379434,0.1,2.465012378162));
#1490 = CARTESIAN_POINT('',(-0.561876847908,0.101,2.529656880673));
#1491 = CARTESIAN_POINT('',(-0.561876847908,0.1,2.529656880673));
#1492 = ADVANCED_FACE('NONE',(#1493),#1504,.F.);
#1493 = FACE_BOUND('',#1494,.F.);
#1494 = EDGE_LOOP('NONE',(#1495,#1496,#1497,#1503));
#1495 = ORIENTED_EDGE('',*,*,#1477,.F.);
#1496 = ORIENTED_EDGE('',*,*,#1149,.T.);
#1497 = ORIENTED_EDGE('',*,*,#1498,.T.);
#1498 = EDGE_CURVE('NONE',#1150,#1313,#1499,.T.);
#1499 = LINE('',#1500,#1501);
#1500 = CARTESIAN_POINT('',(-0.645525338593,0.101,2.775806230882));
#1501 = VECTOR('',#1502,1.);
#1502 = DIRECTION('',(-0.,-1.,-0.));
#1503 = ORIENTED_EDGE('',*,*,#1321,.F.);
#1504 = B_SPLINE_SURFACE_WITH_KNOTS('',3,1,(
    (#1505,#1506)
    ,(#1507,#1508)
    ,(#1509,#1510)
    ,(#1511,#1512
    )),.UNSPECIFIED.,.F.,.F.,.F.,(4,4),(2,2),(4.,5.),(0.,1.),
  .PIECEWISE_BEZIER_KNOTS.);
#1505 = CARTESIAN_POINT('',(-0.561876847908,0.101,2.529656880673));
#1506 = CARTESIAN_POINT('',(-0.561876847908,0.1,2.529656880673));
#1507 = CARTESIAN_POINT('',(-0.616954892329,0.101,2.593347315936));
#1508 = CARTESIAN_POINT('',(-0.616954892329,0.1,2.593347315936));
#1509 = CARTESIAN_POINT('',(-0.645525338593,0.101,2.675139243325));
#1510 = CARTESIAN_POINT('',(-0.645525338593,0.1,2.675139243325));
#1511 = CARTESIAN_POINT('',(-0.645525338593,0.101,2.775806230882));
#1512 = CARTESIAN_POINT('',(-0.645525338593,0.1,2.775806230882));
#1513 = ADVANCED_FACE('NONE',(#1514),#1525,.F.);
#1514 = FACE_BOUND('',#1515,.F.);
#1515 = EDGE_LOOP('NONE',(#1516,#1517,#1518,#1524));
#1516 = ORIENTED_EDGE('',*,*,#1498,.F.);
#1517 = ORIENTED_EDGE('',*,*,#1158,.T.);
#1518 = ORIENTED_EDGE('',*,*,#1519,.T.);
#1519 = EDGE_CURVE('NONE',#1159,#1304,#1520,.T.);
#1520 = LINE('',#1521,#1522);
#1521 = CARTESIAN_POINT('',(-0.561876847908,0.101,3.021078870645));
#1522 = VECTOR('',#1523,1.);
#1523 = DIRECTION('',(-0.,-1.,-0.));
#1524 = ORIENTED_EDGE('',*,*,#1312,.F.);
#1525 = B_SPLINE_SURFACE_WITH_KNOTS('',3,1,(
    (#1526,#1527)
    ,(#1528,#1529)
    ,(#1530,#1531)
    ,(#1532,#1533
    )),.UNSPECIFIED.,.F.,.F.,.F.,(4,4),(2,2),(3.,4.),(0.,1.),
  .PIECEWISE_BEZIER_KNOTS.);
#1526 = CARTESIAN_POINT('',(-0.645525338593,0.101,2.775806230882));
#1527 = CARTESIAN_POINT('',(-0.645525338593,0.1,2.775806230882));
#1528 = CARTESIAN_POINT('',(-0.645525338593,0.101,2.875648079196));
#1529 = CARTESIAN_POINT('',(-0.645525338593,0.1,2.875648079196));
#1530 = CARTESIAN_POINT('',(-0.616954892329,0.101,2.957440006585));
#1531 = CARTESIAN_POINT('',(-0.616954892329,0.1,2.957440006585));
#1532 = CARTESIAN_POINT('',(-0.561876847908,0.101,3.021078870645));
#1533 = CARTESIAN_POINT('',(-0.561876847908,0.1,3.021078870645));
#1534 = ADVANCED_FACE('NONE',(#1535),#1546,.F.);
#1535 = FACE_BOUND('',#1536,.F.);
#1536 = EDGE_LOOP('NONE',(#1537,#1538,#1539,#1545));
#1537 = ORIENTED_EDGE('',*,*,#1519,.F.);
#1538 = ORIENTED_EDGE('',*,*,#1167,.T.);
#1539 = ORIENTED_EDGE('',*,*,#1540,.T.);
#1540 = EDGE_CURVE('NONE',#1168,#1295,#1541,.T.);
#1541 = LINE('',#1542,#1543);
#1542 = CARTESIAN_POINT('',(-0.348887780998,0.101,3.117104449964));
#1543 = VECTOR('',#1544,1.);
#1544 = DIRECTION('',(-0.,-1.,-0.));
#1545 = ORIENTED_EDGE('',*,*,#1303,.F.);
#1546 = B_SPLINE_SURFACE_WITH_KNOTS('',3,1,(
    (#1547,#1548)
    ,(#1549,#1550)
    ,(#1551,#1552)
    ,(#1553,#1554
    )),.UNSPECIFIED.,.F.,.F.,.F.,(4,4),(2,2),(2.,3.),(0.,1.),
  .PIECEWISE_BEZIER_KNOTS.);
#1547 = CARTESIAN_POINT('',(-0.561876847908,0.101,3.021078870645));
#1548 = CARTESIAN_POINT('',(-0.561876847908,0.1,3.021078870645));
#1549 = CARTESIAN_POINT('',(-0.505767379434,0.101,3.08482087711));
#1550 = CARTESIAN_POINT('',(-0.505767379434,0.1,3.08482087711));
#1551 = CARTESIAN_POINT('',(-0.434495977383,0.101,3.117104449964));
#1552 = CARTESIAN_POINT('',(-0.434495977383,0.1,3.117104449964));
#1553 = CARTESIAN_POINT('',(-0.348887780998,0.101,3.117104449964));
#1554 = CARTESIAN_POINT('',(-0.348887780998,0.1,3.117104449964));
#1555 = ADVANCED_FACE('NONE',(#1556),#1567,.F.);
#1556 = FACE_BOUND('',#1557,.F.);
#1557 = EDGE_LOOP('NONE',(#1558,#1559,#1560,#1566));
#1558 = ORIENTED_EDGE('',*,*,#1540,.F.);
#1559 = ORIENTED_EDGE('',*,*,#1176,.T.);
#1560 = ORIENTED_EDGE('',*,*,#1561,.T.);
#1561 = EDGE_CURVE('NONE',#1177,#1286,#1562,.T.);
#1562 = LINE('',#1563,#1564);
#1563 = CARTESIAN_POINT('',(-0.136001856493,0.101,3.021078870645));
#1564 = VECTOR('',#1565,1.);
#1565 = DIRECTION('',(-0.,-1.,-0.));
#1566 = ORIENTED_EDGE('',*,*,#1294,.F.);
#1567 = B_SPLINE_SURFACE_WITH_KNOTS('',3,1,(
    (#1568,#1569)
    ,(#1570,#1571)
    ,(#1572,#1573)
    ,(#1574,#1575
    )),.UNSPECIFIED.,.F.,.F.,.F.,(4,4),(2,2),(1.,2.),(0.,1.),
  .PIECEWISE_BEZIER_KNOTS.);
#1568 = CARTESIAN_POINT('',(-0.348887780998,0.101,3.117104449964));
#1569 = CARTESIAN_POINT('',(-0.348887780998,0.1,3.117104449964));
#1570 = CARTESIAN_POINT('',(-0.263382727018,0.101,3.117104449964));
#1571 = CARTESIAN_POINT('',(-0.263382727018,0.1,3.117104449964));
#1572 = CARTESIAN_POINT('',(-0.192111324968,0.101,3.08482087711));
#1573 = CARTESIAN_POINT('',(-0.192111324968,0.1,3.08482087711));
#1574 = CARTESIAN_POINT('',(-0.136001856493,0.101,3.021078870645));
#1575 = CARTESIAN_POINT('',(-0.136001856493,0.1,3.021078870645));
#1576 = ADVANCED_FACE('NONE',(#1577),#1583,.F.);
#1577 = FACE_BOUND('',#1578,.F.);
#1578 = EDGE_LOOP('NONE',(#1579,#1580,#1581,#1582));
#1579 = ORIENTED_EDGE('',*,*,#1561,.F.);
#1580 = ORIENTED_EDGE('',*,*,#1185,.T.);
#1581 = ORIENTED_EDGE('',*,*,#1428,.T.);
#1582 = ORIENTED_EDGE('',*,*,#1285,.F.);
#1583 = B_SPLINE_SURFACE_WITH_KNOTS('',3,1,(
    (#1584,#1585)
    ,(#1586,#1587)
    ,(#1588,#1589)
    ,(#1590,#1591
    )),.UNSPECIFIED.,.F.,.F.,.F.,(4,4),(2,2),(0.,1.),(0.,1.),
  .PIECEWISE_BEZIER_KNOTS.);
#1584 = CARTESIAN_POINT('',(-0.136001856493,0.101,3.021078870645));
#1585 = CARTESIAN_POINT('',(-0.136001856493,0.1,3.021078870645));
#1586 = CARTESIAN_POINT('',(-7.989238801945E-02,0.101,2.957440006585));
#1587 = CARTESIAN_POINT('',(-7.989238801945E-02,0.1,2.957440006585));
#1588 = CARTESIAN_POINT('',(-5.142508416129E-02,0.101,2.875648079196));
#1589 = CARTESIAN_POINT('',(-5.142508416129E-02,0.1,2.875648079196));
#1590 = CARTESIAN_POINT('',(-5.142508416129E-02,0.101,2.775806230882));
#1591 = CARTESIAN_POINT('',(-5.142508416129E-02,0.1,2.775806230882));
#1592 = ADVANCED_FACE('NONE',(#1593),#1609,.T.);
#1593 = FACE_BOUND('',#1594,.T.);
#1594 = EDGE_LOOP('NONE',(#1595,#1596,#1602,#1603));
#1595 = ORIENTED_EDGE('',*,*,#1348,.F.);
#1596 = ORIENTED_EDGE('',*,*,#1597,.F.);
#1597 = EDGE_CURVE('NONE',#1206,#1349,#1598,.T.);
#1598 = LINE('',#1599,#1600);
#1599 = CARTESIAN_POINT('',(-0.25678161308,0.101,2.896585987468));
#1600 = VECTOR('',#1601,1.);
#1601 = DIRECTION('',(-0.,-1.,-0.));
#1602 = ORIENTED_EDGE('',*,*,#1205,.T.);
#1603 = ORIENTED_EDGE('',*,*,#1604,.T.);
#1604 = EDGE_CURVE('NONE',#1195,#1351,#1605,.T.);
#1605 = LINE('',#1606,#1607);
#1606 = CARTESIAN_POINT('',(-0.226354603522,0.101,2.775806230882));
#1607 = VECTOR('',#1608,1.);
#1608 = DIRECTION('',(-0.,-1.,-0.));
#1609 = B_SPLINE_SURFACE_WITH_KNOTS('',3,1,(
    (#1610,#1611)
    ,(#1612,#1613)
    ,(#1614,#1615)
    ,(#1616,#1617
    )),.UNSPECIFIED.,.F.,.F.,.F.,(4,4),(2,2),(7.,8.),(0.,1.),
  .PIECEWISE_BEZIER_KNOTS.);
#1610 = CARTESIAN_POINT('',(-0.25678161308,0.101,2.896585987468));
#1611 = CARTESIAN_POINT('',(-0.25678161308,0.1,2.896585987468));
#1612 = CARTESIAN_POINT('',(-0.236771986455,0.101,2.865230696262));
#1613 = CARTESIAN_POINT('',(-0.236771986455,0.1,2.865230696262));
#1614 = CARTESIAN_POINT('',(-0.226354603522,0.101,2.824283161365));
#1615 = CARTESIAN_POINT('',(-0.226354603522,0.1,2.824283161365));
#1616 = CARTESIAN_POINT('',(-0.226354603522,0.101,2.775806230882));
#1617 = CARTESIAN_POINT('',(-0.226354603522,0.1,2.775806230882));
#1618 = ADVANCED_FACE('NONE',(#1619),#1630,.T.);
#1619 = FACE_BOUND('',#1620,.T.);
#1620 = EDGE_LOOP('NONE',(#1621,#1622,#1623,#1624));
#1621 = ORIENTED_EDGE('',*,*,#1359,.F.);
#1622 = ORIENTED_EDGE('',*,*,#1604,.F.);
#1623 = ORIENTED_EDGE('',*,*,#1194,.T.);
#1624 = ORIENTED_EDGE('',*,*,#1625,.T.);
#1625 = EDGE_CURVE('NONE',#1197,#1360,#1626,.T.);
#1626 = LINE('',#1627,#1628);
#1627 = CARTESIAN_POINT('',(-0.257709894728,0.101,2.647497078709));
#1628 = VECTOR('',#1629,1.);
#1629 = DIRECTION('',(-0.,-1.,-0.));
#1630 = B_SPLINE_SURFACE_WITH_KNOTS('',3,1,(
    (#1631,#1632)
    ,(#1633,#1634)
    ,(#1635,#1636)
    ,(#1637,#1638
    )),.UNSPECIFIED.,.F.,.F.,.F.,(4,4),(2,2),(0.,1.),(0.,1.),
  .PIECEWISE_BEZIER_KNOTS.);
#1631 = CARTESIAN_POINT('',(-0.226354603522,0.101,2.775806230882));
#1632 = CARTESIAN_POINT('',(-0.226354603522,0.1,2.775806230882));
#1633 = CARTESIAN_POINT('',(-0.226354603522,0.101,2.722584749756));
#1634 = CARTESIAN_POINT('',(-0.226354603522,0.1,2.722584749756));
#1635 = CARTESIAN_POINT('',(-0.236771986455,0.101,2.680812075616));
#1636 = CARTESIAN_POINT('',(-0.236771986455,0.1,2.680812075616));
#1637 = CARTESIAN_POINT('',(-0.257709894728,0.101,2.647497078709));
#1638 = CARTESIAN_POINT('',(-0.257709894728,0.1,2.647497078709));
#1639 = ADVANCED_FACE('NONE',(#1640),#1651,.T.);
#1640 = FACE_BOUND('',#1641,.T.);
#1641 = EDGE_LOOP('NONE',(#1642,#1643,#1644,#1645));
#1642 = ORIENTED_EDGE('',*,*,#1368,.F.);
#1643 = ORIENTED_EDGE('',*,*,#1625,.F.);
#1644 = ORIENTED_EDGE('',*,*,#1259,.T.);
#1645 = ORIENTED_EDGE('',*,*,#1646,.T.);
#1646 = EDGE_CURVE('NONE',#1251,#1369,#1647,.T.);
#1647 = LINE('',#1648,#1649);
#1648 = CARTESIAN_POINT('',(-0.348887780998,0.101,2.599045933828));
#1649 = VECTOR('',#1650,1.);
#1650 = DIRECTION('',(-0.,-1.,-0.));
#1651 = B_SPLINE_SURFACE_WITH_KNOTS('',3,1,(
    (#1652,#1653)
    ,(#1654,#1655)
    ,(#1656,#1657)
    ,(#1658,#1659
    )),.UNSPECIFIED.,.F.,.F.,.F.,(4,4),(2,2),(1.,2.),(0.,1.),
  .PIECEWISE_BEZIER_KNOTS.);
#1652 = CARTESIAN_POINT('',(-0.257709894728,0.101,2.647497078709));
#1653 = CARTESIAN_POINT('',(-0.257709894728,0.1,2.647497078709));
#1654 = CARTESIAN_POINT('',(-0.278544660595,0.101,2.615187720254));
#1655 = CARTESIAN_POINT('',(-0.278544660595,0.1,2.615187720254));
#1656 = CARTESIAN_POINT('',(-0.308971670153,0.101,2.599045933828));
#1657 = CARTESIAN_POINT('',(-0.308971670153,0.1,2.599045933828));
#1658 = CARTESIAN_POINT('',(-0.348887780998,0.101,2.599045933828));
#1659 = CARTESIAN_POINT('',(-0.348887780998,0.1,2.599045933828));
#1660 = ADVANCED_FACE('NONE',(#1661),#1672,.T.);
#1661 = FACE_BOUND('',#1662,.T.);
#1662 = EDGE_LOOP('NONE',(#1663,#1664,#1665,#1666));
#1663 = ORIENTED_EDGE('',*,*,#1377,.F.);
#1664 = ORIENTED_EDGE('',*,*,#1646,.F.);
#1665 = ORIENTED_EDGE('',*,*,#1250,.T.);
#1666 = ORIENTED_EDGE('',*,*,#1667,.T.);
#1667 = EDGE_CURVE('NONE',#1242,#1378,#1668,.T.);
#1668 = LINE('',#1669,#1670);
#1669 = CARTESIAN_POINT('',(-0.439240528026,0.101,2.647497078709));
#1670 = VECTOR('',#1671,1.);
#1671 = DIRECTION('',(-0.,-1.,-0.));
#1672 = B_SPLINE_SURFACE_WITH_KNOTS('',3,1,(
    (#1673,#1674)
    ,(#1675,#1676)
    ,(#1677,#1678)
    ,(#1679,#1680
    )),.UNSPECIFIED.,.F.,.F.,.F.,(4,4),(2,2),(2.,3.),(0.,1.),
  .PIECEWISE_BEZIER_KNOTS.);
#1673 = CARTESIAN_POINT('',(-0.348887780998,0.101,2.599045933828));
#1674 = CARTESIAN_POINT('',(-0.348887780998,0.1,2.599045933828));
#1675 = CARTESIAN_POINT('',(-0.388907034248,0.101,2.599045933828));
#1676 = CARTESIAN_POINT('',(-0.388907034248,0.1,2.599045933828));
#1677 = CARTESIAN_POINT('',(-0.419230901401,0.101,2.615187720254));
#1678 = CARTESIAN_POINT('',(-0.419230901401,0.1,2.615187720254));
#1679 = CARTESIAN_POINT('',(-0.439240528026,0.101,2.647497078709));
#1680 = CARTESIAN_POINT('',(-0.439240528026,0.1,2.647497078709));
#1681 = ADVANCED_FACE('NONE',(#1682),#1693,.T.);
#1682 = FACE_BOUND('',#1683,.T.);
#1683 = EDGE_LOOP('NONE',(#1684,#1685,#1686,#1687));
#1684 = ORIENTED_EDGE('',*,*,#1386,.F.);
#1685 = ORIENTED_EDGE('',*,*,#1667,.F.);
#1686 = ORIENTED_EDGE('',*,*,#1241,.T.);
#1687 = ORIENTED_EDGE('',*,*,#1688,.T.);
#1688 = EDGE_CURVE('NONE',#1233,#1387,#1689,.T.);
#1689 = LINE('',#1690,#1691);
#1690 = CARTESIAN_POINT('',(-0.470595819232,0.101,2.775806230882));
#1691 = VECTOR('',#1692,1.);
#1692 = DIRECTION('',(-0.,-1.,-0.));
#1693 = B_SPLINE_SURFACE_WITH_KNOTS('',3,1,(
    (#1694,#1695)
    ,(#1696,#1697)
    ,(#1698,#1699)
    ,(#1700,#1701
    )),.UNSPECIFIED.,.F.,.F.,.F.,(4,4),(2,2),(3.,4.),(0.,1.),
  .PIECEWISE_BEZIER_KNOTS.);
#1694 = CARTESIAN_POINT('',(-0.439240528026,0.101,2.647497078709));
#1695 = CARTESIAN_POINT('',(-0.439240528026,0.1,2.647497078709));
#1696 = CARTESIAN_POINT('',(-0.460178436299,0.101,2.679883793968));
#1697 = CARTESIAN_POINT('',(-0.460178436299,0.1,2.679883793968));
#1698 = CARTESIAN_POINT('',(-0.470595819232,0.101,2.722584749756));
#1699 = CARTESIAN_POINT('',(-0.470595819232,0.1,2.722584749756));
#1700 = CARTESIAN_POINT('',(-0.470595819232,0.101,2.775806230882));
#1701 = CARTESIAN_POINT('',(-0.470595819232,0.1,2.775806230882));
#1702 = ADVANCED_FACE('NONE',(#1703),#1714,.T.);
#1703 = FACE_BOUND('',#1704,.T.);
#1704 = EDGE_LOOP('NONE',(#1705,#1706,#1707,#1708));
#1705 = ORIENTED_EDGE('',*,*,#1395,.F.);
#1706 = ORIENTED_EDGE('',*,*,#1688,.F.);
#1707 = ORIENTED_EDGE('',*,*,#1232,.T.);
#1708 = ORIENTED_EDGE('',*,*,#1709,.T.);
#1709 = EDGE_CURVE('NONE',#1224,#1396,#1710,.T.);
#1710 = LINE('',#1711,#1712);
#1711 = CARTESIAN_POINT('',(-0.440168809674,0.101,2.900402256464));
#1712 = VECTOR('',#1713,1.);
#1713 = DIRECTION('',(-0.,-1.,-0.));
#1714 = B_SPLINE_SURFACE_WITH_KNOTS('',3,1,(
    (#1715,#1716)
    ,(#1717,#1718)
    ,(#1719,#1720)
    ,(#1721,#1722
    )),.UNSPECIFIED.,.F.,.F.,.F.,(4,4),(2,2),(4.,5.),(0.,1.),
  .PIECEWISE_BEZIER_KNOTS.);
#1715 = CARTESIAN_POINT('',(-0.470595819232,0.101,2.775806230882));
#1716 = CARTESIAN_POINT('',(-0.470595819232,0.1,2.775806230882));
#1717 = CARTESIAN_POINT('',(-0.470595819232,0.101,2.82809943036));
#1718 = CARTESIAN_POINT('',(-0.470595819232,0.1,2.82809943036));
#1719 = CARTESIAN_POINT('',(-0.460178436299,0.101,2.869975246905));
#1720 = CARTESIAN_POINT('',(-0.460178436299,0.1,2.869975246905));
#1721 = CARTESIAN_POINT('',(-0.440168809674,0.101,2.900402256464));
#1722 = CARTESIAN_POINT('',(-0.440168809674,0.1,2.900402256464));
#1723 = ADVANCED_FACE('NONE',(#1724),#1735,.T.);
#1724 = FACE_BOUND('',#1725,.T.);
#1725 = EDGE_LOOP('NONE',(#1726,#1727,#1728,#1729));
#1726 = ORIENTED_EDGE('',*,*,#1404,.F.);
#1727 = ORIENTED_EDGE('',*,*,#1709,.F.);
#1728 = ORIENTED_EDGE('',*,*,#1223,.T.);
#1729 = ORIENTED_EDGE('',*,*,#1730,.T.);
#1730 = EDGE_CURVE('NONE',#1215,#1405,#1731,.T.);
#1731 = LINE('',#1732,#1733);
#1732 = CARTESIAN_POINT('',(-0.348887780998,0.101,2.950735750242));
#1733 = VECTOR('',#1734,1.);
#1734 = DIRECTION('',(-0.,-1.,-0.));
#1735 = B_SPLINE_SURFACE_WITH_KNOTS('',3,1,(
    (#1736,#1737)
    ,(#1738,#1739)
    ,(#1740,#1741)
    ,(#1742,#1743
    )),.UNSPECIFIED.,.F.,.F.,.F.,(4,4),(2,2),(5.,6.),(0.,1.),
  .PIECEWISE_BEZIER_KNOTS.);
#1736 = CARTESIAN_POINT('',(-0.440168809674,0.101,2.900402256464));
#1737 = CARTESIAN_POINT('',(-0.440168809674,0.1,2.900402256464));
#1738 = CARTESIAN_POINT('',(-0.419230901401,0.101,2.933614110965));
#1739 = CARTESIAN_POINT('',(-0.419230901401,0.1,2.933614110965));
#1740 = CARTESIAN_POINT('',(-0.388907034248,0.101,2.950735750242));
#1741 = CARTESIAN_POINT('',(-0.388907034248,0.1,2.950735750242));
#1742 = CARTESIAN_POINT('',(-0.348887780998,0.101,2.950735750242));
#1743 = CARTESIAN_POINT('',(-0.348887780998,0.1,2.950735750242));
#1744 = ADVANCED_FACE('NONE',(#1745),#1751,.T.);
#1745 = FACE_BOUND('',#1746,.T.);
#1746 = EDGE_LOOP('NONE',(#1747,#1748,#1749,#1750));
#1747 = ORIENTED_EDGE('',*,*,#1413,.F.);
#1748 = ORIENTED_EDGE('',*,*,#1730,.F.);
#1749 = ORIENTED_EDGE('',*,*,#1214,.T.);
#1750 = ORIENTED_EDGE('',*,*,#1597,.T.);
#1751 = B_SPLINE_SURFACE_WITH_KNOTS('',3,1,(
    (#1752,#1753)
    ,(#1754,#1755)
    ,(#1756,#1757)
    ,(#1758,#1759
    )),.UNSPECIFIED.,.F.,.F.,.F.,(4,4),(2,2),(6.,7.),(0.,1.),
  .PIECEWISE_BEZIER_KNOTS.);
#1752 = CARTESIAN_POINT('',(-0.348887780998,0.101,2.950735750242));
#1753 = CARTESIAN_POINT('',(-0.348887780998,0.1,2.950735750242));
#1754 = CARTESIAN_POINT('',(-0.310003094206,0.101,2.950735750242));
#1755 = CARTESIAN_POINT('',(-0.310003094206,0.1,2.950735750242));
#1756 = CARTESIAN_POINT('',(-0.278544660595,0.101,2.932685829317));
#1757 = CARTESIAN_POINT('',(-0.278544660595,0.1,2.932685829317));
#1758 = CARTESIAN_POINT('',(-0.25678161308,0.101,2.896585987468));
#1759 = CARTESIAN_POINT('',(-0.25678161308,0.1,2.896585987468));
#1760 = MANIFOLD_SOLID_BREP('u-blox_LOGO[4]',#1761);
#1761 = CLOSED_SHELL('NONE',(#1762,#1802,#1833,#1864,#1895,#1932,#1969,
    #2000,#2031,#2062,#2093,#2124,#2155,#2192,#2229,#2260,#2282,#2306));
#1762 = ADVANCED_FACE('NONE',(#1763),#1797,.F.);
#1763 = FACE_BOUND('',#1764,.T.);
#1764 = EDGE_LOOP('NONE',(#1765,#1775,#1783,#1791));
#1765 = ORIENTED_EDGE('',*,*,#1766,.T.);
#1766 = EDGE_CURVE('NONE',#1767,#1769,#1771,.T.);
#1767 = VERTEX_POINT('NONE',#1768);
#1768 = CARTESIAN_POINT('',(0.647261569227,0.1,3.102870798035));
#1769 = VERTEX_POINT('NONE',#1770);
#1770 = CARTESIAN_POINT('',(0.414366018098,0.1,2.747338927023));
#1771 = LINE('',#1772,#1773);
#1772 = CARTESIAN_POINT('',(0.414366018098,0.1,2.747338927023));
#1773 = VECTOR('',#1774,1.);
#1774 = DIRECTION('',(-0.547961851722,-0.,-0.836503322801));
#1775 = ORIENTED_EDGE('',*,*,#1776,.F.);
#1776 = EDGE_CURVE('NONE',#1777,#1769,#1779,.T.);
#1777 = VERTEX_POINT('NONE',#1778);
#1778 = CARTESIAN_POINT('',(0.414366018098,0.101,2.747338927023));
#1779 = LINE('',#1780,#1781);
#1780 = CARTESIAN_POINT('',(0.414366018098,0.101,2.747338927023));
#1781 = VECTOR('',#1782,1.);
#1782 = DIRECTION('',(-0.,-1.,-0.));
#1783 = ORIENTED_EDGE('',*,*,#1784,.F.);
#1784 = EDGE_CURVE('NONE',#1785,#1777,#1787,.T.);
#1785 = VERTEX_POINT('NONE',#1786);
#1786 = CARTESIAN_POINT('',(0.647261569227,0.101,3.102870798035));
#1787 = LINE('',#1788,#1789);
#1788 = CARTESIAN_POINT('',(0.414366018098,0.101,2.747338927023));
#1789 = VECTOR('',#1790,1.);
#1790 = DIRECTION('',(-0.547961851722,-0.,-0.836503322801));
#1791 = ORIENTED_EDGE('',*,*,#1792,.T.);
#1792 = EDGE_CURVE('NONE',#1785,#1767,#1793,.T.);
#1793 = LINE('',#1794,#1795);
#1794 = CARTESIAN_POINT('',(0.647261569227,0.101,3.102870798035));
#1795 = VECTOR('',#1796,1.);
#1796 = DIRECTION('',(-0.,-1.,-0.));
#1797 = PLANE('',#1798);
#1798 = AXIS2_PLACEMENT_3D('',#1799,#1800,#1801);
#1799 = CARTESIAN_POINT('',(0.414366018098,0.101,2.747338927023));
#1800 = DIRECTION('',(-0.836503322801,0.,0.547961851722));
#1801 = DIRECTION('',(0.547961851722,0.,0.836503322801));
#1802 = ADVANCED_FACE('NONE',(#1803),#1828,.F.);
#1803 = FACE_BOUND('',#1804,.T.);
#1804 = EDGE_LOOP('NONE',(#1805,#1813,#1821,#1827));
#1805 = ORIENTED_EDGE('',*,*,#1806,.T.);
#1806 = EDGE_CURVE('NONE',#1769,#1807,#1809,.T.);
#1807 = VERTEX_POINT('NONE',#1808);
#1808 = CARTESIAN_POINT('',(0.612090009026,0.1,2.446008389989));
#1809 = LINE('',#1810,#1811);
#1810 = CARTESIAN_POINT('',(0.612090009026,0.1,2.446008389989));
#1811 = VECTOR('',#1812,1.);
#1812 = DIRECTION('',(0.54860955768,-0.,-0.836078676454));
#1813 = ORIENTED_EDGE('',*,*,#1814,.F.);
#1814 = EDGE_CURVE('NONE',#1815,#1807,#1817,.T.);
#1815 = VERTEX_POINT('NONE',#1816);
#1816 = CARTESIAN_POINT('',(0.612090009026,0.101,2.446008389989));
#1817 = LINE('',#1818,#1819);
#1818 = CARTESIAN_POINT('',(0.612090009026,0.101,2.446008389989));
#1819 = VECTOR('',#1820,1.);
#1820 = DIRECTION('',(-0.,-1.,-0.));
#1821 = ORIENTED_EDGE('',*,*,#1822,.F.);
#1822 = EDGE_CURVE('NONE',#1777,#1815,#1823,.T.);
#1823 = LINE('',#1824,#1825);
#1824 = CARTESIAN_POINT('',(0.612090009026,0.101,2.446008389989));
#1825 = VECTOR('',#1826,1.);
#1826 = DIRECTION('',(0.54860955768,-0.,-0.836078676454));
#1827 = ORIENTED_EDGE('',*,*,#1776,.T.);
#1828 = PLANE('',#1829);
#1829 = AXIS2_PLACEMENT_3D('',#1830,#1831,#1832);
#1830 = CARTESIAN_POINT('',(0.612090009026,0.101,2.446008389989));
#1831 = DIRECTION('',(-0.836078676454,0.,-0.54860955768));
#1832 = DIRECTION('',(-0.54860955768,0.,0.836078676454));
#1833 = ADVANCED_FACE('NONE',(#1834),#1859,.F.);
#1834 = FACE_BOUND('',#1835,.T.);
#1835 = EDGE_LOOP('NONE',(#1836,#1844,#1852,#1858));
#1836 = ORIENTED_EDGE('',*,*,#1837,.T.);
#1837 = EDGE_CURVE('NONE',#1807,#1838,#1840,.T.);
#1838 = VERTEX_POINT('NONE',#1839);
#1839 = CARTESIAN_POINT('',(0.406733480107,0.1,2.446008389989));
#1840 = LINE('',#1841,#1842);
#1841 = CARTESIAN_POINT('',(0.406733480107,0.1,2.446008389989));
#1842 = VECTOR('',#1843,1.);
#1843 = DIRECTION('',(-1.,-0.,-0.));
#1844 = ORIENTED_EDGE('',*,*,#1845,.F.);
#1845 = EDGE_CURVE('NONE',#1846,#1838,#1848,.T.);
#1846 = VERTEX_POINT('NONE',#1847);
#1847 = CARTESIAN_POINT('',(0.406733480107,0.101,2.446008389989));
#1848 = LINE('',#1849,#1850);
#1849 = CARTESIAN_POINT('',(0.406733480107,0.101,2.446008389989));
#1850 = VECTOR('',#1851,1.);
#1851 = DIRECTION('',(-0.,-1.,-0.));
#1852 = ORIENTED_EDGE('',*,*,#1853,.F.);
#1853 = EDGE_CURVE('NONE',#1815,#1846,#1854,.T.);
#1854 = LINE('',#1855,#1856);
#1855 = CARTESIAN_POINT('',(0.406733480107,0.101,2.446008389989));
#1856 = VECTOR('',#1857,1.);
#1857 = DIRECTION('',(-1.,-0.,-0.));
#1858 = ORIENTED_EDGE('',*,*,#1814,.T.);
#1859 = PLANE('',#1860);
#1860 = AXIS2_PLACEMENT_3D('',#1861,#1862,#1863);
#1861 = CARTESIAN_POINT('',(0.406733480107,0.101,2.446008389989));
#1862 = DIRECTION('',(0.,0.,1.));
#1863 = DIRECTION('',(1.,0.,-0.));
#1864 = ADVANCED_FACE('NONE',(#1865),#1890,.F.);
#1865 = FACE_BOUND('',#1866,.T.);
#1866 = EDGE_LOOP('NONE',(#1867,#1875,#1883,#1889));
#1867 = ORIENTED_EDGE('',*,*,#1868,.T.);
#1868 = EDGE_CURVE('NONE',#1838,#1869,#1871,.T.);
#1869 = VERTEX_POINT('NONE',#1870);
#1870 = CARTESIAN_POINT('',(0.375378188901,0.1,2.500183938364));
#1871 = LINE('',#1872,#1873);
#1872 = CARTESIAN_POINT('',(0.375378188901,0.1,2.500183938364));
#1873 = VECTOR('',#1874,1.);
#1874 = DIRECTION('',(-0.500922597321,-0.,0.865492086326));
#1875 = ORIENTED_EDGE('',*,*,#1876,.F.);
#1876 = EDGE_CURVE('NONE',#1877,#1869,#1879,.T.);
#1877 = VERTEX_POINT('NONE',#1878);
#1878 = CARTESIAN_POINT('',(0.375378188901,0.101,2.500183938364));
#1879 = LINE('',#1880,#1881);
#1880 = CARTESIAN_POINT('',(0.375378188901,0.101,2.500183938364));
#1881 = VECTOR('',#1882,1.);
#1882 = DIRECTION('',(-0.,-1.,-0.));
#1883 = ORIENTED_EDGE('',*,*,#1884,.F.);
#1884 = EDGE_CURVE('NONE',#1846,#1877,#1885,.T.);
#1885 = LINE('',#1886,#1887);
#1886 = CARTESIAN_POINT('',(0.375378188901,0.101,2.500183938364));
#1887 = VECTOR('',#1888,1.);
#1888 = DIRECTION('',(-0.500922597321,-0.,0.865492086326));
#1889 = ORIENTED_EDGE('',*,*,#1845,.T.);
#1890 = PLANE('',#1891);
#1891 = AXIS2_PLACEMENT_3D('',#1892,#1893,#1894);
#1892 = CARTESIAN_POINT('',(0.375378188901,0.101,2.500183938364));
#1893 = DIRECTION('',(0.865492086326,-0.,0.500922597321));
#1894 = DIRECTION('',(0.500922597321,0.,-0.865492086326));
#1895 = ADVANCED_FACE('NONE',(#1896),#1923,.F.);
#1896 = FACE_BOUND('',#1897,.F.);
#1897 = EDGE_LOOP('NONE',(#1898,#1899,#1908,#1916));
#1898 = ORIENTED_EDGE('',*,*,#1876,.F.);
#1899 = ORIENTED_EDGE('',*,*,#1900,.T.);
#1900 = EDGE_CURVE('NONE',#1877,#1901,#1903,.T.);
#1901 = VERTEX_POINT('NONE',#1902);
#1902 = CARTESIAN_POINT('',(0.315452451431,0.101,2.605698618968));
#1903 = B_SPLINE_CURVE_WITH_KNOTS('',3,(#1904,#1905,#1906,#1907),
  .UNSPECIFIED.,.F.,.F.,(4,4),(11.,12.),.PIECEWISE_BEZIER_KNOTS.);
#1904 = CARTESIAN_POINT('',(0.375378188901,0.101,2.500183938364));
#1905 = CARTESIAN_POINT('',(0.343094616047,0.101,2.556267621236));
#1906 = CARTESIAN_POINT('',(0.323084989422,0.101,2.592393248687));
#1907 = CARTESIAN_POINT('',(0.315452451431,0.101,2.605698618968));
#1908 = ORIENTED_EDGE('',*,*,#1909,.T.);
#1909 = EDGE_CURVE('NONE',#1901,#1910,#1912,.T.);
#1910 = VERTEX_POINT('NONE',#1911);
#1911 = CARTESIAN_POINT('',(0.315452451431,0.1,2.605698618968));
#1912 = LINE('',#1913,#1914);
#1913 = CARTESIAN_POINT('',(0.315452451431,0.101,2.605698618968));
#1914 = VECTOR('',#1915,1.);
#1915 = DIRECTION('',(-0.,-1.,-0.));
#1916 = ORIENTED_EDGE('',*,*,#1917,.F.);
#1917 = EDGE_CURVE('NONE',#1869,#1910,#1918,.T.);
#1918 = B_SPLINE_CURVE_WITH_KNOTS('',3,(#1919,#1920,#1921,#1922),
  .UNSPECIFIED.,.F.,.F.,(4,4),(11.,12.),.PIECEWISE_BEZIER_KNOTS.);
#1919 = CARTESIAN_POINT('',(0.375378188901,0.1,2.500183938364));
#1920 = CARTESIAN_POINT('',(0.343094616047,0.1,2.556267621236));
#1921 = CARTESIAN_POINT('',(0.323084989422,0.1,2.592393248687));
#1922 = CARTESIAN_POINT('',(0.315452451431,0.1,2.605698618968));
#1923 = B_SPLINE_SURFACE_WITH_KNOTS('',3,1,(
    (#1924,#1925)
    ,(#1926,#1927)
    ,(#1928,#1929)
    ,(#1930,#1931
    )),.UNSPECIFIED.,.F.,.F.,.F.,(4,4),(2,2),(11.,12.),(0.,1.),
  .PIECEWISE_BEZIER_KNOTS.);
#1924 = CARTESIAN_POINT('',(0.375378188901,0.101,2.500183938364));
#1925 = CARTESIAN_POINT('',(0.375378188901,0.1,2.500183938364));
#1926 = CARTESIAN_POINT('',(0.343094616047,0.101,2.556267621236));
#1927 = CARTESIAN_POINT('',(0.343094616047,0.1,2.556267621236));
#1928 = CARTESIAN_POINT('',(0.323084989422,0.101,2.592393248687));
#1929 = CARTESIAN_POINT('',(0.323084989422,0.1,2.592393248687));
#1930 = CARTESIAN_POINT('',(0.315452451431,0.101,2.605698618968));
#1931 = CARTESIAN_POINT('',(0.315452451431,0.1,2.605698618968));
#1932 = ADVANCED_FACE('NONE',(#1933),#1960,.F.);
#1933 = FACE_BOUND('',#1934,.F.);
#1934 = EDGE_LOOP('NONE',(#1935,#1936,#1945,#1953));
#1935 = ORIENTED_EDGE('',*,*,#1909,.F.);
#1936 = ORIENTED_EDGE('',*,*,#1937,.T.);
#1937 = EDGE_CURVE('NONE',#1901,#1938,#1940,.T.);
#1938 = VERTEX_POINT('NONE',#1939);
#1939 = CARTESIAN_POINT('',(0.255629856367,0.101,2.500183938364));
#1940 = B_SPLINE_CURVE_WITH_KNOTS('',3,(#1941,#1942,#1943,#1944),
  .UNSPECIFIED.,.F.,.F.,(4,4),(10.,11.),.PIECEWISE_BEZIER_KNOTS.);
#1941 = CARTESIAN_POINT('',(0.315452451431,0.101,2.605698618968));
#1942 = CARTESIAN_POINT('',(0.291729698216,0.101,2.561966239128));
#1943 = CARTESIAN_POINT('',(0.271823213996,0.101,2.526794678927));
#1944 = CARTESIAN_POINT('',(0.255629856367,0.101,2.500183938364));
#1945 = ORIENTED_EDGE('',*,*,#1946,.T.);
#1946 = EDGE_CURVE('NONE',#1938,#1947,#1949,.T.);
#1947 = VERTEX_POINT('NONE',#1948);
#1948 = CARTESIAN_POINT('',(0.255629856367,0.1,2.500183938364));
#1949 = LINE('',#1950,#1951);
#1950 = CARTESIAN_POINT('',(0.255629856367,0.101,2.500183938364));
#1951 = VECTOR('',#1952,1.);
#1952 = DIRECTION('',(-0.,-1.,-0.));
#1953 = ORIENTED_EDGE('',*,*,#1954,.F.);
#1954 = EDGE_CURVE('NONE',#1910,#1947,#1955,.T.);
#1955 = B_SPLINE_CURVE_WITH_KNOTS('',3,(#1956,#1957,#1958,#1959),
  .UNSPECIFIED.,.F.,.F.,(4,4),(10.,11.),.PIECEWISE_BEZIER_KNOTS.);
#1956 = CARTESIAN_POINT('',(0.315452451431,0.1,2.605698618968));
#1957 = CARTESIAN_POINT('',(0.291729698216,0.1,2.561966239128));
#1958 = CARTESIAN_POINT('',(0.271823213996,0.1,2.526794678927));
#1959 = CARTESIAN_POINT('',(0.255629856367,0.1,2.500183938364));
#1960 = B_SPLINE_SURFACE_WITH_KNOTS('',3,1,(
    (#1961,#1962)
    ,(#1963,#1964)
    ,(#1965,#1966)
    ,(#1967,#1968
    )),.UNSPECIFIED.,.F.,.F.,.F.,(4,4),(2,2),(10.,11.),(0.,1.),
  .PIECEWISE_BEZIER_KNOTS.);
#1961 = CARTESIAN_POINT('',(0.315452451431,0.101,2.605698618968));
#1962 = CARTESIAN_POINT('',(0.315452451431,0.1,2.605698618968));
#1963 = CARTESIAN_POINT('',(0.291729698216,0.101,2.561966239128));
#1964 = CARTESIAN_POINT('',(0.291729698216,0.1,2.561966239128));
#1965 = CARTESIAN_POINT('',(0.271823213996,0.101,2.526794678927));
#1966 = CARTESIAN_POINT('',(0.271823213996,0.1,2.526794678927));
#1967 = CARTESIAN_POINT('',(0.255629856367,0.101,2.500183938364));
#1968 = CARTESIAN_POINT('',(0.255629856367,0.1,2.500183938364));
#1969 = ADVANCED_FACE('NONE',(#1970),#1995,.F.);
#1970 = FACE_BOUND('',#1971,.T.);
#1971 = EDGE_LOOP('NONE',(#1972,#1980,#1988,#1994));
#1972 = ORIENTED_EDGE('',*,*,#1973,.T.);
#1973 = EDGE_CURVE('NONE',#1947,#1974,#1976,.T.);
#1974 = VERTEX_POINT('NONE',#1975);
#1975 = CARTESIAN_POINT('',(0.224274565161,0.1,2.446008389989));
#1976 = LINE('',#1977,#1978);
#1977 = CARTESIAN_POINT('',(0.224274565161,0.1,2.446008389989));
#1978 = VECTOR('',#1979,1.);
#1979 = DIRECTION('',(-0.500922597321,-0.,-0.865492086326));
#1980 = ORIENTED_EDGE('',*,*,#1981,.F.);
#1981 = EDGE_CURVE('NONE',#1982,#1974,#1984,.T.);
#1982 = VERTEX_POINT('NONE',#1983);
#1983 = CARTESIAN_POINT('',(0.224274565161,0.101,2.446008389989));
#1984 = LINE('',#1985,#1986);
#1985 = CARTESIAN_POINT('',(0.224274565161,0.101,2.446008389989));
#1986 = VECTOR('',#1987,1.);
#1987 = DIRECTION('',(-0.,-1.,-0.));
#1988 = ORIENTED_EDGE('',*,*,#1989,.F.);
#1989 = EDGE_CURVE('NONE',#1938,#1982,#1990,.T.);
#1990 = LINE('',#1991,#1992);
#1991 = CARTESIAN_POINT('',(0.224274565161,0.101,2.446008389989));
#1992 = VECTOR('',#1993,1.);
#1993 = DIRECTION('',(-0.500922597321,-0.,-0.865492086326));
#1994 = ORIENTED_EDGE('',*,*,#1946,.T.);
#1995 = PLANE('',#1996);
#1996 = AXIS2_PLACEMENT_3D('',#1997,#1998,#1999);
#1997 = CARTESIAN_POINT('',(0.224274565161,0.101,2.446008389989));
#1998 = DIRECTION('',(-0.865492086326,0.,0.500922597321));
#1999 = DIRECTION('',(0.500922597321,0.,0.865492086326));
#2000 = ADVANCED_FACE('NONE',(#2001),#2026,.F.);
#2001 = FACE_BOUND('',#2002,.T.);
#2002 = EDGE_LOOP('NONE',(#2003,#2011,#2019,#2025));
#2003 = ORIENTED_EDGE('',*,*,#2004,.T.);
#2004 = EDGE_CURVE('NONE',#1974,#2005,#2007,.T.);
#2005 = VERTEX_POINT('NONE',#2006);
#2006 = CARTESIAN_POINT('',(1.98463178894E-02,0.1,2.446008389989));
#2007 = LINE('',#2008,#2009);
#2008 = CARTESIAN_POINT('',(1.98463178894E-02,0.1,2.446008389989));
#2009 = VECTOR('',#2010,1.);
#2010 = DIRECTION('',(-1.,-0.,-0.));
#2011 = ORIENTED_EDGE('',*,*,#2012,.F.);
#2012 = EDGE_CURVE('NONE',#2013,#2005,#2015,.T.);
#2013 = VERTEX_POINT('NONE',#2014);
#2014 = CARTESIAN_POINT('',(1.98463178894E-02,0.101,2.446008389989));
#2015 = LINE('',#2016,#2017);
#2016 = CARTESIAN_POINT('',(1.98463178894E-02,0.101,2.446008389989));
#2017 = VECTOR('',#2018,1.);
#2018 = DIRECTION('',(-0.,-1.,-0.));
#2019 = ORIENTED_EDGE('',*,*,#2020,.F.);
#2020 = EDGE_CURVE('NONE',#1982,#2013,#2021,.T.);
#2021 = LINE('',#2022,#2023);
#2022 = CARTESIAN_POINT('',(1.98463178894E-02,0.101,2.446008389989));
#2023 = VECTOR('',#2024,1.);
#2024 = DIRECTION('',(-1.,-0.,-0.));
#2025 = ORIENTED_EDGE('',*,*,#1981,.T.);
#2026 = PLANE('',#2027);
#2027 = AXIS2_PLACEMENT_3D('',#2028,#2029,#2030);
#2028 = CARTESIAN_POINT('',(1.98463178894E-02,0.101,2.446008389989));
#2029 = DIRECTION('',(0.,0.,1.));
#2030 = DIRECTION('',(1.,0.,-0.));
#2031 = ADVANCED_FACE('NONE',(#2032),#2057,.F.);
#2032 = FACE_BOUND('',#2033,.T.);
#2033 = EDGE_LOOP('NONE',(#2034,#2042,#2050,#2056));
#2034 = ORIENTED_EDGE('',*,*,#2035,.T.);
#2035 = EDGE_CURVE('NONE',#2005,#2036,#2038,.T.);
#2036 = VERTEX_POINT('NONE',#2037);
#2037 = CARTESIAN_POINT('',(0.21664202717,0.1,2.747338927023));
#2038 = LINE('',#2039,#2040);
#2039 = CARTESIAN_POINT('',(0.21664202717,0.1,2.747338927023));
#2040 = VECTOR('',#2041,1.);
#2041 = DIRECTION('',(0.54680530106,-0.,0.83725979405));
#2042 = ORIENTED_EDGE('',*,*,#2043,.F.);
#2043 = EDGE_CURVE('NONE',#2044,#2036,#2046,.T.);
#2044 = VERTEX_POINT('NONE',#2045);
#2045 = CARTESIAN_POINT('',(0.21664202717,0.101,2.747338927023));
#2046 = LINE('',#2047,#2048);
#2047 = CARTESIAN_POINT('',(0.21664202717,0.101,2.747338927023));
#2048 = VECTOR('',#2049,1.);
#2049 = DIRECTION('',(-0.,-1.,-0.));
#2050 = ORIENTED_EDGE('',*,*,#2051,.F.);
#2051 = EDGE_CURVE('NONE',#2013,#2044,#2052,.T.);
#2052 = LINE('',#2053,#2054);
#2053 = CARTESIAN_POINT('',(0.21664202717,0.101,2.747338927023));
#2054 = VECTOR('',#2055,1.);
#2055 = DIRECTION('',(0.54680530106,-0.,0.83725979405));
#2056 = ORIENTED_EDGE('',*,*,#2012,.T.);
#2057 = PLANE('',#2058);
#2058 = AXIS2_PLACEMENT_3D('',#2059,#2060,#2061);
#2059 = CARTESIAN_POINT('',(0.21664202717,0.101,2.747338927023));
#2060 = DIRECTION('',(0.83725979405,0.,-0.54680530106));
#2061 = DIRECTION('',(-0.54680530106,0.,-0.83725979405));
#2062 = ADVANCED_FACE('NONE',(#2063),#2088,.F.);
#2063 = FACE_BOUND('',#2064,.T.);
#2064 = EDGE_LOOP('NONE',(#2065,#2073,#2081,#2087));
#2065 = ORIENTED_EDGE('',*,*,#2066,.T.);
#2066 = EDGE_CURVE('NONE',#2036,#2067,#2069,.T.);
#2067 = VERTEX_POINT('NONE',#2068);
#2068 = CARTESIAN_POINT('',(-1.532524231214E-02,0.1,3.102870798035));
#2069 = LINE('',#2070,#2071);
#2070 = CARTESIAN_POINT('',(-1.532524231214E-02,0.1,3.102870798035));
#2071 = VECTOR('',#2072,1.);
#2072 = DIRECTION('',(-0.546430821736,-0.,0.837504243008));
#2073 = ORIENTED_EDGE('',*,*,#2074,.F.);
#2074 = EDGE_CURVE('NONE',#2075,#2067,#2077,.T.);
#2075 = VERTEX_POINT('NONE',#2076);
#2076 = CARTESIAN_POINT('',(-1.532524231214E-02,0.101,3.102870798035));
#2077 = LINE('',#2078,#2079);
#2078 = CARTESIAN_POINT('',(-1.532524231214E-02,0.101,3.102870798035));
#2079 = VECTOR('',#2080,1.);
#2080 = DIRECTION('',(-0.,-1.,-0.));
#2081 = ORIENTED_EDGE('',*,*,#2082,.F.);
#2082 = EDGE_CURVE('NONE',#2044,#2075,#2083,.T.);
#2083 = LINE('',#2084,#2085);
#2084 = CARTESIAN_POINT('',(-1.532524231214E-02,0.101,3.102870798035));
#2085 = VECTOR('',#2086,1.);
#2086 = DIRECTION('',(-0.546430821736,-0.,0.837504243008));
#2087 = ORIENTED_EDGE('',*,*,#2043,.T.);
#2088 = PLANE('',#2089);
#2089 = AXIS2_PLACEMENT_3D('',#2090,#2091,#2092);
#2090 = CARTESIAN_POINT('',(-1.532524231214E-02,0.101,3.102870798035));
#2091 = DIRECTION('',(0.837504243008,-0.,0.546430821736));
#2092 = DIRECTION('',(0.546430821736,0.,-0.837504243008));
#2093 = ADVANCED_FACE('NONE',(#2094),#2119,.F.);
#2094 = FACE_BOUND('',#2095,.T.);
#2095 = EDGE_LOOP('NONE',(#2096,#2104,#2112,#2118));
#2096 = ORIENTED_EDGE('',*,*,#2097,.T.);
#2097 = EDGE_CURVE('NONE',#2067,#2098,#2100,.T.);
#2098 = VERTEX_POINT('NONE',#2099);
#2099 = CARTESIAN_POINT('',(0.189103004959,0.1,3.102870798035));
#2100 = LINE('',#2101,#2102);
#2101 = CARTESIAN_POINT('',(0.189103004959,0.1,3.102870798035));
#2102 = VECTOR('',#2103,1.);
#2103 = DIRECTION('',(1.,-0.,-0.));
#2104 = ORIENTED_EDGE('',*,*,#2105,.F.);
#2105 = EDGE_CURVE('NONE',#2106,#2098,#2108,.T.);
#2106 = VERTEX_POINT('NONE',#2107);
#2107 = CARTESIAN_POINT('',(0.189103004959,0.101,3.102870798035));
#2108 = LINE('',#2109,#2110);
#2109 = CARTESIAN_POINT('',(0.189103004959,0.101,3.102870798035));
#2110 = VECTOR('',#2111,1.);
#2111 = DIRECTION('',(-0.,-1.,-0.));
#2112 = ORIENTED_EDGE('',*,*,#2113,.F.);
#2113 = EDGE_CURVE('NONE',#2075,#2106,#2114,.T.);
#2114 = LINE('',#2115,#2116);
#2115 = CARTESIAN_POINT('',(0.189103004959,0.101,3.102870798035));
#2116 = VECTOR('',#2117,1.);
#2117 = DIRECTION('',(1.,-0.,-0.));
#2118 = ORIENTED_EDGE('',*,*,#2074,.T.);
#2119 = PLANE('',#2120);
#2120 = AXIS2_PLACEMENT_3D('',#2121,#2122,#2123);
#2121 = CARTESIAN_POINT('',(0.189103004959,0.101,3.102870798035));
#2122 = DIRECTION('',(0.,0.,-1.));
#2123 = DIRECTION('',(-1.,0.,-0.));
#2124 = ADVANCED_FACE('NONE',(#2125),#2150,.F.);
#2125 = FACE_BOUND('',#2126,.T.);
#2126 = EDGE_LOOP('NONE',(#2127,#2135,#2143,#2149));
#2127 = ORIENTED_EDGE('',*,*,#2128,.T.);
#2128 = EDGE_CURVE('NONE',#2098,#2129,#2131,.T.);
#2129 = VERTEX_POINT('NONE',#2130);
#2130 = CARTESIAN_POINT('',(0.255629856367,0.1,2.993539848434));
#2131 = LINE('',#2132,#2133);
#2132 = CARTESIAN_POINT('',(0.255629856367,0.1,2.993539848434));
#2133 = VECTOR('',#2134,1.);
#2134 = DIRECTION('',(0.519819105314,-0.,-0.85427635912));
#2135 = ORIENTED_EDGE('',*,*,#2136,.F.);
#2136 = EDGE_CURVE('NONE',#2137,#2129,#2139,.T.);
#2137 = VERTEX_POINT('NONE',#2138);
#2138 = CARTESIAN_POINT('',(0.255629856367,0.101,2.993539848434));
#2139 = LINE('',#2140,#2141);
#2140 = CARTESIAN_POINT('',(0.255629856367,0.101,2.993539848434));
#2141 = VECTOR('',#2142,1.);
#2142 = DIRECTION('',(-0.,-1.,-0.));
#2143 = ORIENTED_EDGE('',*,*,#2144,.F.);
#2144 = EDGE_CURVE('NONE',#2106,#2137,#2145,.T.);
#2145 = LINE('',#2146,#2147);
#2146 = CARTESIAN_POINT('',(0.255629856367,0.101,2.993539848434));
#2147 = VECTOR('',#2148,1.);
#2148 = DIRECTION('',(0.519819105314,-0.,-0.85427635912));
#2149 = ORIENTED_EDGE('',*,*,#2105,.T.);
#2150 = PLANE('',#2151);
#2151 = AXIS2_PLACEMENT_3D('',#2152,#2153,#2154);
#2152 = CARTESIAN_POINT('',(0.255629856367,0.101,2.993539848434));
#2153 = DIRECTION('',(-0.85427635912,0.,-0.519819105314));
#2154 = DIRECTION('',(-0.519819105314,0.,0.85427635912));
#2155 = ADVANCED_FACE('NONE',(#2156),#2183,.F.);
#2156 = FACE_BOUND('',#2157,.F.);
#2157 = EDGE_LOOP('NONE',(#2158,#2159,#2168,#2176));
#2158 = ORIENTED_EDGE('',*,*,#2136,.F.);
#2159 = ORIENTED_EDGE('',*,*,#2160,.T.);
#2160 = EDGE_CURVE('NONE',#2137,#2161,#2163,.T.);
#2161 = VERTEX_POINT('NONE',#2162);
#2162 = CARTESIAN_POINT('',(0.315452451431,0.101,2.887096886182));
#2163 = B_SPLINE_CURVE_WITH_KNOTS('',3,(#2164,#2165,#2166,#2167),
  .UNSPECIFIED.,.F.,.F.,(4,4),(3.,4.),.PIECEWISE_BEZIER_KNOTS.);
#2164 = CARTESIAN_POINT('',(0.255629856367,0.101,2.993539848434));
#2165 = CARTESIAN_POINT('',(0.286985147573,0.101,2.943103212251));
#2166 = CARTESIAN_POINT('',(0.306994774198,0.101,2.907003370402));
#2167 = CARTESIAN_POINT('',(0.315452451431,0.101,2.887096886182));
#2168 = ORIENTED_EDGE('',*,*,#2169,.T.);
#2169 = EDGE_CURVE('NONE',#2161,#2170,#2172,.T.);
#2170 = VERTEX_POINT('NONE',#2171);
#2171 = CARTESIAN_POINT('',(0.315452451431,0.1,2.887096886182));
#2172 = LINE('',#2173,#2174);
#2173 = CARTESIAN_POINT('',(0.315452451431,0.101,2.887096886182));
#2174 = VECTOR('',#2175,1.);
#2175 = DIRECTION('',(-0.,-1.,-0.));
#2176 = ORIENTED_EDGE('',*,*,#2177,.F.);
#2177 = EDGE_CURVE('NONE',#2129,#2170,#2178,.T.);
#2178 = B_SPLINE_CURVE_WITH_KNOTS('',3,(#2179,#2180,#2181,#2182),
  .UNSPECIFIED.,.F.,.F.,(4,4),(3.,4.),.PIECEWISE_BEZIER_KNOTS.);
#2179 = CARTESIAN_POINT('',(0.255629856367,0.1,2.993539848434));
#2180 = CARTESIAN_POINT('',(0.286985147573,0.1,2.943103212251));
#2181 = CARTESIAN_POINT('',(0.306994774198,0.1,2.907003370402));
#2182 = CARTESIAN_POINT('',(0.315452451431,0.1,2.887096886182));
#2183 = B_SPLINE_SURFACE_WITH_KNOTS('',3,1,(
    (#2184,#2185)
    ,(#2186,#2187)
    ,(#2188,#2189)
    ,(#2190,#2191
    )),.UNSPECIFIED.,.F.,.F.,.F.,(4,4),(2,2),(3.,4.),(0.,1.),
  .PIECEWISE_BEZIER_KNOTS.);
#2184 = CARTESIAN_POINT('',(0.255629856367,0.101,2.993539848434));
#2185 = CARTESIAN_POINT('',(0.255629856367,0.1,2.993539848434));
#2186 = CARTESIAN_POINT('',(0.286985147573,0.101,2.943103212251));
#2187 = CARTESIAN_POINT('',(0.286985147573,0.1,2.943103212251));
#2188 = CARTESIAN_POINT('',(0.306994774198,0.101,2.907003370402));
#2189 = CARTESIAN_POINT('',(0.306994774198,0.1,2.907003370402));
#2190 = CARTESIAN_POINT('',(0.315452451431,0.101,2.887096886182));
#2191 = CARTESIAN_POINT('',(0.315452451431,0.1,2.887096886182));
#2192 = ADVANCED_FACE('NONE',(#2193),#2220,.F.);
#2193 = FACE_BOUND('',#2194,.F.);
#2194 = EDGE_LOOP('NONE',(#2195,#2196,#2205,#2213));
#2195 = ORIENTED_EDGE('',*,*,#2169,.F.);
#2196 = ORIENTED_EDGE('',*,*,#2197,.T.);
#2197 = EDGE_CURVE('NONE',#2161,#2198,#2200,.T.);
#2198 = VERTEX_POINT('NONE',#2199);
#2199 = CARTESIAN_POINT('',(0.375378188901,0.101,2.993539848434));
#2200 = B_SPLINE_CURVE_WITH_KNOTS('',3,(#2201,#2202,#2203,#2204),
  .UNSPECIFIED.,.F.,.F.,(4,4),(2.,3.),.PIECEWISE_BEZIER_KNOTS.);
#2201 = CARTESIAN_POINT('',(0.315452451431,0.101,2.887096886182));
#2202 = CARTESIAN_POINT('',(0.329789245765,0.101,2.916492471688));
#2203 = CARTESIAN_POINT('',(0.349695729985,0.101,2.95166403189));
#2204 = CARTESIAN_POINT('',(0.375378188901,0.101,2.993539848434));
#2205 = ORIENTED_EDGE('',*,*,#2206,.T.);
#2206 = EDGE_CURVE('NONE',#2198,#2207,#2209,.T.);
#2207 = VERTEX_POINT('NONE',#2208);
#2208 = CARTESIAN_POINT('',(0.375378188901,0.1,2.993539848434));
#2209 = LINE('',#2210,#2211);
#2210 = CARTESIAN_POINT('',(0.375378188901,0.101,2.993539848434));
#2211 = VECTOR('',#2212,1.);
#2212 = DIRECTION('',(-0.,-1.,-0.));
#2213 = ORIENTED_EDGE('',*,*,#2214,.F.);
#2214 = EDGE_CURVE('NONE',#2170,#2207,#2215,.T.);
#2215 = B_SPLINE_CURVE_WITH_KNOTS('',3,(#2216,#2217,#2218,#2219),
  .UNSPECIFIED.,.F.,.F.,(4,4),(2.,3.),.PIECEWISE_BEZIER_KNOTS.);
#2216 = CARTESIAN_POINT('',(0.315452451431,0.1,2.887096886182));
#2217 = CARTESIAN_POINT('',(0.329789245765,0.1,2.916492471688));
#2218 = CARTESIAN_POINT('',(0.349695729985,0.1,2.95166403189));
#2219 = CARTESIAN_POINT('',(0.375378188901,0.1,2.993539848434));
#2220 = B_SPLINE_SURFACE_WITH_KNOTS('',3,1,(
    (#2221,#2222)
    ,(#2223,#2224)
    ,(#2225,#2226)
    ,(#2227,#2228
    )),.UNSPECIFIED.,.F.,.F.,.F.,(4,4),(2,2),(2.,3.),(0.,1.),
  .PIECEWISE_BEZIER_KNOTS.);
#2221 = CARTESIAN_POINT('',(0.315452451431,0.101,2.887096886182));
#2222 = CARTESIAN_POINT('',(0.315452451431,0.1,2.887096886182));
#2223 = CARTESIAN_POINT('',(0.329789245765,0.101,2.916492471688));
#2224 = CARTESIAN_POINT('',(0.329789245765,0.1,2.916492471688));
#2225 = CARTESIAN_POINT('',(0.349695729985,0.101,2.95166403189));
#2226 = CARTESIAN_POINT('',(0.349695729985,0.1,2.95166403189));
#2227 = CARTESIAN_POINT('',(0.375378188901,0.101,2.993539848434));
#2228 = CARTESIAN_POINT('',(0.375378188901,0.1,2.993539848434));
#2229 = ADVANCED_FACE('NONE',(#2230),#2255,.F.);
#2230 = FACE_BOUND('',#2231,.T.);
#2231 = EDGE_LOOP('NONE',(#2232,#2240,#2248,#2254));
#2232 = ORIENTED_EDGE('',*,*,#2233,.T.);
#2233 = EDGE_CURVE('NONE',#2207,#2234,#2236,.T.);
#2234 = VERTEX_POINT('NONE',#2235);
#2235 = CARTESIAN_POINT('',(0.441905040308,0.1,3.102870798035));
#2236 = LINE('',#2237,#2238);
#2237 = CARTESIAN_POINT('',(0.441905040308,0.1,3.102870798035));
#2238 = VECTOR('',#2239,1.);
#2239 = DIRECTION('',(0.519819105314,-0.,0.85427635912));
#2240 = ORIENTED_EDGE('',*,*,#2241,.F.);
#2241 = EDGE_CURVE('NONE',#2242,#2234,#2244,.T.);
#2242 = VERTEX_POINT('NONE',#2243);
#2243 = CARTESIAN_POINT('',(0.441905040308,0.101,3.102870798035));
#2244 = LINE('',#2245,#2246);
#2245 = CARTESIAN_POINT('',(0.441905040308,0.101,3.102870798035));
#2246 = VECTOR('',#2247,1.);
#2247 = DIRECTION('',(-0.,-1.,-0.));
#2248 = ORIENTED_EDGE('',*,*,#2249,.F.);
#2249 = EDGE_CURVE('NONE',#2198,#2242,#2250,.T.);
#2250 = LINE('',#2251,#2252);
#2251 = CARTESIAN_POINT('',(0.441905040308,0.101,3.102870798035));
#2252 = VECTOR('',#2253,1.);
#2253 = DIRECTION('',(0.519819105314,-0.,0.85427635912));
#2254 = ORIENTED_EDGE('',*,*,#2206,.T.);
#2255 = PLANE('',#2256);
#2256 = AXIS2_PLACEMENT_3D('',#2257,#2258,#2259);
#2257 = CARTESIAN_POINT('',(0.441905040308,0.101,3.102870798035));
#2258 = DIRECTION('',(0.85427635912,0.,-0.519819105314));
#2259 = DIRECTION('',(-0.519819105314,0.,-0.85427635912));
#2260 = ADVANCED_FACE('NONE',(#2261),#2277,.F.);
#2261 = FACE_BOUND('',#2262,.T.);
#2262 = EDGE_LOOP('NONE',(#2263,#2269,#2270,#2276));
#2263 = ORIENTED_EDGE('',*,*,#2264,.T.);
#2264 = EDGE_CURVE('NONE',#2234,#1767,#2265,.T.);
#2265 = LINE('',#2266,#2267);
#2266 = CARTESIAN_POINT('',(0.647261569227,0.1,3.102870798035));
#2267 = VECTOR('',#2268,1.);
#2268 = DIRECTION('',(1.,-0.,-0.));
#2269 = ORIENTED_EDGE('',*,*,#1792,.F.);
#2270 = ORIENTED_EDGE('',*,*,#2271,.F.);
#2271 = EDGE_CURVE('NONE',#2242,#1785,#2272,.T.);
#2272 = LINE('',#2273,#2274);
#2273 = CARTESIAN_POINT('',(0.647261569227,0.101,3.102870798035));
#2274 = VECTOR('',#2275,1.);
#2275 = DIRECTION('',(1.,-0.,-0.));
#2276 = ORIENTED_EDGE('',*,*,#2241,.T.);
#2277 = PLANE('',#2278);
#2278 = AXIS2_PLACEMENT_3D('',#2279,#2280,#2281);
#2279 = CARTESIAN_POINT('',(0.647261569227,0.101,3.102870798035));
#2280 = DIRECTION('',(0.,0.,-1.));
#2281 = DIRECTION('',(-1.,0.,-0.));
#2282 = ADVANCED_FACE('NONE',(#2283),#2301,.T.);
#2283 = FACE_BOUND('',#2284,.T.);
#2284 = EDGE_LOOP('NONE',(#2285,#2286,#2287,#2288,#2289,#2290,#2291,
    #2292,#2293,#2294,#2295,#2296,#2297,#2298,#2299,#2300));
#2285 = ORIENTED_EDGE('',*,*,#1784,.T.);
#2286 = ORIENTED_EDGE('',*,*,#1822,.T.);
#2287 = ORIENTED_EDGE('',*,*,#1853,.T.);
#2288 = ORIENTED_EDGE('',*,*,#1884,.T.);
#2289 = ORIENTED_EDGE('',*,*,#1900,.T.);
#2290 = ORIENTED_EDGE('',*,*,#1937,.T.);
#2291 = ORIENTED_EDGE('',*,*,#1989,.T.);
#2292 = ORIENTED_EDGE('',*,*,#2020,.T.);
#2293 = ORIENTED_EDGE('',*,*,#2051,.T.);
#2294 = ORIENTED_EDGE('',*,*,#2082,.T.);
#2295 = ORIENTED_EDGE('',*,*,#2113,.T.);
#2296 = ORIENTED_EDGE('',*,*,#2144,.T.);
#2297 = ORIENTED_EDGE('',*,*,#2160,.T.);
#2298 = ORIENTED_EDGE('',*,*,#2197,.T.);
#2299 = ORIENTED_EDGE('',*,*,#2249,.T.);
#2300 = ORIENTED_EDGE('',*,*,#2271,.T.);
#2301 = PLANE('',#2302);
#2302 = AXIS2_PLACEMENT_3D('',#2303,#2304,#2305);
#2303 = CARTESIAN_POINT('',(0.341160695948,0.101,2.935638280669));
#2304 = DIRECTION('',(0.,1.,0.));
#2305 = DIRECTION('',(0.,-0.,1.));
#2306 = ADVANCED_FACE('NONE',(#2307),#2325,.F.);
#2307 = FACE_BOUND('',#2308,.T.);
#2308 = EDGE_LOOP('NONE',(#2309,#2310,#2311,#2312,#2313,#2314,#2315,
    #2316,#2317,#2318,#2319,#2320,#2321,#2322,#2323,#2324));
#2309 = ORIENTED_EDGE('',*,*,#1766,.F.);
#2310 = ORIENTED_EDGE('',*,*,#2264,.F.);
#2311 = ORIENTED_EDGE('',*,*,#2233,.F.);
#2312 = ORIENTED_EDGE('',*,*,#2214,.F.);
#2313 = ORIENTED_EDGE('',*,*,#2177,.F.);
#2314 = ORIENTED_EDGE('',*,*,#2128,.F.);
#2315 = ORIENTED_EDGE('',*,*,#2097,.F.);
#2316 = ORIENTED_EDGE('',*,*,#2066,.F.);
#2317 = ORIENTED_EDGE('',*,*,#2035,.F.);
#2318 = ORIENTED_EDGE('',*,*,#2004,.F.);
#2319 = ORIENTED_EDGE('',*,*,#1973,.F.);
#2320 = ORIENTED_EDGE('',*,*,#1954,.F.);
#2321 = ORIENTED_EDGE('',*,*,#1917,.F.);
#2322 = ORIENTED_EDGE('',*,*,#1868,.F.);
#2323 = ORIENTED_EDGE('',*,*,#1837,.F.);
#2324 = ORIENTED_EDGE('',*,*,#1806,.F.);
#2325 = PLANE('',#2326);
#2326 = AXIS2_PLACEMENT_3D('',#2327,#2328,#2329);
#2327 = CARTESIAN_POINT('',(0.341160695948,0.1,2.935638280669));
#2328 = DIRECTION('',(0.,1.,0.));
#2329 = DIRECTION('',(0.,-0.,1.));
#2330 = MANIFOLD_SOLID_BREP('u-blox_LOGO[5]',#2331);
#2331 = CLOSED_SHELL('NONE',(#2332,#2532,#2732,#2758,#2779,#2800,#2821,
    #2838,#2855,#2876,#2897,#2914,#2931,#2948,#2969,#2990,#3011,#3028,
    #3045,#3062,#3078,#3104,#3125,#3146));
#2332 = ADVANCED_FACE('NONE',(#2333,#2489),#2527,.T.);
#2333 = FACE_BOUND('',#2334,.T.);
#2334 = EDGE_LOOP('NONE',(#2335,#2346,#2355,#2364,#2373,#2381,#2389,
    #2398,#2407,#2415,#2423,#2431,#2440,#2449,#2458,#2466,#2474,#2482));
#2335 = ORIENTED_EDGE('',*,*,#2336,.T.);
#2336 = EDGE_CURVE('NONE',#2337,#2339,#2341,.T.);
#2337 = VERTEX_POINT('NONE',#2338);
#2338 = CARTESIAN_POINT('',(-1.749999999966,0.101,2.600000001076));
#2339 = VERTEX_POINT('NONE',#2340);
#2340 = CARTESIAN_POINT('',(-2.500051571186,0.101,1.85000000106));
#2341 = B_SPLINE_CURVE_WITH_KNOTS('',3,(#2342,#2343,#2344,#2345),
  .UNSPECIFIED.,.F.,.F.,(4,4),(17.,18.),.PIECEWISE_BEZIER_KNOTS.);
#2342 = CARTESIAN_POINT('',(-1.749999999966,0.101,2.600000001076));
#2343 = CARTESIAN_POINT('',(-1.749999999966,0.101,2.186502098296));
#2344 = CARTESIAN_POINT('',(-2.085625386758,0.101,1.85000000106));
#2345 = CARTESIAN_POINT('',(-2.500051571186,0.101,1.85000000106));
#2346 = ORIENTED_EDGE('',*,*,#2347,.T.);
#2347 = EDGE_CURVE('NONE',#2339,#2348,#2350,.T.);
#2348 = VERTEX_POINT('NONE',#2349);
#2349 = CARTESIAN_POINT('',(-3.25,0.101,2.600000001076));
#2350 = B_SPLINE_CURVE_WITH_KNOTS('',3,(#2351,#2352,#2353,#2354),
  .UNSPECIFIED.,.F.,.F.,(4,4),(16.,17.),.PIECEWISE_BEZIER_KNOTS.);
#2351 = CARTESIAN_POINT('',(-2.500051571186,0.101,1.85000000106));
#2352 = CARTESIAN_POINT('',(-2.914477755614,0.101,1.85000000106));
#2353 = CARTESIAN_POINT('',(-3.25,0.101,2.186502098296));
#2354 = CARTESIAN_POINT('',(-3.25,0.101,2.600000001076));
#2355 = ORIENTED_EDGE('',*,*,#2356,.T.);
#2356 = EDGE_CURVE('NONE',#2348,#2357,#2359,.T.);
#2357 = VERTEX_POINT('NONE',#2358);
#2358 = CARTESIAN_POINT('',(-2.500051571186,0.101,3.350000001093));
#2359 = B_SPLINE_CURVE_WITH_KNOTS('',3,(#2360,#2361,#2362,#2363),
  .UNSPECIFIED.,.F.,.F.,(4,4),(15.,16.),.PIECEWISE_BEZIER_KNOTS.);
#2360 = CARTESIAN_POINT('',(-3.25,0.101,2.600000001076));
#2361 = CARTESIAN_POINT('',(-3.25,0.101,3.014477756707));
#2362 = CARTESIAN_POINT('',(-2.914477755614,0.101,3.350000001093));
#2363 = CARTESIAN_POINT('',(-2.500051571186,0.101,3.350000001093));
#2364 = ORIENTED_EDGE('',*,*,#2365,.T.);
#2365 = EDGE_CURVE('NONE',#2357,#2366,#2368,.T.);
#2366 = VERTEX_POINT('NONE',#2367);
#2367 = CARTESIAN_POINT('',(-1.943443581075,0.101,3.102870798035));
#2368 = B_SPLINE_CURVE_WITH_KNOTS('',3,(#2369,#2370,#2371,#2372),
  .UNSPECIFIED.,.F.,.F.,(4,4),(14.,15.),.PIECEWISE_BEZIER_KNOTS.);
#2369 = CARTESIAN_POINT('',(-2.500051571186,0.101,3.350000001093));
#2370 = CARTESIAN_POINT('',(-2.279120539069,0.101,3.350000001093));
#2371 = CARTESIAN_POINT('',(-2.080674551304,0.101,3.254593276206));
#2372 = CARTESIAN_POINT('',(-1.943443581075,0.101,3.102870798035));
#2373 = ORIENTED_EDGE('',*,*,#2374,.T.);
#2374 = EDGE_CURVE('NONE',#2366,#2375,#2377,.T.);
#2375 = VERTEX_POINT('NONE',#2376);
#2376 = CARTESIAN_POINT('',(-2.005741593866,0.101,3.102870798035));
#2377 = LINE('',#2378,#2379);
#2378 = CARTESIAN_POINT('',(-2.005741593866,0.101,3.102870798035));
#2379 = VECTOR('',#2380,1.);
#2380 = DIRECTION('',(-1.,-0.,-0.));
#2381 = ORIENTED_EDGE('',*,*,#2382,.T.);
#2382 = EDGE_CURVE('NONE',#2375,#2383,#2385,.T.);
#2383 = VERTEX_POINT('NONE',#2384);
#2384 = CARTESIAN_POINT('',(-2.005741593866,0.101,3.059138418195));
#2385 = LINE('',#2386,#2387);
#2386 = CARTESIAN_POINT('',(-2.005741593866,0.101,3.059138418195));
#2387 = VECTOR('',#2388,1.);
#2388 = DIRECTION('',(-0.,-0.,-1.));
#2389 = ORIENTED_EDGE('',*,*,#2390,.T.);
#2390 = EDGE_CURVE('NONE',#2383,#2391,#2393,.T.);
#2391 = VERTEX_POINT('NONE',#2392);
#2392 = CARTESIAN_POINT('',(-2.159733204954,0.101,3.116176168316));
#2393 = B_SPLINE_CURVE_WITH_KNOTS('',3,(#2394,#2395,#2396,#2397),
  .UNSPECIFIED.,.F.,.F.,(4,4),(11.,12.),.PIECEWISE_BEZIER_KNOTS.);
#2394 = CARTESIAN_POINT('',(-2.005741593866,0.101,3.059138418195));
#2395 = CARTESIAN_POINT('',(-2.042821288565,0.101,3.097094823339));
#2396 = CARTESIAN_POINT('',(-2.094134635194,0.101,3.116176168316));
#2397 = CARTESIAN_POINT('',(-2.159733204954,0.101,3.116176168316));
#2398 = ORIENTED_EDGE('',*,*,#2399,.T.);
#2399 = EDGE_CURVE('NONE',#2391,#2400,#2402,.T.);
#2400 = VERTEX_POINT('NONE',#2401);
#2401 = CARTESIAN_POINT('',(-2.402117857369,0.101,2.815825484132));
#2402 = B_SPLINE_CURVE_WITH_KNOTS('',3,(#2403,#2404,#2405,#2406),
  .UNSPECIFIED.,.F.,.F.,(4,4),(10.,11.),.PIECEWISE_BEZIER_KNOTS.);
#2403 = CARTESIAN_POINT('',(-2.159733204954,0.101,3.116176168316));
#2404 = CARTESIAN_POINT('',(-2.32130578283,0.101,3.116176168316));
#2405 = CARTESIAN_POINT('',(-2.402117857369,0.101,3.016334320002));
#2406 = CARTESIAN_POINT('',(-2.402117857369,0.101,2.815825484132));
#2407 = ORIENTED_EDGE('',*,*,#2408,.T.);
#2408 = EDGE_CURVE('NONE',#2400,#2409,#2411,.T.);
#2409 = VERTEX_POINT('NONE',#2410);
#2410 = CARTESIAN_POINT('',(-2.402117857369,0.101,2.446008389989));
#2411 = LINE('',#2412,#2413);
#2412 = CARTESIAN_POINT('',(-2.402117857369,0.101,2.446008389989));
#2413 = VECTOR('',#2414,1.);
#2414 = DIRECTION('',(-0.,-0.,-1.));
#2415 = ORIENTED_EDGE('',*,*,#2416,.T.);
#2416 = EDGE_CURVE('NONE',#2409,#2417,#2419,.T.);
#2417 = VERTEX_POINT('NONE',#2418);
#2418 = CARTESIAN_POINT('',(-2.230076325357,0.101,2.446008389989));
#2419 = LINE('',#2420,#2421);
#2420 = CARTESIAN_POINT('',(-2.230076325357,0.101,2.446008389989));
#2421 = VECTOR('',#2422,1.);
#2422 = DIRECTION('',(1.,-0.,-0.));
#2423 = ORIENTED_EDGE('',*,*,#2424,.T.);
#2424 = EDGE_CURVE('NONE',#2417,#2425,#2427,.T.);
#2425 = VERTEX_POINT('NONE',#2426);
#2426 = CARTESIAN_POINT('',(-2.230076325357,0.101,2.801488689797));
#2427 = LINE('',#2428,#2429);
#2428 = CARTESIAN_POINT('',(-2.230076325357,0.101,2.801488689797));
#2429 = VECTOR('',#2430,1.);
#2430 = DIRECTION('',(-0.,-0.,1.));
#2431 = ORIENTED_EDGE('',*,*,#2432,.T.);
#2432 = EDGE_CURVE('NONE',#2425,#2433,#2435,.T.);
#2433 = VERTEX_POINT('NONE',#2434);
#2434 = CARTESIAN_POINT('',(-2.202485731944,0.101,2.920308740683));
#2435 = B_SPLINE_CURVE_WITH_KNOTS('',3,(#2436,#2437,#2438,#2439),
  .UNSPECIFIED.,.F.,.F.,(4,4),(6.,7.),.PIECEWISE_BEZIER_KNOTS.);
#2436 = CARTESIAN_POINT('',(-2.230076325357,0.101,2.801488689797));
#2437 = CARTESIAN_POINT('',(-2.230076325357,0.101,2.857598158271));
#2438 = CARTESIAN_POINT('',(-2.220535652868,0.101,2.897514269116));
#2439 = CARTESIAN_POINT('',(-2.202485731944,0.101,2.920308740683));
#2440 = ORIENTED_EDGE('',*,*,#2441,.T.);
#2441 = EDGE_CURVE('NONE',#2433,#2442,#2444,.T.);
#2442 = VERTEX_POINT('NONE',#2443);
#2443 = CARTESIAN_POINT('',(-2.118837241259,0.101,2.95362373759));
#2444 = B_SPLINE_CURVE_WITH_KNOTS('',3,(#2445,#2446,#2447,#2448),
  .UNSPECIFIED.,.F.,.F.,(4,4),(5.,6.),.PIECEWISE_BEZIER_KNOTS.);
#2445 = CARTESIAN_POINT('',(-2.202485731944,0.101,2.920308740683));
#2446 = CARTESIAN_POINT('',(-2.183507529372,0.101,2.942174930603));
#2447 = CARTESIAN_POINT('',(-2.155968507161,0.101,2.95362373759));
#2448 = CARTESIAN_POINT('',(-2.118837241259,0.101,2.95362373759));
#2449 = ORIENTED_EDGE('',*,*,#2450,.T.);
#2450 = EDGE_CURVE('NONE',#2442,#2451,#2453,.T.);
#2451 = VERTEX_POINT('NONE',#2452);
#2452 = CARTESIAN_POINT('',(-2.005741593866,0.101,2.805304958793));
#2453 = B_SPLINE_CURVE_WITH_KNOTS('',3,(#2454,#2455,#2456,#2457),
  .UNSPECIFIED.,.F.,.F.,(4,4),(4.,5.),.PIECEWISE_BEZIER_KNOTS.);
#2454 = CARTESIAN_POINT('',(-2.118837241259,0.101,2.95362373759));
#2455 = CARTESIAN_POINT('',(-2.043749570213,0.101,2.95362373759));
#2456 = CARTESIAN_POINT('',(-2.005741593866,0.101,2.904218525459));
#2457 = CARTESIAN_POINT('',(-2.005741593866,0.101,2.805304958793));
#2458 = ORIENTED_EDGE('',*,*,#2459,.T.);
#2459 = EDGE_CURVE('NONE',#2451,#2460,#2462,.T.);
#2460 = VERTEX_POINT('NONE',#2461);
#2461 = CARTESIAN_POINT('',(-2.005741593866,0.101,2.446008389989));
#2462 = LINE('',#2463,#2464);
#2463 = CARTESIAN_POINT('',(-2.005741593866,0.101,2.446008389989));
#2464 = VECTOR('',#2465,1.);
#2465 = DIRECTION('',(-0.,-0.,-1.));
#2466 = ORIENTED_EDGE('',*,*,#2467,.T.);
#2467 = EDGE_CURVE('NONE',#2460,#2468,#2470,.T.);
#2468 = VERTEX_POINT('NONE',#2469);
#2469 = CARTESIAN_POINT('',(-1.833648490651,0.101,2.446008389989));
#2470 = LINE('',#2471,#2472);
#2471 = CARTESIAN_POINT('',(-1.833648490651,0.101,2.446008389989));
#2472 = VECTOR('',#2473,1.);
#2473 = DIRECTION('',(1.,-0.,-0.));
#2474 = ORIENTED_EDGE('',*,*,#2475,.T.);
#2475 = EDGE_CURVE('NONE',#2468,#2476,#2478,.T.);
#2476 = VERTEX_POINT('NONE',#2477);
#2477 = CARTESIAN_POINT('',(-1.833648490651,0.101,2.94465034833));
#2478 = LINE('',#2479,#2480);
#2479 = CARTESIAN_POINT('',(-1.833648490651,0.101,2.94465034833));
#2480 = VECTOR('',#2481,1.);
#2481 = DIRECTION('',(-0.,-0.,1.));
#2482 = ORIENTED_EDGE('',*,*,#2483,.T.);
#2483 = EDGE_CURVE('NONE',#2476,#2337,#2484,.T.);
#2484 = B_SPLINE_CURVE_WITH_KNOTS('',3,(#2485,#2486,#2487,#2488),
  .UNSPECIFIED.,.F.,.F.,(4,4),(0.,1.),.PIECEWISE_BEZIER_KNOTS.);
#2485 = CARTESIAN_POINT('',(-1.833648490651,0.101,2.94465034833));
#2486 = CARTESIAN_POINT('',(-1.780220724714,0.101,2.841507943047));
#2487 = CARTESIAN_POINT('',(-1.749999999966,0.101,2.724338170645));
#2488 = CARTESIAN_POINT('',(-1.749999999966,0.101,2.600000001076));
#2489 = FACE_BOUND('',#2490,.T.);
#2490 = EDGE_LOOP('NONE',(#2491,#2502,#2511,#2520));
#2491 = ORIENTED_EDGE('',*,*,#2492,.F.);
#2492 = EDGE_CURVE('NONE',#2493,#2495,#2497,.T.);
#2493 = VERTEX_POINT('NONE',#2494);
#2494 = CARTESIAN_POINT('',(-2.639757959142,0.101,2.16940624462));
#2495 = VERTEX_POINT('NONE',#2496);
#2496 = CARTESIAN_POINT('',(-2.766158976817,0.101,2.295807262295));
#2497 = B_SPLINE_CURVE_WITH_KNOTS('',3,(#2498,#2499,#2500,#2501),
  .UNSPECIFIED.,.F.,.F.,(4,4),(2.,3.),.PIECEWISE_BEZIER_KNOTS.);
#2498 = CARTESIAN_POINT('',(-2.639757959142,0.101,2.16940624462));
#2499 = CARTESIAN_POINT('',(-2.709121226695,0.101,2.16940624462));
#2500 = CARTESIAN_POINT('',(-2.766158976817,0.101,2.226418209141));
#2501 = CARTESIAN_POINT('',(-2.766158976817,0.101,2.295807262295));
#2502 = ORIENTED_EDGE('',*,*,#2503,.F.);
#2503 = EDGE_CURVE('NONE',#2504,#2493,#2506,.T.);
#2504 = VERTEX_POINT('NONE',#2505);
#2505 = CARTESIAN_POINT('',(-2.513356941467,0.101,2.295807262295));
#2506 = B_SPLINE_CURVE_WITH_KNOTS('',3,(#2507,#2508,#2509,#2510),
  .UNSPECIFIED.,.F.,.F.,(4,4),(3.,4.),.PIECEWISE_BEZIER_KNOTS.);
#2507 = CARTESIAN_POINT('',(-2.513356941467,0.101,2.295807262295));
#2508 = CARTESIAN_POINT('',(-2.513356941467,0.101,2.226418209141));
#2509 = CARTESIAN_POINT('',(-2.569414838739,0.101,2.16940624462));
#2510 = CARTESIAN_POINT('',(-2.639757959142,0.101,2.16940624462));
#2511 = ORIENTED_EDGE('',*,*,#2512,.F.);
#2512 = EDGE_CURVE('NONE',#2513,#2504,#2515,.T.);
#2513 = VERTEX_POINT('NONE',#2514);
#2514 = CARTESIAN_POINT('',(-2.639757959142,0.101,2.422234065571));
#2515 = B_SPLINE_CURVE_WITH_KNOTS('',3,(#2516,#2517,#2518,#2519),
  .UNSPECIFIED.,.F.,.F.,(4,4),(0.,1.),.PIECEWISE_BEZIER_KNOTS.);
#2516 = CARTESIAN_POINT('',(-2.639757959142,0.101,2.422234065571));
#2517 = CARTESIAN_POINT('',(-2.569414838739,0.101,2.422234065571));
#2518 = CARTESIAN_POINT('',(-2.513356941467,0.101,2.366150382698));
#2519 = CARTESIAN_POINT('',(-2.513356941467,0.101,2.295807262295));
#2520 = ORIENTED_EDGE('',*,*,#2521,.F.);
#2521 = EDGE_CURVE('NONE',#2495,#2513,#2522,.T.);
#2522 = B_SPLINE_CURVE_WITH_KNOTS('',3,(#2523,#2524,#2525,#2526),
  .UNSPECIFIED.,.F.,.F.,(4,4),(1.,2.),.PIECEWISE_BEZIER_KNOTS.);
#2523 = CARTESIAN_POINT('',(-2.766158976817,0.101,2.295807262295));
#2524 = CARTESIAN_POINT('',(-2.766158976817,0.101,2.366150382698));
#2525 = CARTESIAN_POINT('',(-2.709121226695,0.101,2.422234065571));
#2526 = CARTESIAN_POINT('',(-2.639757959142,0.101,2.422234065571));
#2527 = PLANE('',#2528);
#2528 = AXIS2_PLACEMENT_3D('',#2529,#2530,#2531);
#2529 = CARTESIAN_POINT('',(-1.969615966416,0.101,2.069938287525));
#2530 = DIRECTION('',(0.,1.,0.));
#2531 = DIRECTION('',(0.,-0.,1.));
#2532 = ADVANCED_FACE('NONE',(#2533,#2689),#2727,.F.);
#2533 = FACE_BOUND('',#2534,.T.);
#2534 = EDGE_LOOP('NONE',(#2535,#2546,#2555,#2563,#2571,#2579,#2588,
    #2597,#2606,#2614,#2622,#2630,#2639,#2648,#2656,#2664,#2673,#2682));
#2535 = ORIENTED_EDGE('',*,*,#2536,.F.);
#2536 = EDGE_CURVE('NONE',#2537,#2539,#2541,.T.);
#2537 = VERTEX_POINT('NONE',#2538);
#2538 = CARTESIAN_POINT('',(-1.749999999966,0.1,2.600000001076));
#2539 = VERTEX_POINT('NONE',#2540);
#2540 = CARTESIAN_POINT('',(-2.500051571186,0.1,1.85000000106));
#2541 = B_SPLINE_CURVE_WITH_KNOTS('',3,(#2542,#2543,#2544,#2545),
  .UNSPECIFIED.,.F.,.F.,(4,4),(17.,18.),.PIECEWISE_BEZIER_KNOTS.);
#2542 = CARTESIAN_POINT('',(-1.749999999966,0.1,2.600000001076));
#2543 = CARTESIAN_POINT('',(-1.749999999966,0.1,2.186502098296));
#2544 = CARTESIAN_POINT('',(-2.085625386758,0.1,1.85000000106));
#2545 = CARTESIAN_POINT('',(-2.500051571186,0.1,1.85000000106));
#2546 = ORIENTED_EDGE('',*,*,#2547,.F.);
#2547 = EDGE_CURVE('NONE',#2548,#2537,#2550,.T.);
#2548 = VERTEX_POINT('NONE',#2549);
#2549 = CARTESIAN_POINT('',(-1.833648490651,0.1,2.94465034833));
#2550 = B_SPLINE_CURVE_WITH_KNOTS('',3,(#2551,#2552,#2553,#2554),
  .UNSPECIFIED.,.F.,.F.,(4,4),(0.,1.),.PIECEWISE_BEZIER_KNOTS.);
#2551 = CARTESIAN_POINT('',(-1.833648490651,0.1,2.94465034833));
#2552 = CARTESIAN_POINT('',(-1.780220724714,0.1,2.841507943047));
#2553 = CARTESIAN_POINT('',(-1.749999999966,0.1,2.724338170645));
#2554 = CARTESIAN_POINT('',(-1.749999999966,0.1,2.600000001076));
#2555 = ORIENTED_EDGE('',*,*,#2556,.F.);
#2556 = EDGE_CURVE('NONE',#2557,#2548,#2559,.T.);
#2557 = VERTEX_POINT('NONE',#2558);
#2558 = CARTESIAN_POINT('',(-1.833648490651,0.1,2.446008389989));
#2559 = LINE('',#2560,#2561);
#2560 = CARTESIAN_POINT('',(-1.833648490651,0.1,2.94465034833));
#2561 = VECTOR('',#2562,1.);
#2562 = DIRECTION('',(-0.,-0.,1.));
#2563 = ORIENTED_EDGE('',*,*,#2564,.F.);
#2564 = EDGE_CURVE('NONE',#2565,#2557,#2567,.T.);
#2565 = VERTEX_POINT('NONE',#2566);
#2566 = CARTESIAN_POINT('',(-2.005741593866,0.1,2.446008389989));
#2567 = LINE('',#2568,#2569);
#2568 = CARTESIAN_POINT('',(-1.833648490651,0.1,2.446008389989));
#2569 = VECTOR('',#2570,1.);
#2570 = DIRECTION('',(1.,-0.,-0.));
#2571 = ORIENTED_EDGE('',*,*,#2572,.F.);
#2572 = EDGE_CURVE('NONE',#2573,#2565,#2575,.T.);
#2573 = VERTEX_POINT('NONE',#2574);
#2574 = CARTESIAN_POINT('',(-2.005741593866,0.1,2.805304958793));
#2575 = LINE('',#2576,#2577);
#2576 = CARTESIAN_POINT('',(-2.005741593866,0.1,2.446008389989));
#2577 = VECTOR('',#2578,1.);
#2578 = DIRECTION('',(-0.,-0.,-1.));
#2579 = ORIENTED_EDGE('',*,*,#2580,.F.);
#2580 = EDGE_CURVE('NONE',#2581,#2573,#2583,.T.);
#2581 = VERTEX_POINT('NONE',#2582);
#2582 = CARTESIAN_POINT('',(-2.118837241259,0.1,2.95362373759));
#2583 = B_SPLINE_CURVE_WITH_KNOTS('',3,(#2584,#2585,#2586,#2587),
  .UNSPECIFIED.,.F.,.F.,(4,4),(4.,5.),.PIECEWISE_BEZIER_KNOTS.);
#2584 = CARTESIAN_POINT('',(-2.118837241259,0.1,2.95362373759));
#2585 = CARTESIAN_POINT('',(-2.043749570213,0.1,2.95362373759));
#2586 = CARTESIAN_POINT('',(-2.005741593866,0.1,2.904218525459));
#2587 = CARTESIAN_POINT('',(-2.005741593866,0.1,2.805304958793));
#2588 = ORIENTED_EDGE('',*,*,#2589,.F.);
#2589 = EDGE_CURVE('NONE',#2590,#2581,#2592,.T.);
#2590 = VERTEX_POINT('NONE',#2591);
#2591 = CARTESIAN_POINT('',(-2.202485731944,0.1,2.920308740683));
#2592 = B_SPLINE_CURVE_WITH_KNOTS('',3,(#2593,#2594,#2595,#2596),
  .UNSPECIFIED.,.F.,.F.,(4,4),(5.,6.),.PIECEWISE_BEZIER_KNOTS.);
#2593 = CARTESIAN_POINT('',(-2.202485731944,0.1,2.920308740683));
#2594 = CARTESIAN_POINT('',(-2.183507529372,0.1,2.942174930603));
#2595 = CARTESIAN_POINT('',(-2.155968507161,0.1,2.95362373759));
#2596 = CARTESIAN_POINT('',(-2.118837241259,0.1,2.95362373759));
#2597 = ORIENTED_EDGE('',*,*,#2598,.F.);
#2598 = EDGE_CURVE('NONE',#2599,#2590,#2601,.T.);
#2599 = VERTEX_POINT('NONE',#2600);
#2600 = CARTESIAN_POINT('',(-2.230076325357,0.1,2.801488689797));
#2601 = B_SPLINE_CURVE_WITH_KNOTS('',3,(#2602,#2603,#2604,#2605),
  .UNSPECIFIED.,.F.,.F.,(4,4),(6.,7.),.PIECEWISE_BEZIER_KNOTS.);
#2602 = CARTESIAN_POINT('',(-2.230076325357,0.1,2.801488689797));
#2603 = CARTESIAN_POINT('',(-2.230076325357,0.1,2.857598158271));
#2604 = CARTESIAN_POINT('',(-2.220535652868,0.1,2.897514269116));
#2605 = CARTESIAN_POINT('',(-2.202485731944,0.1,2.920308740683));
#2606 = ORIENTED_EDGE('',*,*,#2607,.F.);
#2607 = EDGE_CURVE('NONE',#2608,#2599,#2610,.T.);
#2608 = VERTEX_POINT('NONE',#2609);
#2609 = CARTESIAN_POINT('',(-2.230076325357,0.1,2.446008389989));
#2610 = LINE('',#2611,#2612);
#2611 = CARTESIAN_POINT('',(-2.230076325357,0.1,2.801488689797));
#2612 = VECTOR('',#2613,1.);
#2613 = DIRECTION('',(-0.,-0.,1.));
#2614 = ORIENTED_EDGE('',*,*,#2615,.F.);
#2615 = EDGE_CURVE('NONE',#2616,#2608,#2618,.T.);
#2616 = VERTEX_POINT('NONE',#2617);
#2617 = CARTESIAN_POINT('',(-2.402117857369,0.1,2.446008389989));
#2618 = LINE('',#2619,#2620);
#2619 = CARTESIAN_POINT('',(-2.230076325357,0.1,2.446008389989));
#2620 = VECTOR('',#2621,1.);
#2621 = DIRECTION('',(1.,-0.,-0.));
#2622 = ORIENTED_EDGE('',*,*,#2623,.F.);
#2623 = EDGE_CURVE('NONE',#2624,#2616,#2626,.T.);
#2624 = VERTEX_POINT('NONE',#2625);
#2625 = CARTESIAN_POINT('',(-2.402117857369,0.1,2.815825484132));
#2626 = LINE('',#2627,#2628);
#2627 = CARTESIAN_POINT('',(-2.402117857369,0.1,2.446008389989));
#2628 = VECTOR('',#2629,1.);
#2629 = DIRECTION('',(-0.,-0.,-1.));
#2630 = ORIENTED_EDGE('',*,*,#2631,.F.);
#2631 = EDGE_CURVE('NONE',#2632,#2624,#2634,.T.);
#2632 = VERTEX_POINT('NONE',#2633);
#2633 = CARTESIAN_POINT('',(-2.159733204954,0.1,3.116176168316));
#2634 = B_SPLINE_CURVE_WITH_KNOTS('',3,(#2635,#2636,#2637,#2638),
  .UNSPECIFIED.,.F.,.F.,(4,4),(10.,11.),.PIECEWISE_BEZIER_KNOTS.);
#2635 = CARTESIAN_POINT('',(-2.159733204954,0.1,3.116176168316));
#2636 = CARTESIAN_POINT('',(-2.32130578283,0.1,3.116176168316));
#2637 = CARTESIAN_POINT('',(-2.402117857369,0.1,3.016334320002));
#2638 = CARTESIAN_POINT('',(-2.402117857369,0.1,2.815825484132));
#2639 = ORIENTED_EDGE('',*,*,#2640,.F.);
#2640 = EDGE_CURVE('NONE',#2641,#2632,#2643,.T.);
#2641 = VERTEX_POINT('NONE',#2642);
#2642 = CARTESIAN_POINT('',(-2.005741593866,0.1,3.059138418195));
#2643 = B_SPLINE_CURVE_WITH_KNOTS('',3,(#2644,#2645,#2646,#2647),
  .UNSPECIFIED.,.F.,.F.,(4,4),(11.,12.),.PIECEWISE_BEZIER_KNOTS.);
#2644 = CARTESIAN_POINT('',(-2.005741593866,0.1,3.059138418195));
#2645 = CARTESIAN_POINT('',(-2.042821288565,0.1,3.097094823339));
#2646 = CARTESIAN_POINT('',(-2.094134635194,0.1,3.116176168316));
#2647 = CARTESIAN_POINT('',(-2.159733204954,0.1,3.116176168316));
#2648 = ORIENTED_EDGE('',*,*,#2649,.F.);
#2649 = EDGE_CURVE('NONE',#2650,#2641,#2652,.T.);
#2650 = VERTEX_POINT('NONE',#2651);
#2651 = CARTESIAN_POINT('',(-2.005741593866,0.1,3.102870798035));
#2652 = LINE('',#2653,#2654);
#2653 = CARTESIAN_POINT('',(-2.005741593866,0.1,3.059138418195));
#2654 = VECTOR('',#2655,1.);
#2655 = DIRECTION('',(-0.,-0.,-1.));
#2656 = ORIENTED_EDGE('',*,*,#2657,.F.);
#2657 = EDGE_CURVE('NONE',#2658,#2650,#2660,.T.);
#2658 = VERTEX_POINT('NONE',#2659);
#2659 = CARTESIAN_POINT('',(-1.943443581075,0.1,3.102870798035));
#2660 = LINE('',#2661,#2662);
#2661 = CARTESIAN_POINT('',(-2.005741593866,0.1,3.102870798035));
#2662 = VECTOR('',#2663,1.);
#2663 = DIRECTION('',(-1.,-0.,-0.));
#2664 = ORIENTED_EDGE('',*,*,#2665,.F.);
#2665 = EDGE_CURVE('NONE',#2666,#2658,#2668,.T.);
#2666 = VERTEX_POINT('NONE',#2667);
#2667 = CARTESIAN_POINT('',(-2.500051571186,0.1,3.350000001093));
#2668 = B_SPLINE_CURVE_WITH_KNOTS('',3,(#2669,#2670,#2671,#2672),
  .UNSPECIFIED.,.F.,.F.,(4,4),(14.,15.),.PIECEWISE_BEZIER_KNOTS.);
#2669 = CARTESIAN_POINT('',(-2.500051571186,0.1,3.350000001093));
#2670 = CARTESIAN_POINT('',(-2.279120539069,0.1,3.350000001093));
#2671 = CARTESIAN_POINT('',(-2.080674551304,0.1,3.254593276206));
#2672 = CARTESIAN_POINT('',(-1.943443581075,0.1,3.102870798035));
#2673 = ORIENTED_EDGE('',*,*,#2674,.F.);
#2674 = EDGE_CURVE('NONE',#2675,#2666,#2677,.T.);
#2675 = VERTEX_POINT('NONE',#2676);
#2676 = CARTESIAN_POINT('',(-3.25,0.1,2.600000001076));
#2677 = B_SPLINE_CURVE_WITH_KNOTS('',3,(#2678,#2679,#2680,#2681),
  .UNSPECIFIED.,.F.,.F.,(4,4),(15.,16.),.PIECEWISE_BEZIER_KNOTS.);
#2678 = CARTESIAN_POINT('',(-3.25,0.1,2.600000001076));
#2679 = CARTESIAN_POINT('',(-3.25,0.1,3.014477756707));
#2680 = CARTESIAN_POINT('',(-2.914477755614,0.1,3.350000001093));
#2681 = CARTESIAN_POINT('',(-2.500051571186,0.1,3.350000001093));
#2682 = ORIENTED_EDGE('',*,*,#2683,.F.);
#2683 = EDGE_CURVE('NONE',#2539,#2675,#2684,.T.);
#2684 = B_SPLINE_CURVE_WITH_KNOTS('',3,(#2685,#2686,#2687,#2688),
  .UNSPECIFIED.,.F.,.F.,(4,4),(16.,17.),.PIECEWISE_BEZIER_KNOTS.);
#2685 = CARTESIAN_POINT('',(-2.500051571186,0.1,1.85000000106));
#2686 = CARTESIAN_POINT('',(-2.914477755614,0.1,1.85000000106));
#2687 = CARTESIAN_POINT('',(-3.25,0.1,2.186502098296));
#2688 = CARTESIAN_POINT('',(-3.25,0.1,2.600000001076));
#2689 = FACE_BOUND('',#2690,.T.);
#2690 = EDGE_LOOP('NONE',(#2691,#2702,#2711,#2720));
#2691 = ORIENTED_EDGE('',*,*,#2692,.T.);
#2692 = EDGE_CURVE('NONE',#2693,#2695,#2697,.T.);
#2693 = VERTEX_POINT('NONE',#2694);
#2694 = CARTESIAN_POINT('',(-2.513356941467,0.1,2.295807262295));
#2695 = VERTEX_POINT('NONE',#2696);
#2696 = CARTESIAN_POINT('',(-2.639757959142,0.1,2.16940624462));
#2697 = B_SPLINE_CURVE_WITH_KNOTS('',3,(#2698,#2699,#2700,#2701),
  .UNSPECIFIED.,.F.,.F.,(4,4),(3.,4.),.PIECEWISE_BEZIER_KNOTS.);
#2698 = CARTESIAN_POINT('',(-2.513356941467,0.1,2.295807262295));
#2699 = CARTESIAN_POINT('',(-2.513356941467,0.1,2.226418209141));
#2700 = CARTESIAN_POINT('',(-2.569414838739,0.1,2.16940624462));
#2701 = CARTESIAN_POINT('',(-2.639757959142,0.1,2.16940624462));
#2702 = ORIENTED_EDGE('',*,*,#2703,.T.);
#2703 = EDGE_CURVE('NONE',#2695,#2704,#2706,.T.);
#2704 = VERTEX_POINT('NONE',#2705);
#2705 = CARTESIAN_POINT('',(-2.766158976817,0.1,2.295807262295));
#2706 = B_SPLINE_CURVE_WITH_KNOTS('',3,(#2707,#2708,#2709,#2710),
  .UNSPECIFIED.,.F.,.F.,(4,4),(2.,3.),.PIECEWISE_BEZIER_KNOTS.);
#2707 = CARTESIAN_POINT('',(-2.639757959142,0.1,2.16940624462));
#2708 = CARTESIAN_POINT('',(-2.709121226695,0.1,2.16940624462));
#2709 = CARTESIAN_POINT('',(-2.766158976817,0.1,2.226418209141));
#2710 = CARTESIAN_POINT('',(-2.766158976817,0.1,2.295807262295));
#2711 = ORIENTED_EDGE('',*,*,#2712,.T.);
#2712 = EDGE_CURVE('NONE',#2704,#2713,#2715,.T.);
#2713 = VERTEX_POINT('NONE',#2714);
#2714 = CARTESIAN_POINT('',(-2.639757959142,0.1,2.422234065571));
#2715 = B_SPLINE_CURVE_WITH_KNOTS('',3,(#2716,#2717,#2718,#2719),
  .UNSPECIFIED.,.F.,.F.,(4,4),(1.,2.),.PIECEWISE_BEZIER_KNOTS.);
#2716 = CARTESIAN_POINT('',(-2.766158976817,0.1,2.295807262295));
#2717 = CARTESIAN_POINT('',(-2.766158976817,0.1,2.366150382698));
#2718 = CARTESIAN_POINT('',(-2.709121226695,0.1,2.422234065571));
#2719 = CARTESIAN_POINT('',(-2.639757959142,0.1,2.422234065571));
#2720 = ORIENTED_EDGE('',*,*,#2721,.T.);
#2721 = EDGE_CURVE('NONE',#2713,#2693,#2722,.T.);
#2722 = B_SPLINE_CURVE_WITH_KNOTS('',3,(#2723,#2724,#2725,#2726),
  .UNSPECIFIED.,.F.,.F.,(4,4),(0.,1.),.PIECEWISE_BEZIER_KNOTS.);
#2723 = CARTESIAN_POINT('',(-2.639757959142,0.1,2.422234065571));
#2724 = CARTESIAN_POINT('',(-2.569414838739,0.1,2.422234065571));
#2725 = CARTESIAN_POINT('',(-2.513356941467,0.1,2.366150382698));
#2726 = CARTESIAN_POINT('',(-2.513356941467,0.1,2.295807262295));
#2727 = PLANE('',#2728);
#2728 = AXIS2_PLACEMENT_3D('',#2729,#2730,#2731);
#2729 = CARTESIAN_POINT('',(-1.969615966416,0.1,2.069938287525));
#2730 = DIRECTION('',(0.,1.,0.));
#2731 = DIRECTION('',(0.,-0.,1.));
#2732 = ADVANCED_FACE('NONE',(#2733),#2749,.F.);
#2733 = FACE_BOUND('',#2734,.F.);
#2734 = EDGE_LOOP('NONE',(#2735,#2741,#2742,#2748));
#2735 = ORIENTED_EDGE('',*,*,#2736,.F.);
#2736 = EDGE_CURVE('NONE',#2337,#2537,#2737,.T.);
#2737 = LINE('',#2738,#2739);
#2738 = CARTESIAN_POINT('',(-1.749999999966,0.101,2.600000001076));
#2739 = VECTOR('',#2740,1.);
#2740 = DIRECTION('',(-0.,-1.,-0.));
#2741 = ORIENTED_EDGE('',*,*,#2336,.T.);
#2742 = ORIENTED_EDGE('',*,*,#2743,.T.);
#2743 = EDGE_CURVE('NONE',#2339,#2539,#2744,.T.);
#2744 = LINE('',#2745,#2746);
#2745 = CARTESIAN_POINT('',(-2.500051571186,0.101,1.85000000106));
#2746 = VECTOR('',#2747,1.);
#2747 = DIRECTION('',(-0.,-1.,-0.));
#2748 = ORIENTED_EDGE('',*,*,#2536,.F.);
#2749 = B_SPLINE_SURFACE_WITH_KNOTS('',3,1,(
    (#2750,#2751)
    ,(#2752,#2753)
    ,(#2754,#2755)
    ,(#2756,#2757
    )),.UNSPECIFIED.,.F.,.F.,.F.,(4,4),(2,2),(17.,18.),(0.,1.),
  .PIECEWISE_BEZIER_KNOTS.);
#2750 = CARTESIAN_POINT('',(-1.749999999966,0.101,2.600000001076));
#2751 = CARTESIAN_POINT('',(-1.749999999966,0.1,2.600000001076));
#2752 = CARTESIAN_POINT('',(-1.749999999966,0.101,2.186502098296));
#2753 = CARTESIAN_POINT('',(-1.749999999966,0.1,2.186502098296));
#2754 = CARTESIAN_POINT('',(-2.085625386758,0.101,1.85000000106));
#2755 = CARTESIAN_POINT('',(-2.085625386758,0.1,1.85000000106));
#2756 = CARTESIAN_POINT('',(-2.500051571186,0.101,1.85000000106));
#2757 = CARTESIAN_POINT('',(-2.500051571186,0.1,1.85000000106));
#2758 = ADVANCED_FACE('NONE',(#2759),#2770,.F.);
#2759 = FACE_BOUND('',#2760,.F.);
#2760 = EDGE_LOOP('NONE',(#2761,#2762,#2763,#2769));
#2761 = ORIENTED_EDGE('',*,*,#2743,.F.);
#2762 = ORIENTED_EDGE('',*,*,#2347,.T.);
#2763 = ORIENTED_EDGE('',*,*,#2764,.T.);
#2764 = EDGE_CURVE('NONE',#2348,#2675,#2765,.T.);
#2765 = LINE('',#2766,#2767);
#2766 = CARTESIAN_POINT('',(-3.25,0.101,2.600000001076));
#2767 = VECTOR('',#2768,1.);
#2768 = DIRECTION('',(-0.,-1.,-0.));
#2769 = ORIENTED_EDGE('',*,*,#2683,.F.);
#2770 = B_SPLINE_SURFACE_WITH_KNOTS('',3,1,(
    (#2771,#2772)
    ,(#2773,#2774)
    ,(#2775,#2776)
    ,(#2777,#2778
    )),.UNSPECIFIED.,.F.,.F.,.F.,(4,4),(2,2),(16.,17.),(0.,1.),
  .PIECEWISE_BEZIER_KNOTS.);
#2771 = CARTESIAN_POINT('',(-2.500051571186,0.101,1.85000000106));
#2772 = CARTESIAN_POINT('',(-2.500051571186,0.1,1.85000000106));
#2773 = CARTESIAN_POINT('',(-2.914477755614,0.101,1.85000000106));
#2774 = CARTESIAN_POINT('',(-2.914477755614,0.1,1.85000000106));
#2775 = CARTESIAN_POINT('',(-3.25,0.101,2.186502098296));
#2776 = CARTESIAN_POINT('',(-3.25,0.1,2.186502098296));
#2777 = CARTESIAN_POINT('',(-3.25,0.101,2.600000001076));
#2778 = CARTESIAN_POINT('',(-3.25,0.1,2.600000001076));
#2779 = ADVANCED_FACE('NONE',(#2780),#2791,.F.);
#2780 = FACE_BOUND('',#2781,.F.);
#2781 = EDGE_LOOP('NONE',(#2782,#2783,#2784,#2790));
#2782 = ORIENTED_EDGE('',*,*,#2764,.F.);
#2783 = ORIENTED_EDGE('',*,*,#2356,.T.);
#2784 = ORIENTED_EDGE('',*,*,#2785,.T.);
#2785 = EDGE_CURVE('NONE',#2357,#2666,#2786,.T.);
#2786 = LINE('',#2787,#2788);
#2787 = CARTESIAN_POINT('',(-2.500051571186,0.101,3.350000001093));
#2788 = VECTOR('',#2789,1.);
#2789 = DIRECTION('',(-0.,-1.,-0.));
#2790 = ORIENTED_EDGE('',*,*,#2674,.F.);
#2791 = B_SPLINE_SURFACE_WITH_KNOTS('',3,1,(
    (#2792,#2793)
    ,(#2794,#2795)
    ,(#2796,#2797)
    ,(#2798,#2799
    )),.UNSPECIFIED.,.F.,.F.,.F.,(4,4),(2,2),(15.,16.),(0.,1.),
  .PIECEWISE_BEZIER_KNOTS.);
#2792 = CARTESIAN_POINT('',(-3.25,0.101,2.600000001076));
#2793 = CARTESIAN_POINT('',(-3.25,0.1,2.600000001076));
#2794 = CARTESIAN_POINT('',(-3.25,0.101,3.014477756707));
#2795 = CARTESIAN_POINT('',(-3.25,0.1,3.014477756707));
#2796 = CARTESIAN_POINT('',(-2.914477755614,0.101,3.350000001093));
#2797 = CARTESIAN_POINT('',(-2.914477755614,0.1,3.350000001093));
#2798 = CARTESIAN_POINT('',(-2.500051571186,0.101,3.350000001093));
#2799 = CARTESIAN_POINT('',(-2.500051571186,0.1,3.350000001093));
#2800 = ADVANCED_FACE('NONE',(#2801),#2812,.F.);
#2801 = FACE_BOUND('',#2802,.F.);
#2802 = EDGE_LOOP('NONE',(#2803,#2804,#2805,#2811));
#2803 = ORIENTED_EDGE('',*,*,#2785,.F.);
#2804 = ORIENTED_EDGE('',*,*,#2365,.T.);
#2805 = ORIENTED_EDGE('',*,*,#2806,.T.);
#2806 = EDGE_CURVE('NONE',#2366,#2658,#2807,.T.);
#2807 = LINE('',#2808,#2809);
#2808 = CARTESIAN_POINT('',(-1.943443581075,0.101,3.102870798035));
#2809 = VECTOR('',#2810,1.);
#2810 = DIRECTION('',(-0.,-1.,-0.));
#2811 = ORIENTED_EDGE('',*,*,#2665,.F.);
#2812 = B_SPLINE_SURFACE_WITH_KNOTS('',3,1,(
    (#2813,#2814)
    ,(#2815,#2816)
    ,(#2817,#2818)
    ,(#2819,#2820
    )),.UNSPECIFIED.,.F.,.F.,.F.,(4,4),(2,2),(14.,15.),(0.,1.),
  .PIECEWISE_BEZIER_KNOTS.);
#2813 = CARTESIAN_POINT('',(-2.500051571186,0.101,3.350000001093));
#2814 = CARTESIAN_POINT('',(-2.500051571186,0.1,3.350000001093));
#2815 = CARTESIAN_POINT('',(-2.279120539069,0.101,3.350000001093));
#2816 = CARTESIAN_POINT('',(-2.279120539069,0.1,3.350000001093));
#2817 = CARTESIAN_POINT('',(-2.080674551304,0.101,3.254593276206));
#2818 = CARTESIAN_POINT('',(-2.080674551304,0.1,3.254593276206));
#2819 = CARTESIAN_POINT('',(-1.943443581075,0.101,3.102870798035));
#2820 = CARTESIAN_POINT('',(-1.943443581075,0.1,3.102870798035));
#2821 = ADVANCED_FACE('NONE',(#2822),#2833,.F.);
#2822 = FACE_BOUND('',#2823,.T.);
#2823 = EDGE_LOOP('NONE',(#2824,#2825,#2831,#2832));
#2824 = ORIENTED_EDGE('',*,*,#2657,.T.);
#2825 = ORIENTED_EDGE('',*,*,#2826,.F.);
#2826 = EDGE_CURVE('NONE',#2375,#2650,#2827,.T.);
#2827 = LINE('',#2828,#2829);
#2828 = CARTESIAN_POINT('',(-2.005741593866,0.101,3.102870798035));
#2829 = VECTOR('',#2830,1.);
#2830 = DIRECTION('',(-0.,-1.,-0.));
#2831 = ORIENTED_EDGE('',*,*,#2374,.F.);
#2832 = ORIENTED_EDGE('',*,*,#2806,.T.);
#2833 = PLANE('',#2834);
#2834 = AXIS2_PLACEMENT_3D('',#2835,#2836,#2837);
#2835 = CARTESIAN_POINT('',(-2.005741593866,0.101,3.102870798035));
#2836 = DIRECTION('',(0.,0.,1.));
#2837 = DIRECTION('',(1.,0.,-0.));
#2838 = ADVANCED_FACE('NONE',(#2839),#2850,.F.);
#2839 = FACE_BOUND('',#2840,.T.);
#2840 = EDGE_LOOP('NONE',(#2841,#2842,#2848,#2849));
#2841 = ORIENTED_EDGE('',*,*,#2649,.T.);
#2842 = ORIENTED_EDGE('',*,*,#2843,.F.);
#2843 = EDGE_CURVE('NONE',#2383,#2641,#2844,.T.);
#2844 = LINE('',#2845,#2846);
#2845 = CARTESIAN_POINT('',(-2.005741593866,0.101,3.059138418195));
#2846 = VECTOR('',#2847,1.);
#2847 = DIRECTION('',(-0.,-1.,-0.));
#2848 = ORIENTED_EDGE('',*,*,#2382,.F.);
#2849 = ORIENTED_EDGE('',*,*,#2826,.T.);
#2850 = PLANE('',#2851);
#2851 = AXIS2_PLACEMENT_3D('',#2852,#2853,#2854);
#2852 = CARTESIAN_POINT('',(-2.005741593866,0.101,3.059138418195));
#2853 = DIRECTION('',(-1.,0.,0.));
#2854 = DIRECTION('',(0.,0.,1.));
#2855 = ADVANCED_FACE('NONE',(#2856),#2867,.F.);
#2856 = FACE_BOUND('',#2857,.F.);
#2857 = EDGE_LOOP('NONE',(#2858,#2859,#2860,#2866));
#2858 = ORIENTED_EDGE('',*,*,#2843,.F.);
#2859 = ORIENTED_EDGE('',*,*,#2390,.T.);
#2860 = ORIENTED_EDGE('',*,*,#2861,.T.);
#2861 = EDGE_CURVE('NONE',#2391,#2632,#2862,.T.);
#2862 = LINE('',#2863,#2864);
#2863 = CARTESIAN_POINT('',(-2.159733204954,0.101,3.116176168316));
#2864 = VECTOR('',#2865,1.);
#2865 = DIRECTION('',(-0.,-1.,-0.));
#2866 = ORIENTED_EDGE('',*,*,#2640,.F.);
#2867 = B_SPLINE_SURFACE_WITH_KNOTS('',3,1,(
    (#2868,#2869)
    ,(#2870,#2871)
    ,(#2872,#2873)
    ,(#2874,#2875
    )),.UNSPECIFIED.,.F.,.F.,.F.,(4,4),(2,2),(11.,12.),(0.,1.),
  .PIECEWISE_BEZIER_KNOTS.);
#2868 = CARTESIAN_POINT('',(-2.005741593866,0.101,3.059138418195));
#2869 = CARTESIAN_POINT('',(-2.005741593866,0.1,3.059138418195));
#2870 = CARTESIAN_POINT('',(-2.042821288565,0.101,3.097094823339));
#2871 = CARTESIAN_POINT('',(-2.042821288565,0.1,3.097094823339));
#2872 = CARTESIAN_POINT('',(-2.094134635194,0.101,3.116176168316));
#2873 = CARTESIAN_POINT('',(-2.094134635194,0.1,3.116176168316));
#2874 = CARTESIAN_POINT('',(-2.159733204954,0.101,3.116176168316));
#2875 = CARTESIAN_POINT('',(-2.159733204954,0.1,3.116176168316));
#2876 = ADVANCED_FACE('NONE',(#2877),#2888,.F.);
#2877 = FACE_BOUND('',#2878,.F.);
#2878 = EDGE_LOOP('NONE',(#2879,#2880,#2881,#2887));
#2879 = ORIENTED_EDGE('',*,*,#2861,.F.);
#2880 = ORIENTED_EDGE('',*,*,#2399,.T.);
#2881 = ORIENTED_EDGE('',*,*,#2882,.T.);
#2882 = EDGE_CURVE('NONE',#2400,#2624,#2883,.T.);
#2883 = LINE('',#2884,#2885);
#2884 = CARTESIAN_POINT('',(-2.402117857369,0.101,2.815825484132));
#2885 = VECTOR('',#2886,1.);
#2886 = DIRECTION('',(-0.,-1.,-0.));
#2887 = ORIENTED_EDGE('',*,*,#2631,.F.);
#2888 = B_SPLINE_SURFACE_WITH_KNOTS('',3,1,(
    (#2889,#2890)
    ,(#2891,#2892)
    ,(#2893,#2894)
    ,(#2895,#2896
    )),.UNSPECIFIED.,.F.,.F.,.F.,(4,4),(2,2),(10.,11.),(0.,1.),
  .PIECEWISE_BEZIER_KNOTS.);
#2889 = CARTESIAN_POINT('',(-2.159733204954,0.101,3.116176168316));
#2890 = CARTESIAN_POINT('',(-2.159733204954,0.1,3.116176168316));
#2891 = CARTESIAN_POINT('',(-2.32130578283,0.101,3.116176168316));
#2892 = CARTESIAN_POINT('',(-2.32130578283,0.1,3.116176168316));
#2893 = CARTESIAN_POINT('',(-2.402117857369,0.101,3.016334320002));
#2894 = CARTESIAN_POINT('',(-2.402117857369,0.1,3.016334320002));
#2895 = CARTESIAN_POINT('',(-2.402117857369,0.101,2.815825484132));
#2896 = CARTESIAN_POINT('',(-2.402117857369,0.1,2.815825484132));
#2897 = ADVANCED_FACE('NONE',(#2898),#2909,.F.);
#2898 = FACE_BOUND('',#2899,.T.);
#2899 = EDGE_LOOP('NONE',(#2900,#2901,#2907,#2908));
#2900 = ORIENTED_EDGE('',*,*,#2623,.T.);
#2901 = ORIENTED_EDGE('',*,*,#2902,.F.);
#2902 = EDGE_CURVE('NONE',#2409,#2616,#2903,.T.);
#2903 = LINE('',#2904,#2905);
#2904 = CARTESIAN_POINT('',(-2.402117857369,0.101,2.446008389989));
#2905 = VECTOR('',#2906,1.);
#2906 = DIRECTION('',(-0.,-1.,-0.));
#2907 = ORIENTED_EDGE('',*,*,#2408,.F.);
#2908 = ORIENTED_EDGE('',*,*,#2882,.T.);
#2909 = PLANE('',#2910);
#2910 = AXIS2_PLACEMENT_3D('',#2911,#2912,#2913);
#2911 = CARTESIAN_POINT('',(-2.402117857369,0.101,2.446008389989));
#2912 = DIRECTION('',(-1.,0.,0.));
#2913 = DIRECTION('',(0.,0.,1.));
#2914 = ADVANCED_FACE('NONE',(#2915),#2926,.F.);
#2915 = FACE_BOUND('',#2916,.T.);
#2916 = EDGE_LOOP('NONE',(#2917,#2918,#2924,#2925));
#2917 = ORIENTED_EDGE('',*,*,#2615,.T.);
#2918 = ORIENTED_EDGE('',*,*,#2919,.F.);
#2919 = EDGE_CURVE('NONE',#2417,#2608,#2920,.T.);
#2920 = LINE('',#2921,#2922);
#2921 = CARTESIAN_POINT('',(-2.230076325357,0.101,2.446008389989));
#2922 = VECTOR('',#2923,1.);
#2923 = DIRECTION('',(-0.,-1.,-0.));
#2924 = ORIENTED_EDGE('',*,*,#2416,.F.);
#2925 = ORIENTED_EDGE('',*,*,#2902,.T.);
#2926 = PLANE('',#2927);
#2927 = AXIS2_PLACEMENT_3D('',#2928,#2929,#2930);
#2928 = CARTESIAN_POINT('',(-2.230076325357,0.101,2.446008389989));
#2929 = DIRECTION('',(0.,0.,-1.));
#2930 = DIRECTION('',(-1.,0.,-0.));
#2931 = ADVANCED_FACE('NONE',(#2932),#2943,.F.);
#2932 = FACE_BOUND('',#2933,.T.);
#2933 = EDGE_LOOP('NONE',(#2934,#2935,#2941,#2942));
#2934 = ORIENTED_EDGE('',*,*,#2607,.T.);
#2935 = ORIENTED_EDGE('',*,*,#2936,.F.);
#2936 = EDGE_CURVE('NONE',#2425,#2599,#2937,.T.);
#2937 = LINE('',#2938,#2939);
#2938 = CARTESIAN_POINT('',(-2.230076325357,0.101,2.801488689797));
#2939 = VECTOR('',#2940,1.);
#2940 = DIRECTION('',(-0.,-1.,-0.));
#2941 = ORIENTED_EDGE('',*,*,#2424,.F.);
#2942 = ORIENTED_EDGE('',*,*,#2919,.T.);
#2943 = PLANE('',#2944);
#2944 = AXIS2_PLACEMENT_3D('',#2945,#2946,#2947);
#2945 = CARTESIAN_POINT('',(-2.230076325357,0.101,2.801488689797));
#2946 = DIRECTION('',(1.,-0.,0.));
#2947 = DIRECTION('',(0.,0.,-1.));
#2948 = ADVANCED_FACE('NONE',(#2949),#2960,.F.);
#2949 = FACE_BOUND('',#2950,.F.);
#2950 = EDGE_LOOP('NONE',(#2951,#2952,#2953,#2959));
#2951 = ORIENTED_EDGE('',*,*,#2936,.F.);
#2952 = ORIENTED_EDGE('',*,*,#2432,.T.);
#2953 = ORIENTED_EDGE('',*,*,#2954,.T.);
#2954 = EDGE_CURVE('NONE',#2433,#2590,#2955,.T.);
#2955 = LINE('',#2956,#2957);
#2956 = CARTESIAN_POINT('',(-2.202485731944,0.101,2.920308740683));
#2957 = VECTOR('',#2958,1.);
#2958 = DIRECTION('',(-0.,-1.,-0.));
#2959 = ORIENTED_EDGE('',*,*,#2598,.F.);
#2960 = B_SPLINE_SURFACE_WITH_KNOTS('',3,1,(
    (#2961,#2962)
    ,(#2963,#2964)
    ,(#2965,#2966)
    ,(#2967,#2968
    )),.UNSPECIFIED.,.F.,.F.,.F.,(4,4),(2,2),(6.,7.),(0.,1.),
  .PIECEWISE_BEZIER_KNOTS.);
#2961 = CARTESIAN_POINT('',(-2.230076325357,0.101,2.801488689797));
#2962 = CARTESIAN_POINT('',(-2.230076325357,0.1,2.801488689797));
#2963 = CARTESIAN_POINT('',(-2.230076325357,0.101,2.857598158271));
#2964 = CARTESIAN_POINT('',(-2.230076325357,0.1,2.857598158271));
#2965 = CARTESIAN_POINT('',(-2.220535652868,0.101,2.897514269116));
#2966 = CARTESIAN_POINT('',(-2.220535652868,0.1,2.897514269116));
#2967 = CARTESIAN_POINT('',(-2.202485731944,0.101,2.920308740683));
#2968 = CARTESIAN_POINT('',(-2.202485731944,0.1,2.920308740683));
#2969 = ADVANCED_FACE('NONE',(#2970),#2981,.F.);
#2970 = FACE_BOUND('',#2971,.F.);
#2971 = EDGE_LOOP('NONE',(#2972,#2973,#2974,#2980));
#2972 = ORIENTED_EDGE('',*,*,#2954,.F.);
#2973 = ORIENTED_EDGE('',*,*,#2441,.T.);
#2974 = ORIENTED_EDGE('',*,*,#2975,.T.);
#2975 = EDGE_CURVE('NONE',#2442,#2581,#2976,.T.);
#2976 = LINE('',#2977,#2978);
#2977 = CARTESIAN_POINT('',(-2.118837241259,0.101,2.95362373759));
#2978 = VECTOR('',#2979,1.);
#2979 = DIRECTION('',(-0.,-1.,-0.));
#2980 = ORIENTED_EDGE('',*,*,#2589,.F.);
#2981 = B_SPLINE_SURFACE_WITH_KNOTS('',3,1,(
    (#2982,#2983)
    ,(#2984,#2985)
    ,(#2986,#2987)
    ,(#2988,#2989
    )),.UNSPECIFIED.,.F.,.F.,.F.,(4,4),(2,2),(5.,6.),(0.,1.),
  .PIECEWISE_BEZIER_KNOTS.);
#2982 = CARTESIAN_POINT('',(-2.202485731944,0.101,2.920308740683));
#2983 = CARTESIAN_POINT('',(-2.202485731944,0.1,2.920308740683));
#2984 = CARTESIAN_POINT('',(-2.183507529372,0.101,2.942174930603));
#2985 = CARTESIAN_POINT('',(-2.183507529372,0.1,2.942174930603));
#2986 = CARTESIAN_POINT('',(-2.155968507161,0.101,2.95362373759));
#2987 = CARTESIAN_POINT('',(-2.155968507161,0.1,2.95362373759));
#2988 = CARTESIAN_POINT('',(-2.118837241259,0.101,2.95362373759));
#2989 = CARTESIAN_POINT('',(-2.118837241259,0.1,2.95362373759));
#2990 = ADVANCED_FACE('NONE',(#2991),#3002,.F.);
#2991 = FACE_BOUND('',#2992,.F.);
#2992 = EDGE_LOOP('NONE',(#2993,#2994,#2995,#3001));
#2993 = ORIENTED_EDGE('',*,*,#2975,.F.);
#2994 = ORIENTED_EDGE('',*,*,#2450,.T.);
#2995 = ORIENTED_EDGE('',*,*,#2996,.T.);
#2996 = EDGE_CURVE('NONE',#2451,#2573,#2997,.T.);
#2997 = LINE('',#2998,#2999);
#2998 = CARTESIAN_POINT('',(-2.005741593866,0.101,2.805304958793));
#2999 = VECTOR('',#3000,1.);
#3000 = DIRECTION('',(-0.,-1.,-0.));
#3001 = ORIENTED_EDGE('',*,*,#2580,.F.);
#3002 = B_SPLINE_SURFACE_WITH_KNOTS('',3,1,(
    (#3003,#3004)
    ,(#3005,#3006)
    ,(#3007,#3008)
    ,(#3009,#3010
    )),.UNSPECIFIED.,.F.,.F.,.F.,(4,4),(2,2),(4.,5.),(0.,1.),
  .PIECEWISE_BEZIER_KNOTS.);
#3003 = CARTESIAN_POINT('',(-2.118837241259,0.101,2.95362373759));
#3004 = CARTESIAN_POINT('',(-2.118837241259,0.1,2.95362373759));
#3005 = CARTESIAN_POINT('',(-2.043749570213,0.101,2.95362373759));
#3006 = CARTESIAN_POINT('',(-2.043749570213,0.1,2.95362373759));
#3007 = CARTESIAN_POINT('',(-2.005741593866,0.101,2.904218525459));
#3008 = CARTESIAN_POINT('',(-2.005741593866,0.1,2.904218525459));
#3009 = CARTESIAN_POINT('',(-2.005741593866,0.101,2.805304958793));
#3010 = CARTESIAN_POINT('',(-2.005741593866,0.1,2.805304958793));
#3011 = ADVANCED_FACE('NONE',(#3012),#3023,.F.);
#3012 = FACE_BOUND('',#3013,.T.);
#3013 = EDGE_LOOP('NONE',(#3014,#3015,#3021,#3022));
#3014 = ORIENTED_EDGE('',*,*,#2572,.T.);
#3015 = ORIENTED_EDGE('',*,*,#3016,.F.);
#3016 = EDGE_CURVE('NONE',#2460,#2565,#3017,.T.);
#3017 = LINE('',#3018,#3019);
#3018 = CARTESIAN_POINT('',(-2.005741593866,0.101,2.446008389989));
#3019 = VECTOR('',#3020,1.);
#3020 = DIRECTION('',(-0.,-1.,-0.));
#3021 = ORIENTED_EDGE('',*,*,#2459,.F.);
#3022 = ORIENTED_EDGE('',*,*,#2996,.T.);
#3023 = PLANE('',#3024);
#3024 = AXIS2_PLACEMENT_3D('',#3025,#3026,#3027);
#3025 = CARTESIAN_POINT('',(-2.005741593866,0.101,2.446008389989));
#3026 = DIRECTION('',(-1.,0.,0.));
#3027 = DIRECTION('',(0.,0.,1.));
#3028 = ADVANCED_FACE('NONE',(#3029),#3040,.F.);
#3029 = FACE_BOUND('',#3030,.T.);
#3030 = EDGE_LOOP('NONE',(#3031,#3032,#3038,#3039));
#3031 = ORIENTED_EDGE('',*,*,#2564,.T.);
#3032 = ORIENTED_EDGE('',*,*,#3033,.F.);
#3033 = EDGE_CURVE('NONE',#2468,#2557,#3034,.T.);
#3034 = LINE('',#3035,#3036);
#3035 = CARTESIAN_POINT('',(-1.833648490651,0.101,2.446008389989));
#3036 = VECTOR('',#3037,1.);
#3037 = DIRECTION('',(-0.,-1.,-0.));
#3038 = ORIENTED_EDGE('',*,*,#2467,.F.);
#3039 = ORIENTED_EDGE('',*,*,#3016,.T.);
#3040 = PLANE('',#3041);
#3041 = AXIS2_PLACEMENT_3D('',#3042,#3043,#3044);
#3042 = CARTESIAN_POINT('',(-1.833648490651,0.101,2.446008389989));
#3043 = DIRECTION('',(0.,0.,-1.));
#3044 = DIRECTION('',(-1.,0.,-0.));
#3045 = ADVANCED_FACE('NONE',(#3046),#3057,.F.);
#3046 = FACE_BOUND('',#3047,.T.);
#3047 = EDGE_LOOP('NONE',(#3048,#3049,#3055,#3056));
#3048 = ORIENTED_EDGE('',*,*,#2556,.T.);
#3049 = ORIENTED_EDGE('',*,*,#3050,.F.);
#3050 = EDGE_CURVE('NONE',#2476,#2548,#3051,.T.);
#3051 = LINE('',#3052,#3053);
#3052 = CARTESIAN_POINT('',(-1.833648490651,0.101,2.94465034833));
#3053 = VECTOR('',#3054,1.);
#3054 = DIRECTION('',(-0.,-1.,-0.));
#3055 = ORIENTED_EDGE('',*,*,#2475,.F.);
#3056 = ORIENTED_EDGE('',*,*,#3033,.T.);
#3057 = PLANE('',#3058);
#3058 = AXIS2_PLACEMENT_3D('',#3059,#3060,#3061);
#3059 = CARTESIAN_POINT('',(-1.833648490651,0.101,2.94465034833));
#3060 = DIRECTION('',(1.,-0.,0.));
#3061 = DIRECTION('',(0.,0.,-1.));
#3062 = ADVANCED_FACE('NONE',(#3063),#3069,.F.);
#3063 = FACE_BOUND('',#3064,.F.);
#3064 = EDGE_LOOP('NONE',(#3065,#3066,#3067,#3068));
#3065 = ORIENTED_EDGE('',*,*,#3050,.F.);
#3066 = ORIENTED_EDGE('',*,*,#2483,.T.);
#3067 = ORIENTED_EDGE('',*,*,#2736,.T.);
#3068 = ORIENTED_EDGE('',*,*,#2547,.F.);
#3069 = B_SPLINE_SURFACE_WITH_KNOTS('',3,1,(
    (#3070,#3071)
    ,(#3072,#3073)
    ,(#3074,#3075)
    ,(#3076,#3077
    )),.UNSPECIFIED.,.F.,.F.,.F.,(4,4),(2,2),(0.,1.),(0.,1.),
  .PIECEWISE_BEZIER_KNOTS.);
#3070 = CARTESIAN_POINT('',(-1.833648490651,0.101,2.94465034833));
#3071 = CARTESIAN_POINT('',(-1.833648490651,0.1,2.94465034833));
#3072 = CARTESIAN_POINT('',(-1.780220724714,0.101,2.841507943047));
#3073 = CARTESIAN_POINT('',(-1.780220724714,0.1,2.841507943047));
#3074 = CARTESIAN_POINT('',(-1.749999999966,0.101,2.724338170645));
#3075 = CARTESIAN_POINT('',(-1.749999999966,0.1,2.724338170645));
#3076 = CARTESIAN_POINT('',(-1.749999999966,0.101,2.600000001076));
#3077 = CARTESIAN_POINT('',(-1.749999999966,0.1,2.600000001076));
#3078 = ADVANCED_FACE('NONE',(#3079),#3095,.T.);
#3079 = FACE_BOUND('',#3080,.T.);
#3080 = EDGE_LOOP('NONE',(#3081,#3082,#3088,#3089));
#3081 = ORIENTED_EDGE('',*,*,#2692,.F.);
#3082 = ORIENTED_EDGE('',*,*,#3083,.F.);
#3083 = EDGE_CURVE('NONE',#2504,#2693,#3084,.T.);
#3084 = LINE('',#3085,#3086);
#3085 = CARTESIAN_POINT('',(-2.513356941467,0.101,2.295807262295));
#3086 = VECTOR('',#3087,1.);
#3087 = DIRECTION('',(-0.,-1.,-0.));
#3088 = ORIENTED_EDGE('',*,*,#2503,.T.);
#3089 = ORIENTED_EDGE('',*,*,#3090,.T.);
#3090 = EDGE_CURVE('NONE',#2493,#2695,#3091,.T.);
#3091 = LINE('',#3092,#3093);
#3092 = CARTESIAN_POINT('',(-2.639757959142,0.101,2.16940624462));
#3093 = VECTOR('',#3094,1.);
#3094 = DIRECTION('',(-0.,-1.,-0.));
#3095 = B_SPLINE_SURFACE_WITH_KNOTS('',3,1,(
    (#3096,#3097)
    ,(#3098,#3099)
    ,(#3100,#3101)
    ,(#3102,#3103
    )),.UNSPECIFIED.,.F.,.F.,.F.,(4,4),(2,2),(3.,4.),(0.,1.),
  .PIECEWISE_BEZIER_KNOTS.);
#3096 = CARTESIAN_POINT('',(-2.513356941467,0.101,2.295807262295));
#3097 = CARTESIAN_POINT('',(-2.513356941467,0.1,2.295807262295));
#3098 = CARTESIAN_POINT('',(-2.513356941467,0.101,2.226418209141));
#3099 = CARTESIAN_POINT('',(-2.513356941467,0.1,2.226418209141));
#3100 = CARTESIAN_POINT('',(-2.569414838739,0.101,2.16940624462));
#3101 = CARTESIAN_POINT('',(-2.569414838739,0.1,2.16940624462));
#3102 = CARTESIAN_POINT('',(-2.639757959142,0.101,2.16940624462));
#3103 = CARTESIAN_POINT('',(-2.639757959142,0.1,2.16940624462));
#3104 = ADVANCED_FACE('NONE',(#3105),#3116,.T.);
#3105 = FACE_BOUND('',#3106,.T.);
#3106 = EDGE_LOOP('NONE',(#3107,#3108,#3109,#3110));
#3107 = ORIENTED_EDGE('',*,*,#2703,.F.);
#3108 = ORIENTED_EDGE('',*,*,#3090,.F.);
#3109 = ORIENTED_EDGE('',*,*,#2492,.T.);
#3110 = ORIENTED_EDGE('',*,*,#3111,.T.);
#3111 = EDGE_CURVE('NONE',#2495,#2704,#3112,.T.);
#3112 = LINE('',#3113,#3114);
#3113 = CARTESIAN_POINT('',(-2.766158976817,0.101,2.295807262295));
#3114 = VECTOR('',#3115,1.);
#3115 = DIRECTION('',(-0.,-1.,-0.));
#3116 = B_SPLINE_SURFACE_WITH_KNOTS('',3,1,(
    (#3117,#3118)
    ,(#3119,#3120)
    ,(#3121,#3122)
    ,(#3123,#3124
    )),.UNSPECIFIED.,.F.,.F.,.F.,(4,4),(2,2),(2.,3.),(0.,1.),
  .PIECEWISE_BEZIER_KNOTS.);
#3117 = CARTESIAN_POINT('',(-2.639757959142,0.101,2.16940624462));
#3118 = CARTESIAN_POINT('',(-2.639757959142,0.1,2.16940624462));
#3119 = CARTESIAN_POINT('',(-2.709121226695,0.101,2.16940624462));
#3120 = CARTESIAN_POINT('',(-2.709121226695,0.1,2.16940624462));
#3121 = CARTESIAN_POINT('',(-2.766158976817,0.101,2.226418209141));
#3122 = CARTESIAN_POINT('',(-2.766158976817,0.1,2.226418209141));
#3123 = CARTESIAN_POINT('',(-2.766158976817,0.101,2.295807262295));
#3124 = CARTESIAN_POINT('',(-2.766158976817,0.1,2.295807262295));
#3125 = ADVANCED_FACE('NONE',(#3126),#3137,.T.);
#3126 = FACE_BOUND('',#3127,.T.);
#3127 = EDGE_LOOP('NONE',(#3128,#3129,#3130,#3131));
#3128 = ORIENTED_EDGE('',*,*,#2712,.F.);
#3129 = ORIENTED_EDGE('',*,*,#3111,.F.);
#3130 = ORIENTED_EDGE('',*,*,#2521,.T.);
#3131 = ORIENTED_EDGE('',*,*,#3132,.T.);
#3132 = EDGE_CURVE('NONE',#2513,#2713,#3133,.T.);
#3133 = LINE('',#3134,#3135);
#3134 = CARTESIAN_POINT('',(-2.639757959142,0.101,2.422234065571));
#3135 = VECTOR('',#3136,1.);
#3136 = DIRECTION('',(-0.,-1.,-0.));
#3137 = B_SPLINE_SURFACE_WITH_KNOTS('',3,1,(
    (#3138,#3139)
    ,(#3140,#3141)
    ,(#3142,#3143)
    ,(#3144,#3145
    )),.UNSPECIFIED.,.F.,.F.,.F.,(4,4),(2,2),(1.,2.),(0.,1.),
  .PIECEWISE_BEZIER_KNOTS.);
#3138 = CARTESIAN_POINT('',(-2.766158976817,0.101,2.295807262295));
#3139 = CARTESIAN_POINT('',(-2.766158976817,0.1,2.295807262295));
#3140 = CARTESIAN_POINT('',(-2.766158976817,0.101,2.366150382698));
#3141 = CARTESIAN_POINT('',(-2.766158976817,0.1,2.366150382698));
#3142 = CARTESIAN_POINT('',(-2.709121226695,0.101,2.422234065571));
#3143 = CARTESIAN_POINT('',(-2.709121226695,0.1,2.422234065571));
#3144 = CARTESIAN_POINT('',(-2.639757959142,0.101,2.422234065571));
#3145 = CARTESIAN_POINT('',(-2.639757959142,0.1,2.422234065571));
#3146 = ADVANCED_FACE('NONE',(#3147),#3153,.T.);
#3147 = FACE_BOUND('',#3148,.T.);
#3148 = EDGE_LOOP('NONE',(#3149,#3150,#3151,#3152));
#3149 = ORIENTED_EDGE('',*,*,#2721,.F.);
#3150 = ORIENTED_EDGE('',*,*,#3132,.F.);
#3151 = ORIENTED_EDGE('',*,*,#2512,.T.);
#3152 = ORIENTED_EDGE('',*,*,#3083,.T.);
#3153 = B_SPLINE_SURFACE_WITH_KNOTS('',3,1,(
    (#3154,#3155)
    ,(#3156,#3157)
    ,(#3158,#3159)
    ,(#3160,#3161
    )),.UNSPECIFIED.,.F.,.F.,.F.,(4,4),(2,2),(0.,1.),(0.,1.),
  .PIECEWISE_BEZIER_KNOTS.);
#3154 = CARTESIAN_POINT('',(-2.639757959142,0.101,2.422234065571));
#3155 = CARTESIAN_POINT('',(-2.639757959142,0.1,2.422234065571));
#3156 = CARTESIAN_POINT('',(-2.569414838739,0.101,2.422234065571));
#3157 = CARTESIAN_POINT('',(-2.569414838739,0.1,2.422234065571));
#3158 = CARTESIAN_POINT('',(-2.513356941467,0.101,2.366150382698));
#3159 = CARTESIAN_POINT('',(-2.513356941467,0.1,2.366150382698));
#3160 = CARTESIAN_POINT('',(-2.513356941467,0.101,2.295807262295));
#3161 = CARTESIAN_POINT('',(-2.513356941467,0.1,2.295807262295));
#3162 = ( GEOMETRIC_REPRESENTATION_CONTEXT(3)
GLOBAL_UNCERTAINTY_ASSIGNED_CONTEXT((#3166))
GLOBAL_UNIT_ASSIGNED_CONTEXT((#3163,#3164,#3165)) REPRESENTATION_CONTEXT
('Context #1','3D Context with UNIT and UNCERTAINTY') );
#3163 = ( LENGTH_UNIT() NAMED_UNIT(*) SI_UNIT(.MILLI.,.METRE.) );
#3164 = ( NAMED_UNIT(*) PLANE_ANGLE_UNIT() SI_UNIT($,.RADIAN.) );
#3165 = ( NAMED_UNIT(*) SI_UNIT($,.STERADIAN.) SOLID_ANGLE_UNIT() );
#3166 = UNCERTAINTY_MEASURE_WITH_UNIT(LENGTH_MEASURE(1.E-07),#3163,
  'distance_accuracy_value','confusion accuracy');
#3167 = CONTEXT_DEPENDENT_SHAPE_REPRESENTATION(#3168,#3170);
#3168 = ( REPRESENTATION_RELATIONSHIP('','',#63,#32)
REPRESENTATION_RELATIONSHIP_WITH_TRANSFORMATION(#3169)
SHAPE_REPRESENTATION_RELATIONSHIP() );
#3169 = ITEM_DEFINED_TRANSFORMATION('','',#11,#33);
#3170 = PRODUCT_DEFINITION_SHAPE('Placement','Placement of an item',
  #3171);
#3171 = NEXT_ASSEMBLY_USAGE_OCCURRENCE('4','NAUO1','',#27,#58,$);
#3172 = PRODUCT_RELATED_PRODUCT_CATEGORY('part',$,(#60));
#3173 = SHAPE_DEFINITION_REPRESENTATION(#3174,#3180);
#3174 = PRODUCT_DEFINITION_SHAPE('','',#3175);
#3175 = PRODUCT_DEFINITION('design','',#3176,#3179);
#3176 = PRODUCT_DEFINITION_FORMATION('','',#3177);
#3177 = PRODUCT('NAUO2','NAUO2','',(#3178));
#3178 = PRODUCT_CONTEXT('',#2,'mechanical');
#3179 = PRODUCT_DEFINITION_CONTEXT('part definition',#2,'design');
#3180 = ADVANCED_BREP_SHAPE_REPRESENTATION('',(#11,#3181),#5057);
#3181 = MANIFOLD_SOLID_BREP('',#3182);
#3182 = CLOSED_SHELL('NONE',(#3183,#3225,#3265,#3305,#3345,#3385,#3435,
    #3485,#3497,#3536,#3573,#3590,#3607,#3647,#3751,#3768,#3867,#3879,
    #3919,#3950,#3973,#3997,#4015,#4051,#4099,#4111,#4123,#4163,#4194,
    #4217,#4241,#4259,#4305,#4341,#4353,#4365,#4398,#4431,#4448,#4465,
    #4505,#4609,#4626,#4725,#4737,#4754,#4771,#4788,#4805,#4817,#4834,
    #4851,#4868,#4885,#4897,#4914,#4931,#4948,#4965,#4977,#4994,#5011,
    #5028,#5045));
#3183 = ADVANCED_FACE('NONE',(#3184),#3220,.F.);
#3184 = FACE_BOUND('',#3185,.F.);
#3185 = EDGE_LOOP('NONE',(#3186,#3196,#3205,#3213));
#3186 = ORIENTED_EDGE('',*,*,#3187,.T.);
#3187 = EDGE_CURVE('NONE',#3188,#3190,#3192,.T.);
#3188 = VERTEX_POINT('NONE',#3189);
#3189 = CARTESIAN_POINT('',(6.15,-0.2,-1.75));
#3190 = VERTEX_POINT('NONE',#3191);
#3191 = CARTESIAN_POINT('',(6.15,2.25514051877E-14,-1.75));
#3192 = LINE('',#3193,#3194);
#3193 = CARTESIAN_POINT('',(6.15,-0.2,-1.75));
#3194 = VECTOR('',#3195,1.);
#3195 = DIRECTION('',(0.,1.,2.711709361697E-31));
#3196 = ORIENTED_EDGE('',*,*,#3197,.F.);
#3197 = EDGE_CURVE('NONE',#3198,#3190,#3200,.T.);
#3198 = VERTEX_POINT('NONE',#3199);
#3199 = CARTESIAN_POINT('',(6.15,2.25514051877E-14,-2.55));
#3200 = CIRCLE('',#3201,0.4);
#3201 = AXIS2_PLACEMENT_3D('',#3202,#3203,#3204);
#3202 = CARTESIAN_POINT('',(6.15,2.25514051877E-14,-2.15));
#3203 = DIRECTION('',(0.,1.,2.711709361697E-31));
#3204 = DIRECTION('',(0.,-2.711709361697E-31,1.));
#3205 = ORIENTED_EDGE('',*,*,#3206,.F.);
#3206 = EDGE_CURVE('NONE',#3207,#3198,#3209,.T.);
#3207 = VERTEX_POINT('NONE',#3208);
#3208 = CARTESIAN_POINT('',(6.15,-0.2,-2.55));
#3209 = LINE('',#3210,#3211);
#3210 = CARTESIAN_POINT('',(6.15,-0.2,-2.55));
#3211 = VECTOR('',#3212,1.);
#3212 = DIRECTION('',(0.,1.,2.711709361697E-31));
#3213 = ORIENTED_EDGE('',*,*,#3214,.T.);
#3214 = EDGE_CURVE('NONE',#3207,#3188,#3215,.T.);
#3215 = CIRCLE('',#3216,0.4);
#3216 = AXIS2_PLACEMENT_3D('',#3217,#3218,#3219);
#3217 = CARTESIAN_POINT('',(6.15,-0.2,-2.15));
#3218 = DIRECTION('',(0.,1.,2.711709361697E-31));
#3219 = DIRECTION('',(0.,-2.711709361697E-31,1.));
#3220 = CYLINDRICAL_SURFACE('',#3221,0.4);
#3221 = AXIS2_PLACEMENT_3D('',#3222,#3223,#3224);
#3222 = CARTESIAN_POINT('',(6.15,-0.2,-2.15));
#3223 = DIRECTION('',(0.,1.,2.711709361697E-31));
#3224 = DIRECTION('',(0.,-2.711709361697E-31,1.));
#3225 = ADVANCED_FACE('NONE',(#3226),#3260,.F.);
#3226 = FACE_BOUND('',#3227,.T.);
#3227 = EDGE_LOOP('NONE',(#3228,#3238,#3246,#3254));
#3228 = ORIENTED_EDGE('',*,*,#3229,.T.);
#3229 = EDGE_CURVE('NONE',#3230,#3232,#3234,.T.);
#3230 = VERTEX_POINT('NONE',#3231);
#3231 = CARTESIAN_POINT('',(4.95,-1.5,-8.5));
#3232 = VERTEX_POINT('NONE',#3233);
#3233 = CARTESIAN_POINT('',(3.35,-1.5,-8.5));
#3234 = LINE('',#3235,#3236);
#3235 = CARTESIAN_POINT('',(1.734723475977E-14,-1.5,-8.5));
#3236 = VECTOR('',#3237,1.);
#3237 = DIRECTION('',(-1.,-3.944304526105E-31,-5.913100732957E-32));
#3238 = ORIENTED_EDGE('',*,*,#3239,.T.);
#3239 = EDGE_CURVE('NONE',#3232,#3240,#3242,.T.);
#3240 = VERTEX_POINT('NONE',#3241);
#3241 = CARTESIAN_POINT('',(3.35,-1.5,-8.7));
#3242 = LINE('',#3243,#3244);
#3243 = CARTESIAN_POINT('',(3.35,-1.5,0.431754072725));
#3244 = VECTOR('',#3245,1.);
#3245 = DIRECTION('',(2.000714528648E-31,2.891205793295E-15,-1.));
#3246 = ORIENTED_EDGE('',*,*,#3247,.F.);
#3247 = EDGE_CURVE('NONE',#3248,#3240,#3250,.T.);
#3248 = VERTEX_POINT('NONE',#3249);
#3249 = CARTESIAN_POINT('',(4.95,-1.5,-8.7));
#3250 = LINE('',#3251,#3252);
#3251 = CARTESIAN_POINT('',(8.3,-1.5,-8.7));
#3252 = VECTOR('',#3253,1.);
#3253 = DIRECTION('',(-1.,-3.944304526105E-31,-5.913100732957E-32));
#3254 = ORIENTED_EDGE('',*,*,#3255,.F.);
#3255 = EDGE_CURVE('NONE',#3230,#3248,#3256,.T.);
#3256 = LINE('',#3257,#3258);
#3257 = CARTESIAN_POINT('',(4.95,-1.5,0.431754072725));
#3258 = VECTOR('',#3259,1.);
#3259 = DIRECTION('',(2.000714528648E-31,2.891205793295E-15,-1.));
#3260 = PLANE('',#3261);
#3261 = AXIS2_PLACEMENT_3D('',#3262,#3263,#3264);
#3262 = CARTESIAN_POINT('',(1.561251128379E-14,-1.5,-8.7));
#3263 = DIRECTION('',(0.,1.,3.491483361109E-15));
#3264 = DIRECTION('',(-2.735798021503E-31,-3.491483361109E-15,1.));
#3265 = ADVANCED_FACE('NONE',(#3266),#3300,.F.);
#3266 = FACE_BOUND('',#3267,.T.);
#3267 = EDGE_LOOP('NONE',(#3268,#3278,#3286,#3294));
#3268 = ORIENTED_EDGE('',*,*,#3269,.F.);
#3269 = EDGE_CURVE('NONE',#3270,#3272,#3274,.T.);
#3270 = VERTEX_POINT('NONE',#3271);
#3271 = CARTESIAN_POINT('',(3.35,-1.5,0.4));
#3272 = VERTEX_POINT('NONE',#3273);
#3273 = CARTESIAN_POINT('',(4.95,-1.5,0.4));
#3274 = LINE('',#3275,#3276);
#3275 = CARTESIAN_POINT('',(8.3,-1.5,0.4));
#3276 = VECTOR('',#3277,1.);
#3277 = DIRECTION('',(1.,-3.657549497541E-16,4.227936187815E-16));
#3278 = ORIENTED_EDGE('',*,*,#3279,.T.);
#3279 = EDGE_CURVE('NONE',#3270,#3280,#3282,.T.);
#3280 = VERTEX_POINT('NONE',#3281);
#3281 = CARTESIAN_POINT('',(3.35,-1.5,0.2));
#3282 = LINE('',#3283,#3284);
#3283 = CARTESIAN_POINT('',(3.35,-1.5,0.431754072725));
#3284 = VECTOR('',#3285,1.);
#3285 = DIRECTION('',(2.000714528648E-31,2.891205793295E-15,-1.));
#3286 = ORIENTED_EDGE('',*,*,#3287,.T.);
#3287 = EDGE_CURVE('NONE',#3280,#3288,#3290,.T.);
#3288 = VERTEX_POINT('NONE',#3289);
#3289 = CARTESIAN_POINT('',(4.95,-1.5,0.2));
#3290 = LINE('',#3291,#3292);
#3291 = CARTESIAN_POINT('',(8.3,-1.5,0.2));
#3292 = VECTOR('',#3293,1.);
#3293 = DIRECTION('',(1.,-3.657549497541E-16,4.227936187815E-16));
#3294 = ORIENTED_EDGE('',*,*,#3295,.F.);
#3295 = EDGE_CURVE('NONE',#3272,#3288,#3296,.T.);
#3296 = LINE('',#3297,#3298);
#3297 = CARTESIAN_POINT('',(4.95,-1.5,0.431754072725));
#3298 = VECTOR('',#3299,1.);
#3299 = DIRECTION('',(2.000714528648E-31,2.891205793295E-15,-1.));
#3300 = PLANE('',#3301);
#3301 = AXIS2_PLACEMENT_3D('',#3302,#3303,#3304);
#3302 = CARTESIAN_POINT('',(8.3,-1.5,0.4));
#3303 = DIRECTION('',(3.657549497541E-16,1.,-3.491483361109E-15));
#3304 = DIRECTION('',(-5.913100732958E-32,3.491483361109E-15,1.));
#3305 = ADVANCED_FACE('NONE',(#3306),#3340,.F.);
#3306 = FACE_BOUND('',#3307,.T.);
#3307 = EDGE_LOOP('NONE',(#3308,#3318,#3326,#3334));
#3308 = ORIENTED_EDGE('',*,*,#3309,.T.);
#3309 = EDGE_CURVE('NONE',#3310,#3312,#3314,.T.);
#3310 = VERTEX_POINT('NONE',#3311);
#3311 = CARTESIAN_POINT('',(8.3,-1.5,-8.5));
#3312 = VERTEX_POINT('NONE',#3313);
#3313 = CARTESIAN_POINT('',(6.5,-1.5,-8.5));
#3314 = LINE('',#3315,#3316);
#3315 = CARTESIAN_POINT('',(1.734723475977E-14,-1.5,-8.5));
#3316 = VECTOR('',#3317,1.);
#3317 = DIRECTION('',(-1.,-3.944304526105E-31,-5.913100732957E-32));
#3318 = ORIENTED_EDGE('',*,*,#3319,.T.);
#3319 = EDGE_CURVE('NONE',#3312,#3320,#3322,.T.);
#3320 = VERTEX_POINT('NONE',#3321);
#3321 = CARTESIAN_POINT('',(6.5,-1.5,-8.7));
#3322 = LINE('',#3323,#3324);
#3323 = CARTESIAN_POINT('',(6.5,-1.5,0.431754072725));
#3324 = VECTOR('',#3325,1.);
#3325 = DIRECTION('',(2.000714528648E-31,2.891205793295E-15,-1.));
#3326 = ORIENTED_EDGE('',*,*,#3327,.F.);
#3327 = EDGE_CURVE('NONE',#3328,#3320,#3330,.T.);
#3328 = VERTEX_POINT('NONE',#3329);
#3329 = CARTESIAN_POINT('',(8.3,-1.5,-8.7));
#3330 = LINE('',#3331,#3332);
#3331 = CARTESIAN_POINT('',(8.3,-1.5,-8.7));
#3332 = VECTOR('',#3333,1.);
#3333 = DIRECTION('',(-1.,-3.944304526105E-31,-5.913100732957E-32));
#3334 = ORIENTED_EDGE('',*,*,#3335,.T.);
#3335 = EDGE_CURVE('NONE',#3328,#3310,#3336,.T.);
#3336 = LINE('',#3337,#3338);
#3337 = CARTESIAN_POINT('',(8.3,-1.5,-8.7));
#3338 = VECTOR('',#3339,1.);
#3339 = DIRECTION('',(-2.735798021503E-31,-3.491483361109E-15,1.));
#3340 = PLANE('',#3341);
#3341 = AXIS2_PLACEMENT_3D('',#3342,#3343,#3344);
#3342 = CARTESIAN_POINT('',(1.561251128379E-14,-1.5,-8.7));
#3343 = DIRECTION('',(0.,1.,3.491483361109E-15));
#3344 = DIRECTION('',(-2.735798021503E-31,-3.491483361109E-15,1.));
#3345 = ADVANCED_FACE('NONE',(#3346),#3380,.F.);
#3346 = FACE_BOUND('',#3347,.T.);
#3347 = EDGE_LOOP('NONE',(#3348,#3358,#3366,#3374));
#3348 = ORIENTED_EDGE('',*,*,#3349,.F.);
#3349 = EDGE_CURVE('NONE',#3350,#3352,#3354,.T.);
#3350 = VERTEX_POINT('NONE',#3351);
#3351 = CARTESIAN_POINT('',(6.5,-1.5,0.4));
#3352 = VERTEX_POINT('NONE',#3353);
#3353 = CARTESIAN_POINT('',(8.3,-1.5,0.4));
#3354 = LINE('',#3355,#3356);
#3355 = CARTESIAN_POINT('',(8.3,-1.5,0.4));
#3356 = VECTOR('',#3357,1.);
#3357 = DIRECTION('',(1.,-3.657549497541E-16,4.227936187815E-16));
#3358 = ORIENTED_EDGE('',*,*,#3359,.T.);
#3359 = EDGE_CURVE('NONE',#3350,#3360,#3362,.T.);
#3360 = VERTEX_POINT('NONE',#3361);
#3361 = CARTESIAN_POINT('',(6.5,-1.5,0.2));
#3362 = LINE('',#3363,#3364);
#3363 = CARTESIAN_POINT('',(6.5,-1.5,0.431754072725));
#3364 = VECTOR('',#3365,1.);
#3365 = DIRECTION('',(2.000714528648E-31,2.891205793295E-15,-1.));
#3366 = ORIENTED_EDGE('',*,*,#3367,.T.);
#3367 = EDGE_CURVE('NONE',#3360,#3368,#3370,.T.);
#3368 = VERTEX_POINT('NONE',#3369);
#3369 = CARTESIAN_POINT('',(8.3,-1.5,0.2));
#3370 = LINE('',#3371,#3372);
#3371 = CARTESIAN_POINT('',(8.3,-1.5,0.2));
#3372 = VECTOR('',#3373,1.);
#3373 = DIRECTION('',(1.,-3.657549497541E-16,4.227936187815E-16));
#3374 = ORIENTED_EDGE('',*,*,#3375,.F.);
#3375 = EDGE_CURVE('NONE',#3352,#3368,#3376,.T.);
#3376 = LINE('',#3377,#3378);
#3377 = CARTESIAN_POINT('',(8.3,-1.5,0.4));
#3378 = VECTOR('',#3379,1.);
#3379 = DIRECTION('',(4.227936187815E-16,-3.491483361109E-15,-1.));
#3380 = PLANE('',#3381);
#3381 = AXIS2_PLACEMENT_3D('',#3382,#3383,#3384);
#3382 = CARTESIAN_POINT('',(8.3,-1.5,0.4));
#3383 = DIRECTION('',(3.657549497541E-16,1.,-3.491483361109E-15));
#3384 = DIRECTION('',(-5.913100732958E-32,3.491483361109E-15,1.));
#3385 = ADVANCED_FACE('NONE',(#3386,#3396),#3430,.T.);
#3386 = FACE_BOUND('',#3387,.T.);
#3387 = EDGE_LOOP('NONE',(#3388,#3395));
#3388 = ORIENTED_EDGE('',*,*,#3389,.T.);
#3389 = EDGE_CURVE('NONE',#3188,#3207,#3390,.T.);
#3390 = CIRCLE('',#3391,0.4);
#3391 = AXIS2_PLACEMENT_3D('',#3392,#3393,#3394);
#3392 = CARTESIAN_POINT('',(6.15,-0.2,-2.15));
#3393 = DIRECTION('',(0.,1.,2.711709361697E-31));
#3394 = DIRECTION('',(0.,-2.711709361697E-31,1.));
#3395 = ORIENTED_EDGE('',*,*,#3214,.T.);
#3396 = FACE_BOUND('',#3397,.T.);
#3397 = EDGE_LOOP('NONE',(#3398,#3408,#3416,#3424));
#3398 = ORIENTED_EDGE('',*,*,#3399,.F.);
#3399 = EDGE_CURVE('NONE',#3400,#3402,#3404,.T.);
#3400 = VERTEX_POINT('NONE',#3401);
#3401 = CARTESIAN_POINT('',(1.908195823574E-14,-0.2,-8.3));
#3402 = VERTEX_POINT('NONE',#3403);
#3403 = CARTESIAN_POINT('',(1.734723475977E-14,-0.2,1.399196313525E-16)
  );
#3404 = LINE('',#3405,#3406);
#3405 = CARTESIAN_POINT('',(1.908195823574E-14,-0.2,1.276731633611E-16)
  );
#3406 = VECTOR('',#3407,1.);
#3407 = DIRECTION('',(-1.380842189757E-31,-1.232595164408E-31,1.));
#3408 = ORIENTED_EDGE('',*,*,#3409,.F.);
#3409 = EDGE_CURVE('NONE',#3410,#3400,#3412,.T.);
#3410 = VERTEX_POINT('NONE',#3411);
#3411 = CARTESIAN_POINT('',(8.3,-0.2,-8.3));
#3412 = LINE('',#3413,#3414);
#3413 = CARTESIAN_POINT('',(1.908195823574E-14,-0.2,-8.3));
#3414 = VECTOR('',#3415,1.);
#3415 = DIRECTION('',(-1.,0.,-4.535614599401E-31));
#3416 = ORIENTED_EDGE('',*,*,#3417,.F.);
#3417 = EDGE_CURVE('NONE',#3418,#3410,#3420,.T.);
#3418 = VERTEX_POINT('NONE',#3419);
#3419 = CARTESIAN_POINT('',(8.3,-0.2,-3.383546500914E-15));
#3420 = LINE('',#3421,#3422);
#3421 = CARTESIAN_POINT('',(8.3,-0.2,1.276731633611E-16));
#3422 = VECTOR('',#3423,1.);
#3423 = DIRECTION('',(1.380842189757E-31,1.232595164408E-31,-1.));
#3424 = ORIENTED_EDGE('',*,*,#3425,.F.);
#3425 = EDGE_CURVE('NONE',#3402,#3418,#3426,.T.);
#3426 = LINE('',#3427,#3428);
#3427 = CARTESIAN_POINT('',(1.908195823574E-14,-0.2,1.276731633611E-16)
  );
#3428 = VECTOR('',#3429,1.);
#3429 = DIRECTION('',(1.,0.,4.535614599401E-31));
#3430 = PLANE('',#3431);
#3431 = AXIS2_PLACEMENT_3D('',#3432,#3433,#3434);
#3432 = CARTESIAN_POINT('',(1.908195823574E-14,-0.2,-8.3));
#3433 = DIRECTION('',(-1.361615524724E-62,-1.,-1.725633230171E-31));
#3434 = DIRECTION('',(1.380842189757E-31,1.725633230171E-31,-1.));
#3435 = ADVANCED_FACE('NONE',(#3436,#3446),#3480,.F.);
#3436 = FACE_BOUND('',#3437,.T.);
#3437 = EDGE_LOOP('NONE',(#3438,#3445));
#3438 = ORIENTED_EDGE('',*,*,#3439,.F.);
#3439 = EDGE_CURVE('NONE',#3190,#3198,#3440,.T.);
#3440 = CIRCLE('',#3441,0.4);
#3441 = AXIS2_PLACEMENT_3D('',#3442,#3443,#3444);
#3442 = CARTESIAN_POINT('',(6.15,2.25514051877E-14,-2.15));
#3443 = DIRECTION('',(0.,1.,2.711709361697E-31));
#3444 = DIRECTION('',(0.,-2.711709361697E-31,1.));
#3445 = ORIENTED_EDGE('',*,*,#3197,.F.);
#3446 = FACE_BOUND('',#3447,.T.);
#3447 = EDGE_LOOP('NONE',(#3448,#3458,#3466,#3474));
#3448 = ORIENTED_EDGE('',*,*,#3449,.T.);
#3449 = EDGE_CURVE('NONE',#3450,#3452,#3454,.T.);
#3450 = VERTEX_POINT('NONE',#3451);
#3451 = CARTESIAN_POINT('',(1.908195823574E-14,2.081668171172E-14,-8.3)
  );
#3452 = VERTEX_POINT('NONE',#3453);
#3453 = CARTESIAN_POINT('',(2.25514051877E-14,2.25514051877E-14,
    -3.381610760133E-15));
#3454 = LINE('',#3455,#3456);
#3455 = CARTESIAN_POINT('',(1.561251128379E-14,2.25514051877E-14,
    1.276731633611E-16));
#3456 = VECTOR('',#3457,1.);
#3457 = DIRECTION('',(-1.380842189757E-31,-1.232595164408E-31,1.));
#3458 = ORIENTED_EDGE('',*,*,#3459,.T.);
#3459 = EDGE_CURVE('NONE',#3452,#3460,#3462,.T.);
#3460 = VERTEX_POINT('NONE',#3461);
#3461 = CARTESIAN_POINT('',(8.3,2.25514051877E-14,-3.4253470666E-15));
#3462 = LINE('',#3463,#3464);
#3463 = CARTESIAN_POINT('',(1.561251128379E-14,2.25514051877E-14,
    1.276731633611E-16));
#3464 = VECTOR('',#3465,1.);
#3465 = DIRECTION('',(1.,0.,4.535614599401E-31));
#3466 = ORIENTED_EDGE('',*,*,#3467,.T.);
#3467 = EDGE_CURVE('NONE',#3460,#3468,#3470,.T.);
#3468 = VERTEX_POINT('NONE',#3469);
#3469 = CARTESIAN_POINT('',(8.3,2.081668171172E-14,-8.3));
#3470 = LINE('',#3471,#3472);
#3471 = CARTESIAN_POINT('',(8.3,2.25514051877E-14,1.276731633611E-16));
#3472 = VECTOR('',#3473,1.);
#3473 = DIRECTION('',(1.380842189757E-31,1.232595164408E-31,-1.));
#3474 = ORIENTED_EDGE('',*,*,#3475,.T.);
#3475 = EDGE_CURVE('NONE',#3468,#3450,#3476,.T.);
#3476 = LINE('',#3477,#3478);
#3477 = CARTESIAN_POINT('',(1.561251128379E-14,2.25514051877E-14,-8.3));
#3478 = VECTOR('',#3479,1.);
#3479 = DIRECTION('',(-1.,0.,-4.535614599401E-31));
#3480 = PLANE('',#3481);
#3481 = AXIS2_PLACEMENT_3D('',#3482,#3483,#3484);
#3482 = CARTESIAN_POINT('',(1.561251128379E-14,2.25514051877E-14,-8.3));
#3483 = DIRECTION('',(-1.361615524724E-62,-1.,-1.725633230171E-31));
#3484 = DIRECTION('',(1.380842189757E-31,1.725633230171E-31,-1.));
#3485 = ADVANCED_FACE('NONE',(#3486),#3492,.F.);
#3486 = FACE_BOUND('',#3487,.F.);
#3487 = EDGE_LOOP('NONE',(#3488,#3489,#3490,#3491));
#3488 = ORIENTED_EDGE('',*,*,#3439,.F.);
#3489 = ORIENTED_EDGE('',*,*,#3187,.F.);
#3490 = ORIENTED_EDGE('',*,*,#3389,.T.);
#3491 = ORIENTED_EDGE('',*,*,#3206,.T.);
#3492 = CYLINDRICAL_SURFACE('',#3493,0.4);
#3493 = AXIS2_PLACEMENT_3D('',#3494,#3495,#3496);
#3494 = CARTESIAN_POINT('',(6.15,-0.2,-2.15));
#3495 = DIRECTION('',(0.,1.,2.711709361697E-31));
#3496 = DIRECTION('',(0.,-2.711709361697E-31,1.));
#3497 = ADVANCED_FACE('NONE',(#3498),#3531,.F.);
#3498 = FACE_BOUND('',#3499,.T.);
#3499 = EDGE_LOOP('NONE',(#3500,#3510,#3517,#3524));
#3500 = ORIENTED_EDGE('',*,*,#3501,.T.);
#3501 = EDGE_CURVE('NONE',#3502,#3504,#3506,.T.);
#3502 = VERTEX_POINT('NONE',#3503);
#3503 = CARTESIAN_POINT('',(8.3,-0.4,-8.5));
#3504 = VERTEX_POINT('NONE',#3505);
#3505 = CARTESIAN_POINT('',(8.3,-0.4,-8.7));
#3506 = LINE('',#3507,#3508);
#3507 = CARTESIAN_POINT('',(8.3,-0.4,-8.5));
#3508 = VECTOR('',#3509,1.);
#3509 = DIRECTION('',(-5.770007462013E-31,6.982966722219E-15,-1.));
#3510 = ORIENTED_EDGE('',*,*,#3511,.T.);
#3511 = EDGE_CURVE('NONE',#3504,#3468,#3512,.T.);
#3512 = CIRCLE('',#3513,0.4);
#3513 = AXIS2_PLACEMENT_3D('',#3514,#3515,#3516);
#3514 = CARTESIAN_POINT('',(8.3,-0.4,-8.3));
#3515 = DIRECTION('',(1.,0.,4.535614599401E-31));
#3516 = DIRECTION('',(4.535614599401E-31,0.,-1.));
#3517 = ORIENTED_EDGE('',*,*,#3518,.T.);
#3518 = EDGE_CURVE('NONE',#3468,#3410,#3519,.T.);
#3519 = B_SPLINE_CURVE_WITH_KNOTS('',3,(#3520,#3521,#3522,#3523),
  .UNSPECIFIED.,.F.,.F.,(4,4),(0.,1.),.PIECEWISE_BEZIER_KNOTS.);
#3520 = CARTESIAN_POINT('',(8.3,2.081668171172E-14,-8.3));
#3521 = CARTESIAN_POINT('',(8.3,-6.666666666665E-02,-8.3));
#3522 = CARTESIAN_POINT('',(8.3,-0.133333333333,-8.3));
#3523 = CARTESIAN_POINT('',(8.3,-0.2,-8.3));
#3524 = ORIENTED_EDGE('',*,*,#3525,.F.);
#3525 = EDGE_CURVE('NONE',#3502,#3410,#3526,.T.);
#3526 = CIRCLE('',#3527,0.2);
#3527 = AXIS2_PLACEMENT_3D('',#3528,#3529,#3530);
#3528 = CARTESIAN_POINT('',(8.3,-0.4,-8.3));
#3529 = DIRECTION('',(1.,0.,2.563462336348E-31));
#3530 = DIRECTION('',(2.563462336348E-31,0.,-1.));
#3531 = PLANE('',#3532);
#3532 = AXIS2_PLACEMENT_3D('',#3533,#3534,#3535);
#3533 = CARTESIAN_POINT('',(8.3,-0.4,-8.3));
#3534 = DIRECTION('',(-1.,-1.603874727286E-62,-3.947660582305E-32));
#3535 = DIRECTION('',(-3.947660582305E-32,-7.395570986447E-32,1.));
#3536 = ADVANCED_FACE('NONE',(#3537),#3568,.F.);
#3537 = FACE_BOUND('',#3538,.T.);
#3538 = EDGE_LOOP('NONE',(#3539,#3548,#3556,#3563));
#3539 = ORIENTED_EDGE('',*,*,#3540,.T.);
#3540 = EDGE_CURVE('NONE',#3450,#3541,#3543,.T.);
#3541 = VERTEX_POINT('NONE',#3542);
#3542 = CARTESIAN_POINT('',(1.561251128379E-14,-0.4,-8.7));
#3543 = CIRCLE('',#3544,0.4);
#3544 = AXIS2_PLACEMENT_3D('',#3545,#3546,#3547);
#3545 = CARTESIAN_POINT('',(1.734723475977E-14,-0.4,-8.3));
#3546 = DIRECTION('',(-1.,0.,-4.535614599401E-31));
#3547 = DIRECTION('',(4.535614599401E-31,-1.761828530289E-15,-1.));
#3548 = ORIENTED_EDGE('',*,*,#3549,.F.);
#3549 = EDGE_CURVE('NONE',#3550,#3541,#3552,.T.);
#3550 = VERTEX_POINT('NONE',#3551);
#3551 = CARTESIAN_POINT('',(1.734723475977E-14,-0.4,-8.5));
#3552 = LINE('',#3553,#3554);
#3553 = CARTESIAN_POINT('',(1.561251128379E-14,-0.4,-8.7));
#3554 = VECTOR('',#3555,1.);
#3555 = DIRECTION('',(-5.770007462013E-31,6.982966722219E-15,-1.));
#3556 = ORIENTED_EDGE('',*,*,#3557,.F.);
#3557 = EDGE_CURVE('NONE',#3400,#3550,#3558,.T.);
#3558 = CIRCLE('',#3559,0.2);
#3559 = AXIS2_PLACEMENT_3D('',#3560,#3561,#3562);
#3560 = CARTESIAN_POINT('',(1.734723475977E-14,-0.4,-8.3));
#3561 = DIRECTION('',(-1.,0.,-2.563462336348E-31));
#3562 = DIRECTION('',(-2.563462336348E-31,0.,1.));
#3563 = ORIENTED_EDGE('',*,*,#3564,.F.);
#3564 = EDGE_CURVE('NONE',#3450,#3400,#3565,.T.);
#3565 = B_SPLINE_CURVE_WITH_KNOTS('',1,(#3566,#3567),.UNSPECIFIED.,.F.,
  .F.,(2,2),(0.,1.),.PIECEWISE_BEZIER_KNOTS.);
#3566 = CARTESIAN_POINT('',(1.908195823574E-14,2.081668171172E-14,-8.3)
  );
#3567 = CARTESIAN_POINT('',(1.908195823574E-14,-0.2,-8.3));
#3568 = PLANE('',#3569);
#3569 = AXIS2_PLACEMENT_3D('',#3570,#3571,#3572);
#3570 = CARTESIAN_POINT('',(1.734723475977E-14,-0.4,-8.3));
#3571 = DIRECTION('',(1.,1.603874727286E-62,3.947660582305E-32));
#3572 = DIRECTION('',(3.947660582305E-32,7.395570986447E-32,-1.));
#3573 = ADVANCED_FACE('NONE',(#3574),#3585,.F.);
#3574 = FACE_BOUND('',#3575,.F.);
#3575 = EDGE_LOOP('NONE',(#3576,#3577,#3583,#3584));
#3576 = ORIENTED_EDGE('',*,*,#3525,.F.);
#3577 = ORIENTED_EDGE('',*,*,#3578,.F.);
#3578 = EDGE_CURVE('NONE',#3550,#3502,#3579,.T.);
#3579 = LINE('',#3580,#3581);
#3580 = CARTESIAN_POINT('',(1.734723475977E-14,-0.4,-8.5));
#3581 = VECTOR('',#3582,1.);
#3582 = DIRECTION('',(1.,3.944304526105E-31,5.913100732957E-32));
#3583 = ORIENTED_EDGE('',*,*,#3557,.F.);
#3584 = ORIENTED_EDGE('',*,*,#3409,.F.);
#3585 = CYLINDRICAL_SURFACE('',#3586,0.2);
#3586 = AXIS2_PLACEMENT_3D('',#3587,#3588,#3589);
#3587 = CARTESIAN_POINT('',(-4.165772128854,-0.4,-8.3));
#3588 = DIRECTION('',(1.,0.,4.535614599401E-31));
#3589 = DIRECTION('',(4.535614599401E-31,0.,-1.));
#3590 = ADVANCED_FACE('NONE',(#3591),#3602,.T.);
#3591 = FACE_BOUND('',#3592,.T.);
#3592 = EDGE_LOOP('NONE',(#3593,#3594,#3595,#3601));
#3593 = ORIENTED_EDGE('',*,*,#3475,.F.);
#3594 = ORIENTED_EDGE('',*,*,#3511,.F.);
#3595 = ORIENTED_EDGE('',*,*,#3596,.T.);
#3596 = EDGE_CURVE('NONE',#3504,#3541,#3597,.T.);
#3597 = LINE('',#3598,#3599);
#3598 = CARTESIAN_POINT('',(1.561251128379E-14,-0.4,-8.7));
#3599 = VECTOR('',#3600,1.);
#3600 = DIRECTION('',(-1.,-3.944304526105E-31,-5.913100732957E-32));
#3601 = ORIENTED_EDGE('',*,*,#3540,.F.);
#3602 = CYLINDRICAL_SURFACE('',#3603,0.4);
#3603 = AXIS2_PLACEMENT_3D('',#3604,#3605,#3606);
#3604 = CARTESIAN_POINT('',(-4.165772128854,-0.4,-8.3));
#3605 = DIRECTION('',(1.,0.,4.535614599401E-31));
#3606 = DIRECTION('',(4.535614599401E-31,0.,-1.));
#3607 = ADVANCED_FACE('NONE',(#3608),#3642,.F.);
#3608 = FACE_BOUND('',#3609,.T.);
#3609 = EDGE_LOOP('NONE',(#3610,#3620,#3628,#3636));
#3610 = ORIENTED_EDGE('',*,*,#3611,.F.);
#3611 = EDGE_CURVE('NONE',#3612,#3614,#3616,.T.);
#3612 = VERTEX_POINT('NONE',#3613);
#3613 = CARTESIAN_POINT('',(1.8,-1.5,-8.7));
#3614 = VERTEX_POINT('NONE',#3615);
#3615 = CARTESIAN_POINT('',(1.561251128379E-14,-1.5,-8.7));
#3616 = LINE('',#3617,#3618);
#3617 = CARTESIAN_POINT('',(8.3,-1.5,-8.7));
#3618 = VECTOR('',#3619,1.);
#3619 = DIRECTION('',(-1.,-3.944304526105E-31,-5.913100732957E-32));
#3620 = ORIENTED_EDGE('',*,*,#3621,.F.);
#3621 = EDGE_CURVE('NONE',#3622,#3612,#3624,.T.);
#3622 = VERTEX_POINT('NONE',#3623);
#3623 = CARTESIAN_POINT('',(1.8,-1.5,-8.5));
#3624 = LINE('',#3625,#3626);
#3625 = CARTESIAN_POINT('',(1.8,-1.5,0.431754072725));
#3626 = VECTOR('',#3627,1.);
#3627 = DIRECTION('',(2.000714528648E-31,2.891205793295E-15,-1.));
#3628 = ORIENTED_EDGE('',*,*,#3629,.T.);
#3629 = EDGE_CURVE('NONE',#3622,#3630,#3632,.T.);
#3630 = VERTEX_POINT('NONE',#3631);
#3631 = CARTESIAN_POINT('',(1.734723475977E-14,-1.5,-8.5));
#3632 = LINE('',#3633,#3634);
#3633 = CARTESIAN_POINT('',(1.734723475977E-14,-1.5,-8.5));
#3634 = VECTOR('',#3635,1.);
#3635 = DIRECTION('',(-1.,-3.944304526105E-31,-5.913100732957E-32));
#3636 = ORIENTED_EDGE('',*,*,#3637,.F.);
#3637 = EDGE_CURVE('NONE',#3614,#3630,#3638,.T.);
#3638 = LINE('',#3639,#3640);
#3639 = CARTESIAN_POINT('',(1.561251128379E-14,-1.5,-8.7));
#3640 = VECTOR('',#3641,1.);
#3641 = DIRECTION('',(-2.735798021503E-31,-3.491483361109E-15,1.));
#3642 = PLANE('',#3643);
#3643 = AXIS2_PLACEMENT_3D('',#3644,#3645,#3646);
#3644 = CARTESIAN_POINT('',(1.561251128379E-14,-1.5,-8.7));
#3645 = DIRECTION('',(0.,1.,3.491483361109E-15));
#3646 = DIRECTION('',(-2.735798021503E-31,-3.491483361109E-15,1.));
#3647 = ADVANCED_FACE('NONE',(#3648),#3746,.T.);
#3648 = FACE_BOUND('',#3649,.T.);
#3649 = EDGE_LOOP('NONE',(#3650,#3658,#3659,#3667,#3676,#3684,#3693,
    #3699,#3700,#3706,#3707,#3713,#3714,#3722,#3731,#3739));
#3650 = ORIENTED_EDGE('',*,*,#3651,.F.);
#3651 = EDGE_CURVE('NONE',#3232,#3652,#3654,.T.);
#3652 = VERTEX_POINT('NONE',#3653);
#3653 = CARTESIAN_POINT('',(3.35,-1.372184074794,-8.5));
#3654 = LINE('',#3655,#3656);
#3655 = CARTESIAN_POINT('',(3.35,-0.2,-8.5));
#3656 = VECTOR('',#3657,1.);
#3657 = DIRECTION('',(1.914451096743E-45,1.,4.003208021485E-15));
#3658 = ORIENTED_EDGE('',*,*,#3229,.F.);
#3659 = ORIENTED_EDGE('',*,*,#3660,.F.);
#3660 = EDGE_CURVE('NONE',#3661,#3230,#3663,.T.);
#3661 = VERTEX_POINT('NONE',#3662);
#3662 = CARTESIAN_POINT('',(4.95,-1.372184074794,-8.5));
#3663 = LINE('',#3664,#3665);
#3664 = CARTESIAN_POINT('',(4.95,-0.2,-8.5));
#3665 = VECTOR('',#3666,1.);
#3666 = DIRECTION('',(-1.914451096743E-45,-1.,-4.003208021485E-15));
#3667 = ORIENTED_EDGE('',*,*,#3668,.F.);
#3668 = EDGE_CURVE('NONE',#3669,#3661,#3671,.T.);
#3669 = VERTEX_POINT('NONE',#3670);
#3670 = CARTESIAN_POINT('',(5.072184074794,-1.25,-8.5));
#3671 = CIRCLE('',#3672,0.122184074794);
#3672 = AXIS2_PLACEMENT_3D('',#3673,#3674,#3675);
#3673 = CARTESIAN_POINT('',(5.072184074794,-1.372184074794,-8.5));
#3674 = DIRECTION('',(4.284145903414E-31,-4.003208021485E-15,1.));
#3675 = DIRECTION('',(-1.715032724576E-45,-1.,-4.003208021485E-15));
#3676 = ORIENTED_EDGE('',*,*,#3677,.F.);
#3677 = EDGE_CURVE('NONE',#3678,#3669,#3680,.T.);
#3678 = VERTEX_POINT('NONE',#3679);
#3679 = CARTESIAN_POINT('',(6.377815925206,-1.25,-8.5));
#3680 = LINE('',#3681,#3682);
#3681 = CARTESIAN_POINT('',(8.3,-1.25,-8.5));
#3682 = VECTOR('',#3683,1.);
#3683 = DIRECTION('',(-1.,-1.238634745527E-45,4.284145903414E-31));
#3684 = ORIENTED_EDGE('',*,*,#3685,.F.);
#3685 = EDGE_CURVE('NONE',#3686,#3678,#3688,.T.);
#3686 = VERTEX_POINT('NONE',#3687);
#3687 = CARTESIAN_POINT('',(6.5,-1.372184074794,-8.5));
#3688 = CIRCLE('',#3689,0.122184074794);
#3689 = AXIS2_PLACEMENT_3D('',#3690,#3691,#3692);
#3690 = CARTESIAN_POINT('',(6.377815925206,-1.372184074794,-8.5));
#3691 = DIRECTION('',(4.284145903414E-31,-4.003208021485E-15,1.));
#3692 = DIRECTION('',(-1.715032724576E-45,-1.,-4.003208021485E-15));
#3693 = ORIENTED_EDGE('',*,*,#3694,.F.);
#3694 = EDGE_CURVE('NONE',#3312,#3686,#3695,.T.);
#3695 = LINE('',#3696,#3697);
#3696 = CARTESIAN_POINT('',(6.5,-0.2,-8.5));
#3697 = VECTOR('',#3698,1.);
#3698 = DIRECTION('',(1.914451096743E-45,1.,4.003208021485E-15));
#3699 = ORIENTED_EDGE('',*,*,#3309,.F.);
#3700 = ORIENTED_EDGE('',*,*,#3701,.F.);
#3701 = EDGE_CURVE('NONE',#3502,#3310,#3702,.T.);
#3702 = LINE('',#3703,#3704);
#3703 = CARTESIAN_POINT('',(8.3,-1.5,-8.5));
#3704 = VECTOR('',#3705,1.);
#3705 = DIRECTION('',(3.944304526105E-31,-1.,-4.003208021485E-15));
#3706 = ORIENTED_EDGE('',*,*,#3578,.F.);
#3707 = ORIENTED_EDGE('',*,*,#3708,.F.);
#3708 = EDGE_CURVE('NONE',#3630,#3550,#3709,.T.);
#3709 = LINE('',#3710,#3711);
#3710 = CARTESIAN_POINT('',(1.908195823574E-14,-0.2,-8.5));
#3711 = VECTOR('',#3712,1.);
#3712 = DIRECTION('',(-3.944304526105E-31,1.,4.003208021485E-15));
#3713 = ORIENTED_EDGE('',*,*,#3629,.F.);
#3714 = ORIENTED_EDGE('',*,*,#3715,.F.);
#3715 = EDGE_CURVE('NONE',#3716,#3622,#3718,.T.);
#3716 = VERTEX_POINT('NONE',#3717);
#3717 = CARTESIAN_POINT('',(1.8,-1.372184074794,-8.5));
#3718 = LINE('',#3719,#3720);
#3719 = CARTESIAN_POINT('',(1.8,-0.2,-8.5));
#3720 = VECTOR('',#3721,1.);
#3721 = DIRECTION('',(-1.914451096743E-45,-1.,-4.003208021485E-15));
#3722 = ORIENTED_EDGE('',*,*,#3723,.F.);
#3723 = EDGE_CURVE('NONE',#3724,#3716,#3726,.T.);
#3724 = VERTEX_POINT('NONE',#3725);
#3725 = CARTESIAN_POINT('',(1.922184074794,-1.25,-8.5));
#3726 = CIRCLE('',#3727,0.122184074794);
#3727 = AXIS2_PLACEMENT_3D('',#3728,#3729,#3730);
#3728 = CARTESIAN_POINT('',(1.922184074794,-1.372184074794,-8.5));
#3729 = DIRECTION('',(4.284145903414E-31,-4.003208021485E-15,1.));
#3730 = DIRECTION('',(-1.715032724576E-45,-1.,-4.003208021485E-15));
#3731 = ORIENTED_EDGE('',*,*,#3732,.F.);
#3732 = EDGE_CURVE('NONE',#3733,#3724,#3735,.T.);
#3733 = VERTEX_POINT('NONE',#3734);
#3734 = CARTESIAN_POINT('',(3.227815925206,-1.25,-8.5));
#3735 = LINE('',#3736,#3737);
#3736 = CARTESIAN_POINT('',(8.3,-1.25,-8.5));
#3737 = VECTOR('',#3738,1.);
#3738 = DIRECTION('',(-1.,-1.238634745527E-45,4.284145903414E-31));
#3739 = ORIENTED_EDGE('',*,*,#3740,.F.);
#3740 = EDGE_CURVE('NONE',#3652,#3733,#3741,.T.);
#3741 = CIRCLE('',#3742,0.122184074794);
#3742 = AXIS2_PLACEMENT_3D('',#3743,#3744,#3745);
#3743 = CARTESIAN_POINT('',(3.227815925206,-1.372184074794,-8.5));
#3744 = DIRECTION('',(4.284145903414E-31,-4.003208021485E-15,1.));
#3745 = DIRECTION('',(-1.715032724576E-45,-1.,-4.003208021485E-15));
#3746 = PLANE('',#3747);
#3747 = AXIS2_PLACEMENT_3D('',#3748,#3749,#3750);
#3748 = CARTESIAN_POINT('',(8.3,-0.2,-8.5));
#3749 = DIRECTION('',(4.284145903414E-31,-4.003208021485E-15,1.));
#3750 = DIRECTION('',(3.944304526105E-31,-1.,-4.003208021485E-15));
#3751 = ADVANCED_FACE('NONE',(#3752),#3763,.F.);
#3752 = FACE_BOUND('',#3753,.T.);
#3753 = EDGE_LOOP('NONE',(#3754,#3755,#3761,#3762));
#3754 = ORIENTED_EDGE('',*,*,#3549,.T.);
#3755 = ORIENTED_EDGE('',*,*,#3756,.F.);
#3756 = EDGE_CURVE('NONE',#3614,#3541,#3757,.T.);
#3757 = LINE('',#3758,#3759);
#3758 = CARTESIAN_POINT('',(1.734723475977E-14,-0.2,-8.7));
#3759 = VECTOR('',#3760,1.);
#3760 = DIRECTION('',(-3.944304526105E-31,1.,4.003208021485E-15));
#3761 = ORIENTED_EDGE('',*,*,#3637,.T.);
#3762 = ORIENTED_EDGE('',*,*,#3708,.T.);
#3763 = PLANE('',#3764);
#3764 = AXIS2_PLACEMENT_3D('',#3765,#3766,#3767);
#3765 = CARTESIAN_POINT('',(1.734723475977E-14,-0.2,-8.7));
#3766 = DIRECTION('',(1.,3.944304526105E-31,-5.521690730927E-31));
#3767 = DIRECTION('',(-5.521690730927E-31,4.68386162475E-31,-1.));
#3768 = ADVANCED_FACE('NONE',(#3769),#3862,.F.);
#3769 = FACE_BOUND('',#3770,.T.);
#3770 = EDGE_LOOP('NONE',(#3771,#3772,#3780,#3789,#3797,#3806,#3812,
    #3813,#3814,#3815,#3821,#3822,#3830,#3839,#3847,#3856));
#3771 = ORIENTED_EDGE('',*,*,#3247,.T.);
#3772 = ORIENTED_EDGE('',*,*,#3773,.F.);
#3773 = EDGE_CURVE('NONE',#3774,#3240,#3776,.T.);
#3774 = VERTEX_POINT('NONE',#3775);
#3775 = CARTESIAN_POINT('',(3.35,-1.372184074794,-8.7));
#3776 = LINE('',#3777,#3778);
#3777 = CARTESIAN_POINT('',(3.35,-1.5,-8.7));
#3778 = VECTOR('',#3779,1.);
#3779 = DIRECTION('',(-0.,-1.,-1.357204490116E-14));
#3780 = ORIENTED_EDGE('',*,*,#3781,.F.);
#3781 = EDGE_CURVE('NONE',#3782,#3774,#3784,.T.);
#3782 = VERTEX_POINT('NONE',#3783);
#3783 = CARTESIAN_POINT('',(3.227815925206,-1.25,-8.7));
#3784 = CIRCLE('',#3785,0.122184074794);
#3785 = AXIS2_PLACEMENT_3D('',#3786,#3787,#3788);
#3786 = CARTESIAN_POINT('',(3.227815925206,-1.372184074794,-8.7));
#3787 = DIRECTION('',(2.000714528648E-31,2.891205793295E-15,-1.));
#3788 = DIRECTION('',(-5.784477435956E-46,1.,2.891205793295E-15));
#3789 = ORIENTED_EDGE('',*,*,#3790,.F.);
#3790 = EDGE_CURVE('NONE',#3791,#3782,#3793,.T.);
#3791 = VERTEX_POINT('NONE',#3792);
#3792 = CARTESIAN_POINT('',(1.922184074794,-1.25,-8.7));
#3793 = LINE('',#3794,#3795);
#3794 = CARTESIAN_POINT('',(3.227815925206,-1.25,-8.7));
#3795 = VECTOR('',#3796,1.);
#3796 = DIRECTION('',(1.,-0.,-0.));
#3797 = ORIENTED_EDGE('',*,*,#3798,.F.);
#3798 = EDGE_CURVE('NONE',#3799,#3791,#3801,.T.);
#3799 = VERTEX_POINT('NONE',#3800);
#3800 = CARTESIAN_POINT('',(1.8,-1.372184074794,-8.7));
#3801 = CIRCLE('',#3802,0.122184074794);
#3802 = AXIS2_PLACEMENT_3D('',#3803,#3804,#3805);
#3803 = CARTESIAN_POINT('',(1.922184074794,-1.372184074794,-8.7));
#3804 = DIRECTION('',(2.000714528648E-31,2.891205793295E-15,-1.));
#3805 = DIRECTION('',(-5.784477435956E-46,1.,2.891205793295E-15));
#3806 = ORIENTED_EDGE('',*,*,#3807,.F.);
#3807 = EDGE_CURVE('NONE',#3612,#3799,#3808,.T.);
#3808 = LINE('',#3809,#3810);
#3809 = CARTESIAN_POINT('',(1.8,-1.5,-8.7));
#3810 = VECTOR('',#3811,1.);
#3811 = DIRECTION('',(0.,1.,1.357204490116E-14));
#3812 = ORIENTED_EDGE('',*,*,#3611,.T.);
#3813 = ORIENTED_EDGE('',*,*,#3756,.T.);
#3814 = ORIENTED_EDGE('',*,*,#3596,.F.);
#3815 = ORIENTED_EDGE('',*,*,#3816,.T.);
#3816 = EDGE_CURVE('NONE',#3504,#3328,#3817,.T.);
#3817 = LINE('',#3818,#3819);
#3818 = CARTESIAN_POINT('',(8.3,-0.2,-8.7));
#3819 = VECTOR('',#3820,1.);
#3820 = DIRECTION('',(3.944304526105E-31,-1.,-4.003208021485E-15));
#3821 = ORIENTED_EDGE('',*,*,#3327,.T.);
#3822 = ORIENTED_EDGE('',*,*,#3823,.F.);
#3823 = EDGE_CURVE('NONE',#3824,#3320,#3826,.T.);
#3824 = VERTEX_POINT('NONE',#3825);
#3825 = CARTESIAN_POINT('',(6.5,-1.372184074794,-8.7));
#3826 = LINE('',#3827,#3828);
#3827 = CARTESIAN_POINT('',(6.5,-1.5,-8.7));
#3828 = VECTOR('',#3829,1.);
#3829 = DIRECTION('',(-0.,-1.,-1.357204490116E-14));
#3830 = ORIENTED_EDGE('',*,*,#3831,.F.);
#3831 = EDGE_CURVE('NONE',#3832,#3824,#3834,.T.);
#3832 = VERTEX_POINT('NONE',#3833);
#3833 = CARTESIAN_POINT('',(6.377815925206,-1.25,-8.7));
#3834 = CIRCLE('',#3835,0.122184074794);
#3835 = AXIS2_PLACEMENT_3D('',#3836,#3837,#3838);
#3836 = CARTESIAN_POINT('',(6.377815925206,-1.372184074794,-8.7));
#3837 = DIRECTION('',(2.000714528648E-31,2.891205793295E-15,-1.));
#3838 = DIRECTION('',(-5.784477435956E-46,1.,2.891205793295E-15));
#3839 = ORIENTED_EDGE('',*,*,#3840,.F.);
#3840 = EDGE_CURVE('NONE',#3841,#3832,#3843,.T.);
#3841 = VERTEX_POINT('NONE',#3842);
#3842 = CARTESIAN_POINT('',(5.072184074794,-1.25,-8.7));
#3843 = LINE('',#3844,#3845);
#3844 = CARTESIAN_POINT('',(6.377815925206,-1.25,-8.7));
#3845 = VECTOR('',#3846,1.);
#3846 = DIRECTION('',(1.,-0.,-0.));
#3847 = ORIENTED_EDGE('',*,*,#3848,.F.);
#3848 = EDGE_CURVE('NONE',#3849,#3841,#3851,.T.);
#3849 = VERTEX_POINT('NONE',#3850);
#3850 = CARTESIAN_POINT('',(4.95,-1.372184074794,-8.7));
#3851 = CIRCLE('',#3852,0.122184074794);
#3852 = AXIS2_PLACEMENT_3D('',#3853,#3854,#3855);
#3853 = CARTESIAN_POINT('',(5.072184074794,-1.372184074794,-8.7));
#3854 = DIRECTION('',(2.000714528648E-31,2.891205793295E-15,-1.));
#3855 = DIRECTION('',(-5.784477435956E-46,1.,2.891205793295E-15));
#3856 = ORIENTED_EDGE('',*,*,#3857,.F.);
#3857 = EDGE_CURVE('NONE',#3248,#3849,#3858,.T.);
#3858 = LINE('',#3859,#3860);
#3859 = CARTESIAN_POINT('',(4.95,-1.5,-8.7));
#3860 = VECTOR('',#3861,1.);
#3861 = DIRECTION('',(0.,1.,1.357204490116E-14));
#3862 = PLANE('',#3863);
#3863 = AXIS2_PLACEMENT_3D('',#3864,#3865,#3866);
#3864 = CARTESIAN_POINT('',(8.3,-0.2,-8.7));
#3865 = DIRECTION('',(4.284145903414E-31,-4.003208021485E-15,1.));
#3866 = DIRECTION('',(3.944304526105E-31,-1.,-4.003208021485E-15));
#3867 = ADVANCED_FACE('NONE',(#3868),#3874,.F.);
#3868 = FACE_BOUND('',#3869,.T.);
#3869 = EDGE_LOOP('NONE',(#3870,#3871,#3872,#3873));
#3870 = ORIENTED_EDGE('',*,*,#3501,.F.);
#3871 = ORIENTED_EDGE('',*,*,#3701,.T.);
#3872 = ORIENTED_EDGE('',*,*,#3335,.F.);
#3873 = ORIENTED_EDGE('',*,*,#3816,.F.);
#3874 = PLANE('',#3875);
#3875 = AXIS2_PLACEMENT_3D('',#3876,#3877,#3878);
#3876 = CARTESIAN_POINT('',(8.3,-1.5,-8.7));
#3877 = DIRECTION('',(-1.,-3.944304526105E-31,5.521690730927E-31));
#3878 = DIRECTION('',(5.521690730927E-31,-4.68386162475E-31,1.));
#3879 = ADVANCED_FACE('NONE',(#3880),#3914,.F.);
#3880 = FACE_BOUND('',#3881,.T.);
#3881 = EDGE_LOOP('NONE',(#3882,#3892,#3900,#3908));
#3882 = ORIENTED_EDGE('',*,*,#3883,.T.);
#3883 = EDGE_CURVE('NONE',#3884,#3886,#3888,.T.);
#3884 = VERTEX_POINT('NONE',#3885);
#3885 = CARTESIAN_POINT('',(-0.2,-1.25,-8.7));
#3886 = VERTEX_POINT('NONE',#3887);
#3887 = CARTESIAN_POINT('',(-0.2,-1.25,0.4));
#3888 = LINE('',#3889,#3890);
#3889 = CARTESIAN_POINT('',(-0.2,-1.25,3.840007591845E-16));
#3890 = VECTOR('',#3891,1.);
#3891 = DIRECTION('',(2.704577742273E-32,2.351281819848E-16,1.));
#3892 = ORIENTED_EDGE('',*,*,#3893,.F.);
#3893 = EDGE_CURVE('NONE',#3894,#3886,#3896,.T.);
#3894 = VERTEX_POINT('NONE',#3895);
#3895 = CARTESIAN_POINT('',(-0.4,-1.25,0.4));
#3896 = LINE('',#3897,#3898);
#3897 = CARTESIAN_POINT('',(-0.4,-1.25,0.4));
#3898 = VECTOR('',#3899,1.);
#3899 = DIRECTION('',(1.,-3.491483361109E-15,1.005730533033E-30));
#3900 = ORIENTED_EDGE('',*,*,#3901,.F.);
#3901 = EDGE_CURVE('NONE',#3902,#3894,#3904,.T.);
#3902 = VERTEX_POINT('NONE',#3903);
#3903 = CARTESIAN_POINT('',(-0.4,-1.25,-8.7));
#3904 = LINE('',#3905,#3906);
#3905 = CARTESIAN_POINT('',(-0.4,-1.25,-8.3));
#3906 = VECTOR('',#3907,1.);
#3907 = DIRECTION('',(2.704577742273E-32,2.351281819848E-16,1.));
#3908 = ORIENTED_EDGE('',*,*,#3909,.T.);
#3909 = EDGE_CURVE('NONE',#3902,#3884,#3910,.T.);
#3910 = LINE('',#3911,#3912);
#3911 = CARTESIAN_POINT('',(-0.4,-1.25,-8.7));
#3912 = VECTOR('',#3913,1.);
#3913 = DIRECTION('',(1.,-3.491483361109E-15,1.005730533033E-30));
#3914 = PLANE('',#3915);
#3915 = AXIS2_PLACEMENT_3D('',#3916,#3917,#3918);
#3916 = CARTESIAN_POINT('',(-0.4,-1.25,3.840007591845E-16));
#3917 = DIRECTION('',(3.491483361109E-15,1.,-2.351281819848E-16));
#3918 = DIRECTION('',(-1.,3.491483361109E-15,-1.182620146591E-31));
#3919 = ADVANCED_FACE('NONE',(#3920),#3945,.T.);
#3920 = FACE_BOUND('',#3921,.T.);
#3921 = EDGE_LOOP('NONE',(#3922,#3923,#3931,#3939));
#3922 = ORIENTED_EDGE('',*,*,#3883,.F.);
#3923 = ORIENTED_EDGE('',*,*,#3924,.F.);
#3924 = EDGE_CURVE('NONE',#3925,#3884,#3927,.T.);
#3925 = VERTEX_POINT('NONE',#3926);
#3926 = CARTESIAN_POINT('',(-0.2,-0.4,-8.7));
#3927 = LINE('',#3928,#3929);
#3928 = CARTESIAN_POINT('',(-0.2,-0.4,-8.7));
#3929 = VECTOR('',#3930,1.);
#3930 = DIRECTION('',(-2.040851148208E-15,-1.,-6.122553444624E-15));
#3931 = ORIENTED_EDGE('',*,*,#3932,.F.);
#3932 = EDGE_CURVE('NONE',#3933,#3925,#3935,.T.);
#3933 = VERTEX_POINT('NONE',#3934);
#3934 = CARTESIAN_POINT('',(-0.2,-0.4,0.4));
#3935 = LINE('',#3936,#3937);
#3936 = CARTESIAN_POINT('',(-0.2,-0.4,2.390152521768E-16));
#3937 = VECTOR('',#3938,1.);
#3938 = DIRECTION('',(-2.704577742273E-32,-2.351281819848E-16,-1.));
#3939 = ORIENTED_EDGE('',*,*,#3940,.T.);
#3940 = EDGE_CURVE('NONE',#3933,#3886,#3941,.T.);
#3941 = LINE('',#3942,#3943);
#3942 = CARTESIAN_POINT('',(-0.2,-0.4,0.4));
#3943 = VECTOR('',#3944,1.);
#3944 = DIRECTION('',(-2.040851148208E-15,-1.,3.38015971422E-15));
#3945 = PLANE('',#3946);
#3946 = AXIS2_PLACEMENT_3D('',#3947,#3948,#3949);
#3947 = CARTESIAN_POINT('',(-0.2,-0.2,-8.3));
#3948 = DIRECTION('',(1.,-3.491483361109E-15,1.005730533033E-30));
#3949 = DIRECTION('',(3.491483361109E-15,1.,0.));
#3950 = ADVANCED_FACE('NONE',(#3951),#3968,.T.);
#3951 = FACE_BOUND('',#3952,.T.);
#3952 = EDGE_LOOP('NONE',(#3953,#3954,#3961,#3967));
#3953 = ORIENTED_EDGE('',*,*,#3940,.F.);
#3954 = ORIENTED_EDGE('',*,*,#3955,.F.);
#3955 = EDGE_CURVE('NONE',#3956,#3933,#3958,.T.);
#3956 = VERTEX_POINT('NONE',#3957);
#3957 = CARTESIAN_POINT('',(-0.4,-0.4,0.4));
#3958 = B_SPLINE_CURVE_WITH_KNOTS('',1,(#3959,#3960),.UNSPECIFIED.,.F.,
  .F.,(2,2),(0.,1.),.PIECEWISE_BEZIER_KNOTS.);
#3959 = CARTESIAN_POINT('',(-0.4,-0.4,0.4));
#3960 = CARTESIAN_POINT('',(-0.2,-0.4,0.4));
#3961 = ORIENTED_EDGE('',*,*,#3962,.T.);
#3962 = EDGE_CURVE('NONE',#3956,#3894,#3963,.T.);
#3963 = LINE('',#3964,#3965);
#3964 = CARTESIAN_POINT('',(-0.4,-0.4,0.4));
#3965 = VECTOR('',#3966,1.);
#3966 = DIRECTION('',(-2.040851148208E-15,-1.,3.38015971422E-15));
#3967 = ORIENTED_EDGE('',*,*,#3893,.T.);
#3968 = PLANE('',#3969);
#3969 = AXIS2_PLACEMENT_3D('',#3970,#3971,#3972);
#3970 = CARTESIAN_POINT('',(-0.4,-0.4,0.4));
#3971 = DIRECTION('',(1.093711063234E-29,3.38015971422E-15,1.));
#3972 = DIRECTION('',(3.944304526105E-31,-1.,3.38015971422E-15));
#3973 = ADVANCED_FACE('NONE',(#3974),#3992,.F.);
#3974 = FACE_BOUND('',#3975,.T.);
#3975 = EDGE_LOOP('NONE',(#3976,#3984,#3990,#3991));
#3976 = ORIENTED_EDGE('',*,*,#3977,.F.);
#3977 = EDGE_CURVE('NONE',#3978,#3956,#3980,.T.);
#3978 = VERTEX_POINT('NONE',#3979);
#3979 = CARTESIAN_POINT('',(-0.4,-0.4,-8.7));
#3980 = LINE('',#3981,#3982);
#3981 = CARTESIAN_POINT('',(-0.4,-0.4,2.390152521768E-16));
#3982 = VECTOR('',#3983,1.);
#3983 = DIRECTION('',(2.704577742273E-32,2.351281819848E-16,1.));
#3984 = ORIENTED_EDGE('',*,*,#3985,.T.);
#3985 = EDGE_CURVE('NONE',#3978,#3902,#3986,.T.);
#3986 = LINE('',#3987,#3988);
#3987 = CARTESIAN_POINT('',(-0.4,-0.4,-8.7));
#3988 = VECTOR('',#3989,1.);
#3989 = DIRECTION('',(-2.040851148208E-15,-1.,-6.122553444624E-15));
#3990 = ORIENTED_EDGE('',*,*,#3901,.T.);
#3991 = ORIENTED_EDGE('',*,*,#3962,.F.);
#3992 = PLANE('',#3993);
#3993 = AXIS2_PLACEMENT_3D('',#3994,#3995,#3996);
#3994 = CARTESIAN_POINT('',(-0.4,-0.2,-8.3));
#3995 = DIRECTION('',(1.,-3.491483361109E-15,1.005730533033E-30));
#3996 = DIRECTION('',(3.491483361109E-15,1.,0.));
#3997 = ADVANCED_FACE('NONE',(#3998),#4010,.F.);
#3998 = FACE_BOUND('',#3999,.T.);
#3999 = EDGE_LOOP('NONE',(#4000,#4001,#4002,#4003));
#4000 = ORIENTED_EDGE('',*,*,#3924,.T.);
#4001 = ORIENTED_EDGE('',*,*,#3909,.F.);
#4002 = ORIENTED_EDGE('',*,*,#3985,.F.);
#4003 = ORIENTED_EDGE('',*,*,#4004,.T.);
#4004 = EDGE_CURVE('NONE',#3978,#3925,#4005,.T.);
#4005 = B_SPLINE_CURVE_WITH_KNOTS('',3,(#4006,#4007,#4008,#4009),
  .UNSPECIFIED.,.F.,.F.,(4,4),(0.,1.),.PIECEWISE_BEZIER_KNOTS.);
#4006 = CARTESIAN_POINT('',(-0.4,-0.4,-8.7));
#4007 = CARTESIAN_POINT('',(-0.333333333333,-0.4,-8.7));
#4008 = CARTESIAN_POINT('',(-0.266666666667,-0.4,-8.7));
#4009 = CARTESIAN_POINT('',(-0.2,-0.4,-8.7));
#4010 = PLANE('',#4011);
#4011 = AXIS2_PLACEMENT_3D('',#4012,#4013,#4014);
#4012 = CARTESIAN_POINT('',(-0.4,-0.4,-8.7));
#4013 = DIRECTION('',(-2.224724813988E-29,-6.122553444624E-15,1.));
#4014 = DIRECTION('',(3.944304526105E-31,-1.,-6.122553444624E-15));
#4015 = ADVANCED_FACE('NONE',(#4016),#4038,.F.);
#4016 = FACE_BOUND('',#4017,.F.);
#4017 = EDGE_LOOP('NONE',(#4018,#4027,#4028,#4037));
#4018 = ORIENTED_EDGE('',*,*,#4019,.T.);
#4019 = EDGE_CURVE('NONE',#3925,#3400,#4020,.T.);
#4020 = B_SPLINE_CURVE_WITH_KNOTS('',3,(#4021,#4022,#4023,#4024,#4025,
    #4026),.UNSPECIFIED.,.F.,.F.,(4,2,4),(0.,0.5,1.),.UNSPECIFIED.);
#4021 = CARTESIAN_POINT('',(-0.2,-0.4,-8.7));
#4022 = CARTESIAN_POINT('',(-0.2,-0.34764012244,-8.633333333333));
#4023 = CARTESIAN_POINT('',(-0.178445380722,-0.295602668247,
    -8.566666666667));
#4024 = CARTESIAN_POINT('',(-0.104397331753,-0.221554619278,
    -8.433333333333));
#4025 = CARTESIAN_POINT('',(-5.235987755981E-02,-0.2,-8.366666666667));
#4026 = CARTESIAN_POINT('',(1.908195823574E-14,-0.2,-8.3));
#4027 = ORIENTED_EDGE('',*,*,#3564,.F.);
#4028 = ORIENTED_EDGE('',*,*,#4029,.F.);
#4029 = EDGE_CURVE('NONE',#3978,#3450,#4030,.T.);
#4030 = B_SPLINE_CURVE_WITH_KNOTS('',3,(#4031,#4032,#4033,#4034,#4035,
    #4036),.UNSPECIFIED.,.F.,.F.,(4,2,4),(0.,0.5,1.),.UNSPECIFIED.);
#4031 = CARTESIAN_POINT('',(-0.4,-0.4,-8.7));
#4032 = CARTESIAN_POINT('',(-0.4,-0.295070941626,-8.633200086743));
#4033 = CARTESIAN_POINT('',(-0.356890761444,-0.191205336495,
    -8.566666666667));
#4034 = CARTESIAN_POINT('',(-0.208794663505,-4.310923855606E-02,
    -8.433333333333));
#4035 = CARTESIAN_POINT('',(-0.104929058374,1.734723475977E-14,
    -8.366799913257));
#4036 = CARTESIAN_POINT('',(1.908195823574E-14,2.081668171172E-14,-8.3)
  );
#4037 = ORIENTED_EDGE('',*,*,#4004,.T.);
#4038 = B_SPLINE_SURFACE_WITH_KNOTS('',1,3,(
    (#4039,#4040,#4041,#4042,#4043,#4044)
    ,(#4045,#4046,#4047,#4048,#4049,#4050
    )),.UNSPECIFIED.,.F.,.F.,.F.,(2,2),(4,2,4),(0.,1.),(0.,0.5,1.),
  .UNSPECIFIED.);
#4039 = CARTESIAN_POINT('',(-0.4,-0.4,-8.7));
#4040 = CARTESIAN_POINT('',(-0.4,-0.295070941626,-8.633200086743));
#4041 = CARTESIAN_POINT('',(-0.356890761444,-0.191205336495,
    -8.566666666667));
#4042 = CARTESIAN_POINT('',(-0.208794663505,-4.310923855606E-02,
    -8.433333333333));
#4043 = CARTESIAN_POINT('',(-0.104929058374,1.734723475977E-14,
    -8.366799913257));
#4044 = CARTESIAN_POINT('',(2.25514051877E-14,1.734723475977E-14,-8.3));
#4045 = CARTESIAN_POINT('',(-0.2,-0.4,-8.7));
#4046 = CARTESIAN_POINT('',(-0.2,-0.347584015024,-8.633261895152));
#4047 = CARTESIAN_POINT('',(-0.178445380722,-0.295602668247,
    -8.566666666667));
#4048 = CARTESIAN_POINT('',(-0.104397331753,-0.221554619278,
    -8.433333333333));
#4049 = CARTESIAN_POINT('',(-5.241598497643E-02,-0.2,-8.366738104848));
#4050 = CARTESIAN_POINT('',(2.25514051877E-14,-0.2,-8.3));
#4051 = ADVANCED_FACE('NONE',(#4052),#4080,.F.);
#4052 = FACE_BOUND('',#4053,.F.);
#4053 = EDGE_LOOP('NONE',(#4054,#4061,#4070,#4071));
#4054 = ORIENTED_EDGE('',*,*,#4055,.T.);
#4055 = EDGE_CURVE('NONE',#3452,#3402,#4056,.T.);
#4056 = B_SPLINE_CURVE_WITH_KNOTS('',3,(#4057,#4058,#4059,#4060),
  .UNSPECIFIED.,.F.,.F.,(4,4),(0.,1.),.PIECEWISE_BEZIER_KNOTS.);
#4057 = CARTESIAN_POINT('',(2.25514051877E-14,2.25514051877E-14,
    -3.381610760133E-15));
#4058 = CARTESIAN_POINT('',(1.734723475977E-14,-6.666666666664E-02,
    1.480839433469E-16));
#4059 = CARTESIAN_POINT('',(1.734723475977E-14,-0.133333333333,
    1.440017873497E-16));
#4060 = CARTESIAN_POINT('',(1.734723475977E-14,-0.2,1.399196313525E-16)
  );
#4061 = ORIENTED_EDGE('',*,*,#4062,.T.);
#4062 = EDGE_CURVE('NONE',#3402,#3933,#4063,.T.);
#4063 = B_SPLINE_CURVE_WITH_KNOTS('',3,(#4064,#4065,#4066,#4067,#4068,
    #4069),.UNSPECIFIED.,.F.,.F.,(4,2,4),(0.,2.529371445774E-04,
    5.058742891548E-04),.UNSPECIFIED.);
#4064 = CARTESIAN_POINT('',(1.734723475977E-14,-0.2,1.399196313525E-16)
  );
#4065 = CARTESIAN_POINT('',(-5.28216228529E-02,-0.2,6.725457903343E-02)
  );
#4066 = CARTESIAN_POINT('',(-0.104523080569,-0.2217083138,0.133584542617
    ));
#4067 = CARTESIAN_POINT('',(-0.178212384568,-0.295341767039,
    0.266222380378));
#4068 = CARTESIAN_POINT('',(-0.2,-0.347178283219,0.332745301373));
#4069 = CARTESIAN_POINT('',(-0.2,-0.4,0.4));
#4070 = ORIENTED_EDGE('',*,*,#3955,.F.);
#4071 = ORIENTED_EDGE('',*,*,#4072,.F.);
#4072 = EDGE_CURVE('NONE',#3452,#3956,#4073,.T.);
#4073 = B_SPLINE_CURVE_WITH_KNOTS('',3,(#4074,#4075,#4076,#4077,#4078,
    #4079),.UNSPECIFIED.,.F.,.F.,(4,2,4),(0.,3.705373802816E-04,
    7.410747605632E-04),.UNSPECIFIED.);
#4074 = CARTESIAN_POINT('',(2.25514051877E-14,2.25514051877E-14,
    -3.381610760133E-15));
#4075 = CARTESIAN_POINT('',(-0.105688397746,2.090307907234E-14,
    6.728332371514E-02));
#4076 = CARTESIAN_POINT('',(-0.208130825233,-4.250339772907E-02,
    0.132761402487));
#4077 = CARTESIAN_POINT('',(-0.357334744502,-0.191591407521,
    0.267040696177));
#4078 = CARTESIAN_POINT('',(-0.4,-0.294311542202,0.332716638055));
#4079 = CARTESIAN_POINT('',(-0.4,-0.4,0.4));
#4080 = B_SPLINE_SURFACE_WITH_KNOTS('',1,3,(
    (#4081,#4082,#4083,#4084,#4085,#4086)
    ,(#4087,#4088,#4089,#4090,#4091,#4092)
    ,(#4093,#4094,#4095,#4096,#4097,#4098
    )),.UNSPECIFIED.,.F.,.F.,.F.,(2,1,2),(4,2,4),(-1.E-02,0.,1.),(0.,0.5
    ,1.),.UNSPECIFIED.);
#4081 = CARTESIAN_POINT('',(2.775557561563E-14,2.000000000019E-03,
    -3.528494891668E-15));
#4082 = CARTESIAN_POINT('',(-0.105454189108,2.000000000021E-03,
    6.680053134118E-02));
#4083 = CARTESIAN_POINT('',(-0.209838636823,-4.132478474883E-02,
    0.133333333333));
#4084 = CARTESIAN_POINT('',(-0.358675215251,-0.190161363177,
    0.266666666667));
#4085 = CARTESIAN_POINT('',(-0.402,-0.294545810892,0.333199468659));
#4086 = CARTESIAN_POINT('',(-0.402,-0.4,0.4));
#4087 = CARTESIAN_POINT('',(2.775557561563E-14,1.908195823574E-14,
    -3.528494891668E-15));
#4088 = CARTESIAN_POINT('',(-0.104929058374,2.081668171172E-14,
    6.679991325709E-02));
#4089 = CARTESIAN_POINT('',(-0.208794663505,-4.310923855605E-02,
    0.133333333333));
#4090 = CARTESIAN_POINT('',(-0.356890761444,-0.191205336495,
    0.266666666667));
#4091 = CARTESIAN_POINT('',(-0.4,-0.295070941626,0.333200086743));
#4092 = CARTESIAN_POINT('',(-0.4,-0.4,0.4));
#4093 = CARTESIAN_POINT('',(2.602085213965E-14,-0.2,-3.528494891668E-15)
  );
#4094 = CARTESIAN_POINT('',(-5.241598497643E-02,-0.2,6.673810484826E-02)
  );
#4095 = CARTESIAN_POINT('',(-0.104397331753,-0.221554619278,
    0.133333333333));
#4096 = CARTESIAN_POINT('',(-0.178445380722,-0.295602668247,
    0.266666666667));
#4097 = CARTESIAN_POINT('',(-0.2,-0.347584015024,0.333261895152));
#4098 = CARTESIAN_POINT('',(-0.2,-0.4,0.4));
#4099 = ADVANCED_FACE('NONE',(#4100),#4106,.F.);
#4100 = FACE_BOUND('',#4101,.F.);
#4101 = EDGE_LOOP('NONE',(#4102,#4103,#4104,#4105));
#4102 = ORIENTED_EDGE('',*,*,#4019,.F.);
#4103 = ORIENTED_EDGE('',*,*,#3932,.F.);
#4104 = ORIENTED_EDGE('',*,*,#4062,.F.);
#4105 = ORIENTED_EDGE('',*,*,#3399,.F.);
#4106 = CYLINDRICAL_SURFACE('',#4107,0.2);
#4107 = AXIS2_PLACEMENT_3D('',#4108,#4109,#4110);
#4108 = CARTESIAN_POINT('',(2.081668171172E-14,-0.4,-13.264387862));
#4109 = DIRECTION('',(2.704577742273E-32,2.351281819848E-16,1.));
#4110 = DIRECTION('',(6.359224475772E-48,-1.,2.351281819848E-16));
#4111 = ADVANCED_FACE('NONE',(#4112),#4118,.T.);
#4112 = FACE_BOUND('',#4113,.T.);
#4113 = EDGE_LOOP('NONE',(#4114,#4115,#4116,#4117));
#4114 = ORIENTED_EDGE('',*,*,#3449,.F.);
#4115 = ORIENTED_EDGE('',*,*,#4029,.F.);
#4116 = ORIENTED_EDGE('',*,*,#3977,.T.);
#4117 = ORIENTED_EDGE('',*,*,#4072,.F.);
#4118 = CYLINDRICAL_SURFACE('',#4119,0.4);
#4119 = AXIS2_PLACEMENT_3D('',#4120,#4121,#4122);
#4120 = CARTESIAN_POINT('',(2.081668171172E-14,-0.4,-13.264387862));
#4121 = DIRECTION('',(2.704577742273E-32,2.351281819848E-16,1.));
#4122 = DIRECTION('',(6.359224475772E-48,-1.,2.351281819848E-16));
#4123 = ADVANCED_FACE('NONE',(#4124),#4158,.F.);
#4124 = FACE_BOUND('',#4125,.T.);
#4125 = EDGE_LOOP('NONE',(#4126,#4136,#4144,#4152));
#4126 = ORIENTED_EDGE('',*,*,#4127,.T.);
#4127 = EDGE_CURVE('NONE',#4128,#4130,#4132,.T.);
#4128 = VERTEX_POINT('NONE',#4129);
#4129 = CARTESIAN_POINT('',(8.5,-1.25,0.4));
#4130 = VERTEX_POINT('NONE',#4131);
#4131 = CARTESIAN_POINT('',(8.5,-1.25,-8.7));
#4132 = LINE('',#4133,#4134);
#4133 = CARTESIAN_POINT('',(8.5,-1.25,-8.3));
#4134 = VECTOR('',#4135,1.);
#4135 = DIRECTION('',(-4.180056568619E-16,-2.351281819848E-16,-1.));
#4136 = ORIENTED_EDGE('',*,*,#4137,.F.);
#4137 = EDGE_CURVE('NONE',#4138,#4130,#4140,.T.);
#4138 = VERTEX_POINT('NONE',#4139);
#4139 = CARTESIAN_POINT('',(8.7,-1.25,-8.7));
#4140 = LINE('',#4141,#4142);
#4141 = CARTESIAN_POINT('',(8.7,-1.25,-8.7));
#4142 = VECTOR('',#4143,1.);
#4143 = DIRECTION('',(-1.,-3.304235192337E-15,4.180056568619E-16));
#4144 = ORIENTED_EDGE('',*,*,#4145,.F.);
#4145 = EDGE_CURVE('NONE',#4146,#4138,#4148,.T.);
#4146 = VERTEX_POINT('NONE',#4147);
#4147 = CARTESIAN_POINT('',(8.7,-1.25,0.4));
#4148 = LINE('',#4149,#4150);
#4149 = CARTESIAN_POINT('',(8.7,-1.25,-8.3));
#4150 = VECTOR('',#4151,1.);
#4151 = DIRECTION('',(-4.180056568619E-16,-2.351281819848E-16,-1.));
#4152 = ORIENTED_EDGE('',*,*,#4153,.T.);
#4153 = EDGE_CURVE('NONE',#4146,#4128,#4154,.T.);
#4154 = LINE('',#4155,#4156);
#4155 = CARTESIAN_POINT('',(8.7,-1.25,0.4));
#4156 = VECTOR('',#4157,1.);
#4157 = DIRECTION('',(-1.,-3.304235192337E-15,4.180056568619E-16));
#4158 = PLANE('',#4159);
#4159 = AXIS2_PLACEMENT_3D('',#4160,#4161,#4162);
#4160 = CARTESIAN_POINT('',(8.7,-1.25,-8.3));
#4161 = DIRECTION('',(-3.491483361109E-15,1.,-2.351281819848E-16));
#4162 = DIRECTION('',(-1.,-3.491483361109E-15,-3.302599927968E-31));
#4163 = ADVANCED_FACE('NONE',(#4164),#4189,.T.);
#4164 = FACE_BOUND('',#4165,.T.);
#4165 = EDGE_LOOP('NONE',(#4166,#4167,#4175,#4183));
#4166 = ORIENTED_EDGE('',*,*,#4127,.F.);
#4167 = ORIENTED_EDGE('',*,*,#4168,.F.);
#4168 = EDGE_CURVE('NONE',#4169,#4128,#4171,.T.);
#4169 = VERTEX_POINT('NONE',#4170);
#4170 = CARTESIAN_POINT('',(8.5,-0.4,0.4));
#4171 = LINE('',#4172,#4173);
#4172 = CARTESIAN_POINT('',(8.5,-0.4,0.4));
#4173 = VECTOR('',#4174,1.);
#4174 = DIRECTION('',(8.163404592832E-15,-1.,3.443936312601E-15));
#4175 = ORIENTED_EDGE('',*,*,#4176,.F.);
#4176 = EDGE_CURVE('NONE',#4177,#4169,#4179,.T.);
#4177 = VERTEX_POINT('NONE',#4178);
#4178 = CARTESIAN_POINT('',(8.5,-0.4,-8.7));
#4179 = LINE('',#4180,#4181);
#4180 = CARTESIAN_POINT('',(8.5,-0.4,-8.3));
#4181 = VECTOR('',#4182,1.);
#4182 = DIRECTION('',(4.180056568619E-16,2.090028284309E-16,1.));
#4183 = ORIENTED_EDGE('',*,*,#4184,.T.);
#4184 = EDGE_CURVE('NONE',#4177,#4130,#4185,.T.);
#4185 = LINE('',#4186,#4187);
#4186 = CARTESIAN_POINT('',(8.5,-0.4,-8.7));
#4187 = VECTOR('',#4188,1.);
#4188 = DIRECTION('',(8.163404592832E-15,-1.,-6.122553444624E-15));
#4189 = PLANE('',#4190);
#4190 = AXIS2_PLACEMENT_3D('',#4191,#4192,#4193);
#4191 = CARTESIAN_POINT('',(8.5,-0.2,-8.3));
#4192 = DIRECTION('',(-1.,-3.304235192337E-15,4.180056568619E-16));
#4193 = DIRECTION('',(3.304235192337E-15,-1.,-3.944304526105E-31));
#4194 = ADVANCED_FACE('NONE',(#4195),#4212,.T.);
#4195 = FACE_BOUND('',#4196,.T.);
#4196 = EDGE_LOOP('NONE',(#4197,#4198,#4205,#4211));
#4197 = ORIENTED_EDGE('',*,*,#4184,.F.);
#4198 = ORIENTED_EDGE('',*,*,#4199,.F.);
#4199 = EDGE_CURVE('NONE',#4200,#4177,#4202,.T.);
#4200 = VERTEX_POINT('NONE',#4201);
#4201 = CARTESIAN_POINT('',(8.7,-0.4,-8.7));
#4202 = B_SPLINE_CURVE_WITH_KNOTS('',1,(#4203,#4204),.UNSPECIFIED.,.F.,
  .F.,(2,2),(0.,1.),.PIECEWISE_BEZIER_KNOTS.);
#4203 = CARTESIAN_POINT('',(8.7,-0.4,-8.7));
#4204 = CARTESIAN_POINT('',(8.5,-0.4,-8.7));
#4205 = ORIENTED_EDGE('',*,*,#4206,.T.);
#4206 = EDGE_CURVE('NONE',#4200,#4138,#4207,.T.);
#4207 = LINE('',#4208,#4209);
#4208 = CARTESIAN_POINT('',(8.7,-0.4,-8.7));
#4209 = VECTOR('',#4210,1.);
#4210 = DIRECTION('',(8.163404592832E-15,-1.,-6.122553444624E-15));
#4211 = ORIENTED_EDGE('',*,*,#4137,.T.);
#4212 = PLANE('',#4213);
#4213 = AXIS2_PLACEMENT_3D('',#4214,#4215,#4216);
#4214 = CARTESIAN_POINT('',(8.7,-0.4,-8.7));
#4215 = DIRECTION('',(-4.180056568619E-16,6.122553444624E-15,-1.));
#4216 = DIRECTION('',(1.336450547446E-47,1.,6.122553444624E-15));
#4217 = ADVANCED_FACE('NONE',(#4218),#4236,.F.);
#4218 = FACE_BOUND('',#4219,.T.);
#4219 = EDGE_LOOP('NONE',(#4220,#4228,#4234,#4235));
#4220 = ORIENTED_EDGE('',*,*,#4221,.F.);
#4221 = EDGE_CURVE('NONE',#4222,#4200,#4224,.T.);
#4222 = VERTEX_POINT('NONE',#4223);
#4223 = CARTESIAN_POINT('',(8.7,-0.4,0.4));
#4224 = LINE('',#4225,#4226);
#4225 = CARTESIAN_POINT('',(8.7,-0.4,-8.3));
#4226 = VECTOR('',#4227,1.);
#4227 = DIRECTION('',(-4.180056568619E-16,-2.090028284309E-16,-1.));
#4228 = ORIENTED_EDGE('',*,*,#4229,.T.);
#4229 = EDGE_CURVE('NONE',#4222,#4146,#4230,.T.);
#4230 = LINE('',#4231,#4232);
#4231 = CARTESIAN_POINT('',(8.7,-0.4,0.4));
#4232 = VECTOR('',#4233,1.);
#4233 = DIRECTION('',(8.163404592832E-15,-1.,3.443936312601E-15));
#4234 = ORIENTED_EDGE('',*,*,#4145,.T.);
#4235 = ORIENTED_EDGE('',*,*,#4206,.F.);
#4236 = PLANE('',#4237);
#4237 = AXIS2_PLACEMENT_3D('',#4238,#4239,#4240);
#4238 = CARTESIAN_POINT('',(8.7,-0.2,-8.3));
#4239 = DIRECTION('',(-1.,-3.304235192337E-15,4.180056568619E-16));
#4240 = DIRECTION('',(3.304235192337E-15,-1.,-3.944304526105E-31));
#4241 = ADVANCED_FACE('NONE',(#4242),#4254,.F.);
#4242 = FACE_BOUND('',#4243,.T.);
#4243 = EDGE_LOOP('NONE',(#4244,#4245,#4246,#4247));
#4244 = ORIENTED_EDGE('',*,*,#4168,.T.);
#4245 = ORIENTED_EDGE('',*,*,#4153,.F.);
#4246 = ORIENTED_EDGE('',*,*,#4229,.F.);
#4247 = ORIENTED_EDGE('',*,*,#4248,.T.);
#4248 = EDGE_CURVE('NONE',#4222,#4169,#4249,.T.);
#4249 = B_SPLINE_CURVE_WITH_KNOTS('',3,(#4250,#4251,#4252,#4253),
  .UNSPECIFIED.,.F.,.F.,(4,4),(0.,1.),.PIECEWISE_BEZIER_KNOTS.);
#4250 = CARTESIAN_POINT('',(8.7,-0.4,0.4));
#4251 = CARTESIAN_POINT('',(8.633333333333,-0.4,0.4));
#4252 = CARTESIAN_POINT('',(8.566666666667,-0.4,0.4));
#4253 = CARTESIAN_POINT('',(8.5,-0.4,0.4));
#4254 = PLANE('',#4255);
#4255 = AXIS2_PLACEMENT_3D('',#4256,#4257,#4258);
#4256 = CARTESIAN_POINT('',(8.7,-0.4,0.4));
#4257 = DIRECTION('',(-4.180056568619E-16,-3.443936312601E-15,-1.));
#4258 = DIRECTION('',(8.561345365413E-47,1.,-3.443936312601E-15));
#4259 = ADVANCED_FACE('NONE',(#4260),#4286,.F.);
#4260 = FACE_BOUND('',#4261,.F.);
#4261 = EDGE_LOOP('NONE',(#4262,#4271,#4276,#4285));
#4262 = ORIENTED_EDGE('',*,*,#4263,.T.);
#4263 = EDGE_CURVE('NONE',#4169,#3418,#4264,.T.);
#4264 = B_SPLINE_CURVE_WITH_KNOTS('',3,(#4265,#4266,#4267,#4268,#4269,
    #4270),.UNSPECIFIED.,.F.,.F.,(4,2,4),(0.,2.529371445774E-04,
    5.058742891548E-04),.UNSPECIFIED.);
#4265 = CARTESIAN_POINT('',(8.5,-0.4,0.4));
#4266 = CARTESIAN_POINT('',(8.5,-0.347178377147,0.332745420967));
#4267 = CARTESIAN_POINT('',(8.4782916862,-0.295476919431,0.266415457383)
  );
#4268 = CARTESIAN_POINT('',(8.404658232961,-0.221787615432,
    0.133777619622));
#4269 = CARTESIAN_POINT('',(8.352821716781,-0.2,6.725469862686E-02));
#4270 = CARTESIAN_POINT('',(8.3,-0.2,-3.383546500914E-15));
#4271 = ORIENTED_EDGE('',*,*,#4272,.F.);
#4272 = EDGE_CURVE('NONE',#3460,#3418,#4273,.T.);
#4273 = B_SPLINE_CURVE_WITH_KNOTS('',1,(#4274,#4275),.UNSPECIFIED.,.F.,
  .F.,(2,2),(0.,1.),.PIECEWISE_BEZIER_KNOTS.);
#4274 = CARTESIAN_POINT('',(8.3,2.25514051877E-14,-3.4253470666E-15));
#4275 = CARTESIAN_POINT('',(8.3,-0.2,-3.383546500914E-15));
#4276 = ORIENTED_EDGE('',*,*,#4277,.F.);
#4277 = EDGE_CURVE('NONE',#4222,#3460,#4278,.T.);
#4278 = B_SPLINE_CURVE_WITH_KNOTS('',3,(#4279,#4280,#4281,#4282,#4283,
    #4284),.UNSPECIFIED.,.F.,.F.,(4,2,4),(0.,3.705373802816E-04,
    7.410747605631E-04),.UNSPECIFIED.);
#4279 = CARTESIAN_POINT('',(8.7,-0.4,0.4));
#4280 = CARTESIAN_POINT('',(8.7,-0.294311602254,0.332716676285));
#4281 = CARTESIAN_POINT('',(8.657496602271,-0.191869174767,
    0.267238597513));
#4282 = CARTESIAN_POINT('',(8.508408592479,-4.266525549785E-02,
    0.132959303823));
#4283 = CARTESIAN_POINT('',(8.405688457798,3.6710407934E-15,
    6.728336194517E-02));
#4284 = CARTESIAN_POINT('',(8.3,2.25514051877E-14,-3.4253470666E-15));
#4285 = ORIENTED_EDGE('',*,*,#4248,.T.);
#4286 = B_SPLINE_SURFACE_WITH_KNOTS('',1,3,(
    (#4287,#4288,#4289,#4290,#4291,#4292)
    ,(#4293,#4294,#4295,#4296,#4297,#4298)
    ,(#4299,#4300,#4301,#4302,#4303,#4304
    )),.UNSPECIFIED.,.F.,.F.,.F.,(2,1,2),(4,2,4),(-1.E-02,0.,1.),(0.,0.5
    ,1.),.UNSPECIFIED.);
#4287 = CARTESIAN_POINT('',(8.702,-0.4,0.4));
#4288 = CARTESIAN_POINT('',(8.702,-0.294545810892,0.333199468659));
#4289 = CARTESIAN_POINT('',(8.658675215251,-0.190161363177,
    0.266666666667));
#4290 = CARTESIAN_POINT('',(8.509838636823,-4.132478474885E-02,
    0.133333333333));
#4291 = CARTESIAN_POINT('',(8.405454189108,2.000000000004E-03,
    6.680053134118E-02));
#4292 = CARTESIAN_POINT('',(8.3,2.000000000003E-03,-1.793871276423E-15)
  );
#4293 = CARTESIAN_POINT('',(8.7,-0.4,0.4));
#4294 = CARTESIAN_POINT('',(8.7,-0.295070941626,0.333200086743));
#4295 = CARTESIAN_POINT('',(8.656890761444,-0.191205336495,
    0.266666666667));
#4296 = CARTESIAN_POINT('',(8.508794663505,-4.310923855607E-02,
    0.133333333333));
#4297 = CARTESIAN_POINT('',(8.404929058374,3.911585773156E-15,
    6.679991325709E-02));
#4298 = CARTESIAN_POINT('',(8.3,2.602085213965E-15,-1.776524041663E-15)
  );
#4299 = CARTESIAN_POINT('',(8.5,-0.4,0.4));
#4300 = CARTESIAN_POINT('',(8.5,-0.347584015024,0.333261895152));
#4301 = CARTESIAN_POINT('',(8.478445380722,-0.295602668247,
    0.266666666667));
#4302 = CARTESIAN_POINT('',(8.404397331753,-0.221554619278,
    0.133333333333));
#4303 = CARTESIAN_POINT('',(8.352415984976,-0.2,6.673810484826E-02));
#4304 = CARTESIAN_POINT('',(8.3,-0.2,-4.180056568619E-17));
#4305 = ADVANCED_FACE('NONE',(#4306),#4328,.F.);
#4306 = FACE_BOUND('',#4307,.F.);
#4307 = EDGE_LOOP('NONE',(#4308,#4309,#4318,#4319));
#4308 = ORIENTED_EDGE('',*,*,#3518,.T.);
#4309 = ORIENTED_EDGE('',*,*,#4310,.T.);
#4310 = EDGE_CURVE('NONE',#3410,#4177,#4311,.T.);
#4311 = B_SPLINE_CURVE_WITH_KNOTS('',3,(#4312,#4313,#4314,#4315,#4316,
    #4317),.UNSPECIFIED.,.F.,.F.,(4,2,4),(0.,0.5,1.),.UNSPECIFIED.);
#4312 = CARTESIAN_POINT('',(8.3,-0.2,-8.3));
#4313 = CARTESIAN_POINT('',(8.35235987756,-0.2,-8.366666666667));
#4314 = CARTESIAN_POINT('',(8.404397331753,-0.221554619278,
    -8.433333333333));
#4315 = CARTESIAN_POINT('',(8.478445380722,-0.295602668247,
    -8.566666666667));
#4316 = CARTESIAN_POINT('',(8.5,-0.34764012244,-8.633333333333));
#4317 = CARTESIAN_POINT('',(8.5,-0.4,-8.7));
#4318 = ORIENTED_EDGE('',*,*,#4199,.F.);
#4319 = ORIENTED_EDGE('',*,*,#4320,.F.);
#4320 = EDGE_CURVE('NONE',#3468,#4200,#4321,.T.);
#4321 = B_SPLINE_CURVE_WITH_KNOTS('',3,(#4322,#4323,#4324,#4325,#4326,
    #4327),.UNSPECIFIED.,.F.,.F.,(4,2,4),(0.,0.5,1.),.UNSPECIFIED.);
#4322 = CARTESIAN_POINT('',(8.3,2.081668171172E-14,-8.3));
#4323 = CARTESIAN_POINT('',(8.404929058374,7.725412399175E-15,
    -8.366799913257));
#4324 = CARTESIAN_POINT('',(8.508794663505,-4.310923855606E-02,
    -8.433333333333));
#4325 = CARTESIAN_POINT('',(8.656890761444,-0.191205336495,
    -8.566666666667));
#4326 = CARTESIAN_POINT('',(8.7,-0.295070941626,-8.633200086743));
#4327 = CARTESIAN_POINT('',(8.7,-0.4,-8.7));
#4328 = B_SPLINE_SURFACE_WITH_KNOTS('',1,3,(
    (#4329,#4330,#4331,#4332,#4333,#4334)
    ,(#4335,#4336,#4337,#4338,#4339,#4340
    )),.UNSPECIFIED.,.F.,.F.,.F.,(2,2),(4,2,4),(0.,1.),(0.,0.5,1.),
  .UNSPECIFIED.);
#4329 = CARTESIAN_POINT('',(8.3,8.673617379884E-16,-8.3));
#4330 = CARTESIAN_POINT('',(8.404929058374,7.725412399175E-15,
    -8.366799913257));
#4331 = CARTESIAN_POINT('',(8.508794663505,-4.310923855606E-02,
    -8.433333333333));
#4332 = CARTESIAN_POINT('',(8.656890761444,-0.191205336495,
    -8.566666666667));
#4333 = CARTESIAN_POINT('',(8.7,-0.295070941626,-8.633200086743));
#4334 = CARTESIAN_POINT('',(8.7,-0.4,-8.7));
#4335 = CARTESIAN_POINT('',(8.3,-0.2,-8.3));
#4336 = CARTESIAN_POINT('',(8.352415984976,-0.2,-8.366738104848));
#4337 = CARTESIAN_POINT('',(8.404397331753,-0.221554619278,
    -8.433333333333));
#4338 = CARTESIAN_POINT('',(8.478445380722,-0.295602668247,
    -8.566666666667));
#4339 = CARTESIAN_POINT('',(8.5,-0.347584015024,-8.633261895152));
#4340 = CARTESIAN_POINT('',(8.5,-0.4,-8.7));
#4341 = ADVANCED_FACE('NONE',(#4342),#4348,.F.);
#4342 = FACE_BOUND('',#4343,.F.);
#4343 = EDGE_LOOP('NONE',(#4344,#4345,#4346,#4347));
#4344 = ORIENTED_EDGE('',*,*,#4263,.F.);
#4345 = ORIENTED_EDGE('',*,*,#4176,.F.);
#4346 = ORIENTED_EDGE('',*,*,#4310,.F.);
#4347 = ORIENTED_EDGE('',*,*,#3417,.F.);
#4348 = CYLINDRICAL_SURFACE('',#4349,0.2);
#4349 = AXIS2_PLACEMENT_3D('',#4350,#4351,#4352);
#4350 = CARTESIAN_POINT('',(8.3,-0.4,4.964387862003));
#4351 = DIRECTION('',(-4.180056568619E-16,-2.090028284309E-16,-1.));
#4352 = DIRECTION('',(-1.,8.736436458427E-32,4.180056568619E-16));
#4353 = ADVANCED_FACE('NONE',(#4354),#4360,.T.);
#4354 = FACE_BOUND('',#4355,.T.);
#4355 = EDGE_LOOP('NONE',(#4356,#4357,#4358,#4359));
#4356 = ORIENTED_EDGE('',*,*,#3467,.F.);
#4357 = ORIENTED_EDGE('',*,*,#4277,.F.);
#4358 = ORIENTED_EDGE('',*,*,#4221,.T.);
#4359 = ORIENTED_EDGE('',*,*,#4320,.F.);
#4360 = CYLINDRICAL_SURFACE('',#4361,0.4);
#4361 = AXIS2_PLACEMENT_3D('',#4362,#4363,#4364);
#4362 = CARTESIAN_POINT('',(8.3,-0.4,4.964387862003));
#4363 = DIRECTION('',(-4.180056568619E-16,-2.090028284309E-16,-1.));
#4364 = DIRECTION('',(-1.,8.736436458427E-32,4.180056568619E-16));
#4365 = ADVANCED_FACE('NONE',(#4366),#4393,.F.);
#4366 = FACE_BOUND('',#4367,.T.);
#4367 = EDGE_LOOP('NONE',(#4368,#4378,#4385,#4386));
#4368 = ORIENTED_EDGE('',*,*,#4369,.T.);
#4369 = EDGE_CURVE('NONE',#4370,#4372,#4374,.T.);
#4370 = VERTEX_POINT('NONE',#4371);
#4371 = CARTESIAN_POINT('',(1.734723475977E-14,-0.4,0.2));
#4372 = VERTEX_POINT('NONE',#4373);
#4373 = CARTESIAN_POINT('',(1.387778780781E-14,-0.4,0.4));
#4374 = LINE('',#4375,#4376);
#4375 = CARTESIAN_POINT('',(1.387778780781E-14,-0.4,0.2));
#4376 = VECTOR('',#4377,1.);
#4377 = DIRECTION('',(-4.227936187815E-16,-1.917628909879E-46,1.));
#4378 = ORIENTED_EDGE('',*,*,#4379,.T.);
#4379 = EDGE_CURVE('NONE',#4372,#3452,#4380,.T.);
#4380 = CIRCLE('',#4381,0.4);
#4381 = AXIS2_PLACEMENT_3D('',#4382,#4383,#4384);
#4382 = CARTESIAN_POINT('',(1.734723475977E-14,-0.4,1.276731633611E-16)
  );
#4383 = DIRECTION('',(-1.,0.,-4.535614599401E-31));
#4384 = DIRECTION('',(-4.535614599401E-31,0.,1.));
#4385 = ORIENTED_EDGE('',*,*,#4055,.T.);
#4386 = ORIENTED_EDGE('',*,*,#4387,.F.);
#4387 = EDGE_CURVE('NONE',#4370,#3402,#4388,.T.);
#4388 = CIRCLE('',#4389,0.2);
#4389 = AXIS2_PLACEMENT_3D('',#4390,#4391,#4392);
#4390 = CARTESIAN_POINT('',(1.734723475977E-14,-0.4,1.276731633611E-16)
  );
#4391 = DIRECTION('',(-1.,0.,0.));
#4392 = DIRECTION('',(0.,0.,1.));
#4393 = PLANE('',#4394);
#4394 = AXIS2_PLACEMENT_3D('',#4395,#4396,#4397);
#4395 = CARTESIAN_POINT('',(1.734723475977E-14,-0.4,1.276731633611E-16)
  );
#4396 = DIRECTION('',(1.,0.,-0.));
#4397 = DIRECTION('',(-0.,0.,-1.));
#4398 = ADVANCED_FACE('NONE',(#4399),#4426,.F.);
#4399 = FACE_BOUND('',#4400,.T.);
#4400 = EDGE_LOOP('NONE',(#4401,#4410,#4418,#4425));
#4401 = ORIENTED_EDGE('',*,*,#4402,.T.);
#4402 = EDGE_CURVE('NONE',#3460,#4403,#4405,.T.);
#4403 = VERTEX_POINT('NONE',#4404);
#4404 = CARTESIAN_POINT('',(8.3,-0.4,0.4));
#4405 = CIRCLE('',#4406,0.4);
#4406 = AXIS2_PLACEMENT_3D('',#4407,#4408,#4409);
#4407 = CARTESIAN_POINT('',(8.3,-0.4,1.276731633611E-16));
#4408 = DIRECTION('',(1.,0.,4.535614599401E-31));
#4409 = DIRECTION('',(-4.535614599401E-31,0.,1.));
#4410 = ORIENTED_EDGE('',*,*,#4411,.F.);
#4411 = EDGE_CURVE('NONE',#4412,#4403,#4414,.T.);
#4412 = VERTEX_POINT('NONE',#4413);
#4413 = CARTESIAN_POINT('',(8.3,-0.4,0.2));
#4414 = LINE('',#4415,#4416);
#4415 = CARTESIAN_POINT('',(8.3,-0.4,0.4));
#4416 = VECTOR('',#4417,1.);
#4417 = DIRECTION('',(-4.227936187815E-16,-1.917628909879E-46,1.));
#4418 = ORIENTED_EDGE('',*,*,#4419,.F.);
#4419 = EDGE_CURVE('NONE',#3418,#4412,#4420,.T.);
#4420 = CIRCLE('',#4421,0.2);
#4421 = AXIS2_PLACEMENT_3D('',#4422,#4423,#4424);
#4422 = CARTESIAN_POINT('',(8.3,-0.4,1.276731633611E-16));
#4423 = DIRECTION('',(1.,-0.,0.));
#4424 = DIRECTION('',(0.,0.,-1.));
#4425 = ORIENTED_EDGE('',*,*,#4272,.F.);
#4426 = PLANE('',#4427);
#4427 = AXIS2_PLACEMENT_3D('',#4428,#4429,#4430);
#4428 = CARTESIAN_POINT('',(8.3,-0.4,1.276731633611E-16));
#4429 = DIRECTION('',(-1.,0.,-0.));
#4430 = DIRECTION('',(0.,0.,1.));
#4431 = ADVANCED_FACE('NONE',(#4432),#4443,.F.);
#4432 = FACE_BOUND('',#4433,.F.);
#4433 = EDGE_LOOP('NONE',(#4434,#4435,#4441,#4442));
#4434 = ORIENTED_EDGE('',*,*,#4387,.F.);
#4435 = ORIENTED_EDGE('',*,*,#4436,.F.);
#4436 = EDGE_CURVE('NONE',#4412,#4370,#4437,.T.);
#4437 = LINE('',#4438,#4439);
#4438 = CARTESIAN_POINT('',(8.3,-0.4,0.2));
#4439 = VECTOR('',#4440,1.);
#4440 = DIRECTION('',(-1.,3.200355810349E-16,-4.227936187815E-16));
#4441 = ORIENTED_EDGE('',*,*,#4419,.F.);
#4442 = ORIENTED_EDGE('',*,*,#3425,.F.);
#4443 = CYLINDRICAL_SURFACE('',#4444,0.2);
#4444 = AXIS2_PLACEMENT_3D('',#4445,#4446,#4447);
#4445 = CARTESIAN_POINT('',(12.465772128854,-0.4,1.276731633611E-16));
#4446 = DIRECTION('',(-1.,-0.,-4.535614599401E-31));
#4447 = DIRECTION('',(-4.535614599401E-31,0.,1.));
#4448 = ADVANCED_FACE('NONE',(#4449),#4460,.T.);
#4449 = FACE_BOUND('',#4450,.T.);
#4450 = EDGE_LOOP('NONE',(#4451,#4452,#4453,#4459));
#4451 = ORIENTED_EDGE('',*,*,#3459,.F.);
#4452 = ORIENTED_EDGE('',*,*,#4379,.F.);
#4453 = ORIENTED_EDGE('',*,*,#4454,.T.);
#4454 = EDGE_CURVE('NONE',#4372,#4403,#4455,.T.);
#4455 = LINE('',#4456,#4457);
#4456 = CARTESIAN_POINT('',(8.3,-0.4,0.4));
#4457 = VECTOR('',#4458,1.);
#4458 = DIRECTION('',(1.,-3.200355810349E-16,4.227936187815E-16));
#4459 = ORIENTED_EDGE('',*,*,#4402,.F.);
#4460 = CYLINDRICAL_SURFACE('',#4461,0.4);
#4461 = AXIS2_PLACEMENT_3D('',#4462,#4463,#4464);
#4462 = CARTESIAN_POINT('',(12.465772128854,-0.4,1.276731633611E-16));
#4463 = DIRECTION('',(-1.,-0.,-4.535614599401E-31));
#4464 = DIRECTION('',(-4.535614599401E-31,0.,1.));
#4465 = ADVANCED_FACE('NONE',(#4466),#4500,.F.);
#4466 = FACE_BOUND('',#4467,.T.);
#4467 = EDGE_LOOP('NONE',(#4468,#4478,#4486,#4494));
#4468 = ORIENTED_EDGE('',*,*,#4469,.T.);
#4469 = EDGE_CURVE('NONE',#4470,#4472,#4474,.T.);
#4470 = VERTEX_POINT('NONE',#4471);
#4471 = CARTESIAN_POINT('',(1.734723475977E-14,-1.5,0.2));
#4472 = VERTEX_POINT('NONE',#4473);
#4473 = CARTESIAN_POINT('',(1.8,-1.5,0.2));
#4474 = LINE('',#4475,#4476);
#4475 = CARTESIAN_POINT('',(8.3,-1.5,0.2));
#4476 = VECTOR('',#4477,1.);
#4477 = DIRECTION('',(1.,-3.657549497541E-16,4.227936187815E-16));
#4478 = ORIENTED_EDGE('',*,*,#4479,.F.);
#4479 = EDGE_CURVE('NONE',#4480,#4472,#4482,.T.);
#4480 = VERTEX_POINT('NONE',#4481);
#4481 = CARTESIAN_POINT('',(1.8,-1.5,0.4));
#4482 = LINE('',#4483,#4484);
#4483 = CARTESIAN_POINT('',(1.8,-1.5,0.431754072725));
#4484 = VECTOR('',#4485,1.);
#4485 = DIRECTION('',(2.000714528648E-31,2.891205793295E-15,-1.));
#4486 = ORIENTED_EDGE('',*,*,#4487,.F.);
#4487 = EDGE_CURVE('NONE',#4488,#4480,#4490,.T.);
#4488 = VERTEX_POINT('NONE',#4489);
#4489 = CARTESIAN_POINT('',(1.734723475977E-14,-1.5,0.4));
#4490 = LINE('',#4491,#4492);
#4491 = CARTESIAN_POINT('',(8.3,-1.5,0.4));
#4492 = VECTOR('',#4493,1.);
#4493 = DIRECTION('',(1.,-3.657549497541E-16,4.227936187815E-16));
#4494 = ORIENTED_EDGE('',*,*,#4495,.T.);
#4495 = EDGE_CURVE('NONE',#4488,#4470,#4496,.T.);
#4496 = LINE('',#4497,#4498);
#4497 = CARTESIAN_POINT('',(1.734723475977E-14,-1.5,0.4));
#4498 = VECTOR('',#4499,1.);
#4499 = DIRECTION('',(4.227936187815E-16,-3.491483361109E-15,-1.));
#4500 = PLANE('',#4501);
#4501 = AXIS2_PLACEMENT_3D('',#4502,#4503,#4504);
#4502 = CARTESIAN_POINT('',(8.3,-1.5,0.4));
#4503 = DIRECTION('',(3.657549497541E-16,1.,-3.491483361109E-15));
#4504 = DIRECTION('',(-5.913100732958E-32,3.491483361109E-15,1.));
#4505 = ADVANCED_FACE('NONE',(#4506),#4604,.T.);
#4506 = FACE_BOUND('',#4507,.T.);
#4507 = EDGE_LOOP('NONE',(#4508,#4516,#4525,#4533,#4542,#4548,#4549,
    #4555,#4556,#4562,#4563,#4571,#4580,#4588,#4597,#4603));
#4508 = ORIENTED_EDGE('',*,*,#4509,.F.);
#4509 = EDGE_CURVE('NONE',#4510,#3280,#4512,.T.);
#4510 = VERTEX_POINT('NONE',#4511);
#4511 = CARTESIAN_POINT('',(3.35,-1.372184074794,0.2));
#4512 = LINE('',#4513,#4514);
#4513 = CARTESIAN_POINT('',(3.35,-0.2,0.2));
#4514 = VECTOR('',#4515,1.);
#4515 = DIRECTION('',(-3.413924890432E-45,-1.,3.491483361109E-15));
#4516 = ORIENTED_EDGE('',*,*,#4517,.F.);
#4517 = EDGE_CURVE('NONE',#4518,#4510,#4520,.T.);
#4518 = VERTEX_POINT('NONE',#4519);
#4519 = CARTESIAN_POINT('',(3.227815925206,-1.25,0.2));
#4520 = CIRCLE('',#4521,0.122184074794);
#4521 = AXIS2_PLACEMENT_3D('',#4522,#4523,#4524);
#4522 = CARTESIAN_POINT('',(3.227815925206,-1.372184074794,0.2));
#4523 = DIRECTION('',(4.227936187815E-16,-3.491483361109E-15,-1.));
#4524 = DIRECTION('',(-2.448925572102E-32,1.,-3.491483361109E-15));
#4525 = ORIENTED_EDGE('',*,*,#4526,.F.);
#4526 = EDGE_CURVE('NONE',#4527,#4518,#4529,.T.);
#4527 = VERTEX_POINT('NONE',#4528);
#4528 = CARTESIAN_POINT('',(1.922184074794,-1.25,0.2));
#4529 = LINE('',#4530,#4531);
#4530 = CARTESIAN_POINT('',(8.3,-1.25,0.2));
#4531 = VECTOR('',#4532,1.);
#4532 = DIRECTION('',(1.,-1.222383359989E-30,4.227936187815E-16));
#4533 = ORIENTED_EDGE('',*,*,#4534,.F.);
#4534 = EDGE_CURVE('NONE',#4535,#4527,#4537,.T.);
#4535 = VERTEX_POINT('NONE',#4536);
#4536 = CARTESIAN_POINT('',(1.8,-1.372184074794,0.2));
#4537 = CIRCLE('',#4538,0.122184074794);
#4538 = AXIS2_PLACEMENT_3D('',#4539,#4540,#4541);
#4539 = CARTESIAN_POINT('',(1.922184074794,-1.372184074794,0.2));
#4540 = DIRECTION('',(4.227936187815E-16,-3.491483361109E-15,-1.));
#4541 = DIRECTION('',(-2.448925572102E-32,1.,-3.491483361109E-15));
#4542 = ORIENTED_EDGE('',*,*,#4543,.F.);
#4543 = EDGE_CURVE('NONE',#4472,#4535,#4544,.T.);
#4544 = LINE('',#4545,#4546);
#4545 = CARTESIAN_POINT('',(1.8,-0.2,0.2));
#4546 = VECTOR('',#4547,1.);
#4547 = DIRECTION('',(3.413924890432E-45,1.,-3.491483361109E-15));
#4548 = ORIENTED_EDGE('',*,*,#4469,.F.);
#4549 = ORIENTED_EDGE('',*,*,#4550,.F.);
#4550 = EDGE_CURVE('NONE',#4370,#4470,#4551,.T.);
#4551 = LINE('',#4552,#4553);
#4552 = CARTESIAN_POINT('',(1.734723475977E-14,-1.5,0.2));
#4553 = VECTOR('',#4554,1.);
#4554 = DIRECTION('',(-2.43741195324E-16,-1.,3.491483361109E-15));
#4555 = ORIENTED_EDGE('',*,*,#4436,.F.);
#4556 = ORIENTED_EDGE('',*,*,#4557,.F.);
#4557 = EDGE_CURVE('NONE',#3368,#4412,#4558,.T.);
#4558 = LINE('',#4559,#4560);
#4559 = CARTESIAN_POINT('',(8.3,-0.2,0.2));
#4560 = VECTOR('',#4561,1.);
#4561 = DIRECTION('',(-1.920379547032E-31,1.,-3.491483361109E-15));
#4562 = ORIENTED_EDGE('',*,*,#3367,.F.);
#4563 = ORIENTED_EDGE('',*,*,#4564,.F.);
#4564 = EDGE_CURVE('NONE',#4565,#3360,#4567,.T.);
#4565 = VERTEX_POINT('NONE',#4566);
#4566 = CARTESIAN_POINT('',(6.5,-1.372184074794,0.2));
#4567 = LINE('',#4568,#4569);
#4568 = CARTESIAN_POINT('',(6.5,-0.2,0.2));
#4569 = VECTOR('',#4570,1.);
#4570 = DIRECTION('',(-3.413924890432E-45,-1.,3.491483361109E-15));
#4571 = ORIENTED_EDGE('',*,*,#4572,.F.);
#4572 = EDGE_CURVE('NONE',#4573,#4565,#4575,.T.);
#4573 = VERTEX_POINT('NONE',#4574);
#4574 = CARTESIAN_POINT('',(6.377815925206,-1.25,0.2));
#4575 = CIRCLE('',#4576,0.122184074794);
#4576 = AXIS2_PLACEMENT_3D('',#4577,#4578,#4579);
#4577 = CARTESIAN_POINT('',(6.377815925206,-1.372184074794,0.2));
#4578 = DIRECTION('',(4.227936187815E-16,-3.491483361109E-15,-1.));
#4579 = DIRECTION('',(-2.448925572102E-32,1.,-3.491483361109E-15));
#4580 = ORIENTED_EDGE('',*,*,#4581,.F.);
#4581 = EDGE_CURVE('NONE',#4582,#4573,#4584,.T.);
#4582 = VERTEX_POINT('NONE',#4583);
#4583 = CARTESIAN_POINT('',(5.072184074794,-1.25,0.2));
#4584 = LINE('',#4585,#4586);
#4585 = CARTESIAN_POINT('',(8.3,-1.25,0.2));
#4586 = VECTOR('',#4587,1.);
#4587 = DIRECTION('',(1.,-1.222383359989E-30,4.227936187815E-16));
#4588 = ORIENTED_EDGE('',*,*,#4589,.F.);
#4589 = EDGE_CURVE('NONE',#4590,#4582,#4592,.T.);
#4590 = VERTEX_POINT('NONE',#4591);
#4591 = CARTESIAN_POINT('',(4.95,-1.372184074794,0.2));
#4592 = CIRCLE('',#4593,0.122184074794);
#4593 = AXIS2_PLACEMENT_3D('',#4594,#4595,#4596);
#4594 = CARTESIAN_POINT('',(5.072184074794,-1.372184074794,0.2));
#4595 = DIRECTION('',(4.227936187815E-16,-3.491483361109E-15,-1.));
#4596 = DIRECTION('',(-2.448925572102E-32,1.,-3.491483361109E-15));
#4597 = ORIENTED_EDGE('',*,*,#4598,.F.);
#4598 = EDGE_CURVE('NONE',#3288,#4590,#4599,.T.);
#4599 = LINE('',#4600,#4601);
#4600 = CARTESIAN_POINT('',(4.95,-0.2,0.2));
#4601 = VECTOR('',#4602,1.);
#4602 = DIRECTION('',(3.413924890432E-45,1.,-3.491483361109E-15));
#4603 = ORIENTED_EDGE('',*,*,#3287,.F.);
#4604 = PLANE('',#4605);
#4605 = AXIS2_PLACEMENT_3D('',#4606,#4607,#4608);
#4606 = CARTESIAN_POINT('',(8.3,-0.2,0.2));
#4607 = DIRECTION('',(4.227936187815E-16,-3.491483361109E-15,-1.));
#4608 = DIRECTION('',(-1.920379547032E-31,1.,-3.491483361109E-15));
#4609 = ADVANCED_FACE('NONE',(#4610),#4621,.F.);
#4610 = FACE_BOUND('',#4611,.T.);
#4611 = EDGE_LOOP('NONE',(#4612,#4613,#4619,#4620));
#4612 = ORIENTED_EDGE('',*,*,#4411,.T.);
#4613 = ORIENTED_EDGE('',*,*,#4614,.F.);
#4614 = EDGE_CURVE('NONE',#3352,#4403,#4615,.T.);
#4615 = LINE('',#4616,#4617);
#4616 = CARTESIAN_POINT('',(8.3,-0.2,0.4));
#4617 = VECTOR('',#4618,1.);
#4618 = DIRECTION('',(-1.920379547032E-31,1.,-3.491483361109E-15));
#4619 = ORIENTED_EDGE('',*,*,#3375,.T.);
#4620 = ORIENTED_EDGE('',*,*,#4557,.T.);
#4621 = PLANE('',#4622);
#4622 = AXIS2_PLACEMENT_3D('',#4623,#4624,#4625);
#4623 = CARTESIAN_POINT('',(8.3,-0.2,0.4));
#4624 = DIRECTION('',(-1.,-1.196471220947E-30,-4.227936187815E-16));
#4625 = DIRECTION('',(-4.227936187815E-16,-7.88860905221E-31,1.));
#4626 = ADVANCED_FACE('NONE',(#4627),#4720,.F.);
#4627 = FACE_BOUND('',#4628,.T.);
#4628 = EDGE_LOOP('NONE',(#4629,#4640,#4646,#4647,#4655,#4664,#4672,
    #4681,#4687,#4688,#4689,#4690,#4696,#4697,#4705,#4714));
#4629 = ORIENTED_EDGE('',*,*,#4630,.T.);
#4630 = EDGE_CURVE('NONE',#4631,#4633,#4635,.T.);
#4631 = VERTEX_POINT('NONE',#4632);
#4632 = CARTESIAN_POINT('',(3.227815925206,-1.25,0.4));
#4633 = VERTEX_POINT('NONE',#4634);
#4634 = CARTESIAN_POINT('',(3.35,-1.372184074794,0.4));
#4635 = CIRCLE('',#4636,0.122184074794);
#4636 = AXIS2_PLACEMENT_3D('',#4637,#4638,#4639);
#4637 = CARTESIAN_POINT('',(3.227815925206,-1.372184074794,0.4));
#4638 = DIRECTION('',(4.227936187815E-16,-3.491483361109E-15,-1.));
#4639 = DIRECTION('',(-2.448925572102E-32,1.,-3.491483361109E-15));
#4640 = ORIENTED_EDGE('',*,*,#4641,.T.);
#4641 = EDGE_CURVE('NONE',#4633,#3270,#4642,.T.);
#4642 = LINE('',#4643,#4644);
#4643 = CARTESIAN_POINT('',(3.35,-0.2,0.4));
#4644 = VECTOR('',#4645,1.);
#4645 = DIRECTION('',(-3.413924890432E-45,-1.,3.491483361109E-15));
#4646 = ORIENTED_EDGE('',*,*,#3269,.T.);
#4647 = ORIENTED_EDGE('',*,*,#4648,.T.);
#4648 = EDGE_CURVE('NONE',#3272,#4649,#4651,.T.);
#4649 = VERTEX_POINT('NONE',#4650);
#4650 = CARTESIAN_POINT('',(4.95,-1.372184074794,0.4));
#4651 = LINE('',#4652,#4653);
#4652 = CARTESIAN_POINT('',(4.95,-0.2,0.4));
#4653 = VECTOR('',#4654,1.);
#4654 = DIRECTION('',(3.413924890432E-45,1.,-3.491483361109E-15));
#4655 = ORIENTED_EDGE('',*,*,#4656,.T.);
#4656 = EDGE_CURVE('NONE',#4649,#4657,#4659,.T.);
#4657 = VERTEX_POINT('NONE',#4658);
#4658 = CARTESIAN_POINT('',(5.072184074794,-1.25,0.4));
#4659 = CIRCLE('',#4660,0.122184074794);
#4660 = AXIS2_PLACEMENT_3D('',#4661,#4662,#4663);
#4661 = CARTESIAN_POINT('',(5.072184074794,-1.372184074794,0.4));
#4662 = DIRECTION('',(4.227936187815E-16,-3.491483361109E-15,-1.));
#4663 = DIRECTION('',(-2.448925572102E-32,1.,-3.491483361109E-15));
#4664 = ORIENTED_EDGE('',*,*,#4665,.T.);
#4665 = EDGE_CURVE('NONE',#4657,#4666,#4668,.T.);
#4666 = VERTEX_POINT('NONE',#4667);
#4667 = CARTESIAN_POINT('',(6.377815925206,-1.25,0.4));
#4668 = LINE('',#4669,#4670);
#4669 = CARTESIAN_POINT('',(8.3,-1.25,0.4));
#4670 = VECTOR('',#4671,1.);
#4671 = DIRECTION('',(1.,-1.222383359989E-30,4.227936187815E-16));
#4672 = ORIENTED_EDGE('',*,*,#4673,.T.);
#4673 = EDGE_CURVE('NONE',#4666,#4674,#4676,.T.);
#4674 = VERTEX_POINT('NONE',#4675);
#4675 = CARTESIAN_POINT('',(6.5,-1.372184074794,0.4));
#4676 = CIRCLE('',#4677,0.122184074794);
#4677 = AXIS2_PLACEMENT_3D('',#4678,#4679,#4680);
#4678 = CARTESIAN_POINT('',(6.377815925206,-1.372184074794,0.4));
#4679 = DIRECTION('',(4.227936187815E-16,-3.491483361109E-15,-1.));
#4680 = DIRECTION('',(-2.448925572102E-32,1.,-3.491483361109E-15));
#4681 = ORIENTED_EDGE('',*,*,#4682,.T.);
#4682 = EDGE_CURVE('NONE',#4674,#3350,#4683,.T.);
#4683 = LINE('',#4684,#4685);
#4684 = CARTESIAN_POINT('',(6.5,-0.2,0.4));
#4685 = VECTOR('',#4686,1.);
#4686 = DIRECTION('',(-3.413924890432E-45,-1.,3.491483361109E-15));
#4687 = ORIENTED_EDGE('',*,*,#3349,.T.);
#4688 = ORIENTED_EDGE('',*,*,#4614,.T.);
#4689 = ORIENTED_EDGE('',*,*,#4454,.F.);
#4690 = ORIENTED_EDGE('',*,*,#4691,.T.);
#4691 = EDGE_CURVE('NONE',#4372,#4488,#4692,.T.);
#4692 = LINE('',#4693,#4694);
#4693 = CARTESIAN_POINT('',(1.561251128379E-14,-0.2,0.4));
#4694 = VECTOR('',#4695,1.);
#4695 = DIRECTION('',(-2.43741195324E-16,-1.,3.491483361109E-15));
#4696 = ORIENTED_EDGE('',*,*,#4487,.T.);
#4697 = ORIENTED_EDGE('',*,*,#4698,.T.);
#4698 = EDGE_CURVE('NONE',#4480,#4699,#4701,.T.);
#4699 = VERTEX_POINT('NONE',#4700);
#4700 = CARTESIAN_POINT('',(1.8,-1.372184074794,0.4));
#4701 = LINE('',#4702,#4703);
#4702 = CARTESIAN_POINT('',(1.8,-0.2,0.4));
#4703 = VECTOR('',#4704,1.);
#4704 = DIRECTION('',(3.413924890432E-45,1.,-3.491483361109E-15));
#4705 = ORIENTED_EDGE('',*,*,#4706,.T.);
#4706 = EDGE_CURVE('NONE',#4699,#4707,#4709,.T.);
#4707 = VERTEX_POINT('NONE',#4708);
#4708 = CARTESIAN_POINT('',(1.922184074794,-1.25,0.4));
#4709 = CIRCLE('',#4710,0.122184074794);
#4710 = AXIS2_PLACEMENT_3D('',#4711,#4712,#4713);
#4711 = CARTESIAN_POINT('',(1.922184074794,-1.372184074794,0.4));
#4712 = DIRECTION('',(4.227936187815E-16,-3.491483361109E-15,-1.));
#4713 = DIRECTION('',(-2.448925572102E-32,1.,-3.491483361109E-15));
#4714 = ORIENTED_EDGE('',*,*,#4715,.T.);
#4715 = EDGE_CURVE('NONE',#4707,#4631,#4716,.T.);
#4716 = LINE('',#4717,#4718);
#4717 = CARTESIAN_POINT('',(8.3,-1.25,0.4));
#4718 = VECTOR('',#4719,1.);
#4719 = DIRECTION('',(1.,-1.222383359989E-30,4.227936187815E-16));
#4720 = PLANE('',#4721);
#4721 = AXIS2_PLACEMENT_3D('',#4722,#4723,#4724);
#4722 = CARTESIAN_POINT('',(8.3,-0.2,0.4));
#4723 = DIRECTION('',(4.227936187815E-16,-3.491483361109E-15,-1.));
#4724 = DIRECTION('',(-1.920379547032E-31,1.,-3.491483361109E-15));
#4725 = ADVANCED_FACE('NONE',(#4726),#4732,.F.);
#4726 = FACE_BOUND('',#4727,.T.);
#4727 = EDGE_LOOP('NONE',(#4728,#4729,#4730,#4731));
#4728 = ORIENTED_EDGE('',*,*,#4369,.F.);
#4729 = ORIENTED_EDGE('',*,*,#4550,.T.);
#4730 = ORIENTED_EDGE('',*,*,#4495,.F.);
#4731 = ORIENTED_EDGE('',*,*,#4691,.F.);
#4732 = PLANE('',#4733);
#4733 = AXIS2_PLACEMENT_3D('',#4734,#4735,#4736);
#4734 = CARTESIAN_POINT('',(1.734723475977E-14,-1.5,0.4));
#4735 = DIRECTION('',(1.,-2.43741195324E-16,4.227936187815E-16));
#4736 = DIRECTION('',(4.227936187815E-16,7.88860905221E-31,-1.));
#4737 = ADVANCED_FACE('NONE',(#4738),#4749,.F.);
#4738 = FACE_BOUND('',#4739,.T.);
#4739 = EDGE_LOOP('NONE',(#4740,#4741,#4747,#4748));
#4740 = ORIENTED_EDGE('',*,*,#4598,.T.);
#4741 = ORIENTED_EDGE('',*,*,#4742,.F.);
#4742 = EDGE_CURVE('NONE',#4649,#4590,#4743,.T.);
#4743 = LINE('',#4744,#4745);
#4744 = CARTESIAN_POINT('',(4.95,-1.372184074794,0.431754072725));
#4745 = VECTOR('',#4746,1.);
#4746 = DIRECTION('',(2.000714528648E-31,2.891205793295E-15,-1.));
#4747 = ORIENTED_EDGE('',*,*,#4648,.F.);
#4748 = ORIENTED_EDGE('',*,*,#3295,.T.);
#4749 = PLANE('',#4750);
#4750 = AXIS2_PLACEMENT_3D('',#4751,#4752,#4753);
#4751 = CARTESIAN_POINT('',(4.95,-1.5,0.431754072725));
#4752 = DIRECTION('',(-1.,2.715378741721E-45,-2.000714528648E-31));
#4753 = DIRECTION('',(-2.000714528648E-31,-1.803476689907E-92,1.));
#4754 = ADVANCED_FACE('NONE',(#4755),#4766,.F.);
#4755 = FACE_BOUND('',#4756,.F.);
#4756 = EDGE_LOOP('NONE',(#4757,#4758,#4759,#4765));
#4757 = ORIENTED_EDGE('',*,*,#4742,.F.);
#4758 = ORIENTED_EDGE('',*,*,#4656,.T.);
#4759 = ORIENTED_EDGE('',*,*,#4760,.T.);
#4760 = EDGE_CURVE('NONE',#4657,#4582,#4761,.T.);
#4761 = LINE('',#4762,#4763);
#4762 = CARTESIAN_POINT('',(5.072184074794,-1.25,0.431754072725));
#4763 = VECTOR('',#4764,1.);
#4764 = DIRECTION('',(2.000714528648E-31,2.891205793295E-15,-1.));
#4765 = ORIENTED_EDGE('',*,*,#4589,.F.);
#4766 = CYLINDRICAL_SURFACE('',#4767,0.122184074794);
#4767 = AXIS2_PLACEMENT_3D('',#4768,#4769,#4770);
#4768 = CARTESIAN_POINT('',(5.072184074794,-1.372184074794,
    0.431754072725));
#4769 = DIRECTION('',(2.000714528648E-31,2.891205793295E-15,-1.));
#4770 = DIRECTION('',(4.292019224063E-47,1.,2.891205793295E-15));
#4771 = ADVANCED_FACE('NONE',(#4772),#4783,.F.);
#4772 = FACE_BOUND('',#4773,.T.);
#4773 = EDGE_LOOP('NONE',(#4774,#4775,#4781,#4782));
#4774 = ORIENTED_EDGE('',*,*,#4581,.T.);
#4775 = ORIENTED_EDGE('',*,*,#4776,.F.);
#4776 = EDGE_CURVE('NONE',#4666,#4573,#4777,.T.);
#4777 = LINE('',#4778,#4779);
#4778 = CARTESIAN_POINT('',(6.377815925206,-1.25,0.431754072725));
#4779 = VECTOR('',#4780,1.);
#4780 = DIRECTION('',(2.000714528648E-31,2.891205793295E-15,-1.));
#4781 = ORIENTED_EDGE('',*,*,#4665,.F.);
#4782 = ORIENTED_EDGE('',*,*,#4760,.T.);
#4783 = PLANE('',#4784);
#4784 = AXIS2_PLACEMENT_3D('',#4785,#4786,#4787);
#4785 = CARTESIAN_POINT('',(6.377815925206,-1.25,0.431754072725));
#4786 = DIRECTION('',(0.,1.,2.891205793295E-15));
#4787 = DIRECTION('',(0.,-2.891205793295E-15,1.));
#4788 = ADVANCED_FACE('NONE',(#4789),#4800,.F.);
#4789 = FACE_BOUND('',#4790,.F.);
#4790 = EDGE_LOOP('NONE',(#4791,#4792,#4793,#4799));
#4791 = ORIENTED_EDGE('',*,*,#4776,.F.);
#4792 = ORIENTED_EDGE('',*,*,#4673,.T.);
#4793 = ORIENTED_EDGE('',*,*,#4794,.T.);
#4794 = EDGE_CURVE('NONE',#4674,#4565,#4795,.T.);
#4795 = LINE('',#4796,#4797);
#4796 = CARTESIAN_POINT('',(6.5,-1.372184074794,0.431754072725));
#4797 = VECTOR('',#4798,1.);
#4798 = DIRECTION('',(2.000714528648E-31,2.891205793295E-15,-1.));
#4799 = ORIENTED_EDGE('',*,*,#4572,.F.);
#4800 = CYLINDRICAL_SURFACE('',#4801,0.122184074794);
#4801 = AXIS2_PLACEMENT_3D('',#4802,#4803,#4804);
#4802 = CARTESIAN_POINT('',(6.377815925206,-1.372184074794,
    0.431754072725));
#4803 = DIRECTION('',(2.000714528648E-31,2.891205793295E-15,-1.));
#4804 = DIRECTION('',(4.292019224063E-47,1.,2.891205793295E-15));
#4805 = ADVANCED_FACE('NONE',(#4806),#4812,.F.);
#4806 = FACE_BOUND('',#4807,.T.);
#4807 = EDGE_LOOP('NONE',(#4808,#4809,#4810,#4811));
#4808 = ORIENTED_EDGE('',*,*,#4564,.T.);
#4809 = ORIENTED_EDGE('',*,*,#3359,.F.);
#4810 = ORIENTED_EDGE('',*,*,#4682,.F.);
#4811 = ORIENTED_EDGE('',*,*,#4794,.T.);
#4812 = PLANE('',#4813);
#4813 = AXIS2_PLACEMENT_3D('',#4814,#4815,#4816);
#4814 = CARTESIAN_POINT('',(6.5,-1.5,0.431754072725));
#4815 = DIRECTION('',(1.,-2.715378741721E-45,2.000714528648E-31));
#4816 = DIRECTION('',(2.000714528648E-31,1.803476689907E-92,-1.));
#4817 = ADVANCED_FACE('NONE',(#4818),#4829,.F.);
#4818 = FACE_BOUND('',#4819,.T.);
#4819 = EDGE_LOOP('NONE',(#4820,#4821,#4827,#4828));
#4820 = ORIENTED_EDGE('',*,*,#3694,.T.);
#4821 = ORIENTED_EDGE('',*,*,#4822,.T.);
#4822 = EDGE_CURVE('NONE',#3686,#3824,#4823,.T.);
#4823 = LINE('',#4824,#4825);
#4824 = CARTESIAN_POINT('',(6.5,-1.372184074794,0.431754072725));
#4825 = VECTOR('',#4826,1.);
#4826 = DIRECTION('',(2.000714528648E-31,2.891205793295E-15,-1.));
#4827 = ORIENTED_EDGE('',*,*,#3823,.T.);
#4828 = ORIENTED_EDGE('',*,*,#3319,.F.);
#4829 = PLANE('',#4830);
#4830 = AXIS2_PLACEMENT_3D('',#4831,#4832,#4833);
#4831 = CARTESIAN_POINT('',(6.5,-1.5,0.431754072725));
#4832 = DIRECTION('',(1.,-2.715378741721E-45,2.000714528648E-31));
#4833 = DIRECTION('',(2.000714528648E-31,1.803476689907E-92,-1.));
#4834 = ADVANCED_FACE('NONE',(#4835),#4846,.F.);
#4835 = FACE_BOUND('',#4836,.F.);
#4836 = EDGE_LOOP('NONE',(#4837,#4838,#4839,#4845));
#4837 = ORIENTED_EDGE('',*,*,#4822,.T.);
#4838 = ORIENTED_EDGE('',*,*,#3831,.F.);
#4839 = ORIENTED_EDGE('',*,*,#4840,.F.);
#4840 = EDGE_CURVE('NONE',#3678,#3832,#4841,.T.);
#4841 = LINE('',#4842,#4843);
#4842 = CARTESIAN_POINT('',(6.377815925206,-1.25,0.431754072725));
#4843 = VECTOR('',#4844,1.);
#4844 = DIRECTION('',(2.000714528648E-31,2.891205793295E-15,-1.));
#4845 = ORIENTED_EDGE('',*,*,#3685,.F.);
#4846 = CYLINDRICAL_SURFACE('',#4847,0.122184074794);
#4847 = AXIS2_PLACEMENT_3D('',#4848,#4849,#4850);
#4848 = CARTESIAN_POINT('',(6.377815925206,-1.372184074794,
    0.431754072725));
#4849 = DIRECTION('',(2.000714528648E-31,2.891205793295E-15,-1.));
#4850 = DIRECTION('',(4.292019224063E-47,1.,2.891205793295E-15));
#4851 = ADVANCED_FACE('NONE',(#4852),#4863,.F.);
#4852 = FACE_BOUND('',#4853,.T.);
#4853 = EDGE_LOOP('NONE',(#4854,#4855,#4861,#4862));
#4854 = ORIENTED_EDGE('',*,*,#3677,.T.);
#4855 = ORIENTED_EDGE('',*,*,#4856,.T.);
#4856 = EDGE_CURVE('NONE',#3669,#3841,#4857,.T.);
#4857 = LINE('',#4858,#4859);
#4858 = CARTESIAN_POINT('',(5.072184074794,-1.25,0.431754072725));
#4859 = VECTOR('',#4860,1.);
#4860 = DIRECTION('',(2.000714528648E-31,2.891205793295E-15,-1.));
#4861 = ORIENTED_EDGE('',*,*,#3840,.T.);
#4862 = ORIENTED_EDGE('',*,*,#4840,.F.);
#4863 = PLANE('',#4864);
#4864 = AXIS2_PLACEMENT_3D('',#4865,#4866,#4867);
#4865 = CARTESIAN_POINT('',(6.377815925206,-1.25,0.431754072725));
#4866 = DIRECTION('',(0.,1.,2.891205793295E-15));
#4867 = DIRECTION('',(0.,-2.891205793295E-15,1.));
#4868 = ADVANCED_FACE('NONE',(#4869),#4880,.F.);
#4869 = FACE_BOUND('',#4870,.F.);
#4870 = EDGE_LOOP('NONE',(#4871,#4872,#4873,#4879));
#4871 = ORIENTED_EDGE('',*,*,#4856,.T.);
#4872 = ORIENTED_EDGE('',*,*,#3848,.F.);
#4873 = ORIENTED_EDGE('',*,*,#4874,.F.);
#4874 = EDGE_CURVE('NONE',#3661,#3849,#4875,.T.);
#4875 = LINE('',#4876,#4877);
#4876 = CARTESIAN_POINT('',(4.95,-1.372184074794,0.431754072725));
#4877 = VECTOR('',#4878,1.);
#4878 = DIRECTION('',(2.000714528648E-31,2.891205793295E-15,-1.));
#4879 = ORIENTED_EDGE('',*,*,#3668,.F.);
#4880 = CYLINDRICAL_SURFACE('',#4881,0.122184074794);
#4881 = AXIS2_PLACEMENT_3D('',#4882,#4883,#4884);
#4882 = CARTESIAN_POINT('',(5.072184074794,-1.372184074794,
    0.431754072725));
#4883 = DIRECTION('',(2.000714528648E-31,2.891205793295E-15,-1.));
#4884 = DIRECTION('',(4.292019224063E-47,1.,2.891205793295E-15));
#4885 = ADVANCED_FACE('NONE',(#4886),#4892,.F.);
#4886 = FACE_BOUND('',#4887,.T.);
#4887 = EDGE_LOOP('NONE',(#4888,#4889,#4890,#4891));
#4888 = ORIENTED_EDGE('',*,*,#3660,.T.);
#4889 = ORIENTED_EDGE('',*,*,#3255,.T.);
#4890 = ORIENTED_EDGE('',*,*,#3857,.T.);
#4891 = ORIENTED_EDGE('',*,*,#4874,.F.);
#4892 = PLANE('',#4893);
#4893 = AXIS2_PLACEMENT_3D('',#4894,#4895,#4896);
#4894 = CARTESIAN_POINT('',(4.95,-1.5,0.431754072725));
#4895 = DIRECTION('',(-1.,2.715378741721E-45,-2.000714528648E-31));
#4896 = DIRECTION('',(-2.000714528648E-31,-1.803476689907E-92,1.));
#4897 = ADVANCED_FACE('NONE',(#4898),#4909,.F.);
#4898 = FACE_BOUND('',#4899,.T.);
#4899 = EDGE_LOOP('NONE',(#4900,#4901,#4907,#4908));
#4900 = ORIENTED_EDGE('',*,*,#4543,.T.);
#4901 = ORIENTED_EDGE('',*,*,#4902,.F.);
#4902 = EDGE_CURVE('NONE',#4699,#4535,#4903,.T.);
#4903 = LINE('',#4904,#4905);
#4904 = CARTESIAN_POINT('',(1.8,-1.372184074794,0.431754072725));
#4905 = VECTOR('',#4906,1.);
#4906 = DIRECTION('',(2.000714528648E-31,2.891205793295E-15,-1.));
#4907 = ORIENTED_EDGE('',*,*,#4698,.F.);
#4908 = ORIENTED_EDGE('',*,*,#4479,.T.);
#4909 = PLANE('',#4910);
#4910 = AXIS2_PLACEMENT_3D('',#4911,#4912,#4913);
#4911 = CARTESIAN_POINT('',(1.8,-1.5,0.431754072725));
#4912 = DIRECTION('',(-1.,2.715378741722E-45,-2.000714528648E-31));
#4913 = DIRECTION('',(-2.000714528648E-31,-4.704010761302E-93,1.));
#4914 = ADVANCED_FACE('NONE',(#4915),#4926,.F.);
#4915 = FACE_BOUND('',#4916,.F.);
#4916 = EDGE_LOOP('NONE',(#4917,#4918,#4919,#4925));
#4917 = ORIENTED_EDGE('',*,*,#4902,.F.);
#4918 = ORIENTED_EDGE('',*,*,#4706,.T.);
#4919 = ORIENTED_EDGE('',*,*,#4920,.T.);
#4920 = EDGE_CURVE('NONE',#4707,#4527,#4921,.T.);
#4921 = LINE('',#4922,#4923);
#4922 = CARTESIAN_POINT('',(1.922184074794,-1.25,0.431754072725));
#4923 = VECTOR('',#4924,1.);
#4924 = DIRECTION('',(2.000714528648E-31,2.891205793295E-15,-1.));
#4925 = ORIENTED_EDGE('',*,*,#4534,.F.);
#4926 = CYLINDRICAL_SURFACE('',#4927,0.122184074794);
#4927 = AXIS2_PLACEMENT_3D('',#4928,#4929,#4930);
#4928 = CARTESIAN_POINT('',(1.922184074794,-1.372184074794,
    0.431754072725));
#4929 = DIRECTION('',(2.000714528648E-31,2.891205793295E-15,-1.));
#4930 = DIRECTION('',(4.292019224063E-47,1.,2.891205793295E-15));
#4931 = ADVANCED_FACE('NONE',(#4932),#4943,.F.);
#4932 = FACE_BOUND('',#4933,.T.);
#4933 = EDGE_LOOP('NONE',(#4934,#4935,#4941,#4942));
#4934 = ORIENTED_EDGE('',*,*,#4526,.T.);
#4935 = ORIENTED_EDGE('',*,*,#4936,.F.);
#4936 = EDGE_CURVE('NONE',#4631,#4518,#4937,.T.);
#4937 = LINE('',#4938,#4939);
#4938 = CARTESIAN_POINT('',(3.227815925206,-1.25,0.431754072725));
#4939 = VECTOR('',#4940,1.);
#4940 = DIRECTION('',(2.000714528648E-31,2.891205793295E-15,-1.));
#4941 = ORIENTED_EDGE('',*,*,#4715,.F.);
#4942 = ORIENTED_EDGE('',*,*,#4920,.T.);
#4943 = PLANE('',#4944);
#4944 = AXIS2_PLACEMENT_3D('',#4945,#4946,#4947);
#4945 = CARTESIAN_POINT('',(3.227815925206,-1.25,0.431754072725));
#4946 = DIRECTION('',(0.,1.,2.891205793295E-15));
#4947 = DIRECTION('',(0.,-2.891205793295E-15,1.));
#4948 = ADVANCED_FACE('NONE',(#4949),#4960,.F.);
#4949 = FACE_BOUND('',#4950,.F.);
#4950 = EDGE_LOOP('NONE',(#4951,#4952,#4953,#4959));
#4951 = ORIENTED_EDGE('',*,*,#4936,.F.);
#4952 = ORIENTED_EDGE('',*,*,#4630,.T.);
#4953 = ORIENTED_EDGE('',*,*,#4954,.T.);
#4954 = EDGE_CURVE('NONE',#4633,#4510,#4955,.T.);
#4955 = LINE('',#4956,#4957);
#4956 = CARTESIAN_POINT('',(3.35,-1.372184074794,0.431754072725));
#4957 = VECTOR('',#4958,1.);
#4958 = DIRECTION('',(2.000714528648E-31,2.891205793295E-15,-1.));
#4959 = ORIENTED_EDGE('',*,*,#4517,.F.);
#4960 = CYLINDRICAL_SURFACE('',#4961,0.122184074794);
#4961 = AXIS2_PLACEMENT_3D('',#4962,#4963,#4964);
#4962 = CARTESIAN_POINT('',(3.227815925206,-1.372184074794,
    0.431754072725));
#4963 = DIRECTION('',(2.000714528648E-31,2.891205793295E-15,-1.));
#4964 = DIRECTION('',(4.292019224063E-47,1.,2.891205793295E-15));
#4965 = ADVANCED_FACE('NONE',(#4966),#4972,.F.);
#4966 = FACE_BOUND('',#4967,.T.);
#4967 = EDGE_LOOP('NONE',(#4968,#4969,#4970,#4971));
#4968 = ORIENTED_EDGE('',*,*,#4509,.T.);
#4969 = ORIENTED_EDGE('',*,*,#3279,.F.);
#4970 = ORIENTED_EDGE('',*,*,#4641,.F.);
#4971 = ORIENTED_EDGE('',*,*,#4954,.T.);
#4972 = PLANE('',#4973);
#4973 = AXIS2_PLACEMENT_3D('',#4974,#4975,#4976);
#4974 = CARTESIAN_POINT('',(3.35,-1.5,0.431754072725));
#4975 = DIRECTION('',(1.,-2.715378741721E-45,2.000714528648E-31));
#4976 = DIRECTION('',(2.000714528648E-31,1.803476689907E-92,-1.));
#4977 = ADVANCED_FACE('NONE',(#4978),#4989,.F.);
#4978 = FACE_BOUND('',#4979,.T.);
#4979 = EDGE_LOOP('NONE',(#4980,#4981,#4987,#4988));
#4980 = ORIENTED_EDGE('',*,*,#3651,.T.);
#4981 = ORIENTED_EDGE('',*,*,#4982,.T.);
#4982 = EDGE_CURVE('NONE',#3652,#3774,#4983,.T.);
#4983 = LINE('',#4984,#4985);
#4984 = CARTESIAN_POINT('',(3.35,-1.372184074794,0.431754072725));
#4985 = VECTOR('',#4986,1.);
#4986 = DIRECTION('',(2.000714528648E-31,2.891205793295E-15,-1.));
#4987 = ORIENTED_EDGE('',*,*,#3773,.T.);
#4988 = ORIENTED_EDGE('',*,*,#3239,.F.);
#4989 = PLANE('',#4990);
#4990 = AXIS2_PLACEMENT_3D('',#4991,#4992,#4993);
#4991 = CARTESIAN_POINT('',(3.35,-1.5,0.431754072725));
#4992 = DIRECTION('',(1.,-2.715378741721E-45,2.000714528648E-31));
#4993 = DIRECTION('',(2.000714528648E-31,1.803476689907E-92,-1.));
#4994 = ADVANCED_FACE('NONE',(#4995),#5006,.F.);
#4995 = FACE_BOUND('',#4996,.F.);
#4996 = EDGE_LOOP('NONE',(#4997,#4998,#4999,#5005));
#4997 = ORIENTED_EDGE('',*,*,#4982,.T.);
#4998 = ORIENTED_EDGE('',*,*,#3781,.F.);
#4999 = ORIENTED_EDGE('',*,*,#5000,.F.);
#5000 = EDGE_CURVE('NONE',#3733,#3782,#5001,.T.);
#5001 = LINE('',#5002,#5003);
#5002 = CARTESIAN_POINT('',(3.227815925206,-1.25,0.431754072725));
#5003 = VECTOR('',#5004,1.);
#5004 = DIRECTION('',(2.000714528648E-31,2.891205793295E-15,-1.));
#5005 = ORIENTED_EDGE('',*,*,#3740,.F.);
#5006 = CYLINDRICAL_SURFACE('',#5007,0.122184074794);
#5007 = AXIS2_PLACEMENT_3D('',#5008,#5009,#5010);
#5008 = CARTESIAN_POINT('',(3.227815925206,-1.372184074794,
    0.431754072725));
#5009 = DIRECTION('',(2.000714528648E-31,2.891205793295E-15,-1.));
#5010 = DIRECTION('',(4.292019224063E-47,1.,2.891205793295E-15));
#5011 = ADVANCED_FACE('NONE',(#5012),#5023,.F.);
#5012 = FACE_BOUND('',#5013,.T.);
#5013 = EDGE_LOOP('NONE',(#5014,#5015,#5021,#5022));
#5014 = ORIENTED_EDGE('',*,*,#3732,.T.);
#5015 = ORIENTED_EDGE('',*,*,#5016,.T.);
#5016 = EDGE_CURVE('NONE',#3724,#3791,#5017,.T.);
#5017 = LINE('',#5018,#5019);
#5018 = CARTESIAN_POINT('',(1.922184074794,-1.25,0.431754072725));
#5019 = VECTOR('',#5020,1.);
#5020 = DIRECTION('',(2.000714528648E-31,2.891205793295E-15,-1.));
#5021 = ORIENTED_EDGE('',*,*,#3790,.T.);
#5022 = ORIENTED_EDGE('',*,*,#5000,.F.);
#5023 = PLANE('',#5024);
#5024 = AXIS2_PLACEMENT_3D('',#5025,#5026,#5027);
#5025 = CARTESIAN_POINT('',(3.227815925206,-1.25,0.431754072725));
#5026 = DIRECTION('',(0.,1.,2.891205793295E-15));
#5027 = DIRECTION('',(0.,-2.891205793295E-15,1.));
#5028 = ADVANCED_FACE('NONE',(#5029),#5040,.F.);
#5029 = FACE_BOUND('',#5030,.F.);
#5030 = EDGE_LOOP('NONE',(#5031,#5032,#5033,#5039));
#5031 = ORIENTED_EDGE('',*,*,#5016,.T.);
#5032 = ORIENTED_EDGE('',*,*,#3798,.F.);
#5033 = ORIENTED_EDGE('',*,*,#5034,.F.);
#5034 = EDGE_CURVE('NONE',#3716,#3799,#5035,.T.);
#5035 = LINE('',#5036,#5037);
#5036 = CARTESIAN_POINT('',(1.8,-1.372184074794,0.431754072725));
#5037 = VECTOR('',#5038,1.);
#5038 = DIRECTION('',(2.000714528648E-31,2.891205793295E-15,-1.));
#5039 = ORIENTED_EDGE('',*,*,#3723,.F.);
#5040 = CYLINDRICAL_SURFACE('',#5041,0.122184074794);
#5041 = AXIS2_PLACEMENT_3D('',#5042,#5043,#5044);
#5042 = CARTESIAN_POINT('',(1.922184074794,-1.372184074794,
    0.431754072725));
#5043 = DIRECTION('',(2.000714528648E-31,2.891205793295E-15,-1.));
#5044 = DIRECTION('',(4.292019224063E-47,1.,2.891205793295E-15));
#5045 = ADVANCED_FACE('NONE',(#5046),#5052,.F.);
#5046 = FACE_BOUND('',#5047,.T.);
#5047 = EDGE_LOOP('NONE',(#5048,#5049,#5050,#5051));
#5048 = ORIENTED_EDGE('',*,*,#3715,.T.);
#5049 = ORIENTED_EDGE('',*,*,#3621,.T.);
#5050 = ORIENTED_EDGE('',*,*,#3807,.T.);
#5051 = ORIENTED_EDGE('',*,*,#5034,.F.);
#5052 = PLANE('',#5053);
#5053 = AXIS2_PLACEMENT_3D('',#5054,#5055,#5056);
#5054 = CARTESIAN_POINT('',(1.8,-1.5,0.431754072725));
#5055 = DIRECTION('',(-1.,2.715378741722E-45,-2.000714528648E-31));
#5056 = DIRECTION('',(-2.000714528648E-31,-4.704010761302E-93,1.));
#5057 = ( GEOMETRIC_REPRESENTATION_CONTEXT(3)
GLOBAL_UNCERTAINTY_ASSIGNED_CONTEXT((#5061))
GLOBAL_UNIT_ASSIGNED_CONTEXT((#5058,#5059,#5060)) REPRESENTATION_CONTEXT
('Context #1','3D Context with UNIT and UNCERTAINTY') );
#5058 = ( LENGTH_UNIT() NAMED_UNIT(*) SI_UNIT(.MILLI.,.METRE.) );
#5059 = ( NAMED_UNIT(*) PLANE_ANGLE_UNIT() SI_UNIT($,.RADIAN.) );
#5060 = ( NAMED_UNIT(*) SI_UNIT($,.STERADIAN.) SOLID_ANGLE_UNIT() );
#5061 = UNCERTAINTY_MEASURE_WITH_UNIT(LENGTH_MEASURE(5.E-05),#5058,
  'distance_accuracy_value','confusion accuracy');
#5062 = CONTEXT_DEPENDENT_SHAPE_REPRESENTATION(#5063,#5065);
#5063 = ( REPRESENTATION_RELATIONSHIP('','',#3180,#32)
REPRESENTATION_RELATIONSHIP_WITH_TRANSFORMATION(#5064)
SHAPE_REPRESENTATION_RELATIONSHIP() );
#5064 = ITEM_DEFINED_TRANSFORMATION('','',#11,#37);
#5065 = PRODUCT_DEFINITION_SHAPE('Placement','Placement of an item',
  #5066);
#5066 = NEXT_ASSEMBLY_USAGE_OCCURRENCE('5','NAUO2','',#27,#3175,$);
#5067 = PRODUCT_RELATED_PRODUCT_CATEGORY('part',$,(#3177));
#5068 = SHAPE_DEFINITION_REPRESENTATION(#5069,#5075);
#5069 = PRODUCT_DEFINITION_SHAPE('','',#5070);
#5070 = PRODUCT_DEFINITION('design','',#5071,#5074);
#5071 = PRODUCT_DEFINITION_FORMATION('','',#5072);
#5072 = PRODUCT('NAUO3','NAUO3','',(#5073));
#5073 = PRODUCT_CONTEXT('',#2,'mechanical');
#5074 = PRODUCT_DEFINITION_CONTEXT('part definition',#2,'design');
#5075 = SHAPE_REPRESENTATION('',(#11,#5076,#5529,#5982,#6435,#6888,#7341
    ,#7794,#8247,#8700,#9153,#9606,#10059,#10512,#10965,#11418,#11871,
    #12324,#12777,#13230,#14919,#15213,#15507,#15801,#16095,#16389),
  #16683);
#5076 = MANIFOLD_SOLID_BREP('Aufsatz-Linear austragen13[1]',#5077);
#5077 = CLOSED_SHELL('NONE',(#5078,#5120,#5176,#5239,#5272,#5319,#5343,
    #5367,#5384,#5398,#5416,#5447,#5478,#5500,#5514));
#5078 = ADVANCED_FACE('NONE',(#5079),#5115,.T.);
#5079 = FACE_BOUND('',#5080,.T.);
#5080 = EDGE_LOOP('NONE',(#5081,#5092,#5100,#5109));
#5081 = ORIENTED_EDGE('',*,*,#5082,.F.);
#5082 = EDGE_CURVE('NONE',#5083,#5085,#5087,.T.);
#5083 = VERTEX_POINT('NONE',#5084);
#5084 = CARTESIAN_POINT('',(4.625000000001,4.399961516403,0.73));
#5085 = VERTEX_POINT('NONE',#5086);
#5086 = CARTESIAN_POINT('',(4.850000000001,4.174961516403,0.73));
#5087 = CIRCLE('',#5088,0.225);
#5088 = AXIS2_PLACEMENT_3D('',#5089,#5090,#5091);
#5089 = CARTESIAN_POINT('',(4.850000000001,4.399961516403,0.73));
#5090 = DIRECTION('',(0.,0.,1.));
#5091 = DIRECTION('',(-1.,0.,0.));
#5092 = ORIENTED_EDGE('',*,*,#5093,.T.);
#5093 = EDGE_CURVE('NONE',#5083,#5094,#5096,.T.);
#5094 = VERTEX_POINT('NONE',#5095);
#5095 = CARTESIAN_POINT('',(4.625000000001,4.399961516403,0.));
#5096 = LINE('',#5097,#5098);
#5097 = CARTESIAN_POINT('',(4.625000000001,4.399961516403,0.73));
#5098 = VECTOR('',#5099,1.);
#5099 = DIRECTION('',(-0.,-0.,-1.));
#5100 = ORIENTED_EDGE('',*,*,#5101,.T.);
#5101 = EDGE_CURVE('NONE',#5094,#5102,#5104,.T.);
#5102 = VERTEX_POINT('NONE',#5103);
#5103 = CARTESIAN_POINT('',(4.850000000001,4.174961516403,0.));
#5104 = CIRCLE('',#5105,0.225);
#5105 = AXIS2_PLACEMENT_3D('',#5106,#5107,#5108);
#5106 = CARTESIAN_POINT('',(4.850000000001,4.399961516403,0.));
#5107 = DIRECTION('',(0.,0.,1.));
#5108 = DIRECTION('',(-1.,0.,0.));
#5109 = ORIENTED_EDGE('',*,*,#5110,.F.);
#5110 = EDGE_CURVE('NONE',#5085,#5102,#5111,.T.);
#5111 = LINE('',#5112,#5113);
#5112 = CARTESIAN_POINT('',(4.850000000001,4.174961516403,0.73));
#5113 = VECTOR('',#5114,1.);
#5114 = DIRECTION('',(-0.,-0.,-1.));
#5115 = CYLINDRICAL_SURFACE('',#5116,0.225);
#5116 = AXIS2_PLACEMENT_3D('',#5117,#5118,#5119);
#5117 = CARTESIAN_POINT('',(4.850000000001,4.399961516403,0.73));
#5118 = DIRECTION('',(-0.,-0.,-1.));
#5119 = DIRECTION('',(-1.,0.,0.));
#5120 = ADVANCED_FACE('NONE',(#5121),#5171,.F.);
#5121 = FACE_BOUND('',#5122,.T.);
#5122 = EDGE_LOOP('NONE',(#5123,#5132,#5140,#5148,#5156,#5164,#5170));
#5123 = ORIENTED_EDGE('',*,*,#5124,.F.);
#5124 = EDGE_CURVE('NONE',#5125,#5094,#5127,.T.);
#5125 = VERTEX_POINT('NONE',#5126);
#5126 = CARTESIAN_POINT('',(4.850000000001,4.624961516403,0.));
#5127 = CIRCLE('',#5128,0.225);
#5128 = AXIS2_PLACEMENT_3D('',#5129,#5130,#5131);
#5129 = CARTESIAN_POINT('',(4.850000000001,4.399961516403,0.));
#5130 = DIRECTION('',(0.,0.,1.));
#5131 = DIRECTION('',(-1.,0.,0.));
#5132 = ORIENTED_EDGE('',*,*,#5133,.T.);
#5133 = EDGE_CURVE('NONE',#5125,#5134,#5136,.T.);
#5134 = VERTEX_POINT('NONE',#5135);
#5135 = CARTESIAN_POINT('',(4.850000000001,4.75,0.));
#5136 = LINE('',#5137,#5138);
#5137 = CARTESIAN_POINT('',(4.850000000001,4.599961516403,0.));
#5138 = VECTOR('',#5139,1.);
#5139 = DIRECTION('',(0.,1.,0.));
#5140 = ORIENTED_EDGE('',*,*,#5141,.T.);
#5141 = EDGE_CURVE('NONE',#5134,#5142,#5144,.T.);
#5142 = VERTEX_POINT('NONE',#5143);
#5143 = CARTESIAN_POINT('',(3.850000000001,4.75,0.));
#5144 = LINE('',#5145,#5146);
#5145 = CARTESIAN_POINT('',(4.850000000001,4.75,0.));
#5146 = VECTOR('',#5147,1.);
#5147 = DIRECTION('',(-1.,0.,0.));
#5148 = ORIENTED_EDGE('',*,*,#5149,.T.);
#5149 = EDGE_CURVE('NONE',#5142,#5150,#5152,.T.);
#5150 = VERTEX_POINT('NONE',#5151);
#5151 = CARTESIAN_POINT('',(3.850000000001,4.05,0.));
#5152 = LINE('',#5153,#5154);
#5153 = CARTESIAN_POINT('',(3.850000000001,4.75,0.));
#5154 = VECTOR('',#5155,1.);
#5155 = DIRECTION('',(0.,-1.,0.));
#5156 = ORIENTED_EDGE('',*,*,#5157,.T.);
#5157 = EDGE_CURVE('NONE',#5150,#5158,#5160,.T.);
#5158 = VERTEX_POINT('NONE',#5159);
#5159 = CARTESIAN_POINT('',(4.850000000001,4.05,0.));
#5160 = LINE('',#5161,#5162);
#5161 = CARTESIAN_POINT('',(3.850000000001,4.05,0.));
#5162 = VECTOR('',#5163,1.);
#5163 = DIRECTION('',(1.,0.,0.));
#5164 = ORIENTED_EDGE('',*,*,#5165,.T.);
#5165 = EDGE_CURVE('NONE',#5158,#5102,#5166,.T.);
#5166 = LINE('',#5167,#5168);
#5167 = CARTESIAN_POINT('',(4.850000000001,4.05,0.));
#5168 = VECTOR('',#5169,1.);
#5169 = DIRECTION('',(0.,1.,0.));
#5170 = ORIENTED_EDGE('',*,*,#5101,.F.);
#5171 = PLANE('',#5172);
#5172 = AXIS2_PLACEMENT_3D('',#5173,#5174,#5175);
#5173 = CARTESIAN_POINT('',(4.850000000001,4.399961516403,0.));
#5174 = DIRECTION('',(-0.,0.,-1.));
#5175 = DIRECTION('',(-1.,0.,0.));
#5176 = ADVANCED_FACE('NONE',(#5177),#5234,.T.);
#5177 = FACE_BOUND('',#5178,.T.);
#5178 = EDGE_LOOP('NONE',(#5179,#5180,#5188,#5196,#5204,#5212,#5220,
    #5228));
#5179 = ORIENTED_EDGE('',*,*,#5133,.F.);
#5180 = ORIENTED_EDGE('',*,*,#5181,.F.);
#5181 = EDGE_CURVE('NONE',#5182,#5125,#5184,.T.);
#5182 = VERTEX_POINT('NONE',#5183);
#5183 = CARTESIAN_POINT('',(4.850000000001,4.624961516403,0.73));
#5184 = LINE('',#5185,#5186);
#5185 = CARTESIAN_POINT('',(4.850000000001,4.624961516403,0.73));
#5186 = VECTOR('',#5187,1.);
#5187 = DIRECTION('',(-0.,-0.,-1.));
#5188 = ORIENTED_EDGE('',*,*,#5189,.T.);
#5189 = EDGE_CURVE('NONE',#5182,#5190,#5192,.T.);
#5190 = VERTEX_POINT('NONE',#5191);
#5191 = CARTESIAN_POINT('',(4.850000000001,4.75,0.73));
#5192 = LINE('',#5193,#5194);
#5193 = CARTESIAN_POINT('',(4.850000000001,4.75,0.73));
#5194 = VECTOR('',#5195,1.);
#5195 = DIRECTION('',(-0.,1.,-0.));
#5196 = ORIENTED_EDGE('',*,*,#5197,.F.);
#5197 = EDGE_CURVE('NONE',#5198,#5190,#5200,.T.);
#5198 = VERTEX_POINT('NONE',#5199);
#5199 = CARTESIAN_POINT('',(4.850000000001,4.75,0.765));
#5200 = LINE('',#5201,#5202);
#5201 = CARTESIAN_POINT('',(4.850000000001,4.75,0.765));
#5202 = VECTOR('',#5203,1.);
#5203 = DIRECTION('',(-0.,-0.,-1.));
#5204 = ORIENTED_EDGE('',*,*,#5205,.F.);
#5205 = EDGE_CURVE('NONE',#5206,#5198,#5208,.T.);
#5206 = VERTEX_POINT('NONE',#5207);
#5207 = CARTESIAN_POINT('',(4.850000000001,4.599961516403,0.765));
#5208 = LINE('',#5209,#5210);
#5209 = CARTESIAN_POINT('',(4.850000000001,4.75,0.765));
#5210 = VECTOR('',#5211,1.);
#5211 = DIRECTION('',(-0.,1.,-0.));
#5212 = ORIENTED_EDGE('',*,*,#5213,.F.);
#5213 = EDGE_CURVE('NONE',#5214,#5206,#5216,.T.);
#5214 = VERTEX_POINT('NONE',#5215);
#5215 = CARTESIAN_POINT('',(4.850000000001,4.599961516403,-3.5E-02));
#5216 = LINE('',#5217,#5218);
#5217 = CARTESIAN_POINT('',(4.850000000001,4.599961516403,-3.5E-02));
#5218 = VECTOR('',#5219,1.);
#5219 = DIRECTION('',(0.,0.,1.));
#5220 = ORIENTED_EDGE('',*,*,#5221,.T.);
#5221 = EDGE_CURVE('NONE',#5214,#5222,#5224,.T.);
#5222 = VERTEX_POINT('NONE',#5223);
#5223 = CARTESIAN_POINT('',(4.850000000001,4.75,-3.5E-02));
#5224 = LINE('',#5225,#5226);
#5225 = CARTESIAN_POINT('',(4.850000000001,4.599961516403,-3.5E-02));
#5226 = VECTOR('',#5227,1.);
#5227 = DIRECTION('',(0.,1.,0.));
#5228 = ORIENTED_EDGE('',*,*,#5229,.T.);
#5229 = EDGE_CURVE('NONE',#5222,#5134,#5230,.T.);
#5230 = LINE('',#5231,#5232);
#5231 = CARTESIAN_POINT('',(4.850000000001,4.75,-3.5E-02));
#5232 = VECTOR('',#5233,1.);
#5233 = DIRECTION('',(0.,0.,1.));
#5234 = PLANE('',#5235);
#5235 = AXIS2_PLACEMENT_3D('',#5236,#5237,#5238);
#5236 = CARTESIAN_POINT('',(4.850000000001,4.599961516403,-3.5E-02));
#5237 = DIRECTION('',(1.,0.,0.));
#5238 = DIRECTION('',(0.,0.,-1.));
#5239 = ADVANCED_FACE('NONE',(#5240),#5267,.F.);
#5240 = FACE_BOUND('',#5241,.F.);
#5241 = EDGE_LOOP('NONE',(#5242,#5251,#5259,#5266));
#5242 = ORIENTED_EDGE('',*,*,#5243,.F.);
#5243 = EDGE_CURVE('NONE',#5244,#5214,#5246,.T.);
#5244 = VERTEX_POINT('NONE',#5245);
#5245 = CARTESIAN_POINT('',(4.850000000001,4.199961516403,-3.5E-02));
#5246 = CIRCLE('',#5247,0.2);
#5247 = AXIS2_PLACEMENT_3D('',#5248,#5249,#5250);
#5248 = CARTESIAN_POINT('',(4.850000000001,4.399961516403,-3.5E-02));
#5249 = DIRECTION('',(-0.,0.,-1.));
#5250 = DIRECTION('',(-1.,0.,0.));
#5251 = ORIENTED_EDGE('',*,*,#5252,.T.);
#5252 = EDGE_CURVE('NONE',#5244,#5253,#5255,.T.);
#5253 = VERTEX_POINT('NONE',#5254);
#5254 = CARTESIAN_POINT('',(4.850000000001,4.199961516403,0.765));
#5255 = LINE('',#5256,#5257);
#5256 = CARTESIAN_POINT('',(4.850000000001,4.199961516403,-3.5E-02));
#5257 = VECTOR('',#5258,1.);
#5258 = DIRECTION('',(0.,0.,1.));
#5259 = ORIENTED_EDGE('',*,*,#5260,.T.);
#5260 = EDGE_CURVE('NONE',#5253,#5206,#5261,.T.);
#5261 = CIRCLE('',#5262,0.2);
#5262 = AXIS2_PLACEMENT_3D('',#5263,#5264,#5265);
#5263 = CARTESIAN_POINT('',(4.850000000001,4.399961516403,0.765));
#5264 = DIRECTION('',(-0.,0.,-1.));
#5265 = DIRECTION('',(-1.,0.,0.));
#5266 = ORIENTED_EDGE('',*,*,#5213,.F.);
#5267 = CYLINDRICAL_SURFACE('',#5268,0.2);
#5268 = AXIS2_PLACEMENT_3D('',#5269,#5270,#5271);
#5269 = CARTESIAN_POINT('',(4.850000000001,4.399961516403,-3.5E-02));
#5270 = DIRECTION('',(0.,0.,1.));
#5271 = DIRECTION('',(1.,0.,-0.));
#5272 = ADVANCED_FACE('NONE',(#5273),#5314,.T.);
#5273 = FACE_BOUND('',#5274,.T.);
#5274 = EDGE_LOOP('NONE',(#5275,#5276,#5284,#5290,#5291,#5299,#5307,
    #5313));
#5275 = ORIENTED_EDGE('',*,*,#5165,.F.);
#5276 = ORIENTED_EDGE('',*,*,#5277,.F.);
#5277 = EDGE_CURVE('NONE',#5278,#5158,#5280,.T.);
#5278 = VERTEX_POINT('NONE',#5279);
#5279 = CARTESIAN_POINT('',(4.850000000001,4.05,-3.5E-02));
#5280 = LINE('',#5281,#5282);
#5281 = CARTESIAN_POINT('',(4.850000000001,4.05,-3.5E-02));
#5282 = VECTOR('',#5283,1.);
#5283 = DIRECTION('',(0.,0.,1.));
#5284 = ORIENTED_EDGE('',*,*,#5285,.T.);
#5285 = EDGE_CURVE('NONE',#5278,#5244,#5286,.T.);
#5286 = LINE('',#5287,#5288);
#5287 = CARTESIAN_POINT('',(4.850000000001,4.05,-3.5E-02));
#5288 = VECTOR('',#5289,1.);
#5289 = DIRECTION('',(0.,1.,0.));
#5290 = ORIENTED_EDGE('',*,*,#5252,.T.);
#5291 = ORIENTED_EDGE('',*,*,#5292,.F.);
#5292 = EDGE_CURVE('NONE',#5293,#5253,#5295,.T.);
#5293 = VERTEX_POINT('NONE',#5294);
#5294 = CARTESIAN_POINT('',(4.850000000001,4.05,0.765));
#5295 = LINE('',#5296,#5297);
#5296 = CARTESIAN_POINT('',(4.850000000001,4.199961516403,0.765));
#5297 = VECTOR('',#5298,1.);
#5298 = DIRECTION('',(-0.,1.,-0.));
#5299 = ORIENTED_EDGE('',*,*,#5300,.T.);
#5300 = EDGE_CURVE('NONE',#5293,#5301,#5303,.T.);
#5301 = VERTEX_POINT('NONE',#5302);
#5302 = CARTESIAN_POINT('',(4.850000000001,4.05,0.73));
#5303 = LINE('',#5304,#5305);
#5304 = CARTESIAN_POINT('',(4.850000000001,4.05,0.765));
#5305 = VECTOR('',#5306,1.);
#5306 = DIRECTION('',(-0.,-0.,-1.));
#5307 = ORIENTED_EDGE('',*,*,#5308,.T.);
#5308 = EDGE_CURVE('NONE',#5301,#5085,#5309,.T.);
#5309 = LINE('',#5310,#5311);
#5310 = CARTESIAN_POINT('',(4.850000000001,4.199961516403,0.73));
#5311 = VECTOR('',#5312,1.);
#5312 = DIRECTION('',(-0.,1.,-0.));
#5313 = ORIENTED_EDGE('',*,*,#5110,.T.);
#5314 = PLANE('',#5315);
#5315 = AXIS2_PLACEMENT_3D('',#5316,#5317,#5318);
#5316 = CARTESIAN_POINT('',(4.850000000001,4.05,-3.5E-02));
#5317 = DIRECTION('',(1.,0.,0.));
#5318 = DIRECTION('',(0.,0.,-1.));
#5319 = ADVANCED_FACE('NONE',(#5320),#5338,.T.);
#5320 = FACE_BOUND('',#5321,.T.);
#5321 = EDGE_LOOP('NONE',(#5322,#5323,#5331,#5337));
#5322 = ORIENTED_EDGE('',*,*,#5157,.F.);
#5323 = ORIENTED_EDGE('',*,*,#5324,.F.);
#5324 = EDGE_CURVE('NONE',#5325,#5150,#5327,.T.);
#5325 = VERTEX_POINT('NONE',#5326);
#5326 = CARTESIAN_POINT('',(3.850000000001,4.05,-3.5E-02));
#5327 = LINE('',#5328,#5329);
#5328 = CARTESIAN_POINT('',(3.850000000001,4.05,-3.5E-02));
#5329 = VECTOR('',#5330,1.);
#5330 = DIRECTION('',(0.,0.,1.));
#5331 = ORIENTED_EDGE('',*,*,#5332,.T.);
#5332 = EDGE_CURVE('NONE',#5325,#5278,#5333,.T.);
#5333 = LINE('',#5334,#5335);
#5334 = CARTESIAN_POINT('',(3.850000000001,4.05,-3.5E-02));
#5335 = VECTOR('',#5336,1.);
#5336 = DIRECTION('',(1.,0.,0.));
#5337 = ORIENTED_EDGE('',*,*,#5277,.T.);
#5338 = PLANE('',#5339);
#5339 = AXIS2_PLACEMENT_3D('',#5340,#5341,#5342);
#5340 = CARTESIAN_POINT('',(3.850000000001,4.05,-3.5E-02));
#5341 = DIRECTION('',(0.,-1.,0.));
#5342 = DIRECTION('',(0.,-0.,-1.));
#5343 = ADVANCED_FACE('NONE',(#5344),#5362,.T.);
#5344 = FACE_BOUND('',#5345,.T.);
#5345 = EDGE_LOOP('NONE',(#5346,#5347,#5355,#5361));
#5346 = ORIENTED_EDGE('',*,*,#5149,.F.);
#5347 = ORIENTED_EDGE('',*,*,#5348,.F.);
#5348 = EDGE_CURVE('NONE',#5349,#5142,#5351,.T.);
#5349 = VERTEX_POINT('NONE',#5350);
#5350 = CARTESIAN_POINT('',(3.850000000001,4.75,-3.5E-02));
#5351 = LINE('',#5352,#5353);
#5352 = CARTESIAN_POINT('',(3.850000000001,4.75,-3.5E-02));
#5353 = VECTOR('',#5354,1.);
#5354 = DIRECTION('',(0.,0.,1.));
#5355 = ORIENTED_EDGE('',*,*,#5356,.T.);
#5356 = EDGE_CURVE('NONE',#5349,#5325,#5357,.T.);
#5357 = LINE('',#5358,#5359);
#5358 = CARTESIAN_POINT('',(3.850000000001,4.75,-3.5E-02));
#5359 = VECTOR('',#5360,1.);
#5360 = DIRECTION('',(0.,-1.,0.));
#5361 = ORIENTED_EDGE('',*,*,#5324,.T.);
#5362 = PLANE('',#5363);
#5363 = AXIS2_PLACEMENT_3D('',#5364,#5365,#5366);
#5364 = CARTESIAN_POINT('',(3.850000000001,4.75,-3.5E-02));
#5365 = DIRECTION('',(-1.,0.,0.));
#5366 = DIRECTION('',(0.,0.,1.));
#5367 = ADVANCED_FACE('NONE',(#5368),#5379,.T.);
#5368 = FACE_BOUND('',#5369,.T.);
#5369 = EDGE_LOOP('NONE',(#5370,#5371,#5372,#5378));
#5370 = ORIENTED_EDGE('',*,*,#5141,.F.);
#5371 = ORIENTED_EDGE('',*,*,#5229,.F.);
#5372 = ORIENTED_EDGE('',*,*,#5373,.T.);
#5373 = EDGE_CURVE('NONE',#5222,#5349,#5374,.T.);
#5374 = LINE('',#5375,#5376);
#5375 = CARTESIAN_POINT('',(4.850000000001,4.75,-3.5E-02));
#5376 = VECTOR('',#5377,1.);
#5377 = DIRECTION('',(-1.,0.,0.));
#5378 = ORIENTED_EDGE('',*,*,#5348,.T.);
#5379 = PLANE('',#5380);
#5380 = AXIS2_PLACEMENT_3D('',#5381,#5382,#5383);
#5381 = CARTESIAN_POINT('',(4.850000000001,4.75,-3.5E-02));
#5382 = DIRECTION('',(0.,1.,-0.));
#5383 = DIRECTION('',(0.,0.,1.));
#5384 = ADVANCED_FACE('NONE',(#5385),#5393,.T.);
#5385 = FACE_BOUND('',#5386,.T.);
#5386 = EDGE_LOOP('NONE',(#5387,#5388,#5389,#5390,#5391,#5392));
#5387 = ORIENTED_EDGE('',*,*,#5221,.F.);
#5388 = ORIENTED_EDGE('',*,*,#5243,.F.);
#5389 = ORIENTED_EDGE('',*,*,#5285,.F.);
#5390 = ORIENTED_EDGE('',*,*,#5332,.F.);
#5391 = ORIENTED_EDGE('',*,*,#5356,.F.);
#5392 = ORIENTED_EDGE('',*,*,#5373,.F.);
#5393 = PLANE('',#5394);
#5394 = AXIS2_PLACEMENT_3D('',#5395,#5396,#5397);
#5395 = CARTESIAN_POINT('',(4.850000000001,4.399961516403,-3.5E-02));
#5396 = DIRECTION('',(-0.,0.,-1.));
#5397 = DIRECTION('',(-1.,0.,0.));
#5398 = ADVANCED_FACE('NONE',(#5399),#5411,.T.);
#5399 = FACE_BOUND('',#5400,.T.);
#5400 = EDGE_LOOP('NONE',(#5401,#5402,#5409,#5410));
#5401 = ORIENTED_EDGE('',*,*,#5093,.F.);
#5402 = ORIENTED_EDGE('',*,*,#5403,.F.);
#5403 = EDGE_CURVE('NONE',#5182,#5083,#5404,.T.);
#5404 = CIRCLE('',#5405,0.225);
#5405 = AXIS2_PLACEMENT_3D('',#5406,#5407,#5408);
#5406 = CARTESIAN_POINT('',(4.850000000001,4.399961516403,0.73));
#5407 = DIRECTION('',(0.,0.,1.));
#5408 = DIRECTION('',(-1.,0.,0.));
#5409 = ORIENTED_EDGE('',*,*,#5181,.T.);
#5410 = ORIENTED_EDGE('',*,*,#5124,.T.);
#5411 = CYLINDRICAL_SURFACE('',#5412,0.225);
#5412 = AXIS2_PLACEMENT_3D('',#5413,#5414,#5415);
#5413 = CARTESIAN_POINT('',(4.850000000001,4.399961516403,0.73));
#5414 = DIRECTION('',(-0.,-0.,-1.));
#5415 = DIRECTION('',(-1.,0.,0.));
#5416 = ADVANCED_FACE('NONE',(#5417),#5442,.F.);
#5417 = FACE_BOUND('',#5418,.T.);
#5418 = EDGE_LOOP('NONE',(#5419,#5427,#5435,#5441));
#5419 = ORIENTED_EDGE('',*,*,#5420,.T.);
#5420 = EDGE_CURVE('NONE',#5190,#5421,#5423,.T.);
#5421 = VERTEX_POINT('NONE',#5422);
#5422 = CARTESIAN_POINT('',(4.450000000001,4.75,0.73));
#5423 = LINE('',#5424,#5425);
#5424 = CARTESIAN_POINT('',(4.850000000001,4.75,0.73));
#5425 = VECTOR('',#5426,1.);
#5426 = DIRECTION('',(-1.,0.,0.));
#5427 = ORIENTED_EDGE('',*,*,#5428,.F.);
#5428 = EDGE_CURVE('NONE',#5429,#5421,#5431,.T.);
#5429 = VERTEX_POINT('NONE',#5430);
#5430 = CARTESIAN_POINT('',(4.450000000001,4.75,0.765));
#5431 = LINE('',#5432,#5433);
#5432 = CARTESIAN_POINT('',(4.450000000001,4.75,0.765));
#5433 = VECTOR('',#5434,1.);
#5434 = DIRECTION('',(-0.,-0.,-1.));
#5435 = ORIENTED_EDGE('',*,*,#5436,.F.);
#5436 = EDGE_CURVE('NONE',#5198,#5429,#5437,.T.);
#5437 = LINE('',#5438,#5439);
#5438 = CARTESIAN_POINT('',(4.850000000001,4.75,0.765));
#5439 = VECTOR('',#5440,1.);
#5440 = DIRECTION('',(-1.,0.,0.));
#5441 = ORIENTED_EDGE('',*,*,#5197,.T.);
#5442 = PLANE('',#5443);
#5443 = AXIS2_PLACEMENT_3D('',#5444,#5445,#5446);
#5444 = CARTESIAN_POINT('',(4.850000000001,4.75,0.765));
#5445 = DIRECTION('',(0.,-1.,0.));
#5446 = DIRECTION('',(0.,-0.,-1.));
#5447 = ADVANCED_FACE('NONE',(#5448),#5473,.F.);
#5448 = FACE_BOUND('',#5449,.T.);
#5449 = EDGE_LOOP('NONE',(#5450,#5458,#5466,#5472));
#5450 = ORIENTED_EDGE('',*,*,#5451,.T.);
#5451 = EDGE_CURVE('NONE',#5421,#5452,#5454,.T.);
#5452 = VERTEX_POINT('NONE',#5453);
#5453 = CARTESIAN_POINT('',(4.450000000001,4.05,0.73));
#5454 = LINE('',#5455,#5456);
#5455 = CARTESIAN_POINT('',(4.450000000001,4.75,0.73));
#5456 = VECTOR('',#5457,1.);
#5457 = DIRECTION('',(0.,-1.,0.));
#5458 = ORIENTED_EDGE('',*,*,#5459,.F.);
#5459 = EDGE_CURVE('NONE',#5460,#5452,#5462,.T.);
#5460 = VERTEX_POINT('NONE',#5461);
#5461 = CARTESIAN_POINT('',(4.450000000001,4.05,0.765));
#5462 = LINE('',#5463,#5464);
#5463 = CARTESIAN_POINT('',(4.450000000001,4.05,0.765));
#5464 = VECTOR('',#5465,1.);
#5465 = DIRECTION('',(-0.,-0.,-1.));
#5466 = ORIENTED_EDGE('',*,*,#5467,.F.);
#5467 = EDGE_CURVE('NONE',#5429,#5460,#5468,.T.);
#5468 = LINE('',#5469,#5470);
#5469 = CARTESIAN_POINT('',(4.450000000001,4.75,0.765));
#5470 = VECTOR('',#5471,1.);
#5471 = DIRECTION('',(0.,-1.,0.));
#5472 = ORIENTED_EDGE('',*,*,#5428,.T.);
#5473 = PLANE('',#5474);
#5474 = AXIS2_PLACEMENT_3D('',#5475,#5476,#5477);
#5475 = CARTESIAN_POINT('',(4.450000000001,4.75,0.765));
#5476 = DIRECTION('',(1.,0.,-0.));
#5477 = DIRECTION('',(-0.,0.,-1.));
#5478 = ADVANCED_FACE('NONE',(#5479),#5495,.F.);
#5479 = FACE_BOUND('',#5480,.T.);
#5480 = EDGE_LOOP('NONE',(#5481,#5487,#5488,#5494));
#5481 = ORIENTED_EDGE('',*,*,#5482,.T.);
#5482 = EDGE_CURVE('NONE',#5452,#5301,#5483,.T.);
#5483 = LINE('',#5484,#5485);
#5484 = CARTESIAN_POINT('',(4.450000000001,4.05,0.73));
#5485 = VECTOR('',#5486,1.);
#5486 = DIRECTION('',(1.,0.,0.));
#5487 = ORIENTED_EDGE('',*,*,#5300,.F.);
#5488 = ORIENTED_EDGE('',*,*,#5489,.F.);
#5489 = EDGE_CURVE('NONE',#5460,#5293,#5490,.T.);
#5490 = LINE('',#5491,#5492);
#5491 = CARTESIAN_POINT('',(4.450000000001,4.05,0.765));
#5492 = VECTOR('',#5493,1.);
#5493 = DIRECTION('',(1.,0.,0.));
#5494 = ORIENTED_EDGE('',*,*,#5459,.T.);
#5495 = PLANE('',#5496);
#5496 = AXIS2_PLACEMENT_3D('',#5497,#5498,#5499);
#5497 = CARTESIAN_POINT('',(4.450000000001,4.05,0.765));
#5498 = DIRECTION('',(0.,1.,0.));
#5499 = DIRECTION('',(0.,-0.,1.));
#5500 = ADVANCED_FACE('NONE',(#5501),#5509,.F.);
#5501 = FACE_BOUND('',#5502,.T.);
#5502 = EDGE_LOOP('NONE',(#5503,#5504,#5505,#5506,#5507,#5508));
#5503 = ORIENTED_EDGE('',*,*,#5260,.T.);
#5504 = ORIENTED_EDGE('',*,*,#5205,.T.);
#5505 = ORIENTED_EDGE('',*,*,#5436,.T.);
#5506 = ORIENTED_EDGE('',*,*,#5467,.T.);
#5507 = ORIENTED_EDGE('',*,*,#5489,.T.);
#5508 = ORIENTED_EDGE('',*,*,#5292,.T.);
#5509 = PLANE('',#5510);
#5510 = AXIS2_PLACEMENT_3D('',#5511,#5512,#5513);
#5511 = CARTESIAN_POINT('',(4.850000000001,4.399961516403,0.765));
#5512 = DIRECTION('',(-0.,0.,-1.));
#5513 = DIRECTION('',(-1.,0.,0.));
#5514 = ADVANCED_FACE('NONE',(#5515),#5524,.T.);
#5515 = FACE_BOUND('',#5516,.T.);
#5516 = EDGE_LOOP('NONE',(#5517,#5518,#5519,#5520,#5521,#5522,#5523));
#5517 = ORIENTED_EDGE('',*,*,#5189,.F.);
#5518 = ORIENTED_EDGE('',*,*,#5403,.T.);
#5519 = ORIENTED_EDGE('',*,*,#5082,.T.);
#5520 = ORIENTED_EDGE('',*,*,#5308,.F.);
#5521 = ORIENTED_EDGE('',*,*,#5482,.F.);
#5522 = ORIENTED_EDGE('',*,*,#5451,.F.);
#5523 = ORIENTED_EDGE('',*,*,#5420,.F.);
#5524 = PLANE('',#5525);
#5525 = AXIS2_PLACEMENT_3D('',#5526,#5527,#5528);
#5526 = CARTESIAN_POINT('',(4.850000000001,4.399961516403,0.73));
#5527 = DIRECTION('',(-0.,0.,-1.));
#5528 = DIRECTION('',(-1.,0.,0.));
#5529 = MANIFOLD_SOLID_BREP('Aufsatz-Linear austragen13[2]',#5530);
#5530 = CLOSED_SHELL('NONE',(#5531,#5573,#5613,#5644,#5707,#5731,#5794,
    #5816,#5831,#5851,#5869,#5902,#5933,#5950,#5967));
#5531 = ADVANCED_FACE('NONE',(#5532),#5568,.F.);
#5532 = FACE_BOUND('',#5533,.F.);
#5533 = EDGE_LOOP('NONE',(#5534,#5544,#5553,#5561));
#5534 = ORIENTED_EDGE('',*,*,#5535,.T.);
#5535 = EDGE_CURVE('NONE',#5536,#5538,#5540,.T.);
#5536 = VERTEX_POINT('NONE',#5537);
#5537 = CARTESIAN_POINT('',(-4.850000000001,-4.200038483597,-3.5E-02));
#5538 = VERTEX_POINT('NONE',#5539);
#5539 = CARTESIAN_POINT('',(-4.850000000001,-4.200038483597,0.765));
#5540 = LINE('',#5541,#5542);
#5541 = CARTESIAN_POINT('',(-4.850000000001,-4.200038483597,-3.5E-02));
#5542 = VECTOR('',#5543,1.);
#5543 = DIRECTION('',(0.,0.,1.));
#5544 = ORIENTED_EDGE('',*,*,#5545,.T.);
#5545 = EDGE_CURVE('NONE',#5538,#5546,#5548,.T.);
#5546 = VERTEX_POINT('NONE',#5547);
#5547 = CARTESIAN_POINT('',(-4.650000000001,-4.400038483597,0.765));
#5548 = CIRCLE('',#5549,0.2);
#5549 = AXIS2_PLACEMENT_3D('',#5550,#5551,#5552);
#5550 = CARTESIAN_POINT('',(-4.850000000001,-4.400038483597,0.765));
#5551 = DIRECTION('',(0.,0.,-1.));
#5552 = DIRECTION('',(1.,0.,0.));
#5553 = ORIENTED_EDGE('',*,*,#5554,.F.);
#5554 = EDGE_CURVE('NONE',#5555,#5546,#5557,.T.);
#5555 = VERTEX_POINT('NONE',#5556);
#5556 = CARTESIAN_POINT('',(-4.650000000001,-4.400038483597,-3.5E-02));
#5557 = LINE('',#5558,#5559);
#5558 = CARTESIAN_POINT('',(-4.650000000001,-4.400038483597,-3.5E-02));
#5559 = VECTOR('',#5560,1.);
#5560 = DIRECTION('',(0.,0.,1.));
#5561 = ORIENTED_EDGE('',*,*,#5562,.F.);
#5562 = EDGE_CURVE('NONE',#5536,#5555,#5563,.T.);
#5563 = CIRCLE('',#5564,0.2);
#5564 = AXIS2_PLACEMENT_3D('',#5565,#5566,#5567);
#5565 = CARTESIAN_POINT('',(-4.850000000001,-4.400038483597,-3.5E-02));
#5566 = DIRECTION('',(0.,0.,-1.));
#5567 = DIRECTION('',(1.,0.,0.));
#5568 = CYLINDRICAL_SURFACE('',#5569,0.2);
#5569 = AXIS2_PLACEMENT_3D('',#5570,#5571,#5572);
#5570 = CARTESIAN_POINT('',(-4.850000000001,-4.400038483597,-3.5E-02));
#5571 = DIRECTION('',(0.,0.,1.));
#5572 = DIRECTION('',(1.,0.,-0.));
#5573 = ADVANCED_FACE('NONE',(#5574),#5608,.T.);
#5574 = FACE_BOUND('',#5575,.T.);
#5575 = EDGE_LOOP('NONE',(#5576,#5586,#5594,#5602));
#5576 = ORIENTED_EDGE('',*,*,#5577,.F.);
#5577 = EDGE_CURVE('NONE',#5578,#5580,#5582,.T.);
#5578 = VERTEX_POINT('NONE',#5579);
#5579 = CARTESIAN_POINT('',(-3.850000000001,-4.75,0.));
#5580 = VERTEX_POINT('NONE',#5581);
#5581 = CARTESIAN_POINT('',(-3.850000000001,-4.05,0.));
#5582 = LINE('',#5583,#5584);
#5583 = CARTESIAN_POINT('',(-3.850000000001,-4.05,0.));
#5584 = VECTOR('',#5585,1.);
#5585 = DIRECTION('',(-0.,1.,-0.));
#5586 = ORIENTED_EDGE('',*,*,#5587,.F.);
#5587 = EDGE_CURVE('NONE',#5588,#5578,#5590,.T.);
#5588 = VERTEX_POINT('NONE',#5589);
#5589 = CARTESIAN_POINT('',(-3.850000000001,-4.75,-3.5E-02));
#5590 = LINE('',#5591,#5592);
#5591 = CARTESIAN_POINT('',(-3.850000000001,-4.75,-3.5E-02));
#5592 = VECTOR('',#5593,1.);
#5593 = DIRECTION('',(0.,0.,1.));
#5594 = ORIENTED_EDGE('',*,*,#5595,.T.);
#5595 = EDGE_CURVE('NONE',#5588,#5596,#5598,.T.);
#5596 = VERTEX_POINT('NONE',#5597);
#5597 = CARTESIAN_POINT('',(-3.850000000001,-4.05,-3.5E-02));
#5598 = LINE('',#5599,#5600);
#5599 = CARTESIAN_POINT('',(-3.850000000001,-4.05,-3.5E-02));
#5600 = VECTOR('',#5601,1.);
#5601 = DIRECTION('',(-0.,1.,-0.));
#5602 = ORIENTED_EDGE('',*,*,#5603,.T.);
#5603 = EDGE_CURVE('NONE',#5596,#5580,#5604,.T.);
#5604 = LINE('',#5605,#5606);
#5605 = CARTESIAN_POINT('',(-3.850000000001,-4.05,-3.5E-02));
#5606 = VECTOR('',#5607,1.);
#5607 = DIRECTION('',(0.,0.,1.));
#5608 = PLANE('',#5609);
#5609 = AXIS2_PLACEMENT_3D('',#5610,#5611,#5612);
#5610 = CARTESIAN_POINT('',(-3.850000000001,-4.05,-3.5E-02));
#5611 = DIRECTION('',(1.,0.,-0.));
#5612 = DIRECTION('',(-0.,0.,-1.));
#5613 = ADVANCED_FACE('NONE',(#5614),#5639,.T.);
#5614 = FACE_BOUND('',#5615,.T.);
#5615 = EDGE_LOOP('NONE',(#5616,#5624,#5632,#5638));
#5616 = ORIENTED_EDGE('',*,*,#5617,.F.);
#5617 = EDGE_CURVE('NONE',#5618,#5578,#5620,.T.);
#5618 = VERTEX_POINT('NONE',#5619);
#5619 = CARTESIAN_POINT('',(-4.850000000001,-4.75,0.));
#5620 = LINE('',#5621,#5622);
#5621 = CARTESIAN_POINT('',(-3.850000000001,-4.75,0.));
#5622 = VECTOR('',#5623,1.);
#5623 = DIRECTION('',(1.,-0.,-0.));
#5624 = ORIENTED_EDGE('',*,*,#5625,.F.);
#5625 = EDGE_CURVE('NONE',#5626,#5618,#5628,.T.);
#5626 = VERTEX_POINT('NONE',#5627);
#5627 = CARTESIAN_POINT('',(-4.850000000001,-4.75,-3.5E-02));
#5628 = LINE('',#5629,#5630);
#5629 = CARTESIAN_POINT('',(-4.850000000001,-4.75,-3.5E-02));
#5630 = VECTOR('',#5631,1.);
#5631 = DIRECTION('',(0.,0.,1.));
#5632 = ORIENTED_EDGE('',*,*,#5633,.T.);
#5633 = EDGE_CURVE('NONE',#5626,#5588,#5634,.T.);
#5634 = LINE('',#5635,#5636);
#5635 = CARTESIAN_POINT('',(-3.850000000001,-4.75,-3.5E-02));
#5636 = VECTOR('',#5637,1.);
#5637 = DIRECTION('',(1.,-0.,-0.));
#5638 = ORIENTED_EDGE('',*,*,#5587,.T.);
#5639 = PLANE('',#5640);
#5640 = AXIS2_PLACEMENT_3D('',#5641,#5642,#5643);
#5641 = CARTESIAN_POINT('',(-3.850000000001,-4.75,-3.5E-02));
#5642 = DIRECTION('',(0.,-1.,0.));
#5643 = DIRECTION('',(0.,-0.,-1.));
#5644 = ADVANCED_FACE('NONE',(#5645),#5702,.T.);
#5645 = FACE_BOUND('',#5646,.T.);
#5646 = EDGE_LOOP('NONE',(#5647,#5655,#5663,#5671,#5679,#5687,#5695,
    #5701));
#5647 = ORIENTED_EDGE('',*,*,#5648,.F.);
#5648 = EDGE_CURVE('NONE',#5649,#5618,#5651,.T.);
#5649 = VERTEX_POINT('NONE',#5650);
#5650 = CARTESIAN_POINT('',(-4.850000000001,-4.625038483597,0.));
#5651 = LINE('',#5652,#5653);
#5652 = CARTESIAN_POINT('',(-4.850000000001,-4.600038483597,0.));
#5653 = VECTOR('',#5654,1.);
#5654 = DIRECTION('',(0.,-1.,0.));
#5655 = ORIENTED_EDGE('',*,*,#5656,.F.);
#5656 = EDGE_CURVE('NONE',#5657,#5649,#5659,.T.);
#5657 = VERTEX_POINT('NONE',#5658);
#5658 = CARTESIAN_POINT('',(-4.850000000001,-4.625038483597,0.73));
#5659 = LINE('',#5660,#5661);
#5660 = CARTESIAN_POINT('',(-4.850000000001,-4.625038483597,0.73));
#5661 = VECTOR('',#5662,1.);
#5662 = DIRECTION('',(-0.,-0.,-1.));
#5663 = ORIENTED_EDGE('',*,*,#5664,.T.);
#5664 = EDGE_CURVE('NONE',#5657,#5665,#5667,.T.);
#5665 = VERTEX_POINT('NONE',#5666);
#5666 = CARTESIAN_POINT('',(-4.850000000001,-4.75,0.73));
#5667 = LINE('',#5668,#5669);
#5668 = CARTESIAN_POINT('',(-4.850000000001,-4.600038483597,0.73));
#5669 = VECTOR('',#5670,1.);
#5670 = DIRECTION('',(0.,-1.,0.));
#5671 = ORIENTED_EDGE('',*,*,#5672,.F.);
#5672 = EDGE_CURVE('NONE',#5673,#5665,#5675,.T.);
#5673 = VERTEX_POINT('NONE',#5674);
#5674 = CARTESIAN_POINT('',(-4.850000000001,-4.75,0.765));
#5675 = LINE('',#5676,#5677);
#5676 = CARTESIAN_POINT('',(-4.850000000001,-4.75,0.765));
#5677 = VECTOR('',#5678,1.);
#5678 = DIRECTION('',(-0.,-0.,-1.));
#5679 = ORIENTED_EDGE('',*,*,#5680,.F.);
#5680 = EDGE_CURVE('NONE',#5681,#5673,#5683,.T.);
#5681 = VERTEX_POINT('NONE',#5682);
#5682 = CARTESIAN_POINT('',(-4.850000000001,-4.600038483597,0.765));
#5683 = LINE('',#5684,#5685);
#5684 = CARTESIAN_POINT('',(-4.850000000001,-4.600038483597,0.765));
#5685 = VECTOR('',#5686,1.);
#5686 = DIRECTION('',(0.,-1.,0.));
#5687 = ORIENTED_EDGE('',*,*,#5688,.F.);
#5688 = EDGE_CURVE('NONE',#5689,#5681,#5691,.T.);
#5689 = VERTEX_POINT('NONE',#5690);
#5690 = CARTESIAN_POINT('',(-4.850000000001,-4.600038483597,-3.5E-02));
#5691 = LINE('',#5692,#5693);
#5692 = CARTESIAN_POINT('',(-4.850000000001,-4.600038483597,-3.5E-02));
#5693 = VECTOR('',#5694,1.);
#5694 = DIRECTION('',(0.,0.,1.));
#5695 = ORIENTED_EDGE('',*,*,#5696,.T.);
#5696 = EDGE_CURVE('NONE',#5689,#5626,#5697,.T.);
#5697 = LINE('',#5698,#5699);
#5698 = CARTESIAN_POINT('',(-4.850000000001,-4.600038483597,-3.5E-02));
#5699 = VECTOR('',#5700,1.);
#5700 = DIRECTION('',(0.,-1.,0.));
#5701 = ORIENTED_EDGE('',*,*,#5625,.T.);
#5702 = PLANE('',#5703);
#5703 = AXIS2_PLACEMENT_3D('',#5704,#5705,#5706);
#5704 = CARTESIAN_POINT('',(-4.850000000001,-4.600038483597,-3.5E-02));
#5705 = DIRECTION('',(-1.,0.,0.));
#5706 = DIRECTION('',(0.,0.,1.));
#5707 = ADVANCED_FACE('NONE',(#5708),#5726,.F.);
#5708 = FACE_BOUND('',#5709,.F.);
#5709 = EDGE_LOOP('NONE',(#5710,#5717,#5718,#5725));
#5710 = ORIENTED_EDGE('',*,*,#5711,.T.);
#5711 = EDGE_CURVE('NONE',#5546,#5681,#5712,.T.);
#5712 = CIRCLE('',#5713,0.2);
#5713 = AXIS2_PLACEMENT_3D('',#5714,#5715,#5716);
#5714 = CARTESIAN_POINT('',(-4.850000000001,-4.400038483597,0.765));
#5715 = DIRECTION('',(0.,0.,-1.));
#5716 = DIRECTION('',(1.,0.,0.));
#5717 = ORIENTED_EDGE('',*,*,#5688,.F.);
#5718 = ORIENTED_EDGE('',*,*,#5719,.F.);
#5719 = EDGE_CURVE('NONE',#5555,#5689,#5720,.T.);
#5720 = CIRCLE('',#5721,0.2);
#5721 = AXIS2_PLACEMENT_3D('',#5722,#5723,#5724);
#5722 = CARTESIAN_POINT('',(-4.850000000001,-4.400038483597,-3.5E-02));
#5723 = DIRECTION('',(0.,0.,-1.));
#5724 = DIRECTION('',(1.,0.,0.));
#5725 = ORIENTED_EDGE('',*,*,#5554,.T.);
#5726 = CYLINDRICAL_SURFACE('',#5727,0.2);
#5727 = AXIS2_PLACEMENT_3D('',#5728,#5729,#5730);
#5728 = CARTESIAN_POINT('',(-4.850000000001,-4.400038483597,-3.5E-02));
#5729 = DIRECTION('',(0.,0.,1.));
#5730 = DIRECTION('',(1.,0.,-0.));
#5731 = ADVANCED_FACE('NONE',(#5732),#5789,.T.);
#5732 = FACE_BOUND('',#5733,.T.);
#5733 = EDGE_LOOP('NONE',(#5734,#5744,#5752,#5758,#5759,#5767,#5775,
    #5783));
#5734 = ORIENTED_EDGE('',*,*,#5735,.F.);
#5735 = EDGE_CURVE('NONE',#5736,#5738,#5740,.T.);
#5736 = VERTEX_POINT('NONE',#5737);
#5737 = CARTESIAN_POINT('',(-4.850000000001,-4.05,0.));
#5738 = VERTEX_POINT('NONE',#5739);
#5739 = CARTESIAN_POINT('',(-4.850000000001,-4.175038483597,0.));
#5740 = LINE('',#5741,#5742);
#5741 = CARTESIAN_POINT('',(-4.850000000001,-4.05,0.));
#5742 = VECTOR('',#5743,1.);
#5743 = DIRECTION('',(0.,-1.,0.));
#5744 = ORIENTED_EDGE('',*,*,#5745,.F.);
#5745 = EDGE_CURVE('NONE',#5746,#5736,#5748,.T.);
#5746 = VERTEX_POINT('NONE',#5747);
#5747 = CARTESIAN_POINT('',(-4.850000000001,-4.05,-3.5E-02));
#5748 = LINE('',#5749,#5750);
#5749 = CARTESIAN_POINT('',(-4.850000000001,-4.05,-3.5E-02));
#5750 = VECTOR('',#5751,1.);
#5751 = DIRECTION('',(0.,0.,1.));
#5752 = ORIENTED_EDGE('',*,*,#5753,.T.);
#5753 = EDGE_CURVE('NONE',#5746,#5536,#5754,.T.);
#5754 = LINE('',#5755,#5756);
#5755 = CARTESIAN_POINT('',(-4.850000000001,-4.05,-3.5E-02));
#5756 = VECTOR('',#5757,1.);
#5757 = DIRECTION('',(0.,-1.,0.));
#5758 = ORIENTED_EDGE('',*,*,#5535,.T.);
#5759 = ORIENTED_EDGE('',*,*,#5760,.F.);
#5760 = EDGE_CURVE('NONE',#5761,#5538,#5763,.T.);
#5761 = VERTEX_POINT('NONE',#5762);
#5762 = CARTESIAN_POINT('',(-4.850000000001,-4.05,0.765));
#5763 = LINE('',#5764,#5765);
#5764 = CARTESIAN_POINT('',(-4.850000000001,-4.05,0.765));
#5765 = VECTOR('',#5766,1.);
#5766 = DIRECTION('',(0.,-1.,0.));
#5767 = ORIENTED_EDGE('',*,*,#5768,.T.);
#5768 = EDGE_CURVE('NONE',#5761,#5769,#5771,.T.);
#5769 = VERTEX_POINT('NONE',#5770);
#5770 = CARTESIAN_POINT('',(-4.850000000001,-4.05,0.73));
#5771 = LINE('',#5772,#5773);
#5772 = CARTESIAN_POINT('',(-4.850000000001,-4.05,0.765));
#5773 = VECTOR('',#5774,1.);
#5774 = DIRECTION('',(-0.,-0.,-1.));
#5775 = ORIENTED_EDGE('',*,*,#5776,.T.);
#5776 = EDGE_CURVE('NONE',#5769,#5777,#5779,.T.);
#5777 = VERTEX_POINT('NONE',#5778);
#5778 = CARTESIAN_POINT('',(-4.850000000001,-4.175038483597,0.73));
#5779 = LINE('',#5780,#5781);
#5780 = CARTESIAN_POINT('',(-4.850000000001,-4.05,0.73));
#5781 = VECTOR('',#5782,1.);
#5782 = DIRECTION('',(0.,-1.,0.));
#5783 = ORIENTED_EDGE('',*,*,#5784,.T.);
#5784 = EDGE_CURVE('NONE',#5777,#5738,#5785,.T.);
#5785 = LINE('',#5786,#5787);
#5786 = CARTESIAN_POINT('',(-4.850000000001,-4.175038483597,0.73));
#5787 = VECTOR('',#5788,1.);
#5788 = DIRECTION('',(-0.,-0.,-1.));
#5789 = PLANE('',#5790);
#5790 = AXIS2_PLACEMENT_3D('',#5791,#5792,#5793);
#5791 = CARTESIAN_POINT('',(-4.850000000001,-4.05,-3.5E-02));
#5792 = DIRECTION('',(-1.,0.,0.));
#5793 = DIRECTION('',(0.,0.,1.));
#5794 = ADVANCED_FACE('NONE',(#5795),#5811,.T.);
#5795 = FACE_BOUND('',#5796,.T.);
#5796 = EDGE_LOOP('NONE',(#5797,#5803,#5804,#5810));
#5797 = ORIENTED_EDGE('',*,*,#5798,.F.);
#5798 = EDGE_CURVE('NONE',#5580,#5736,#5799,.T.);
#5799 = LINE('',#5800,#5801);
#5800 = CARTESIAN_POINT('',(-4.850000000001,-4.05,0.));
#5801 = VECTOR('',#5802,1.);
#5802 = DIRECTION('',(-1.,-0.,-0.));
#5803 = ORIENTED_EDGE('',*,*,#5603,.F.);
#5804 = ORIENTED_EDGE('',*,*,#5805,.T.);
#5805 = EDGE_CURVE('NONE',#5596,#5746,#5806,.T.);
#5806 = LINE('',#5807,#5808);
#5807 = CARTESIAN_POINT('',(-4.850000000001,-4.05,-3.5E-02));
#5808 = VECTOR('',#5809,1.);
#5809 = DIRECTION('',(-1.,-0.,-0.));
#5810 = ORIENTED_EDGE('',*,*,#5745,.T.);
#5811 = PLANE('',#5812);
#5812 = AXIS2_PLACEMENT_3D('',#5813,#5814,#5815);
#5813 = CARTESIAN_POINT('',(-4.850000000001,-4.05,-3.5E-02));
#5814 = DIRECTION('',(0.,1.,0.));
#5815 = DIRECTION('',(0.,-0.,1.));
#5816 = ADVANCED_FACE('NONE',(#5817),#5826,.F.);
#5817 = FACE_BOUND('',#5818,.T.);
#5818 = EDGE_LOOP('NONE',(#5819,#5820,#5821,#5822,#5823,#5824,#5825));
#5819 = ORIENTED_EDGE('',*,*,#5595,.F.);
#5820 = ORIENTED_EDGE('',*,*,#5633,.F.);
#5821 = ORIENTED_EDGE('',*,*,#5696,.F.);
#5822 = ORIENTED_EDGE('',*,*,#5719,.F.);
#5823 = ORIENTED_EDGE('',*,*,#5562,.F.);
#5824 = ORIENTED_EDGE('',*,*,#5753,.F.);
#5825 = ORIENTED_EDGE('',*,*,#5805,.F.);
#5826 = PLANE('',#5827);
#5827 = AXIS2_PLACEMENT_3D('',#5828,#5829,#5830);
#5828 = CARTESIAN_POINT('',(-4.850000000001,-4.400038483597,-3.5E-02));
#5829 = DIRECTION('',(0.,0.,1.));
#5830 = DIRECTION('',(1.,0.,-0.));
#5831 = ADVANCED_FACE('NONE',(#5832),#5846,.T.);
#5832 = FACE_BOUND('',#5833,.T.);
#5833 = EDGE_LOOP('NONE',(#5834,#5841,#5842,#5843,#5844,#5845));
#5834 = ORIENTED_EDGE('',*,*,#5835,.F.);
#5835 = EDGE_CURVE('NONE',#5649,#5738,#5836,.T.);
#5836 = CIRCLE('',#5837,0.225);
#5837 = AXIS2_PLACEMENT_3D('',#5838,#5839,#5840);
#5838 = CARTESIAN_POINT('',(-4.850000000001,-4.400038483597,0.));
#5839 = DIRECTION('',(0.,0.,1.));
#5840 = DIRECTION('',(1.,0.,-0.));
#5841 = ORIENTED_EDGE('',*,*,#5648,.T.);
#5842 = ORIENTED_EDGE('',*,*,#5617,.T.);
#5843 = ORIENTED_EDGE('',*,*,#5577,.T.);
#5844 = ORIENTED_EDGE('',*,*,#5798,.T.);
#5845 = ORIENTED_EDGE('',*,*,#5735,.T.);
#5846 = PLANE('',#5847);
#5847 = AXIS2_PLACEMENT_3D('',#5848,#5849,#5850);
#5848 = CARTESIAN_POINT('',(-4.850000000001,-4.400038483597,0.));
#5849 = DIRECTION('',(0.,0.,1.));
#5850 = DIRECTION('',(1.,0.,-0.));
#5851 = ADVANCED_FACE('NONE',(#5852),#5864,.T.);
#5852 = FACE_BOUND('',#5853,.T.);
#5853 = EDGE_LOOP('NONE',(#5854,#5855,#5856,#5863));
#5854 = ORIENTED_EDGE('',*,*,#5835,.T.);
#5855 = ORIENTED_EDGE('',*,*,#5784,.F.);
#5856 = ORIENTED_EDGE('',*,*,#5857,.F.);
#5857 = EDGE_CURVE('NONE',#5657,#5777,#5858,.T.);
#5858 = CIRCLE('',#5859,0.225);
#5859 = AXIS2_PLACEMENT_3D('',#5860,#5861,#5862);
#5860 = CARTESIAN_POINT('',(-4.850000000001,-4.400038483597,0.73));
#5861 = DIRECTION('',(0.,0.,1.));
#5862 = DIRECTION('',(1.,0.,-0.));
#5863 = ORIENTED_EDGE('',*,*,#5656,.T.);
#5864 = CYLINDRICAL_SURFACE('',#5865,0.225);
#5865 = AXIS2_PLACEMENT_3D('',#5866,#5867,#5868);
#5866 = CARTESIAN_POINT('',(-4.850000000001,-4.400038483597,0.73));
#5867 = DIRECTION('',(-0.,-0.,-1.));
#5868 = DIRECTION('',(-1.,0.,0.));
#5869 = ADVANCED_FACE('NONE',(#5870),#5897,.F.);
#5870 = FACE_BOUND('',#5871,.T.);
#5871 = EDGE_LOOP('NONE',(#5872,#5873,#5874,#5875,#5883,#5891));
#5872 = ORIENTED_EDGE('',*,*,#5664,.F.);
#5873 = ORIENTED_EDGE('',*,*,#5857,.T.);
#5874 = ORIENTED_EDGE('',*,*,#5776,.F.);
#5875 = ORIENTED_EDGE('',*,*,#5876,.F.);
#5876 = EDGE_CURVE('NONE',#5877,#5769,#5879,.T.);
#5877 = VERTEX_POINT('NONE',#5878);
#5878 = CARTESIAN_POINT('',(-4.450000000001,-4.05,0.73));
#5879 = LINE('',#5880,#5881);
#5880 = CARTESIAN_POINT('',(-4.850000000001,-4.05,0.73));
#5881 = VECTOR('',#5882,1.);
#5882 = DIRECTION('',(-1.,-0.,-0.));
#5883 = ORIENTED_EDGE('',*,*,#5884,.F.);
#5884 = EDGE_CURVE('NONE',#5885,#5877,#5887,.T.);
#5885 = VERTEX_POINT('NONE',#5886);
#5886 = CARTESIAN_POINT('',(-4.450000000001,-4.75,0.73));
#5887 = LINE('',#5888,#5889);
#5888 = CARTESIAN_POINT('',(-4.450000000001,-4.05,0.73));
#5889 = VECTOR('',#5890,1.);
#5890 = DIRECTION('',(-0.,1.,-0.));
#5891 = ORIENTED_EDGE('',*,*,#5892,.F.);
#5892 = EDGE_CURVE('NONE',#5665,#5885,#5893,.T.);
#5893 = LINE('',#5894,#5895);
#5894 = CARTESIAN_POINT('',(-4.450000000001,-4.75,0.73));
#5895 = VECTOR('',#5896,1.);
#5896 = DIRECTION('',(1.,-0.,-0.));
#5897 = PLANE('',#5898);
#5898 = AXIS2_PLACEMENT_3D('',#5899,#5900,#5901);
#5899 = CARTESIAN_POINT('',(-4.850000000001,-4.400038483597,0.73));
#5900 = DIRECTION('',(0.,0.,1.));
#5901 = DIRECTION('',(1.,0.,-0.));
#5902 = ADVANCED_FACE('NONE',(#5903),#5928,.F.);
#5903 = FACE_BOUND('',#5904,.T.);
#5904 = EDGE_LOOP('NONE',(#5905,#5906,#5914,#5922));
#5905 = ORIENTED_EDGE('',*,*,#5884,.T.);
#5906 = ORIENTED_EDGE('',*,*,#5907,.F.);
#5907 = EDGE_CURVE('NONE',#5908,#5877,#5910,.T.);
#5908 = VERTEX_POINT('NONE',#5909);
#5909 = CARTESIAN_POINT('',(-4.450000000001,-4.05,0.765));
#5910 = LINE('',#5911,#5912);
#5911 = CARTESIAN_POINT('',(-4.450000000001,-4.05,0.765));
#5912 = VECTOR('',#5913,1.);
#5913 = DIRECTION('',(-0.,-0.,-1.));
#5914 = ORIENTED_EDGE('',*,*,#5915,.F.);
#5915 = EDGE_CURVE('NONE',#5916,#5908,#5918,.T.);
#5916 = VERTEX_POINT('NONE',#5917);
#5917 = CARTESIAN_POINT('',(-4.450000000001,-4.75,0.765));
#5918 = LINE('',#5919,#5920);
#5919 = CARTESIAN_POINT('',(-4.450000000001,-4.05,0.765));
#5920 = VECTOR('',#5921,1.);
#5921 = DIRECTION('',(-0.,1.,-0.));
#5922 = ORIENTED_EDGE('',*,*,#5923,.T.);
#5923 = EDGE_CURVE('NONE',#5916,#5885,#5924,.T.);
#5924 = LINE('',#5925,#5926);
#5925 = CARTESIAN_POINT('',(-4.450000000001,-4.75,0.765));
#5926 = VECTOR('',#5927,1.);
#5927 = DIRECTION('',(-0.,-0.,-1.));
#5928 = PLANE('',#5929);
#5929 = AXIS2_PLACEMENT_3D('',#5930,#5931,#5932);
#5930 = CARTESIAN_POINT('',(-4.450000000001,-4.05,0.765));
#5931 = DIRECTION('',(-1.,0.,0.));
#5932 = DIRECTION('',(0.,0.,1.));
#5933 = ADVANCED_FACE('NONE',(#5934),#5945,.F.);
#5934 = FACE_BOUND('',#5935,.T.);
#5935 = EDGE_LOOP('NONE',(#5936,#5937,#5938,#5944));
#5936 = ORIENTED_EDGE('',*,*,#5876,.T.);
#5937 = ORIENTED_EDGE('',*,*,#5768,.F.);
#5938 = ORIENTED_EDGE('',*,*,#5939,.F.);
#5939 = EDGE_CURVE('NONE',#5908,#5761,#5940,.T.);
#5940 = LINE('',#5941,#5942);
#5941 = CARTESIAN_POINT('',(-4.850000000001,-4.05,0.765));
#5942 = VECTOR('',#5943,1.);
#5943 = DIRECTION('',(-1.,-0.,-0.));
#5944 = ORIENTED_EDGE('',*,*,#5907,.T.);
#5945 = PLANE('',#5946);
#5946 = AXIS2_PLACEMENT_3D('',#5947,#5948,#5949);
#5947 = CARTESIAN_POINT('',(-4.850000000001,-4.05,0.765));
#5948 = DIRECTION('',(0.,-1.,0.));
#5949 = DIRECTION('',(0.,-0.,-1.));
#5950 = ADVANCED_FACE('NONE',(#5951),#5962,.F.);
#5951 = FACE_BOUND('',#5952,.T.);
#5952 = EDGE_LOOP('NONE',(#5953,#5954,#5955,#5961));
#5953 = ORIENTED_EDGE('',*,*,#5892,.T.);
#5954 = ORIENTED_EDGE('',*,*,#5923,.F.);
#5955 = ORIENTED_EDGE('',*,*,#5956,.F.);
#5956 = EDGE_CURVE('NONE',#5673,#5916,#5957,.T.);
#5957 = LINE('',#5958,#5959);
#5958 = CARTESIAN_POINT('',(-4.450000000001,-4.75,0.765));
#5959 = VECTOR('',#5960,1.);
#5960 = DIRECTION('',(1.,-0.,-0.));
#5961 = ORIENTED_EDGE('',*,*,#5672,.T.);
#5962 = PLANE('',#5963);
#5963 = AXIS2_PLACEMENT_3D('',#5964,#5965,#5966);
#5964 = CARTESIAN_POINT('',(-4.450000000001,-4.75,0.765));
#5965 = DIRECTION('',(0.,1.,-0.));
#5966 = DIRECTION('',(0.,0.,1.));
#5967 = ADVANCED_FACE('NONE',(#5968),#5977,.T.);
#5968 = FACE_BOUND('',#5969,.T.);
#5969 = EDGE_LOOP('NONE',(#5970,#5971,#5972,#5973,#5974,#5975,#5976));
#5970 = ORIENTED_EDGE('',*,*,#5915,.T.);
#5971 = ORIENTED_EDGE('',*,*,#5939,.T.);
#5972 = ORIENTED_EDGE('',*,*,#5760,.T.);
#5973 = ORIENTED_EDGE('',*,*,#5545,.T.);
#5974 = ORIENTED_EDGE('',*,*,#5711,.T.);
#5975 = ORIENTED_EDGE('',*,*,#5680,.T.);
#5976 = ORIENTED_EDGE('',*,*,#5956,.T.);
#5977 = PLANE('',#5978);
#5978 = AXIS2_PLACEMENT_3D('',#5979,#5980,#5981);
#5979 = CARTESIAN_POINT('',(-4.850000000001,-4.400038483597,0.765));
#5980 = DIRECTION('',(0.,0.,1.));
#5981 = DIRECTION('',(1.,0.,-0.));
#5982 = MANIFOLD_SOLID_BREP('Aufsatz-Linear austragen13[3]',#5983);
#5983 = CLOSED_SHELL('NONE',(#5984,#6026,#6082,#6145,#6178,#6225,#6249,
    #6273,#6290,#6304,#6322,#6353,#6384,#6406,#6420));
#5984 = ADVANCED_FACE('NONE',(#5985),#6021,.T.);
#5985 = FACE_BOUND('',#5986,.T.);
#5986 = EDGE_LOOP('NONE',(#5987,#5998,#6006,#6015));
#5987 = ORIENTED_EDGE('',*,*,#5988,.F.);
#5988 = EDGE_CURVE('NONE',#5989,#5991,#5993,.T.);
#5989 = VERTEX_POINT('NONE',#5990);
#5990 = CARTESIAN_POINT('',(4.625000000001,3.299961516403,0.73));
#5991 = VERTEX_POINT('NONE',#5992);
#5992 = CARTESIAN_POINT('',(4.850000000001,3.074961516403,0.73));
#5993 = CIRCLE('',#5994,0.225);
#5994 = AXIS2_PLACEMENT_3D('',#5995,#5996,#5997);
#5995 = CARTESIAN_POINT('',(4.850000000001,3.299961516403,0.73));
#5996 = DIRECTION('',(0.,0.,1.));
#5997 = DIRECTION('',(-1.,0.,0.));
#5998 = ORIENTED_EDGE('',*,*,#5999,.T.);
#5999 = EDGE_CURVE('NONE',#5989,#6000,#6002,.T.);
#6000 = VERTEX_POINT('NONE',#6001);
#6001 = CARTESIAN_POINT('',(4.625000000001,3.299961516403,0.));
#6002 = LINE('',#6003,#6004);
#6003 = CARTESIAN_POINT('',(4.625000000001,3.299961516403,0.73));
#6004 = VECTOR('',#6005,1.);
#6005 = DIRECTION('',(-0.,-0.,-1.));
#6006 = ORIENTED_EDGE('',*,*,#6007,.T.);
#6007 = EDGE_CURVE('NONE',#6000,#6008,#6010,.T.);
#6008 = VERTEX_POINT('NONE',#6009);
#6009 = CARTESIAN_POINT('',(4.850000000001,3.074961516403,0.));
#6010 = CIRCLE('',#6011,0.225);
#6011 = AXIS2_PLACEMENT_3D('',#6012,#6013,#6014);
#6012 = CARTESIAN_POINT('',(4.850000000001,3.299961516403,0.));
#6013 = DIRECTION('',(0.,0.,1.));
#6014 = DIRECTION('',(-1.,0.,0.));
#6015 = ORIENTED_EDGE('',*,*,#6016,.F.);
#6016 = EDGE_CURVE('NONE',#5991,#6008,#6017,.T.);
#6017 = LINE('',#6018,#6019);
#6018 = CARTESIAN_POINT('',(4.850000000001,3.074961516403,0.73));
#6019 = VECTOR('',#6020,1.);
#6020 = DIRECTION('',(-0.,-0.,-1.));
#6021 = CYLINDRICAL_SURFACE('',#6022,0.225);
#6022 = AXIS2_PLACEMENT_3D('',#6023,#6024,#6025);
#6023 = CARTESIAN_POINT('',(4.850000000001,3.299961516403,0.73));
#6024 = DIRECTION('',(-0.,-0.,-1.));
#6025 = DIRECTION('',(-1.,0.,0.));
#6026 = ADVANCED_FACE('NONE',(#6027),#6077,.F.);
#6027 = FACE_BOUND('',#6028,.T.);
#6028 = EDGE_LOOP('NONE',(#6029,#6038,#6046,#6054,#6062,#6070,#6076));
#6029 = ORIENTED_EDGE('',*,*,#6030,.F.);
#6030 = EDGE_CURVE('NONE',#6031,#6000,#6033,.T.);
#6031 = VERTEX_POINT('NONE',#6032);
#6032 = CARTESIAN_POINT('',(4.850000000001,3.524961516403,0.));
#6033 = CIRCLE('',#6034,0.225);
#6034 = AXIS2_PLACEMENT_3D('',#6035,#6036,#6037);
#6035 = CARTESIAN_POINT('',(4.850000000001,3.299961516403,0.));
#6036 = DIRECTION('',(0.,0.,1.));
#6037 = DIRECTION('',(-1.,0.,0.));
#6038 = ORIENTED_EDGE('',*,*,#6039,.T.);
#6039 = EDGE_CURVE('NONE',#6031,#6040,#6042,.T.);
#6040 = VERTEX_POINT('NONE',#6041);
#6041 = CARTESIAN_POINT('',(4.850000000001,3.7,0.));
#6042 = LINE('',#6043,#6044);
#6043 = CARTESIAN_POINT('',(4.850000000001,3.499961516403,0.));
#6044 = VECTOR('',#6045,1.);
#6045 = DIRECTION('',(0.,1.,0.));
#6046 = ORIENTED_EDGE('',*,*,#6047,.T.);
#6047 = EDGE_CURVE('NONE',#6040,#6048,#6050,.T.);
#6048 = VERTEX_POINT('NONE',#6049);
#6049 = CARTESIAN_POINT('',(3.850000000001,3.7,0.));
#6050 = LINE('',#6051,#6052);
#6051 = CARTESIAN_POINT('',(4.850000000001,3.7,0.));
#6052 = VECTOR('',#6053,1.);
#6053 = DIRECTION('',(-1.,0.,0.));
#6054 = ORIENTED_EDGE('',*,*,#6055,.T.);
#6055 = EDGE_CURVE('NONE',#6048,#6056,#6058,.T.);
#6056 = VERTEX_POINT('NONE',#6057);
#6057 = CARTESIAN_POINT('',(3.850000000001,2.9,0.));
#6058 = LINE('',#6059,#6060);
#6059 = CARTESIAN_POINT('',(3.850000000001,3.7,0.));
#6060 = VECTOR('',#6061,1.);
#6061 = DIRECTION('',(0.,-1.,0.));
#6062 = ORIENTED_EDGE('',*,*,#6063,.T.);
#6063 = EDGE_CURVE('NONE',#6056,#6064,#6066,.T.);
#6064 = VERTEX_POINT('NONE',#6065);
#6065 = CARTESIAN_POINT('',(4.850000000001,2.9,0.));
#6066 = LINE('',#6067,#6068);
#6067 = CARTESIAN_POINT('',(3.850000000001,2.9,0.));
#6068 = VECTOR('',#6069,1.);
#6069 = DIRECTION('',(1.,0.,0.));
#6070 = ORIENTED_EDGE('',*,*,#6071,.T.);
#6071 = EDGE_CURVE('NONE',#6064,#6008,#6072,.T.);
#6072 = LINE('',#6073,#6074);
#6073 = CARTESIAN_POINT('',(4.850000000001,2.9,0.));
#6074 = VECTOR('',#6075,1.);
#6075 = DIRECTION('',(0.,1.,0.));
#6076 = ORIENTED_EDGE('',*,*,#6007,.F.);
#6077 = PLANE('',#6078);
#6078 = AXIS2_PLACEMENT_3D('',#6079,#6080,#6081);
#6079 = CARTESIAN_POINT('',(4.850000000001,3.299961516403,0.));
#6080 = DIRECTION('',(-0.,0.,-1.));
#6081 = DIRECTION('',(-1.,0.,0.));
#6082 = ADVANCED_FACE('NONE',(#6083),#6140,.T.);
#6083 = FACE_BOUND('',#6084,.T.);
#6084 = EDGE_LOOP('NONE',(#6085,#6086,#6094,#6102,#6110,#6118,#6126,
    #6134));
#6085 = ORIENTED_EDGE('',*,*,#6039,.F.);
#6086 = ORIENTED_EDGE('',*,*,#6087,.F.);
#6087 = EDGE_CURVE('NONE',#6088,#6031,#6090,.T.);
#6088 = VERTEX_POINT('NONE',#6089);
#6089 = CARTESIAN_POINT('',(4.850000000001,3.524961516403,0.73));
#6090 = LINE('',#6091,#6092);
#6091 = CARTESIAN_POINT('',(4.850000000001,3.524961516403,0.73));
#6092 = VECTOR('',#6093,1.);
#6093 = DIRECTION('',(-0.,-0.,-1.));
#6094 = ORIENTED_EDGE('',*,*,#6095,.T.);
#6095 = EDGE_CURVE('NONE',#6088,#6096,#6098,.T.);
#6096 = VERTEX_POINT('NONE',#6097);
#6097 = CARTESIAN_POINT('',(4.850000000001,3.7,0.73));
#6098 = LINE('',#6099,#6100);
#6099 = CARTESIAN_POINT('',(4.850000000001,3.7,0.73));
#6100 = VECTOR('',#6101,1.);
#6101 = DIRECTION('',(-0.,1.,-0.));
#6102 = ORIENTED_EDGE('',*,*,#6103,.F.);
#6103 = EDGE_CURVE('NONE',#6104,#6096,#6106,.T.);
#6104 = VERTEX_POINT('NONE',#6105);
#6105 = CARTESIAN_POINT('',(4.850000000001,3.7,0.765));
#6106 = LINE('',#6107,#6108);
#6107 = CARTESIAN_POINT('',(4.850000000001,3.7,0.765));
#6108 = VECTOR('',#6109,1.);
#6109 = DIRECTION('',(-0.,-0.,-1.));
#6110 = ORIENTED_EDGE('',*,*,#6111,.F.);
#6111 = EDGE_CURVE('NONE',#6112,#6104,#6114,.T.);
#6112 = VERTEX_POINT('NONE',#6113);
#6113 = CARTESIAN_POINT('',(4.850000000001,3.499961516403,0.765));
#6114 = LINE('',#6115,#6116);
#6115 = CARTESIAN_POINT('',(4.850000000001,3.7,0.765));
#6116 = VECTOR('',#6117,1.);
#6117 = DIRECTION('',(-0.,1.,-0.));
#6118 = ORIENTED_EDGE('',*,*,#6119,.F.);
#6119 = EDGE_CURVE('NONE',#6120,#6112,#6122,.T.);
#6120 = VERTEX_POINT('NONE',#6121);
#6121 = CARTESIAN_POINT('',(4.850000000001,3.499961516403,-3.5E-02));
#6122 = LINE('',#6123,#6124);
#6123 = CARTESIAN_POINT('',(4.850000000001,3.499961516403,-3.5E-02));
#6124 = VECTOR('',#6125,1.);
#6125 = DIRECTION('',(0.,0.,1.));
#6126 = ORIENTED_EDGE('',*,*,#6127,.T.);
#6127 = EDGE_CURVE('NONE',#6120,#6128,#6130,.T.);
#6128 = VERTEX_POINT('NONE',#6129);
#6129 = CARTESIAN_POINT('',(4.850000000001,3.7,-3.5E-02));
#6130 = LINE('',#6131,#6132);
#6131 = CARTESIAN_POINT('',(4.850000000001,3.499961516403,-3.5E-02));
#6132 = VECTOR('',#6133,1.);
#6133 = DIRECTION('',(0.,1.,0.));
#6134 = ORIENTED_EDGE('',*,*,#6135,.T.);
#6135 = EDGE_CURVE('NONE',#6128,#6040,#6136,.T.);
#6136 = LINE('',#6137,#6138);
#6137 = CARTESIAN_POINT('',(4.850000000001,3.7,-3.5E-02));
#6138 = VECTOR('',#6139,1.);
#6139 = DIRECTION('',(0.,0.,1.));
#6140 = PLANE('',#6141);
#6141 = AXIS2_PLACEMENT_3D('',#6142,#6143,#6144);
#6142 = CARTESIAN_POINT('',(4.850000000001,3.499961516403,-3.5E-02));
#6143 = DIRECTION('',(1.,0.,0.));
#6144 = DIRECTION('',(0.,0.,-1.));
#6145 = ADVANCED_FACE('NONE',(#6146),#6173,.F.);
#6146 = FACE_BOUND('',#6147,.F.);
#6147 = EDGE_LOOP('NONE',(#6148,#6157,#6165,#6172));
#6148 = ORIENTED_EDGE('',*,*,#6149,.F.);
#6149 = EDGE_CURVE('NONE',#6150,#6120,#6152,.T.);
#6150 = VERTEX_POINT('NONE',#6151);
#6151 = CARTESIAN_POINT('',(4.850000000001,3.099961516403,-3.5E-02));
#6152 = CIRCLE('',#6153,0.2);
#6153 = AXIS2_PLACEMENT_3D('',#6154,#6155,#6156);
#6154 = CARTESIAN_POINT('',(4.850000000001,3.299961516403,-3.5E-02));
#6155 = DIRECTION('',(-0.,0.,-1.));
#6156 = DIRECTION('',(-1.,0.,0.));
#6157 = ORIENTED_EDGE('',*,*,#6158,.T.);
#6158 = EDGE_CURVE('NONE',#6150,#6159,#6161,.T.);
#6159 = VERTEX_POINT('NONE',#6160);
#6160 = CARTESIAN_POINT('',(4.850000000001,3.099961516403,0.765));
#6161 = LINE('',#6162,#6163);
#6162 = CARTESIAN_POINT('',(4.850000000001,3.099961516403,-3.5E-02));
#6163 = VECTOR('',#6164,1.);
#6164 = DIRECTION('',(0.,0.,1.));
#6165 = ORIENTED_EDGE('',*,*,#6166,.T.);
#6166 = EDGE_CURVE('NONE',#6159,#6112,#6167,.T.);
#6167 = CIRCLE('',#6168,0.2);
#6168 = AXIS2_PLACEMENT_3D('',#6169,#6170,#6171);
#6169 = CARTESIAN_POINT('',(4.850000000001,3.299961516403,0.765));
#6170 = DIRECTION('',(-0.,0.,-1.));
#6171 = DIRECTION('',(-1.,0.,0.));
#6172 = ORIENTED_EDGE('',*,*,#6119,.F.);
#6173 = CYLINDRICAL_SURFACE('',#6174,0.2);
#6174 = AXIS2_PLACEMENT_3D('',#6175,#6176,#6177);
#6175 = CARTESIAN_POINT('',(4.850000000001,3.299961516403,-3.5E-02));
#6176 = DIRECTION('',(0.,0.,1.));
#6177 = DIRECTION('',(1.,0.,-0.));
#6178 = ADVANCED_FACE('NONE',(#6179),#6220,.T.);
#6179 = FACE_BOUND('',#6180,.T.);
#6180 = EDGE_LOOP('NONE',(#6181,#6182,#6190,#6196,#6197,#6205,#6213,
    #6219));
#6181 = ORIENTED_EDGE('',*,*,#6071,.F.);
#6182 = ORIENTED_EDGE('',*,*,#6183,.F.);
#6183 = EDGE_CURVE('NONE',#6184,#6064,#6186,.T.);
#6184 = VERTEX_POINT('NONE',#6185);
#6185 = CARTESIAN_POINT('',(4.850000000001,2.9,-3.5E-02));
#6186 = LINE('',#6187,#6188);
#6187 = CARTESIAN_POINT('',(4.850000000001,2.9,-3.5E-02));
#6188 = VECTOR('',#6189,1.);
#6189 = DIRECTION('',(0.,0.,1.));
#6190 = ORIENTED_EDGE('',*,*,#6191,.T.);
#6191 = EDGE_CURVE('NONE',#6184,#6150,#6192,.T.);
#6192 = LINE('',#6193,#6194);
#6193 = CARTESIAN_POINT('',(4.850000000001,2.9,-3.5E-02));
#6194 = VECTOR('',#6195,1.);
#6195 = DIRECTION('',(0.,1.,0.));
#6196 = ORIENTED_EDGE('',*,*,#6158,.T.);
#6197 = ORIENTED_EDGE('',*,*,#6198,.F.);
#6198 = EDGE_CURVE('NONE',#6199,#6159,#6201,.T.);
#6199 = VERTEX_POINT('NONE',#6200);
#6200 = CARTESIAN_POINT('',(4.850000000001,2.9,0.765));
#6201 = LINE('',#6202,#6203);
#6202 = CARTESIAN_POINT('',(4.850000000001,3.099961516403,0.765));
#6203 = VECTOR('',#6204,1.);
#6204 = DIRECTION('',(-0.,1.,-0.));
#6205 = ORIENTED_EDGE('',*,*,#6206,.T.);
#6206 = EDGE_CURVE('NONE',#6199,#6207,#6209,.T.);
#6207 = VERTEX_POINT('NONE',#6208);
#6208 = CARTESIAN_POINT('',(4.850000000001,2.9,0.73));
#6209 = LINE('',#6210,#6211);
#6210 = CARTESIAN_POINT('',(4.850000000001,2.9,0.765));
#6211 = VECTOR('',#6212,1.);
#6212 = DIRECTION('',(-0.,-0.,-1.));
#6213 = ORIENTED_EDGE('',*,*,#6214,.T.);
#6214 = EDGE_CURVE('NONE',#6207,#5991,#6215,.T.);
#6215 = LINE('',#6216,#6217);
#6216 = CARTESIAN_POINT('',(4.850000000001,3.099961516403,0.73));
#6217 = VECTOR('',#6218,1.);
#6218 = DIRECTION('',(-0.,1.,-0.));
#6219 = ORIENTED_EDGE('',*,*,#6016,.T.);
#6220 = PLANE('',#6221);
#6221 = AXIS2_PLACEMENT_3D('',#6222,#6223,#6224);
#6222 = CARTESIAN_POINT('',(4.850000000001,2.9,-3.5E-02));
#6223 = DIRECTION('',(1.,0.,0.));
#6224 = DIRECTION('',(0.,0.,-1.));
#6225 = ADVANCED_FACE('NONE',(#6226),#6244,.T.);
#6226 = FACE_BOUND('',#6227,.T.);
#6227 = EDGE_LOOP('NONE',(#6228,#6229,#6237,#6243));
#6228 = ORIENTED_EDGE('',*,*,#6063,.F.);
#6229 = ORIENTED_EDGE('',*,*,#6230,.F.);
#6230 = EDGE_CURVE('NONE',#6231,#6056,#6233,.T.);
#6231 = VERTEX_POINT('NONE',#6232);
#6232 = CARTESIAN_POINT('',(3.850000000001,2.9,-3.5E-02));
#6233 = LINE('',#6234,#6235);
#6234 = CARTESIAN_POINT('',(3.850000000001,2.9,-3.5E-02));
#6235 = VECTOR('',#6236,1.);
#6236 = DIRECTION('',(0.,0.,1.));
#6237 = ORIENTED_EDGE('',*,*,#6238,.T.);
#6238 = EDGE_CURVE('NONE',#6231,#6184,#6239,.T.);
#6239 = LINE('',#6240,#6241);
#6240 = CARTESIAN_POINT('',(3.850000000001,2.9,-3.5E-02));
#6241 = VECTOR('',#6242,1.);
#6242 = DIRECTION('',(1.,0.,0.));
#6243 = ORIENTED_EDGE('',*,*,#6183,.T.);
#6244 = PLANE('',#6245);
#6245 = AXIS2_PLACEMENT_3D('',#6246,#6247,#6248);
#6246 = CARTESIAN_POINT('',(3.850000000001,2.9,-3.5E-02));
#6247 = DIRECTION('',(0.,-1.,0.));
#6248 = DIRECTION('',(0.,-0.,-1.));
#6249 = ADVANCED_FACE('NONE',(#6250),#6268,.T.);
#6250 = FACE_BOUND('',#6251,.T.);
#6251 = EDGE_LOOP('NONE',(#6252,#6253,#6261,#6267));
#6252 = ORIENTED_EDGE('',*,*,#6055,.F.);
#6253 = ORIENTED_EDGE('',*,*,#6254,.F.);
#6254 = EDGE_CURVE('NONE',#6255,#6048,#6257,.T.);
#6255 = VERTEX_POINT('NONE',#6256);
#6256 = CARTESIAN_POINT('',(3.850000000001,3.7,-3.5E-02));
#6257 = LINE('',#6258,#6259);
#6258 = CARTESIAN_POINT('',(3.850000000001,3.7,-3.5E-02));
#6259 = VECTOR('',#6260,1.);
#6260 = DIRECTION('',(0.,0.,1.));
#6261 = ORIENTED_EDGE('',*,*,#6262,.T.);
#6262 = EDGE_CURVE('NONE',#6255,#6231,#6263,.T.);
#6263 = LINE('',#6264,#6265);
#6264 = CARTESIAN_POINT('',(3.850000000001,3.7,-3.5E-02));
#6265 = VECTOR('',#6266,1.);
#6266 = DIRECTION('',(0.,-1.,0.));
#6267 = ORIENTED_EDGE('',*,*,#6230,.T.);
#6268 = PLANE('',#6269);
#6269 = AXIS2_PLACEMENT_3D('',#6270,#6271,#6272);
#6270 = CARTESIAN_POINT('',(3.850000000001,3.7,-3.5E-02));
#6271 = DIRECTION('',(-1.,0.,0.));
#6272 = DIRECTION('',(0.,0.,1.));
#6273 = ADVANCED_FACE('NONE',(#6274),#6285,.T.);
#6274 = FACE_BOUND('',#6275,.T.);
#6275 = EDGE_LOOP('NONE',(#6276,#6277,#6278,#6284));
#6276 = ORIENTED_EDGE('',*,*,#6047,.F.);
#6277 = ORIENTED_EDGE('',*,*,#6135,.F.);
#6278 = ORIENTED_EDGE('',*,*,#6279,.T.);
#6279 = EDGE_CURVE('NONE',#6128,#6255,#6280,.T.);
#6280 = LINE('',#6281,#6282);
#6281 = CARTESIAN_POINT('',(4.850000000001,3.7,-3.5E-02));
#6282 = VECTOR('',#6283,1.);
#6283 = DIRECTION('',(-1.,0.,0.));
#6284 = ORIENTED_EDGE('',*,*,#6254,.T.);
#6285 = PLANE('',#6286);
#6286 = AXIS2_PLACEMENT_3D('',#6287,#6288,#6289);
#6287 = CARTESIAN_POINT('',(4.850000000001,3.7,-3.5E-02));
#6288 = DIRECTION('',(0.,1.,-0.));
#6289 = DIRECTION('',(0.,0.,1.));
#6290 = ADVANCED_FACE('NONE',(#6291),#6299,.T.);
#6291 = FACE_BOUND('',#6292,.T.);
#6292 = EDGE_LOOP('NONE',(#6293,#6294,#6295,#6296,#6297,#6298));
#6293 = ORIENTED_EDGE('',*,*,#6127,.F.);
#6294 = ORIENTED_EDGE('',*,*,#6149,.F.);
#6295 = ORIENTED_EDGE('',*,*,#6191,.F.);
#6296 = ORIENTED_EDGE('',*,*,#6238,.F.);
#6297 = ORIENTED_EDGE('',*,*,#6262,.F.);
#6298 = ORIENTED_EDGE('',*,*,#6279,.F.);
#6299 = PLANE('',#6300);
#6300 = AXIS2_PLACEMENT_3D('',#6301,#6302,#6303);
#6301 = CARTESIAN_POINT('',(4.850000000001,3.299961516403,-3.5E-02));
#6302 = DIRECTION('',(-0.,0.,-1.));
#6303 = DIRECTION('',(-1.,0.,0.));
#6304 = ADVANCED_FACE('NONE',(#6305),#6317,.T.);
#6305 = FACE_BOUND('',#6306,.T.);
#6306 = EDGE_LOOP('NONE',(#6307,#6308,#6315,#6316));
#6307 = ORIENTED_EDGE('',*,*,#5999,.F.);
#6308 = ORIENTED_EDGE('',*,*,#6309,.F.);
#6309 = EDGE_CURVE('NONE',#6088,#5989,#6310,.T.);
#6310 = CIRCLE('',#6311,0.225);
#6311 = AXIS2_PLACEMENT_3D('',#6312,#6313,#6314);
#6312 = CARTESIAN_POINT('',(4.850000000001,3.299961516403,0.73));
#6313 = DIRECTION('',(0.,0.,1.));
#6314 = DIRECTION('',(-1.,0.,0.));
#6315 = ORIENTED_EDGE('',*,*,#6087,.T.);
#6316 = ORIENTED_EDGE('',*,*,#6030,.T.);
#6317 = CYLINDRICAL_SURFACE('',#6318,0.225);
#6318 = AXIS2_PLACEMENT_3D('',#6319,#6320,#6321);
#6319 = CARTESIAN_POINT('',(4.850000000001,3.299961516403,0.73));
#6320 = DIRECTION('',(-0.,-0.,-1.));
#6321 = DIRECTION('',(-1.,0.,0.));
#6322 = ADVANCED_FACE('NONE',(#6323),#6348,.F.);
#6323 = FACE_BOUND('',#6324,.T.);
#6324 = EDGE_LOOP('NONE',(#6325,#6333,#6341,#6347));
#6325 = ORIENTED_EDGE('',*,*,#6326,.T.);
#6326 = EDGE_CURVE('NONE',#6096,#6327,#6329,.T.);
#6327 = VERTEX_POINT('NONE',#6328);
#6328 = CARTESIAN_POINT('',(4.450000000001,3.7,0.73));
#6329 = LINE('',#6330,#6331);
#6330 = CARTESIAN_POINT('',(4.850000000001,3.7,0.73));
#6331 = VECTOR('',#6332,1.);
#6332 = DIRECTION('',(-1.,0.,0.));
#6333 = ORIENTED_EDGE('',*,*,#6334,.F.);
#6334 = EDGE_CURVE('NONE',#6335,#6327,#6337,.T.);
#6335 = VERTEX_POINT('NONE',#6336);
#6336 = CARTESIAN_POINT('',(4.450000000001,3.7,0.765));
#6337 = LINE('',#6338,#6339);
#6338 = CARTESIAN_POINT('',(4.450000000001,3.7,0.765));
#6339 = VECTOR('',#6340,1.);
#6340 = DIRECTION('',(-0.,-0.,-1.));
#6341 = ORIENTED_EDGE('',*,*,#6342,.F.);
#6342 = EDGE_CURVE('NONE',#6104,#6335,#6343,.T.);
#6343 = LINE('',#6344,#6345);
#6344 = CARTESIAN_POINT('',(4.850000000001,3.7,0.765));
#6345 = VECTOR('',#6346,1.);
#6346 = DIRECTION('',(-1.,0.,0.));
#6347 = ORIENTED_EDGE('',*,*,#6103,.T.);
#6348 = PLANE('',#6349);
#6349 = AXIS2_PLACEMENT_3D('',#6350,#6351,#6352);
#6350 = CARTESIAN_POINT('',(4.850000000001,3.7,0.765));
#6351 = DIRECTION('',(0.,-1.,0.));
#6352 = DIRECTION('',(0.,-0.,-1.));
#6353 = ADVANCED_FACE('NONE',(#6354),#6379,.F.);
#6354 = FACE_BOUND('',#6355,.T.);
#6355 = EDGE_LOOP('NONE',(#6356,#6364,#6372,#6378));
#6356 = ORIENTED_EDGE('',*,*,#6357,.T.);
#6357 = EDGE_CURVE('NONE',#6327,#6358,#6360,.T.);
#6358 = VERTEX_POINT('NONE',#6359);
#6359 = CARTESIAN_POINT('',(4.450000000001,2.9,0.73));
#6360 = LINE('',#6361,#6362);
#6361 = CARTESIAN_POINT('',(4.450000000001,3.7,0.73));
#6362 = VECTOR('',#6363,1.);
#6363 = DIRECTION('',(0.,-1.,0.));
#6364 = ORIENTED_EDGE('',*,*,#6365,.F.);
#6365 = EDGE_CURVE('NONE',#6366,#6358,#6368,.T.);
#6366 = VERTEX_POINT('NONE',#6367);
#6367 = CARTESIAN_POINT('',(4.450000000001,2.9,0.765));
#6368 = LINE('',#6369,#6370);
#6369 = CARTESIAN_POINT('',(4.450000000001,2.9,0.765));
#6370 = VECTOR('',#6371,1.);
#6371 = DIRECTION('',(-0.,-0.,-1.));
#6372 = ORIENTED_EDGE('',*,*,#6373,.F.);
#6373 = EDGE_CURVE('NONE',#6335,#6366,#6374,.T.);
#6374 = LINE('',#6375,#6376);
#6375 = CARTESIAN_POINT('',(4.450000000001,3.7,0.765));
#6376 = VECTOR('',#6377,1.);
#6377 = DIRECTION('',(0.,-1.,0.));
#6378 = ORIENTED_EDGE('',*,*,#6334,.T.);
#6379 = PLANE('',#6380);
#6380 = AXIS2_PLACEMENT_3D('',#6381,#6382,#6383);
#6381 = CARTESIAN_POINT('',(4.450000000001,3.7,0.765));
#6382 = DIRECTION('',(1.,0.,-0.));
#6383 = DIRECTION('',(-0.,0.,-1.));
#6384 = ADVANCED_FACE('NONE',(#6385),#6401,.F.);
#6385 = FACE_BOUND('',#6386,.T.);
#6386 = EDGE_LOOP('NONE',(#6387,#6393,#6394,#6400));
#6387 = ORIENTED_EDGE('',*,*,#6388,.T.);
#6388 = EDGE_CURVE('NONE',#6358,#6207,#6389,.T.);
#6389 = LINE('',#6390,#6391);
#6390 = CARTESIAN_POINT('',(4.450000000001,2.9,0.73));
#6391 = VECTOR('',#6392,1.);
#6392 = DIRECTION('',(1.,0.,0.));
#6393 = ORIENTED_EDGE('',*,*,#6206,.F.);
#6394 = ORIENTED_EDGE('',*,*,#6395,.F.);
#6395 = EDGE_CURVE('NONE',#6366,#6199,#6396,.T.);
#6396 = LINE('',#6397,#6398);
#6397 = CARTESIAN_POINT('',(4.450000000001,2.9,0.765));
#6398 = VECTOR('',#6399,1.);
#6399 = DIRECTION('',(1.,0.,0.));
#6400 = ORIENTED_EDGE('',*,*,#6365,.T.);
#6401 = PLANE('',#6402);
#6402 = AXIS2_PLACEMENT_3D('',#6403,#6404,#6405);
#6403 = CARTESIAN_POINT('',(4.450000000001,2.9,0.765));
#6404 = DIRECTION('',(0.,1.,0.));
#6405 = DIRECTION('',(0.,-0.,1.));
#6406 = ADVANCED_FACE('NONE',(#6407),#6415,.F.);
#6407 = FACE_BOUND('',#6408,.T.);
#6408 = EDGE_LOOP('NONE',(#6409,#6410,#6411,#6412,#6413,#6414));
#6409 = ORIENTED_EDGE('',*,*,#6166,.T.);
#6410 = ORIENTED_EDGE('',*,*,#6111,.T.);
#6411 = ORIENTED_EDGE('',*,*,#6342,.T.);
#6412 = ORIENTED_EDGE('',*,*,#6373,.T.);
#6413 = ORIENTED_EDGE('',*,*,#6395,.T.);
#6414 = ORIENTED_EDGE('',*,*,#6198,.T.);
#6415 = PLANE('',#6416);
#6416 = AXIS2_PLACEMENT_3D('',#6417,#6418,#6419);
#6417 = CARTESIAN_POINT('',(4.850000000001,3.299961516403,0.765));
#6418 = DIRECTION('',(-0.,0.,-1.));
#6419 = DIRECTION('',(-1.,0.,0.));
#6420 = ADVANCED_FACE('NONE',(#6421),#6430,.T.);
#6421 = FACE_BOUND('',#6422,.T.);
#6422 = EDGE_LOOP('NONE',(#6423,#6424,#6425,#6426,#6427,#6428,#6429));
#6423 = ORIENTED_EDGE('',*,*,#6095,.F.);
#6424 = ORIENTED_EDGE('',*,*,#6309,.T.);
#6425 = ORIENTED_EDGE('',*,*,#5988,.T.);
#6426 = ORIENTED_EDGE('',*,*,#6214,.F.);
#6427 = ORIENTED_EDGE('',*,*,#6388,.F.);
#6428 = ORIENTED_EDGE('',*,*,#6357,.F.);
#6429 = ORIENTED_EDGE('',*,*,#6326,.F.);
#6430 = PLANE('',#6431);
#6431 = AXIS2_PLACEMENT_3D('',#6432,#6433,#6434);
#6432 = CARTESIAN_POINT('',(4.850000000001,3.299961516403,0.73));
#6433 = DIRECTION('',(-0.,0.,-1.));
#6434 = DIRECTION('',(-1.,0.,0.));
#6435 = MANIFOLD_SOLID_BREP('Aufsatz-Linear austragen13[4]',#6436);
#6436 = CLOSED_SHELL('NONE',(#6437,#6479,#6519,#6550,#6613,#6637,#6700,
    #6722,#6737,#6757,#6775,#6808,#6839,#6856,#6873));
#6437 = ADVANCED_FACE('NONE',(#6438),#6474,.F.);
#6438 = FACE_BOUND('',#6439,.F.);
#6439 = EDGE_LOOP('NONE',(#6440,#6450,#6459,#6467));
#6440 = ORIENTED_EDGE('',*,*,#6441,.T.);
#6441 = EDGE_CURVE('NONE',#6442,#6444,#6446,.T.);
#6442 = VERTEX_POINT('NONE',#6443);
#6443 = CARTESIAN_POINT('',(-4.850000000001,-3.100038483597,-3.5E-02));
#6444 = VERTEX_POINT('NONE',#6445);
#6445 = CARTESIAN_POINT('',(-4.850000000001,-3.100038483597,0.765));
#6446 = LINE('',#6447,#6448);
#6447 = CARTESIAN_POINT('',(-4.850000000001,-3.100038483597,-3.5E-02));
#6448 = VECTOR('',#6449,1.);
#6449 = DIRECTION('',(0.,0.,1.));
#6450 = ORIENTED_EDGE('',*,*,#6451,.T.);
#6451 = EDGE_CURVE('NONE',#6444,#6452,#6454,.T.);
#6452 = VERTEX_POINT('NONE',#6453);
#6453 = CARTESIAN_POINT('',(-4.650000000001,-3.300038483597,0.765));
#6454 = CIRCLE('',#6455,0.2);
#6455 = AXIS2_PLACEMENT_3D('',#6456,#6457,#6458);
#6456 = CARTESIAN_POINT('',(-4.850000000001,-3.300038483597,0.765));
#6457 = DIRECTION('',(0.,0.,-1.));
#6458 = DIRECTION('',(1.,0.,0.));
#6459 = ORIENTED_EDGE('',*,*,#6460,.F.);
#6460 = EDGE_CURVE('NONE',#6461,#6452,#6463,.T.);
#6461 = VERTEX_POINT('NONE',#6462);
#6462 = CARTESIAN_POINT('',(-4.650000000001,-3.300038483597,-3.5E-02));
#6463 = LINE('',#6464,#6465);
#6464 = CARTESIAN_POINT('',(-4.650000000001,-3.300038483597,-3.5E-02));
#6465 = VECTOR('',#6466,1.);
#6466 = DIRECTION('',(0.,0.,1.));
#6467 = ORIENTED_EDGE('',*,*,#6468,.F.);
#6468 = EDGE_CURVE('NONE',#6442,#6461,#6469,.T.);
#6469 = CIRCLE('',#6470,0.2);
#6470 = AXIS2_PLACEMENT_3D('',#6471,#6472,#6473);
#6471 = CARTESIAN_POINT('',(-4.850000000001,-3.300038483597,-3.5E-02));
#6472 = DIRECTION('',(0.,0.,-1.));
#6473 = DIRECTION('',(1.,0.,0.));
#6474 = CYLINDRICAL_SURFACE('',#6475,0.2);
#6475 = AXIS2_PLACEMENT_3D('',#6476,#6477,#6478);
#6476 = CARTESIAN_POINT('',(-4.850000000001,-3.300038483597,-3.5E-02));
#6477 = DIRECTION('',(0.,0.,1.));
#6478 = DIRECTION('',(1.,0.,-0.));
#6479 = ADVANCED_FACE('NONE',(#6480),#6514,.T.);
#6480 = FACE_BOUND('',#6481,.T.);
#6481 = EDGE_LOOP('NONE',(#6482,#6492,#6500,#6508));
#6482 = ORIENTED_EDGE('',*,*,#6483,.F.);
#6483 = EDGE_CURVE('NONE',#6484,#6486,#6488,.T.);
#6484 = VERTEX_POINT('NONE',#6485);
#6485 = CARTESIAN_POINT('',(-3.850000000001,-3.7,0.));
#6486 = VERTEX_POINT('NONE',#6487);
#6487 = CARTESIAN_POINT('',(-3.850000000001,-2.9,0.));
#6488 = LINE('',#6489,#6490);
#6489 = CARTESIAN_POINT('',(-3.850000000001,-2.9,0.));
#6490 = VECTOR('',#6491,1.);
#6491 = DIRECTION('',(-0.,1.,-0.));
#6492 = ORIENTED_EDGE('',*,*,#6493,.F.);
#6493 = EDGE_CURVE('NONE',#6494,#6484,#6496,.T.);
#6494 = VERTEX_POINT('NONE',#6495);
#6495 = CARTESIAN_POINT('',(-3.850000000001,-3.7,-3.5E-02));
#6496 = LINE('',#6497,#6498);
#6497 = CARTESIAN_POINT('',(-3.850000000001,-3.7,-3.5E-02));
#6498 = VECTOR('',#6499,1.);
#6499 = DIRECTION('',(0.,0.,1.));
#6500 = ORIENTED_EDGE('',*,*,#6501,.T.);
#6501 = EDGE_CURVE('NONE',#6494,#6502,#6504,.T.);
#6502 = VERTEX_POINT('NONE',#6503);
#6503 = CARTESIAN_POINT('',(-3.850000000001,-2.9,-3.5E-02));
#6504 = LINE('',#6505,#6506);
#6505 = CARTESIAN_POINT('',(-3.850000000001,-2.9,-3.5E-02));
#6506 = VECTOR('',#6507,1.);
#6507 = DIRECTION('',(-0.,1.,-0.));
#6508 = ORIENTED_EDGE('',*,*,#6509,.T.);
#6509 = EDGE_CURVE('NONE',#6502,#6486,#6510,.T.);
#6510 = LINE('',#6511,#6512);
#6511 = CARTESIAN_POINT('',(-3.850000000001,-2.9,-3.5E-02));
#6512 = VECTOR('',#6513,1.);
#6513 = DIRECTION('',(0.,0.,1.));
#6514 = PLANE('',#6515);
#6515 = AXIS2_PLACEMENT_3D('',#6516,#6517,#6518);
#6516 = CARTESIAN_POINT('',(-3.850000000001,-2.9,-3.5E-02));
#6517 = DIRECTION('',(1.,0.,-0.));
#6518 = DIRECTION('',(-0.,0.,-1.));
#6519 = ADVANCED_FACE('NONE',(#6520),#6545,.T.);
#6520 = FACE_BOUND('',#6521,.T.);
#6521 = EDGE_LOOP('NONE',(#6522,#6530,#6538,#6544));
#6522 = ORIENTED_EDGE('',*,*,#6523,.F.);
#6523 = EDGE_CURVE('NONE',#6524,#6484,#6526,.T.);
#6524 = VERTEX_POINT('NONE',#6525);
#6525 = CARTESIAN_POINT('',(-4.850000000001,-3.7,0.));
#6526 = LINE('',#6527,#6528);
#6527 = CARTESIAN_POINT('',(-3.850000000001,-3.7,0.));
#6528 = VECTOR('',#6529,1.);
#6529 = DIRECTION('',(1.,-0.,-0.));
#6530 = ORIENTED_EDGE('',*,*,#6531,.F.);
#6531 = EDGE_CURVE('NONE',#6532,#6524,#6534,.T.);
#6532 = VERTEX_POINT('NONE',#6533);
#6533 = CARTESIAN_POINT('',(-4.850000000001,-3.7,-3.5E-02));
#6534 = LINE('',#6535,#6536);
#6535 = CARTESIAN_POINT('',(-4.850000000001,-3.7,-3.5E-02));
#6536 = VECTOR('',#6537,1.);
#6537 = DIRECTION('',(0.,0.,1.));
#6538 = ORIENTED_EDGE('',*,*,#6539,.T.);
#6539 = EDGE_CURVE('NONE',#6532,#6494,#6540,.T.);
#6540 = LINE('',#6541,#6542);
#6541 = CARTESIAN_POINT('',(-3.850000000001,-3.7,-3.5E-02));
#6542 = VECTOR('',#6543,1.);
#6543 = DIRECTION('',(1.,-0.,-0.));
#6544 = ORIENTED_EDGE('',*,*,#6493,.T.);
#6545 = PLANE('',#6546);
#6546 = AXIS2_PLACEMENT_3D('',#6547,#6548,#6549);
#6547 = CARTESIAN_POINT('',(-3.850000000001,-3.7,-3.5E-02));
#6548 = DIRECTION('',(0.,-1.,0.));
#6549 = DIRECTION('',(0.,-0.,-1.));
#6550 = ADVANCED_FACE('NONE',(#6551),#6608,.T.);
#6551 = FACE_BOUND('',#6552,.T.);
#6552 = EDGE_LOOP('NONE',(#6553,#6561,#6569,#6577,#6585,#6593,#6601,
    #6607));
#6553 = ORIENTED_EDGE('',*,*,#6554,.F.);
#6554 = EDGE_CURVE('NONE',#6555,#6524,#6557,.T.);
#6555 = VERTEX_POINT('NONE',#6556);
#6556 = CARTESIAN_POINT('',(-4.850000000001,-3.525038483597,0.));
#6557 = LINE('',#6558,#6559);
#6558 = CARTESIAN_POINT('',(-4.850000000001,-3.500038483597,0.));
#6559 = VECTOR('',#6560,1.);
#6560 = DIRECTION('',(0.,-1.,0.));
#6561 = ORIENTED_EDGE('',*,*,#6562,.F.);
#6562 = EDGE_CURVE('NONE',#6563,#6555,#6565,.T.);
#6563 = VERTEX_POINT('NONE',#6564);
#6564 = CARTESIAN_POINT('',(-4.850000000001,-3.525038483597,0.73));
#6565 = LINE('',#6566,#6567);
#6566 = CARTESIAN_POINT('',(-4.850000000001,-3.525038483597,0.73));
#6567 = VECTOR('',#6568,1.);
#6568 = DIRECTION('',(-0.,-0.,-1.));
#6569 = ORIENTED_EDGE('',*,*,#6570,.T.);
#6570 = EDGE_CURVE('NONE',#6563,#6571,#6573,.T.);
#6571 = VERTEX_POINT('NONE',#6572);
#6572 = CARTESIAN_POINT('',(-4.850000000001,-3.7,0.73));
#6573 = LINE('',#6574,#6575);
#6574 = CARTESIAN_POINT('',(-4.850000000001,-3.500038483597,0.73));
#6575 = VECTOR('',#6576,1.);
#6576 = DIRECTION('',(0.,-1.,0.));
#6577 = ORIENTED_EDGE('',*,*,#6578,.F.);
#6578 = EDGE_CURVE('NONE',#6579,#6571,#6581,.T.);
#6579 = VERTEX_POINT('NONE',#6580);
#6580 = CARTESIAN_POINT('',(-4.850000000001,-3.7,0.765));
#6581 = LINE('',#6582,#6583);
#6582 = CARTESIAN_POINT('',(-4.850000000001,-3.7,0.765));
#6583 = VECTOR('',#6584,1.);
#6584 = DIRECTION('',(-0.,-0.,-1.));
#6585 = ORIENTED_EDGE('',*,*,#6586,.F.);
#6586 = EDGE_CURVE('NONE',#6587,#6579,#6589,.T.);
#6587 = VERTEX_POINT('NONE',#6588);
#6588 = CARTESIAN_POINT('',(-4.850000000001,-3.500038483597,0.765));
#6589 = LINE('',#6590,#6591);
#6590 = CARTESIAN_POINT('',(-4.850000000001,-3.500038483597,0.765));
#6591 = VECTOR('',#6592,1.);
#6592 = DIRECTION('',(0.,-1.,0.));
#6593 = ORIENTED_EDGE('',*,*,#6594,.F.);
#6594 = EDGE_CURVE('NONE',#6595,#6587,#6597,.T.);
#6595 = VERTEX_POINT('NONE',#6596);
#6596 = CARTESIAN_POINT('',(-4.850000000001,-3.500038483597,-3.5E-02));
#6597 = LINE('',#6598,#6599);
#6598 = CARTESIAN_POINT('',(-4.850000000001,-3.500038483597,-3.5E-02));
#6599 = VECTOR('',#6600,1.);
#6600 = DIRECTION('',(0.,0.,1.));
#6601 = ORIENTED_EDGE('',*,*,#6602,.T.);
#6602 = EDGE_CURVE('NONE',#6595,#6532,#6603,.T.);
#6603 = LINE('',#6604,#6605);
#6604 = CARTESIAN_POINT('',(-4.850000000001,-3.500038483597,-3.5E-02));
#6605 = VECTOR('',#6606,1.);
#6606 = DIRECTION('',(0.,-1.,0.));
#6607 = ORIENTED_EDGE('',*,*,#6531,.T.);
#6608 = PLANE('',#6609);
#6609 = AXIS2_PLACEMENT_3D('',#6610,#6611,#6612);
#6610 = CARTESIAN_POINT('',(-4.850000000001,-3.500038483597,-3.5E-02));
#6611 = DIRECTION('',(-1.,0.,0.));
#6612 = DIRECTION('',(0.,0.,1.));
#6613 = ADVANCED_FACE('NONE',(#6614),#6632,.F.);
#6614 = FACE_BOUND('',#6615,.F.);
#6615 = EDGE_LOOP('NONE',(#6616,#6623,#6624,#6631));
#6616 = ORIENTED_EDGE('',*,*,#6617,.T.);
#6617 = EDGE_CURVE('NONE',#6452,#6587,#6618,.T.);
#6618 = CIRCLE('',#6619,0.2);
#6619 = AXIS2_PLACEMENT_3D('',#6620,#6621,#6622);
#6620 = CARTESIAN_POINT('',(-4.850000000001,-3.300038483597,0.765));
#6621 = DIRECTION('',(0.,0.,-1.));
#6622 = DIRECTION('',(1.,0.,0.));
#6623 = ORIENTED_EDGE('',*,*,#6594,.F.);
#6624 = ORIENTED_EDGE('',*,*,#6625,.F.);
#6625 = EDGE_CURVE('NONE',#6461,#6595,#6626,.T.);
#6626 = CIRCLE('',#6627,0.2);
#6627 = AXIS2_PLACEMENT_3D('',#6628,#6629,#6630);
#6628 = CARTESIAN_POINT('',(-4.850000000001,-3.300038483597,-3.5E-02));
#6629 = DIRECTION('',(0.,0.,-1.));
#6630 = DIRECTION('',(1.,0.,0.));
#6631 = ORIENTED_EDGE('',*,*,#6460,.T.);
#6632 = CYLINDRICAL_SURFACE('',#6633,0.2);
#6633 = AXIS2_PLACEMENT_3D('',#6634,#6635,#6636);
#6634 = CARTESIAN_POINT('',(-4.850000000001,-3.300038483597,-3.5E-02));
#6635 = DIRECTION('',(0.,0.,1.));
#6636 = DIRECTION('',(1.,0.,-0.));
#6637 = ADVANCED_FACE('NONE',(#6638),#6695,.T.);
#6638 = FACE_BOUND('',#6639,.T.);
#6639 = EDGE_LOOP('NONE',(#6640,#6650,#6658,#6664,#6665,#6673,#6681,
    #6689));
#6640 = ORIENTED_EDGE('',*,*,#6641,.F.);
#6641 = EDGE_CURVE('NONE',#6642,#6644,#6646,.T.);
#6642 = VERTEX_POINT('NONE',#6643);
#6643 = CARTESIAN_POINT('',(-4.850000000001,-2.9,0.));
#6644 = VERTEX_POINT('NONE',#6645);
#6645 = CARTESIAN_POINT('',(-4.850000000001,-3.075038483597,0.));
#6646 = LINE('',#6647,#6648);
#6647 = CARTESIAN_POINT('',(-4.850000000001,-2.9,0.));
#6648 = VECTOR('',#6649,1.);
#6649 = DIRECTION('',(1.040633848919E-13,-1.,0.));
#6650 = ORIENTED_EDGE('',*,*,#6651,.F.);
#6651 = EDGE_CURVE('NONE',#6652,#6642,#6654,.T.);
#6652 = VERTEX_POINT('NONE',#6653);
#6653 = CARTESIAN_POINT('',(-4.850000000001,-2.9,-3.5E-02));
#6654 = LINE('',#6655,#6656);
#6655 = CARTESIAN_POINT('',(-4.850000000001,-2.9,-3.5E-02));
#6656 = VECTOR('',#6657,1.);
#6657 = DIRECTION('',(0.,0.,1.));
#6658 = ORIENTED_EDGE('',*,*,#6659,.T.);
#6659 = EDGE_CURVE('NONE',#6652,#6442,#6660,.T.);
#6660 = LINE('',#6661,#6662);
#6661 = CARTESIAN_POINT('',(-4.850000000001,-2.9,-3.5E-02));
#6662 = VECTOR('',#6663,1.);
#6663 = DIRECTION('',(1.040633848919E-13,-1.,0.));
#6664 = ORIENTED_EDGE('',*,*,#6441,.T.);
#6665 = ORIENTED_EDGE('',*,*,#6666,.F.);
#6666 = EDGE_CURVE('NONE',#6667,#6444,#6669,.T.);
#6667 = VERTEX_POINT('NONE',#6668);
#6668 = CARTESIAN_POINT('',(-4.850000000001,-2.9,0.765));
#6669 = LINE('',#6670,#6671);
#6670 = CARTESIAN_POINT('',(-4.850000000001,-2.9,0.765));
#6671 = VECTOR('',#6672,1.);
#6672 = DIRECTION('',(1.040633848919E-13,-1.,0.));
#6673 = ORIENTED_EDGE('',*,*,#6674,.T.);
#6674 = EDGE_CURVE('NONE',#6667,#6675,#6677,.T.);
#6675 = VERTEX_POINT('NONE',#6676);
#6676 = CARTESIAN_POINT('',(-4.850000000001,-2.9,0.73));
#6677 = LINE('',#6678,#6679);
#6678 = CARTESIAN_POINT('',(-4.850000000001,-2.9,0.765));
#6679 = VECTOR('',#6680,1.);
#6680 = DIRECTION('',(-0.,-0.,-1.));
#6681 = ORIENTED_EDGE('',*,*,#6682,.T.);
#6682 = EDGE_CURVE('NONE',#6675,#6683,#6685,.T.);
#6683 = VERTEX_POINT('NONE',#6684);
#6684 = CARTESIAN_POINT('',(-4.850000000001,-3.075038483597,0.73));
#6685 = LINE('',#6686,#6687);
#6686 = CARTESIAN_POINT('',(-4.850000000001,-2.9,0.73));
#6687 = VECTOR('',#6688,1.);
#6688 = DIRECTION('',(1.040633848919E-13,-1.,0.));
#6689 = ORIENTED_EDGE('',*,*,#6690,.T.);
#6690 = EDGE_CURVE('NONE',#6683,#6644,#6691,.T.);
#6691 = LINE('',#6692,#6693);
#6692 = CARTESIAN_POINT('',(-4.850000000001,-3.075038483597,0.73));
#6693 = VECTOR('',#6694,1.);
#6694 = DIRECTION('',(-0.,-0.,-1.));
#6695 = PLANE('',#6696);
#6696 = AXIS2_PLACEMENT_3D('',#6697,#6698,#6699);
#6697 = CARTESIAN_POINT('',(-4.850000000001,-2.9,-3.5E-02));
#6698 = DIRECTION('',(-1.,-1.040633848919E-13,0.));
#6699 = DIRECTION('',(1.040633848919E-13,-1.,0.));
#6700 = ADVANCED_FACE('NONE',(#6701),#6717,.T.);
#6701 = FACE_BOUND('',#6702,.T.);
#6702 = EDGE_LOOP('NONE',(#6703,#6709,#6710,#6716));
#6703 = ORIENTED_EDGE('',*,*,#6704,.F.);
#6704 = EDGE_CURVE('NONE',#6486,#6642,#6705,.T.);
#6705 = LINE('',#6706,#6707);
#6706 = CARTESIAN_POINT('',(-4.850000000001,-2.9,0.));
#6707 = VECTOR('',#6708,1.);
#6708 = DIRECTION('',(-1.,-0.,-0.));
#6709 = ORIENTED_EDGE('',*,*,#6509,.F.);
#6710 = ORIENTED_EDGE('',*,*,#6711,.T.);
#6711 = EDGE_CURVE('NONE',#6502,#6652,#6712,.T.);
#6712 = LINE('',#6713,#6714);
#6713 = CARTESIAN_POINT('',(-4.850000000001,-2.9,-3.5E-02));
#6714 = VECTOR('',#6715,1.);
#6715 = DIRECTION('',(-1.,-0.,-0.));
#6716 = ORIENTED_EDGE('',*,*,#6651,.T.);
#6717 = PLANE('',#6718);
#6718 = AXIS2_PLACEMENT_3D('',#6719,#6720,#6721);
#6719 = CARTESIAN_POINT('',(-4.850000000001,-2.9,-3.5E-02));
#6720 = DIRECTION('',(0.,1.,0.));
#6721 = DIRECTION('',(0.,-0.,1.));
#6722 = ADVANCED_FACE('NONE',(#6723),#6732,.F.);
#6723 = FACE_BOUND('',#6724,.T.);
#6724 = EDGE_LOOP('NONE',(#6725,#6726,#6727,#6728,#6729,#6730,#6731));
#6725 = ORIENTED_EDGE('',*,*,#6501,.F.);
#6726 = ORIENTED_EDGE('',*,*,#6539,.F.);
#6727 = ORIENTED_EDGE('',*,*,#6602,.F.);
#6728 = ORIENTED_EDGE('',*,*,#6625,.F.);
#6729 = ORIENTED_EDGE('',*,*,#6468,.F.);
#6730 = ORIENTED_EDGE('',*,*,#6659,.F.);
#6731 = ORIENTED_EDGE('',*,*,#6711,.F.);
#6732 = PLANE('',#6733);
#6733 = AXIS2_PLACEMENT_3D('',#6734,#6735,#6736);
#6734 = CARTESIAN_POINT('',(-4.850000000001,-3.300038483597,-3.5E-02));
#6735 = DIRECTION('',(0.,0.,1.));
#6736 = DIRECTION('',(1.,0.,-0.));
#6737 = ADVANCED_FACE('NONE',(#6738),#6752,.T.);
#6738 = FACE_BOUND('',#6739,.T.);
#6739 = EDGE_LOOP('NONE',(#6740,#6747,#6748,#6749,#6750,#6751));
#6740 = ORIENTED_EDGE('',*,*,#6741,.F.);
#6741 = EDGE_CURVE('NONE',#6555,#6644,#6742,.T.);
#6742 = CIRCLE('',#6743,0.225);
#6743 = AXIS2_PLACEMENT_3D('',#6744,#6745,#6746);
#6744 = CARTESIAN_POINT('',(-4.850000000001,-3.300038483597,0.));
#6745 = DIRECTION('',(0.,0.,1.));
#6746 = DIRECTION('',(1.,0.,-0.));
#6747 = ORIENTED_EDGE('',*,*,#6554,.T.);
#6748 = ORIENTED_EDGE('',*,*,#6523,.T.);
#6749 = ORIENTED_EDGE('',*,*,#6483,.T.);
#6750 = ORIENTED_EDGE('',*,*,#6704,.T.);
#6751 = ORIENTED_EDGE('',*,*,#6641,.T.);
#6752 = PLANE('',#6753);
#6753 = AXIS2_PLACEMENT_3D('',#6754,#6755,#6756);
#6754 = CARTESIAN_POINT('',(-4.850000000001,-3.300038483597,0.));
#6755 = DIRECTION('',(0.,0.,1.));
#6756 = DIRECTION('',(1.,0.,-0.));
#6757 = ADVANCED_FACE('NONE',(#6758),#6770,.T.);
#6758 = FACE_BOUND('',#6759,.T.);
#6759 = EDGE_LOOP('NONE',(#6760,#6761,#6762,#6769));
#6760 = ORIENTED_EDGE('',*,*,#6741,.T.);
#6761 = ORIENTED_EDGE('',*,*,#6690,.F.);
#6762 = ORIENTED_EDGE('',*,*,#6763,.F.);
#6763 = EDGE_CURVE('NONE',#6563,#6683,#6764,.T.);
#6764 = CIRCLE('',#6765,0.225);
#6765 = AXIS2_PLACEMENT_3D('',#6766,#6767,#6768);
#6766 = CARTESIAN_POINT('',(-4.850000000001,-3.300038483597,0.73));
#6767 = DIRECTION('',(0.,0.,1.));
#6768 = DIRECTION('',(1.,0.,-0.));
#6769 = ORIENTED_EDGE('',*,*,#6562,.T.);
#6770 = CYLINDRICAL_SURFACE('',#6771,0.225);
#6771 = AXIS2_PLACEMENT_3D('',#6772,#6773,#6774);
#6772 = CARTESIAN_POINT('',(-4.850000000001,-3.300038483597,0.73));
#6773 = DIRECTION('',(-0.,-0.,-1.));
#6774 = DIRECTION('',(-1.,0.,0.));
#6775 = ADVANCED_FACE('NONE',(#6776),#6803,.F.);
#6776 = FACE_BOUND('',#6777,.T.);
#6777 = EDGE_LOOP('NONE',(#6778,#6779,#6780,#6781,#6789,#6797));
#6778 = ORIENTED_EDGE('',*,*,#6570,.F.);
#6779 = ORIENTED_EDGE('',*,*,#6763,.T.);
#6780 = ORIENTED_EDGE('',*,*,#6682,.F.);
#6781 = ORIENTED_EDGE('',*,*,#6782,.F.);
#6782 = EDGE_CURVE('NONE',#6783,#6675,#6785,.T.);
#6783 = VERTEX_POINT('NONE',#6784);
#6784 = CARTESIAN_POINT('',(-4.450000000001,-2.9,0.73));
#6785 = LINE('',#6786,#6787);
#6786 = CARTESIAN_POINT('',(-4.850000000001,-2.9,0.73));
#6787 = VECTOR('',#6788,1.);
#6788 = DIRECTION('',(-1.,-0.,-0.));
#6789 = ORIENTED_EDGE('',*,*,#6790,.F.);
#6790 = EDGE_CURVE('NONE',#6791,#6783,#6793,.T.);
#6791 = VERTEX_POINT('NONE',#6792);
#6792 = CARTESIAN_POINT('',(-4.450000000001,-3.7,0.73));
#6793 = LINE('',#6794,#6795);
#6794 = CARTESIAN_POINT('',(-4.450000000001,-2.9,0.73));
#6795 = VECTOR('',#6796,1.);
#6796 = DIRECTION('',(-0.,1.,-0.));
#6797 = ORIENTED_EDGE('',*,*,#6798,.F.);
#6798 = EDGE_CURVE('NONE',#6571,#6791,#6799,.T.);
#6799 = LINE('',#6800,#6801);
#6800 = CARTESIAN_POINT('',(-4.450000000001,-3.7,0.73));
#6801 = VECTOR('',#6802,1.);
#6802 = DIRECTION('',(1.,-0.,-0.));
#6803 = PLANE('',#6804);
#6804 = AXIS2_PLACEMENT_3D('',#6805,#6806,#6807);
#6805 = CARTESIAN_POINT('',(-4.850000000001,-3.300038483597,0.73));
#6806 = DIRECTION('',(0.,0.,1.));
#6807 = DIRECTION('',(1.,0.,-0.));
#6808 = ADVANCED_FACE('NONE',(#6809),#6834,.F.);
#6809 = FACE_BOUND('',#6810,.T.);
#6810 = EDGE_LOOP('NONE',(#6811,#6812,#6820,#6828));
#6811 = ORIENTED_EDGE('',*,*,#6790,.T.);
#6812 = ORIENTED_EDGE('',*,*,#6813,.F.);
#6813 = EDGE_CURVE('NONE',#6814,#6783,#6816,.T.);
#6814 = VERTEX_POINT('NONE',#6815);
#6815 = CARTESIAN_POINT('',(-4.450000000001,-2.9,0.765));
#6816 = LINE('',#6817,#6818);
#6817 = CARTESIAN_POINT('',(-4.450000000001,-2.9,0.765));
#6818 = VECTOR('',#6819,1.);
#6819 = DIRECTION('',(-0.,-0.,-1.));
#6820 = ORIENTED_EDGE('',*,*,#6821,.F.);
#6821 = EDGE_CURVE('NONE',#6822,#6814,#6824,.T.);
#6822 = VERTEX_POINT('NONE',#6823);
#6823 = CARTESIAN_POINT('',(-4.450000000001,-3.7,0.765));
#6824 = LINE('',#6825,#6826);
#6825 = CARTESIAN_POINT('',(-4.450000000001,-2.9,0.765));
#6826 = VECTOR('',#6827,1.);
#6827 = DIRECTION('',(-0.,1.,-0.));
#6828 = ORIENTED_EDGE('',*,*,#6829,.T.);
#6829 = EDGE_CURVE('NONE',#6822,#6791,#6830,.T.);
#6830 = LINE('',#6831,#6832);
#6831 = CARTESIAN_POINT('',(-4.450000000001,-3.7,0.765));
#6832 = VECTOR('',#6833,1.);
#6833 = DIRECTION('',(-0.,-0.,-1.));
#6834 = PLANE('',#6835);
#6835 = AXIS2_PLACEMENT_3D('',#6836,#6837,#6838);
#6836 = CARTESIAN_POINT('',(-4.450000000001,-2.9,0.765));
#6837 = DIRECTION('',(-1.,0.,0.));
#6838 = DIRECTION('',(0.,0.,1.));
#6839 = ADVANCED_FACE('NONE',(#6840),#6851,.F.);
#6840 = FACE_BOUND('',#6841,.T.);
#6841 = EDGE_LOOP('NONE',(#6842,#6843,#6844,#6850));
#6842 = ORIENTED_EDGE('',*,*,#6782,.T.);
#6843 = ORIENTED_EDGE('',*,*,#6674,.F.);
#6844 = ORIENTED_EDGE('',*,*,#6845,.F.);
#6845 = EDGE_CURVE('NONE',#6814,#6667,#6846,.T.);
#6846 = LINE('',#6847,#6848);
#6847 = CARTESIAN_POINT('',(-4.850000000001,-2.9,0.765));
#6848 = VECTOR('',#6849,1.);
#6849 = DIRECTION('',(-1.,-0.,-0.));
#6850 = ORIENTED_EDGE('',*,*,#6813,.T.);
#6851 = PLANE('',#6852);
#6852 = AXIS2_PLACEMENT_3D('',#6853,#6854,#6855);
#6853 = CARTESIAN_POINT('',(-4.850000000001,-2.9,0.765));
#6854 = DIRECTION('',(0.,-1.,0.));
#6855 = DIRECTION('',(0.,-0.,-1.));
#6856 = ADVANCED_FACE('NONE',(#6857),#6868,.F.);
#6857 = FACE_BOUND('',#6858,.T.);
#6858 = EDGE_LOOP('NONE',(#6859,#6860,#6861,#6867));
#6859 = ORIENTED_EDGE('',*,*,#6798,.T.);
#6860 = ORIENTED_EDGE('',*,*,#6829,.F.);
#6861 = ORIENTED_EDGE('',*,*,#6862,.F.);
#6862 = EDGE_CURVE('NONE',#6579,#6822,#6863,.T.);
#6863 = LINE('',#6864,#6865);
#6864 = CARTESIAN_POINT('',(-4.450000000001,-3.7,0.765));
#6865 = VECTOR('',#6866,1.);
#6866 = DIRECTION('',(1.,-0.,-0.));
#6867 = ORIENTED_EDGE('',*,*,#6578,.T.);
#6868 = PLANE('',#6869);
#6869 = AXIS2_PLACEMENT_3D('',#6870,#6871,#6872);
#6870 = CARTESIAN_POINT('',(-4.450000000001,-3.7,0.765));
#6871 = DIRECTION('',(0.,1.,-0.));
#6872 = DIRECTION('',(0.,0.,1.));
#6873 = ADVANCED_FACE('NONE',(#6874),#6883,.T.);
#6874 = FACE_BOUND('',#6875,.T.);
#6875 = EDGE_LOOP('NONE',(#6876,#6877,#6878,#6879,#6880,#6881,#6882));
#6876 = ORIENTED_EDGE('',*,*,#6821,.T.);
#6877 = ORIENTED_EDGE('',*,*,#6845,.T.);
#6878 = ORIENTED_EDGE('',*,*,#6666,.T.);
#6879 = ORIENTED_EDGE('',*,*,#6451,.T.);
#6880 = ORIENTED_EDGE('',*,*,#6617,.T.);
#6881 = ORIENTED_EDGE('',*,*,#6586,.T.);
#6882 = ORIENTED_EDGE('',*,*,#6862,.T.);
#6883 = PLANE('',#6884);
#6884 = AXIS2_PLACEMENT_3D('',#6885,#6886,#6887);
#6885 = CARTESIAN_POINT('',(-4.850000000001,-3.300038483597,0.765));
#6886 = DIRECTION('',(0.,0.,1.));
#6887 = DIRECTION('',(1.,0.,-0.));
#6888 = MANIFOLD_SOLID_BREP('Aufsatz-Linear austragen13[5]',#6889);
#6889 = CLOSED_SHELL('NONE',(#6890,#6932,#6988,#7019,#7043,#7099,#7132,
    #7179,#7196,#7210,#7228,#7259,#7290,#7312,#7326));
#6890 = ADVANCED_FACE('NONE',(#6891),#6927,.T.);
#6891 = FACE_BOUND('',#6892,.T.);
#6892 = EDGE_LOOP('NONE',(#6893,#6904,#6912,#6921));
#6893 = ORIENTED_EDGE('',*,*,#6894,.F.);
#6894 = EDGE_CURVE('NONE',#6895,#6897,#6899,.T.);
#6895 = VERTEX_POINT('NONE',#6896);
#6896 = CARTESIAN_POINT('',(4.625000000001,-3.8483596752E-05,0.73));
#6897 = VERTEX_POINT('NONE',#6898);
#6898 = CARTESIAN_POINT('',(4.850000000001,-0.225038483597,0.73));
#6899 = CIRCLE('',#6900,0.225);
#6900 = AXIS2_PLACEMENT_3D('',#6901,#6902,#6903);
#6901 = CARTESIAN_POINT('',(4.850000000001,-3.8483596752E-05,0.73));
#6902 = DIRECTION('',(0.,0.,1.));
#6903 = DIRECTION('',(-1.,0.,0.));
#6904 = ORIENTED_EDGE('',*,*,#6905,.T.);
#6905 = EDGE_CURVE('NONE',#6895,#6906,#6908,.T.);
#6906 = VERTEX_POINT('NONE',#6907);
#6907 = CARTESIAN_POINT('',(4.625000000001,-3.8483596752E-05,0.));
#6908 = LINE('',#6909,#6910);
#6909 = CARTESIAN_POINT('',(4.625000000001,-3.8483596752E-05,0.73));
#6910 = VECTOR('',#6911,1.);
#6911 = DIRECTION('',(-0.,-0.,-1.));
#6912 = ORIENTED_EDGE('',*,*,#6913,.T.);
#6913 = EDGE_CURVE('NONE',#6906,#6914,#6916,.T.);
#6914 = VERTEX_POINT('NONE',#6915);
#6915 = CARTESIAN_POINT('',(4.850000000001,-0.225038483597,0.));
#6916 = CIRCLE('',#6917,0.225);
#6917 = AXIS2_PLACEMENT_3D('',#6918,#6919,#6920);
#6918 = CARTESIAN_POINT('',(4.850000000001,-3.8483596752E-05,0.));
#6919 = DIRECTION('',(0.,0.,1.));
#6920 = DIRECTION('',(-1.,0.,0.));
#6921 = ORIENTED_EDGE('',*,*,#6922,.F.);
#6922 = EDGE_CURVE('NONE',#6897,#6914,#6923,.T.);
#6923 = LINE('',#6924,#6925);
#6924 = CARTESIAN_POINT('',(4.850000000001,-0.225038483597,0.73));
#6925 = VECTOR('',#6926,1.);
#6926 = DIRECTION('',(-0.,-0.,-1.));
#6927 = CYLINDRICAL_SURFACE('',#6928,0.225);
#6928 = AXIS2_PLACEMENT_3D('',#6929,#6930,#6931);
#6929 = CARTESIAN_POINT('',(4.850000000001,-3.8483596752E-05,0.73));
#6930 = DIRECTION('',(-0.,-0.,-1.));
#6931 = DIRECTION('',(-1.,0.,0.));
#6932 = ADVANCED_FACE('NONE',(#6933),#6983,.F.);
#6933 = FACE_BOUND('',#6934,.T.);
#6934 = EDGE_LOOP('NONE',(#6935,#6944,#6952,#6960,#6968,#6976,#6982));
#6935 = ORIENTED_EDGE('',*,*,#6936,.F.);
#6936 = EDGE_CURVE('NONE',#6937,#6906,#6939,.T.);
#6937 = VERTEX_POINT('NONE',#6938);
#6938 = CARTESIAN_POINT('',(4.850000000001,0.224961516403,0.));
#6939 = CIRCLE('',#6940,0.225);
#6940 = AXIS2_PLACEMENT_3D('',#6941,#6942,#6943);
#6941 = CARTESIAN_POINT('',(4.850000000001,-3.8483596752E-05,0.));
#6942 = DIRECTION('',(0.,0.,1.));
#6943 = DIRECTION('',(-1.,0.,0.));
#6944 = ORIENTED_EDGE('',*,*,#6945,.T.);
#6945 = EDGE_CURVE('NONE',#6937,#6946,#6948,.T.);
#6946 = VERTEX_POINT('NONE',#6947);
#6947 = CARTESIAN_POINT('',(4.850000000001,0.4,0.));
#6948 = LINE('',#6949,#6950);
#6949 = CARTESIAN_POINT('',(4.850000000001,0.199961516403,0.));
#6950 = VECTOR('',#6951,1.);
#6951 = DIRECTION('',(-5.203169244595E-14,1.,0.));
#6952 = ORIENTED_EDGE('',*,*,#6953,.T.);
#6953 = EDGE_CURVE('NONE',#6946,#6954,#6956,.T.);
#6954 = VERTEX_POINT('NONE',#6955);
#6955 = CARTESIAN_POINT('',(3.850000000001,0.4,0.));
#6956 = LINE('',#6957,#6958);
#6957 = CARTESIAN_POINT('',(4.850000000001,0.4,0.));
#6958 = VECTOR('',#6959,1.);
#6959 = DIRECTION('',(-1.,0.,0.));
#6960 = ORIENTED_EDGE('',*,*,#6961,.T.);
#6961 = EDGE_CURVE('NONE',#6954,#6962,#6964,.T.);
#6962 = VERTEX_POINT('NONE',#6963);
#6963 = CARTESIAN_POINT('',(3.850000000001,-0.4,0.));
#6964 = LINE('',#6965,#6966);
#6965 = CARTESIAN_POINT('',(3.850000000001,0.4,0.));
#6966 = VECTOR('',#6967,1.);
#6967 = DIRECTION('',(0.,-1.,0.));
#6968 = ORIENTED_EDGE('',*,*,#6969,.T.);
#6969 = EDGE_CURVE('NONE',#6962,#6970,#6972,.T.);
#6970 = VERTEX_POINT('NONE',#6971);
#6971 = CARTESIAN_POINT('',(4.850000000001,-0.4,0.));
#6972 = LINE('',#6973,#6974);
#6973 = CARTESIAN_POINT('',(3.850000000001,-0.4,0.));
#6974 = VECTOR('',#6975,1.);
#6975 = DIRECTION('',(1.,0.,0.));
#6976 = ORIENTED_EDGE('',*,*,#6977,.T.);
#6977 = EDGE_CURVE('NONE',#6970,#6914,#6978,.T.);
#6978 = LINE('',#6979,#6980);
#6979 = CARTESIAN_POINT('',(4.850000000001,-0.4,0.));
#6980 = VECTOR('',#6981,1.);
#6981 = DIRECTION('',(5.205171996631E-14,1.,0.));
#6982 = ORIENTED_EDGE('',*,*,#6913,.F.);
#6983 = PLANE('',#6984);
#6984 = AXIS2_PLACEMENT_3D('',#6985,#6986,#6987);
#6985 = CARTESIAN_POINT('',(4.850000000001,-3.848359675113E-05,0.));
#6986 = DIRECTION('',(-0.,0.,-1.));
#6987 = DIRECTION('',(-1.,0.,0.));
#6988 = ADVANCED_FACE('NONE',(#6989),#7014,.T.);
#6989 = FACE_BOUND('',#6990,.T.);
#6990 = EDGE_LOOP('NONE',(#6991,#6992,#7000,#7008));
#6991 = ORIENTED_EDGE('',*,*,#6961,.F.);
#6992 = ORIENTED_EDGE('',*,*,#6993,.F.);
#6993 = EDGE_CURVE('NONE',#6994,#6954,#6996,.T.);
#6994 = VERTEX_POINT('NONE',#6995);
#6995 = CARTESIAN_POINT('',(3.850000000001,0.4,-3.5E-02));
#6996 = LINE('',#6997,#6998);
#6997 = CARTESIAN_POINT('',(3.850000000001,0.4,-3.5E-02));
#6998 = VECTOR('',#6999,1.);
#6999 = DIRECTION('',(0.,0.,1.));
#7000 = ORIENTED_EDGE('',*,*,#7001,.T.);
#7001 = EDGE_CURVE('NONE',#6994,#7002,#7004,.T.);
#7002 = VERTEX_POINT('NONE',#7003);
#7003 = CARTESIAN_POINT('',(3.850000000001,-0.4,-3.5E-02));
#7004 = LINE('',#7005,#7006);
#7005 = CARTESIAN_POINT('',(3.850000000001,0.4,-3.5E-02));
#7006 = VECTOR('',#7007,1.);
#7007 = DIRECTION('',(0.,-1.,0.));
#7008 = ORIENTED_EDGE('',*,*,#7009,.T.);
#7009 = EDGE_CURVE('NONE',#7002,#6962,#7010,.T.);
#7010 = LINE('',#7011,#7012);
#7011 = CARTESIAN_POINT('',(3.850000000001,-0.4,-3.5E-02));
#7012 = VECTOR('',#7013,1.);
#7013 = DIRECTION('',(0.,0.,1.));
#7014 = PLANE('',#7015);
#7015 = AXIS2_PLACEMENT_3D('',#7016,#7017,#7018);
#7016 = CARTESIAN_POINT('',(3.850000000001,0.4,-3.5E-02));
#7017 = DIRECTION('',(-1.,0.,0.));
#7018 = DIRECTION('',(0.,0.,1.));
#7019 = ADVANCED_FACE('NONE',(#7020),#7038,.T.);
#7020 = FACE_BOUND('',#7021,.T.);
#7021 = EDGE_LOOP('NONE',(#7022,#7023,#7031,#7037));
#7022 = ORIENTED_EDGE('',*,*,#6953,.F.);
#7023 = ORIENTED_EDGE('',*,*,#7024,.F.);
#7024 = EDGE_CURVE('NONE',#7025,#6946,#7027,.T.);
#7025 = VERTEX_POINT('NONE',#7026);
#7026 = CARTESIAN_POINT('',(4.850000000001,0.4,-3.5E-02));
#7027 = LINE('',#7028,#7029);
#7028 = CARTESIAN_POINT('',(4.850000000001,0.4,-3.5E-02));
#7029 = VECTOR('',#7030,1.);
#7030 = DIRECTION('',(0.,0.,1.));
#7031 = ORIENTED_EDGE('',*,*,#7032,.T.);
#7032 = EDGE_CURVE('NONE',#7025,#6994,#7033,.T.);
#7033 = LINE('',#7034,#7035);
#7034 = CARTESIAN_POINT('',(4.850000000001,0.4,-3.5E-02));
#7035 = VECTOR('',#7036,1.);
#7036 = DIRECTION('',(-1.,0.,0.));
#7037 = ORIENTED_EDGE('',*,*,#6993,.T.);
#7038 = PLANE('',#7039);
#7039 = AXIS2_PLACEMENT_3D('',#7040,#7041,#7042);
#7040 = CARTESIAN_POINT('',(4.850000000001,0.4,-3.5E-02));
#7041 = DIRECTION('',(0.,1.,-0.));
#7042 = DIRECTION('',(0.,0.,1.));
#7043 = ADVANCED_FACE('NONE',(#7044),#7094,.T.);
#7044 = FACE_BOUND('',#7045,.T.);
#7045 = EDGE_LOOP('NONE',(#7046,#7047,#7055,#7063,#7071,#7079,#7087,
    #7093));
#7046 = ORIENTED_EDGE('',*,*,#6945,.F.);
#7047 = ORIENTED_EDGE('',*,*,#7048,.F.);
#7048 = EDGE_CURVE('NONE',#7049,#6937,#7051,.T.);
#7049 = VERTEX_POINT('NONE',#7050);
#7050 = CARTESIAN_POINT('',(4.850000000001,0.224961516403,0.73));
#7051 = LINE('',#7052,#7053);
#7052 = CARTESIAN_POINT('',(4.850000000001,0.224961516403,0.73));
#7053 = VECTOR('',#7054,1.);
#7054 = DIRECTION('',(-0.,-0.,-1.));
#7055 = ORIENTED_EDGE('',*,*,#7056,.T.);
#7056 = EDGE_CURVE('NONE',#7049,#7057,#7059,.T.);
#7057 = VERTEX_POINT('NONE',#7058);
#7058 = CARTESIAN_POINT('',(4.850000000001,0.4,0.73));
#7059 = LINE('',#7060,#7061);
#7060 = CARTESIAN_POINT('',(4.850000000001,0.4,0.73));
#7061 = VECTOR('',#7062,1.);
#7062 = DIRECTION('',(-0.,1.,-0.));
#7063 = ORIENTED_EDGE('',*,*,#7064,.F.);
#7064 = EDGE_CURVE('NONE',#7065,#7057,#7067,.T.);
#7065 = VERTEX_POINT('NONE',#7066);
#7066 = CARTESIAN_POINT('',(4.850000000001,0.4,0.765));
#7067 = LINE('',#7068,#7069);
#7068 = CARTESIAN_POINT('',(4.850000000001,0.4,0.765));
#7069 = VECTOR('',#7070,1.);
#7070 = DIRECTION('',(-0.,-0.,-1.));
#7071 = ORIENTED_EDGE('',*,*,#7072,.F.);
#7072 = EDGE_CURVE('NONE',#7073,#7065,#7075,.T.);
#7073 = VERTEX_POINT('NONE',#7074);
#7074 = CARTESIAN_POINT('',(4.850000000001,0.199961516403,0.765));
#7075 = LINE('',#7076,#7077);
#7076 = CARTESIAN_POINT('',(4.850000000001,0.4,0.765));
#7077 = VECTOR('',#7078,1.);
#7078 = DIRECTION('',(-0.,1.,-0.));
#7079 = ORIENTED_EDGE('',*,*,#7080,.F.);
#7080 = EDGE_CURVE('NONE',#7081,#7073,#7083,.T.);
#7081 = VERTEX_POINT('NONE',#7082);
#7082 = CARTESIAN_POINT('',(4.850000000001,0.199961516403,-3.5E-02));
#7083 = LINE('',#7084,#7085);
#7084 = CARTESIAN_POINT('',(4.850000000001,0.199961516403,-3.5E-02));
#7085 = VECTOR('',#7086,1.);
#7086 = DIRECTION('',(0.,0.,1.));
#7087 = ORIENTED_EDGE('',*,*,#7088,.T.);
#7088 = EDGE_CURVE('NONE',#7081,#7025,#7089,.T.);
#7089 = LINE('',#7090,#7091);
#7090 = CARTESIAN_POINT('',(4.850000000001,0.199961516403,-3.5E-02));
#7091 = VECTOR('',#7092,1.);
#7092 = DIRECTION('',(-5.203169244595E-14,1.,0.));
#7093 = ORIENTED_EDGE('',*,*,#7024,.T.);
#7094 = PLANE('',#7095);
#7095 = AXIS2_PLACEMENT_3D('',#7096,#7097,#7098);
#7096 = CARTESIAN_POINT('',(4.850000000001,0.199961516403,-3.5E-02));
#7097 = DIRECTION('',(1.,5.203169244595E-14,-0.));
#7098 = DIRECTION('',(-5.203169244595E-14,1.,0.));
#7099 = ADVANCED_FACE('NONE',(#7100),#7127,.F.);
#7100 = FACE_BOUND('',#7101,.F.);
#7101 = EDGE_LOOP('NONE',(#7102,#7111,#7119,#7126));
#7102 = ORIENTED_EDGE('',*,*,#7103,.F.);
#7103 = EDGE_CURVE('NONE',#7104,#7081,#7106,.T.);
#7104 = VERTEX_POINT('NONE',#7105);
#7105 = CARTESIAN_POINT('',(4.850000000001,-0.200038483597,-3.5E-02));
#7106 = CIRCLE('',#7107,0.2);
#7107 = AXIS2_PLACEMENT_3D('',#7108,#7109,#7110);
#7108 = CARTESIAN_POINT('',(4.850000000001,-3.848359675113E-05,-3.5E-02)
  );
#7109 = DIRECTION('',(-0.,0.,-1.));
#7110 = DIRECTION('',(-1.,0.,0.));
#7111 = ORIENTED_EDGE('',*,*,#7112,.T.);
#7112 = EDGE_CURVE('NONE',#7104,#7113,#7115,.T.);
#7113 = VERTEX_POINT('NONE',#7114);
#7114 = CARTESIAN_POINT('',(4.850000000001,-0.200038483597,0.765));
#7115 = LINE('',#7116,#7117);
#7116 = CARTESIAN_POINT('',(4.850000000001,-0.200038483597,-3.5E-02));
#7117 = VECTOR('',#7118,1.);
#7118 = DIRECTION('',(0.,0.,1.));
#7119 = ORIENTED_EDGE('',*,*,#7120,.T.);
#7120 = EDGE_CURVE('NONE',#7113,#7073,#7121,.T.);
#7121 = CIRCLE('',#7122,0.2);
#7122 = AXIS2_PLACEMENT_3D('',#7123,#7124,#7125);
#7123 = CARTESIAN_POINT('',(4.850000000001,-3.8483596752E-05,0.765));
#7124 = DIRECTION('',(-0.,0.,-1.));
#7125 = DIRECTION('',(-1.,0.,0.));
#7126 = ORIENTED_EDGE('',*,*,#7080,.F.);
#7127 = CYLINDRICAL_SURFACE('',#7128,0.2);
#7128 = AXIS2_PLACEMENT_3D('',#7129,#7130,#7131);
#7129 = CARTESIAN_POINT('',(4.850000000001,-3.848359675113E-05,-3.5E-02)
  );
#7130 = DIRECTION('',(0.,0.,1.));
#7131 = DIRECTION('',(1.,0.,-0.));
#7132 = ADVANCED_FACE('NONE',(#7133),#7174,.T.);
#7133 = FACE_BOUND('',#7134,.T.);
#7134 = EDGE_LOOP('NONE',(#7135,#7136,#7144,#7150,#7151,#7159,#7167,
    #7173));
#7135 = ORIENTED_EDGE('',*,*,#6977,.F.);
#7136 = ORIENTED_EDGE('',*,*,#7137,.F.);
#7137 = EDGE_CURVE('NONE',#7138,#6970,#7140,.T.);
#7138 = VERTEX_POINT('NONE',#7139);
#7139 = CARTESIAN_POINT('',(4.850000000001,-0.4,-3.5E-02));
#7140 = LINE('',#7141,#7142);
#7141 = CARTESIAN_POINT('',(4.850000000001,-0.4,-3.5E-02));
#7142 = VECTOR('',#7143,1.);
#7143 = DIRECTION('',(0.,0.,1.));
#7144 = ORIENTED_EDGE('',*,*,#7145,.T.);
#7145 = EDGE_CURVE('NONE',#7138,#7104,#7146,.T.);
#7146 = LINE('',#7147,#7148);
#7147 = CARTESIAN_POINT('',(4.850000000001,-0.4,-3.5E-02));
#7148 = VECTOR('',#7149,1.);
#7149 = DIRECTION('',(5.205171996631E-14,1.,0.));
#7150 = ORIENTED_EDGE('',*,*,#7112,.T.);
#7151 = ORIENTED_EDGE('',*,*,#7152,.F.);
#7152 = EDGE_CURVE('NONE',#7153,#7113,#7155,.T.);
#7153 = VERTEX_POINT('NONE',#7154);
#7154 = CARTESIAN_POINT('',(4.850000000001,-0.4,0.765));
#7155 = LINE('',#7156,#7157);
#7156 = CARTESIAN_POINT('',(4.850000000001,-0.200038483597,0.765));
#7157 = VECTOR('',#7158,1.);
#7158 = DIRECTION('',(-0.,1.,-0.));
#7159 = ORIENTED_EDGE('',*,*,#7160,.T.);
#7160 = EDGE_CURVE('NONE',#7153,#7161,#7163,.T.);
#7161 = VERTEX_POINT('NONE',#7162);
#7162 = CARTESIAN_POINT('',(4.850000000001,-0.4,0.73));
#7163 = LINE('',#7164,#7165);
#7164 = CARTESIAN_POINT('',(4.850000000001,-0.4,0.765));
#7165 = VECTOR('',#7166,1.);
#7166 = DIRECTION('',(-0.,-0.,-1.));
#7167 = ORIENTED_EDGE('',*,*,#7168,.T.);
#7168 = EDGE_CURVE('NONE',#7161,#6897,#7169,.T.);
#7169 = LINE('',#7170,#7171);
#7170 = CARTESIAN_POINT('',(4.850000000001,-0.200038483597,0.73));
#7171 = VECTOR('',#7172,1.);
#7172 = DIRECTION('',(-0.,1.,-0.));
#7173 = ORIENTED_EDGE('',*,*,#6922,.T.);
#7174 = PLANE('',#7175);
#7175 = AXIS2_PLACEMENT_3D('',#7176,#7177,#7178);
#7176 = CARTESIAN_POINT('',(4.850000000001,-0.4,-3.5E-02));
#7177 = DIRECTION('',(1.,-5.205171996631E-14,0.));
#7178 = DIRECTION('',(5.205171996631E-14,1.,0.));
#7179 = ADVANCED_FACE('NONE',(#7180),#7191,.T.);
#7180 = FACE_BOUND('',#7181,.T.);
#7181 = EDGE_LOOP('NONE',(#7182,#7183,#7184,#7190));
#7182 = ORIENTED_EDGE('',*,*,#6969,.F.);
#7183 = ORIENTED_EDGE('',*,*,#7009,.F.);
#7184 = ORIENTED_EDGE('',*,*,#7185,.T.);
#7185 = EDGE_CURVE('NONE',#7002,#7138,#7186,.T.);
#7186 = LINE('',#7187,#7188);
#7187 = CARTESIAN_POINT('',(3.850000000001,-0.4,-3.5E-02));
#7188 = VECTOR('',#7189,1.);
#7189 = DIRECTION('',(1.,0.,0.));
#7190 = ORIENTED_EDGE('',*,*,#7137,.T.);
#7191 = PLANE('',#7192);
#7192 = AXIS2_PLACEMENT_3D('',#7193,#7194,#7195);
#7193 = CARTESIAN_POINT('',(3.850000000001,-0.4,-3.5E-02));
#7194 = DIRECTION('',(0.,-1.,0.));
#7195 = DIRECTION('',(0.,-0.,-1.));
#7196 = ADVANCED_FACE('NONE',(#7197),#7205,.T.);
#7197 = FACE_BOUND('',#7198,.T.);
#7198 = EDGE_LOOP('NONE',(#7199,#7200,#7201,#7202,#7203,#7204));
#7199 = ORIENTED_EDGE('',*,*,#7001,.F.);
#7200 = ORIENTED_EDGE('',*,*,#7032,.F.);
#7201 = ORIENTED_EDGE('',*,*,#7088,.F.);
#7202 = ORIENTED_EDGE('',*,*,#7103,.F.);
#7203 = ORIENTED_EDGE('',*,*,#7145,.F.);
#7204 = ORIENTED_EDGE('',*,*,#7185,.F.);
#7205 = PLANE('',#7206);
#7206 = AXIS2_PLACEMENT_3D('',#7207,#7208,#7209);
#7207 = CARTESIAN_POINT('',(4.850000000001,-3.848359675113E-05,-3.5E-02)
  );
#7208 = DIRECTION('',(-0.,0.,-1.));
#7209 = DIRECTION('',(-1.,0.,0.));
#7210 = ADVANCED_FACE('NONE',(#7211),#7223,.T.);
#7211 = FACE_BOUND('',#7212,.T.);
#7212 = EDGE_LOOP('NONE',(#7213,#7214,#7221,#7222));
#7213 = ORIENTED_EDGE('',*,*,#6905,.F.);
#7214 = ORIENTED_EDGE('',*,*,#7215,.F.);
#7215 = EDGE_CURVE('NONE',#7049,#6895,#7216,.T.);
#7216 = CIRCLE('',#7217,0.225);
#7217 = AXIS2_PLACEMENT_3D('',#7218,#7219,#7220);
#7218 = CARTESIAN_POINT('',(4.850000000001,-3.8483596752E-05,0.73));
#7219 = DIRECTION('',(0.,0.,1.));
#7220 = DIRECTION('',(-1.,0.,0.));
#7221 = ORIENTED_EDGE('',*,*,#7048,.T.);
#7222 = ORIENTED_EDGE('',*,*,#6936,.T.);
#7223 = CYLINDRICAL_SURFACE('',#7224,0.225);
#7224 = AXIS2_PLACEMENT_3D('',#7225,#7226,#7227);
#7225 = CARTESIAN_POINT('',(4.850000000001,-3.8483596752E-05,0.73));
#7226 = DIRECTION('',(-0.,-0.,-1.));
#7227 = DIRECTION('',(-1.,0.,0.));
#7228 = ADVANCED_FACE('NONE',(#7229),#7254,.F.);
#7229 = FACE_BOUND('',#7230,.T.);
#7230 = EDGE_LOOP('NONE',(#7231,#7239,#7247,#7253));
#7231 = ORIENTED_EDGE('',*,*,#7232,.T.);
#7232 = EDGE_CURVE('NONE',#7057,#7233,#7235,.T.);
#7233 = VERTEX_POINT('NONE',#7234);
#7234 = CARTESIAN_POINT('',(4.450000000001,0.4,0.73));
#7235 = LINE('',#7236,#7237);
#7236 = CARTESIAN_POINT('',(4.850000000001,0.4,0.73));
#7237 = VECTOR('',#7238,1.);
#7238 = DIRECTION('',(-1.,0.,0.));
#7239 = ORIENTED_EDGE('',*,*,#7240,.F.);
#7240 = EDGE_CURVE('NONE',#7241,#7233,#7243,.T.);
#7241 = VERTEX_POINT('NONE',#7242);
#7242 = CARTESIAN_POINT('',(4.450000000001,0.4,0.765));
#7243 = LINE('',#7244,#7245);
#7244 = CARTESIAN_POINT('',(4.450000000001,0.4,0.765));
#7245 = VECTOR('',#7246,1.);
#7246 = DIRECTION('',(-0.,-0.,-1.));
#7247 = ORIENTED_EDGE('',*,*,#7248,.F.);
#7248 = EDGE_CURVE('NONE',#7065,#7241,#7249,.T.);
#7249 = LINE('',#7250,#7251);
#7250 = CARTESIAN_POINT('',(4.850000000001,0.4,0.765));
#7251 = VECTOR('',#7252,1.);
#7252 = DIRECTION('',(-1.,0.,0.));
#7253 = ORIENTED_EDGE('',*,*,#7064,.T.);
#7254 = PLANE('',#7255);
#7255 = AXIS2_PLACEMENT_3D('',#7256,#7257,#7258);
#7256 = CARTESIAN_POINT('',(4.850000000001,0.4,0.765));
#7257 = DIRECTION('',(0.,-1.,0.));
#7258 = DIRECTION('',(0.,-0.,-1.));
#7259 = ADVANCED_FACE('NONE',(#7260),#7285,.F.);
#7260 = FACE_BOUND('',#7261,.T.);
#7261 = EDGE_LOOP('NONE',(#7262,#7270,#7278,#7284));
#7262 = ORIENTED_EDGE('',*,*,#7263,.T.);
#7263 = EDGE_CURVE('NONE',#7233,#7264,#7266,.T.);
#7264 = VERTEX_POINT('NONE',#7265);
#7265 = CARTESIAN_POINT('',(4.450000000001,-0.4,0.73));
#7266 = LINE('',#7267,#7268);
#7267 = CARTESIAN_POINT('',(4.450000000001,0.4,0.73));
#7268 = VECTOR('',#7269,1.);
#7269 = DIRECTION('',(0.,-1.,0.));
#7270 = ORIENTED_EDGE('',*,*,#7271,.F.);
#7271 = EDGE_CURVE('NONE',#7272,#7264,#7274,.T.);
#7272 = VERTEX_POINT('NONE',#7273);
#7273 = CARTESIAN_POINT('',(4.450000000001,-0.4,0.765));
#7274 = LINE('',#7275,#7276);
#7275 = CARTESIAN_POINT('',(4.450000000001,-0.4,0.765));
#7276 = VECTOR('',#7277,1.);
#7277 = DIRECTION('',(-0.,-0.,-1.));
#7278 = ORIENTED_EDGE('',*,*,#7279,.F.);
#7279 = EDGE_CURVE('NONE',#7241,#7272,#7280,.T.);
#7280 = LINE('',#7281,#7282);
#7281 = CARTESIAN_POINT('',(4.450000000001,0.4,0.765));
#7282 = VECTOR('',#7283,1.);
#7283 = DIRECTION('',(0.,-1.,0.));
#7284 = ORIENTED_EDGE('',*,*,#7240,.T.);
#7285 = PLANE('',#7286);
#7286 = AXIS2_PLACEMENT_3D('',#7287,#7288,#7289);
#7287 = CARTESIAN_POINT('',(4.450000000001,0.4,0.765));
#7288 = DIRECTION('',(1.,0.,-0.));
#7289 = DIRECTION('',(-0.,0.,-1.));
#7290 = ADVANCED_FACE('NONE',(#7291),#7307,.F.);
#7291 = FACE_BOUND('',#7292,.T.);
#7292 = EDGE_LOOP('NONE',(#7293,#7299,#7300,#7306));
#7293 = ORIENTED_EDGE('',*,*,#7294,.T.);
#7294 = EDGE_CURVE('NONE',#7264,#7161,#7295,.T.);
#7295 = LINE('',#7296,#7297);
#7296 = CARTESIAN_POINT('',(4.450000000001,-0.4,0.73));
#7297 = VECTOR('',#7298,1.);
#7298 = DIRECTION('',(1.,0.,0.));
#7299 = ORIENTED_EDGE('',*,*,#7160,.F.);
#7300 = ORIENTED_EDGE('',*,*,#7301,.F.);
#7301 = EDGE_CURVE('NONE',#7272,#7153,#7302,.T.);
#7302 = LINE('',#7303,#7304);
#7303 = CARTESIAN_POINT('',(4.450000000001,-0.4,0.765));
#7304 = VECTOR('',#7305,1.);
#7305 = DIRECTION('',(1.,0.,0.));
#7306 = ORIENTED_EDGE('',*,*,#7271,.T.);
#7307 = PLANE('',#7308);
#7308 = AXIS2_PLACEMENT_3D('',#7309,#7310,#7311);
#7309 = CARTESIAN_POINT('',(4.450000000001,-0.4,0.765));
#7310 = DIRECTION('',(0.,1.,0.));
#7311 = DIRECTION('',(0.,-0.,1.));
#7312 = ADVANCED_FACE('NONE',(#7313),#7321,.F.);
#7313 = FACE_BOUND('',#7314,.T.);
#7314 = EDGE_LOOP('NONE',(#7315,#7316,#7317,#7318,#7319,#7320));
#7315 = ORIENTED_EDGE('',*,*,#7120,.T.);
#7316 = ORIENTED_EDGE('',*,*,#7072,.T.);
#7317 = ORIENTED_EDGE('',*,*,#7248,.T.);
#7318 = ORIENTED_EDGE('',*,*,#7279,.T.);
#7319 = ORIENTED_EDGE('',*,*,#7301,.T.);
#7320 = ORIENTED_EDGE('',*,*,#7152,.T.);
#7321 = PLANE('',#7322);
#7322 = AXIS2_PLACEMENT_3D('',#7323,#7324,#7325);
#7323 = CARTESIAN_POINT('',(4.850000000001,-3.8483596752E-05,0.765));
#7324 = DIRECTION('',(-0.,0.,-1.));
#7325 = DIRECTION('',(-1.,0.,0.));
#7326 = ADVANCED_FACE('NONE',(#7327),#7336,.T.);
#7327 = FACE_BOUND('',#7328,.T.);
#7328 = EDGE_LOOP('NONE',(#7329,#7330,#7331,#7332,#7333,#7334,#7335));
#7329 = ORIENTED_EDGE('',*,*,#7056,.F.);
#7330 = ORIENTED_EDGE('',*,*,#7215,.T.);
#7331 = ORIENTED_EDGE('',*,*,#6894,.T.);
#7332 = ORIENTED_EDGE('',*,*,#7168,.F.);
#7333 = ORIENTED_EDGE('',*,*,#7294,.F.);
#7334 = ORIENTED_EDGE('',*,*,#7263,.F.);
#7335 = ORIENTED_EDGE('',*,*,#7232,.F.);
#7336 = PLANE('',#7337);
#7337 = AXIS2_PLACEMENT_3D('',#7338,#7339,#7340);
#7338 = CARTESIAN_POINT('',(4.850000000001,-3.8483596752E-05,0.73));
#7339 = DIRECTION('',(-0.,0.,-1.));
#7340 = DIRECTION('',(-1.,0.,0.));
#7341 = MANIFOLD_SOLID_BREP('Aufsatz-Linear austragen13[6]',#7342);
#7342 = CLOSED_SHELL('NONE',(#7343,#7385,#7425,#7456,#7519,#7543,#7606,
    #7628,#7643,#7663,#7681,#7714,#7745,#7762,#7779));
#7343 = ADVANCED_FACE('NONE',(#7344),#7380,.F.);
#7344 = FACE_BOUND('',#7345,.F.);
#7345 = EDGE_LOOP('NONE',(#7346,#7356,#7365,#7373));
#7346 = ORIENTED_EDGE('',*,*,#7347,.T.);
#7347 = EDGE_CURVE('NONE',#7348,#7350,#7352,.T.);
#7348 = VERTEX_POINT('NONE',#7349);
#7349 = CARTESIAN_POINT('',(-4.850000000001,-2.000038483597,-3.5E-02));
#7350 = VERTEX_POINT('NONE',#7351);
#7351 = CARTESIAN_POINT('',(-4.850000000001,-2.000038483597,0.765));
#7352 = LINE('',#7353,#7354);
#7353 = CARTESIAN_POINT('',(-4.850000000001,-2.000038483597,-3.5E-02));
#7354 = VECTOR('',#7355,1.);
#7355 = DIRECTION('',(0.,0.,1.));
#7356 = ORIENTED_EDGE('',*,*,#7357,.T.);
#7357 = EDGE_CURVE('NONE',#7350,#7358,#7360,.T.);
#7358 = VERTEX_POINT('NONE',#7359);
#7359 = CARTESIAN_POINT('',(-4.650000000001,-2.200038483597,0.765));
#7360 = CIRCLE('',#7361,0.2);
#7361 = AXIS2_PLACEMENT_3D('',#7362,#7363,#7364);
#7362 = CARTESIAN_POINT('',(-4.850000000001,-2.200038483597,0.765));
#7363 = DIRECTION('',(0.,0.,-1.));
#7364 = DIRECTION('',(1.,0.,0.));
#7365 = ORIENTED_EDGE('',*,*,#7366,.F.);
#7366 = EDGE_CURVE('NONE',#7367,#7358,#7369,.T.);
#7367 = VERTEX_POINT('NONE',#7368);
#7368 = CARTESIAN_POINT('',(-4.650000000001,-2.200038483597,-3.5E-02));
#7369 = LINE('',#7370,#7371);
#7370 = CARTESIAN_POINT('',(-4.650000000001,-2.200038483597,-3.5E-02));
#7371 = VECTOR('',#7372,1.);
#7372 = DIRECTION('',(0.,0.,1.));
#7373 = ORIENTED_EDGE('',*,*,#7374,.F.);
#7374 = EDGE_CURVE('NONE',#7348,#7367,#7375,.T.);
#7375 = CIRCLE('',#7376,0.2);
#7376 = AXIS2_PLACEMENT_3D('',#7377,#7378,#7379);
#7377 = CARTESIAN_POINT('',(-4.850000000001,-2.200038483597,-3.5E-02));
#7378 = DIRECTION('',(0.,0.,-1.));
#7379 = DIRECTION('',(1.,0.,0.));
#7380 = CYLINDRICAL_SURFACE('',#7381,0.2);
#7381 = AXIS2_PLACEMENT_3D('',#7382,#7383,#7384);
#7382 = CARTESIAN_POINT('',(-4.850000000001,-2.200038483597,-3.5E-02));
#7383 = DIRECTION('',(0.,0.,1.));
#7384 = DIRECTION('',(1.,0.,-0.));
#7385 = ADVANCED_FACE('NONE',(#7386),#7420,.T.);
#7386 = FACE_BOUND('',#7387,.T.);
#7387 = EDGE_LOOP('NONE',(#7388,#7398,#7406,#7414));
#7388 = ORIENTED_EDGE('',*,*,#7389,.F.);
#7389 = EDGE_CURVE('NONE',#7390,#7392,#7394,.T.);
#7390 = VERTEX_POINT('NONE',#7391);
#7391 = CARTESIAN_POINT('',(-3.850000000001,-2.6,0.));
#7392 = VERTEX_POINT('NONE',#7393);
#7393 = CARTESIAN_POINT('',(-3.850000000001,-1.8,0.));
#7394 = LINE('',#7395,#7396);
#7395 = CARTESIAN_POINT('',(-3.850000000001,-1.8,0.));
#7396 = VECTOR('',#7397,1.);
#7397 = DIRECTION('',(-0.,1.,-0.));
#7398 = ORIENTED_EDGE('',*,*,#7399,.F.);
#7399 = EDGE_CURVE('NONE',#7400,#7390,#7402,.T.);
#7400 = VERTEX_POINT('NONE',#7401);
#7401 = CARTESIAN_POINT('',(-3.850000000001,-2.6,-3.5E-02));
#7402 = LINE('',#7403,#7404);
#7403 = CARTESIAN_POINT('',(-3.850000000001,-2.6,-3.5E-02));
#7404 = VECTOR('',#7405,1.);
#7405 = DIRECTION('',(0.,0.,1.));
#7406 = ORIENTED_EDGE('',*,*,#7407,.T.);
#7407 = EDGE_CURVE('NONE',#7400,#7408,#7410,.T.);
#7408 = VERTEX_POINT('NONE',#7409);
#7409 = CARTESIAN_POINT('',(-3.850000000001,-1.8,-3.5E-02));
#7410 = LINE('',#7411,#7412);
#7411 = CARTESIAN_POINT('',(-3.850000000001,-1.8,-3.5E-02));
#7412 = VECTOR('',#7413,1.);
#7413 = DIRECTION('',(-0.,1.,-0.));
#7414 = ORIENTED_EDGE('',*,*,#7415,.T.);
#7415 = EDGE_CURVE('NONE',#7408,#7392,#7416,.T.);
#7416 = LINE('',#7417,#7418);
#7417 = CARTESIAN_POINT('',(-3.850000000001,-1.8,-3.5E-02));
#7418 = VECTOR('',#7419,1.);
#7419 = DIRECTION('',(0.,0.,1.));
#7420 = PLANE('',#7421);
#7421 = AXIS2_PLACEMENT_3D('',#7422,#7423,#7424);
#7422 = CARTESIAN_POINT('',(-3.850000000001,-1.8,-3.5E-02));
#7423 = DIRECTION('',(1.,0.,-0.));
#7424 = DIRECTION('',(-0.,0.,-1.));
#7425 = ADVANCED_FACE('NONE',(#7426),#7451,.T.);
#7426 = FACE_BOUND('',#7427,.T.);
#7427 = EDGE_LOOP('NONE',(#7428,#7436,#7444,#7450));
#7428 = ORIENTED_EDGE('',*,*,#7429,.F.);
#7429 = EDGE_CURVE('NONE',#7430,#7390,#7432,.T.);
#7430 = VERTEX_POINT('NONE',#7431);
#7431 = CARTESIAN_POINT('',(-4.850000000001,-2.6,0.));
#7432 = LINE('',#7433,#7434);
#7433 = CARTESIAN_POINT('',(-3.850000000001,-2.6,0.));
#7434 = VECTOR('',#7435,1.);
#7435 = DIRECTION('',(1.,-0.,-0.));
#7436 = ORIENTED_EDGE('',*,*,#7437,.F.);
#7437 = EDGE_CURVE('NONE',#7438,#7430,#7440,.T.);
#7438 = VERTEX_POINT('NONE',#7439);
#7439 = CARTESIAN_POINT('',(-4.850000000001,-2.6,-3.5E-02));
#7440 = LINE('',#7441,#7442);
#7441 = CARTESIAN_POINT('',(-4.850000000001,-2.6,-3.5E-02));
#7442 = VECTOR('',#7443,1.);
#7443 = DIRECTION('',(0.,0.,1.));
#7444 = ORIENTED_EDGE('',*,*,#7445,.T.);
#7445 = EDGE_CURVE('NONE',#7438,#7400,#7446,.T.);
#7446 = LINE('',#7447,#7448);
#7447 = CARTESIAN_POINT('',(-3.850000000001,-2.6,-3.5E-02));
#7448 = VECTOR('',#7449,1.);
#7449 = DIRECTION('',(1.,-0.,-0.));
#7450 = ORIENTED_EDGE('',*,*,#7399,.T.);
#7451 = PLANE('',#7452);
#7452 = AXIS2_PLACEMENT_3D('',#7453,#7454,#7455);
#7453 = CARTESIAN_POINT('',(-3.850000000001,-2.6,-3.5E-02));
#7454 = DIRECTION('',(0.,-1.,0.));
#7455 = DIRECTION('',(0.,-0.,-1.));
#7456 = ADVANCED_FACE('NONE',(#7457),#7514,.T.);
#7457 = FACE_BOUND('',#7458,.T.);
#7458 = EDGE_LOOP('NONE',(#7459,#7467,#7475,#7483,#7491,#7499,#7507,
    #7513));
#7459 = ORIENTED_EDGE('',*,*,#7460,.F.);
#7460 = EDGE_CURVE('NONE',#7461,#7430,#7463,.T.);
#7461 = VERTEX_POINT('NONE',#7462);
#7462 = CARTESIAN_POINT('',(-4.850000000001,-2.425038483597,0.));
#7463 = LINE('',#7464,#7465);
#7464 = CARTESIAN_POINT('',(-4.850000000001,-2.400038483597,0.));
#7465 = VECTOR('',#7466,1.);
#7466 = DIRECTION('',(0.,-1.,0.));
#7467 = ORIENTED_EDGE('',*,*,#7468,.F.);
#7468 = EDGE_CURVE('NONE',#7469,#7461,#7471,.T.);
#7469 = VERTEX_POINT('NONE',#7470);
#7470 = CARTESIAN_POINT('',(-4.850000000001,-2.425038483597,0.73));
#7471 = LINE('',#7472,#7473);
#7472 = CARTESIAN_POINT('',(-4.850000000001,-2.425038483597,0.73));
#7473 = VECTOR('',#7474,1.);
#7474 = DIRECTION('',(-0.,-0.,-1.));
#7475 = ORIENTED_EDGE('',*,*,#7476,.T.);
#7476 = EDGE_CURVE('NONE',#7469,#7477,#7479,.T.);
#7477 = VERTEX_POINT('NONE',#7478);
#7478 = CARTESIAN_POINT('',(-4.850000000001,-2.6,0.73));
#7479 = LINE('',#7480,#7481);
#7480 = CARTESIAN_POINT('',(-4.850000000001,-2.400038483597,0.73));
#7481 = VECTOR('',#7482,1.);
#7482 = DIRECTION('',(0.,-1.,0.));
#7483 = ORIENTED_EDGE('',*,*,#7484,.F.);
#7484 = EDGE_CURVE('NONE',#7485,#7477,#7487,.T.);
#7485 = VERTEX_POINT('NONE',#7486);
#7486 = CARTESIAN_POINT('',(-4.850000000001,-2.6,0.765));
#7487 = LINE('',#7488,#7489);
#7488 = CARTESIAN_POINT('',(-4.850000000001,-2.6,0.765));
#7489 = VECTOR('',#7490,1.);
#7490 = DIRECTION('',(-0.,-0.,-1.));
#7491 = ORIENTED_EDGE('',*,*,#7492,.F.);
#7492 = EDGE_CURVE('NONE',#7493,#7485,#7495,.T.);
#7493 = VERTEX_POINT('NONE',#7494);
#7494 = CARTESIAN_POINT('',(-4.850000000001,-2.400038483597,0.765));
#7495 = LINE('',#7496,#7497);
#7496 = CARTESIAN_POINT('',(-4.850000000001,-2.400038483597,0.765));
#7497 = VECTOR('',#7498,1.);
#7498 = DIRECTION('',(0.,-1.,0.));
#7499 = ORIENTED_EDGE('',*,*,#7500,.F.);
#7500 = EDGE_CURVE('NONE',#7501,#7493,#7503,.T.);
#7501 = VERTEX_POINT('NONE',#7502);
#7502 = CARTESIAN_POINT('',(-4.850000000001,-2.400038483597,-3.5E-02));
#7503 = LINE('',#7504,#7505);
#7504 = CARTESIAN_POINT('',(-4.850000000001,-2.400038483597,-3.5E-02));
#7505 = VECTOR('',#7506,1.);
#7506 = DIRECTION('',(0.,0.,1.));
#7507 = ORIENTED_EDGE('',*,*,#7508,.T.);
#7508 = EDGE_CURVE('NONE',#7501,#7438,#7509,.T.);
#7509 = LINE('',#7510,#7511);
#7510 = CARTESIAN_POINT('',(-4.850000000001,-2.400038483597,-3.5E-02));
#7511 = VECTOR('',#7512,1.);
#7512 = DIRECTION('',(0.,-1.,0.));
#7513 = ORIENTED_EDGE('',*,*,#7437,.T.);
#7514 = PLANE('',#7515);
#7515 = AXIS2_PLACEMENT_3D('',#7516,#7517,#7518);
#7516 = CARTESIAN_POINT('',(-4.850000000001,-2.400038483597,-3.5E-02));
#7517 = DIRECTION('',(-1.,0.,0.));
#7518 = DIRECTION('',(0.,0.,1.));
#7519 = ADVANCED_FACE('NONE',(#7520),#7538,.F.);
#7520 = FACE_BOUND('',#7521,.F.);
#7521 = EDGE_LOOP('NONE',(#7522,#7529,#7530,#7537));
#7522 = ORIENTED_EDGE('',*,*,#7523,.T.);
#7523 = EDGE_CURVE('NONE',#7358,#7493,#7524,.T.);
#7524 = CIRCLE('',#7525,0.2);
#7525 = AXIS2_PLACEMENT_3D('',#7526,#7527,#7528);
#7526 = CARTESIAN_POINT('',(-4.850000000001,-2.200038483597,0.765));
#7527 = DIRECTION('',(0.,0.,-1.));
#7528 = DIRECTION('',(1.,0.,0.));
#7529 = ORIENTED_EDGE('',*,*,#7500,.F.);
#7530 = ORIENTED_EDGE('',*,*,#7531,.F.);
#7531 = EDGE_CURVE('NONE',#7367,#7501,#7532,.T.);
#7532 = CIRCLE('',#7533,0.2);
#7533 = AXIS2_PLACEMENT_3D('',#7534,#7535,#7536);
#7534 = CARTESIAN_POINT('',(-4.850000000001,-2.200038483597,-3.5E-02));
#7535 = DIRECTION('',(0.,0.,-1.));
#7536 = DIRECTION('',(1.,0.,0.));
#7537 = ORIENTED_EDGE('',*,*,#7366,.T.);
#7538 = CYLINDRICAL_SURFACE('',#7539,0.2);
#7539 = AXIS2_PLACEMENT_3D('',#7540,#7541,#7542);
#7540 = CARTESIAN_POINT('',(-4.850000000001,-2.200038483597,-3.5E-02));
#7541 = DIRECTION('',(0.,0.,1.));
#7542 = DIRECTION('',(1.,0.,-0.));
#7543 = ADVANCED_FACE('NONE',(#7544),#7601,.T.);
#7544 = FACE_BOUND('',#7545,.T.);
#7545 = EDGE_LOOP('NONE',(#7546,#7556,#7564,#7570,#7571,#7579,#7587,
    #7595));
#7546 = ORIENTED_EDGE('',*,*,#7547,.F.);
#7547 = EDGE_CURVE('NONE',#7548,#7550,#7552,.T.);
#7548 = VERTEX_POINT('NONE',#7549);
#7549 = CARTESIAN_POINT('',(-4.850000000001,-1.8,0.));
#7550 = VERTEX_POINT('NONE',#7551);
#7551 = CARTESIAN_POINT('',(-4.850000000001,-1.975038483597,0.));
#7552 = LINE('',#7553,#7554);
#7553 = CARTESIAN_POINT('',(-4.850000000001,-1.8,0.));
#7554 = VECTOR('',#7555,1.);
#7555 = DIRECTION('',(1.214072823739E-13,-1.,0.));
#7556 = ORIENTED_EDGE('',*,*,#7557,.F.);
#7557 = EDGE_CURVE('NONE',#7558,#7548,#7560,.T.);
#7558 = VERTEX_POINT('NONE',#7559);
#7559 = CARTESIAN_POINT('',(-4.850000000001,-1.8,-3.5E-02));
#7560 = LINE('',#7561,#7562);
#7561 = CARTESIAN_POINT('',(-4.850000000001,-1.8,-3.5E-02));
#7562 = VECTOR('',#7563,1.);
#7563 = DIRECTION('',(0.,0.,1.));
#7564 = ORIENTED_EDGE('',*,*,#7565,.T.);
#7565 = EDGE_CURVE('NONE',#7558,#7348,#7566,.T.);
#7566 = LINE('',#7567,#7568);
#7567 = CARTESIAN_POINT('',(-4.850000000001,-1.8,-3.5E-02));
#7568 = VECTOR('',#7569,1.);
#7569 = DIRECTION('',(1.214072823739E-13,-1.,0.));
#7570 = ORIENTED_EDGE('',*,*,#7347,.T.);
#7571 = ORIENTED_EDGE('',*,*,#7572,.F.);
#7572 = EDGE_CURVE('NONE',#7573,#7350,#7575,.T.);
#7573 = VERTEX_POINT('NONE',#7574);
#7574 = CARTESIAN_POINT('',(-4.850000000001,-1.8,0.765));
#7575 = LINE('',#7576,#7577);
#7576 = CARTESIAN_POINT('',(-4.850000000001,-1.8,0.765));
#7577 = VECTOR('',#7578,1.);
#7578 = DIRECTION('',(1.214072823739E-13,-1.,0.));
#7579 = ORIENTED_EDGE('',*,*,#7580,.T.);
#7580 = EDGE_CURVE('NONE',#7573,#7581,#7583,.T.);
#7581 = VERTEX_POINT('NONE',#7582);
#7582 = CARTESIAN_POINT('',(-4.850000000001,-1.8,0.73));
#7583 = LINE('',#7584,#7585);
#7584 = CARTESIAN_POINT('',(-4.850000000001,-1.8,0.765));
#7585 = VECTOR('',#7586,1.);
#7586 = DIRECTION('',(-0.,-0.,-1.));
#7587 = ORIENTED_EDGE('',*,*,#7588,.T.);
#7588 = EDGE_CURVE('NONE',#7581,#7589,#7591,.T.);
#7589 = VERTEX_POINT('NONE',#7590);
#7590 = CARTESIAN_POINT('',(-4.850000000001,-1.975038483597,0.73));
#7591 = LINE('',#7592,#7593);
#7592 = CARTESIAN_POINT('',(-4.850000000001,-1.8,0.73));
#7593 = VECTOR('',#7594,1.);
#7594 = DIRECTION('',(1.214072823739E-13,-1.,0.));
#7595 = ORIENTED_EDGE('',*,*,#7596,.T.);
#7596 = EDGE_CURVE('NONE',#7589,#7550,#7597,.T.);
#7597 = LINE('',#7598,#7599);
#7598 = CARTESIAN_POINT('',(-4.850000000001,-1.975038483597,0.73));
#7599 = VECTOR('',#7600,1.);
#7600 = DIRECTION('',(-0.,-0.,-1.));
#7601 = PLANE('',#7602);
#7602 = AXIS2_PLACEMENT_3D('',#7603,#7604,#7605);
#7603 = CARTESIAN_POINT('',(-4.850000000001,-1.8,-3.5E-02));
#7604 = DIRECTION('',(-1.,-1.214072823739E-13,0.));
#7605 = DIRECTION('',(1.214072823739E-13,-1.,0.));
#7606 = ADVANCED_FACE('NONE',(#7607),#7623,.T.);
#7607 = FACE_BOUND('',#7608,.T.);
#7608 = EDGE_LOOP('NONE',(#7609,#7615,#7616,#7622));
#7609 = ORIENTED_EDGE('',*,*,#7610,.F.);
#7610 = EDGE_CURVE('NONE',#7392,#7548,#7611,.T.);
#7611 = LINE('',#7612,#7613);
#7612 = CARTESIAN_POINT('',(-4.850000000001,-1.8,0.));
#7613 = VECTOR('',#7614,1.);
#7614 = DIRECTION('',(-1.,-0.,-0.));
#7615 = ORIENTED_EDGE('',*,*,#7415,.F.);
#7616 = ORIENTED_EDGE('',*,*,#7617,.T.);
#7617 = EDGE_CURVE('NONE',#7408,#7558,#7618,.T.);
#7618 = LINE('',#7619,#7620);
#7619 = CARTESIAN_POINT('',(-4.850000000001,-1.8,-3.5E-02));
#7620 = VECTOR('',#7621,1.);
#7621 = DIRECTION('',(-1.,-0.,-0.));
#7622 = ORIENTED_EDGE('',*,*,#7557,.T.);
#7623 = PLANE('',#7624);
#7624 = AXIS2_PLACEMENT_3D('',#7625,#7626,#7627);
#7625 = CARTESIAN_POINT('',(-4.850000000001,-1.8,-3.5E-02));
#7626 = DIRECTION('',(0.,1.,0.));
#7627 = DIRECTION('',(0.,-0.,1.));
#7628 = ADVANCED_FACE('NONE',(#7629),#7638,.F.);
#7629 = FACE_BOUND('',#7630,.T.);
#7630 = EDGE_LOOP('NONE',(#7631,#7632,#7633,#7634,#7635,#7636,#7637));
#7631 = ORIENTED_EDGE('',*,*,#7407,.F.);
#7632 = ORIENTED_EDGE('',*,*,#7445,.F.);
#7633 = ORIENTED_EDGE('',*,*,#7508,.F.);
#7634 = ORIENTED_EDGE('',*,*,#7531,.F.);
#7635 = ORIENTED_EDGE('',*,*,#7374,.F.);
#7636 = ORIENTED_EDGE('',*,*,#7565,.F.);
#7637 = ORIENTED_EDGE('',*,*,#7617,.F.);
#7638 = PLANE('',#7639);
#7639 = AXIS2_PLACEMENT_3D('',#7640,#7641,#7642);
#7640 = CARTESIAN_POINT('',(-4.850000000001,-2.200038483597,-3.5E-02));
#7641 = DIRECTION('',(0.,0.,1.));
#7642 = DIRECTION('',(1.,0.,-0.));
#7643 = ADVANCED_FACE('NONE',(#7644),#7658,.T.);
#7644 = FACE_BOUND('',#7645,.T.);
#7645 = EDGE_LOOP('NONE',(#7646,#7653,#7654,#7655,#7656,#7657));
#7646 = ORIENTED_EDGE('',*,*,#7647,.F.);
#7647 = EDGE_CURVE('NONE',#7461,#7550,#7648,.T.);
#7648 = CIRCLE('',#7649,0.225);
#7649 = AXIS2_PLACEMENT_3D('',#7650,#7651,#7652);
#7650 = CARTESIAN_POINT('',(-4.850000000001,-2.200038483597,0.));
#7651 = DIRECTION('',(0.,0.,1.));
#7652 = DIRECTION('',(1.,0.,-0.));
#7653 = ORIENTED_EDGE('',*,*,#7460,.T.);
#7654 = ORIENTED_EDGE('',*,*,#7429,.T.);
#7655 = ORIENTED_EDGE('',*,*,#7389,.T.);
#7656 = ORIENTED_EDGE('',*,*,#7610,.T.);
#7657 = ORIENTED_EDGE('',*,*,#7547,.T.);
#7658 = PLANE('',#7659);
#7659 = AXIS2_PLACEMENT_3D('',#7660,#7661,#7662);
#7660 = CARTESIAN_POINT('',(-4.850000000001,-2.200038483597,0.));
#7661 = DIRECTION('',(0.,0.,1.));
#7662 = DIRECTION('',(1.,0.,-0.));
#7663 = ADVANCED_FACE('NONE',(#7664),#7676,.T.);
#7664 = FACE_BOUND('',#7665,.T.);
#7665 = EDGE_LOOP('NONE',(#7666,#7667,#7668,#7675));
#7666 = ORIENTED_EDGE('',*,*,#7647,.T.);
#7667 = ORIENTED_EDGE('',*,*,#7596,.F.);
#7668 = ORIENTED_EDGE('',*,*,#7669,.F.);
#7669 = EDGE_CURVE('NONE',#7469,#7589,#7670,.T.);
#7670 = CIRCLE('',#7671,0.225);
#7671 = AXIS2_PLACEMENT_3D('',#7672,#7673,#7674);
#7672 = CARTESIAN_POINT('',(-4.850000000001,-2.200038483597,0.73));
#7673 = DIRECTION('',(0.,0.,1.));
#7674 = DIRECTION('',(1.,0.,-0.));
#7675 = ORIENTED_EDGE('',*,*,#7468,.T.);
#7676 = CYLINDRICAL_SURFACE('',#7677,0.225);
#7677 = AXIS2_PLACEMENT_3D('',#7678,#7679,#7680);
#7678 = CARTESIAN_POINT('',(-4.850000000001,-2.200038483597,0.73));
#7679 = DIRECTION('',(-0.,-0.,-1.));
#7680 = DIRECTION('',(-1.,0.,0.));
#7681 = ADVANCED_FACE('NONE',(#7682),#7709,.F.);
#7682 = FACE_BOUND('',#7683,.T.);
#7683 = EDGE_LOOP('NONE',(#7684,#7685,#7686,#7687,#7695,#7703));
#7684 = ORIENTED_EDGE('',*,*,#7476,.F.);
#7685 = ORIENTED_EDGE('',*,*,#7669,.T.);
#7686 = ORIENTED_EDGE('',*,*,#7588,.F.);
#7687 = ORIENTED_EDGE('',*,*,#7688,.F.);
#7688 = EDGE_CURVE('NONE',#7689,#7581,#7691,.T.);
#7689 = VERTEX_POINT('NONE',#7690);
#7690 = CARTESIAN_POINT('',(-4.450000000001,-1.8,0.73));
#7691 = LINE('',#7692,#7693);
#7692 = CARTESIAN_POINT('',(-4.850000000001,-1.8,0.73));
#7693 = VECTOR('',#7694,1.);
#7694 = DIRECTION('',(-1.,-0.,-0.));
#7695 = ORIENTED_EDGE('',*,*,#7696,.F.);
#7696 = EDGE_CURVE('NONE',#7697,#7689,#7699,.T.);
#7697 = VERTEX_POINT('NONE',#7698);
#7698 = CARTESIAN_POINT('',(-4.450000000001,-2.6,0.73));
#7699 = LINE('',#7700,#7701);
#7700 = CARTESIAN_POINT('',(-4.450000000001,-1.8,0.73));
#7701 = VECTOR('',#7702,1.);
#7702 = DIRECTION('',(-0.,1.,-0.));
#7703 = ORIENTED_EDGE('',*,*,#7704,.F.);
#7704 = EDGE_CURVE('NONE',#7477,#7697,#7705,.T.);
#7705 = LINE('',#7706,#7707);
#7706 = CARTESIAN_POINT('',(-4.450000000001,-2.6,0.73));
#7707 = VECTOR('',#7708,1.);
#7708 = DIRECTION('',(1.,-0.,-0.));
#7709 = PLANE('',#7710);
#7710 = AXIS2_PLACEMENT_3D('',#7711,#7712,#7713);
#7711 = CARTESIAN_POINT('',(-4.850000000001,-2.200038483597,0.73));
#7712 = DIRECTION('',(0.,0.,1.));
#7713 = DIRECTION('',(1.,0.,-0.));
#7714 = ADVANCED_FACE('NONE',(#7715),#7740,.F.);
#7715 = FACE_BOUND('',#7716,.T.);
#7716 = EDGE_LOOP('NONE',(#7717,#7718,#7726,#7734));
#7717 = ORIENTED_EDGE('',*,*,#7696,.T.);
#7718 = ORIENTED_EDGE('',*,*,#7719,.F.);
#7719 = EDGE_CURVE('NONE',#7720,#7689,#7722,.T.);
#7720 = VERTEX_POINT('NONE',#7721);
#7721 = CARTESIAN_POINT('',(-4.450000000001,-1.8,0.765));
#7722 = LINE('',#7723,#7724);
#7723 = CARTESIAN_POINT('',(-4.450000000001,-1.8,0.765));
#7724 = VECTOR('',#7725,1.);
#7725 = DIRECTION('',(-0.,-0.,-1.));
#7726 = ORIENTED_EDGE('',*,*,#7727,.F.);
#7727 = EDGE_CURVE('NONE',#7728,#7720,#7730,.T.);
#7728 = VERTEX_POINT('NONE',#7729);
#7729 = CARTESIAN_POINT('',(-4.450000000001,-2.6,0.765));
#7730 = LINE('',#7731,#7732);
#7731 = CARTESIAN_POINT('',(-4.450000000001,-1.8,0.765));
#7732 = VECTOR('',#7733,1.);
#7733 = DIRECTION('',(-0.,1.,-0.));
#7734 = ORIENTED_EDGE('',*,*,#7735,.T.);
#7735 = EDGE_CURVE('NONE',#7728,#7697,#7736,.T.);
#7736 = LINE('',#7737,#7738);
#7737 = CARTESIAN_POINT('',(-4.450000000001,-2.6,0.765));
#7738 = VECTOR('',#7739,1.);
#7739 = DIRECTION('',(-0.,-0.,-1.));
#7740 = PLANE('',#7741);
#7741 = AXIS2_PLACEMENT_3D('',#7742,#7743,#7744);
#7742 = CARTESIAN_POINT('',(-4.450000000001,-1.8,0.765));
#7743 = DIRECTION('',(-1.,0.,0.));
#7744 = DIRECTION('',(0.,0.,1.));
#7745 = ADVANCED_FACE('NONE',(#7746),#7757,.F.);
#7746 = FACE_BOUND('',#7747,.T.);
#7747 = EDGE_LOOP('NONE',(#7748,#7749,#7750,#7756));
#7748 = ORIENTED_EDGE('',*,*,#7688,.T.);
#7749 = ORIENTED_EDGE('',*,*,#7580,.F.);
#7750 = ORIENTED_EDGE('',*,*,#7751,.F.);
#7751 = EDGE_CURVE('NONE',#7720,#7573,#7752,.T.);
#7752 = LINE('',#7753,#7754);
#7753 = CARTESIAN_POINT('',(-4.850000000001,-1.8,0.765));
#7754 = VECTOR('',#7755,1.);
#7755 = DIRECTION('',(-1.,-0.,-0.));
#7756 = ORIENTED_EDGE('',*,*,#7719,.T.);
#7757 = PLANE('',#7758);
#7758 = AXIS2_PLACEMENT_3D('',#7759,#7760,#7761);
#7759 = CARTESIAN_POINT('',(-4.850000000001,-1.8,0.765));
#7760 = DIRECTION('',(0.,-1.,0.));
#7761 = DIRECTION('',(0.,-0.,-1.));
#7762 = ADVANCED_FACE('NONE',(#7763),#7774,.F.);
#7763 = FACE_BOUND('',#7764,.T.);
#7764 = EDGE_LOOP('NONE',(#7765,#7766,#7767,#7773));
#7765 = ORIENTED_EDGE('',*,*,#7704,.T.);
#7766 = ORIENTED_EDGE('',*,*,#7735,.F.);
#7767 = ORIENTED_EDGE('',*,*,#7768,.F.);
#7768 = EDGE_CURVE('NONE',#7485,#7728,#7769,.T.);
#7769 = LINE('',#7770,#7771);
#7770 = CARTESIAN_POINT('',(-4.450000000001,-2.6,0.765));
#7771 = VECTOR('',#7772,1.);
#7772 = DIRECTION('',(1.,-0.,-0.));
#7773 = ORIENTED_EDGE('',*,*,#7484,.T.);
#7774 = PLANE('',#7775);
#7775 = AXIS2_PLACEMENT_3D('',#7776,#7777,#7778);
#7776 = CARTESIAN_POINT('',(-4.450000000001,-2.6,0.765));
#7777 = DIRECTION('',(0.,1.,-0.));
#7778 = DIRECTION('',(0.,0.,1.));
#7779 = ADVANCED_FACE('NONE',(#7780),#7789,.T.);
#7780 = FACE_BOUND('',#7781,.T.);
#7781 = EDGE_LOOP('NONE',(#7782,#7783,#7784,#7785,#7786,#7787,#7788));
#7782 = ORIENTED_EDGE('',*,*,#7727,.T.);
#7783 = ORIENTED_EDGE('',*,*,#7751,.T.);
#7784 = ORIENTED_EDGE('',*,*,#7572,.T.);
#7785 = ORIENTED_EDGE('',*,*,#7357,.T.);
#7786 = ORIENTED_EDGE('',*,*,#7523,.T.);
#7787 = ORIENTED_EDGE('',*,*,#7492,.T.);
#7788 = ORIENTED_EDGE('',*,*,#7768,.T.);
#7789 = PLANE('',#7790);
#7790 = AXIS2_PLACEMENT_3D('',#7791,#7792,#7793);
#7791 = CARTESIAN_POINT('',(-4.850000000001,-2.200038483597,0.765));
#7792 = DIRECTION('',(0.,0.,1.));
#7793 = DIRECTION('',(1.,0.,-0.));
#7794 = MANIFOLD_SOLID_BREP('Aufsatz-Linear austragen13[7]',#7795);
#7795 = CLOSED_SHELL('NONE',(#7796,#7838,#7878,#7909,#7972,#7996,#8059,
    #8081,#8096,#8116,#8134,#8167,#8198,#8215,#8232));
#7796 = ADVANCED_FACE('NONE',(#7797),#7833,.F.);
#7797 = FACE_BOUND('',#7798,.F.);
#7798 = EDGE_LOOP('NONE',(#7799,#7809,#7818,#7826));
#7799 = ORIENTED_EDGE('',*,*,#7800,.T.);
#7800 = EDGE_CURVE('NONE',#7801,#7803,#7805,.T.);
#7801 = VERTEX_POINT('NONE',#7802);
#7802 = CARTESIAN_POINT('',(-4.850000000001,-0.900038483597,-3.5E-02));
#7803 = VERTEX_POINT('NONE',#7804);
#7804 = CARTESIAN_POINT('',(-4.850000000001,-0.900038483597,0.765));
#7805 = LINE('',#7806,#7807);
#7806 = CARTESIAN_POINT('',(-4.850000000001,-0.900038483597,-3.5E-02));
#7807 = VECTOR('',#7808,1.);
#7808 = DIRECTION('',(0.,0.,1.));
#7809 = ORIENTED_EDGE('',*,*,#7810,.T.);
#7810 = EDGE_CURVE('NONE',#7803,#7811,#7813,.T.);
#7811 = VERTEX_POINT('NONE',#7812);
#7812 = CARTESIAN_POINT('',(-4.650000000001,-1.100038483597,0.765));
#7813 = CIRCLE('',#7814,0.2);
#7814 = AXIS2_PLACEMENT_3D('',#7815,#7816,#7817);
#7815 = CARTESIAN_POINT('',(-4.850000000001,-1.100038483597,0.765));
#7816 = DIRECTION('',(0.,0.,-1.));
#7817 = DIRECTION('',(1.,0.,0.));
#7818 = ORIENTED_EDGE('',*,*,#7819,.F.);
#7819 = EDGE_CURVE('NONE',#7820,#7811,#7822,.T.);
#7820 = VERTEX_POINT('NONE',#7821);
#7821 = CARTESIAN_POINT('',(-4.650000000001,-1.100038483597,-3.5E-02));
#7822 = LINE('',#7823,#7824);
#7823 = CARTESIAN_POINT('',(-4.650000000001,-1.100038483597,-3.5E-02));
#7824 = VECTOR('',#7825,1.);
#7825 = DIRECTION('',(0.,0.,1.));
#7826 = ORIENTED_EDGE('',*,*,#7827,.F.);
#7827 = EDGE_CURVE('NONE',#7801,#7820,#7828,.T.);
#7828 = CIRCLE('',#7829,0.2);
#7829 = AXIS2_PLACEMENT_3D('',#7830,#7831,#7832);
#7830 = CARTESIAN_POINT('',(-4.850000000001,-1.100038483597,-3.5E-02));
#7831 = DIRECTION('',(0.,0.,-1.));
#7832 = DIRECTION('',(1.,0.,0.));
#7833 = CYLINDRICAL_SURFACE('',#7834,0.2);
#7834 = AXIS2_PLACEMENT_3D('',#7835,#7836,#7837);
#7835 = CARTESIAN_POINT('',(-4.850000000001,-1.100038483597,-3.5E-02));
#7836 = DIRECTION('',(0.,0.,1.));
#7837 = DIRECTION('',(1.,0.,-0.));
#7838 = ADVANCED_FACE('NONE',(#7839),#7873,.T.);
#7839 = FACE_BOUND('',#7840,.T.);
#7840 = EDGE_LOOP('NONE',(#7841,#7851,#7859,#7867));
#7841 = ORIENTED_EDGE('',*,*,#7842,.F.);
#7842 = EDGE_CURVE('NONE',#7843,#7845,#7847,.T.);
#7843 = VERTEX_POINT('NONE',#7844);
#7844 = CARTESIAN_POINT('',(-3.850000000001,-1.5,0.));
#7845 = VERTEX_POINT('NONE',#7846);
#7846 = CARTESIAN_POINT('',(-3.850000000001,-0.7,0.));
#7847 = LINE('',#7848,#7849);
#7848 = CARTESIAN_POINT('',(-3.850000000001,-0.7,0.));
#7849 = VECTOR('',#7850,1.);
#7850 = DIRECTION('',(-0.,1.,-0.));
#7851 = ORIENTED_EDGE('',*,*,#7852,.F.);
#7852 = EDGE_CURVE('NONE',#7853,#7843,#7855,.T.);
#7853 = VERTEX_POINT('NONE',#7854);
#7854 = CARTESIAN_POINT('',(-3.850000000001,-1.5,-3.5E-02));
#7855 = LINE('',#7856,#7857);
#7856 = CARTESIAN_POINT('',(-3.850000000001,-1.5,-3.5E-02));
#7857 = VECTOR('',#7858,1.);
#7858 = DIRECTION('',(0.,0.,1.));
#7859 = ORIENTED_EDGE('',*,*,#7860,.T.);
#7860 = EDGE_CURVE('NONE',#7853,#7861,#7863,.T.);
#7861 = VERTEX_POINT('NONE',#7862);
#7862 = CARTESIAN_POINT('',(-3.850000000001,-0.7,-3.5E-02));
#7863 = LINE('',#7864,#7865);
#7864 = CARTESIAN_POINT('',(-3.850000000001,-0.7,-3.5E-02));
#7865 = VECTOR('',#7866,1.);
#7866 = DIRECTION('',(-0.,1.,-0.));
#7867 = ORIENTED_EDGE('',*,*,#7868,.T.);
#7868 = EDGE_CURVE('NONE',#7861,#7845,#7869,.T.);
#7869 = LINE('',#7870,#7871);
#7870 = CARTESIAN_POINT('',(-3.850000000001,-0.7,-3.5E-02));
#7871 = VECTOR('',#7872,1.);
#7872 = DIRECTION('',(0.,0.,1.));
#7873 = PLANE('',#7874);
#7874 = AXIS2_PLACEMENT_3D('',#7875,#7876,#7877);
#7875 = CARTESIAN_POINT('',(-3.850000000001,-0.7,-3.5E-02));
#7876 = DIRECTION('',(1.,0.,-0.));
#7877 = DIRECTION('',(-0.,0.,-1.));
#7878 = ADVANCED_FACE('NONE',(#7879),#7904,.T.);
#7879 = FACE_BOUND('',#7880,.T.);
#7880 = EDGE_LOOP('NONE',(#7881,#7889,#7897,#7903));
#7881 = ORIENTED_EDGE('',*,*,#7882,.F.);
#7882 = EDGE_CURVE('NONE',#7883,#7843,#7885,.T.);
#7883 = VERTEX_POINT('NONE',#7884);
#7884 = CARTESIAN_POINT('',(-4.850000000001,-1.5,0.));
#7885 = LINE('',#7886,#7887);
#7886 = CARTESIAN_POINT('',(-3.850000000001,-1.5,0.));
#7887 = VECTOR('',#7888,1.);
#7888 = DIRECTION('',(1.,-0.,-0.));
#7889 = ORIENTED_EDGE('',*,*,#7890,.F.);
#7890 = EDGE_CURVE('NONE',#7891,#7883,#7893,.T.);
#7891 = VERTEX_POINT('NONE',#7892);
#7892 = CARTESIAN_POINT('',(-4.850000000001,-1.5,-3.5E-02));
#7893 = LINE('',#7894,#7895);
#7894 = CARTESIAN_POINT('',(-4.850000000001,-1.5,-3.5E-02));
#7895 = VECTOR('',#7896,1.);
#7896 = DIRECTION('',(0.,0.,1.));
#7897 = ORIENTED_EDGE('',*,*,#7898,.T.);
#7898 = EDGE_CURVE('NONE',#7891,#7853,#7899,.T.);
#7899 = LINE('',#7900,#7901);
#7900 = CARTESIAN_POINT('',(-3.850000000001,-1.5,-3.5E-02));
#7901 = VECTOR('',#7902,1.);
#7902 = DIRECTION('',(1.,-0.,-0.));
#7903 = ORIENTED_EDGE('',*,*,#7852,.T.);
#7904 = PLANE('',#7905);
#7905 = AXIS2_PLACEMENT_3D('',#7906,#7907,#7908);
#7906 = CARTESIAN_POINT('',(-3.850000000001,-1.5,-3.5E-02));
#7907 = DIRECTION('',(0.,-1.,0.));
#7908 = DIRECTION('',(0.,-0.,-1.));
#7909 = ADVANCED_FACE('NONE',(#7910),#7967,.T.);
#7910 = FACE_BOUND('',#7911,.T.);
#7911 = EDGE_LOOP('NONE',(#7912,#7920,#7928,#7936,#7944,#7952,#7960,
    #7966));
#7912 = ORIENTED_EDGE('',*,*,#7913,.F.);
#7913 = EDGE_CURVE('NONE',#7914,#7883,#7916,.T.);
#7914 = VERTEX_POINT('NONE',#7915);
#7915 = CARTESIAN_POINT('',(-4.850000000001,-1.325038483597,0.));
#7916 = LINE('',#7917,#7918);
#7917 = CARTESIAN_POINT('',(-4.850000000001,-1.300038483597,0.));
#7918 = VECTOR('',#7919,1.);
#7919 = DIRECTION('',(0.,-1.,0.));
#7920 = ORIENTED_EDGE('',*,*,#7921,.F.);
#7921 = EDGE_CURVE('NONE',#7922,#7914,#7924,.T.);
#7922 = VERTEX_POINT('NONE',#7923);
#7923 = CARTESIAN_POINT('',(-4.850000000001,-1.325038483597,0.73));
#7924 = LINE('',#7925,#7926);
#7925 = CARTESIAN_POINT('',(-4.850000000001,-1.325038483597,0.73));
#7926 = VECTOR('',#7927,1.);
#7927 = DIRECTION('',(-0.,-0.,-1.));
#7928 = ORIENTED_EDGE('',*,*,#7929,.T.);
#7929 = EDGE_CURVE('NONE',#7922,#7930,#7932,.T.);
#7930 = VERTEX_POINT('NONE',#7931);
#7931 = CARTESIAN_POINT('',(-4.850000000001,-1.5,0.73));
#7932 = LINE('',#7933,#7934);
#7933 = CARTESIAN_POINT('',(-4.850000000001,-1.300038483597,0.73));
#7934 = VECTOR('',#7935,1.);
#7935 = DIRECTION('',(0.,-1.,0.));
#7936 = ORIENTED_EDGE('',*,*,#7937,.F.);
#7937 = EDGE_CURVE('NONE',#7938,#7930,#7940,.T.);
#7938 = VERTEX_POINT('NONE',#7939);
#7939 = CARTESIAN_POINT('',(-4.850000000001,-1.5,0.765));
#7940 = LINE('',#7941,#7942);
#7941 = CARTESIAN_POINT('',(-4.850000000001,-1.5,0.765));
#7942 = VECTOR('',#7943,1.);
#7943 = DIRECTION('',(-0.,-0.,-1.));
#7944 = ORIENTED_EDGE('',*,*,#7945,.F.);
#7945 = EDGE_CURVE('NONE',#7946,#7938,#7948,.T.);
#7946 = VERTEX_POINT('NONE',#7947);
#7947 = CARTESIAN_POINT('',(-4.850000000001,-1.300038483597,0.765));
#7948 = LINE('',#7949,#7950);
#7949 = CARTESIAN_POINT('',(-4.850000000001,-1.300038483597,0.765));
#7950 = VECTOR('',#7951,1.);
#7951 = DIRECTION('',(0.,-1.,0.));
#7952 = ORIENTED_EDGE('',*,*,#7953,.F.);
#7953 = EDGE_CURVE('NONE',#7954,#7946,#7956,.T.);
#7954 = VERTEX_POINT('NONE',#7955);
#7955 = CARTESIAN_POINT('',(-4.850000000001,-1.300038483597,-3.5E-02));
#7956 = LINE('',#7957,#7958);
#7957 = CARTESIAN_POINT('',(-4.850000000001,-1.300038483597,-3.5E-02));
#7958 = VECTOR('',#7959,1.);
#7959 = DIRECTION('',(0.,0.,1.));
#7960 = ORIENTED_EDGE('',*,*,#7961,.T.);
#7961 = EDGE_CURVE('NONE',#7954,#7891,#7962,.T.);
#7962 = LINE('',#7963,#7964);
#7963 = CARTESIAN_POINT('',(-4.850000000001,-1.300038483597,-3.5E-02));
#7964 = VECTOR('',#7965,1.);
#7965 = DIRECTION('',(0.,-1.,0.));
#7966 = ORIENTED_EDGE('',*,*,#7890,.T.);
#7967 = PLANE('',#7968);
#7968 = AXIS2_PLACEMENT_3D('',#7969,#7970,#7971);
#7969 = CARTESIAN_POINT('',(-4.850000000001,-1.300038483597,-3.5E-02));
#7970 = DIRECTION('',(-1.,0.,0.));
#7971 = DIRECTION('',(0.,0.,1.));
#7972 = ADVANCED_FACE('NONE',(#7973),#7991,.F.);
#7973 = FACE_BOUND('',#7974,.F.);
#7974 = EDGE_LOOP('NONE',(#7975,#7982,#7983,#7990));
#7975 = ORIENTED_EDGE('',*,*,#7976,.T.);
#7976 = EDGE_CURVE('NONE',#7811,#7946,#7977,.T.);
#7977 = CIRCLE('',#7978,0.2);
#7978 = AXIS2_PLACEMENT_3D('',#7979,#7980,#7981);
#7979 = CARTESIAN_POINT('',(-4.850000000001,-1.100038483597,0.765));
#7980 = DIRECTION('',(0.,0.,-1.));
#7981 = DIRECTION('',(1.,0.,0.));
#7982 = ORIENTED_EDGE('',*,*,#7953,.F.);
#7983 = ORIENTED_EDGE('',*,*,#7984,.F.);
#7984 = EDGE_CURVE('NONE',#7820,#7954,#7985,.T.);
#7985 = CIRCLE('',#7986,0.2);
#7986 = AXIS2_PLACEMENT_3D('',#7987,#7988,#7989);
#7987 = CARTESIAN_POINT('',(-4.850000000001,-1.100038483597,-3.5E-02));
#7988 = DIRECTION('',(0.,0.,-1.));
#7989 = DIRECTION('',(1.,0.,0.));
#7990 = ORIENTED_EDGE('',*,*,#7819,.T.);
#7991 = CYLINDRICAL_SURFACE('',#7992,0.2);
#7992 = AXIS2_PLACEMENT_3D('',#7993,#7994,#7995);
#7993 = CARTESIAN_POINT('',(-4.850000000001,-1.100038483597,-3.5E-02));
#7994 = DIRECTION('',(0.,0.,1.));
#7995 = DIRECTION('',(1.,0.,-0.));
#7996 = ADVANCED_FACE('NONE',(#7997),#8054,.T.);
#7997 = FACE_BOUND('',#7998,.T.);
#7998 = EDGE_LOOP('NONE',(#7999,#8009,#8017,#8023,#8024,#8032,#8040,
    #8048));
#7999 = ORIENTED_EDGE('',*,*,#8000,.F.);
#8000 = EDGE_CURVE('NONE',#8001,#8003,#8005,.T.);
#8001 = VERTEX_POINT('NONE',#8002);
#8002 = CARTESIAN_POINT('',(-4.850000000001,-0.7,0.));
#8003 = VERTEX_POINT('NONE',#8004);
#8004 = CARTESIAN_POINT('',(-4.850000000001,-0.875038483597,0.));
#8005 = LINE('',#8006,#8007);
#8006 = CARTESIAN_POINT('',(-4.850000000001,-0.7,0.));
#8007 = VECTOR('',#8008,1.);
#8008 = DIRECTION('',(0.,-1.,0.));
#8009 = ORIENTED_EDGE('',*,*,#8010,.F.);
#8010 = EDGE_CURVE('NONE',#8011,#8001,#8013,.T.);
#8011 = VERTEX_POINT('NONE',#8012);
#8012 = CARTESIAN_POINT('',(-4.850000000001,-0.7,-3.5E-02));
#8013 = LINE('',#8014,#8015);
#8014 = CARTESIAN_POINT('',(-4.850000000001,-0.7,-3.5E-02));
#8015 = VECTOR('',#8016,1.);
#8016 = DIRECTION('',(0.,0.,1.));
#8017 = ORIENTED_EDGE('',*,*,#8018,.T.);
#8018 = EDGE_CURVE('NONE',#8011,#7801,#8019,.T.);
#8019 = LINE('',#8020,#8021);
#8020 = CARTESIAN_POINT('',(-4.850000000001,-0.7,-3.5E-02));
#8021 = VECTOR('',#8022,1.);
#8022 = DIRECTION('',(0.,-1.,0.));
#8023 = ORIENTED_EDGE('',*,*,#7800,.T.);
#8024 = ORIENTED_EDGE('',*,*,#8025,.F.);
#8025 = EDGE_CURVE('NONE',#8026,#7803,#8028,.T.);
#8026 = VERTEX_POINT('NONE',#8027);
#8027 = CARTESIAN_POINT('',(-4.850000000001,-0.7,0.765));
#8028 = LINE('',#8029,#8030);
#8029 = CARTESIAN_POINT('',(-4.850000000001,-0.7,0.765));
#8030 = VECTOR('',#8031,1.);
#8031 = DIRECTION('',(0.,-1.,0.));
#8032 = ORIENTED_EDGE('',*,*,#8033,.T.);
#8033 = EDGE_CURVE('NONE',#8026,#8034,#8036,.T.);
#8034 = VERTEX_POINT('NONE',#8035);
#8035 = CARTESIAN_POINT('',(-4.850000000001,-0.7,0.73));
#8036 = LINE('',#8037,#8038);
#8037 = CARTESIAN_POINT('',(-4.850000000001,-0.7,0.765));
#8038 = VECTOR('',#8039,1.);
#8039 = DIRECTION('',(-0.,-0.,-1.));
#8040 = ORIENTED_EDGE('',*,*,#8041,.T.);
#8041 = EDGE_CURVE('NONE',#8034,#8042,#8044,.T.);
#8042 = VERTEX_POINT('NONE',#8043);
#8043 = CARTESIAN_POINT('',(-4.850000000001,-0.875038483597,0.73));
#8044 = LINE('',#8045,#8046);
#8045 = CARTESIAN_POINT('',(-4.850000000001,-0.7,0.73));
#8046 = VECTOR('',#8047,1.);
#8047 = DIRECTION('',(0.,-1.,0.));
#8048 = ORIENTED_EDGE('',*,*,#8049,.T.);
#8049 = EDGE_CURVE('NONE',#8042,#8003,#8050,.T.);
#8050 = LINE('',#8051,#8052);
#8051 = CARTESIAN_POINT('',(-4.850000000001,-0.875038483597,0.73));
#8052 = VECTOR('',#8053,1.);
#8053 = DIRECTION('',(-0.,-0.,-1.));
#8054 = PLANE('',#8055);
#8055 = AXIS2_PLACEMENT_3D('',#8056,#8057,#8058);
#8056 = CARTESIAN_POINT('',(-4.850000000001,-0.7,-3.5E-02));
#8057 = DIRECTION('',(-1.,0.,0.));
#8058 = DIRECTION('',(0.,0.,1.));
#8059 = ADVANCED_FACE('NONE',(#8060),#8076,.T.);
#8060 = FACE_BOUND('',#8061,.T.);
#8061 = EDGE_LOOP('NONE',(#8062,#8068,#8069,#8075));
#8062 = ORIENTED_EDGE('',*,*,#8063,.F.);
#8063 = EDGE_CURVE('NONE',#7845,#8001,#8064,.T.);
#8064 = LINE('',#8065,#8066);
#8065 = CARTESIAN_POINT('',(-4.850000000001,-0.7,0.));
#8066 = VECTOR('',#8067,1.);
#8067 = DIRECTION('',(-1.,-0.,-0.));
#8068 = ORIENTED_EDGE('',*,*,#7868,.F.);
#8069 = ORIENTED_EDGE('',*,*,#8070,.T.);
#8070 = EDGE_CURVE('NONE',#7861,#8011,#8071,.T.);
#8071 = LINE('',#8072,#8073);
#8072 = CARTESIAN_POINT('',(-4.850000000001,-0.7,-3.5E-02));
#8073 = VECTOR('',#8074,1.);
#8074 = DIRECTION('',(-1.,-0.,-0.));
#8075 = ORIENTED_EDGE('',*,*,#8010,.T.);
#8076 = PLANE('',#8077);
#8077 = AXIS2_PLACEMENT_3D('',#8078,#8079,#8080);
#8078 = CARTESIAN_POINT('',(-4.850000000001,-0.7,-3.5E-02));
#8079 = DIRECTION('',(0.,1.,0.));
#8080 = DIRECTION('',(0.,-0.,1.));
#8081 = ADVANCED_FACE('NONE',(#8082),#8091,.F.);
#8082 = FACE_BOUND('',#8083,.T.);
#8083 = EDGE_LOOP('NONE',(#8084,#8085,#8086,#8087,#8088,#8089,#8090));
#8084 = ORIENTED_EDGE('',*,*,#7860,.F.);
#8085 = ORIENTED_EDGE('',*,*,#7898,.F.);
#8086 = ORIENTED_EDGE('',*,*,#7961,.F.);
#8087 = ORIENTED_EDGE('',*,*,#7984,.F.);
#8088 = ORIENTED_EDGE('',*,*,#7827,.F.);
#8089 = ORIENTED_EDGE('',*,*,#8018,.F.);
#8090 = ORIENTED_EDGE('',*,*,#8070,.F.);
#8091 = PLANE('',#8092);
#8092 = AXIS2_PLACEMENT_3D('',#8093,#8094,#8095);
#8093 = CARTESIAN_POINT('',(-4.850000000001,-1.100038483597,-3.5E-02));
#8094 = DIRECTION('',(0.,0.,1.));
#8095 = DIRECTION('',(1.,0.,-0.));
#8096 = ADVANCED_FACE('NONE',(#8097),#8111,.T.);
#8097 = FACE_BOUND('',#8098,.T.);
#8098 = EDGE_LOOP('NONE',(#8099,#8106,#8107,#8108,#8109,#8110));
#8099 = ORIENTED_EDGE('',*,*,#8100,.F.);
#8100 = EDGE_CURVE('NONE',#7914,#8003,#8101,.T.);
#8101 = CIRCLE('',#8102,0.225);
#8102 = AXIS2_PLACEMENT_3D('',#8103,#8104,#8105);
#8103 = CARTESIAN_POINT('',(-4.850000000001,-1.100038483597,0.));
#8104 = DIRECTION('',(0.,0.,1.));
#8105 = DIRECTION('',(1.,0.,-0.));
#8106 = ORIENTED_EDGE('',*,*,#7913,.T.);
#8107 = ORIENTED_EDGE('',*,*,#7882,.T.);
#8108 = ORIENTED_EDGE('',*,*,#7842,.T.);
#8109 = ORIENTED_EDGE('',*,*,#8063,.T.);
#8110 = ORIENTED_EDGE('',*,*,#8000,.T.);
#8111 = PLANE('',#8112);
#8112 = AXIS2_PLACEMENT_3D('',#8113,#8114,#8115);
#8113 = CARTESIAN_POINT('',(-4.850000000001,-1.100038483597,0.));
#8114 = DIRECTION('',(0.,0.,1.));
#8115 = DIRECTION('',(1.,0.,-0.));
#8116 = ADVANCED_FACE('NONE',(#8117),#8129,.T.);
#8117 = FACE_BOUND('',#8118,.T.);
#8118 = EDGE_LOOP('NONE',(#8119,#8120,#8121,#8128));
#8119 = ORIENTED_EDGE('',*,*,#8100,.T.);
#8120 = ORIENTED_EDGE('',*,*,#8049,.F.);
#8121 = ORIENTED_EDGE('',*,*,#8122,.F.);
#8122 = EDGE_CURVE('NONE',#7922,#8042,#8123,.T.);
#8123 = CIRCLE('',#8124,0.225);
#8124 = AXIS2_PLACEMENT_3D('',#8125,#8126,#8127);
#8125 = CARTESIAN_POINT('',(-4.850000000001,-1.100038483597,0.73));
#8126 = DIRECTION('',(0.,0.,1.));
#8127 = DIRECTION('',(1.,0.,-0.));
#8128 = ORIENTED_EDGE('',*,*,#7921,.T.);
#8129 = CYLINDRICAL_SURFACE('',#8130,0.225);
#8130 = AXIS2_PLACEMENT_3D('',#8131,#8132,#8133);
#8131 = CARTESIAN_POINT('',(-4.850000000001,-1.100038483597,0.73));
#8132 = DIRECTION('',(-0.,-0.,-1.));
#8133 = DIRECTION('',(-1.,0.,0.));
#8134 = ADVANCED_FACE('NONE',(#8135),#8162,.F.);
#8135 = FACE_BOUND('',#8136,.T.);
#8136 = EDGE_LOOP('NONE',(#8137,#8138,#8139,#8140,#8148,#8156));
#8137 = ORIENTED_EDGE('',*,*,#7929,.F.);
#8138 = ORIENTED_EDGE('',*,*,#8122,.T.);
#8139 = ORIENTED_EDGE('',*,*,#8041,.F.);
#8140 = ORIENTED_EDGE('',*,*,#8141,.F.);
#8141 = EDGE_CURVE('NONE',#8142,#8034,#8144,.T.);
#8142 = VERTEX_POINT('NONE',#8143);
#8143 = CARTESIAN_POINT('',(-4.450000000001,-0.7,0.73));
#8144 = LINE('',#8145,#8146);
#8145 = CARTESIAN_POINT('',(-4.850000000001,-0.7,0.73));
#8146 = VECTOR('',#8147,1.);
#8147 = DIRECTION('',(-1.,-0.,-0.));
#8148 = ORIENTED_EDGE('',*,*,#8149,.F.);
#8149 = EDGE_CURVE('NONE',#8150,#8142,#8152,.T.);
#8150 = VERTEX_POINT('NONE',#8151);
#8151 = CARTESIAN_POINT('',(-4.450000000001,-1.5,0.73));
#8152 = LINE('',#8153,#8154);
#8153 = CARTESIAN_POINT('',(-4.450000000001,-0.7,0.73));
#8154 = VECTOR('',#8155,1.);
#8155 = DIRECTION('',(-0.,1.,-0.));
#8156 = ORIENTED_EDGE('',*,*,#8157,.F.);
#8157 = EDGE_CURVE('NONE',#7930,#8150,#8158,.T.);
#8158 = LINE('',#8159,#8160);
#8159 = CARTESIAN_POINT('',(-4.450000000001,-1.5,0.73));
#8160 = VECTOR('',#8161,1.);
#8161 = DIRECTION('',(1.,-0.,-0.));
#8162 = PLANE('',#8163);
#8163 = AXIS2_PLACEMENT_3D('',#8164,#8165,#8166);
#8164 = CARTESIAN_POINT('',(-4.850000000001,-1.100038483597,0.73));
#8165 = DIRECTION('',(0.,0.,1.));
#8166 = DIRECTION('',(1.,0.,-0.));
#8167 = ADVANCED_FACE('NONE',(#8168),#8193,.F.);
#8168 = FACE_BOUND('',#8169,.T.);
#8169 = EDGE_LOOP('NONE',(#8170,#8171,#8179,#8187));
#8170 = ORIENTED_EDGE('',*,*,#8149,.T.);
#8171 = ORIENTED_EDGE('',*,*,#8172,.F.);
#8172 = EDGE_CURVE('NONE',#8173,#8142,#8175,.T.);
#8173 = VERTEX_POINT('NONE',#8174);
#8174 = CARTESIAN_POINT('',(-4.450000000001,-0.7,0.765));
#8175 = LINE('',#8176,#8177);
#8176 = CARTESIAN_POINT('',(-4.450000000001,-0.7,0.765));
#8177 = VECTOR('',#8178,1.);
#8178 = DIRECTION('',(-0.,-0.,-1.));
#8179 = ORIENTED_EDGE('',*,*,#8180,.F.);
#8180 = EDGE_CURVE('NONE',#8181,#8173,#8183,.T.);
#8181 = VERTEX_POINT('NONE',#8182);
#8182 = CARTESIAN_POINT('',(-4.450000000001,-1.5,0.765));
#8183 = LINE('',#8184,#8185);
#8184 = CARTESIAN_POINT('',(-4.450000000001,-0.7,0.765));
#8185 = VECTOR('',#8186,1.);
#8186 = DIRECTION('',(-0.,1.,-0.));
#8187 = ORIENTED_EDGE('',*,*,#8188,.T.);
#8188 = EDGE_CURVE('NONE',#8181,#8150,#8189,.T.);
#8189 = LINE('',#8190,#8191);
#8190 = CARTESIAN_POINT('',(-4.450000000001,-1.5,0.765));
#8191 = VECTOR('',#8192,1.);
#8192 = DIRECTION('',(-0.,-0.,-1.));
#8193 = PLANE('',#8194);
#8194 = AXIS2_PLACEMENT_3D('',#8195,#8196,#8197);
#8195 = CARTESIAN_POINT('',(-4.450000000001,-0.7,0.765));
#8196 = DIRECTION('',(-1.,0.,0.));
#8197 = DIRECTION('',(0.,0.,1.));
#8198 = ADVANCED_FACE('NONE',(#8199),#8210,.F.);
#8199 = FACE_BOUND('',#8200,.T.);
#8200 = EDGE_LOOP('NONE',(#8201,#8202,#8203,#8209));
#8201 = ORIENTED_EDGE('',*,*,#8141,.T.);
#8202 = ORIENTED_EDGE('',*,*,#8033,.F.);
#8203 = ORIENTED_EDGE('',*,*,#8204,.F.);
#8204 = EDGE_CURVE('NONE',#8173,#8026,#8205,.T.);
#8205 = LINE('',#8206,#8207);
#8206 = CARTESIAN_POINT('',(-4.850000000001,-0.7,0.765));
#8207 = VECTOR('',#8208,1.);
#8208 = DIRECTION('',(-1.,-0.,-0.));
#8209 = ORIENTED_EDGE('',*,*,#8172,.T.);
#8210 = PLANE('',#8211);
#8211 = AXIS2_PLACEMENT_3D('',#8212,#8213,#8214);
#8212 = CARTESIAN_POINT('',(-4.850000000001,-0.7,0.765));
#8213 = DIRECTION('',(0.,-1.,0.));
#8214 = DIRECTION('',(0.,-0.,-1.));
#8215 = ADVANCED_FACE('NONE',(#8216),#8227,.F.);
#8216 = FACE_BOUND('',#8217,.T.);
#8217 = EDGE_LOOP('NONE',(#8218,#8219,#8220,#8226));
#8218 = ORIENTED_EDGE('',*,*,#8157,.T.);
#8219 = ORIENTED_EDGE('',*,*,#8188,.F.);
#8220 = ORIENTED_EDGE('',*,*,#8221,.F.);
#8221 = EDGE_CURVE('NONE',#7938,#8181,#8222,.T.);
#8222 = LINE('',#8223,#8224);
#8223 = CARTESIAN_POINT('',(-4.450000000001,-1.5,0.765));
#8224 = VECTOR('',#8225,1.);
#8225 = DIRECTION('',(1.,-0.,-0.));
#8226 = ORIENTED_EDGE('',*,*,#7937,.T.);
#8227 = PLANE('',#8228);
#8228 = AXIS2_PLACEMENT_3D('',#8229,#8230,#8231);
#8229 = CARTESIAN_POINT('',(-4.450000000001,-1.5,0.765));
#8230 = DIRECTION('',(0.,1.,-0.));
#8231 = DIRECTION('',(0.,0.,1.));
#8232 = ADVANCED_FACE('NONE',(#8233),#8242,.T.);
#8233 = FACE_BOUND('',#8234,.T.);
#8234 = EDGE_LOOP('NONE',(#8235,#8236,#8237,#8238,#8239,#8240,#8241));
#8235 = ORIENTED_EDGE('',*,*,#8180,.T.);
#8236 = ORIENTED_EDGE('',*,*,#8204,.T.);
#8237 = ORIENTED_EDGE('',*,*,#8025,.T.);
#8238 = ORIENTED_EDGE('',*,*,#7810,.T.);
#8239 = ORIENTED_EDGE('',*,*,#7976,.T.);
#8240 = ORIENTED_EDGE('',*,*,#7945,.T.);
#8241 = ORIENTED_EDGE('',*,*,#8221,.T.);
#8242 = PLANE('',#8243);
#8243 = AXIS2_PLACEMENT_3D('',#8244,#8245,#8246);
#8244 = CARTESIAN_POINT('',(-4.850000000001,-1.100038483597,0.765));
#8245 = DIRECTION('',(0.,0.,1.));
#8246 = DIRECTION('',(1.,0.,-0.));
#8247 = MANIFOLD_SOLID_BREP('Aufsatz-Linear austragen13[8]',#8248);
#8248 = CLOSED_SHELL('NONE',(#8249,#8291,#8347,#8410,#8443,#8490,#8514,
    #8538,#8555,#8569,#8587,#8618,#8649,#8671,#8685));
#8249 = ADVANCED_FACE('NONE',(#8250),#8286,.T.);
#8250 = FACE_BOUND('',#8251,.T.);
#8251 = EDGE_LOOP('NONE',(#8252,#8263,#8271,#8280));
#8252 = ORIENTED_EDGE('',*,*,#8253,.F.);
#8253 = EDGE_CURVE('NONE',#8254,#8256,#8258,.T.);
#8254 = VERTEX_POINT('NONE',#8255);
#8255 = CARTESIAN_POINT('',(4.625000000001,2.199961516403,0.73));
#8256 = VERTEX_POINT('NONE',#8257);
#8257 = CARTESIAN_POINT('',(4.850000000001,1.974961516403,0.73));
#8258 = CIRCLE('',#8259,0.225);
#8259 = AXIS2_PLACEMENT_3D('',#8260,#8261,#8262);
#8260 = CARTESIAN_POINT('',(4.850000000001,2.199961516403,0.73));
#8261 = DIRECTION('',(0.,0.,1.));
#8262 = DIRECTION('',(-1.,0.,0.));
#8263 = ORIENTED_EDGE('',*,*,#8264,.T.);
#8264 = EDGE_CURVE('NONE',#8254,#8265,#8267,.T.);
#8265 = VERTEX_POINT('NONE',#8266);
#8266 = CARTESIAN_POINT('',(4.625000000001,2.199961516403,0.));
#8267 = LINE('',#8268,#8269);
#8268 = CARTESIAN_POINT('',(4.625000000001,2.199961516403,0.73));
#8269 = VECTOR('',#8270,1.);
#8270 = DIRECTION('',(-0.,-0.,-1.));
#8271 = ORIENTED_EDGE('',*,*,#8272,.T.);
#8272 = EDGE_CURVE('NONE',#8265,#8273,#8275,.T.);
#8273 = VERTEX_POINT('NONE',#8274);
#8274 = CARTESIAN_POINT('',(4.850000000001,1.974961516403,0.));
#8275 = CIRCLE('',#8276,0.225);
#8276 = AXIS2_PLACEMENT_3D('',#8277,#8278,#8279);
#8277 = CARTESIAN_POINT('',(4.850000000001,2.199961516403,0.));
#8278 = DIRECTION('',(0.,0.,1.));
#8279 = DIRECTION('',(-1.,0.,0.));
#8280 = ORIENTED_EDGE('',*,*,#8281,.F.);
#8281 = EDGE_CURVE('NONE',#8256,#8273,#8282,.T.);
#8282 = LINE('',#8283,#8284);
#8283 = CARTESIAN_POINT('',(4.850000000001,1.974961516403,0.73));
#8284 = VECTOR('',#8285,1.);
#8285 = DIRECTION('',(-0.,-0.,-1.));
#8286 = CYLINDRICAL_SURFACE('',#8287,0.225);
#8287 = AXIS2_PLACEMENT_3D('',#8288,#8289,#8290);
#8288 = CARTESIAN_POINT('',(4.850000000001,2.199961516403,0.73));
#8289 = DIRECTION('',(-0.,-0.,-1.));
#8290 = DIRECTION('',(-1.,0.,0.));
#8291 = ADVANCED_FACE('NONE',(#8292),#8342,.F.);
#8292 = FACE_BOUND('',#8293,.T.);
#8293 = EDGE_LOOP('NONE',(#8294,#8303,#8311,#8319,#8327,#8335,#8341));
#8294 = ORIENTED_EDGE('',*,*,#8295,.F.);
#8295 = EDGE_CURVE('NONE',#8296,#8265,#8298,.T.);
#8296 = VERTEX_POINT('NONE',#8297);
#8297 = CARTESIAN_POINT('',(4.850000000001,2.424961516403,0.));
#8298 = CIRCLE('',#8299,0.225);
#8299 = AXIS2_PLACEMENT_3D('',#8300,#8301,#8302);
#8300 = CARTESIAN_POINT('',(4.850000000001,2.199961516403,0.));
#8301 = DIRECTION('',(0.,0.,1.));
#8302 = DIRECTION('',(-1.,0.,0.));
#8303 = ORIENTED_EDGE('',*,*,#8304,.T.);
#8304 = EDGE_CURVE('NONE',#8296,#8305,#8307,.T.);
#8305 = VERTEX_POINT('NONE',#8306);
#8306 = CARTESIAN_POINT('',(4.850000000001,2.6,0.));
#8307 = LINE('',#8308,#8309);
#8308 = CARTESIAN_POINT('',(4.850000000001,2.399961516403,0.));
#8309 = VECTOR('',#8310,1.);
#8310 = DIRECTION('',(0.,1.,0.));
#8311 = ORIENTED_EDGE('',*,*,#8312,.T.);
#8312 = EDGE_CURVE('NONE',#8305,#8313,#8315,.T.);
#8313 = VERTEX_POINT('NONE',#8314);
#8314 = CARTESIAN_POINT('',(3.850000000001,2.6,0.));
#8315 = LINE('',#8316,#8317);
#8316 = CARTESIAN_POINT('',(4.850000000001,2.6,0.));
#8317 = VECTOR('',#8318,1.);
#8318 = DIRECTION('',(-1.,0.,0.));
#8319 = ORIENTED_EDGE('',*,*,#8320,.T.);
#8320 = EDGE_CURVE('NONE',#8313,#8321,#8323,.T.);
#8321 = VERTEX_POINT('NONE',#8322);
#8322 = CARTESIAN_POINT('',(3.850000000001,1.8,0.));
#8323 = LINE('',#8324,#8325);
#8324 = CARTESIAN_POINT('',(3.850000000001,2.6,0.));
#8325 = VECTOR('',#8326,1.);
#8326 = DIRECTION('',(0.,-1.,0.));
#8327 = ORIENTED_EDGE('',*,*,#8328,.T.);
#8328 = EDGE_CURVE('NONE',#8321,#8329,#8331,.T.);
#8329 = VERTEX_POINT('NONE',#8330);
#8330 = CARTESIAN_POINT('',(4.850000000001,1.8,0.));
#8331 = LINE('',#8332,#8333);
#8332 = CARTESIAN_POINT('',(3.850000000001,1.8,0.));
#8333 = VECTOR('',#8334,1.);
#8334 = DIRECTION('',(1.,0.,0.));
#8335 = ORIENTED_EDGE('',*,*,#8336,.T.);
#8336 = EDGE_CURVE('NONE',#8329,#8273,#8337,.T.);
#8337 = LINE('',#8338,#8339);
#8338 = CARTESIAN_POINT('',(4.850000000001,1.8,0.));
#8339 = VECTOR('',#8340,1.);
#8340 = DIRECTION('',(0.,1.,0.));
#8341 = ORIENTED_EDGE('',*,*,#8272,.F.);
#8342 = PLANE('',#8343);
#8343 = AXIS2_PLACEMENT_3D('',#8344,#8345,#8346);
#8344 = CARTESIAN_POINT('',(4.850000000001,2.199961516403,0.));
#8345 = DIRECTION('',(-0.,0.,-1.));
#8346 = DIRECTION('',(-1.,0.,0.));
#8347 = ADVANCED_FACE('NONE',(#8348),#8405,.T.);
#8348 = FACE_BOUND('',#8349,.T.);
#8349 = EDGE_LOOP('NONE',(#8350,#8351,#8359,#8367,#8375,#8383,#8391,
    #8399));
#8350 = ORIENTED_EDGE('',*,*,#8304,.F.);
#8351 = ORIENTED_EDGE('',*,*,#8352,.F.);
#8352 = EDGE_CURVE('NONE',#8353,#8296,#8355,.T.);
#8353 = VERTEX_POINT('NONE',#8354);
#8354 = CARTESIAN_POINT('',(4.850000000001,2.424961516403,0.73));
#8355 = LINE('',#8356,#8357);
#8356 = CARTESIAN_POINT('',(4.850000000001,2.424961516403,0.73));
#8357 = VECTOR('',#8358,1.);
#8358 = DIRECTION('',(-0.,-0.,-1.));
#8359 = ORIENTED_EDGE('',*,*,#8360,.T.);
#8360 = EDGE_CURVE('NONE',#8353,#8361,#8363,.T.);
#8361 = VERTEX_POINT('NONE',#8362);
#8362 = CARTESIAN_POINT('',(4.850000000001,2.6,0.73));
#8363 = LINE('',#8364,#8365);
#8364 = CARTESIAN_POINT('',(4.850000000001,2.6,0.73));
#8365 = VECTOR('',#8366,1.);
#8366 = DIRECTION('',(-0.,1.,-0.));
#8367 = ORIENTED_EDGE('',*,*,#8368,.F.);
#8368 = EDGE_CURVE('NONE',#8369,#8361,#8371,.T.);
#8369 = VERTEX_POINT('NONE',#8370);
#8370 = CARTESIAN_POINT('',(4.850000000001,2.6,0.765));
#8371 = LINE('',#8372,#8373);
#8372 = CARTESIAN_POINT('',(4.850000000001,2.6,0.765));
#8373 = VECTOR('',#8374,1.);
#8374 = DIRECTION('',(-0.,-0.,-1.));
#8375 = ORIENTED_EDGE('',*,*,#8376,.F.);
#8376 = EDGE_CURVE('NONE',#8377,#8369,#8379,.T.);
#8377 = VERTEX_POINT('NONE',#8378);
#8378 = CARTESIAN_POINT('',(4.850000000001,2.399961516403,0.765));
#8379 = LINE('',#8380,#8381);
#8380 = CARTESIAN_POINT('',(4.850000000001,2.6,0.765));
#8381 = VECTOR('',#8382,1.);
#8382 = DIRECTION('',(-0.,1.,-0.));
#8383 = ORIENTED_EDGE('',*,*,#8384,.F.);
#8384 = EDGE_CURVE('NONE',#8385,#8377,#8387,.T.);
#8385 = VERTEX_POINT('NONE',#8386);
#8386 = CARTESIAN_POINT('',(4.850000000001,2.399961516403,-3.5E-02));
#8387 = LINE('',#8388,#8389);
#8388 = CARTESIAN_POINT('',(4.850000000001,2.399961516403,-3.5E-02));
#8389 = VECTOR('',#8390,1.);
#8390 = DIRECTION('',(0.,0.,1.));
#8391 = ORIENTED_EDGE('',*,*,#8392,.T.);
#8392 = EDGE_CURVE('NONE',#8385,#8393,#8395,.T.);
#8393 = VERTEX_POINT('NONE',#8394);
#8394 = CARTESIAN_POINT('',(4.850000000001,2.6,-3.5E-02));
#8395 = LINE('',#8396,#8397);
#8396 = CARTESIAN_POINT('',(4.850000000001,2.399961516403,-3.5E-02));
#8397 = VECTOR('',#8398,1.);
#8398 = DIRECTION('',(0.,1.,0.));
#8399 = ORIENTED_EDGE('',*,*,#8400,.T.);
#8400 = EDGE_CURVE('NONE',#8393,#8305,#8401,.T.);
#8401 = LINE('',#8402,#8403);
#8402 = CARTESIAN_POINT('',(4.850000000001,2.6,-3.5E-02));
#8403 = VECTOR('',#8404,1.);
#8404 = DIRECTION('',(0.,0.,1.));
#8405 = PLANE('',#8406);
#8406 = AXIS2_PLACEMENT_3D('',#8407,#8408,#8409);
#8407 = CARTESIAN_POINT('',(4.850000000001,2.399961516403,-3.5E-02));
#8408 = DIRECTION('',(1.,0.,0.));
#8409 = DIRECTION('',(0.,0.,-1.));
#8410 = ADVANCED_FACE('NONE',(#8411),#8438,.F.);
#8411 = FACE_BOUND('',#8412,.F.);
#8412 = EDGE_LOOP('NONE',(#8413,#8422,#8430,#8437));
#8413 = ORIENTED_EDGE('',*,*,#8414,.F.);
#8414 = EDGE_CURVE('NONE',#8415,#8385,#8417,.T.);
#8415 = VERTEX_POINT('NONE',#8416);
#8416 = CARTESIAN_POINT('',(4.850000000001,1.999961516403,-3.5E-02));
#8417 = CIRCLE('',#8418,0.2);
#8418 = AXIS2_PLACEMENT_3D('',#8419,#8420,#8421);
#8419 = CARTESIAN_POINT('',(4.850000000001,2.199961516403,-3.5E-02));
#8420 = DIRECTION('',(-0.,0.,-1.));
#8421 = DIRECTION('',(-1.,0.,0.));
#8422 = ORIENTED_EDGE('',*,*,#8423,.T.);
#8423 = EDGE_CURVE('NONE',#8415,#8424,#8426,.T.);
#8424 = VERTEX_POINT('NONE',#8425);
#8425 = CARTESIAN_POINT('',(4.850000000001,1.999961516403,0.765));
#8426 = LINE('',#8427,#8428);
#8427 = CARTESIAN_POINT('',(4.850000000001,1.999961516403,-3.5E-02));
#8428 = VECTOR('',#8429,1.);
#8429 = DIRECTION('',(0.,0.,1.));
#8430 = ORIENTED_EDGE('',*,*,#8431,.T.);
#8431 = EDGE_CURVE('NONE',#8424,#8377,#8432,.T.);
#8432 = CIRCLE('',#8433,0.2);
#8433 = AXIS2_PLACEMENT_3D('',#8434,#8435,#8436);
#8434 = CARTESIAN_POINT('',(4.850000000001,2.199961516403,0.765));
#8435 = DIRECTION('',(-0.,0.,-1.));
#8436 = DIRECTION('',(-1.,0.,0.));
#8437 = ORIENTED_EDGE('',*,*,#8384,.F.);
#8438 = CYLINDRICAL_SURFACE('',#8439,0.2);
#8439 = AXIS2_PLACEMENT_3D('',#8440,#8441,#8442);
#8440 = CARTESIAN_POINT('',(4.850000000001,2.199961516403,-3.5E-02));
#8441 = DIRECTION('',(0.,0.,1.));
#8442 = DIRECTION('',(1.,0.,-0.));
#8443 = ADVANCED_FACE('NONE',(#8444),#8485,.T.);
#8444 = FACE_BOUND('',#8445,.T.);
#8445 = EDGE_LOOP('NONE',(#8446,#8447,#8455,#8461,#8462,#8470,#8478,
    #8484));
#8446 = ORIENTED_EDGE('',*,*,#8336,.F.);
#8447 = ORIENTED_EDGE('',*,*,#8448,.F.);
#8448 = EDGE_CURVE('NONE',#8449,#8329,#8451,.T.);
#8449 = VERTEX_POINT('NONE',#8450);
#8450 = CARTESIAN_POINT('',(4.850000000001,1.8,-3.5E-02));
#8451 = LINE('',#8452,#8453);
#8452 = CARTESIAN_POINT('',(4.850000000001,1.8,-3.5E-02));
#8453 = VECTOR('',#8454,1.);
#8454 = DIRECTION('',(0.,0.,1.));
#8455 = ORIENTED_EDGE('',*,*,#8456,.T.);
#8456 = EDGE_CURVE('NONE',#8449,#8415,#8457,.T.);
#8457 = LINE('',#8458,#8459);
#8458 = CARTESIAN_POINT('',(4.850000000001,1.8,-3.5E-02));
#8459 = VECTOR('',#8460,1.);
#8460 = DIRECTION('',(0.,1.,0.));
#8461 = ORIENTED_EDGE('',*,*,#8423,.T.);
#8462 = ORIENTED_EDGE('',*,*,#8463,.F.);
#8463 = EDGE_CURVE('NONE',#8464,#8424,#8466,.T.);
#8464 = VERTEX_POINT('NONE',#8465);
#8465 = CARTESIAN_POINT('',(4.850000000001,1.8,0.765));
#8466 = LINE('',#8467,#8468);
#8467 = CARTESIAN_POINT('',(4.850000000001,1.999961516403,0.765));
#8468 = VECTOR('',#8469,1.);
#8469 = DIRECTION('',(-0.,1.,-0.));
#8470 = ORIENTED_EDGE('',*,*,#8471,.T.);
#8471 = EDGE_CURVE('NONE',#8464,#8472,#8474,.T.);
#8472 = VERTEX_POINT('NONE',#8473);
#8473 = CARTESIAN_POINT('',(4.850000000001,1.8,0.73));
#8474 = LINE('',#8475,#8476);
#8475 = CARTESIAN_POINT('',(4.850000000001,1.8,0.765));
#8476 = VECTOR('',#8477,1.);
#8477 = DIRECTION('',(-0.,-0.,-1.));
#8478 = ORIENTED_EDGE('',*,*,#8479,.T.);
#8479 = EDGE_CURVE('NONE',#8472,#8256,#8480,.T.);
#8480 = LINE('',#8481,#8482);
#8481 = CARTESIAN_POINT('',(4.850000000001,1.999961516403,0.73));
#8482 = VECTOR('',#8483,1.);
#8483 = DIRECTION('',(-0.,1.,-0.));
#8484 = ORIENTED_EDGE('',*,*,#8281,.T.);
#8485 = PLANE('',#8486);
#8486 = AXIS2_PLACEMENT_3D('',#8487,#8488,#8489);
#8487 = CARTESIAN_POINT('',(4.850000000001,1.8,-3.5E-02));
#8488 = DIRECTION('',(1.,0.,0.));
#8489 = DIRECTION('',(0.,0.,-1.));
#8490 = ADVANCED_FACE('NONE',(#8491),#8509,.T.);
#8491 = FACE_BOUND('',#8492,.T.);
#8492 = EDGE_LOOP('NONE',(#8493,#8494,#8502,#8508));
#8493 = ORIENTED_EDGE('',*,*,#8328,.F.);
#8494 = ORIENTED_EDGE('',*,*,#8495,.F.);
#8495 = EDGE_CURVE('NONE',#8496,#8321,#8498,.T.);
#8496 = VERTEX_POINT('NONE',#8497);
#8497 = CARTESIAN_POINT('',(3.850000000001,1.8,-3.5E-02));
#8498 = LINE('',#8499,#8500);
#8499 = CARTESIAN_POINT('',(3.850000000001,1.8,-3.5E-02));
#8500 = VECTOR('',#8501,1.);
#8501 = DIRECTION('',(0.,0.,1.));
#8502 = ORIENTED_EDGE('',*,*,#8503,.T.);
#8503 = EDGE_CURVE('NONE',#8496,#8449,#8504,.T.);
#8504 = LINE('',#8505,#8506);
#8505 = CARTESIAN_POINT('',(3.850000000001,1.8,-3.5E-02));
#8506 = VECTOR('',#8507,1.);
#8507 = DIRECTION('',(1.,0.,0.));
#8508 = ORIENTED_EDGE('',*,*,#8448,.T.);
#8509 = PLANE('',#8510);
#8510 = AXIS2_PLACEMENT_3D('',#8511,#8512,#8513);
#8511 = CARTESIAN_POINT('',(3.850000000001,1.8,-3.5E-02));
#8512 = DIRECTION('',(0.,-1.,0.));
#8513 = DIRECTION('',(0.,-0.,-1.));
#8514 = ADVANCED_FACE('NONE',(#8515),#8533,.T.);
#8515 = FACE_BOUND('',#8516,.T.);
#8516 = EDGE_LOOP('NONE',(#8517,#8518,#8526,#8532));
#8517 = ORIENTED_EDGE('',*,*,#8320,.F.);
#8518 = ORIENTED_EDGE('',*,*,#8519,.F.);
#8519 = EDGE_CURVE('NONE',#8520,#8313,#8522,.T.);
#8520 = VERTEX_POINT('NONE',#8521);
#8521 = CARTESIAN_POINT('',(3.850000000001,2.6,-3.5E-02));
#8522 = LINE('',#8523,#8524);
#8523 = CARTESIAN_POINT('',(3.850000000001,2.6,-3.5E-02));
#8524 = VECTOR('',#8525,1.);
#8525 = DIRECTION('',(0.,0.,1.));
#8526 = ORIENTED_EDGE('',*,*,#8527,.T.);
#8527 = EDGE_CURVE('NONE',#8520,#8496,#8528,.T.);
#8528 = LINE('',#8529,#8530);
#8529 = CARTESIAN_POINT('',(3.850000000001,2.6,-3.5E-02));
#8530 = VECTOR('',#8531,1.);
#8531 = DIRECTION('',(0.,-1.,0.));
#8532 = ORIENTED_EDGE('',*,*,#8495,.T.);
#8533 = PLANE('',#8534);
#8534 = AXIS2_PLACEMENT_3D('',#8535,#8536,#8537);
#8535 = CARTESIAN_POINT('',(3.850000000001,2.6,-3.5E-02));
#8536 = DIRECTION('',(-1.,0.,0.));
#8537 = DIRECTION('',(0.,0.,1.));
#8538 = ADVANCED_FACE('NONE',(#8539),#8550,.T.);
#8539 = FACE_BOUND('',#8540,.T.);
#8540 = EDGE_LOOP('NONE',(#8541,#8542,#8543,#8549));
#8541 = ORIENTED_EDGE('',*,*,#8312,.F.);
#8542 = ORIENTED_EDGE('',*,*,#8400,.F.);
#8543 = ORIENTED_EDGE('',*,*,#8544,.T.);
#8544 = EDGE_CURVE('NONE',#8393,#8520,#8545,.T.);
#8545 = LINE('',#8546,#8547);
#8546 = CARTESIAN_POINT('',(4.850000000001,2.6,-3.5E-02));
#8547 = VECTOR('',#8548,1.);
#8548 = DIRECTION('',(-1.,0.,0.));
#8549 = ORIENTED_EDGE('',*,*,#8519,.T.);
#8550 = PLANE('',#8551);
#8551 = AXIS2_PLACEMENT_3D('',#8552,#8553,#8554);
#8552 = CARTESIAN_POINT('',(4.850000000001,2.6,-3.5E-02));
#8553 = DIRECTION('',(0.,1.,-0.));
#8554 = DIRECTION('',(0.,0.,1.));
#8555 = ADVANCED_FACE('NONE',(#8556),#8564,.T.);
#8556 = FACE_BOUND('',#8557,.T.);
#8557 = EDGE_LOOP('NONE',(#8558,#8559,#8560,#8561,#8562,#8563));
#8558 = ORIENTED_EDGE('',*,*,#8392,.F.);
#8559 = ORIENTED_EDGE('',*,*,#8414,.F.);
#8560 = ORIENTED_EDGE('',*,*,#8456,.F.);
#8561 = ORIENTED_EDGE('',*,*,#8503,.F.);
#8562 = ORIENTED_EDGE('',*,*,#8527,.F.);
#8563 = ORIENTED_EDGE('',*,*,#8544,.F.);
#8564 = PLANE('',#8565);
#8565 = AXIS2_PLACEMENT_3D('',#8566,#8567,#8568);
#8566 = CARTESIAN_POINT('',(4.850000000001,2.199961516403,-3.5E-02));
#8567 = DIRECTION('',(-0.,0.,-1.));
#8568 = DIRECTION('',(-1.,0.,0.));
#8569 = ADVANCED_FACE('NONE',(#8570),#8582,.T.);
#8570 = FACE_BOUND('',#8571,.T.);
#8571 = EDGE_LOOP('NONE',(#8572,#8573,#8580,#8581));
#8572 = ORIENTED_EDGE('',*,*,#8264,.F.);
#8573 = ORIENTED_EDGE('',*,*,#8574,.F.);
#8574 = EDGE_CURVE('NONE',#8353,#8254,#8575,.T.);
#8575 = CIRCLE('',#8576,0.225);
#8576 = AXIS2_PLACEMENT_3D('',#8577,#8578,#8579);
#8577 = CARTESIAN_POINT('',(4.850000000001,2.199961516403,0.73));
#8578 = DIRECTION('',(0.,0.,1.));
#8579 = DIRECTION('',(-1.,0.,0.));
#8580 = ORIENTED_EDGE('',*,*,#8352,.T.);
#8581 = ORIENTED_EDGE('',*,*,#8295,.T.);
#8582 = CYLINDRICAL_SURFACE('',#8583,0.225);
#8583 = AXIS2_PLACEMENT_3D('',#8584,#8585,#8586);
#8584 = CARTESIAN_POINT('',(4.850000000001,2.199961516403,0.73));
#8585 = DIRECTION('',(-0.,-0.,-1.));
#8586 = DIRECTION('',(-1.,0.,0.));
#8587 = ADVANCED_FACE('NONE',(#8588),#8613,.F.);
#8588 = FACE_BOUND('',#8589,.T.);
#8589 = EDGE_LOOP('NONE',(#8590,#8598,#8606,#8612));
#8590 = ORIENTED_EDGE('',*,*,#8591,.T.);
#8591 = EDGE_CURVE('NONE',#8361,#8592,#8594,.T.);
#8592 = VERTEX_POINT('NONE',#8593);
#8593 = CARTESIAN_POINT('',(4.450000000001,2.6,0.73));
#8594 = LINE('',#8595,#8596);
#8595 = CARTESIAN_POINT('',(4.850000000001,2.6,0.73));
#8596 = VECTOR('',#8597,1.);
#8597 = DIRECTION('',(-1.,0.,0.));
#8598 = ORIENTED_EDGE('',*,*,#8599,.F.);
#8599 = EDGE_CURVE('NONE',#8600,#8592,#8602,.T.);
#8600 = VERTEX_POINT('NONE',#8601);
#8601 = CARTESIAN_POINT('',(4.450000000001,2.6,0.765));
#8602 = LINE('',#8603,#8604);
#8603 = CARTESIAN_POINT('',(4.450000000001,2.6,0.765));
#8604 = VECTOR('',#8605,1.);
#8605 = DIRECTION('',(-0.,-0.,-1.));
#8606 = ORIENTED_EDGE('',*,*,#8607,.F.);
#8607 = EDGE_CURVE('NONE',#8369,#8600,#8608,.T.);
#8608 = LINE('',#8609,#8610);
#8609 = CARTESIAN_POINT('',(4.850000000001,2.6,0.765));
#8610 = VECTOR('',#8611,1.);
#8611 = DIRECTION('',(-1.,0.,0.));
#8612 = ORIENTED_EDGE('',*,*,#8368,.T.);
#8613 = PLANE('',#8614);
#8614 = AXIS2_PLACEMENT_3D('',#8615,#8616,#8617);
#8615 = CARTESIAN_POINT('',(4.850000000001,2.6,0.765));
#8616 = DIRECTION('',(0.,-1.,0.));
#8617 = DIRECTION('',(0.,-0.,-1.));
#8618 = ADVANCED_FACE('NONE',(#8619),#8644,.F.);
#8619 = FACE_BOUND('',#8620,.T.);
#8620 = EDGE_LOOP('NONE',(#8621,#8629,#8637,#8643));
#8621 = ORIENTED_EDGE('',*,*,#8622,.T.);
#8622 = EDGE_CURVE('NONE',#8592,#8623,#8625,.T.);
#8623 = VERTEX_POINT('NONE',#8624);
#8624 = CARTESIAN_POINT('',(4.450000000001,1.8,0.73));
#8625 = LINE('',#8626,#8627);
#8626 = CARTESIAN_POINT('',(4.450000000001,2.6,0.73));
#8627 = VECTOR('',#8628,1.);
#8628 = DIRECTION('',(0.,-1.,0.));
#8629 = ORIENTED_EDGE('',*,*,#8630,.F.);
#8630 = EDGE_CURVE('NONE',#8631,#8623,#8633,.T.);
#8631 = VERTEX_POINT('NONE',#8632);
#8632 = CARTESIAN_POINT('',(4.450000000001,1.8,0.765));
#8633 = LINE('',#8634,#8635);
#8634 = CARTESIAN_POINT('',(4.450000000001,1.8,0.765));
#8635 = VECTOR('',#8636,1.);
#8636 = DIRECTION('',(-0.,-0.,-1.));
#8637 = ORIENTED_EDGE('',*,*,#8638,.F.);
#8638 = EDGE_CURVE('NONE',#8600,#8631,#8639,.T.);
#8639 = LINE('',#8640,#8641);
#8640 = CARTESIAN_POINT('',(4.450000000001,2.6,0.765));
#8641 = VECTOR('',#8642,1.);
#8642 = DIRECTION('',(0.,-1.,0.));
#8643 = ORIENTED_EDGE('',*,*,#8599,.T.);
#8644 = PLANE('',#8645);
#8645 = AXIS2_PLACEMENT_3D('',#8646,#8647,#8648);
#8646 = CARTESIAN_POINT('',(4.450000000001,2.6,0.765));
#8647 = DIRECTION('',(1.,0.,-0.));
#8648 = DIRECTION('',(-0.,0.,-1.));
#8649 = ADVANCED_FACE('NONE',(#8650),#8666,.F.);
#8650 = FACE_BOUND('',#8651,.T.);
#8651 = EDGE_LOOP('NONE',(#8652,#8658,#8659,#8665));
#8652 = ORIENTED_EDGE('',*,*,#8653,.T.);
#8653 = EDGE_CURVE('NONE',#8623,#8472,#8654,.T.);
#8654 = LINE('',#8655,#8656);
#8655 = CARTESIAN_POINT('',(4.450000000001,1.8,0.73));
#8656 = VECTOR('',#8657,1.);
#8657 = DIRECTION('',(1.,0.,0.));
#8658 = ORIENTED_EDGE('',*,*,#8471,.F.);
#8659 = ORIENTED_EDGE('',*,*,#8660,.F.);
#8660 = EDGE_CURVE('NONE',#8631,#8464,#8661,.T.);
#8661 = LINE('',#8662,#8663);
#8662 = CARTESIAN_POINT('',(4.450000000001,1.8,0.765));
#8663 = VECTOR('',#8664,1.);
#8664 = DIRECTION('',(1.,0.,0.));
#8665 = ORIENTED_EDGE('',*,*,#8630,.T.);
#8666 = PLANE('',#8667);
#8667 = AXIS2_PLACEMENT_3D('',#8668,#8669,#8670);
#8668 = CARTESIAN_POINT('',(4.450000000001,1.8,0.765));
#8669 = DIRECTION('',(0.,1.,0.));
#8670 = DIRECTION('',(0.,-0.,1.));
#8671 = ADVANCED_FACE('NONE',(#8672),#8680,.F.);
#8672 = FACE_BOUND('',#8673,.T.);
#8673 = EDGE_LOOP('NONE',(#8674,#8675,#8676,#8677,#8678,#8679));
#8674 = ORIENTED_EDGE('',*,*,#8431,.T.);
#8675 = ORIENTED_EDGE('',*,*,#8376,.T.);
#8676 = ORIENTED_EDGE('',*,*,#8607,.T.);
#8677 = ORIENTED_EDGE('',*,*,#8638,.T.);
#8678 = ORIENTED_EDGE('',*,*,#8660,.T.);
#8679 = ORIENTED_EDGE('',*,*,#8463,.T.);
#8680 = PLANE('',#8681);
#8681 = AXIS2_PLACEMENT_3D('',#8682,#8683,#8684);
#8682 = CARTESIAN_POINT('',(4.850000000001,2.199961516403,0.765));
#8683 = DIRECTION('',(-0.,0.,-1.));
#8684 = DIRECTION('',(-1.,0.,0.));
#8685 = ADVANCED_FACE('NONE',(#8686),#8695,.T.);
#8686 = FACE_BOUND('',#8687,.T.);
#8687 = EDGE_LOOP('NONE',(#8688,#8689,#8690,#8691,#8692,#8693,#8694));
#8688 = ORIENTED_EDGE('',*,*,#8360,.F.);
#8689 = ORIENTED_EDGE('',*,*,#8574,.T.);
#8690 = ORIENTED_EDGE('',*,*,#8253,.T.);
#8691 = ORIENTED_EDGE('',*,*,#8479,.F.);
#8692 = ORIENTED_EDGE('',*,*,#8653,.F.);
#8693 = ORIENTED_EDGE('',*,*,#8622,.F.);
#8694 = ORIENTED_EDGE('',*,*,#8591,.F.);
#8695 = PLANE('',#8696);
#8696 = AXIS2_PLACEMENT_3D('',#8697,#8698,#8699);
#8697 = CARTESIAN_POINT('',(4.850000000001,2.199961516403,0.73));
#8698 = DIRECTION('',(-0.,0.,-1.));
#8699 = DIRECTION('',(-1.,0.,0.));
#8700 = MANIFOLD_SOLID_BREP('Aufsatz-Linear austragen13[9]',#8701);
#8701 = CLOSED_SHELL('NONE',(#8702,#8744,#8784,#8815,#8878,#8902,#8965,
    #8987,#9002,#9022,#9040,#9073,#9104,#9121,#9138));
#8702 = ADVANCED_FACE('NONE',(#8703),#8739,.F.);
#8703 = FACE_BOUND('',#8704,.F.);
#8704 = EDGE_LOOP('NONE',(#8705,#8715,#8724,#8732));
#8705 = ORIENTED_EDGE('',*,*,#8706,.T.);
#8706 = EDGE_CURVE('NONE',#8707,#8709,#8711,.T.);
#8707 = VERTEX_POINT('NONE',#8708);
#8708 = CARTESIAN_POINT('',(-4.850000000001,1.299961516403,-3.5E-02));
#8709 = VERTEX_POINT('NONE',#8710);
#8710 = CARTESIAN_POINT('',(-4.850000000001,1.299961516403,0.765));
#8711 = LINE('',#8712,#8713);
#8712 = CARTESIAN_POINT('',(-4.850000000001,1.299961516403,-3.5E-02));
#8713 = VECTOR('',#8714,1.);
#8714 = DIRECTION('',(0.,0.,1.));
#8715 = ORIENTED_EDGE('',*,*,#8716,.T.);
#8716 = EDGE_CURVE('NONE',#8709,#8717,#8719,.T.);
#8717 = VERTEX_POINT('NONE',#8718);
#8718 = CARTESIAN_POINT('',(-4.650000000001,1.099961516403,0.765));
#8719 = CIRCLE('',#8720,0.2);
#8720 = AXIS2_PLACEMENT_3D('',#8721,#8722,#8723);
#8721 = CARTESIAN_POINT('',(-4.850000000001,1.099961516403,0.765));
#8722 = DIRECTION('',(0.,0.,-1.));
#8723 = DIRECTION('',(1.,0.,0.));
#8724 = ORIENTED_EDGE('',*,*,#8725,.F.);
#8725 = EDGE_CURVE('NONE',#8726,#8717,#8728,.T.);
#8726 = VERTEX_POINT('NONE',#8727);
#8727 = CARTESIAN_POINT('',(-4.650000000001,1.099961516403,-3.5E-02));
#8728 = LINE('',#8729,#8730);
#8729 = CARTESIAN_POINT('',(-4.650000000001,1.099961516403,-3.5E-02));
#8730 = VECTOR('',#8731,1.);
#8731 = DIRECTION('',(0.,0.,1.));
#8732 = ORIENTED_EDGE('',*,*,#8733,.F.);
#8733 = EDGE_CURVE('NONE',#8707,#8726,#8734,.T.);
#8734 = CIRCLE('',#8735,0.2);
#8735 = AXIS2_PLACEMENT_3D('',#8736,#8737,#8738);
#8736 = CARTESIAN_POINT('',(-4.850000000001,1.099961516403,-3.5E-02));
#8737 = DIRECTION('',(0.,0.,-1.));
#8738 = DIRECTION('',(1.,0.,0.));
#8739 = CYLINDRICAL_SURFACE('',#8740,0.2);
#8740 = AXIS2_PLACEMENT_3D('',#8741,#8742,#8743);
#8741 = CARTESIAN_POINT('',(-4.850000000001,1.099961516403,-3.5E-02));
#8742 = DIRECTION('',(0.,0.,1.));
#8743 = DIRECTION('',(1.,0.,-0.));
#8744 = ADVANCED_FACE('NONE',(#8745),#8779,.T.);
#8745 = FACE_BOUND('',#8746,.T.);
#8746 = EDGE_LOOP('NONE',(#8747,#8757,#8765,#8773));
#8747 = ORIENTED_EDGE('',*,*,#8748,.F.);
#8748 = EDGE_CURVE('NONE',#8749,#8751,#8753,.T.);
#8749 = VERTEX_POINT('NONE',#8750);
#8750 = CARTESIAN_POINT('',(-3.850000000001,0.7,0.));
#8751 = VERTEX_POINT('NONE',#8752);
#8752 = CARTESIAN_POINT('',(-3.850000000001,1.5,0.));
#8753 = LINE('',#8754,#8755);
#8754 = CARTESIAN_POINT('',(-3.850000000001,1.5,0.));
#8755 = VECTOR('',#8756,1.);
#8756 = DIRECTION('',(-0.,1.,-0.));
#8757 = ORIENTED_EDGE('',*,*,#8758,.F.);
#8758 = EDGE_CURVE('NONE',#8759,#8749,#8761,.T.);
#8759 = VERTEX_POINT('NONE',#8760);
#8760 = CARTESIAN_POINT('',(-3.850000000001,0.7,-3.5E-02));
#8761 = LINE('',#8762,#8763);
#8762 = CARTESIAN_POINT('',(-3.850000000001,0.7,-3.5E-02));
#8763 = VECTOR('',#8764,1.);
#8764 = DIRECTION('',(0.,0.,1.));
#8765 = ORIENTED_EDGE('',*,*,#8766,.T.);
#8766 = EDGE_CURVE('NONE',#8759,#8767,#8769,.T.);
#8767 = VERTEX_POINT('NONE',#8768);
#8768 = CARTESIAN_POINT('',(-3.850000000001,1.5,-3.5E-02));
#8769 = LINE('',#8770,#8771);
#8770 = CARTESIAN_POINT('',(-3.850000000001,1.5,-3.5E-02));
#8771 = VECTOR('',#8772,1.);
#8772 = DIRECTION('',(-0.,1.,-0.));
#8773 = ORIENTED_EDGE('',*,*,#8774,.T.);
#8774 = EDGE_CURVE('NONE',#8767,#8751,#8775,.T.);
#8775 = LINE('',#8776,#8777);
#8776 = CARTESIAN_POINT('',(-3.850000000001,1.5,-3.5E-02));
#8777 = VECTOR('',#8778,1.);
#8778 = DIRECTION('',(0.,0.,1.));
#8779 = PLANE('',#8780);
#8780 = AXIS2_PLACEMENT_3D('',#8781,#8782,#8783);
#8781 = CARTESIAN_POINT('',(-3.850000000001,1.5,-3.5E-02));
#8782 = DIRECTION('',(1.,0.,-0.));
#8783 = DIRECTION('',(-0.,0.,-1.));
#8784 = ADVANCED_FACE('NONE',(#8785),#8810,.T.);
#8785 = FACE_BOUND('',#8786,.T.);
#8786 = EDGE_LOOP('NONE',(#8787,#8795,#8803,#8809));
#8787 = ORIENTED_EDGE('',*,*,#8788,.F.);
#8788 = EDGE_CURVE('NONE',#8789,#8749,#8791,.T.);
#8789 = VERTEX_POINT('NONE',#8790);
#8790 = CARTESIAN_POINT('',(-4.850000000001,0.7,0.));
#8791 = LINE('',#8792,#8793);
#8792 = CARTESIAN_POINT('',(-3.850000000001,0.7,0.));
#8793 = VECTOR('',#8794,1.);
#8794 = DIRECTION('',(1.,-0.,-0.));
#8795 = ORIENTED_EDGE('',*,*,#8796,.F.);
#8796 = EDGE_CURVE('NONE',#8797,#8789,#8799,.T.);
#8797 = VERTEX_POINT('NONE',#8798);
#8798 = CARTESIAN_POINT('',(-4.850000000001,0.7,-3.5E-02));
#8799 = LINE('',#8800,#8801);
#8800 = CARTESIAN_POINT('',(-4.850000000001,0.7,-3.5E-02));
#8801 = VECTOR('',#8802,1.);
#8802 = DIRECTION('',(0.,0.,1.));
#8803 = ORIENTED_EDGE('',*,*,#8804,.T.);
#8804 = EDGE_CURVE('NONE',#8797,#8759,#8805,.T.);
#8805 = LINE('',#8806,#8807);
#8806 = CARTESIAN_POINT('',(-3.850000000001,0.7,-3.5E-02));
#8807 = VECTOR('',#8808,1.);
#8808 = DIRECTION('',(1.,-0.,-0.));
#8809 = ORIENTED_EDGE('',*,*,#8758,.T.);
#8810 = PLANE('',#8811);
#8811 = AXIS2_PLACEMENT_3D('',#8812,#8813,#8814);
#8812 = CARTESIAN_POINT('',(-3.850000000001,0.7,-3.5E-02));
#8813 = DIRECTION('',(0.,-1.,0.));
#8814 = DIRECTION('',(0.,-0.,-1.));
#8815 = ADVANCED_FACE('NONE',(#8816),#8873,.T.);
#8816 = FACE_BOUND('',#8817,.T.);
#8817 = EDGE_LOOP('NONE',(#8818,#8826,#8834,#8842,#8850,#8858,#8866,
    #8872));
#8818 = ORIENTED_EDGE('',*,*,#8819,.F.);
#8819 = EDGE_CURVE('NONE',#8820,#8789,#8822,.T.);
#8820 = VERTEX_POINT('NONE',#8821);
#8821 = CARTESIAN_POINT('',(-4.850000000001,0.874961516403,0.));
#8822 = LINE('',#8823,#8824);
#8823 = CARTESIAN_POINT('',(-4.850000000001,0.899961516403,0.));
#8824 = VECTOR('',#8825,1.);
#8825 = DIRECTION('',(0.,-1.,0.));
#8826 = ORIENTED_EDGE('',*,*,#8827,.F.);
#8827 = EDGE_CURVE('NONE',#8828,#8820,#8830,.T.);
#8828 = VERTEX_POINT('NONE',#8829);
#8829 = CARTESIAN_POINT('',(-4.850000000001,0.874961516403,0.73));
#8830 = LINE('',#8831,#8832);
#8831 = CARTESIAN_POINT('',(-4.850000000001,0.874961516403,0.73));
#8832 = VECTOR('',#8833,1.);
#8833 = DIRECTION('',(-0.,-0.,-1.));
#8834 = ORIENTED_EDGE('',*,*,#8835,.T.);
#8835 = EDGE_CURVE('NONE',#8828,#8836,#8838,.T.);
#8836 = VERTEX_POINT('NONE',#8837);
#8837 = CARTESIAN_POINT('',(-4.850000000001,0.7,0.73));
#8838 = LINE('',#8839,#8840);
#8839 = CARTESIAN_POINT('',(-4.850000000001,0.899961516403,0.73));
#8840 = VECTOR('',#8841,1.);
#8841 = DIRECTION('',(0.,-1.,0.));
#8842 = ORIENTED_EDGE('',*,*,#8843,.F.);
#8843 = EDGE_CURVE('NONE',#8844,#8836,#8846,.T.);
#8844 = VERTEX_POINT('NONE',#8845);
#8845 = CARTESIAN_POINT('',(-4.850000000001,0.7,0.765));
#8846 = LINE('',#8847,#8848);
#8847 = CARTESIAN_POINT('',(-4.850000000001,0.7,0.765));
#8848 = VECTOR('',#8849,1.);
#8849 = DIRECTION('',(-0.,-0.,-1.));
#8850 = ORIENTED_EDGE('',*,*,#8851,.F.);
#8851 = EDGE_CURVE('NONE',#8852,#8844,#8854,.T.);
#8852 = VERTEX_POINT('NONE',#8853);
#8853 = CARTESIAN_POINT('',(-4.850000000001,0.899961516403,0.765));
#8854 = LINE('',#8855,#8856);
#8855 = CARTESIAN_POINT('',(-4.850000000001,0.899961516403,0.765));
#8856 = VECTOR('',#8857,1.);
#8857 = DIRECTION('',(0.,-1.,0.));
#8858 = ORIENTED_EDGE('',*,*,#8859,.F.);
#8859 = EDGE_CURVE('NONE',#8860,#8852,#8862,.T.);
#8860 = VERTEX_POINT('NONE',#8861);
#8861 = CARTESIAN_POINT('',(-4.850000000001,0.899961516403,-3.5E-02));
#8862 = LINE('',#8863,#8864);
#8863 = CARTESIAN_POINT('',(-4.850000000001,0.899961516403,-3.5E-02));
#8864 = VECTOR('',#8865,1.);
#8865 = DIRECTION('',(0.,0.,1.));
#8866 = ORIENTED_EDGE('',*,*,#8867,.T.);
#8867 = EDGE_CURVE('NONE',#8860,#8797,#8868,.T.);
#8868 = LINE('',#8869,#8870);
#8869 = CARTESIAN_POINT('',(-4.850000000001,0.899961516403,-3.5E-02));
#8870 = VECTOR('',#8871,1.);
#8871 = DIRECTION('',(0.,-1.,0.));
#8872 = ORIENTED_EDGE('',*,*,#8796,.T.);
#8873 = PLANE('',#8874);
#8874 = AXIS2_PLACEMENT_3D('',#8875,#8876,#8877);
#8875 = CARTESIAN_POINT('',(-4.850000000001,0.899961516403,-3.5E-02));
#8876 = DIRECTION('',(-1.,0.,0.));
#8877 = DIRECTION('',(0.,0.,1.));
#8878 = ADVANCED_FACE('NONE',(#8879),#8897,.F.);
#8879 = FACE_BOUND('',#8880,.F.);
#8880 = EDGE_LOOP('NONE',(#8881,#8888,#8889,#8896));
#8881 = ORIENTED_EDGE('',*,*,#8882,.T.);
#8882 = EDGE_CURVE('NONE',#8717,#8852,#8883,.T.);
#8883 = CIRCLE('',#8884,0.2);
#8884 = AXIS2_PLACEMENT_3D('',#8885,#8886,#8887);
#8885 = CARTESIAN_POINT('',(-4.850000000001,1.099961516403,0.765));
#8886 = DIRECTION('',(0.,0.,-1.));
#8887 = DIRECTION('',(1.,0.,0.));
#8888 = ORIENTED_EDGE('',*,*,#8859,.F.);
#8889 = ORIENTED_EDGE('',*,*,#8890,.F.);
#8890 = EDGE_CURVE('NONE',#8726,#8860,#8891,.T.);
#8891 = CIRCLE('',#8892,0.2);
#8892 = AXIS2_PLACEMENT_3D('',#8893,#8894,#8895);
#8893 = CARTESIAN_POINT('',(-4.850000000001,1.099961516403,-3.5E-02));
#8894 = DIRECTION('',(0.,0.,-1.));
#8895 = DIRECTION('',(1.,0.,0.));
#8896 = ORIENTED_EDGE('',*,*,#8725,.T.);
#8897 = CYLINDRICAL_SURFACE('',#8898,0.2);
#8898 = AXIS2_PLACEMENT_3D('',#8899,#8900,#8901);
#8899 = CARTESIAN_POINT('',(-4.850000000001,1.099961516403,-3.5E-02));
#8900 = DIRECTION('',(0.,0.,1.));
#8901 = DIRECTION('',(1.,0.,-0.));
#8902 = ADVANCED_FACE('NONE',(#8903),#8960,.T.);
#8903 = FACE_BOUND('',#8904,.T.);
#8904 = EDGE_LOOP('NONE',(#8905,#8915,#8923,#8929,#8930,#8938,#8946,
    #8954));
#8905 = ORIENTED_EDGE('',*,*,#8906,.F.);
#8906 = EDGE_CURVE('NONE',#8907,#8909,#8911,.T.);
#8907 = VERTEX_POINT('NONE',#8908);
#8908 = CARTESIAN_POINT('',(-4.850000000001,1.5,0.));
#8909 = VERTEX_POINT('NONE',#8910);
#8910 = CARTESIAN_POINT('',(-4.850000000001,1.324961516403,0.));
#8911 = LINE('',#8912,#8913);
#8912 = CARTESIAN_POINT('',(-4.850000000001,1.5,0.));
#8913 = VECTOR('',#8914,1.);
#8914 = DIRECTION('',(0.,-1.,0.));
#8915 = ORIENTED_EDGE('',*,*,#8916,.F.);
#8916 = EDGE_CURVE('NONE',#8917,#8907,#8919,.T.);
#8917 = VERTEX_POINT('NONE',#8918);
#8918 = CARTESIAN_POINT('',(-4.850000000001,1.5,-3.5E-02));
#8919 = LINE('',#8920,#8921);
#8920 = CARTESIAN_POINT('',(-4.850000000001,1.5,-3.5E-02));
#8921 = VECTOR('',#8922,1.);
#8922 = DIRECTION('',(0.,0.,1.));
#8923 = ORIENTED_EDGE('',*,*,#8924,.T.);
#8924 = EDGE_CURVE('NONE',#8917,#8707,#8925,.T.);
#8925 = LINE('',#8926,#8927);
#8926 = CARTESIAN_POINT('',(-4.850000000001,1.5,-3.5E-02));
#8927 = VECTOR('',#8928,1.);
#8928 = DIRECTION('',(0.,-1.,0.));
#8929 = ORIENTED_EDGE('',*,*,#8706,.T.);
#8930 = ORIENTED_EDGE('',*,*,#8931,.F.);
#8931 = EDGE_CURVE('NONE',#8932,#8709,#8934,.T.);
#8932 = VERTEX_POINT('NONE',#8933);
#8933 = CARTESIAN_POINT('',(-4.850000000001,1.5,0.765));
#8934 = LINE('',#8935,#8936);
#8935 = CARTESIAN_POINT('',(-4.850000000001,1.5,0.765));
#8936 = VECTOR('',#8937,1.);
#8937 = DIRECTION('',(0.,-1.,0.));
#8938 = ORIENTED_EDGE('',*,*,#8939,.T.);
#8939 = EDGE_CURVE('NONE',#8932,#8940,#8942,.T.);
#8940 = VERTEX_POINT('NONE',#8941);
#8941 = CARTESIAN_POINT('',(-4.850000000001,1.5,0.73));
#8942 = LINE('',#8943,#8944);
#8943 = CARTESIAN_POINT('',(-4.850000000001,1.5,0.765));
#8944 = VECTOR('',#8945,1.);
#8945 = DIRECTION('',(-0.,-0.,-1.));
#8946 = ORIENTED_EDGE('',*,*,#8947,.T.);
#8947 = EDGE_CURVE('NONE',#8940,#8948,#8950,.T.);
#8948 = VERTEX_POINT('NONE',#8949);
#8949 = CARTESIAN_POINT('',(-4.850000000001,1.324961516403,0.73));
#8950 = LINE('',#8951,#8952);
#8951 = CARTESIAN_POINT('',(-4.850000000001,1.5,0.73));
#8952 = VECTOR('',#8953,1.);
#8953 = DIRECTION('',(0.,-1.,0.));
#8954 = ORIENTED_EDGE('',*,*,#8955,.T.);
#8955 = EDGE_CURVE('NONE',#8948,#8909,#8956,.T.);
#8956 = LINE('',#8957,#8958);
#8957 = CARTESIAN_POINT('',(-4.850000000001,1.324961516403,0.73));
#8958 = VECTOR('',#8959,1.);
#8959 = DIRECTION('',(-0.,-0.,-1.));
#8960 = PLANE('',#8961);
#8961 = AXIS2_PLACEMENT_3D('',#8962,#8963,#8964);
#8962 = CARTESIAN_POINT('',(-4.850000000001,1.5,-3.5E-02));
#8963 = DIRECTION('',(-1.,0.,0.));
#8964 = DIRECTION('',(0.,0.,1.));
#8965 = ADVANCED_FACE('NONE',(#8966),#8982,.T.);
#8966 = FACE_BOUND('',#8967,.T.);
#8967 = EDGE_LOOP('NONE',(#8968,#8974,#8975,#8981));
#8968 = ORIENTED_EDGE('',*,*,#8969,.F.);
#8969 = EDGE_CURVE('NONE',#8751,#8907,#8970,.T.);
#8970 = LINE('',#8971,#8972);
#8971 = CARTESIAN_POINT('',(-4.850000000001,1.5,0.));
#8972 = VECTOR('',#8973,1.);
#8973 = DIRECTION('',(-1.,-0.,-0.));
#8974 = ORIENTED_EDGE('',*,*,#8774,.F.);
#8975 = ORIENTED_EDGE('',*,*,#8976,.T.);
#8976 = EDGE_CURVE('NONE',#8767,#8917,#8977,.T.);
#8977 = LINE('',#8978,#8979);
#8978 = CARTESIAN_POINT('',(-4.850000000001,1.5,-3.5E-02));
#8979 = VECTOR('',#8980,1.);
#8980 = DIRECTION('',(-1.,-0.,-0.));
#8981 = ORIENTED_EDGE('',*,*,#8916,.T.);
#8982 = PLANE('',#8983);
#8983 = AXIS2_PLACEMENT_3D('',#8984,#8985,#8986);
#8984 = CARTESIAN_POINT('',(-4.850000000001,1.5,-3.5E-02));
#8985 = DIRECTION('',(0.,1.,0.));
#8986 = DIRECTION('',(0.,-0.,1.));
#8987 = ADVANCED_FACE('NONE',(#8988),#8997,.F.);
#8988 = FACE_BOUND('',#8989,.T.);
#8989 = EDGE_LOOP('NONE',(#8990,#8991,#8992,#8993,#8994,#8995,#8996));
#8990 = ORIENTED_EDGE('',*,*,#8766,.F.);
#8991 = ORIENTED_EDGE('',*,*,#8804,.F.);
#8992 = ORIENTED_EDGE('',*,*,#8867,.F.);
#8993 = ORIENTED_EDGE('',*,*,#8890,.F.);
#8994 = ORIENTED_EDGE('',*,*,#8733,.F.);
#8995 = ORIENTED_EDGE('',*,*,#8924,.F.);
#8996 = ORIENTED_EDGE('',*,*,#8976,.F.);
#8997 = PLANE('',#8998);
#8998 = AXIS2_PLACEMENT_3D('',#8999,#9000,#9001);
#8999 = CARTESIAN_POINT('',(-4.850000000001,1.099961516403,-3.5E-02));
#9000 = DIRECTION('',(0.,0.,1.));
#9001 = DIRECTION('',(1.,0.,-0.));
#9002 = ADVANCED_FACE('NONE',(#9003),#9017,.T.);
#9003 = FACE_BOUND('',#9004,.T.);
#9004 = EDGE_LOOP('NONE',(#9005,#9012,#9013,#9014,#9015,#9016));
#9005 = ORIENTED_EDGE('',*,*,#9006,.F.);
#9006 = EDGE_CURVE('NONE',#8820,#8909,#9007,.T.);
#9007 = CIRCLE('',#9008,0.225);
#9008 = AXIS2_PLACEMENT_3D('',#9009,#9010,#9011);
#9009 = CARTESIAN_POINT('',(-4.850000000001,1.099961516403,0.));
#9010 = DIRECTION('',(0.,0.,1.));
#9011 = DIRECTION('',(1.,0.,-0.));
#9012 = ORIENTED_EDGE('',*,*,#8819,.T.);
#9013 = ORIENTED_EDGE('',*,*,#8788,.T.);
#9014 = ORIENTED_EDGE('',*,*,#8748,.T.);
#9015 = ORIENTED_EDGE('',*,*,#8969,.T.);
#9016 = ORIENTED_EDGE('',*,*,#8906,.T.);
#9017 = PLANE('',#9018);
#9018 = AXIS2_PLACEMENT_3D('',#9019,#9020,#9021);
#9019 = CARTESIAN_POINT('',(-4.850000000001,1.099961516403,0.));
#9020 = DIRECTION('',(0.,0.,1.));
#9021 = DIRECTION('',(1.,0.,-0.));
#9022 = ADVANCED_FACE('NONE',(#9023),#9035,.T.);
#9023 = FACE_BOUND('',#9024,.T.);
#9024 = EDGE_LOOP('NONE',(#9025,#9026,#9027,#9034));
#9025 = ORIENTED_EDGE('',*,*,#9006,.T.);
#9026 = ORIENTED_EDGE('',*,*,#8955,.F.);
#9027 = ORIENTED_EDGE('',*,*,#9028,.F.);
#9028 = EDGE_CURVE('NONE',#8828,#8948,#9029,.T.);
#9029 = CIRCLE('',#9030,0.225);
#9030 = AXIS2_PLACEMENT_3D('',#9031,#9032,#9033);
#9031 = CARTESIAN_POINT('',(-4.850000000001,1.099961516403,0.73));
#9032 = DIRECTION('',(0.,0.,1.));
#9033 = DIRECTION('',(1.,0.,-0.));
#9034 = ORIENTED_EDGE('',*,*,#8827,.T.);
#9035 = CYLINDRICAL_SURFACE('',#9036,0.225);
#9036 = AXIS2_PLACEMENT_3D('',#9037,#9038,#9039);
#9037 = CARTESIAN_POINT('',(-4.850000000001,1.099961516403,0.73));
#9038 = DIRECTION('',(-0.,-0.,-1.));
#9039 = DIRECTION('',(-1.,0.,0.));
#9040 = ADVANCED_FACE('NONE',(#9041),#9068,.F.);
#9041 = FACE_BOUND('',#9042,.T.);
#9042 = EDGE_LOOP('NONE',(#9043,#9044,#9045,#9046,#9054,#9062));
#9043 = ORIENTED_EDGE('',*,*,#8835,.F.);
#9044 = ORIENTED_EDGE('',*,*,#9028,.T.);
#9045 = ORIENTED_EDGE('',*,*,#8947,.F.);
#9046 = ORIENTED_EDGE('',*,*,#9047,.F.);
#9047 = EDGE_CURVE('NONE',#9048,#8940,#9050,.T.);
#9048 = VERTEX_POINT('NONE',#9049);
#9049 = CARTESIAN_POINT('',(-4.450000000001,1.5,0.73));
#9050 = LINE('',#9051,#9052);
#9051 = CARTESIAN_POINT('',(-4.850000000001,1.5,0.73));
#9052 = VECTOR('',#9053,1.);
#9053 = DIRECTION('',(-1.,-0.,-0.));
#9054 = ORIENTED_EDGE('',*,*,#9055,.F.);
#9055 = EDGE_CURVE('NONE',#9056,#9048,#9058,.T.);
#9056 = VERTEX_POINT('NONE',#9057);
#9057 = CARTESIAN_POINT('',(-4.450000000001,0.7,0.73));
#9058 = LINE('',#9059,#9060);
#9059 = CARTESIAN_POINT('',(-4.450000000001,1.5,0.73));
#9060 = VECTOR('',#9061,1.);
#9061 = DIRECTION('',(-0.,1.,-0.));
#9062 = ORIENTED_EDGE('',*,*,#9063,.F.);
#9063 = EDGE_CURVE('NONE',#8836,#9056,#9064,.T.);
#9064 = LINE('',#9065,#9066);
#9065 = CARTESIAN_POINT('',(-4.450000000001,0.7,0.73));
#9066 = VECTOR('',#9067,1.);
#9067 = DIRECTION('',(1.,-0.,-0.));
#9068 = PLANE('',#9069);
#9069 = AXIS2_PLACEMENT_3D('',#9070,#9071,#9072);
#9070 = CARTESIAN_POINT('',(-4.850000000001,1.099961516403,0.73));
#9071 = DIRECTION('',(0.,0.,1.));
#9072 = DIRECTION('',(1.,0.,-0.));
#9073 = ADVANCED_FACE('NONE',(#9074),#9099,.F.);
#9074 = FACE_BOUND('',#9075,.T.);
#9075 = EDGE_LOOP('NONE',(#9076,#9077,#9085,#9093));
#9076 = ORIENTED_EDGE('',*,*,#9055,.T.);
#9077 = ORIENTED_EDGE('',*,*,#9078,.F.);
#9078 = EDGE_CURVE('NONE',#9079,#9048,#9081,.T.);
#9079 = VERTEX_POINT('NONE',#9080);
#9080 = CARTESIAN_POINT('',(-4.450000000001,1.5,0.765));
#9081 = LINE('',#9082,#9083);
#9082 = CARTESIAN_POINT('',(-4.450000000001,1.5,0.765));
#9083 = VECTOR('',#9084,1.);
#9084 = DIRECTION('',(-0.,-0.,-1.));
#9085 = ORIENTED_EDGE('',*,*,#9086,.F.);
#9086 = EDGE_CURVE('NONE',#9087,#9079,#9089,.T.);
#9087 = VERTEX_POINT('NONE',#9088);
#9088 = CARTESIAN_POINT('',(-4.450000000001,0.7,0.765));
#9089 = LINE('',#9090,#9091);
#9090 = CARTESIAN_POINT('',(-4.450000000001,1.5,0.765));
#9091 = VECTOR('',#9092,1.);
#9092 = DIRECTION('',(-0.,1.,-0.));
#9093 = ORIENTED_EDGE('',*,*,#9094,.T.);
#9094 = EDGE_CURVE('NONE',#9087,#9056,#9095,.T.);
#9095 = LINE('',#9096,#9097);
#9096 = CARTESIAN_POINT('',(-4.450000000001,0.7,0.765));
#9097 = VECTOR('',#9098,1.);
#9098 = DIRECTION('',(-0.,-0.,-1.));
#9099 = PLANE('',#9100);
#9100 = AXIS2_PLACEMENT_3D('',#9101,#9102,#9103);
#9101 = CARTESIAN_POINT('',(-4.450000000001,1.5,0.765));
#9102 = DIRECTION('',(-1.,0.,0.));
#9103 = DIRECTION('',(0.,0.,1.));
#9104 = ADVANCED_FACE('NONE',(#9105),#9116,.F.);
#9105 = FACE_BOUND('',#9106,.T.);
#9106 = EDGE_LOOP('NONE',(#9107,#9108,#9109,#9115));
#9107 = ORIENTED_EDGE('',*,*,#9047,.T.);
#9108 = ORIENTED_EDGE('',*,*,#8939,.F.);
#9109 = ORIENTED_EDGE('',*,*,#9110,.F.);
#9110 = EDGE_CURVE('NONE',#9079,#8932,#9111,.T.);
#9111 = LINE('',#9112,#9113);
#9112 = CARTESIAN_POINT('',(-4.850000000001,1.5,0.765));
#9113 = VECTOR('',#9114,1.);
#9114 = DIRECTION('',(-1.,-0.,-0.));
#9115 = ORIENTED_EDGE('',*,*,#9078,.T.);
#9116 = PLANE('',#9117);
#9117 = AXIS2_PLACEMENT_3D('',#9118,#9119,#9120);
#9118 = CARTESIAN_POINT('',(-4.850000000001,1.5,0.765));
#9119 = DIRECTION('',(0.,-1.,0.));
#9120 = DIRECTION('',(0.,-0.,-1.));
#9121 = ADVANCED_FACE('NONE',(#9122),#9133,.F.);
#9122 = FACE_BOUND('',#9123,.T.);
#9123 = EDGE_LOOP('NONE',(#9124,#9125,#9126,#9132));
#9124 = ORIENTED_EDGE('',*,*,#9063,.T.);
#9125 = ORIENTED_EDGE('',*,*,#9094,.F.);
#9126 = ORIENTED_EDGE('',*,*,#9127,.F.);
#9127 = EDGE_CURVE('NONE',#8844,#9087,#9128,.T.);
#9128 = LINE('',#9129,#9130);
#9129 = CARTESIAN_POINT('',(-4.450000000001,0.7,0.765));
#9130 = VECTOR('',#9131,1.);
#9131 = DIRECTION('',(1.,-0.,-0.));
#9132 = ORIENTED_EDGE('',*,*,#8843,.T.);
#9133 = PLANE('',#9134);
#9134 = AXIS2_PLACEMENT_3D('',#9135,#9136,#9137);
#9135 = CARTESIAN_POINT('',(-4.450000000001,0.7,0.765));
#9136 = DIRECTION('',(0.,1.,-0.));
#9137 = DIRECTION('',(0.,0.,1.));
#9138 = ADVANCED_FACE('NONE',(#9139),#9148,.T.);
#9139 = FACE_BOUND('',#9140,.T.);
#9140 = EDGE_LOOP('NONE',(#9141,#9142,#9143,#9144,#9145,#9146,#9147));
#9141 = ORIENTED_EDGE('',*,*,#9086,.T.);
#9142 = ORIENTED_EDGE('',*,*,#9110,.T.);
#9143 = ORIENTED_EDGE('',*,*,#8931,.T.);
#9144 = ORIENTED_EDGE('',*,*,#8716,.T.);
#9145 = ORIENTED_EDGE('',*,*,#8882,.T.);
#9146 = ORIENTED_EDGE('',*,*,#8851,.T.);
#9147 = ORIENTED_EDGE('',*,*,#9127,.T.);
#9148 = PLANE('',#9149);
#9149 = AXIS2_PLACEMENT_3D('',#9150,#9151,#9152);
#9150 = CARTESIAN_POINT('',(-4.850000000001,1.099961516403,0.765));
#9151 = DIRECTION('',(0.,0.,1.));
#9152 = DIRECTION('',(1.,0.,-0.));
#9153 = MANIFOLD_SOLID_BREP('Aufsatz-Linear austragen13[10]',#9154);
#9154 = CLOSED_SHELL('NONE',(#9155,#9197,#9237,#9268,#9331,#9355,#9418,
    #9440,#9455,#9475,#9493,#9526,#9557,#9574,#9591));
#9155 = ADVANCED_FACE('NONE',(#9156),#9192,.F.);
#9156 = FACE_BOUND('',#9157,.F.);
#9157 = EDGE_LOOP('NONE',(#9158,#9168,#9177,#9185));
#9158 = ORIENTED_EDGE('',*,*,#9159,.T.);
#9159 = EDGE_CURVE('NONE',#9160,#9162,#9164,.T.);
#9160 = VERTEX_POINT('NONE',#9161);
#9161 = CARTESIAN_POINT('',(-4.850000000001,2.399961516403,-3.5E-02));
#9162 = VERTEX_POINT('NONE',#9163);
#9163 = CARTESIAN_POINT('',(-4.850000000001,2.399961516403,0.765));
#9164 = LINE('',#9165,#9166);
#9165 = CARTESIAN_POINT('',(-4.850000000001,2.399961516403,-3.5E-02));
#9166 = VECTOR('',#9167,1.);
#9167 = DIRECTION('',(0.,0.,1.));
#9168 = ORIENTED_EDGE('',*,*,#9169,.T.);
#9169 = EDGE_CURVE('NONE',#9162,#9170,#9172,.T.);
#9170 = VERTEX_POINT('NONE',#9171);
#9171 = CARTESIAN_POINT('',(-4.650000000001,2.199961516403,0.765));
#9172 = CIRCLE('',#9173,0.2);
#9173 = AXIS2_PLACEMENT_3D('',#9174,#9175,#9176);
#9174 = CARTESIAN_POINT('',(-4.850000000001,2.199961516403,0.765));
#9175 = DIRECTION('',(0.,0.,-1.));
#9176 = DIRECTION('',(1.,0.,0.));
#9177 = ORIENTED_EDGE('',*,*,#9178,.F.);
#9178 = EDGE_CURVE('NONE',#9179,#9170,#9181,.T.);
#9179 = VERTEX_POINT('NONE',#9180);
#9180 = CARTESIAN_POINT('',(-4.650000000001,2.199961516403,-3.5E-02));
#9181 = LINE('',#9182,#9183);
#9182 = CARTESIAN_POINT('',(-4.650000000001,2.199961516403,-3.5E-02));
#9183 = VECTOR('',#9184,1.);
#9184 = DIRECTION('',(0.,0.,1.));
#9185 = ORIENTED_EDGE('',*,*,#9186,.F.);
#9186 = EDGE_CURVE('NONE',#9160,#9179,#9187,.T.);
#9187 = CIRCLE('',#9188,0.2);
#9188 = AXIS2_PLACEMENT_3D('',#9189,#9190,#9191);
#9189 = CARTESIAN_POINT('',(-4.850000000001,2.199961516403,-3.5E-02));
#9190 = DIRECTION('',(0.,0.,-1.));
#9191 = DIRECTION('',(1.,0.,0.));
#9192 = CYLINDRICAL_SURFACE('',#9193,0.2);
#9193 = AXIS2_PLACEMENT_3D('',#9194,#9195,#9196);
#9194 = CARTESIAN_POINT('',(-4.850000000001,2.199961516403,-3.5E-02));
#9195 = DIRECTION('',(0.,0.,1.));
#9196 = DIRECTION('',(1.,0.,-0.));
#9197 = ADVANCED_FACE('NONE',(#9198),#9232,.T.);
#9198 = FACE_BOUND('',#9199,.T.);
#9199 = EDGE_LOOP('NONE',(#9200,#9210,#9218,#9226));
#9200 = ORIENTED_EDGE('',*,*,#9201,.F.);
#9201 = EDGE_CURVE('NONE',#9202,#9204,#9206,.T.);
#9202 = VERTEX_POINT('NONE',#9203);
#9203 = CARTESIAN_POINT('',(-3.850000000001,1.8,0.));
#9204 = VERTEX_POINT('NONE',#9205);
#9205 = CARTESIAN_POINT('',(-3.850000000001,2.6,0.));
#9206 = LINE('',#9207,#9208);
#9207 = CARTESIAN_POINT('',(-3.850000000001,2.6,0.));
#9208 = VECTOR('',#9209,1.);
#9209 = DIRECTION('',(-0.,1.,-0.));
#9210 = ORIENTED_EDGE('',*,*,#9211,.F.);
#9211 = EDGE_CURVE('NONE',#9212,#9202,#9214,.T.);
#9212 = VERTEX_POINT('NONE',#9213);
#9213 = CARTESIAN_POINT('',(-3.850000000001,1.8,-3.5E-02));
#9214 = LINE('',#9215,#9216);
#9215 = CARTESIAN_POINT('',(-3.850000000001,1.8,-3.5E-02));
#9216 = VECTOR('',#9217,1.);
#9217 = DIRECTION('',(0.,0.,1.));
#9218 = ORIENTED_EDGE('',*,*,#9219,.T.);
#9219 = EDGE_CURVE('NONE',#9212,#9220,#9222,.T.);
#9220 = VERTEX_POINT('NONE',#9221);
#9221 = CARTESIAN_POINT('',(-3.850000000001,2.6,-3.5E-02));
#9222 = LINE('',#9223,#9224);
#9223 = CARTESIAN_POINT('',(-3.850000000001,2.6,-3.5E-02));
#9224 = VECTOR('',#9225,1.);
#9225 = DIRECTION('',(-0.,1.,-0.));
#9226 = ORIENTED_EDGE('',*,*,#9227,.T.);
#9227 = EDGE_CURVE('NONE',#9220,#9204,#9228,.T.);
#9228 = LINE('',#9229,#9230);
#9229 = CARTESIAN_POINT('',(-3.850000000001,2.6,-3.5E-02));
#9230 = VECTOR('',#9231,1.);
#9231 = DIRECTION('',(0.,0.,1.));
#9232 = PLANE('',#9233);
#9233 = AXIS2_PLACEMENT_3D('',#9234,#9235,#9236);
#9234 = CARTESIAN_POINT('',(-3.850000000001,2.6,-3.5E-02));
#9235 = DIRECTION('',(1.,0.,-0.));
#9236 = DIRECTION('',(-0.,0.,-1.));
#9237 = ADVANCED_FACE('NONE',(#9238),#9263,.T.);
#9238 = FACE_BOUND('',#9239,.T.);
#9239 = EDGE_LOOP('NONE',(#9240,#9248,#9256,#9262));
#9240 = ORIENTED_EDGE('',*,*,#9241,.F.);
#9241 = EDGE_CURVE('NONE',#9242,#9202,#9244,.T.);
#9242 = VERTEX_POINT('NONE',#9243);
#9243 = CARTESIAN_POINT('',(-4.850000000001,1.8,0.));
#9244 = LINE('',#9245,#9246);
#9245 = CARTESIAN_POINT('',(-3.850000000001,1.8,0.));
#9246 = VECTOR('',#9247,1.);
#9247 = DIRECTION('',(1.,-0.,-0.));
#9248 = ORIENTED_EDGE('',*,*,#9249,.F.);
#9249 = EDGE_CURVE('NONE',#9250,#9242,#9252,.T.);
#9250 = VERTEX_POINT('NONE',#9251);
#9251 = CARTESIAN_POINT('',(-4.850000000001,1.8,-3.5E-02));
#9252 = LINE('',#9253,#9254);
#9253 = CARTESIAN_POINT('',(-4.850000000001,1.8,-3.5E-02));
#9254 = VECTOR('',#9255,1.);
#9255 = DIRECTION('',(0.,0.,1.));
#9256 = ORIENTED_EDGE('',*,*,#9257,.T.);
#9257 = EDGE_CURVE('NONE',#9250,#9212,#9258,.T.);
#9258 = LINE('',#9259,#9260);
#9259 = CARTESIAN_POINT('',(-3.850000000001,1.8,-3.5E-02));
#9260 = VECTOR('',#9261,1.);
#9261 = DIRECTION('',(1.,-0.,-0.));
#9262 = ORIENTED_EDGE('',*,*,#9211,.T.);
#9263 = PLANE('',#9264);
#9264 = AXIS2_PLACEMENT_3D('',#9265,#9266,#9267);
#9265 = CARTESIAN_POINT('',(-3.850000000001,1.8,-3.5E-02));
#9266 = DIRECTION('',(0.,-1.,0.));
#9267 = DIRECTION('',(0.,-0.,-1.));
#9268 = ADVANCED_FACE('NONE',(#9269),#9326,.T.);
#9269 = FACE_BOUND('',#9270,.T.);
#9270 = EDGE_LOOP('NONE',(#9271,#9279,#9287,#9295,#9303,#9311,#9319,
    #9325));
#9271 = ORIENTED_EDGE('',*,*,#9272,.F.);
#9272 = EDGE_CURVE('NONE',#9273,#9242,#9275,.T.);
#9273 = VERTEX_POINT('NONE',#9274);
#9274 = CARTESIAN_POINT('',(-4.850000000001,1.974961516403,0.));
#9275 = LINE('',#9276,#9277);
#9276 = CARTESIAN_POINT('',(-4.850000000001,1.999961516403,0.));
#9277 = VECTOR('',#9278,1.);
#9278 = DIRECTION('',(0.,-1.,0.));
#9279 = ORIENTED_EDGE('',*,*,#9280,.F.);
#9280 = EDGE_CURVE('NONE',#9281,#9273,#9283,.T.);
#9281 = VERTEX_POINT('NONE',#9282);
#9282 = CARTESIAN_POINT('',(-4.850000000001,1.974961516403,0.73));
#9283 = LINE('',#9284,#9285);
#9284 = CARTESIAN_POINT('',(-4.850000000001,1.974961516403,0.73));
#9285 = VECTOR('',#9286,1.);
#9286 = DIRECTION('',(-0.,-0.,-1.));
#9287 = ORIENTED_EDGE('',*,*,#9288,.T.);
#9288 = EDGE_CURVE('NONE',#9281,#9289,#9291,.T.);
#9289 = VERTEX_POINT('NONE',#9290);
#9290 = CARTESIAN_POINT('',(-4.850000000001,1.8,0.73));
#9291 = LINE('',#9292,#9293);
#9292 = CARTESIAN_POINT('',(-4.850000000001,1.999961516403,0.73));
#9293 = VECTOR('',#9294,1.);
#9294 = DIRECTION('',(0.,-1.,0.));
#9295 = ORIENTED_EDGE('',*,*,#9296,.F.);
#9296 = EDGE_CURVE('NONE',#9297,#9289,#9299,.T.);
#9297 = VERTEX_POINT('NONE',#9298);
#9298 = CARTESIAN_POINT('',(-4.850000000001,1.8,0.765));
#9299 = LINE('',#9300,#9301);
#9300 = CARTESIAN_POINT('',(-4.850000000001,1.8,0.765));
#9301 = VECTOR('',#9302,1.);
#9302 = DIRECTION('',(-0.,-0.,-1.));
#9303 = ORIENTED_EDGE('',*,*,#9304,.F.);
#9304 = EDGE_CURVE('NONE',#9305,#9297,#9307,.T.);
#9305 = VERTEX_POINT('NONE',#9306);
#9306 = CARTESIAN_POINT('',(-4.850000000001,1.999961516403,0.765));
#9307 = LINE('',#9308,#9309);
#9308 = CARTESIAN_POINT('',(-4.850000000001,1.999961516403,0.765));
#9309 = VECTOR('',#9310,1.);
#9310 = DIRECTION('',(0.,-1.,0.));
#9311 = ORIENTED_EDGE('',*,*,#9312,.F.);
#9312 = EDGE_CURVE('NONE',#9313,#9305,#9315,.T.);
#9313 = VERTEX_POINT('NONE',#9314);
#9314 = CARTESIAN_POINT('',(-4.850000000001,1.999961516403,-3.5E-02));
#9315 = LINE('',#9316,#9317);
#9316 = CARTESIAN_POINT('',(-4.850000000001,1.999961516403,-3.5E-02));
#9317 = VECTOR('',#9318,1.);
#9318 = DIRECTION('',(0.,0.,1.));
#9319 = ORIENTED_EDGE('',*,*,#9320,.T.);
#9320 = EDGE_CURVE('NONE',#9313,#9250,#9321,.T.);
#9321 = LINE('',#9322,#9323);
#9322 = CARTESIAN_POINT('',(-4.850000000001,1.999961516403,-3.5E-02));
#9323 = VECTOR('',#9324,1.);
#9324 = DIRECTION('',(0.,-1.,0.));
#9325 = ORIENTED_EDGE('',*,*,#9249,.T.);
#9326 = PLANE('',#9327);
#9327 = AXIS2_PLACEMENT_3D('',#9328,#9329,#9330);
#9328 = CARTESIAN_POINT('',(-4.850000000001,1.999961516403,-3.5E-02));
#9329 = DIRECTION('',(-1.,0.,0.));
#9330 = DIRECTION('',(0.,0.,1.));
#9331 = ADVANCED_FACE('NONE',(#9332),#9350,.F.);
#9332 = FACE_BOUND('',#9333,.F.);
#9333 = EDGE_LOOP('NONE',(#9334,#9341,#9342,#9349));
#9334 = ORIENTED_EDGE('',*,*,#9335,.T.);
#9335 = EDGE_CURVE('NONE',#9170,#9305,#9336,.T.);
#9336 = CIRCLE('',#9337,0.2);
#9337 = AXIS2_PLACEMENT_3D('',#9338,#9339,#9340);
#9338 = CARTESIAN_POINT('',(-4.850000000001,2.199961516403,0.765));
#9339 = DIRECTION('',(0.,0.,-1.));
#9340 = DIRECTION('',(1.,0.,0.));
#9341 = ORIENTED_EDGE('',*,*,#9312,.F.);
#9342 = ORIENTED_EDGE('',*,*,#9343,.F.);
#9343 = EDGE_CURVE('NONE',#9179,#9313,#9344,.T.);
#9344 = CIRCLE('',#9345,0.2);
#9345 = AXIS2_PLACEMENT_3D('',#9346,#9347,#9348);
#9346 = CARTESIAN_POINT('',(-4.850000000001,2.199961516403,-3.5E-02));
#9347 = DIRECTION('',(0.,0.,-1.));
#9348 = DIRECTION('',(1.,0.,0.));
#9349 = ORIENTED_EDGE('',*,*,#9178,.T.);
#9350 = CYLINDRICAL_SURFACE('',#9351,0.2);
#9351 = AXIS2_PLACEMENT_3D('',#9352,#9353,#9354);
#9352 = CARTESIAN_POINT('',(-4.850000000001,2.199961516403,-3.5E-02));
#9353 = DIRECTION('',(0.,0.,1.));
#9354 = DIRECTION('',(1.,0.,-0.));
#9355 = ADVANCED_FACE('NONE',(#9356),#9413,.T.);
#9356 = FACE_BOUND('',#9357,.T.);
#9357 = EDGE_LOOP('NONE',(#9358,#9368,#9376,#9382,#9383,#9391,#9399,
    #9407));
#9358 = ORIENTED_EDGE('',*,*,#9359,.F.);
#9359 = EDGE_CURVE('NONE',#9360,#9362,#9364,.T.);
#9360 = VERTEX_POINT('NONE',#9361);
#9361 = CARTESIAN_POINT('',(-4.850000000001,2.6,0.));
#9362 = VERTEX_POINT('NONE',#9363);
#9363 = CARTESIAN_POINT('',(-4.850000000001,2.424961516403,0.));
#9364 = LINE('',#9365,#9366);
#9365 = CARTESIAN_POINT('',(-4.850000000001,2.6,0.));
#9366 = VECTOR('',#9367,1.);
#9367 = DIRECTION('',(0.,-1.,0.));
#9368 = ORIENTED_EDGE('',*,*,#9369,.F.);
#9369 = EDGE_CURVE('NONE',#9370,#9360,#9372,.T.);
#9370 = VERTEX_POINT('NONE',#9371);
#9371 = CARTESIAN_POINT('',(-4.850000000001,2.6,-3.5E-02));
#9372 = LINE('',#9373,#9374);
#9373 = CARTESIAN_POINT('',(-4.850000000001,2.6,-3.5E-02));
#9374 = VECTOR('',#9375,1.);
#9375 = DIRECTION('',(0.,0.,1.));
#9376 = ORIENTED_EDGE('',*,*,#9377,.T.);
#9377 = EDGE_CURVE('NONE',#9370,#9160,#9378,.T.);
#9378 = LINE('',#9379,#9380);
#9379 = CARTESIAN_POINT('',(-4.850000000001,2.6,-3.5E-02));
#9380 = VECTOR('',#9381,1.);
#9381 = DIRECTION('',(0.,-1.,0.));
#9382 = ORIENTED_EDGE('',*,*,#9159,.T.);
#9383 = ORIENTED_EDGE('',*,*,#9384,.F.);
#9384 = EDGE_CURVE('NONE',#9385,#9162,#9387,.T.);
#9385 = VERTEX_POINT('NONE',#9386);
#9386 = CARTESIAN_POINT('',(-4.850000000001,2.6,0.765));
#9387 = LINE('',#9388,#9389);
#9388 = CARTESIAN_POINT('',(-4.850000000001,2.6,0.765));
#9389 = VECTOR('',#9390,1.);
#9390 = DIRECTION('',(0.,-1.,0.));
#9391 = ORIENTED_EDGE('',*,*,#9392,.T.);
#9392 = EDGE_CURVE('NONE',#9385,#9393,#9395,.T.);
#9393 = VERTEX_POINT('NONE',#9394);
#9394 = CARTESIAN_POINT('',(-4.850000000001,2.6,0.73));
#9395 = LINE('',#9396,#9397);
#9396 = CARTESIAN_POINT('',(-4.850000000001,2.6,0.765));
#9397 = VECTOR('',#9398,1.);
#9398 = DIRECTION('',(-0.,-0.,-1.));
#9399 = ORIENTED_EDGE('',*,*,#9400,.T.);
#9400 = EDGE_CURVE('NONE',#9393,#9401,#9403,.T.);
#9401 = VERTEX_POINT('NONE',#9402);
#9402 = CARTESIAN_POINT('',(-4.850000000001,2.424961516403,0.73));
#9403 = LINE('',#9404,#9405);
#9404 = CARTESIAN_POINT('',(-4.850000000001,2.6,0.73));
#9405 = VECTOR('',#9406,1.);
#9406 = DIRECTION('',(0.,-1.,0.));
#9407 = ORIENTED_EDGE('',*,*,#9408,.T.);
#9408 = EDGE_CURVE('NONE',#9401,#9362,#9409,.T.);
#9409 = LINE('',#9410,#9411);
#9410 = CARTESIAN_POINT('',(-4.850000000001,2.424961516403,0.73));
#9411 = VECTOR('',#9412,1.);
#9412 = DIRECTION('',(-0.,-0.,-1.));
#9413 = PLANE('',#9414);
#9414 = AXIS2_PLACEMENT_3D('',#9415,#9416,#9417);
#9415 = CARTESIAN_POINT('',(-4.850000000001,2.6,-3.5E-02));
#9416 = DIRECTION('',(-1.,0.,0.));
#9417 = DIRECTION('',(0.,0.,1.));
#9418 = ADVANCED_FACE('NONE',(#9419),#9435,.T.);
#9419 = FACE_BOUND('',#9420,.T.);
#9420 = EDGE_LOOP('NONE',(#9421,#9427,#9428,#9434));
#9421 = ORIENTED_EDGE('',*,*,#9422,.F.);
#9422 = EDGE_CURVE('NONE',#9204,#9360,#9423,.T.);
#9423 = LINE('',#9424,#9425);
#9424 = CARTESIAN_POINT('',(-4.850000000001,2.6,0.));
#9425 = VECTOR('',#9426,1.);
#9426 = DIRECTION('',(-1.,-0.,-0.));
#9427 = ORIENTED_EDGE('',*,*,#9227,.F.);
#9428 = ORIENTED_EDGE('',*,*,#9429,.T.);
#9429 = EDGE_CURVE('NONE',#9220,#9370,#9430,.T.);
#9430 = LINE('',#9431,#9432);
#9431 = CARTESIAN_POINT('',(-4.850000000001,2.6,-3.5E-02));
#9432 = VECTOR('',#9433,1.);
#9433 = DIRECTION('',(-1.,-0.,-0.));
#9434 = ORIENTED_EDGE('',*,*,#9369,.T.);
#9435 = PLANE('',#9436);
#9436 = AXIS2_PLACEMENT_3D('',#9437,#9438,#9439);
#9437 = CARTESIAN_POINT('',(-4.850000000001,2.6,-3.5E-02));
#9438 = DIRECTION('',(0.,1.,0.));
#9439 = DIRECTION('',(0.,-0.,1.));
#9440 = ADVANCED_FACE('NONE',(#9441),#9450,.F.);
#9441 = FACE_BOUND('',#9442,.T.);
#9442 = EDGE_LOOP('NONE',(#9443,#9444,#9445,#9446,#9447,#9448,#9449));
#9443 = ORIENTED_EDGE('',*,*,#9219,.F.);
#9444 = ORIENTED_EDGE('',*,*,#9257,.F.);
#9445 = ORIENTED_EDGE('',*,*,#9320,.F.);
#9446 = ORIENTED_EDGE('',*,*,#9343,.F.);
#9447 = ORIENTED_EDGE('',*,*,#9186,.F.);
#9448 = ORIENTED_EDGE('',*,*,#9377,.F.);
#9449 = ORIENTED_EDGE('',*,*,#9429,.F.);
#9450 = PLANE('',#9451);
#9451 = AXIS2_PLACEMENT_3D('',#9452,#9453,#9454);
#9452 = CARTESIAN_POINT('',(-4.850000000001,2.199961516403,-3.5E-02));
#9453 = DIRECTION('',(0.,0.,1.));
#9454 = DIRECTION('',(1.,0.,-0.));
#9455 = ADVANCED_FACE('NONE',(#9456),#9470,.T.);
#9456 = FACE_BOUND('',#9457,.T.);
#9457 = EDGE_LOOP('NONE',(#9458,#9465,#9466,#9467,#9468,#9469));
#9458 = ORIENTED_EDGE('',*,*,#9459,.F.);
#9459 = EDGE_CURVE('NONE',#9273,#9362,#9460,.T.);
#9460 = CIRCLE('',#9461,0.225);
#9461 = AXIS2_PLACEMENT_3D('',#9462,#9463,#9464);
#9462 = CARTESIAN_POINT('',(-4.850000000001,2.199961516403,0.));
#9463 = DIRECTION('',(0.,0.,1.));
#9464 = DIRECTION('',(1.,0.,-0.));
#9465 = ORIENTED_EDGE('',*,*,#9272,.T.);
#9466 = ORIENTED_EDGE('',*,*,#9241,.T.);
#9467 = ORIENTED_EDGE('',*,*,#9201,.T.);
#9468 = ORIENTED_EDGE('',*,*,#9422,.T.);
#9469 = ORIENTED_EDGE('',*,*,#9359,.T.);
#9470 = PLANE('',#9471);
#9471 = AXIS2_PLACEMENT_3D('',#9472,#9473,#9474);
#9472 = CARTESIAN_POINT('',(-4.850000000001,2.199961516403,0.));
#9473 = DIRECTION('',(0.,0.,1.));
#9474 = DIRECTION('',(1.,0.,-0.));
#9475 = ADVANCED_FACE('NONE',(#9476),#9488,.T.);
#9476 = FACE_BOUND('',#9477,.T.);
#9477 = EDGE_LOOP('NONE',(#9478,#9479,#9480,#9487));
#9478 = ORIENTED_EDGE('',*,*,#9459,.T.);
#9479 = ORIENTED_EDGE('',*,*,#9408,.F.);
#9480 = ORIENTED_EDGE('',*,*,#9481,.F.);
#9481 = EDGE_CURVE('NONE',#9281,#9401,#9482,.T.);
#9482 = CIRCLE('',#9483,0.225);
#9483 = AXIS2_PLACEMENT_3D('',#9484,#9485,#9486);
#9484 = CARTESIAN_POINT('',(-4.850000000001,2.199961516403,0.73));
#9485 = DIRECTION('',(0.,0.,1.));
#9486 = DIRECTION('',(1.,0.,-0.));
#9487 = ORIENTED_EDGE('',*,*,#9280,.T.);
#9488 = CYLINDRICAL_SURFACE('',#9489,0.225);
#9489 = AXIS2_PLACEMENT_3D('',#9490,#9491,#9492);
#9490 = CARTESIAN_POINT('',(-4.850000000001,2.199961516403,0.73));
#9491 = DIRECTION('',(-0.,-0.,-1.));
#9492 = DIRECTION('',(-1.,0.,0.));
#9493 = ADVANCED_FACE('NONE',(#9494),#9521,.F.);
#9494 = FACE_BOUND('',#9495,.T.);
#9495 = EDGE_LOOP('NONE',(#9496,#9497,#9498,#9499,#9507,#9515));
#9496 = ORIENTED_EDGE('',*,*,#9288,.F.);
#9497 = ORIENTED_EDGE('',*,*,#9481,.T.);
#9498 = ORIENTED_EDGE('',*,*,#9400,.F.);
#9499 = ORIENTED_EDGE('',*,*,#9500,.F.);
#9500 = EDGE_CURVE('NONE',#9501,#9393,#9503,.T.);
#9501 = VERTEX_POINT('NONE',#9502);
#9502 = CARTESIAN_POINT('',(-4.450000000001,2.6,0.73));
#9503 = LINE('',#9504,#9505);
#9504 = CARTESIAN_POINT('',(-4.850000000001,2.6,0.73));
#9505 = VECTOR('',#9506,1.);
#9506 = DIRECTION('',(-1.,-0.,-0.));
#9507 = ORIENTED_EDGE('',*,*,#9508,.F.);
#9508 = EDGE_CURVE('NONE',#9509,#9501,#9511,.T.);
#9509 = VERTEX_POINT('NONE',#9510);
#9510 = CARTESIAN_POINT('',(-4.450000000001,1.8,0.73));
#9511 = LINE('',#9512,#9513);
#9512 = CARTESIAN_POINT('',(-4.450000000001,2.6,0.73));
#9513 = VECTOR('',#9514,1.);
#9514 = DIRECTION('',(-0.,1.,-0.));
#9515 = ORIENTED_EDGE('',*,*,#9516,.F.);
#9516 = EDGE_CURVE('NONE',#9289,#9509,#9517,.T.);
#9517 = LINE('',#9518,#9519);
#9518 = CARTESIAN_POINT('',(-4.450000000001,1.8,0.73));
#9519 = VECTOR('',#9520,1.);
#9520 = DIRECTION('',(1.,-0.,-0.));
#9521 = PLANE('',#9522);
#9522 = AXIS2_PLACEMENT_3D('',#9523,#9524,#9525);
#9523 = CARTESIAN_POINT('',(-4.850000000001,2.199961516403,0.73));
#9524 = DIRECTION('',(0.,0.,1.));
#9525 = DIRECTION('',(1.,0.,-0.));
#9526 = ADVANCED_FACE('NONE',(#9527),#9552,.F.);
#9527 = FACE_BOUND('',#9528,.T.);
#9528 = EDGE_LOOP('NONE',(#9529,#9530,#9538,#9546));
#9529 = ORIENTED_EDGE('',*,*,#9508,.T.);
#9530 = ORIENTED_EDGE('',*,*,#9531,.F.);
#9531 = EDGE_CURVE('NONE',#9532,#9501,#9534,.T.);
#9532 = VERTEX_POINT('NONE',#9533);
#9533 = CARTESIAN_POINT('',(-4.450000000001,2.6,0.765));
#9534 = LINE('',#9535,#9536);
#9535 = CARTESIAN_POINT('',(-4.450000000001,2.6,0.765));
#9536 = VECTOR('',#9537,1.);
#9537 = DIRECTION('',(-0.,-0.,-1.));
#9538 = ORIENTED_EDGE('',*,*,#9539,.F.);
#9539 = EDGE_CURVE('NONE',#9540,#9532,#9542,.T.);
#9540 = VERTEX_POINT('NONE',#9541);
#9541 = CARTESIAN_POINT('',(-4.450000000001,1.8,0.765));
#9542 = LINE('',#9543,#9544);
#9543 = CARTESIAN_POINT('',(-4.450000000001,2.6,0.765));
#9544 = VECTOR('',#9545,1.);
#9545 = DIRECTION('',(-0.,1.,-0.));
#9546 = ORIENTED_EDGE('',*,*,#9547,.T.);
#9547 = EDGE_CURVE('NONE',#9540,#9509,#9548,.T.);
#9548 = LINE('',#9549,#9550);
#9549 = CARTESIAN_POINT('',(-4.450000000001,1.8,0.765));
#9550 = VECTOR('',#9551,1.);
#9551 = DIRECTION('',(-0.,-0.,-1.));
#9552 = PLANE('',#9553);
#9553 = AXIS2_PLACEMENT_3D('',#9554,#9555,#9556);
#9554 = CARTESIAN_POINT('',(-4.450000000001,2.6,0.765));
#9555 = DIRECTION('',(-1.,0.,0.));
#9556 = DIRECTION('',(0.,0.,1.));
#9557 = ADVANCED_FACE('NONE',(#9558),#9569,.F.);
#9558 = FACE_BOUND('',#9559,.T.);
#9559 = EDGE_LOOP('NONE',(#9560,#9561,#9562,#9568));
#9560 = ORIENTED_EDGE('',*,*,#9500,.T.);
#9561 = ORIENTED_EDGE('',*,*,#9392,.F.);
#9562 = ORIENTED_EDGE('',*,*,#9563,.F.);
#9563 = EDGE_CURVE('NONE',#9532,#9385,#9564,.T.);
#9564 = LINE('',#9565,#9566);
#9565 = CARTESIAN_POINT('',(-4.850000000001,2.6,0.765));
#9566 = VECTOR('',#9567,1.);
#9567 = DIRECTION('',(-1.,-0.,-0.));
#9568 = ORIENTED_EDGE('',*,*,#9531,.T.);
#9569 = PLANE('',#9570);
#9570 = AXIS2_PLACEMENT_3D('',#9571,#9572,#9573);
#9571 = CARTESIAN_POINT('',(-4.850000000001,2.6,0.765));
#9572 = DIRECTION('',(0.,-1.,0.));
#9573 = DIRECTION('',(0.,-0.,-1.));
#9574 = ADVANCED_FACE('NONE',(#9575),#9586,.F.);
#9575 = FACE_BOUND('',#9576,.T.);
#9576 = EDGE_LOOP('NONE',(#9577,#9578,#9579,#9585));
#9577 = ORIENTED_EDGE('',*,*,#9516,.T.);
#9578 = ORIENTED_EDGE('',*,*,#9547,.F.);
#9579 = ORIENTED_EDGE('',*,*,#9580,.F.);
#9580 = EDGE_CURVE('NONE',#9297,#9540,#9581,.T.);
#9581 = LINE('',#9582,#9583);
#9582 = CARTESIAN_POINT('',(-4.450000000001,1.8,0.765));
#9583 = VECTOR('',#9584,1.);
#9584 = DIRECTION('',(1.,-0.,-0.));
#9585 = ORIENTED_EDGE('',*,*,#9296,.T.);
#9586 = PLANE('',#9587);
#9587 = AXIS2_PLACEMENT_3D('',#9588,#9589,#9590);
#9588 = CARTESIAN_POINT('',(-4.450000000001,1.8,0.765));
#9589 = DIRECTION('',(0.,1.,-0.));
#9590 = DIRECTION('',(0.,0.,1.));
#9591 = ADVANCED_FACE('NONE',(#9592),#9601,.T.);
#9592 = FACE_BOUND('',#9593,.T.);
#9593 = EDGE_LOOP('NONE',(#9594,#9595,#9596,#9597,#9598,#9599,#9600));
#9594 = ORIENTED_EDGE('',*,*,#9539,.T.);
#9595 = ORIENTED_EDGE('',*,*,#9563,.T.);
#9596 = ORIENTED_EDGE('',*,*,#9384,.T.);
#9597 = ORIENTED_EDGE('',*,*,#9169,.T.);
#9598 = ORIENTED_EDGE('',*,*,#9335,.T.);
#9599 = ORIENTED_EDGE('',*,*,#9304,.T.);
#9600 = ORIENTED_EDGE('',*,*,#9580,.T.);
#9601 = PLANE('',#9602);
#9602 = AXIS2_PLACEMENT_3D('',#9603,#9604,#9605);
#9603 = CARTESIAN_POINT('',(-4.850000000001,2.199961516403,0.765));
#9604 = DIRECTION('',(0.,0.,1.));
#9605 = DIRECTION('',(1.,0.,-0.));
#9606 = MANIFOLD_SOLID_BREP('Aufsatz-Linear austragen13[11]',#9607);
#9607 = CLOSED_SHELL('NONE',(#9608,#9650,#9706,#9769,#9802,#9849,#9873,
    #9897,#9914,#9928,#9946,#9977,#10008,#10030,#10044));
#9608 = ADVANCED_FACE('NONE',(#9609),#9645,.T.);
#9609 = FACE_BOUND('',#9610,.T.);
#9610 = EDGE_LOOP('NONE',(#9611,#9622,#9630,#9639));
#9611 = ORIENTED_EDGE('',*,*,#9612,.F.);
#9612 = EDGE_CURVE('NONE',#9613,#9615,#9617,.T.);
#9613 = VERTEX_POINT('NONE',#9614);
#9614 = CARTESIAN_POINT('',(4.625000000001,1.099961516403,0.73));
#9615 = VERTEX_POINT('NONE',#9616);
#9616 = CARTESIAN_POINT('',(4.850000000001,0.874961516403,0.73));
#9617 = CIRCLE('',#9618,0.225);
#9618 = AXIS2_PLACEMENT_3D('',#9619,#9620,#9621);
#9619 = CARTESIAN_POINT('',(4.850000000001,1.099961516403,0.73));
#9620 = DIRECTION('',(0.,0.,1.));
#9621 = DIRECTION('',(-1.,0.,0.));
#9622 = ORIENTED_EDGE('',*,*,#9623,.T.);
#9623 = EDGE_CURVE('NONE',#9613,#9624,#9626,.T.);
#9624 = VERTEX_POINT('NONE',#9625);
#9625 = CARTESIAN_POINT('',(4.625000000001,1.099961516403,0.));
#9626 = LINE('',#9627,#9628);
#9627 = CARTESIAN_POINT('',(4.625000000001,1.099961516403,0.73));
#9628 = VECTOR('',#9629,1.);
#9629 = DIRECTION('',(-0.,-0.,-1.));
#9630 = ORIENTED_EDGE('',*,*,#9631,.T.);
#9631 = EDGE_CURVE('NONE',#9624,#9632,#9634,.T.);
#9632 = VERTEX_POINT('NONE',#9633);
#9633 = CARTESIAN_POINT('',(4.850000000001,0.874961516403,0.));
#9634 = CIRCLE('',#9635,0.225);
#9635 = AXIS2_PLACEMENT_3D('',#9636,#9637,#9638);
#9636 = CARTESIAN_POINT('',(4.850000000001,1.099961516403,0.));
#9637 = DIRECTION('',(0.,0.,1.));
#9638 = DIRECTION('',(-1.,0.,0.));
#9639 = ORIENTED_EDGE('',*,*,#9640,.F.);
#9640 = EDGE_CURVE('NONE',#9615,#9632,#9641,.T.);
#9641 = LINE('',#9642,#9643);
#9642 = CARTESIAN_POINT('',(4.850000000001,0.874961516403,0.73));
#9643 = VECTOR('',#9644,1.);
#9644 = DIRECTION('',(-0.,-0.,-1.));
#9645 = CYLINDRICAL_SURFACE('',#9646,0.225);
#9646 = AXIS2_PLACEMENT_3D('',#9647,#9648,#9649);
#9647 = CARTESIAN_POINT('',(4.850000000001,1.099961516403,0.73));
#9648 = DIRECTION('',(-0.,-0.,-1.));
#9649 = DIRECTION('',(-1.,0.,0.));
#9650 = ADVANCED_FACE('NONE',(#9651),#9701,.F.);
#9651 = FACE_BOUND('',#9652,.T.);
#9652 = EDGE_LOOP('NONE',(#9653,#9662,#9670,#9678,#9686,#9694,#9700));
#9653 = ORIENTED_EDGE('',*,*,#9654,.F.);
#9654 = EDGE_CURVE('NONE',#9655,#9624,#9657,.T.);
#9655 = VERTEX_POINT('NONE',#9656);
#9656 = CARTESIAN_POINT('',(4.850000000001,1.324961516403,0.));
#9657 = CIRCLE('',#9658,0.225);
#9658 = AXIS2_PLACEMENT_3D('',#9659,#9660,#9661);
#9659 = CARTESIAN_POINT('',(4.850000000001,1.099961516403,0.));
#9660 = DIRECTION('',(0.,0.,1.));
#9661 = DIRECTION('',(-1.,0.,0.));
#9662 = ORIENTED_EDGE('',*,*,#9663,.T.);
#9663 = EDGE_CURVE('NONE',#9655,#9664,#9666,.T.);
#9664 = VERTEX_POINT('NONE',#9665);
#9665 = CARTESIAN_POINT('',(4.850000000001,1.5,0.));
#9666 = LINE('',#9667,#9668);
#9667 = CARTESIAN_POINT('',(4.850000000001,1.299961516403,0.));
#9668 = VECTOR('',#9669,1.);
#9669 = DIRECTION('',(0.,1.,0.));
#9670 = ORIENTED_EDGE('',*,*,#9671,.T.);
#9671 = EDGE_CURVE('NONE',#9664,#9672,#9674,.T.);
#9672 = VERTEX_POINT('NONE',#9673);
#9673 = CARTESIAN_POINT('',(3.850000000001,1.5,0.));
#9674 = LINE('',#9675,#9676);
#9675 = CARTESIAN_POINT('',(4.850000000001,1.5,0.));
#9676 = VECTOR('',#9677,1.);
#9677 = DIRECTION('',(-1.,0.,0.));
#9678 = ORIENTED_EDGE('',*,*,#9679,.T.);
#9679 = EDGE_CURVE('NONE',#9672,#9680,#9682,.T.);
#9680 = VERTEX_POINT('NONE',#9681);
#9681 = CARTESIAN_POINT('',(3.850000000001,0.7,0.));
#9682 = LINE('',#9683,#9684);
#9683 = CARTESIAN_POINT('',(3.850000000001,1.5,0.));
#9684 = VECTOR('',#9685,1.);
#9685 = DIRECTION('',(0.,-1.,0.));
#9686 = ORIENTED_EDGE('',*,*,#9687,.T.);
#9687 = EDGE_CURVE('NONE',#9680,#9688,#9690,.T.);
#9688 = VERTEX_POINT('NONE',#9689);
#9689 = CARTESIAN_POINT('',(4.850000000001,0.7,0.));
#9690 = LINE('',#9691,#9692);
#9691 = CARTESIAN_POINT('',(3.850000000001,0.7,0.));
#9692 = VECTOR('',#9693,1.);
#9693 = DIRECTION('',(1.,0.,0.));
#9694 = ORIENTED_EDGE('',*,*,#9695,.T.);
#9695 = EDGE_CURVE('NONE',#9688,#9632,#9696,.T.);
#9696 = LINE('',#9697,#9698);
#9697 = CARTESIAN_POINT('',(4.850000000001,0.7,0.));
#9698 = VECTOR('',#9699,1.);
#9699 = DIRECTION('',(0.,1.,0.));
#9700 = ORIENTED_EDGE('',*,*,#9631,.F.);
#9701 = PLANE('',#9702);
#9702 = AXIS2_PLACEMENT_3D('',#9703,#9704,#9705);
#9703 = CARTESIAN_POINT('',(4.850000000001,1.099961516403,0.));
#9704 = DIRECTION('',(-0.,0.,-1.));
#9705 = DIRECTION('',(-1.,0.,0.));
#9706 = ADVANCED_FACE('NONE',(#9707),#9764,.T.);
#9707 = FACE_BOUND('',#9708,.T.);
#9708 = EDGE_LOOP('NONE',(#9709,#9710,#9718,#9726,#9734,#9742,#9750,
    #9758));
#9709 = ORIENTED_EDGE('',*,*,#9663,.F.);
#9710 = ORIENTED_EDGE('',*,*,#9711,.F.);
#9711 = EDGE_CURVE('NONE',#9712,#9655,#9714,.T.);
#9712 = VERTEX_POINT('NONE',#9713);
#9713 = CARTESIAN_POINT('',(4.850000000001,1.324961516403,0.73));
#9714 = LINE('',#9715,#9716);
#9715 = CARTESIAN_POINT('',(4.850000000001,1.324961516403,0.73));
#9716 = VECTOR('',#9717,1.);
#9717 = DIRECTION('',(-0.,-0.,-1.));
#9718 = ORIENTED_EDGE('',*,*,#9719,.T.);
#9719 = EDGE_CURVE('NONE',#9712,#9720,#9722,.T.);
#9720 = VERTEX_POINT('NONE',#9721);
#9721 = CARTESIAN_POINT('',(4.850000000001,1.5,0.73));
#9722 = LINE('',#9723,#9724);
#9723 = CARTESIAN_POINT('',(4.850000000001,1.5,0.73));
#9724 = VECTOR('',#9725,1.);
#9725 = DIRECTION('',(-0.,1.,-0.));
#9726 = ORIENTED_EDGE('',*,*,#9727,.F.);
#9727 = EDGE_CURVE('NONE',#9728,#9720,#9730,.T.);
#9728 = VERTEX_POINT('NONE',#9729);
#9729 = CARTESIAN_POINT('',(4.850000000001,1.5,0.765));
#9730 = LINE('',#9731,#9732);
#9731 = CARTESIAN_POINT('',(4.850000000001,1.5,0.765));
#9732 = VECTOR('',#9733,1.);
#9733 = DIRECTION('',(-0.,-0.,-1.));
#9734 = ORIENTED_EDGE('',*,*,#9735,.F.);
#9735 = EDGE_CURVE('NONE',#9736,#9728,#9738,.T.);
#9736 = VERTEX_POINT('NONE',#9737);
#9737 = CARTESIAN_POINT('',(4.850000000001,1.299961516403,0.765));
#9738 = LINE('',#9739,#9740);
#9739 = CARTESIAN_POINT('',(4.850000000001,1.5,0.765));
#9740 = VECTOR('',#9741,1.);
#9741 = DIRECTION('',(-0.,1.,-0.));
#9742 = ORIENTED_EDGE('',*,*,#9743,.F.);
#9743 = EDGE_CURVE('NONE',#9744,#9736,#9746,.T.);
#9744 = VERTEX_POINT('NONE',#9745);
#9745 = CARTESIAN_POINT('',(4.850000000001,1.299961516403,-3.5E-02));
#9746 = LINE('',#9747,#9748);
#9747 = CARTESIAN_POINT('',(4.850000000001,1.299961516403,-3.5E-02));
#9748 = VECTOR('',#9749,1.);
#9749 = DIRECTION('',(0.,0.,1.));
#9750 = ORIENTED_EDGE('',*,*,#9751,.T.);
#9751 = EDGE_CURVE('NONE',#9744,#9752,#9754,.T.);
#9752 = VERTEX_POINT('NONE',#9753);
#9753 = CARTESIAN_POINT('',(4.850000000001,1.5,-3.5E-02));
#9754 = LINE('',#9755,#9756);
#9755 = CARTESIAN_POINT('',(4.850000000001,1.299961516403,-3.5E-02));
#9756 = VECTOR('',#9757,1.);
#9757 = DIRECTION('',(0.,1.,0.));
#9758 = ORIENTED_EDGE('',*,*,#9759,.T.);
#9759 = EDGE_CURVE('NONE',#9752,#9664,#9760,.T.);
#9760 = LINE('',#9761,#9762);
#9761 = CARTESIAN_POINT('',(4.850000000001,1.5,-3.5E-02));
#9762 = VECTOR('',#9763,1.);
#9763 = DIRECTION('',(0.,0.,1.));
#9764 = PLANE('',#9765);
#9765 = AXIS2_PLACEMENT_3D('',#9766,#9767,#9768);
#9766 = CARTESIAN_POINT('',(4.850000000001,1.299961516403,-3.5E-02));
#9767 = DIRECTION('',(1.,0.,0.));
#9768 = DIRECTION('',(0.,0.,-1.));
#9769 = ADVANCED_FACE('NONE',(#9770),#9797,.F.);
#9770 = FACE_BOUND('',#9771,.F.);
#9771 = EDGE_LOOP('NONE',(#9772,#9781,#9789,#9796));
#9772 = ORIENTED_EDGE('',*,*,#9773,.F.);
#9773 = EDGE_CURVE('NONE',#9774,#9744,#9776,.T.);
#9774 = VERTEX_POINT('NONE',#9775);
#9775 = CARTESIAN_POINT('',(4.850000000001,0.899961516403,-3.5E-02));
#9776 = CIRCLE('',#9777,0.2);
#9777 = AXIS2_PLACEMENT_3D('',#9778,#9779,#9780);
#9778 = CARTESIAN_POINT('',(4.850000000001,1.099961516403,-3.5E-02));
#9779 = DIRECTION('',(-0.,0.,-1.));
#9780 = DIRECTION('',(-1.,0.,0.));
#9781 = ORIENTED_EDGE('',*,*,#9782,.T.);
#9782 = EDGE_CURVE('NONE',#9774,#9783,#9785,.T.);
#9783 = VERTEX_POINT('NONE',#9784);
#9784 = CARTESIAN_POINT('',(4.850000000001,0.899961516403,0.765));
#9785 = LINE('',#9786,#9787);
#9786 = CARTESIAN_POINT('',(4.850000000001,0.899961516403,-3.5E-02));
#9787 = VECTOR('',#9788,1.);
#9788 = DIRECTION('',(0.,0.,1.));
#9789 = ORIENTED_EDGE('',*,*,#9790,.T.);
#9790 = EDGE_CURVE('NONE',#9783,#9736,#9791,.T.);
#9791 = CIRCLE('',#9792,0.2);
#9792 = AXIS2_PLACEMENT_3D('',#9793,#9794,#9795);
#9793 = CARTESIAN_POINT('',(4.850000000001,1.099961516403,0.765));
#9794 = DIRECTION('',(-0.,0.,-1.));
#9795 = DIRECTION('',(-1.,0.,0.));
#9796 = ORIENTED_EDGE('',*,*,#9743,.F.);
#9797 = CYLINDRICAL_SURFACE('',#9798,0.2);
#9798 = AXIS2_PLACEMENT_3D('',#9799,#9800,#9801);
#9799 = CARTESIAN_POINT('',(4.850000000001,1.099961516403,-3.5E-02));
#9800 = DIRECTION('',(0.,0.,1.));
#9801 = DIRECTION('',(1.,0.,-0.));
#9802 = ADVANCED_FACE('NONE',(#9803),#9844,.T.);
#9803 = FACE_BOUND('',#9804,.T.);
#9804 = EDGE_LOOP('NONE',(#9805,#9806,#9814,#9820,#9821,#9829,#9837,
    #9843));
#9805 = ORIENTED_EDGE('',*,*,#9695,.F.);
#9806 = ORIENTED_EDGE('',*,*,#9807,.F.);
#9807 = EDGE_CURVE('NONE',#9808,#9688,#9810,.T.);
#9808 = VERTEX_POINT('NONE',#9809);
#9809 = CARTESIAN_POINT('',(4.850000000001,0.7,-3.5E-02));
#9810 = LINE('',#9811,#9812);
#9811 = CARTESIAN_POINT('',(4.850000000001,0.7,-3.5E-02));
#9812 = VECTOR('',#9813,1.);
#9813 = DIRECTION('',(0.,0.,1.));
#9814 = ORIENTED_EDGE('',*,*,#9815,.T.);
#9815 = EDGE_CURVE('NONE',#9808,#9774,#9816,.T.);
#9816 = LINE('',#9817,#9818);
#9817 = CARTESIAN_POINT('',(4.850000000001,0.7,-3.5E-02));
#9818 = VECTOR('',#9819,1.);
#9819 = DIRECTION('',(0.,1.,0.));
#9820 = ORIENTED_EDGE('',*,*,#9782,.T.);
#9821 = ORIENTED_EDGE('',*,*,#9822,.F.);
#9822 = EDGE_CURVE('NONE',#9823,#9783,#9825,.T.);
#9823 = VERTEX_POINT('NONE',#9824);
#9824 = CARTESIAN_POINT('',(4.850000000001,0.7,0.765));
#9825 = LINE('',#9826,#9827);
#9826 = CARTESIAN_POINT('',(4.850000000001,0.899961516403,0.765));
#9827 = VECTOR('',#9828,1.);
#9828 = DIRECTION('',(-0.,1.,-0.));
#9829 = ORIENTED_EDGE('',*,*,#9830,.T.);
#9830 = EDGE_CURVE('NONE',#9823,#9831,#9833,.T.);
#9831 = VERTEX_POINT('NONE',#9832);
#9832 = CARTESIAN_POINT('',(4.850000000001,0.7,0.73));
#9833 = LINE('',#9834,#9835);
#9834 = CARTESIAN_POINT('',(4.850000000001,0.7,0.765));
#9835 = VECTOR('',#9836,1.);
#9836 = DIRECTION('',(-0.,-0.,-1.));
#9837 = ORIENTED_EDGE('',*,*,#9838,.T.);
#9838 = EDGE_CURVE('NONE',#9831,#9615,#9839,.T.);
#9839 = LINE('',#9840,#9841);
#9840 = CARTESIAN_POINT('',(4.850000000001,0.899961516403,0.73));
#9841 = VECTOR('',#9842,1.);
#9842 = DIRECTION('',(-0.,1.,-0.));
#9843 = ORIENTED_EDGE('',*,*,#9640,.T.);
#9844 = PLANE('',#9845);
#9845 = AXIS2_PLACEMENT_3D('',#9846,#9847,#9848);
#9846 = CARTESIAN_POINT('',(4.850000000001,0.7,-3.5E-02));
#9847 = DIRECTION('',(1.,0.,0.));
#9848 = DIRECTION('',(0.,0.,-1.));
#9849 = ADVANCED_FACE('NONE',(#9850),#9868,.T.);
#9850 = FACE_BOUND('',#9851,.T.);
#9851 = EDGE_LOOP('NONE',(#9852,#9853,#9861,#9867));
#9852 = ORIENTED_EDGE('',*,*,#9687,.F.);
#9853 = ORIENTED_EDGE('',*,*,#9854,.F.);
#9854 = EDGE_CURVE('NONE',#9855,#9680,#9857,.T.);
#9855 = VERTEX_POINT('NONE',#9856);
#9856 = CARTESIAN_POINT('',(3.850000000001,0.7,-3.5E-02));
#9857 = LINE('',#9858,#9859);
#9858 = CARTESIAN_POINT('',(3.850000000001,0.7,-3.5E-02));
#9859 = VECTOR('',#9860,1.);
#9860 = DIRECTION('',(0.,0.,1.));
#9861 = ORIENTED_EDGE('',*,*,#9862,.T.);
#9862 = EDGE_CURVE('NONE',#9855,#9808,#9863,.T.);
#9863 = LINE('',#9864,#9865);
#9864 = CARTESIAN_POINT('',(3.850000000001,0.7,-3.5E-02));
#9865 = VECTOR('',#9866,1.);
#9866 = DIRECTION('',(1.,0.,0.));
#9867 = ORIENTED_EDGE('',*,*,#9807,.T.);
#9868 = PLANE('',#9869);
#9869 = AXIS2_PLACEMENT_3D('',#9870,#9871,#9872);
#9870 = CARTESIAN_POINT('',(3.850000000001,0.7,-3.5E-02));
#9871 = DIRECTION('',(0.,-1.,0.));
#9872 = DIRECTION('',(0.,-0.,-1.));
#9873 = ADVANCED_FACE('NONE',(#9874),#9892,.T.);
#9874 = FACE_BOUND('',#9875,.T.);
#9875 = EDGE_LOOP('NONE',(#9876,#9877,#9885,#9891));
#9876 = ORIENTED_EDGE('',*,*,#9679,.F.);
#9877 = ORIENTED_EDGE('',*,*,#9878,.F.);
#9878 = EDGE_CURVE('NONE',#9879,#9672,#9881,.T.);
#9879 = VERTEX_POINT('NONE',#9880);
#9880 = CARTESIAN_POINT('',(3.850000000001,1.5,-3.5E-02));
#9881 = LINE('',#9882,#9883);
#9882 = CARTESIAN_POINT('',(3.850000000001,1.5,-3.5E-02));
#9883 = VECTOR('',#9884,1.);
#9884 = DIRECTION('',(0.,0.,1.));
#9885 = ORIENTED_EDGE('',*,*,#9886,.T.);
#9886 = EDGE_CURVE('NONE',#9879,#9855,#9887,.T.);
#9887 = LINE('',#9888,#9889);
#9888 = CARTESIAN_POINT('',(3.850000000001,1.5,-3.5E-02));
#9889 = VECTOR('',#9890,1.);
#9890 = DIRECTION('',(0.,-1.,0.));
#9891 = ORIENTED_EDGE('',*,*,#9854,.T.);
#9892 = PLANE('',#9893);
#9893 = AXIS2_PLACEMENT_3D('',#9894,#9895,#9896);
#9894 = CARTESIAN_POINT('',(3.850000000001,1.5,-3.5E-02));
#9895 = DIRECTION('',(-1.,0.,0.));
#9896 = DIRECTION('',(0.,0.,1.));
#9897 = ADVANCED_FACE('NONE',(#9898),#9909,.T.);
#9898 = FACE_BOUND('',#9899,.T.);
#9899 = EDGE_LOOP('NONE',(#9900,#9901,#9902,#9908));
#9900 = ORIENTED_EDGE('',*,*,#9671,.F.);
#9901 = ORIENTED_EDGE('',*,*,#9759,.F.);
#9902 = ORIENTED_EDGE('',*,*,#9903,.T.);
#9903 = EDGE_CURVE('NONE',#9752,#9879,#9904,.T.);
#9904 = LINE('',#9905,#9906);
#9905 = CARTESIAN_POINT('',(4.850000000001,1.5,-3.5E-02));
#9906 = VECTOR('',#9907,1.);
#9907 = DIRECTION('',(-1.,0.,0.));
#9908 = ORIENTED_EDGE('',*,*,#9878,.T.);
#9909 = PLANE('',#9910);
#9910 = AXIS2_PLACEMENT_3D('',#9911,#9912,#9913);
#9911 = CARTESIAN_POINT('',(4.850000000001,1.5,-3.5E-02));
#9912 = DIRECTION('',(0.,1.,-0.));
#9913 = DIRECTION('',(0.,0.,1.));
#9914 = ADVANCED_FACE('NONE',(#9915),#9923,.T.);
#9915 = FACE_BOUND('',#9916,.T.);
#9916 = EDGE_LOOP('NONE',(#9917,#9918,#9919,#9920,#9921,#9922));
#9917 = ORIENTED_EDGE('',*,*,#9751,.F.);
#9918 = ORIENTED_EDGE('',*,*,#9773,.F.);
#9919 = ORIENTED_EDGE('',*,*,#9815,.F.);
#9920 = ORIENTED_EDGE('',*,*,#9862,.F.);
#9921 = ORIENTED_EDGE('',*,*,#9886,.F.);
#9922 = ORIENTED_EDGE('',*,*,#9903,.F.);
#9923 = PLANE('',#9924);
#9924 = AXIS2_PLACEMENT_3D('',#9925,#9926,#9927);
#9925 = CARTESIAN_POINT('',(4.850000000001,1.099961516403,-3.5E-02));
#9926 = DIRECTION('',(-0.,0.,-1.));
#9927 = DIRECTION('',(-1.,0.,0.));
#9928 = ADVANCED_FACE('NONE',(#9929),#9941,.T.);
#9929 = FACE_BOUND('',#9930,.T.);
#9930 = EDGE_LOOP('NONE',(#9931,#9932,#9939,#9940));
#9931 = ORIENTED_EDGE('',*,*,#9623,.F.);
#9932 = ORIENTED_EDGE('',*,*,#9933,.F.);
#9933 = EDGE_CURVE('NONE',#9712,#9613,#9934,.T.);
#9934 = CIRCLE('',#9935,0.225);
#9935 = AXIS2_PLACEMENT_3D('',#9936,#9937,#9938);
#9936 = CARTESIAN_POINT('',(4.850000000001,1.099961516403,0.73));
#9937 = DIRECTION('',(0.,0.,1.));
#9938 = DIRECTION('',(-1.,0.,0.));
#9939 = ORIENTED_EDGE('',*,*,#9711,.T.);
#9940 = ORIENTED_EDGE('',*,*,#9654,.T.);
#9941 = CYLINDRICAL_SURFACE('',#9942,0.225);
#9942 = AXIS2_PLACEMENT_3D('',#9943,#9944,#9945);
#9943 = CARTESIAN_POINT('',(4.850000000001,1.099961516403,0.73));
#9944 = DIRECTION('',(-0.,-0.,-1.));
#9945 = DIRECTION('',(-1.,0.,0.));
#9946 = ADVANCED_FACE('NONE',(#9947),#9972,.F.);
#9947 = FACE_BOUND('',#9948,.T.);
#9948 = EDGE_LOOP('NONE',(#9949,#9957,#9965,#9971));
#9949 = ORIENTED_EDGE('',*,*,#9950,.T.);
#9950 = EDGE_CURVE('NONE',#9720,#9951,#9953,.T.);
#9951 = VERTEX_POINT('NONE',#9952);
#9952 = CARTESIAN_POINT('',(4.450000000001,1.5,0.73));
#9953 = LINE('',#9954,#9955);
#9954 = CARTESIAN_POINT('',(4.850000000001,1.5,0.73));
#9955 = VECTOR('',#9956,1.);
#9956 = DIRECTION('',(-1.,0.,0.));
#9957 = ORIENTED_EDGE('',*,*,#9958,.F.);
#9958 = EDGE_CURVE('NONE',#9959,#9951,#9961,.T.);
#9959 = VERTEX_POINT('NONE',#9960);
#9960 = CARTESIAN_POINT('',(4.450000000001,1.5,0.765));
#9961 = LINE('',#9962,#9963);
#9962 = CARTESIAN_POINT('',(4.450000000001,1.5,0.765));
#9963 = VECTOR('',#9964,1.);
#9964 = DIRECTION('',(-0.,-0.,-1.));
#9965 = ORIENTED_EDGE('',*,*,#9966,.F.);
#9966 = EDGE_CURVE('NONE',#9728,#9959,#9967,.T.);
#9967 = LINE('',#9968,#9969);
#9968 = CARTESIAN_POINT('',(4.850000000001,1.5,0.765));
#9969 = VECTOR('',#9970,1.);
#9970 = DIRECTION('',(-1.,0.,0.));
#9971 = ORIENTED_EDGE('',*,*,#9727,.T.);
#9972 = PLANE('',#9973);
#9973 = AXIS2_PLACEMENT_3D('',#9974,#9975,#9976);
#9974 = CARTESIAN_POINT('',(4.850000000001,1.5,0.765));
#9975 = DIRECTION('',(0.,-1.,0.));
#9976 = DIRECTION('',(0.,-0.,-1.));
#9977 = ADVANCED_FACE('NONE',(#9978),#10003,.F.);
#9978 = FACE_BOUND('',#9979,.T.);
#9979 = EDGE_LOOP('NONE',(#9980,#9988,#9996,#10002));
#9980 = ORIENTED_EDGE('',*,*,#9981,.T.);
#9981 = EDGE_CURVE('NONE',#9951,#9982,#9984,.T.);
#9982 = VERTEX_POINT('NONE',#9983);
#9983 = CARTESIAN_POINT('',(4.450000000001,0.7,0.73));
#9984 = LINE('',#9985,#9986);
#9985 = CARTESIAN_POINT('',(4.450000000001,1.5,0.73));
#9986 = VECTOR('',#9987,1.);
#9987 = DIRECTION('',(0.,-1.,0.));
#9988 = ORIENTED_EDGE('',*,*,#9989,.F.);
#9989 = EDGE_CURVE('NONE',#9990,#9982,#9992,.T.);
#9990 = VERTEX_POINT('NONE',#9991);
#9991 = CARTESIAN_POINT('',(4.450000000001,0.7,0.765));
#9992 = LINE('',#9993,#9994);
#9993 = CARTESIAN_POINT('',(4.450000000001,0.7,0.765));
#9994 = VECTOR('',#9995,1.);
#9995 = DIRECTION('',(-0.,-0.,-1.));
#9996 = ORIENTED_EDGE('',*,*,#9997,.F.);
#9997 = EDGE_CURVE('NONE',#9959,#9990,#9998,.T.);
#9998 = LINE('',#9999,#10000);
#9999 = CARTESIAN_POINT('',(4.450000000001,1.5,0.765));
#10000 = VECTOR('',#10001,1.);
#10001 = DIRECTION('',(0.,-1.,0.));
#10002 = ORIENTED_EDGE('',*,*,#9958,.T.);
#10003 = PLANE('',#10004);
#10004 = AXIS2_PLACEMENT_3D('',#10005,#10006,#10007);
#10005 = CARTESIAN_POINT('',(4.450000000001,1.5,0.765));
#10006 = DIRECTION('',(1.,0.,-0.));
#10007 = DIRECTION('',(-0.,0.,-1.));
#10008 = ADVANCED_FACE('NONE',(#10009),#10025,.F.);
#10009 = FACE_BOUND('',#10010,.T.);
#10010 = EDGE_LOOP('NONE',(#10011,#10017,#10018,#10024));
#10011 = ORIENTED_EDGE('',*,*,#10012,.T.);
#10012 = EDGE_CURVE('NONE',#9982,#9831,#10013,.T.);
#10013 = LINE('',#10014,#10015);
#10014 = CARTESIAN_POINT('',(4.450000000001,0.7,0.73));
#10015 = VECTOR('',#10016,1.);
#10016 = DIRECTION('',(1.,0.,0.));
#10017 = ORIENTED_EDGE('',*,*,#9830,.F.);
#10018 = ORIENTED_EDGE('',*,*,#10019,.F.);
#10019 = EDGE_CURVE('NONE',#9990,#9823,#10020,.T.);
#10020 = LINE('',#10021,#10022);
#10021 = CARTESIAN_POINT('',(4.450000000001,0.7,0.765));
#10022 = VECTOR('',#10023,1.);
#10023 = DIRECTION('',(1.,0.,0.));
#10024 = ORIENTED_EDGE('',*,*,#9989,.T.);
#10025 = PLANE('',#10026);
#10026 = AXIS2_PLACEMENT_3D('',#10027,#10028,#10029);
#10027 = CARTESIAN_POINT('',(4.450000000001,0.7,0.765));
#10028 = DIRECTION('',(0.,1.,0.));
#10029 = DIRECTION('',(0.,-0.,1.));
#10030 = ADVANCED_FACE('NONE',(#10031),#10039,.F.);
#10031 = FACE_BOUND('',#10032,.T.);
#10032 = EDGE_LOOP('NONE',(#10033,#10034,#10035,#10036,#10037,#10038));
#10033 = ORIENTED_EDGE('',*,*,#9790,.T.);
#10034 = ORIENTED_EDGE('',*,*,#9735,.T.);
#10035 = ORIENTED_EDGE('',*,*,#9966,.T.);
#10036 = ORIENTED_EDGE('',*,*,#9997,.T.);
#10037 = ORIENTED_EDGE('',*,*,#10019,.T.);
#10038 = ORIENTED_EDGE('',*,*,#9822,.T.);
#10039 = PLANE('',#10040);
#10040 = AXIS2_PLACEMENT_3D('',#10041,#10042,#10043);
#10041 = CARTESIAN_POINT('',(4.850000000001,1.099961516403,0.765));
#10042 = DIRECTION('',(-0.,0.,-1.));
#10043 = DIRECTION('',(-1.,0.,0.));
#10044 = ADVANCED_FACE('NONE',(#10045),#10054,.T.);
#10045 = FACE_BOUND('',#10046,.T.);
#10046 = EDGE_LOOP('NONE',(#10047,#10048,#10049,#10050,#10051,#10052,
    #10053));
#10047 = ORIENTED_EDGE('',*,*,#9719,.F.);
#10048 = ORIENTED_EDGE('',*,*,#9933,.T.);
#10049 = ORIENTED_EDGE('',*,*,#9612,.T.);
#10050 = ORIENTED_EDGE('',*,*,#9838,.F.);
#10051 = ORIENTED_EDGE('',*,*,#10012,.F.);
#10052 = ORIENTED_EDGE('',*,*,#9981,.F.);
#10053 = ORIENTED_EDGE('',*,*,#9950,.F.);
#10054 = PLANE('',#10055);
#10055 = AXIS2_PLACEMENT_3D('',#10056,#10057,#10058);
#10056 = CARTESIAN_POINT('',(4.850000000001,1.099961516403,0.73));
#10057 = DIRECTION('',(-0.,0.,-1.));
#10058 = DIRECTION('',(-1.,0.,0.));
#10059 = MANIFOLD_SOLID_BREP('Aufsatz-Linear austragen13[12]',#10060);
#10060 = CLOSED_SHELL('NONE',(#10061,#10103,#10143,#10174,#10237,#10261,
    #10324,#10346,#10361,#10381,#10399,#10432,#10463,#10480,#10497));
#10061 = ADVANCED_FACE('NONE',(#10062),#10098,.F.);
#10062 = FACE_BOUND('',#10063,.F.);
#10063 = EDGE_LOOP('NONE',(#10064,#10074,#10083,#10091));
#10064 = ORIENTED_EDGE('',*,*,#10065,.T.);
#10065 = EDGE_CURVE('NONE',#10066,#10068,#10070,.T.);
#10066 = VERTEX_POINT('NONE',#10067);
#10067 = CARTESIAN_POINT('',(-4.850000000001,3.499961516403,-3.5E-02));
#10068 = VERTEX_POINT('NONE',#10069);
#10069 = CARTESIAN_POINT('',(-4.850000000001,3.499961516403,0.765));
#10070 = LINE('',#10071,#10072);
#10071 = CARTESIAN_POINT('',(-4.850000000001,3.499961516403,-3.5E-02));
#10072 = VECTOR('',#10073,1.);
#10073 = DIRECTION('',(0.,0.,1.));
#10074 = ORIENTED_EDGE('',*,*,#10075,.T.);
#10075 = EDGE_CURVE('NONE',#10068,#10076,#10078,.T.);
#10076 = VERTEX_POINT('NONE',#10077);
#10077 = CARTESIAN_POINT('',(-4.650000000001,3.299961516403,0.765));
#10078 = CIRCLE('',#10079,0.2);
#10079 = AXIS2_PLACEMENT_3D('',#10080,#10081,#10082);
#10080 = CARTESIAN_POINT('',(-4.850000000001,3.299961516403,0.765));
#10081 = DIRECTION('',(0.,0.,-1.));
#10082 = DIRECTION('',(1.,0.,0.));
#10083 = ORIENTED_EDGE('',*,*,#10084,.F.);
#10084 = EDGE_CURVE('NONE',#10085,#10076,#10087,.T.);
#10085 = VERTEX_POINT('NONE',#10086);
#10086 = CARTESIAN_POINT('',(-4.650000000001,3.299961516403,-3.5E-02));
#10087 = LINE('',#10088,#10089);
#10088 = CARTESIAN_POINT('',(-4.650000000001,3.299961516403,-3.5E-02));
#10089 = VECTOR('',#10090,1.);
#10090 = DIRECTION('',(0.,0.,1.));
#10091 = ORIENTED_EDGE('',*,*,#10092,.F.);
#10092 = EDGE_CURVE('NONE',#10066,#10085,#10093,.T.);
#10093 = CIRCLE('',#10094,0.2);
#10094 = AXIS2_PLACEMENT_3D('',#10095,#10096,#10097);
#10095 = CARTESIAN_POINT('',(-4.850000000001,3.299961516403,-3.5E-02));
#10096 = DIRECTION('',(0.,0.,-1.));
#10097 = DIRECTION('',(1.,0.,0.));
#10098 = CYLINDRICAL_SURFACE('',#10099,0.2);
#10099 = AXIS2_PLACEMENT_3D('',#10100,#10101,#10102);
#10100 = CARTESIAN_POINT('',(-4.850000000001,3.299961516403,-3.5E-02));
#10101 = DIRECTION('',(0.,0.,1.));
#10102 = DIRECTION('',(1.,0.,-0.));
#10103 = ADVANCED_FACE('NONE',(#10104),#10138,.T.);
#10104 = FACE_BOUND('',#10105,.T.);
#10105 = EDGE_LOOP('NONE',(#10106,#10116,#10124,#10132));
#10106 = ORIENTED_EDGE('',*,*,#10107,.F.);
#10107 = EDGE_CURVE('NONE',#10108,#10110,#10112,.T.);
#10108 = VERTEX_POINT('NONE',#10109);
#10109 = CARTESIAN_POINT('',(-3.850000000001,2.9,0.));
#10110 = VERTEX_POINT('NONE',#10111);
#10111 = CARTESIAN_POINT('',(-3.850000000001,3.7,0.));
#10112 = LINE('',#10113,#10114);
#10113 = CARTESIAN_POINT('',(-3.850000000001,3.7,0.));
#10114 = VECTOR('',#10115,1.);
#10115 = DIRECTION('',(-0.,1.,-0.));
#10116 = ORIENTED_EDGE('',*,*,#10117,.F.);
#10117 = EDGE_CURVE('NONE',#10118,#10108,#10120,.T.);
#10118 = VERTEX_POINT('NONE',#10119);
#10119 = CARTESIAN_POINT('',(-3.850000000001,2.9,-3.5E-02));
#10120 = LINE('',#10121,#10122);
#10121 = CARTESIAN_POINT('',(-3.850000000001,2.9,-3.5E-02));
#10122 = VECTOR('',#10123,1.);
#10123 = DIRECTION('',(0.,0.,1.));
#10124 = ORIENTED_EDGE('',*,*,#10125,.T.);
#10125 = EDGE_CURVE('NONE',#10118,#10126,#10128,.T.);
#10126 = VERTEX_POINT('NONE',#10127);
#10127 = CARTESIAN_POINT('',(-3.850000000001,3.7,-3.5E-02));
#10128 = LINE('',#10129,#10130);
#10129 = CARTESIAN_POINT('',(-3.850000000001,3.7,-3.5E-02));
#10130 = VECTOR('',#10131,1.);
#10131 = DIRECTION('',(-0.,1.,-0.));
#10132 = ORIENTED_EDGE('',*,*,#10133,.T.);
#10133 = EDGE_CURVE('NONE',#10126,#10110,#10134,.T.);
#10134 = LINE('',#10135,#10136);
#10135 = CARTESIAN_POINT('',(-3.850000000001,3.7,-3.5E-02));
#10136 = VECTOR('',#10137,1.);
#10137 = DIRECTION('',(0.,0.,1.));
#10138 = PLANE('',#10139);
#10139 = AXIS2_PLACEMENT_3D('',#10140,#10141,#10142);
#10140 = CARTESIAN_POINT('',(-3.850000000001,3.7,-3.5E-02));
#10141 = DIRECTION('',(1.,0.,-0.));
#10142 = DIRECTION('',(-0.,0.,-1.));
#10143 = ADVANCED_FACE('NONE',(#10144),#10169,.T.);
#10144 = FACE_BOUND('',#10145,.T.);
#10145 = EDGE_LOOP('NONE',(#10146,#10154,#10162,#10168));
#10146 = ORIENTED_EDGE('',*,*,#10147,.F.);
#10147 = EDGE_CURVE('NONE',#10148,#10108,#10150,.T.);
#10148 = VERTEX_POINT('NONE',#10149);
#10149 = CARTESIAN_POINT('',(-4.850000000001,2.9,0.));
#10150 = LINE('',#10151,#10152);
#10151 = CARTESIAN_POINT('',(-3.850000000001,2.9,0.));
#10152 = VECTOR('',#10153,1.);
#10153 = DIRECTION('',(1.,-0.,-0.));
#10154 = ORIENTED_EDGE('',*,*,#10155,.F.);
#10155 = EDGE_CURVE('NONE',#10156,#10148,#10158,.T.);
#10156 = VERTEX_POINT('NONE',#10157);
#10157 = CARTESIAN_POINT('',(-4.850000000001,2.9,-3.5E-02));
#10158 = LINE('',#10159,#10160);
#10159 = CARTESIAN_POINT('',(-4.850000000001,2.9,-3.5E-02));
#10160 = VECTOR('',#10161,1.);
#10161 = DIRECTION('',(0.,0.,1.));
#10162 = ORIENTED_EDGE('',*,*,#10163,.T.);
#10163 = EDGE_CURVE('NONE',#10156,#10118,#10164,.T.);
#10164 = LINE('',#10165,#10166);
#10165 = CARTESIAN_POINT('',(-3.850000000001,2.9,-3.5E-02));
#10166 = VECTOR('',#10167,1.);
#10167 = DIRECTION('',(1.,-0.,-0.));
#10168 = ORIENTED_EDGE('',*,*,#10117,.T.);
#10169 = PLANE('',#10170);
#10170 = AXIS2_PLACEMENT_3D('',#10171,#10172,#10173);
#10171 = CARTESIAN_POINT('',(-3.850000000001,2.9,-3.5E-02));
#10172 = DIRECTION('',(0.,-1.,0.));
#10173 = DIRECTION('',(0.,-0.,-1.));
#10174 = ADVANCED_FACE('NONE',(#10175),#10232,.T.);
#10175 = FACE_BOUND('',#10176,.T.);
#10176 = EDGE_LOOP('NONE',(#10177,#10185,#10193,#10201,#10209,#10217,
    #10225,#10231));
#10177 = ORIENTED_EDGE('',*,*,#10178,.F.);
#10178 = EDGE_CURVE('NONE',#10179,#10148,#10181,.T.);
#10179 = VERTEX_POINT('NONE',#10180);
#10180 = CARTESIAN_POINT('',(-4.850000000001,3.074961516403,0.));
#10181 = LINE('',#10182,#10183);
#10182 = CARTESIAN_POINT('',(-4.850000000001,3.099961516403,0.));
#10183 = VECTOR('',#10184,1.);
#10184 = DIRECTION('',(0.,-1.,0.));
#10185 = ORIENTED_EDGE('',*,*,#10186,.F.);
#10186 = EDGE_CURVE('NONE',#10187,#10179,#10189,.T.);
#10187 = VERTEX_POINT('NONE',#10188);
#10188 = CARTESIAN_POINT('',(-4.850000000001,3.074961516403,0.73));
#10189 = LINE('',#10190,#10191);
#10190 = CARTESIAN_POINT('',(-4.850000000001,3.074961516403,0.73));
#10191 = VECTOR('',#10192,1.);
#10192 = DIRECTION('',(-0.,-0.,-1.));
#10193 = ORIENTED_EDGE('',*,*,#10194,.T.);
#10194 = EDGE_CURVE('NONE',#10187,#10195,#10197,.T.);
#10195 = VERTEX_POINT('NONE',#10196);
#10196 = CARTESIAN_POINT('',(-4.850000000001,2.9,0.73));
#10197 = LINE('',#10198,#10199);
#10198 = CARTESIAN_POINT('',(-4.850000000001,3.099961516403,0.73));
#10199 = VECTOR('',#10200,1.);
#10200 = DIRECTION('',(0.,-1.,0.));
#10201 = ORIENTED_EDGE('',*,*,#10202,.F.);
#10202 = EDGE_CURVE('NONE',#10203,#10195,#10205,.T.);
#10203 = VERTEX_POINT('NONE',#10204);
#10204 = CARTESIAN_POINT('',(-4.850000000001,2.9,0.765));
#10205 = LINE('',#10206,#10207);
#10206 = CARTESIAN_POINT('',(-4.850000000001,2.9,0.765));
#10207 = VECTOR('',#10208,1.);
#10208 = DIRECTION('',(-0.,-0.,-1.));
#10209 = ORIENTED_EDGE('',*,*,#10210,.F.);
#10210 = EDGE_CURVE('NONE',#10211,#10203,#10213,.T.);
#10211 = VERTEX_POINT('NONE',#10212);
#10212 = CARTESIAN_POINT('',(-4.850000000001,3.099961516403,0.765));
#10213 = LINE('',#10214,#10215);
#10214 = CARTESIAN_POINT('',(-4.850000000001,3.099961516403,0.765));
#10215 = VECTOR('',#10216,1.);
#10216 = DIRECTION('',(0.,-1.,0.));
#10217 = ORIENTED_EDGE('',*,*,#10218,.F.);
#10218 = EDGE_CURVE('NONE',#10219,#10211,#10221,.T.);
#10219 = VERTEX_POINT('NONE',#10220);
#10220 = CARTESIAN_POINT('',(-4.850000000001,3.099961516403,-3.5E-02));
#10221 = LINE('',#10222,#10223);
#10222 = CARTESIAN_POINT('',(-4.850000000001,3.099961516403,-3.5E-02));
#10223 = VECTOR('',#10224,1.);
#10224 = DIRECTION('',(0.,0.,1.));
#10225 = ORIENTED_EDGE('',*,*,#10226,.T.);
#10226 = EDGE_CURVE('NONE',#10219,#10156,#10227,.T.);
#10227 = LINE('',#10228,#10229);
#10228 = CARTESIAN_POINT('',(-4.850000000001,3.099961516403,-3.5E-02));
#10229 = VECTOR('',#10230,1.);
#10230 = DIRECTION('',(0.,-1.,0.));
#10231 = ORIENTED_EDGE('',*,*,#10155,.T.);
#10232 = PLANE('',#10233);
#10233 = AXIS2_PLACEMENT_3D('',#10234,#10235,#10236);
#10234 = CARTESIAN_POINT('',(-4.850000000001,3.099961516403,-3.5E-02));
#10235 = DIRECTION('',(-1.,0.,0.));
#10236 = DIRECTION('',(0.,0.,1.));
#10237 = ADVANCED_FACE('NONE',(#10238),#10256,.F.);
#10238 = FACE_BOUND('',#10239,.F.);
#10239 = EDGE_LOOP('NONE',(#10240,#10247,#10248,#10255));
#10240 = ORIENTED_EDGE('',*,*,#10241,.T.);
#10241 = EDGE_CURVE('NONE',#10076,#10211,#10242,.T.);
#10242 = CIRCLE('',#10243,0.2);
#10243 = AXIS2_PLACEMENT_3D('',#10244,#10245,#10246);
#10244 = CARTESIAN_POINT('',(-4.850000000001,3.299961516403,0.765));
#10245 = DIRECTION('',(0.,0.,-1.));
#10246 = DIRECTION('',(1.,0.,0.));
#10247 = ORIENTED_EDGE('',*,*,#10218,.F.);
#10248 = ORIENTED_EDGE('',*,*,#10249,.F.);
#10249 = EDGE_CURVE('NONE',#10085,#10219,#10250,.T.);
#10250 = CIRCLE('',#10251,0.2);
#10251 = AXIS2_PLACEMENT_3D('',#10252,#10253,#10254);
#10252 = CARTESIAN_POINT('',(-4.850000000001,3.299961516403,-3.5E-02));
#10253 = DIRECTION('',(0.,0.,-1.));
#10254 = DIRECTION('',(1.,0.,0.));
#10255 = ORIENTED_EDGE('',*,*,#10084,.T.);
#10256 = CYLINDRICAL_SURFACE('',#10257,0.2);
#10257 = AXIS2_PLACEMENT_3D('',#10258,#10259,#10260);
#10258 = CARTESIAN_POINT('',(-4.850000000001,3.299961516403,-3.5E-02));
#10259 = DIRECTION('',(0.,0.,1.));
#10260 = DIRECTION('',(1.,0.,-0.));
#10261 = ADVANCED_FACE('NONE',(#10262),#10319,.T.);
#10262 = FACE_BOUND('',#10263,.T.);
#10263 = EDGE_LOOP('NONE',(#10264,#10274,#10282,#10288,#10289,#10297,
    #10305,#10313));
#10264 = ORIENTED_EDGE('',*,*,#10265,.F.);
#10265 = EDGE_CURVE('NONE',#10266,#10268,#10270,.T.);
#10266 = VERTEX_POINT('NONE',#10267);
#10267 = CARTESIAN_POINT('',(-4.850000000001,3.7,0.));
#10268 = VERTEX_POINT('NONE',#10269);
#10269 = CARTESIAN_POINT('',(-4.850000000001,3.524961516403,0.));
#10270 = LINE('',#10271,#10272);
#10271 = CARTESIAN_POINT('',(-4.850000000001,3.7,0.));
#10272 = VECTOR('',#10273,1.);
#10273 = DIRECTION('',(0.,-1.,0.));
#10274 = ORIENTED_EDGE('',*,*,#10275,.F.);
#10275 = EDGE_CURVE('NONE',#10276,#10266,#10278,.T.);
#10276 = VERTEX_POINT('NONE',#10277);
#10277 = CARTESIAN_POINT('',(-4.850000000001,3.7,-3.5E-02));
#10278 = LINE('',#10279,#10280);
#10279 = CARTESIAN_POINT('',(-4.850000000001,3.7,-3.5E-02));
#10280 = VECTOR('',#10281,1.);
#10281 = DIRECTION('',(0.,0.,1.));
#10282 = ORIENTED_EDGE('',*,*,#10283,.T.);
#10283 = EDGE_CURVE('NONE',#10276,#10066,#10284,.T.);
#10284 = LINE('',#10285,#10286);
#10285 = CARTESIAN_POINT('',(-4.850000000001,3.7,-3.5E-02));
#10286 = VECTOR('',#10287,1.);
#10287 = DIRECTION('',(0.,-1.,0.));
#10288 = ORIENTED_EDGE('',*,*,#10065,.T.);
#10289 = ORIENTED_EDGE('',*,*,#10290,.F.);
#10290 = EDGE_CURVE('NONE',#10291,#10068,#10293,.T.);
#10291 = VERTEX_POINT('NONE',#10292);
#10292 = CARTESIAN_POINT('',(-4.850000000001,3.7,0.765));
#10293 = LINE('',#10294,#10295);
#10294 = CARTESIAN_POINT('',(-4.850000000001,3.7,0.765));
#10295 = VECTOR('',#10296,1.);
#10296 = DIRECTION('',(0.,-1.,0.));
#10297 = ORIENTED_EDGE('',*,*,#10298,.T.);
#10298 = EDGE_CURVE('NONE',#10291,#10299,#10301,.T.);
#10299 = VERTEX_POINT('NONE',#10300);
#10300 = CARTESIAN_POINT('',(-4.850000000001,3.7,0.73));
#10301 = LINE('',#10302,#10303);
#10302 = CARTESIAN_POINT('',(-4.850000000001,3.7,0.765));
#10303 = VECTOR('',#10304,1.);
#10304 = DIRECTION('',(-0.,-0.,-1.));
#10305 = ORIENTED_EDGE('',*,*,#10306,.T.);
#10306 = EDGE_CURVE('NONE',#10299,#10307,#10309,.T.);
#10307 = VERTEX_POINT('NONE',#10308);
#10308 = CARTESIAN_POINT('',(-4.850000000001,3.524961516403,0.73));
#10309 = LINE('',#10310,#10311);
#10310 = CARTESIAN_POINT('',(-4.850000000001,3.7,0.73));
#10311 = VECTOR('',#10312,1.);
#10312 = DIRECTION('',(0.,-1.,0.));
#10313 = ORIENTED_EDGE('',*,*,#10314,.T.);
#10314 = EDGE_CURVE('NONE',#10307,#10268,#10315,.T.);
#10315 = LINE('',#10316,#10317);
#10316 = CARTESIAN_POINT('',(-4.850000000001,3.524961516403,0.73));
#10317 = VECTOR('',#10318,1.);
#10318 = DIRECTION('',(-0.,-0.,-1.));
#10319 = PLANE('',#10320);
#10320 = AXIS2_PLACEMENT_3D('',#10321,#10322,#10323);
#10321 = CARTESIAN_POINT('',(-4.850000000001,3.7,-3.5E-02));
#10322 = DIRECTION('',(-1.,0.,0.));
#10323 = DIRECTION('',(0.,0.,1.));
#10324 = ADVANCED_FACE('NONE',(#10325),#10341,.T.);
#10325 = FACE_BOUND('',#10326,.T.);
#10326 = EDGE_LOOP('NONE',(#10327,#10333,#10334,#10340));
#10327 = ORIENTED_EDGE('',*,*,#10328,.F.);
#10328 = EDGE_CURVE('NONE',#10110,#10266,#10329,.T.);
#10329 = LINE('',#10330,#10331);
#10330 = CARTESIAN_POINT('',(-4.850000000001,3.7,0.));
#10331 = VECTOR('',#10332,1.);
#10332 = DIRECTION('',(-1.,-0.,-0.));
#10333 = ORIENTED_EDGE('',*,*,#10133,.F.);
#10334 = ORIENTED_EDGE('',*,*,#10335,.T.);
#10335 = EDGE_CURVE('NONE',#10126,#10276,#10336,.T.);
#10336 = LINE('',#10337,#10338);
#10337 = CARTESIAN_POINT('',(-4.850000000001,3.7,-3.5E-02));
#10338 = VECTOR('',#10339,1.);
#10339 = DIRECTION('',(-1.,-0.,-0.));
#10340 = ORIENTED_EDGE('',*,*,#10275,.T.);
#10341 = PLANE('',#10342);
#10342 = AXIS2_PLACEMENT_3D('',#10343,#10344,#10345);
#10343 = CARTESIAN_POINT('',(-4.850000000001,3.7,-3.5E-02));
#10344 = DIRECTION('',(0.,1.,0.));
#10345 = DIRECTION('',(0.,-0.,1.));
#10346 = ADVANCED_FACE('NONE',(#10347),#10356,.F.);
#10347 = FACE_BOUND('',#10348,.T.);
#10348 = EDGE_LOOP('NONE',(#10349,#10350,#10351,#10352,#10353,#10354,
    #10355));
#10349 = ORIENTED_EDGE('',*,*,#10125,.F.);
#10350 = ORIENTED_EDGE('',*,*,#10163,.F.);
#10351 = ORIENTED_EDGE('',*,*,#10226,.F.);
#10352 = ORIENTED_EDGE('',*,*,#10249,.F.);
#10353 = ORIENTED_EDGE('',*,*,#10092,.F.);
#10354 = ORIENTED_EDGE('',*,*,#10283,.F.);
#10355 = ORIENTED_EDGE('',*,*,#10335,.F.);
#10356 = PLANE('',#10357);
#10357 = AXIS2_PLACEMENT_3D('',#10358,#10359,#10360);
#10358 = CARTESIAN_POINT('',(-4.850000000001,3.299961516403,-3.5E-02));
#10359 = DIRECTION('',(0.,0.,1.));
#10360 = DIRECTION('',(1.,0.,-0.));
#10361 = ADVANCED_FACE('NONE',(#10362),#10376,.T.);
#10362 = FACE_BOUND('',#10363,.T.);
#10363 = EDGE_LOOP('NONE',(#10364,#10371,#10372,#10373,#10374,#10375));
#10364 = ORIENTED_EDGE('',*,*,#10365,.F.);
#10365 = EDGE_CURVE('NONE',#10179,#10268,#10366,.T.);
#10366 = CIRCLE('',#10367,0.225);
#10367 = AXIS2_PLACEMENT_3D('',#10368,#10369,#10370);
#10368 = CARTESIAN_POINT('',(-4.850000000001,3.299961516403,0.));
#10369 = DIRECTION('',(0.,0.,1.));
#10370 = DIRECTION('',(1.,0.,-0.));
#10371 = ORIENTED_EDGE('',*,*,#10178,.T.);
#10372 = ORIENTED_EDGE('',*,*,#10147,.T.);
#10373 = ORIENTED_EDGE('',*,*,#10107,.T.);
#10374 = ORIENTED_EDGE('',*,*,#10328,.T.);
#10375 = ORIENTED_EDGE('',*,*,#10265,.T.);
#10376 = PLANE('',#10377);
#10377 = AXIS2_PLACEMENT_3D('',#10378,#10379,#10380);
#10378 = CARTESIAN_POINT('',(-4.850000000001,3.299961516403,0.));
#10379 = DIRECTION('',(0.,0.,1.));
#10380 = DIRECTION('',(1.,0.,-0.));
#10381 = ADVANCED_FACE('NONE',(#10382),#10394,.T.);
#10382 = FACE_BOUND('',#10383,.T.);
#10383 = EDGE_LOOP('NONE',(#10384,#10385,#10386,#10393));
#10384 = ORIENTED_EDGE('',*,*,#10365,.T.);
#10385 = ORIENTED_EDGE('',*,*,#10314,.F.);
#10386 = ORIENTED_EDGE('',*,*,#10387,.F.);
#10387 = EDGE_CURVE('NONE',#10187,#10307,#10388,.T.);
#10388 = CIRCLE('',#10389,0.225);
#10389 = AXIS2_PLACEMENT_3D('',#10390,#10391,#10392);
#10390 = CARTESIAN_POINT('',(-4.850000000001,3.299961516403,0.73));
#10391 = DIRECTION('',(0.,0.,1.));
#10392 = DIRECTION('',(1.,0.,-0.));
#10393 = ORIENTED_EDGE('',*,*,#10186,.T.);
#10394 = CYLINDRICAL_SURFACE('',#10395,0.225);
#10395 = AXIS2_PLACEMENT_3D('',#10396,#10397,#10398);
#10396 = CARTESIAN_POINT('',(-4.850000000001,3.299961516403,0.73));
#10397 = DIRECTION('',(-0.,-0.,-1.));
#10398 = DIRECTION('',(-1.,0.,0.));
#10399 = ADVANCED_FACE('NONE',(#10400),#10427,.F.);
#10400 = FACE_BOUND('',#10401,.T.);
#10401 = EDGE_LOOP('NONE',(#10402,#10403,#10404,#10405,#10413,#10421));
#10402 = ORIENTED_EDGE('',*,*,#10194,.F.);
#10403 = ORIENTED_EDGE('',*,*,#10387,.T.);
#10404 = ORIENTED_EDGE('',*,*,#10306,.F.);
#10405 = ORIENTED_EDGE('',*,*,#10406,.F.);
#10406 = EDGE_CURVE('NONE',#10407,#10299,#10409,.T.);
#10407 = VERTEX_POINT('NONE',#10408);
#10408 = CARTESIAN_POINT('',(-4.450000000001,3.7,0.73));
#10409 = LINE('',#10410,#10411);
#10410 = CARTESIAN_POINT('',(-4.850000000001,3.7,0.73));
#10411 = VECTOR('',#10412,1.);
#10412 = DIRECTION('',(-1.,-0.,-0.));
#10413 = ORIENTED_EDGE('',*,*,#10414,.F.);
#10414 = EDGE_CURVE('NONE',#10415,#10407,#10417,.T.);
#10415 = VERTEX_POINT('NONE',#10416);
#10416 = CARTESIAN_POINT('',(-4.450000000001,2.9,0.73));
#10417 = LINE('',#10418,#10419);
#10418 = CARTESIAN_POINT('',(-4.450000000001,3.7,0.73));
#10419 = VECTOR('',#10420,1.);
#10420 = DIRECTION('',(-0.,1.,-0.));
#10421 = ORIENTED_EDGE('',*,*,#10422,.F.);
#10422 = EDGE_CURVE('NONE',#10195,#10415,#10423,.T.);
#10423 = LINE('',#10424,#10425);
#10424 = CARTESIAN_POINT('',(-4.450000000001,2.9,0.73));
#10425 = VECTOR('',#10426,1.);
#10426 = DIRECTION('',(1.,-0.,-0.));
#10427 = PLANE('',#10428);
#10428 = AXIS2_PLACEMENT_3D('',#10429,#10430,#10431);
#10429 = CARTESIAN_POINT('',(-4.850000000001,3.299961516403,0.73));
#10430 = DIRECTION('',(0.,0.,1.));
#10431 = DIRECTION('',(1.,0.,-0.));
#10432 = ADVANCED_FACE('NONE',(#10433),#10458,.F.);
#10433 = FACE_BOUND('',#10434,.T.);
#10434 = EDGE_LOOP('NONE',(#10435,#10436,#10444,#10452));
#10435 = ORIENTED_EDGE('',*,*,#10414,.T.);
#10436 = ORIENTED_EDGE('',*,*,#10437,.F.);
#10437 = EDGE_CURVE('NONE',#10438,#10407,#10440,.T.);
#10438 = VERTEX_POINT('NONE',#10439);
#10439 = CARTESIAN_POINT('',(-4.450000000001,3.7,0.765));
#10440 = LINE('',#10441,#10442);
#10441 = CARTESIAN_POINT('',(-4.450000000001,3.7,0.765));
#10442 = VECTOR('',#10443,1.);
#10443 = DIRECTION('',(-0.,-0.,-1.));
#10444 = ORIENTED_EDGE('',*,*,#10445,.F.);
#10445 = EDGE_CURVE('NONE',#10446,#10438,#10448,.T.);
#10446 = VERTEX_POINT('NONE',#10447);
#10447 = CARTESIAN_POINT('',(-4.450000000001,2.9,0.765));
#10448 = LINE('',#10449,#10450);
#10449 = CARTESIAN_POINT('',(-4.450000000001,3.7,0.765));
#10450 = VECTOR('',#10451,1.);
#10451 = DIRECTION('',(-0.,1.,-0.));
#10452 = ORIENTED_EDGE('',*,*,#10453,.T.);
#10453 = EDGE_CURVE('NONE',#10446,#10415,#10454,.T.);
#10454 = LINE('',#10455,#10456);
#10455 = CARTESIAN_POINT('',(-4.450000000001,2.9,0.765));
#10456 = VECTOR('',#10457,1.);
#10457 = DIRECTION('',(-0.,-0.,-1.));
#10458 = PLANE('',#10459);
#10459 = AXIS2_PLACEMENT_3D('',#10460,#10461,#10462);
#10460 = CARTESIAN_POINT('',(-4.450000000001,3.7,0.765));
#10461 = DIRECTION('',(-1.,0.,0.));
#10462 = DIRECTION('',(0.,0.,1.));
#10463 = ADVANCED_FACE('NONE',(#10464),#10475,.F.);
#10464 = FACE_BOUND('',#10465,.T.);
#10465 = EDGE_LOOP('NONE',(#10466,#10467,#10468,#10474));
#10466 = ORIENTED_EDGE('',*,*,#10406,.T.);
#10467 = ORIENTED_EDGE('',*,*,#10298,.F.);
#10468 = ORIENTED_EDGE('',*,*,#10469,.F.);
#10469 = EDGE_CURVE('NONE',#10438,#10291,#10470,.T.);
#10470 = LINE('',#10471,#10472);
#10471 = CARTESIAN_POINT('',(-4.850000000001,3.7,0.765));
#10472 = VECTOR('',#10473,1.);
#10473 = DIRECTION('',(-1.,-0.,-0.));
#10474 = ORIENTED_EDGE('',*,*,#10437,.T.);
#10475 = PLANE('',#10476);
#10476 = AXIS2_PLACEMENT_3D('',#10477,#10478,#10479);
#10477 = CARTESIAN_POINT('',(-4.850000000001,3.7,0.765));
#10478 = DIRECTION('',(0.,-1.,0.));
#10479 = DIRECTION('',(0.,-0.,-1.));
#10480 = ADVANCED_FACE('NONE',(#10481),#10492,.F.);
#10481 = FACE_BOUND('',#10482,.T.);
#10482 = EDGE_LOOP('NONE',(#10483,#10484,#10485,#10491));
#10483 = ORIENTED_EDGE('',*,*,#10422,.T.);
#10484 = ORIENTED_EDGE('',*,*,#10453,.F.);
#10485 = ORIENTED_EDGE('',*,*,#10486,.F.);
#10486 = EDGE_CURVE('NONE',#10203,#10446,#10487,.T.);
#10487 = LINE('',#10488,#10489);
#10488 = CARTESIAN_POINT('',(-4.450000000001,2.9,0.765));
#10489 = VECTOR('',#10490,1.);
#10490 = DIRECTION('',(1.,-0.,-0.));
#10491 = ORIENTED_EDGE('',*,*,#10202,.T.);
#10492 = PLANE('',#10493);
#10493 = AXIS2_PLACEMENT_3D('',#10494,#10495,#10496);
#10494 = CARTESIAN_POINT('',(-4.450000000001,2.9,0.765));
#10495 = DIRECTION('',(0.,1.,-0.));
#10496 = DIRECTION('',(0.,0.,1.));
#10497 = ADVANCED_FACE('NONE',(#10498),#10507,.T.);
#10498 = FACE_BOUND('',#10499,.T.);
#10499 = EDGE_LOOP('NONE',(#10500,#10501,#10502,#10503,#10504,#10505,
    #10506));
#10500 = ORIENTED_EDGE('',*,*,#10445,.T.);
#10501 = ORIENTED_EDGE('',*,*,#10469,.T.);
#10502 = ORIENTED_EDGE('',*,*,#10290,.T.);
#10503 = ORIENTED_EDGE('',*,*,#10075,.T.);
#10504 = ORIENTED_EDGE('',*,*,#10241,.T.);
#10505 = ORIENTED_EDGE('',*,*,#10210,.T.);
#10506 = ORIENTED_EDGE('',*,*,#10486,.T.);
#10507 = PLANE('',#10508);
#10508 = AXIS2_PLACEMENT_3D('',#10509,#10510,#10511);
#10509 = CARTESIAN_POINT('',(-4.850000000001,3.299961516403,0.765));
#10510 = DIRECTION('',(0.,0.,1.));
#10511 = DIRECTION('',(1.,0.,-0.));
#10512 = MANIFOLD_SOLID_BREP('Aufsatz-Linear austragen13[13]',#10513);
#10513 = CLOSED_SHELL('NONE',(#10514,#10556,#10596,#10627,#10690,#10714,
    #10777,#10799,#10814,#10834,#10852,#10885,#10916,#10933,#10950));
#10514 = ADVANCED_FACE('NONE',(#10515),#10551,.F.);
#10515 = FACE_BOUND('',#10516,.F.);
#10516 = EDGE_LOOP('NONE',(#10517,#10527,#10536,#10544));
#10517 = ORIENTED_EDGE('',*,*,#10518,.T.);
#10518 = EDGE_CURVE('NONE',#10519,#10521,#10523,.T.);
#10519 = VERTEX_POINT('NONE',#10520);
#10520 = CARTESIAN_POINT('',(-4.850000000001,4.599961516403,-3.5E-02));
#10521 = VERTEX_POINT('NONE',#10522);
#10522 = CARTESIAN_POINT('',(-4.850000000001,4.599961516403,0.765));
#10523 = LINE('',#10524,#10525);
#10524 = CARTESIAN_POINT('',(-4.850000000001,4.599961516403,-3.5E-02));
#10525 = VECTOR('',#10526,1.);
#10526 = DIRECTION('',(0.,0.,1.));
#10527 = ORIENTED_EDGE('',*,*,#10528,.T.);
#10528 = EDGE_CURVE('NONE',#10521,#10529,#10531,.T.);
#10529 = VERTEX_POINT('NONE',#10530);
#10530 = CARTESIAN_POINT('',(-4.650000000001,4.399961516403,0.765));
#10531 = CIRCLE('',#10532,0.2);
#10532 = AXIS2_PLACEMENT_3D('',#10533,#10534,#10535);
#10533 = CARTESIAN_POINT('',(-4.850000000001,4.399961516403,0.765));
#10534 = DIRECTION('',(0.,0.,-1.));
#10535 = DIRECTION('',(1.,0.,0.));
#10536 = ORIENTED_EDGE('',*,*,#10537,.F.);
#10537 = EDGE_CURVE('NONE',#10538,#10529,#10540,.T.);
#10538 = VERTEX_POINT('NONE',#10539);
#10539 = CARTESIAN_POINT('',(-4.650000000001,4.399961516403,-3.5E-02));
#10540 = LINE('',#10541,#10542);
#10541 = CARTESIAN_POINT('',(-4.650000000001,4.399961516403,-3.5E-02));
#10542 = VECTOR('',#10543,1.);
#10543 = DIRECTION('',(0.,0.,1.));
#10544 = ORIENTED_EDGE('',*,*,#10545,.F.);
#10545 = EDGE_CURVE('NONE',#10519,#10538,#10546,.T.);
#10546 = CIRCLE('',#10547,0.2);
#10547 = AXIS2_PLACEMENT_3D('',#10548,#10549,#10550);
#10548 = CARTESIAN_POINT('',(-4.850000000001,4.399961516403,-3.5E-02));
#10549 = DIRECTION('',(0.,0.,-1.));
#10550 = DIRECTION('',(1.,0.,0.));
#10551 = CYLINDRICAL_SURFACE('',#10552,0.2);
#10552 = AXIS2_PLACEMENT_3D('',#10553,#10554,#10555);
#10553 = CARTESIAN_POINT('',(-4.850000000001,4.399961516403,-3.5E-02));
#10554 = DIRECTION('',(0.,0.,1.));
#10555 = DIRECTION('',(1.,0.,-0.));
#10556 = ADVANCED_FACE('NONE',(#10557),#10591,.T.);
#10557 = FACE_BOUND('',#10558,.T.);
#10558 = EDGE_LOOP('NONE',(#10559,#10569,#10577,#10585));
#10559 = ORIENTED_EDGE('',*,*,#10560,.F.);
#10560 = EDGE_CURVE('NONE',#10561,#10563,#10565,.T.);
#10561 = VERTEX_POINT('NONE',#10562);
#10562 = CARTESIAN_POINT('',(-3.850000000001,4.05,0.));
#10563 = VERTEX_POINT('NONE',#10564);
#10564 = CARTESIAN_POINT('',(-3.850000000001,4.75,0.));
#10565 = LINE('',#10566,#10567);
#10566 = CARTESIAN_POINT('',(-3.850000000001,4.75,0.));
#10567 = VECTOR('',#10568,1.);
#10568 = DIRECTION('',(-0.,1.,-0.));
#10569 = ORIENTED_EDGE('',*,*,#10570,.F.);
#10570 = EDGE_CURVE('NONE',#10571,#10561,#10573,.T.);
#10571 = VERTEX_POINT('NONE',#10572);
#10572 = CARTESIAN_POINT('',(-3.850000000001,4.05,-3.5E-02));
#10573 = LINE('',#10574,#10575);
#10574 = CARTESIAN_POINT('',(-3.850000000001,4.05,-3.5E-02));
#10575 = VECTOR('',#10576,1.);
#10576 = DIRECTION('',(0.,0.,1.));
#10577 = ORIENTED_EDGE('',*,*,#10578,.T.);
#10578 = EDGE_CURVE('NONE',#10571,#10579,#10581,.T.);
#10579 = VERTEX_POINT('NONE',#10580);
#10580 = CARTESIAN_POINT('',(-3.850000000001,4.75,-3.5E-02));
#10581 = LINE('',#10582,#10583);
#10582 = CARTESIAN_POINT('',(-3.850000000001,4.75,-3.5E-02));
#10583 = VECTOR('',#10584,1.);
#10584 = DIRECTION('',(-0.,1.,-0.));
#10585 = ORIENTED_EDGE('',*,*,#10586,.T.);
#10586 = EDGE_CURVE('NONE',#10579,#10563,#10587,.T.);
#10587 = LINE('',#10588,#10589);
#10588 = CARTESIAN_POINT('',(-3.850000000001,4.75,-3.5E-02));
#10589 = VECTOR('',#10590,1.);
#10590 = DIRECTION('',(0.,0.,1.));
#10591 = PLANE('',#10592);
#10592 = AXIS2_PLACEMENT_3D('',#10593,#10594,#10595);
#10593 = CARTESIAN_POINT('',(-3.850000000001,4.75,-3.5E-02));
#10594 = DIRECTION('',(1.,0.,-0.));
#10595 = DIRECTION('',(-0.,0.,-1.));
#10596 = ADVANCED_FACE('NONE',(#10597),#10622,.T.);
#10597 = FACE_BOUND('',#10598,.T.);
#10598 = EDGE_LOOP('NONE',(#10599,#10607,#10615,#10621));
#10599 = ORIENTED_EDGE('',*,*,#10600,.F.);
#10600 = EDGE_CURVE('NONE',#10601,#10561,#10603,.T.);
#10601 = VERTEX_POINT('NONE',#10602);
#10602 = CARTESIAN_POINT('',(-4.850000000001,4.05,0.));
#10603 = LINE('',#10604,#10605);
#10604 = CARTESIAN_POINT('',(-3.850000000001,4.05,0.));
#10605 = VECTOR('',#10606,1.);
#10606 = DIRECTION('',(1.,-0.,-0.));
#10607 = ORIENTED_EDGE('',*,*,#10608,.F.);
#10608 = EDGE_CURVE('NONE',#10609,#10601,#10611,.T.);
#10609 = VERTEX_POINT('NONE',#10610);
#10610 = CARTESIAN_POINT('',(-4.850000000001,4.05,-3.5E-02));
#10611 = LINE('',#10612,#10613);
#10612 = CARTESIAN_POINT('',(-4.850000000001,4.05,-3.5E-02));
#10613 = VECTOR('',#10614,1.);
#10614 = DIRECTION('',(0.,0.,1.));
#10615 = ORIENTED_EDGE('',*,*,#10616,.T.);
#10616 = EDGE_CURVE('NONE',#10609,#10571,#10617,.T.);
#10617 = LINE('',#10618,#10619);
#10618 = CARTESIAN_POINT('',(-3.850000000001,4.05,-3.5E-02));
#10619 = VECTOR('',#10620,1.);
#10620 = DIRECTION('',(1.,-0.,-0.));
#10621 = ORIENTED_EDGE('',*,*,#10570,.T.);
#10622 = PLANE('',#10623);
#10623 = AXIS2_PLACEMENT_3D('',#10624,#10625,#10626);
#10624 = CARTESIAN_POINT('',(-3.850000000001,4.05,-3.5E-02));
#10625 = DIRECTION('',(0.,-1.,0.));
#10626 = DIRECTION('',(0.,-0.,-1.));
#10627 = ADVANCED_FACE('NONE',(#10628),#10685,.T.);
#10628 = FACE_BOUND('',#10629,.T.);
#10629 = EDGE_LOOP('NONE',(#10630,#10638,#10646,#10654,#10662,#10670,
    #10678,#10684));
#10630 = ORIENTED_EDGE('',*,*,#10631,.F.);
#10631 = EDGE_CURVE('NONE',#10632,#10601,#10634,.T.);
#10632 = VERTEX_POINT('NONE',#10633);
#10633 = CARTESIAN_POINT('',(-4.850000000001,4.174961516403,0.));
#10634 = LINE('',#10635,#10636);
#10635 = CARTESIAN_POINT('',(-4.850000000001,4.199961516403,0.));
#10636 = VECTOR('',#10637,1.);
#10637 = DIRECTION('',(0.,-1.,0.));
#10638 = ORIENTED_EDGE('',*,*,#10639,.F.);
#10639 = EDGE_CURVE('NONE',#10640,#10632,#10642,.T.);
#10640 = VERTEX_POINT('NONE',#10641);
#10641 = CARTESIAN_POINT('',(-4.850000000001,4.174961516403,0.73));
#10642 = LINE('',#10643,#10644);
#10643 = CARTESIAN_POINT('',(-4.850000000001,4.174961516403,0.73));
#10644 = VECTOR('',#10645,1.);
#10645 = DIRECTION('',(-0.,-0.,-1.));
#10646 = ORIENTED_EDGE('',*,*,#10647,.T.);
#10647 = EDGE_CURVE('NONE',#10640,#10648,#10650,.T.);
#10648 = VERTEX_POINT('NONE',#10649);
#10649 = CARTESIAN_POINT('',(-4.850000000001,4.05,0.73));
#10650 = LINE('',#10651,#10652);
#10651 = CARTESIAN_POINT('',(-4.850000000001,4.199961516403,0.73));
#10652 = VECTOR('',#10653,1.);
#10653 = DIRECTION('',(0.,-1.,0.));
#10654 = ORIENTED_EDGE('',*,*,#10655,.F.);
#10655 = EDGE_CURVE('NONE',#10656,#10648,#10658,.T.);
#10656 = VERTEX_POINT('NONE',#10657);
#10657 = CARTESIAN_POINT('',(-4.850000000001,4.05,0.765));
#10658 = LINE('',#10659,#10660);
#10659 = CARTESIAN_POINT('',(-4.850000000001,4.05,0.765));
#10660 = VECTOR('',#10661,1.);
#10661 = DIRECTION('',(-0.,-0.,-1.));
#10662 = ORIENTED_EDGE('',*,*,#10663,.F.);
#10663 = EDGE_CURVE('NONE',#10664,#10656,#10666,.T.);
#10664 = VERTEX_POINT('NONE',#10665);
#10665 = CARTESIAN_POINT('',(-4.850000000001,4.199961516403,0.765));
#10666 = LINE('',#10667,#10668);
#10667 = CARTESIAN_POINT('',(-4.850000000001,4.199961516403,0.765));
#10668 = VECTOR('',#10669,1.);
#10669 = DIRECTION('',(0.,-1.,0.));
#10670 = ORIENTED_EDGE('',*,*,#10671,.F.);
#10671 = EDGE_CURVE('NONE',#10672,#10664,#10674,.T.);
#10672 = VERTEX_POINT('NONE',#10673);
#10673 = CARTESIAN_POINT('',(-4.850000000001,4.199961516403,-3.5E-02));
#10674 = LINE('',#10675,#10676);
#10675 = CARTESIAN_POINT('',(-4.850000000001,4.199961516403,-3.5E-02));
#10676 = VECTOR('',#10677,1.);
#10677 = DIRECTION('',(0.,0.,1.));
#10678 = ORIENTED_EDGE('',*,*,#10679,.T.);
#10679 = EDGE_CURVE('NONE',#10672,#10609,#10680,.T.);
#10680 = LINE('',#10681,#10682);
#10681 = CARTESIAN_POINT('',(-4.850000000001,4.199961516403,-3.5E-02));
#10682 = VECTOR('',#10683,1.);
#10683 = DIRECTION('',(0.,-1.,0.));
#10684 = ORIENTED_EDGE('',*,*,#10608,.T.);
#10685 = PLANE('',#10686);
#10686 = AXIS2_PLACEMENT_3D('',#10687,#10688,#10689);
#10687 = CARTESIAN_POINT('',(-4.850000000001,4.199961516403,-3.5E-02));
#10688 = DIRECTION('',(-1.,0.,0.));
#10689 = DIRECTION('',(0.,0.,1.));
#10690 = ADVANCED_FACE('NONE',(#10691),#10709,.F.);
#10691 = FACE_BOUND('',#10692,.F.);
#10692 = EDGE_LOOP('NONE',(#10693,#10700,#10701,#10708));
#10693 = ORIENTED_EDGE('',*,*,#10694,.T.);
#10694 = EDGE_CURVE('NONE',#10529,#10664,#10695,.T.);
#10695 = CIRCLE('',#10696,0.2);
#10696 = AXIS2_PLACEMENT_3D('',#10697,#10698,#10699);
#10697 = CARTESIAN_POINT('',(-4.850000000001,4.399961516403,0.765));
#10698 = DIRECTION('',(0.,0.,-1.));
#10699 = DIRECTION('',(1.,0.,0.));
#10700 = ORIENTED_EDGE('',*,*,#10671,.F.);
#10701 = ORIENTED_EDGE('',*,*,#10702,.F.);
#10702 = EDGE_CURVE('NONE',#10538,#10672,#10703,.T.);
#10703 = CIRCLE('',#10704,0.2);
#10704 = AXIS2_PLACEMENT_3D('',#10705,#10706,#10707);
#10705 = CARTESIAN_POINT('',(-4.850000000001,4.399961516403,-3.5E-02));
#10706 = DIRECTION('',(0.,0.,-1.));
#10707 = DIRECTION('',(1.,0.,0.));
#10708 = ORIENTED_EDGE('',*,*,#10537,.T.);
#10709 = CYLINDRICAL_SURFACE('',#10710,0.2);
#10710 = AXIS2_PLACEMENT_3D('',#10711,#10712,#10713);
#10711 = CARTESIAN_POINT('',(-4.850000000001,4.399961516403,-3.5E-02));
#10712 = DIRECTION('',(0.,0.,1.));
#10713 = DIRECTION('',(1.,0.,-0.));
#10714 = ADVANCED_FACE('NONE',(#10715),#10772,.T.);
#10715 = FACE_BOUND('',#10716,.T.);
#10716 = EDGE_LOOP('NONE',(#10717,#10727,#10735,#10741,#10742,#10750,
    #10758,#10766));
#10717 = ORIENTED_EDGE('',*,*,#10718,.F.);
#10718 = EDGE_CURVE('NONE',#10719,#10721,#10723,.T.);
#10719 = VERTEX_POINT('NONE',#10720);
#10720 = CARTESIAN_POINT('',(-4.850000000001,4.75,0.));
#10721 = VERTEX_POINT('NONE',#10722);
#10722 = CARTESIAN_POINT('',(-4.850000000001,4.624961516403,0.));
#10723 = LINE('',#10724,#10725);
#10724 = CARTESIAN_POINT('',(-4.850000000001,4.75,0.));
#10725 = VECTOR('',#10726,1.);
#10726 = DIRECTION('',(0.,-1.,0.));
#10727 = ORIENTED_EDGE('',*,*,#10728,.F.);
#10728 = EDGE_CURVE('NONE',#10729,#10719,#10731,.T.);
#10729 = VERTEX_POINT('NONE',#10730);
#10730 = CARTESIAN_POINT('',(-4.850000000001,4.75,-3.5E-02));
#10731 = LINE('',#10732,#10733);
#10732 = CARTESIAN_POINT('',(-4.850000000001,4.75,-3.5E-02));
#10733 = VECTOR('',#10734,1.);
#10734 = DIRECTION('',(0.,0.,1.));
#10735 = ORIENTED_EDGE('',*,*,#10736,.T.);
#10736 = EDGE_CURVE('NONE',#10729,#10519,#10737,.T.);
#10737 = LINE('',#10738,#10739);
#10738 = CARTESIAN_POINT('',(-4.850000000001,4.75,-3.5E-02));
#10739 = VECTOR('',#10740,1.);
#10740 = DIRECTION('',(0.,-1.,0.));
#10741 = ORIENTED_EDGE('',*,*,#10518,.T.);
#10742 = ORIENTED_EDGE('',*,*,#10743,.F.);
#10743 = EDGE_CURVE('NONE',#10744,#10521,#10746,.T.);
#10744 = VERTEX_POINT('NONE',#10745);
#10745 = CARTESIAN_POINT('',(-4.850000000001,4.75,0.765));
#10746 = LINE('',#10747,#10748);
#10747 = CARTESIAN_POINT('',(-4.850000000001,4.75,0.765));
#10748 = VECTOR('',#10749,1.);
#10749 = DIRECTION('',(0.,-1.,0.));
#10750 = ORIENTED_EDGE('',*,*,#10751,.T.);
#10751 = EDGE_CURVE('NONE',#10744,#10752,#10754,.T.);
#10752 = VERTEX_POINT('NONE',#10753);
#10753 = CARTESIAN_POINT('',(-4.850000000001,4.75,0.73));
#10754 = LINE('',#10755,#10756);
#10755 = CARTESIAN_POINT('',(-4.850000000001,4.75,0.765));
#10756 = VECTOR('',#10757,1.);
#10757 = DIRECTION('',(-0.,-0.,-1.));
#10758 = ORIENTED_EDGE('',*,*,#10759,.T.);
#10759 = EDGE_CURVE('NONE',#10752,#10760,#10762,.T.);
#10760 = VERTEX_POINT('NONE',#10761);
#10761 = CARTESIAN_POINT('',(-4.850000000001,4.624961516403,0.73));
#10762 = LINE('',#10763,#10764);
#10763 = CARTESIAN_POINT('',(-4.850000000001,4.75,0.73));
#10764 = VECTOR('',#10765,1.);
#10765 = DIRECTION('',(0.,-1.,0.));
#10766 = ORIENTED_EDGE('',*,*,#10767,.T.);
#10767 = EDGE_CURVE('NONE',#10760,#10721,#10768,.T.);
#10768 = LINE('',#10769,#10770);
#10769 = CARTESIAN_POINT('',(-4.850000000001,4.624961516403,0.73));
#10770 = VECTOR('',#10771,1.);
#10771 = DIRECTION('',(-0.,-0.,-1.));
#10772 = PLANE('',#10773);
#10773 = AXIS2_PLACEMENT_3D('',#10774,#10775,#10776);
#10774 = CARTESIAN_POINT('',(-4.850000000001,4.75,-3.5E-02));
#10775 = DIRECTION('',(-1.,0.,0.));
#10776 = DIRECTION('',(0.,0.,1.));
#10777 = ADVANCED_FACE('NONE',(#10778),#10794,.T.);
#10778 = FACE_BOUND('',#10779,.T.);
#10779 = EDGE_LOOP('NONE',(#10780,#10786,#10787,#10793));
#10780 = ORIENTED_EDGE('',*,*,#10781,.F.);
#10781 = EDGE_CURVE('NONE',#10563,#10719,#10782,.T.);
#10782 = LINE('',#10783,#10784);
#10783 = CARTESIAN_POINT('',(-4.850000000001,4.75,0.));
#10784 = VECTOR('',#10785,1.);
#10785 = DIRECTION('',(-1.,-0.,-0.));
#10786 = ORIENTED_EDGE('',*,*,#10586,.F.);
#10787 = ORIENTED_EDGE('',*,*,#10788,.T.);
#10788 = EDGE_CURVE('NONE',#10579,#10729,#10789,.T.);
#10789 = LINE('',#10790,#10791);
#10790 = CARTESIAN_POINT('',(-4.850000000001,4.75,-3.5E-02));
#10791 = VECTOR('',#10792,1.);
#10792 = DIRECTION('',(-1.,-0.,-0.));
#10793 = ORIENTED_EDGE('',*,*,#10728,.T.);
#10794 = PLANE('',#10795);
#10795 = AXIS2_PLACEMENT_3D('',#10796,#10797,#10798);
#10796 = CARTESIAN_POINT('',(-4.850000000001,4.75,-3.5E-02));
#10797 = DIRECTION('',(0.,1.,0.));
#10798 = DIRECTION('',(0.,-0.,1.));
#10799 = ADVANCED_FACE('NONE',(#10800),#10809,.F.);
#10800 = FACE_BOUND('',#10801,.T.);
#10801 = EDGE_LOOP('NONE',(#10802,#10803,#10804,#10805,#10806,#10807,
    #10808));
#10802 = ORIENTED_EDGE('',*,*,#10578,.F.);
#10803 = ORIENTED_EDGE('',*,*,#10616,.F.);
#10804 = ORIENTED_EDGE('',*,*,#10679,.F.);
#10805 = ORIENTED_EDGE('',*,*,#10702,.F.);
#10806 = ORIENTED_EDGE('',*,*,#10545,.F.);
#10807 = ORIENTED_EDGE('',*,*,#10736,.F.);
#10808 = ORIENTED_EDGE('',*,*,#10788,.F.);
#10809 = PLANE('',#10810);
#10810 = AXIS2_PLACEMENT_3D('',#10811,#10812,#10813);
#10811 = CARTESIAN_POINT('',(-4.850000000001,4.399961516403,-3.5E-02));
#10812 = DIRECTION('',(0.,0.,1.));
#10813 = DIRECTION('',(1.,0.,-0.));
#10814 = ADVANCED_FACE('NONE',(#10815),#10829,.T.);
#10815 = FACE_BOUND('',#10816,.T.);
#10816 = EDGE_LOOP('NONE',(#10817,#10824,#10825,#10826,#10827,#10828));
#10817 = ORIENTED_EDGE('',*,*,#10818,.F.);
#10818 = EDGE_CURVE('NONE',#10632,#10721,#10819,.T.);
#10819 = CIRCLE('',#10820,0.225);
#10820 = AXIS2_PLACEMENT_3D('',#10821,#10822,#10823);
#10821 = CARTESIAN_POINT('',(-4.850000000001,4.399961516403,0.));
#10822 = DIRECTION('',(0.,0.,1.));
#10823 = DIRECTION('',(1.,0.,-0.));
#10824 = ORIENTED_EDGE('',*,*,#10631,.T.);
#10825 = ORIENTED_EDGE('',*,*,#10600,.T.);
#10826 = ORIENTED_EDGE('',*,*,#10560,.T.);
#10827 = ORIENTED_EDGE('',*,*,#10781,.T.);
#10828 = ORIENTED_EDGE('',*,*,#10718,.T.);
#10829 = PLANE('',#10830);
#10830 = AXIS2_PLACEMENT_3D('',#10831,#10832,#10833);
#10831 = CARTESIAN_POINT('',(-4.850000000001,4.399961516403,0.));
#10832 = DIRECTION('',(0.,0.,1.));
#10833 = DIRECTION('',(1.,0.,-0.));
#10834 = ADVANCED_FACE('NONE',(#10835),#10847,.T.);
#10835 = FACE_BOUND('',#10836,.T.);
#10836 = EDGE_LOOP('NONE',(#10837,#10838,#10839,#10846));
#10837 = ORIENTED_EDGE('',*,*,#10818,.T.);
#10838 = ORIENTED_EDGE('',*,*,#10767,.F.);
#10839 = ORIENTED_EDGE('',*,*,#10840,.F.);
#10840 = EDGE_CURVE('NONE',#10640,#10760,#10841,.T.);
#10841 = CIRCLE('',#10842,0.225);
#10842 = AXIS2_PLACEMENT_3D('',#10843,#10844,#10845);
#10843 = CARTESIAN_POINT('',(-4.850000000001,4.399961516403,0.73));
#10844 = DIRECTION('',(0.,0.,1.));
#10845 = DIRECTION('',(1.,0.,-0.));
#10846 = ORIENTED_EDGE('',*,*,#10639,.T.);
#10847 = CYLINDRICAL_SURFACE('',#10848,0.225);
#10848 = AXIS2_PLACEMENT_3D('',#10849,#10850,#10851);
#10849 = CARTESIAN_POINT('',(-4.850000000001,4.399961516403,0.73));
#10850 = DIRECTION('',(-0.,-0.,-1.));
#10851 = DIRECTION('',(-1.,0.,0.));
#10852 = ADVANCED_FACE('NONE',(#10853),#10880,.F.);
#10853 = FACE_BOUND('',#10854,.T.);
#10854 = EDGE_LOOP('NONE',(#10855,#10856,#10857,#10858,#10866,#10874));
#10855 = ORIENTED_EDGE('',*,*,#10647,.F.);
#10856 = ORIENTED_EDGE('',*,*,#10840,.T.);
#10857 = ORIENTED_EDGE('',*,*,#10759,.F.);
#10858 = ORIENTED_EDGE('',*,*,#10859,.F.);
#10859 = EDGE_CURVE('NONE',#10860,#10752,#10862,.T.);
#10860 = VERTEX_POINT('NONE',#10861);
#10861 = CARTESIAN_POINT('',(-4.450000000001,4.75,0.73));
#10862 = LINE('',#10863,#10864);
#10863 = CARTESIAN_POINT('',(-4.850000000001,4.75,0.73));
#10864 = VECTOR('',#10865,1.);
#10865 = DIRECTION('',(-1.,-0.,-0.));
#10866 = ORIENTED_EDGE('',*,*,#10867,.F.);
#10867 = EDGE_CURVE('NONE',#10868,#10860,#10870,.T.);
#10868 = VERTEX_POINT('NONE',#10869);
#10869 = CARTESIAN_POINT('',(-4.450000000001,4.05,0.73));
#10870 = LINE('',#10871,#10872);
#10871 = CARTESIAN_POINT('',(-4.450000000001,4.75,0.73));
#10872 = VECTOR('',#10873,1.);
#10873 = DIRECTION('',(-0.,1.,-0.));
#10874 = ORIENTED_EDGE('',*,*,#10875,.F.);
#10875 = EDGE_CURVE('NONE',#10648,#10868,#10876,.T.);
#10876 = LINE('',#10877,#10878);
#10877 = CARTESIAN_POINT('',(-4.450000000001,4.05,0.73));
#10878 = VECTOR('',#10879,1.);
#10879 = DIRECTION('',(1.,-0.,-0.));
#10880 = PLANE('',#10881);
#10881 = AXIS2_PLACEMENT_3D('',#10882,#10883,#10884);
#10882 = CARTESIAN_POINT('',(-4.850000000001,4.399961516403,0.73));
#10883 = DIRECTION('',(0.,0.,1.));
#10884 = DIRECTION('',(1.,0.,-0.));
#10885 = ADVANCED_FACE('NONE',(#10886),#10911,.F.);
#10886 = FACE_BOUND('',#10887,.T.);
#10887 = EDGE_LOOP('NONE',(#10888,#10889,#10897,#10905));
#10888 = ORIENTED_EDGE('',*,*,#10867,.T.);
#10889 = ORIENTED_EDGE('',*,*,#10890,.F.);
#10890 = EDGE_CURVE('NONE',#10891,#10860,#10893,.T.);
#10891 = VERTEX_POINT('NONE',#10892);
#10892 = CARTESIAN_POINT('',(-4.450000000001,4.75,0.765));
#10893 = LINE('',#10894,#10895);
#10894 = CARTESIAN_POINT('',(-4.450000000001,4.75,0.765));
#10895 = VECTOR('',#10896,1.);
#10896 = DIRECTION('',(-0.,-0.,-1.));
#10897 = ORIENTED_EDGE('',*,*,#10898,.F.);
#10898 = EDGE_CURVE('NONE',#10899,#10891,#10901,.T.);
#10899 = VERTEX_POINT('NONE',#10900);
#10900 = CARTESIAN_POINT('',(-4.450000000001,4.05,0.765));
#10901 = LINE('',#10902,#10903);
#10902 = CARTESIAN_POINT('',(-4.450000000001,4.75,0.765));
#10903 = VECTOR('',#10904,1.);
#10904 = DIRECTION('',(-0.,1.,-0.));
#10905 = ORIENTED_EDGE('',*,*,#10906,.T.);
#10906 = EDGE_CURVE('NONE',#10899,#10868,#10907,.T.);
#10907 = LINE('',#10908,#10909);
#10908 = CARTESIAN_POINT('',(-4.450000000001,4.05,0.765));
#10909 = VECTOR('',#10910,1.);
#10910 = DIRECTION('',(-0.,-0.,-1.));
#10911 = PLANE('',#10912);
#10912 = AXIS2_PLACEMENT_3D('',#10913,#10914,#10915);
#10913 = CARTESIAN_POINT('',(-4.450000000001,4.75,0.765));
#10914 = DIRECTION('',(-1.,0.,0.));
#10915 = DIRECTION('',(0.,0.,1.));
#10916 = ADVANCED_FACE('NONE',(#10917),#10928,.F.);
#10917 = FACE_BOUND('',#10918,.T.);
#10918 = EDGE_LOOP('NONE',(#10919,#10920,#10921,#10927));
#10919 = ORIENTED_EDGE('',*,*,#10859,.T.);
#10920 = ORIENTED_EDGE('',*,*,#10751,.F.);
#10921 = ORIENTED_EDGE('',*,*,#10922,.F.);
#10922 = EDGE_CURVE('NONE',#10891,#10744,#10923,.T.);
#10923 = LINE('',#10924,#10925);
#10924 = CARTESIAN_POINT('',(-4.850000000001,4.75,0.765));
#10925 = VECTOR('',#10926,1.);
#10926 = DIRECTION('',(-1.,-0.,-0.));
#10927 = ORIENTED_EDGE('',*,*,#10890,.T.);
#10928 = PLANE('',#10929);
#10929 = AXIS2_PLACEMENT_3D('',#10930,#10931,#10932);
#10930 = CARTESIAN_POINT('',(-4.850000000001,4.75,0.765));
#10931 = DIRECTION('',(0.,-1.,0.));
#10932 = DIRECTION('',(0.,-0.,-1.));
#10933 = ADVANCED_FACE('NONE',(#10934),#10945,.F.);
#10934 = FACE_BOUND('',#10935,.T.);
#10935 = EDGE_LOOP('NONE',(#10936,#10937,#10938,#10944));
#10936 = ORIENTED_EDGE('',*,*,#10875,.T.);
#10937 = ORIENTED_EDGE('',*,*,#10906,.F.);
#10938 = ORIENTED_EDGE('',*,*,#10939,.F.);
#10939 = EDGE_CURVE('NONE',#10656,#10899,#10940,.T.);
#10940 = LINE('',#10941,#10942);
#10941 = CARTESIAN_POINT('',(-4.450000000001,4.05,0.765));
#10942 = VECTOR('',#10943,1.);
#10943 = DIRECTION('',(1.,-0.,-0.));
#10944 = ORIENTED_EDGE('',*,*,#10655,.T.);
#10945 = PLANE('',#10946);
#10946 = AXIS2_PLACEMENT_3D('',#10947,#10948,#10949);
#10947 = CARTESIAN_POINT('',(-4.450000000001,4.05,0.765));
#10948 = DIRECTION('',(0.,1.,-0.));
#10949 = DIRECTION('',(0.,0.,1.));
#10950 = ADVANCED_FACE('NONE',(#10951),#10960,.T.);
#10951 = FACE_BOUND('',#10952,.T.);
#10952 = EDGE_LOOP('NONE',(#10953,#10954,#10955,#10956,#10957,#10958,
    #10959));
#10953 = ORIENTED_EDGE('',*,*,#10898,.T.);
#10954 = ORIENTED_EDGE('',*,*,#10922,.T.);
#10955 = ORIENTED_EDGE('',*,*,#10743,.T.);
#10956 = ORIENTED_EDGE('',*,*,#10528,.T.);
#10957 = ORIENTED_EDGE('',*,*,#10694,.T.);
#10958 = ORIENTED_EDGE('',*,*,#10663,.T.);
#10959 = ORIENTED_EDGE('',*,*,#10939,.T.);
#10960 = PLANE('',#10961);
#10961 = AXIS2_PLACEMENT_3D('',#10962,#10963,#10964);
#10962 = CARTESIAN_POINT('',(-4.850000000001,4.399961516403,0.765));
#10963 = DIRECTION('',(0.,0.,1.));
#10964 = DIRECTION('',(1.,0.,-0.));
#10965 = MANIFOLD_SOLID_BREP('Aufsatz-Linear austragen13[14]',#10966);
#10966 = CLOSED_SHELL('NONE',(#10967,#11009,#11049,#11080,#11143,#11167,
    #11230,#11252,#11267,#11287,#11305,#11338,#11369,#11386,#11403));
#10967 = ADVANCED_FACE('NONE',(#10968),#11004,.F.);
#10968 = FACE_BOUND('',#10969,.F.);
#10969 = EDGE_LOOP('NONE',(#10970,#10980,#10989,#10997));
#10970 = ORIENTED_EDGE('',*,*,#10971,.T.);
#10971 = EDGE_CURVE('NONE',#10972,#10974,#10976,.T.);
#10972 = VERTEX_POINT('NONE',#10973);
#10973 = CARTESIAN_POINT('',(-4.850000000001,0.199961516403,-3.5E-02));
#10974 = VERTEX_POINT('NONE',#10975);
#10975 = CARTESIAN_POINT('',(-4.850000000001,0.199961516403,0.765));
#10976 = LINE('',#10977,#10978);
#10977 = CARTESIAN_POINT('',(-4.850000000001,0.199961516403,-3.5E-02));
#10978 = VECTOR('',#10979,1.);
#10979 = DIRECTION('',(0.,0.,1.));
#10980 = ORIENTED_EDGE('',*,*,#10981,.T.);
#10981 = EDGE_CURVE('NONE',#10974,#10982,#10984,.T.);
#10982 = VERTEX_POINT('NONE',#10983);
#10983 = CARTESIAN_POINT('',(-4.650000000001,-3.8483596752E-05,0.765));
#10984 = CIRCLE('',#10985,0.2);
#10985 = AXIS2_PLACEMENT_3D('',#10986,#10987,#10988);
#10986 = CARTESIAN_POINT('',(-4.850000000001,-3.8483596752E-05,0.765));
#10987 = DIRECTION('',(0.,0.,-1.));
#10988 = DIRECTION('',(1.,0.,0.));
#10989 = ORIENTED_EDGE('',*,*,#10990,.F.);
#10990 = EDGE_CURVE('NONE',#10991,#10982,#10993,.T.);
#10991 = VERTEX_POINT('NONE',#10992);
#10992 = CARTESIAN_POINT('',(-4.650000000001,-3.8483596752E-05,-3.5E-02)
  );
#10993 = LINE('',#10994,#10995);
#10994 = CARTESIAN_POINT('',(-4.650000000001,-3.8483596752E-05,-3.5E-02)
  );
#10995 = VECTOR('',#10996,1.);
#10996 = DIRECTION('',(0.,0.,1.));
#10997 = ORIENTED_EDGE('',*,*,#10998,.F.);
#10998 = EDGE_CURVE('NONE',#10972,#10991,#10999,.T.);
#10999 = CIRCLE('',#11000,0.2);
#11000 = AXIS2_PLACEMENT_3D('',#11001,#11002,#11003);
#11001 = CARTESIAN_POINT('',(-4.850000000001,-3.8483596752E-05,-3.5E-02)
  );
#11002 = DIRECTION('',(0.,0.,-1.));
#11003 = DIRECTION('',(1.,0.,0.));
#11004 = CYLINDRICAL_SURFACE('',#11005,0.2);
#11005 = AXIS2_PLACEMENT_3D('',#11006,#11007,#11008);
#11006 = CARTESIAN_POINT('',(-4.850000000001,-3.8483596752E-05,-3.5E-02)
  );
#11007 = DIRECTION('',(0.,0.,1.));
#11008 = DIRECTION('',(1.,0.,-0.));
#11009 = ADVANCED_FACE('NONE',(#11010),#11044,.T.);
#11010 = FACE_BOUND('',#11011,.T.);
#11011 = EDGE_LOOP('NONE',(#11012,#11022,#11030,#11038));
#11012 = ORIENTED_EDGE('',*,*,#11013,.F.);
#11013 = EDGE_CURVE('NONE',#11014,#11016,#11018,.T.);
#11014 = VERTEX_POINT('NONE',#11015);
#11015 = CARTESIAN_POINT('',(-3.850000000001,-0.4,0.));
#11016 = VERTEX_POINT('NONE',#11017);
#11017 = CARTESIAN_POINT('',(-3.850000000001,0.4,0.));
#11018 = LINE('',#11019,#11020);
#11019 = CARTESIAN_POINT('',(-3.850000000001,0.4,0.));
#11020 = VECTOR('',#11021,1.);
#11021 = DIRECTION('',(-0.,1.,-0.));
#11022 = ORIENTED_EDGE('',*,*,#11023,.F.);
#11023 = EDGE_CURVE('NONE',#11024,#11014,#11026,.T.);
#11024 = VERTEX_POINT('NONE',#11025);
#11025 = CARTESIAN_POINT('',(-3.850000000001,-0.4,-3.5E-02));
#11026 = LINE('',#11027,#11028);
#11027 = CARTESIAN_POINT('',(-3.850000000001,-0.4,-3.5E-02));
#11028 = VECTOR('',#11029,1.);
#11029 = DIRECTION('',(0.,0.,1.));
#11030 = ORIENTED_EDGE('',*,*,#11031,.T.);
#11031 = EDGE_CURVE('NONE',#11024,#11032,#11034,.T.);
#11032 = VERTEX_POINT('NONE',#11033);
#11033 = CARTESIAN_POINT('',(-3.850000000001,0.4,-3.5E-02));
#11034 = LINE('',#11035,#11036);
#11035 = CARTESIAN_POINT('',(-3.850000000001,0.4,-3.5E-02));
#11036 = VECTOR('',#11037,1.);
#11037 = DIRECTION('',(-0.,1.,-0.));
#11038 = ORIENTED_EDGE('',*,*,#11039,.T.);
#11039 = EDGE_CURVE('NONE',#11032,#11016,#11040,.T.);
#11040 = LINE('',#11041,#11042);
#11041 = CARTESIAN_POINT('',(-3.850000000001,0.4,-3.5E-02));
#11042 = VECTOR('',#11043,1.);
#11043 = DIRECTION('',(0.,0.,1.));
#11044 = PLANE('',#11045);
#11045 = AXIS2_PLACEMENT_3D('',#11046,#11047,#11048);
#11046 = CARTESIAN_POINT('',(-3.850000000001,0.4,-3.5E-02));
#11047 = DIRECTION('',(1.,0.,-0.));
#11048 = DIRECTION('',(-0.,0.,-1.));
#11049 = ADVANCED_FACE('NONE',(#11050),#11075,.T.);
#11050 = FACE_BOUND('',#11051,.T.);
#11051 = EDGE_LOOP('NONE',(#11052,#11060,#11068,#11074));
#11052 = ORIENTED_EDGE('',*,*,#11053,.F.);
#11053 = EDGE_CURVE('NONE',#11054,#11014,#11056,.T.);
#11054 = VERTEX_POINT('NONE',#11055);
#11055 = CARTESIAN_POINT('',(-4.850000000001,-0.4,0.));
#11056 = LINE('',#11057,#11058);
#11057 = CARTESIAN_POINT('',(-3.850000000001,-0.4,0.));
#11058 = VECTOR('',#11059,1.);
#11059 = DIRECTION('',(1.,-0.,-0.));
#11060 = ORIENTED_EDGE('',*,*,#11061,.F.);
#11061 = EDGE_CURVE('NONE',#11062,#11054,#11064,.T.);
#11062 = VERTEX_POINT('NONE',#11063);
#11063 = CARTESIAN_POINT('',(-4.850000000001,-0.4,-3.5E-02));
#11064 = LINE('',#11065,#11066);
#11065 = CARTESIAN_POINT('',(-4.850000000001,-0.4,-3.5E-02));
#11066 = VECTOR('',#11067,1.);
#11067 = DIRECTION('',(0.,0.,1.));
#11068 = ORIENTED_EDGE('',*,*,#11069,.T.);
#11069 = EDGE_CURVE('NONE',#11062,#11024,#11070,.T.);
#11070 = LINE('',#11071,#11072);
#11071 = CARTESIAN_POINT('',(-3.850000000001,-0.4,-3.5E-02));
#11072 = VECTOR('',#11073,1.);
#11073 = DIRECTION('',(1.,-0.,-0.));
#11074 = ORIENTED_EDGE('',*,*,#11023,.T.);
#11075 = PLANE('',#11076);
#11076 = AXIS2_PLACEMENT_3D('',#11077,#11078,#11079);
#11077 = CARTESIAN_POINT('',(-3.850000000001,-0.4,-3.5E-02));
#11078 = DIRECTION('',(0.,-1.,0.));
#11079 = DIRECTION('',(0.,-0.,-1.));
#11080 = ADVANCED_FACE('NONE',(#11081),#11138,.T.);
#11081 = FACE_BOUND('',#11082,.T.);
#11082 = EDGE_LOOP('NONE',(#11083,#11091,#11099,#11107,#11115,#11123,
    #11131,#11137));
#11083 = ORIENTED_EDGE('',*,*,#11084,.F.);
#11084 = EDGE_CURVE('NONE',#11085,#11054,#11087,.T.);
#11085 = VERTEX_POINT('NONE',#11086);
#11086 = CARTESIAN_POINT('',(-4.850000000001,-0.225038483597,0.));
#11087 = LINE('',#11088,#11089);
#11088 = CARTESIAN_POINT('',(-4.850000000001,-0.200038483597,0.));
#11089 = VECTOR('',#11090,1.);
#11090 = DIRECTION('',(0.,-1.,0.));
#11091 = ORIENTED_EDGE('',*,*,#11092,.F.);
#11092 = EDGE_CURVE('NONE',#11093,#11085,#11095,.T.);
#11093 = VERTEX_POINT('NONE',#11094);
#11094 = CARTESIAN_POINT('',(-4.850000000001,-0.225038483597,0.73));
#11095 = LINE('',#11096,#11097);
#11096 = CARTESIAN_POINT('',(-4.850000000001,-0.225038483597,0.73));
#11097 = VECTOR('',#11098,1.);
#11098 = DIRECTION('',(-0.,-0.,-1.));
#11099 = ORIENTED_EDGE('',*,*,#11100,.T.);
#11100 = EDGE_CURVE('NONE',#11093,#11101,#11103,.T.);
#11101 = VERTEX_POINT('NONE',#11102);
#11102 = CARTESIAN_POINT('',(-4.850000000001,-0.4,0.73));
#11103 = LINE('',#11104,#11105);
#11104 = CARTESIAN_POINT('',(-4.850000000001,-0.200038483597,0.73));
#11105 = VECTOR('',#11106,1.);
#11106 = DIRECTION('',(0.,-1.,0.));
#11107 = ORIENTED_EDGE('',*,*,#11108,.F.);
#11108 = EDGE_CURVE('NONE',#11109,#11101,#11111,.T.);
#11109 = VERTEX_POINT('NONE',#11110);
#11110 = CARTESIAN_POINT('',(-4.850000000001,-0.4,0.765));
#11111 = LINE('',#11112,#11113);
#11112 = CARTESIAN_POINT('',(-4.850000000001,-0.4,0.765));
#11113 = VECTOR('',#11114,1.);
#11114 = DIRECTION('',(-0.,-0.,-1.));
#11115 = ORIENTED_EDGE('',*,*,#11116,.F.);
#11116 = EDGE_CURVE('NONE',#11117,#11109,#11119,.T.);
#11117 = VERTEX_POINT('NONE',#11118);
#11118 = CARTESIAN_POINT('',(-4.850000000001,-0.200038483597,0.765));
#11119 = LINE('',#11120,#11121);
#11120 = CARTESIAN_POINT('',(-4.850000000001,-0.200038483597,0.765));
#11121 = VECTOR('',#11122,1.);
#11122 = DIRECTION('',(0.,-1.,0.));
#11123 = ORIENTED_EDGE('',*,*,#11124,.F.);
#11124 = EDGE_CURVE('NONE',#11125,#11117,#11127,.T.);
#11125 = VERTEX_POINT('NONE',#11126);
#11126 = CARTESIAN_POINT('',(-4.850000000001,-0.200038483597,-3.5E-02));
#11127 = LINE('',#11128,#11129);
#11128 = CARTESIAN_POINT('',(-4.850000000001,-0.200038483597,-3.5E-02));
#11129 = VECTOR('',#11130,1.);
#11130 = DIRECTION('',(0.,0.,1.));
#11131 = ORIENTED_EDGE('',*,*,#11132,.T.);
#11132 = EDGE_CURVE('NONE',#11125,#11062,#11133,.T.);
#11133 = LINE('',#11134,#11135);
#11134 = CARTESIAN_POINT('',(-4.850000000001,-0.200038483597,-3.5E-02));
#11135 = VECTOR('',#11136,1.);
#11136 = DIRECTION('',(0.,-1.,0.));
#11137 = ORIENTED_EDGE('',*,*,#11061,.T.);
#11138 = PLANE('',#11139);
#11139 = AXIS2_PLACEMENT_3D('',#11140,#11141,#11142);
#11140 = CARTESIAN_POINT('',(-4.850000000001,-0.200038483597,-3.5E-02));
#11141 = DIRECTION('',(-1.,0.,0.));
#11142 = DIRECTION('',(0.,0.,1.));
#11143 = ADVANCED_FACE('NONE',(#11144),#11162,.F.);
#11144 = FACE_BOUND('',#11145,.F.);
#11145 = EDGE_LOOP('NONE',(#11146,#11153,#11154,#11161));
#11146 = ORIENTED_EDGE('',*,*,#11147,.T.);
#11147 = EDGE_CURVE('NONE',#10982,#11117,#11148,.T.);
#11148 = CIRCLE('',#11149,0.2);
#11149 = AXIS2_PLACEMENT_3D('',#11150,#11151,#11152);
#11150 = CARTESIAN_POINT('',(-4.850000000001,-3.8483596752E-05,0.765));
#11151 = DIRECTION('',(0.,0.,-1.));
#11152 = DIRECTION('',(1.,0.,0.));
#11153 = ORIENTED_EDGE('',*,*,#11124,.F.);
#11154 = ORIENTED_EDGE('',*,*,#11155,.F.);
#11155 = EDGE_CURVE('NONE',#10991,#11125,#11156,.T.);
#11156 = CIRCLE('',#11157,0.2);
#11157 = AXIS2_PLACEMENT_3D('',#11158,#11159,#11160);
#11158 = CARTESIAN_POINT('',(-4.850000000001,-3.8483596752E-05,-3.5E-02)
  );
#11159 = DIRECTION('',(0.,0.,-1.));
#11160 = DIRECTION('',(1.,0.,0.));
#11161 = ORIENTED_EDGE('',*,*,#10990,.T.);
#11162 = CYLINDRICAL_SURFACE('',#11163,0.2);
#11163 = AXIS2_PLACEMENT_3D('',#11164,#11165,#11166);
#11164 = CARTESIAN_POINT('',(-4.850000000001,-3.8483596752E-05,-3.5E-02)
  );
#11165 = DIRECTION('',(0.,0.,1.));
#11166 = DIRECTION('',(1.,0.,-0.));
#11167 = ADVANCED_FACE('NONE',(#11168),#11225,.T.);
#11168 = FACE_BOUND('',#11169,.T.);
#11169 = EDGE_LOOP('NONE',(#11170,#11180,#11188,#11194,#11195,#11203,
    #11211,#11219));
#11170 = ORIENTED_EDGE('',*,*,#11171,.F.);
#11171 = EDGE_CURVE('NONE',#11172,#11174,#11176,.T.);
#11172 = VERTEX_POINT('NONE',#11173);
#11173 = CARTESIAN_POINT('',(-4.850000000001,0.4,0.));
#11174 = VERTEX_POINT('NONE',#11175);
#11175 = CARTESIAN_POINT('',(-4.850000000001,0.224961516403,0.));
#11176 = LINE('',#11177,#11178);
#11177 = CARTESIAN_POINT('',(-4.850000000001,0.4,0.));
#11178 = VECTOR('',#11179,1.);
#11179 = DIRECTION('',(0.,-1.,0.));
#11180 = ORIENTED_EDGE('',*,*,#11181,.F.);
#11181 = EDGE_CURVE('NONE',#11182,#11172,#11184,.T.);
#11182 = VERTEX_POINT('NONE',#11183);
#11183 = CARTESIAN_POINT('',(-4.850000000001,0.4,-3.5E-02));
#11184 = LINE('',#11185,#11186);
#11185 = CARTESIAN_POINT('',(-4.850000000001,0.4,-3.5E-02));
#11186 = VECTOR('',#11187,1.);
#11187 = DIRECTION('',(0.,0.,1.));
#11188 = ORIENTED_EDGE('',*,*,#11189,.T.);
#11189 = EDGE_CURVE('NONE',#11182,#10972,#11190,.T.);
#11190 = LINE('',#11191,#11192);
#11191 = CARTESIAN_POINT('',(-4.850000000001,0.4,-3.5E-02));
#11192 = VECTOR('',#11193,1.);
#11193 = DIRECTION('',(0.,-1.,0.));
#11194 = ORIENTED_EDGE('',*,*,#10971,.T.);
#11195 = ORIENTED_EDGE('',*,*,#11196,.F.);
#11196 = EDGE_CURVE('NONE',#11197,#10974,#11199,.T.);
#11197 = VERTEX_POINT('NONE',#11198);
#11198 = CARTESIAN_POINT('',(-4.850000000001,0.4,0.765));
#11199 = LINE('',#11200,#11201);
#11200 = CARTESIAN_POINT('',(-4.850000000001,0.4,0.765));
#11201 = VECTOR('',#11202,1.);
#11202 = DIRECTION('',(0.,-1.,0.));
#11203 = ORIENTED_EDGE('',*,*,#11204,.T.);
#11204 = EDGE_CURVE('NONE',#11197,#11205,#11207,.T.);
#11205 = VERTEX_POINT('NONE',#11206);
#11206 = CARTESIAN_POINT('',(-4.850000000001,0.4,0.73));
#11207 = LINE('',#11208,#11209);
#11208 = CARTESIAN_POINT('',(-4.850000000001,0.4,0.765));
#11209 = VECTOR('',#11210,1.);
#11210 = DIRECTION('',(-0.,-0.,-1.));
#11211 = ORIENTED_EDGE('',*,*,#11212,.T.);
#11212 = EDGE_CURVE('NONE',#11205,#11213,#11215,.T.);
#11213 = VERTEX_POINT('NONE',#11214);
#11214 = CARTESIAN_POINT('',(-4.850000000001,0.224961516403,0.73));
#11215 = LINE('',#11216,#11217);
#11216 = CARTESIAN_POINT('',(-4.850000000001,0.4,0.73));
#11217 = VECTOR('',#11218,1.);
#11218 = DIRECTION('',(0.,-1.,0.));
#11219 = ORIENTED_EDGE('',*,*,#11220,.T.);
#11220 = EDGE_CURVE('NONE',#11213,#11174,#11221,.T.);
#11221 = LINE('',#11222,#11223);
#11222 = CARTESIAN_POINT('',(-4.850000000001,0.224961516403,0.73));
#11223 = VECTOR('',#11224,1.);
#11224 = DIRECTION('',(-0.,-0.,-1.));
#11225 = PLANE('',#11226);
#11226 = AXIS2_PLACEMENT_3D('',#11227,#11228,#11229);
#11227 = CARTESIAN_POINT('',(-4.850000000001,0.4,-3.5E-02));
#11228 = DIRECTION('',(-1.,0.,0.));
#11229 = DIRECTION('',(0.,0.,1.));
#11230 = ADVANCED_FACE('NONE',(#11231),#11247,.T.);
#11231 = FACE_BOUND('',#11232,.T.);
#11232 = EDGE_LOOP('NONE',(#11233,#11239,#11240,#11246));
#11233 = ORIENTED_EDGE('',*,*,#11234,.F.);
#11234 = EDGE_CURVE('NONE',#11016,#11172,#11235,.T.);
#11235 = LINE('',#11236,#11237);
#11236 = CARTESIAN_POINT('',(-4.850000000001,0.4,0.));
#11237 = VECTOR('',#11238,1.);
#11238 = DIRECTION('',(-1.,-0.,-0.));
#11239 = ORIENTED_EDGE('',*,*,#11039,.F.);
#11240 = ORIENTED_EDGE('',*,*,#11241,.T.);
#11241 = EDGE_CURVE('NONE',#11032,#11182,#11242,.T.);
#11242 = LINE('',#11243,#11244);
#11243 = CARTESIAN_POINT('',(-4.850000000001,0.4,-3.5E-02));
#11244 = VECTOR('',#11245,1.);
#11245 = DIRECTION('',(-1.,-0.,-0.));
#11246 = ORIENTED_EDGE('',*,*,#11181,.T.);
#11247 = PLANE('',#11248);
#11248 = AXIS2_PLACEMENT_3D('',#11249,#11250,#11251);
#11249 = CARTESIAN_POINT('',(-4.850000000001,0.4,-3.5E-02));
#11250 = DIRECTION('',(0.,1.,0.));
#11251 = DIRECTION('',(0.,-0.,1.));
#11252 = ADVANCED_FACE('NONE',(#11253),#11262,.F.);
#11253 = FACE_BOUND('',#11254,.T.);
#11254 = EDGE_LOOP('NONE',(#11255,#11256,#11257,#11258,#11259,#11260,
    #11261));
#11255 = ORIENTED_EDGE('',*,*,#11031,.F.);
#11256 = ORIENTED_EDGE('',*,*,#11069,.F.);
#11257 = ORIENTED_EDGE('',*,*,#11132,.F.);
#11258 = ORIENTED_EDGE('',*,*,#11155,.F.);
#11259 = ORIENTED_EDGE('',*,*,#10998,.F.);
#11260 = ORIENTED_EDGE('',*,*,#11189,.F.);
#11261 = ORIENTED_EDGE('',*,*,#11241,.F.);
#11262 = PLANE('',#11263);
#11263 = AXIS2_PLACEMENT_3D('',#11264,#11265,#11266);
#11264 = CARTESIAN_POINT('',(-4.850000000001,-3.8483596752E-05,-3.5E-02)
  );
#11265 = DIRECTION('',(0.,0.,1.));
#11266 = DIRECTION('',(1.,0.,-0.));
#11267 = ADVANCED_FACE('NONE',(#11268),#11282,.T.);
#11268 = FACE_BOUND('',#11269,.T.);
#11269 = EDGE_LOOP('NONE',(#11270,#11277,#11278,#11279,#11280,#11281));
#11270 = ORIENTED_EDGE('',*,*,#11271,.F.);
#11271 = EDGE_CURVE('NONE',#11085,#11174,#11272,.T.);
#11272 = CIRCLE('',#11273,0.225);
#11273 = AXIS2_PLACEMENT_3D('',#11274,#11275,#11276);
#11274 = CARTESIAN_POINT('',(-4.850000000001,-3.8483596752E-05,0.));
#11275 = DIRECTION('',(0.,0.,1.));
#11276 = DIRECTION('',(1.,0.,-0.));
#11277 = ORIENTED_EDGE('',*,*,#11084,.T.);
#11278 = ORIENTED_EDGE('',*,*,#11053,.T.);
#11279 = ORIENTED_EDGE('',*,*,#11013,.T.);
#11280 = ORIENTED_EDGE('',*,*,#11234,.T.);
#11281 = ORIENTED_EDGE('',*,*,#11171,.T.);
#11282 = PLANE('',#11283);
#11283 = AXIS2_PLACEMENT_3D('',#11284,#11285,#11286);
#11284 = CARTESIAN_POINT('',(-4.850000000001,-3.8483596752E-05,0.));
#11285 = DIRECTION('',(0.,0.,1.));
#11286 = DIRECTION('',(1.,0.,-0.));
#11287 = ADVANCED_FACE('NONE',(#11288),#11300,.T.);
#11288 = FACE_BOUND('',#11289,.T.);
#11289 = EDGE_LOOP('NONE',(#11290,#11291,#11292,#11299));
#11290 = ORIENTED_EDGE('',*,*,#11271,.T.);
#11291 = ORIENTED_EDGE('',*,*,#11220,.F.);
#11292 = ORIENTED_EDGE('',*,*,#11293,.F.);
#11293 = EDGE_CURVE('NONE',#11093,#11213,#11294,.T.);
#11294 = CIRCLE('',#11295,0.225);
#11295 = AXIS2_PLACEMENT_3D('',#11296,#11297,#11298);
#11296 = CARTESIAN_POINT('',(-4.850000000001,-3.8483596752E-05,0.73));
#11297 = DIRECTION('',(0.,0.,1.));
#11298 = DIRECTION('',(1.,0.,-0.));
#11299 = ORIENTED_EDGE('',*,*,#11092,.T.);
#11300 = CYLINDRICAL_SURFACE('',#11301,0.225);
#11301 = AXIS2_PLACEMENT_3D('',#11302,#11303,#11304);
#11302 = CARTESIAN_POINT('',(-4.850000000001,-3.8483596752E-05,0.73));
#11303 = DIRECTION('',(-0.,-0.,-1.));
#11304 = DIRECTION('',(-1.,0.,0.));
#11305 = ADVANCED_FACE('NONE',(#11306),#11333,.F.);
#11306 = FACE_BOUND('',#11307,.T.);
#11307 = EDGE_LOOP('NONE',(#11308,#11309,#11310,#11311,#11319,#11327));
#11308 = ORIENTED_EDGE('',*,*,#11100,.F.);
#11309 = ORIENTED_EDGE('',*,*,#11293,.T.);
#11310 = ORIENTED_EDGE('',*,*,#11212,.F.);
#11311 = ORIENTED_EDGE('',*,*,#11312,.F.);
#11312 = EDGE_CURVE('NONE',#11313,#11205,#11315,.T.);
#11313 = VERTEX_POINT('NONE',#11314);
#11314 = CARTESIAN_POINT('',(-4.450000000001,0.4,0.73));
#11315 = LINE('',#11316,#11317);
#11316 = CARTESIAN_POINT('',(-4.850000000001,0.4,0.73));
#11317 = VECTOR('',#11318,1.);
#11318 = DIRECTION('',(-1.,-0.,-0.));
#11319 = ORIENTED_EDGE('',*,*,#11320,.F.);
#11320 = EDGE_CURVE('NONE',#11321,#11313,#11323,.T.);
#11321 = VERTEX_POINT('NONE',#11322);
#11322 = CARTESIAN_POINT('',(-4.450000000001,-0.4,0.73));
#11323 = LINE('',#11324,#11325);
#11324 = CARTESIAN_POINT('',(-4.450000000001,0.4,0.73));
#11325 = VECTOR('',#11326,1.);
#11326 = DIRECTION('',(-0.,1.,-0.));
#11327 = ORIENTED_EDGE('',*,*,#11328,.F.);
#11328 = EDGE_CURVE('NONE',#11101,#11321,#11329,.T.);
#11329 = LINE('',#11330,#11331);
#11330 = CARTESIAN_POINT('',(-4.450000000001,-0.4,0.73));
#11331 = VECTOR('',#11332,1.);
#11332 = DIRECTION('',(1.,-0.,-0.));
#11333 = PLANE('',#11334);
#11334 = AXIS2_PLACEMENT_3D('',#11335,#11336,#11337);
#11335 = CARTESIAN_POINT('',(-4.850000000001,-3.8483596752E-05,0.73));
#11336 = DIRECTION('',(0.,0.,1.));
#11337 = DIRECTION('',(1.,0.,-0.));
#11338 = ADVANCED_FACE('NONE',(#11339),#11364,.F.);
#11339 = FACE_BOUND('',#11340,.T.);
#11340 = EDGE_LOOP('NONE',(#11341,#11342,#11350,#11358));
#11341 = ORIENTED_EDGE('',*,*,#11320,.T.);
#11342 = ORIENTED_EDGE('',*,*,#11343,.F.);
#11343 = EDGE_CURVE('NONE',#11344,#11313,#11346,.T.);
#11344 = VERTEX_POINT('NONE',#11345);
#11345 = CARTESIAN_POINT('',(-4.450000000001,0.4,0.765));
#11346 = LINE('',#11347,#11348);
#11347 = CARTESIAN_POINT('',(-4.450000000001,0.4,0.765));
#11348 = VECTOR('',#11349,1.);
#11349 = DIRECTION('',(-0.,-0.,-1.));
#11350 = ORIENTED_EDGE('',*,*,#11351,.F.);
#11351 = EDGE_CURVE('NONE',#11352,#11344,#11354,.T.);
#11352 = VERTEX_POINT('NONE',#11353);
#11353 = CARTESIAN_POINT('',(-4.450000000001,-0.4,0.765));
#11354 = LINE('',#11355,#11356);
#11355 = CARTESIAN_POINT('',(-4.450000000001,0.4,0.765));
#11356 = VECTOR('',#11357,1.);
#11357 = DIRECTION('',(-0.,1.,-0.));
#11358 = ORIENTED_EDGE('',*,*,#11359,.T.);
#11359 = EDGE_CURVE('NONE',#11352,#11321,#11360,.T.);
#11360 = LINE('',#11361,#11362);
#11361 = CARTESIAN_POINT('',(-4.450000000001,-0.4,0.765));
#11362 = VECTOR('',#11363,1.);
#11363 = DIRECTION('',(-0.,-0.,-1.));
#11364 = PLANE('',#11365);
#11365 = AXIS2_PLACEMENT_3D('',#11366,#11367,#11368);
#11366 = CARTESIAN_POINT('',(-4.450000000001,0.4,0.765));
#11367 = DIRECTION('',(-1.,0.,0.));
#11368 = DIRECTION('',(0.,0.,1.));
#11369 = ADVANCED_FACE('NONE',(#11370),#11381,.F.);
#11370 = FACE_BOUND('',#11371,.T.);
#11371 = EDGE_LOOP('NONE',(#11372,#11373,#11374,#11380));
#11372 = ORIENTED_EDGE('',*,*,#11312,.T.);
#11373 = ORIENTED_EDGE('',*,*,#11204,.F.);
#11374 = ORIENTED_EDGE('',*,*,#11375,.F.);
#11375 = EDGE_CURVE('NONE',#11344,#11197,#11376,.T.);
#11376 = LINE('',#11377,#11378);
#11377 = CARTESIAN_POINT('',(-4.850000000001,0.4,0.765));
#11378 = VECTOR('',#11379,1.);
#11379 = DIRECTION('',(-1.,-0.,-0.));
#11380 = ORIENTED_EDGE('',*,*,#11343,.T.);
#11381 = PLANE('',#11382);
#11382 = AXIS2_PLACEMENT_3D('',#11383,#11384,#11385);
#11383 = CARTESIAN_POINT('',(-4.850000000001,0.4,0.765));
#11384 = DIRECTION('',(0.,-1.,0.));
#11385 = DIRECTION('',(0.,-0.,-1.));
#11386 = ADVANCED_FACE('NONE',(#11387),#11398,.F.);
#11387 = FACE_BOUND('',#11388,.T.);
#11388 = EDGE_LOOP('NONE',(#11389,#11390,#11391,#11397));
#11389 = ORIENTED_EDGE('',*,*,#11328,.T.);
#11390 = ORIENTED_EDGE('',*,*,#11359,.F.);
#11391 = ORIENTED_EDGE('',*,*,#11392,.F.);
#11392 = EDGE_CURVE('NONE',#11109,#11352,#11393,.T.);
#11393 = LINE('',#11394,#11395);
#11394 = CARTESIAN_POINT('',(-4.450000000001,-0.4,0.765));
#11395 = VECTOR('',#11396,1.);
#11396 = DIRECTION('',(1.,-0.,-0.));
#11397 = ORIENTED_EDGE('',*,*,#11108,.T.);
#11398 = PLANE('',#11399);
#11399 = AXIS2_PLACEMENT_3D('',#11400,#11401,#11402);
#11400 = CARTESIAN_POINT('',(-4.450000000001,-0.4,0.765));
#11401 = DIRECTION('',(0.,1.,-0.));
#11402 = DIRECTION('',(0.,0.,1.));
#11403 = ADVANCED_FACE('NONE',(#11404),#11413,.T.);
#11404 = FACE_BOUND('',#11405,.T.);
#11405 = EDGE_LOOP('NONE',(#11406,#11407,#11408,#11409,#11410,#11411,
    #11412));
#11406 = ORIENTED_EDGE('',*,*,#11351,.T.);
#11407 = ORIENTED_EDGE('',*,*,#11375,.T.);
#11408 = ORIENTED_EDGE('',*,*,#11196,.T.);
#11409 = ORIENTED_EDGE('',*,*,#10981,.T.);
#11410 = ORIENTED_EDGE('',*,*,#11147,.T.);
#11411 = ORIENTED_EDGE('',*,*,#11116,.T.);
#11412 = ORIENTED_EDGE('',*,*,#11392,.T.);
#11413 = PLANE('',#11414);
#11414 = AXIS2_PLACEMENT_3D('',#11415,#11416,#11417);
#11415 = CARTESIAN_POINT('',(-4.850000000001,-3.8483596752E-05,0.765));
#11416 = DIRECTION('',(0.,0.,1.));
#11417 = DIRECTION('',(1.,0.,-0.));
#11418 = MANIFOLD_SOLID_BREP('Aufsatz-Linear austragen13[15]',#11419);
#11419 = CLOSED_SHELL('NONE',(#11420,#11462,#11518,#11581,#11614,#11661,
    #11685,#11709,#11726,#11740,#11758,#11789,#11820,#11842,#11856));
#11420 = ADVANCED_FACE('NONE',(#11421),#11457,.T.);
#11421 = FACE_BOUND('',#11422,.T.);
#11422 = EDGE_LOOP('NONE',(#11423,#11434,#11442,#11451));
#11423 = ORIENTED_EDGE('',*,*,#11424,.F.);
#11424 = EDGE_CURVE('NONE',#11425,#11427,#11429,.T.);
#11425 = VERTEX_POINT('NONE',#11426);
#11426 = CARTESIAN_POINT('',(4.625000000001,-1.100038483597,0.73));
#11427 = VERTEX_POINT('NONE',#11428);
#11428 = CARTESIAN_POINT('',(4.850000000001,-1.325038483597,0.73));
#11429 = CIRCLE('',#11430,0.225);
#11430 = AXIS2_PLACEMENT_3D('',#11431,#11432,#11433);
#11431 = CARTESIAN_POINT('',(4.850000000001,-1.100038483597,0.73));
#11432 = DIRECTION('',(0.,0.,1.));
#11433 = DIRECTION('',(-1.,0.,0.));
#11434 = ORIENTED_EDGE('',*,*,#11435,.T.);
#11435 = EDGE_CURVE('NONE',#11425,#11436,#11438,.T.);
#11436 = VERTEX_POINT('NONE',#11437);
#11437 = CARTESIAN_POINT('',(4.625000000001,-1.100038483597,0.));
#11438 = LINE('',#11439,#11440);
#11439 = CARTESIAN_POINT('',(4.625000000001,-1.100038483597,0.73));
#11440 = VECTOR('',#11441,1.);
#11441 = DIRECTION('',(-0.,-0.,-1.));
#11442 = ORIENTED_EDGE('',*,*,#11443,.T.);
#11443 = EDGE_CURVE('NONE',#11436,#11444,#11446,.T.);
#11444 = VERTEX_POINT('NONE',#11445);
#11445 = CARTESIAN_POINT('',(4.850000000001,-1.325038483597,0.));
#11446 = CIRCLE('',#11447,0.225);
#11447 = AXIS2_PLACEMENT_3D('',#11448,#11449,#11450);
#11448 = CARTESIAN_POINT('',(4.850000000001,-1.100038483597,0.));
#11449 = DIRECTION('',(0.,0.,1.));
#11450 = DIRECTION('',(-1.,0.,0.));
#11451 = ORIENTED_EDGE('',*,*,#11452,.F.);
#11452 = EDGE_CURVE('NONE',#11427,#11444,#11453,.T.);
#11453 = LINE('',#11454,#11455);
#11454 = CARTESIAN_POINT('',(4.850000000001,-1.325038483597,0.73));
#11455 = VECTOR('',#11456,1.);
#11456 = DIRECTION('',(-0.,-0.,-1.));
#11457 = CYLINDRICAL_SURFACE('',#11458,0.225);
#11458 = AXIS2_PLACEMENT_3D('',#11459,#11460,#11461);
#11459 = CARTESIAN_POINT('',(4.850000000001,-1.100038483597,0.73));
#11460 = DIRECTION('',(-0.,-0.,-1.));
#11461 = DIRECTION('',(-1.,0.,0.));
#11462 = ADVANCED_FACE('NONE',(#11463),#11513,.F.);
#11463 = FACE_BOUND('',#11464,.T.);
#11464 = EDGE_LOOP('NONE',(#11465,#11474,#11482,#11490,#11498,#11506,
    #11512));
#11465 = ORIENTED_EDGE('',*,*,#11466,.F.);
#11466 = EDGE_CURVE('NONE',#11467,#11436,#11469,.T.);
#11467 = VERTEX_POINT('NONE',#11468);
#11468 = CARTESIAN_POINT('',(4.850000000001,-0.875038483597,0.));
#11469 = CIRCLE('',#11470,0.225);
#11470 = AXIS2_PLACEMENT_3D('',#11471,#11472,#11473);
#11471 = CARTESIAN_POINT('',(4.850000000001,-1.100038483597,0.));
#11472 = DIRECTION('',(0.,0.,1.));
#11473 = DIRECTION('',(-1.,0.,0.));
#11474 = ORIENTED_EDGE('',*,*,#11475,.T.);
#11475 = EDGE_CURVE('NONE',#11467,#11476,#11478,.T.);
#11476 = VERTEX_POINT('NONE',#11477);
#11477 = CARTESIAN_POINT('',(4.850000000001,-0.7,0.));
#11478 = LINE('',#11479,#11480);
#11479 = CARTESIAN_POINT('',(4.850000000001,-0.900038483597,0.));
#11480 = VECTOR('',#11481,1.);
#11481 = DIRECTION('',(0.,1.,0.));
#11482 = ORIENTED_EDGE('',*,*,#11483,.T.);
#11483 = EDGE_CURVE('NONE',#11476,#11484,#11486,.T.);
#11484 = VERTEX_POINT('NONE',#11485);
#11485 = CARTESIAN_POINT('',(3.850000000001,-0.7,0.));
#11486 = LINE('',#11487,#11488);
#11487 = CARTESIAN_POINT('',(4.850000000001,-0.7,0.));
#11488 = VECTOR('',#11489,1.);
#11489 = DIRECTION('',(-1.,0.,0.));
#11490 = ORIENTED_EDGE('',*,*,#11491,.T.);
#11491 = EDGE_CURVE('NONE',#11484,#11492,#11494,.T.);
#11492 = VERTEX_POINT('NONE',#11493);
#11493 = CARTESIAN_POINT('',(3.850000000001,-1.5,0.));
#11494 = LINE('',#11495,#11496);
#11495 = CARTESIAN_POINT('',(3.850000000001,-0.7,0.));
#11496 = VECTOR('',#11497,1.);
#11497 = DIRECTION('',(0.,-1.,0.));
#11498 = ORIENTED_EDGE('',*,*,#11499,.T.);
#11499 = EDGE_CURVE('NONE',#11492,#11500,#11502,.T.);
#11500 = VERTEX_POINT('NONE',#11501);
#11501 = CARTESIAN_POINT('',(4.850000000001,-1.5,0.));
#11502 = LINE('',#11503,#11504);
#11503 = CARTESIAN_POINT('',(3.850000000001,-1.5,0.));
#11504 = VECTOR('',#11505,1.);
#11505 = DIRECTION('',(1.,0.,0.));
#11506 = ORIENTED_EDGE('',*,*,#11507,.T.);
#11507 = EDGE_CURVE('NONE',#11500,#11444,#11508,.T.);
#11508 = LINE('',#11509,#11510);
#11509 = CARTESIAN_POINT('',(4.850000000001,-1.5,0.));
#11510 = VECTOR('',#11511,1.);
#11511 = DIRECTION('',(0.,1.,0.));
#11512 = ORIENTED_EDGE('',*,*,#11443,.F.);
#11513 = PLANE('',#11514);
#11514 = AXIS2_PLACEMENT_3D('',#11515,#11516,#11517);
#11515 = CARTESIAN_POINT('',(4.850000000001,-1.100038483597,0.));
#11516 = DIRECTION('',(-0.,0.,-1.));
#11517 = DIRECTION('',(-1.,0.,0.));
#11518 = ADVANCED_FACE('NONE',(#11519),#11576,.T.);
#11519 = FACE_BOUND('',#11520,.T.);
#11520 = EDGE_LOOP('NONE',(#11521,#11522,#11530,#11538,#11546,#11554,
    #11562,#11570));
#11521 = ORIENTED_EDGE('',*,*,#11475,.F.);
#11522 = ORIENTED_EDGE('',*,*,#11523,.F.);
#11523 = EDGE_CURVE('NONE',#11524,#11467,#11526,.T.);
#11524 = VERTEX_POINT('NONE',#11525);
#11525 = CARTESIAN_POINT('',(4.850000000001,-0.875038483597,0.73));
#11526 = LINE('',#11527,#11528);
#11527 = CARTESIAN_POINT('',(4.850000000001,-0.875038483597,0.73));
#11528 = VECTOR('',#11529,1.);
#11529 = DIRECTION('',(-0.,-0.,-1.));
#11530 = ORIENTED_EDGE('',*,*,#11531,.T.);
#11531 = EDGE_CURVE('NONE',#11524,#11532,#11534,.T.);
#11532 = VERTEX_POINT('NONE',#11533);
#11533 = CARTESIAN_POINT('',(4.850000000001,-0.7,0.73));
#11534 = LINE('',#11535,#11536);
#11535 = CARTESIAN_POINT('',(4.850000000001,-0.7,0.73));
#11536 = VECTOR('',#11537,1.);
#11537 = DIRECTION('',(-0.,1.,-0.));
#11538 = ORIENTED_EDGE('',*,*,#11539,.F.);
#11539 = EDGE_CURVE('NONE',#11540,#11532,#11542,.T.);
#11540 = VERTEX_POINT('NONE',#11541);
#11541 = CARTESIAN_POINT('',(4.850000000001,-0.7,0.765));
#11542 = LINE('',#11543,#11544);
#11543 = CARTESIAN_POINT('',(4.850000000001,-0.7,0.765));
#11544 = VECTOR('',#11545,1.);
#11545 = DIRECTION('',(-0.,-0.,-1.));
#11546 = ORIENTED_EDGE('',*,*,#11547,.F.);
#11547 = EDGE_CURVE('NONE',#11548,#11540,#11550,.T.);
#11548 = VERTEX_POINT('NONE',#11549);
#11549 = CARTESIAN_POINT('',(4.850000000001,-0.900038483597,0.765));
#11550 = LINE('',#11551,#11552);
#11551 = CARTESIAN_POINT('',(4.850000000001,-0.7,0.765));
#11552 = VECTOR('',#11553,1.);
#11553 = DIRECTION('',(-0.,1.,-0.));
#11554 = ORIENTED_EDGE('',*,*,#11555,.F.);
#11555 = EDGE_CURVE('NONE',#11556,#11548,#11558,.T.);
#11556 = VERTEX_POINT('NONE',#11557);
#11557 = CARTESIAN_POINT('',(4.850000000001,-0.900038483597,-3.5E-02));
#11558 = LINE('',#11559,#11560);
#11559 = CARTESIAN_POINT('',(4.850000000001,-0.900038483597,-3.5E-02));
#11560 = VECTOR('',#11561,1.);
#11561 = DIRECTION('',(0.,0.,1.));
#11562 = ORIENTED_EDGE('',*,*,#11563,.T.);
#11563 = EDGE_CURVE('NONE',#11556,#11564,#11566,.T.);
#11564 = VERTEX_POINT('NONE',#11565);
#11565 = CARTESIAN_POINT('',(4.850000000001,-0.7,-3.5E-02));
#11566 = LINE('',#11567,#11568);
#11567 = CARTESIAN_POINT('',(4.850000000001,-0.900038483597,-3.5E-02));
#11568 = VECTOR('',#11569,1.);
#11569 = DIRECTION('',(0.,1.,0.));
#11570 = ORIENTED_EDGE('',*,*,#11571,.T.);
#11571 = EDGE_CURVE('NONE',#11564,#11476,#11572,.T.);
#11572 = LINE('',#11573,#11574);
#11573 = CARTESIAN_POINT('',(4.850000000001,-0.7,-3.5E-02));
#11574 = VECTOR('',#11575,1.);
#11575 = DIRECTION('',(0.,0.,1.));
#11576 = PLANE('',#11577);
#11577 = AXIS2_PLACEMENT_3D('',#11578,#11579,#11580);
#11578 = CARTESIAN_POINT('',(4.850000000001,-0.900038483597,-3.5E-02));
#11579 = DIRECTION('',(1.,0.,0.));
#11580 = DIRECTION('',(0.,0.,-1.));
#11581 = ADVANCED_FACE('NONE',(#11582),#11609,.F.);
#11582 = FACE_BOUND('',#11583,.F.);
#11583 = EDGE_LOOP('NONE',(#11584,#11593,#11601,#11608));
#11584 = ORIENTED_EDGE('',*,*,#11585,.F.);
#11585 = EDGE_CURVE('NONE',#11586,#11556,#11588,.T.);
#11586 = VERTEX_POINT('NONE',#11587);
#11587 = CARTESIAN_POINT('',(4.850000000001,-1.300038483597,-3.5E-02));
#11588 = CIRCLE('',#11589,0.2);
#11589 = AXIS2_PLACEMENT_3D('',#11590,#11591,#11592);
#11590 = CARTESIAN_POINT('',(4.850000000001,-1.100038483597,-3.5E-02));
#11591 = DIRECTION('',(-0.,0.,-1.));
#11592 = DIRECTION('',(-1.,0.,0.));
#11593 = ORIENTED_EDGE('',*,*,#11594,.T.);
#11594 = EDGE_CURVE('NONE',#11586,#11595,#11597,.T.);
#11595 = VERTEX_POINT('NONE',#11596);
#11596 = CARTESIAN_POINT('',(4.850000000001,-1.300038483597,0.765));
#11597 = LINE('',#11598,#11599);
#11598 = CARTESIAN_POINT('',(4.850000000001,-1.300038483597,-3.5E-02));
#11599 = VECTOR('',#11600,1.);
#11600 = DIRECTION('',(0.,0.,1.));
#11601 = ORIENTED_EDGE('',*,*,#11602,.T.);
#11602 = EDGE_CURVE('NONE',#11595,#11548,#11603,.T.);
#11603 = CIRCLE('',#11604,0.2);
#11604 = AXIS2_PLACEMENT_3D('',#11605,#11606,#11607);
#11605 = CARTESIAN_POINT('',(4.850000000001,-1.100038483597,0.765));
#11606 = DIRECTION('',(-0.,0.,-1.));
#11607 = DIRECTION('',(-1.,0.,0.));
#11608 = ORIENTED_EDGE('',*,*,#11555,.F.);
#11609 = CYLINDRICAL_SURFACE('',#11610,0.2);
#11610 = AXIS2_PLACEMENT_3D('',#11611,#11612,#11613);
#11611 = CARTESIAN_POINT('',(4.850000000001,-1.100038483597,-3.5E-02));
#11612 = DIRECTION('',(0.,0.,1.));
#11613 = DIRECTION('',(1.,0.,-0.));
#11614 = ADVANCED_FACE('NONE',(#11615),#11656,.T.);
#11615 = FACE_BOUND('',#11616,.T.);
#11616 = EDGE_LOOP('NONE',(#11617,#11618,#11626,#11632,#11633,#11641,
    #11649,#11655));
#11617 = ORIENTED_EDGE('',*,*,#11507,.F.);
#11618 = ORIENTED_EDGE('',*,*,#11619,.F.);
#11619 = EDGE_CURVE('NONE',#11620,#11500,#11622,.T.);
#11620 = VERTEX_POINT('NONE',#11621);
#11621 = CARTESIAN_POINT('',(4.850000000001,-1.5,-3.5E-02));
#11622 = LINE('',#11623,#11624);
#11623 = CARTESIAN_POINT('',(4.850000000001,-1.5,-3.5E-02));
#11624 = VECTOR('',#11625,1.);
#11625 = DIRECTION('',(0.,0.,1.));
#11626 = ORIENTED_EDGE('',*,*,#11627,.T.);
#11627 = EDGE_CURVE('NONE',#11620,#11586,#11628,.T.);
#11628 = LINE('',#11629,#11630);
#11629 = CARTESIAN_POINT('',(4.850000000001,-1.5,-3.5E-02));
#11630 = VECTOR('',#11631,1.);
#11631 = DIRECTION('',(0.,1.,0.));
#11632 = ORIENTED_EDGE('',*,*,#11594,.T.);
#11633 = ORIENTED_EDGE('',*,*,#11634,.F.);
#11634 = EDGE_CURVE('NONE',#11635,#11595,#11637,.T.);
#11635 = VERTEX_POINT('NONE',#11636);
#11636 = CARTESIAN_POINT('',(4.850000000001,-1.5,0.765));
#11637 = LINE('',#11638,#11639);
#11638 = CARTESIAN_POINT('',(4.850000000001,-1.300038483597,0.765));
#11639 = VECTOR('',#11640,1.);
#11640 = DIRECTION('',(-0.,1.,-0.));
#11641 = ORIENTED_EDGE('',*,*,#11642,.T.);
#11642 = EDGE_CURVE('NONE',#11635,#11643,#11645,.T.);
#11643 = VERTEX_POINT('NONE',#11644);
#11644 = CARTESIAN_POINT('',(4.850000000001,-1.5,0.73));
#11645 = LINE('',#11646,#11647);
#11646 = CARTESIAN_POINT('',(4.850000000001,-1.5,0.765));
#11647 = VECTOR('',#11648,1.);
#11648 = DIRECTION('',(-0.,-0.,-1.));
#11649 = ORIENTED_EDGE('',*,*,#11650,.T.);
#11650 = EDGE_CURVE('NONE',#11643,#11427,#11651,.T.);
#11651 = LINE('',#11652,#11653);
#11652 = CARTESIAN_POINT('',(4.850000000001,-1.300038483597,0.73));
#11653 = VECTOR('',#11654,1.);
#11654 = DIRECTION('',(-0.,1.,-0.));
#11655 = ORIENTED_EDGE('',*,*,#11452,.T.);
#11656 = PLANE('',#11657);
#11657 = AXIS2_PLACEMENT_3D('',#11658,#11659,#11660);
#11658 = CARTESIAN_POINT('',(4.850000000001,-1.5,-3.5E-02));
#11659 = DIRECTION('',(1.,0.,0.));
#11660 = DIRECTION('',(0.,0.,-1.));
#11661 = ADVANCED_FACE('NONE',(#11662),#11680,.T.);
#11662 = FACE_BOUND('',#11663,.T.);
#11663 = EDGE_LOOP('NONE',(#11664,#11665,#11673,#11679));
#11664 = ORIENTED_EDGE('',*,*,#11499,.F.);
#11665 = ORIENTED_EDGE('',*,*,#11666,.F.);
#11666 = EDGE_CURVE('NONE',#11667,#11492,#11669,.T.);
#11667 = VERTEX_POINT('NONE',#11668);
#11668 = CARTESIAN_POINT('',(3.850000000001,-1.5,-3.5E-02));
#11669 = LINE('',#11670,#11671);
#11670 = CARTESIAN_POINT('',(3.850000000001,-1.5,-3.5E-02));
#11671 = VECTOR('',#11672,1.);
#11672 = DIRECTION('',(0.,0.,1.));
#11673 = ORIENTED_EDGE('',*,*,#11674,.T.);
#11674 = EDGE_CURVE('NONE',#11667,#11620,#11675,.T.);
#11675 = LINE('',#11676,#11677);
#11676 = CARTESIAN_POINT('',(3.850000000001,-1.5,-3.5E-02));
#11677 = VECTOR('',#11678,1.);
#11678 = DIRECTION('',(1.,0.,0.));
#11679 = ORIENTED_EDGE('',*,*,#11619,.T.);
#11680 = PLANE('',#11681);
#11681 = AXIS2_PLACEMENT_3D('',#11682,#11683,#11684);
#11682 = CARTESIAN_POINT('',(3.850000000001,-1.5,-3.5E-02));
#11683 = DIRECTION('',(0.,-1.,0.));
#11684 = DIRECTION('',(0.,-0.,-1.));
#11685 = ADVANCED_FACE('NONE',(#11686),#11704,.T.);
#11686 = FACE_BOUND('',#11687,.T.);
#11687 = EDGE_LOOP('NONE',(#11688,#11689,#11697,#11703));
#11688 = ORIENTED_EDGE('',*,*,#11491,.F.);
#11689 = ORIENTED_EDGE('',*,*,#11690,.F.);
#11690 = EDGE_CURVE('NONE',#11691,#11484,#11693,.T.);
#11691 = VERTEX_POINT('NONE',#11692);
#11692 = CARTESIAN_POINT('',(3.850000000001,-0.7,-3.5E-02));
#11693 = LINE('',#11694,#11695);
#11694 = CARTESIAN_POINT('',(3.850000000001,-0.7,-3.5E-02));
#11695 = VECTOR('',#11696,1.);
#11696 = DIRECTION('',(0.,0.,1.));
#11697 = ORIENTED_EDGE('',*,*,#11698,.T.);
#11698 = EDGE_CURVE('NONE',#11691,#11667,#11699,.T.);
#11699 = LINE('',#11700,#11701);
#11700 = CARTESIAN_POINT('',(3.850000000001,-0.7,-3.5E-02));
#11701 = VECTOR('',#11702,1.);
#11702 = DIRECTION('',(0.,-1.,0.));
#11703 = ORIENTED_EDGE('',*,*,#11666,.T.);
#11704 = PLANE('',#11705);
#11705 = AXIS2_PLACEMENT_3D('',#11706,#11707,#11708);
#11706 = CARTESIAN_POINT('',(3.850000000001,-0.7,-3.5E-02));
#11707 = DIRECTION('',(-1.,0.,0.));
#11708 = DIRECTION('',(0.,0.,1.));
#11709 = ADVANCED_FACE('NONE',(#11710),#11721,.T.);
#11710 = FACE_BOUND('',#11711,.T.);
#11711 = EDGE_LOOP('NONE',(#11712,#11713,#11714,#11720));
#11712 = ORIENTED_EDGE('',*,*,#11483,.F.);
#11713 = ORIENTED_EDGE('',*,*,#11571,.F.);
#11714 = ORIENTED_EDGE('',*,*,#11715,.T.);
#11715 = EDGE_CURVE('NONE',#11564,#11691,#11716,.T.);
#11716 = LINE('',#11717,#11718);
#11717 = CARTESIAN_POINT('',(4.850000000001,-0.7,-3.5E-02));
#11718 = VECTOR('',#11719,1.);
#11719 = DIRECTION('',(-1.,0.,0.));
#11720 = ORIENTED_EDGE('',*,*,#11690,.T.);
#11721 = PLANE('',#11722);
#11722 = AXIS2_PLACEMENT_3D('',#11723,#11724,#11725);
#11723 = CARTESIAN_POINT('',(4.850000000001,-0.7,-3.5E-02));
#11724 = DIRECTION('',(0.,1.,-0.));
#11725 = DIRECTION('',(0.,0.,1.));
#11726 = ADVANCED_FACE('NONE',(#11727),#11735,.T.);
#11727 = FACE_BOUND('',#11728,.T.);
#11728 = EDGE_LOOP('NONE',(#11729,#11730,#11731,#11732,#11733,#11734));
#11729 = ORIENTED_EDGE('',*,*,#11563,.F.);
#11730 = ORIENTED_EDGE('',*,*,#11585,.F.);
#11731 = ORIENTED_EDGE('',*,*,#11627,.F.);
#11732 = ORIENTED_EDGE('',*,*,#11674,.F.);
#11733 = ORIENTED_EDGE('',*,*,#11698,.F.);
#11734 = ORIENTED_EDGE('',*,*,#11715,.F.);
#11735 = PLANE('',#11736);
#11736 = AXIS2_PLACEMENT_3D('',#11737,#11738,#11739);
#11737 = CARTESIAN_POINT('',(4.850000000001,-1.100038483597,-3.5E-02));
#11738 = DIRECTION('',(-0.,0.,-1.));
#11739 = DIRECTION('',(-1.,0.,0.));
#11740 = ADVANCED_FACE('NONE',(#11741),#11753,.T.);
#11741 = FACE_BOUND('',#11742,.T.);
#11742 = EDGE_LOOP('NONE',(#11743,#11744,#11751,#11752));
#11743 = ORIENTED_EDGE('',*,*,#11435,.F.);
#11744 = ORIENTED_EDGE('',*,*,#11745,.F.);
#11745 = EDGE_CURVE('NONE',#11524,#11425,#11746,.T.);
#11746 = CIRCLE('',#11747,0.225);
#11747 = AXIS2_PLACEMENT_3D('',#11748,#11749,#11750);
#11748 = CARTESIAN_POINT('',(4.850000000001,-1.100038483597,0.73));
#11749 = DIRECTION('',(0.,0.,1.));
#11750 = DIRECTION('',(-1.,0.,0.));
#11751 = ORIENTED_EDGE('',*,*,#11523,.T.);
#11752 = ORIENTED_EDGE('',*,*,#11466,.T.);
#11753 = CYLINDRICAL_SURFACE('',#11754,0.225);
#11754 = AXIS2_PLACEMENT_3D('',#11755,#11756,#11757);
#11755 = CARTESIAN_POINT('',(4.850000000001,-1.100038483597,0.73));
#11756 = DIRECTION('',(-0.,-0.,-1.));
#11757 = DIRECTION('',(-1.,0.,0.));
#11758 = ADVANCED_FACE('NONE',(#11759),#11784,.F.);
#11759 = FACE_BOUND('',#11760,.T.);
#11760 = EDGE_LOOP('NONE',(#11761,#11769,#11777,#11783));
#11761 = ORIENTED_EDGE('',*,*,#11762,.T.);
#11762 = EDGE_CURVE('NONE',#11532,#11763,#11765,.T.);
#11763 = VERTEX_POINT('NONE',#11764);
#11764 = CARTESIAN_POINT('',(4.450000000001,-0.7,0.73));
#11765 = LINE('',#11766,#11767);
#11766 = CARTESIAN_POINT('',(4.850000000001,-0.7,0.73));
#11767 = VECTOR('',#11768,1.);
#11768 = DIRECTION('',(-1.,0.,0.));
#11769 = ORIENTED_EDGE('',*,*,#11770,.F.);
#11770 = EDGE_CURVE('NONE',#11771,#11763,#11773,.T.);
#11771 = VERTEX_POINT('NONE',#11772);
#11772 = CARTESIAN_POINT('',(4.450000000001,-0.7,0.765));
#11773 = LINE('',#11774,#11775);
#11774 = CARTESIAN_POINT('',(4.450000000001,-0.7,0.765));
#11775 = VECTOR('',#11776,1.);
#11776 = DIRECTION('',(-0.,-0.,-1.));
#11777 = ORIENTED_EDGE('',*,*,#11778,.F.);
#11778 = EDGE_CURVE('NONE',#11540,#11771,#11779,.T.);
#11779 = LINE('',#11780,#11781);
#11780 = CARTESIAN_POINT('',(4.850000000001,-0.7,0.765));
#11781 = VECTOR('',#11782,1.);
#11782 = DIRECTION('',(-1.,0.,0.));
#11783 = ORIENTED_EDGE('',*,*,#11539,.T.);
#11784 = PLANE('',#11785);
#11785 = AXIS2_PLACEMENT_3D('',#11786,#11787,#11788);
#11786 = CARTESIAN_POINT('',(4.850000000001,-0.7,0.765));
#11787 = DIRECTION('',(0.,-1.,0.));
#11788 = DIRECTION('',(0.,-0.,-1.));
#11789 = ADVANCED_FACE('NONE',(#11790),#11815,.F.);
#11790 = FACE_BOUND('',#11791,.T.);
#11791 = EDGE_LOOP('NONE',(#11792,#11800,#11808,#11814));
#11792 = ORIENTED_EDGE('',*,*,#11793,.T.);
#11793 = EDGE_CURVE('NONE',#11763,#11794,#11796,.T.);
#11794 = VERTEX_POINT('NONE',#11795);
#11795 = CARTESIAN_POINT('',(4.450000000001,-1.5,0.73));
#11796 = LINE('',#11797,#11798);
#11797 = CARTESIAN_POINT('',(4.450000000001,-0.7,0.73));
#11798 = VECTOR('',#11799,1.);
#11799 = DIRECTION('',(0.,-1.,0.));
#11800 = ORIENTED_EDGE('',*,*,#11801,.F.);
#11801 = EDGE_CURVE('NONE',#11802,#11794,#11804,.T.);
#11802 = VERTEX_POINT('NONE',#11803);
#11803 = CARTESIAN_POINT('',(4.450000000001,-1.5,0.765));
#11804 = LINE('',#11805,#11806);
#11805 = CARTESIAN_POINT('',(4.450000000001,-1.5,0.765));
#11806 = VECTOR('',#11807,1.);
#11807 = DIRECTION('',(-0.,-0.,-1.));
#11808 = ORIENTED_EDGE('',*,*,#11809,.F.);
#11809 = EDGE_CURVE('NONE',#11771,#11802,#11810,.T.);
#11810 = LINE('',#11811,#11812);
#11811 = CARTESIAN_POINT('',(4.450000000001,-0.7,0.765));
#11812 = VECTOR('',#11813,1.);
#11813 = DIRECTION('',(0.,-1.,0.));
#11814 = ORIENTED_EDGE('',*,*,#11770,.T.);
#11815 = PLANE('',#11816);
#11816 = AXIS2_PLACEMENT_3D('',#11817,#11818,#11819);
#11817 = CARTESIAN_POINT('',(4.450000000001,-0.7,0.765));
#11818 = DIRECTION('',(1.,0.,-0.));
#11819 = DIRECTION('',(-0.,0.,-1.));
#11820 = ADVANCED_FACE('NONE',(#11821),#11837,.F.);
#11821 = FACE_BOUND('',#11822,.T.);
#11822 = EDGE_LOOP('NONE',(#11823,#11829,#11830,#11836));
#11823 = ORIENTED_EDGE('',*,*,#11824,.T.);
#11824 = EDGE_CURVE('NONE',#11794,#11643,#11825,.T.);
#11825 = LINE('',#11826,#11827);
#11826 = CARTESIAN_POINT('',(4.450000000001,-1.5,0.73));
#11827 = VECTOR('',#11828,1.);
#11828 = DIRECTION('',(1.,0.,0.));
#11829 = ORIENTED_EDGE('',*,*,#11642,.F.);
#11830 = ORIENTED_EDGE('',*,*,#11831,.F.);
#11831 = EDGE_CURVE('NONE',#11802,#11635,#11832,.T.);
#11832 = LINE('',#11833,#11834);
#11833 = CARTESIAN_POINT('',(4.450000000001,-1.5,0.765));
#11834 = VECTOR('',#11835,1.);
#11835 = DIRECTION('',(1.,0.,0.));
#11836 = ORIENTED_EDGE('',*,*,#11801,.T.);
#11837 = PLANE('',#11838);
#11838 = AXIS2_PLACEMENT_3D('',#11839,#11840,#11841);
#11839 = CARTESIAN_POINT('',(4.450000000001,-1.5,0.765));
#11840 = DIRECTION('',(0.,1.,0.));
#11841 = DIRECTION('',(0.,-0.,1.));
#11842 = ADVANCED_FACE('NONE',(#11843),#11851,.F.);
#11843 = FACE_BOUND('',#11844,.T.);
#11844 = EDGE_LOOP('NONE',(#11845,#11846,#11847,#11848,#11849,#11850));
#11845 = ORIENTED_EDGE('',*,*,#11602,.T.);
#11846 = ORIENTED_EDGE('',*,*,#11547,.T.);
#11847 = ORIENTED_EDGE('',*,*,#11778,.T.);
#11848 = ORIENTED_EDGE('',*,*,#11809,.T.);
#11849 = ORIENTED_EDGE('',*,*,#11831,.T.);
#11850 = ORIENTED_EDGE('',*,*,#11634,.T.);
#11851 = PLANE('',#11852);
#11852 = AXIS2_PLACEMENT_3D('',#11853,#11854,#11855);
#11853 = CARTESIAN_POINT('',(4.850000000001,-1.100038483597,0.765));
#11854 = DIRECTION('',(-0.,0.,-1.));
#11855 = DIRECTION('',(-1.,0.,0.));
#11856 = ADVANCED_FACE('NONE',(#11857),#11866,.T.);
#11857 = FACE_BOUND('',#11858,.T.);
#11858 = EDGE_LOOP('NONE',(#11859,#11860,#11861,#11862,#11863,#11864,
    #11865));
#11859 = ORIENTED_EDGE('',*,*,#11531,.F.);
#11860 = ORIENTED_EDGE('',*,*,#11745,.T.);
#11861 = ORIENTED_EDGE('',*,*,#11424,.T.);
#11862 = ORIENTED_EDGE('',*,*,#11650,.F.);
#11863 = ORIENTED_EDGE('',*,*,#11824,.F.);
#11864 = ORIENTED_EDGE('',*,*,#11793,.F.);
#11865 = ORIENTED_EDGE('',*,*,#11762,.F.);
#11866 = PLANE('',#11867);
#11867 = AXIS2_PLACEMENT_3D('',#11868,#11869,#11870);
#11868 = CARTESIAN_POINT('',(4.850000000001,-1.100038483597,0.73));
#11869 = DIRECTION('',(-0.,0.,-1.));
#11870 = DIRECTION('',(-1.,0.,0.));
#11871 = MANIFOLD_SOLID_BREP('Aufsatz-Linear austragen13[16]',#11872);
#11872 = CLOSED_SHELL('NONE',(#11873,#11915,#11971,#12034,#12067,#12114,
    #12138,#12162,#12179,#12193,#12211,#12242,#12273,#12295,#12309));
#11873 = ADVANCED_FACE('NONE',(#11874),#11910,.T.);
#11874 = FACE_BOUND('',#11875,.T.);
#11875 = EDGE_LOOP('NONE',(#11876,#11887,#11895,#11904));
#11876 = ORIENTED_EDGE('',*,*,#11877,.F.);
#11877 = EDGE_CURVE('NONE',#11878,#11880,#11882,.T.);
#11878 = VERTEX_POINT('NONE',#11879);
#11879 = CARTESIAN_POINT('',(4.625000000001,-2.200038483597,0.73));
#11880 = VERTEX_POINT('NONE',#11881);
#11881 = CARTESIAN_POINT('',(4.850000000001,-2.425038483597,0.73));
#11882 = CIRCLE('',#11883,0.225);
#11883 = AXIS2_PLACEMENT_3D('',#11884,#11885,#11886);
#11884 = CARTESIAN_POINT('',(4.850000000001,-2.200038483597,0.73));
#11885 = DIRECTION('',(0.,0.,1.));
#11886 = DIRECTION('',(-1.,0.,0.));
#11887 = ORIENTED_EDGE('',*,*,#11888,.T.);
#11888 = EDGE_CURVE('NONE',#11878,#11889,#11891,.T.);
#11889 = VERTEX_POINT('NONE',#11890);
#11890 = CARTESIAN_POINT('',(4.625000000001,-2.200038483597,0.));
#11891 = LINE('',#11892,#11893);
#11892 = CARTESIAN_POINT('',(4.625000000001,-2.200038483597,0.73));
#11893 = VECTOR('',#11894,1.);
#11894 = DIRECTION('',(-0.,-0.,-1.));
#11895 = ORIENTED_EDGE('',*,*,#11896,.T.);
#11896 = EDGE_CURVE('NONE',#11889,#11897,#11899,.T.);
#11897 = VERTEX_POINT('NONE',#11898);
#11898 = CARTESIAN_POINT('',(4.850000000001,-2.425038483597,0.));
#11899 = CIRCLE('',#11900,0.225);
#11900 = AXIS2_PLACEMENT_3D('',#11901,#11902,#11903);
#11901 = CARTESIAN_POINT('',(4.850000000001,-2.200038483597,0.));
#11902 = DIRECTION('',(0.,0.,1.));
#11903 = DIRECTION('',(-1.,0.,0.));
#11904 = ORIENTED_EDGE('',*,*,#11905,.F.);
#11905 = EDGE_CURVE('NONE',#11880,#11897,#11906,.T.);
#11906 = LINE('',#11907,#11908);
#11907 = CARTESIAN_POINT('',(4.850000000001,-2.425038483597,0.73));
#11908 = VECTOR('',#11909,1.);
#11909 = DIRECTION('',(-0.,-0.,-1.));
#11910 = CYLINDRICAL_SURFACE('',#11911,0.225);
#11911 = AXIS2_PLACEMENT_3D('',#11912,#11913,#11914);
#11912 = CARTESIAN_POINT('',(4.850000000001,-2.200038483597,0.73));
#11913 = DIRECTION('',(-0.,-0.,-1.));
#11914 = DIRECTION('',(-1.,0.,0.));
#11915 = ADVANCED_FACE('NONE',(#11916),#11966,.F.);
#11916 = FACE_BOUND('',#11917,.T.);
#11917 = EDGE_LOOP('NONE',(#11918,#11927,#11935,#11943,#11951,#11959,
    #11965));
#11918 = ORIENTED_EDGE('',*,*,#11919,.F.);
#11919 = EDGE_CURVE('NONE',#11920,#11889,#11922,.T.);
#11920 = VERTEX_POINT('NONE',#11921);
#11921 = CARTESIAN_POINT('',(4.850000000001,-1.975038483597,0.));
#11922 = CIRCLE('',#11923,0.225);
#11923 = AXIS2_PLACEMENT_3D('',#11924,#11925,#11926);
#11924 = CARTESIAN_POINT('',(4.850000000001,-2.200038483597,0.));
#11925 = DIRECTION('',(0.,0.,1.));
#11926 = DIRECTION('',(-1.,0.,0.));
#11927 = ORIENTED_EDGE('',*,*,#11928,.T.);
#11928 = EDGE_CURVE('NONE',#11920,#11929,#11931,.T.);
#11929 = VERTEX_POINT('NONE',#11930);
#11930 = CARTESIAN_POINT('',(4.850000000001,-1.8,0.));
#11931 = LINE('',#11932,#11933);
#11932 = CARTESIAN_POINT('',(4.850000000001,-2.000038483597,0.));
#11933 = VECTOR('',#11934,1.);
#11934 = DIRECTION('',(6.937558992794E-14,1.,0.));
#11935 = ORIENTED_EDGE('',*,*,#11936,.T.);
#11936 = EDGE_CURVE('NONE',#11929,#11937,#11939,.T.);
#11937 = VERTEX_POINT('NONE',#11938);
#11938 = CARTESIAN_POINT('',(3.850000000001,-1.8,0.));
#11939 = LINE('',#11940,#11941);
#11940 = CARTESIAN_POINT('',(4.850000000001,-1.8,0.));
#11941 = VECTOR('',#11942,1.);
#11942 = DIRECTION('',(-1.,0.,0.));
#11943 = ORIENTED_EDGE('',*,*,#11944,.T.);
#11944 = EDGE_CURVE('NONE',#11937,#11945,#11947,.T.);
#11945 = VERTEX_POINT('NONE',#11946);
#11946 = CARTESIAN_POINT('',(3.850000000001,-2.6,0.));
#11947 = LINE('',#11948,#11949);
#11948 = CARTESIAN_POINT('',(3.850000000001,-1.8,0.));
#11949 = VECTOR('',#11950,1.);
#11950 = DIRECTION('',(0.,-1.,0.));
#11951 = ORIENTED_EDGE('',*,*,#11952,.T.);
#11952 = EDGE_CURVE('NONE',#11945,#11953,#11955,.T.);
#11953 = VERTEX_POINT('NONE',#11954);
#11954 = CARTESIAN_POINT('',(4.850000000001,-2.6,0.));
#11955 = LINE('',#11956,#11957);
#11956 = CARTESIAN_POINT('',(3.850000000001,-2.6,0.));
#11957 = VECTOR('',#11958,1.);
#11958 = DIRECTION('',(1.,0.,0.));
#11959 = ORIENTED_EDGE('',*,*,#11960,.T.);
#11960 = EDGE_CURVE('NONE',#11953,#11897,#11961,.T.);
#11961 = LINE('',#11962,#11963);
#11962 = CARTESIAN_POINT('',(4.850000000001,-2.6,0.));
#11963 = VECTOR('',#11964,1.);
#11964 = DIRECTION('',(-6.940229328841E-14,1.,0.));
#11965 = ORIENTED_EDGE('',*,*,#11896,.F.);
#11966 = PLANE('',#11967);
#11967 = AXIS2_PLACEMENT_3D('',#11968,#11969,#11970);
#11968 = CARTESIAN_POINT('',(4.850000000001,-2.200038483597,0.));
#11969 = DIRECTION('',(-0.,0.,-1.));
#11970 = DIRECTION('',(-1.,0.,0.));
#11971 = ADVANCED_FACE('NONE',(#11972),#12029,.T.);
#11972 = FACE_BOUND('',#11973,.T.);
#11973 = EDGE_LOOP('NONE',(#11974,#11975,#11983,#11991,#11999,#12007,
    #12015,#12023));
#11974 = ORIENTED_EDGE('',*,*,#11928,.F.);
#11975 = ORIENTED_EDGE('',*,*,#11976,.F.);
#11976 = EDGE_CURVE('NONE',#11977,#11920,#11979,.T.);
#11977 = VERTEX_POINT('NONE',#11978);
#11978 = CARTESIAN_POINT('',(4.850000000001,-1.975038483597,0.73));
#11979 = LINE('',#11980,#11981);
#11980 = CARTESIAN_POINT('',(4.850000000001,-1.975038483597,0.73));
#11981 = VECTOR('',#11982,1.);
#11982 = DIRECTION('',(-0.,-0.,-1.));
#11983 = ORIENTED_EDGE('',*,*,#11984,.T.);
#11984 = EDGE_CURVE('NONE',#11977,#11985,#11987,.T.);
#11985 = VERTEX_POINT('NONE',#11986);
#11986 = CARTESIAN_POINT('',(4.850000000001,-1.8,0.73));
#11987 = LINE('',#11988,#11989);
#11988 = CARTESIAN_POINT('',(4.850000000001,-1.8,0.73));
#11989 = VECTOR('',#11990,1.);
#11990 = DIRECTION('',(1.214072823739E-13,1.,-0.));
#11991 = ORIENTED_EDGE('',*,*,#11992,.F.);
#11992 = EDGE_CURVE('NONE',#11993,#11985,#11995,.T.);
#11993 = VERTEX_POINT('NONE',#11994);
#11994 = CARTESIAN_POINT('',(4.850000000001,-1.8,0.765));
#11995 = LINE('',#11996,#11997);
#11996 = CARTESIAN_POINT('',(4.850000000001,-1.8,0.765));
#11997 = VECTOR('',#11998,1.);
#11998 = DIRECTION('',(-0.,-0.,-1.));
#11999 = ORIENTED_EDGE('',*,*,#12000,.F.);
#12000 = EDGE_CURVE('NONE',#12001,#11993,#12003,.T.);
#12001 = VERTEX_POINT('NONE',#12002);
#12002 = CARTESIAN_POINT('',(4.850000000001,-2.000038483597,0.765));
#12003 = LINE('',#12004,#12005);
#12004 = CARTESIAN_POINT('',(4.850000000001,-1.8,0.765));
#12005 = VECTOR('',#12006,1.);
#12006 = DIRECTION('',(1.214072823739E-13,1.,-0.));
#12007 = ORIENTED_EDGE('',*,*,#12008,.F.);
#12008 = EDGE_CURVE('NONE',#12009,#12001,#12011,.T.);
#12009 = VERTEX_POINT('NONE',#12010);
#12010 = CARTESIAN_POINT('',(4.850000000001,-2.000038483597,-3.5E-02));
#12011 = LINE('',#12012,#12013);
#12012 = CARTESIAN_POINT('',(4.850000000001,-2.000038483597,-3.5E-02));
#12013 = VECTOR('',#12014,1.);
#12014 = DIRECTION('',(0.,0.,1.));
#12015 = ORIENTED_EDGE('',*,*,#12016,.T.);
#12016 = EDGE_CURVE('NONE',#12009,#12017,#12019,.T.);
#12017 = VERTEX_POINT('NONE',#12018);
#12018 = CARTESIAN_POINT('',(4.850000000001,-1.8,-3.5E-02));
#12019 = LINE('',#12020,#12021);
#12020 = CARTESIAN_POINT('',(4.850000000001,-2.000038483597,-3.5E-02));
#12021 = VECTOR('',#12022,1.);
#12022 = DIRECTION('',(6.937558992794E-14,1.,0.));
#12023 = ORIENTED_EDGE('',*,*,#12024,.T.);
#12024 = EDGE_CURVE('NONE',#12017,#11929,#12025,.T.);
#12025 = LINE('',#12026,#12027);
#12026 = CARTESIAN_POINT('',(4.850000000001,-1.8,-3.5E-02));
#12027 = VECTOR('',#12028,1.);
#12028 = DIRECTION('',(0.,0.,1.));
#12029 = PLANE('',#12030);
#12030 = AXIS2_PLACEMENT_3D('',#12031,#12032,#12033);
#12031 = CARTESIAN_POINT('',(4.850000000001,-2.000038483597,-3.5E-02));
#12032 = DIRECTION('',(1.,-6.937558992794E-14,0.));
#12033 = DIRECTION('',(6.937558992794E-14,1.,0.));
#12034 = ADVANCED_FACE('NONE',(#12035),#12062,.F.);
#12035 = FACE_BOUND('',#12036,.F.);
#12036 = EDGE_LOOP('NONE',(#12037,#12046,#12054,#12061));
#12037 = ORIENTED_EDGE('',*,*,#12038,.F.);
#12038 = EDGE_CURVE('NONE',#12039,#12009,#12041,.T.);
#12039 = VERTEX_POINT('NONE',#12040);
#12040 = CARTESIAN_POINT('',(4.850000000001,-2.400038483597,-3.5E-02));
#12041 = CIRCLE('',#12042,0.2);
#12042 = AXIS2_PLACEMENT_3D('',#12043,#12044,#12045);
#12043 = CARTESIAN_POINT('',(4.850000000001,-2.200038483597,-3.5E-02));
#12044 = DIRECTION('',(-0.,0.,-1.));
#12045 = DIRECTION('',(-1.,0.,0.));
#12046 = ORIENTED_EDGE('',*,*,#12047,.T.);
#12047 = EDGE_CURVE('NONE',#12039,#12048,#12050,.T.);
#12048 = VERTEX_POINT('NONE',#12049);
#12049 = CARTESIAN_POINT('',(4.850000000001,-2.400038483597,0.765));
#12050 = LINE('',#12051,#12052);
#12051 = CARTESIAN_POINT('',(4.850000000001,-2.400038483597,-3.5E-02));
#12052 = VECTOR('',#12053,1.);
#12053 = DIRECTION('',(0.,0.,1.));
#12054 = ORIENTED_EDGE('',*,*,#12055,.T.);
#12055 = EDGE_CURVE('NONE',#12048,#12001,#12056,.T.);
#12056 = CIRCLE('',#12057,0.2);
#12057 = AXIS2_PLACEMENT_3D('',#12058,#12059,#12060);
#12058 = CARTESIAN_POINT('',(4.850000000001,-2.200038483597,0.765));
#12059 = DIRECTION('',(-0.,0.,-1.));
#12060 = DIRECTION('',(-1.,0.,0.));
#12061 = ORIENTED_EDGE('',*,*,#12008,.F.);
#12062 = CYLINDRICAL_SURFACE('',#12063,0.2);
#12063 = AXIS2_PLACEMENT_3D('',#12064,#12065,#12066);
#12064 = CARTESIAN_POINT('',(4.850000000001,-2.200038483597,-3.5E-02));
#12065 = DIRECTION('',(0.,0.,1.));
#12066 = DIRECTION('',(1.,0.,-0.));
#12067 = ADVANCED_FACE('NONE',(#12068),#12109,.T.);
#12068 = FACE_BOUND('',#12069,.T.);
#12069 = EDGE_LOOP('NONE',(#12070,#12071,#12079,#12085,#12086,#12094,
    #12102,#12108));
#12070 = ORIENTED_EDGE('',*,*,#11960,.F.);
#12071 = ORIENTED_EDGE('',*,*,#12072,.F.);
#12072 = EDGE_CURVE('NONE',#12073,#11953,#12075,.T.);
#12073 = VERTEX_POINT('NONE',#12074);
#12074 = CARTESIAN_POINT('',(4.850000000001,-2.6,-3.5E-02));
#12075 = LINE('',#12076,#12077);
#12076 = CARTESIAN_POINT('',(4.850000000001,-2.6,-3.5E-02));
#12077 = VECTOR('',#12078,1.);
#12078 = DIRECTION('',(0.,0.,1.));
#12079 = ORIENTED_EDGE('',*,*,#12080,.T.);
#12080 = EDGE_CURVE('NONE',#12073,#12039,#12081,.T.);
#12081 = LINE('',#12082,#12083);
#12082 = CARTESIAN_POINT('',(4.850000000001,-2.6,-3.5E-02));
#12083 = VECTOR('',#12084,1.);
#12084 = DIRECTION('',(-6.940229328841E-14,1.,0.));
#12085 = ORIENTED_EDGE('',*,*,#12047,.T.);
#12086 = ORIENTED_EDGE('',*,*,#12087,.F.);
#12087 = EDGE_CURVE('NONE',#12088,#12048,#12090,.T.);
#12088 = VERTEX_POINT('NONE',#12089);
#12089 = CARTESIAN_POINT('',(4.850000000001,-2.6,0.765));
#12090 = LINE('',#12091,#12092);
#12091 = CARTESIAN_POINT('',(4.850000000001,-2.400038483597,0.765));
#12092 = VECTOR('',#12093,1.);
#12093 = DIRECTION('',(-0.,1.,-0.));
#12094 = ORIENTED_EDGE('',*,*,#12095,.T.);
#12095 = EDGE_CURVE('NONE',#12088,#12096,#12098,.T.);
#12096 = VERTEX_POINT('NONE',#12097);
#12097 = CARTESIAN_POINT('',(4.850000000001,-2.6,0.73));
#12098 = LINE('',#12099,#12100);
#12099 = CARTESIAN_POINT('',(4.850000000001,-2.6,0.765));
#12100 = VECTOR('',#12101,1.);
#12101 = DIRECTION('',(-0.,-0.,-1.));
#12102 = ORIENTED_EDGE('',*,*,#12103,.T.);
#12103 = EDGE_CURVE('NONE',#12096,#11880,#12104,.T.);
#12104 = LINE('',#12105,#12106);
#12105 = CARTESIAN_POINT('',(4.850000000001,-2.400038483597,0.73));
#12106 = VECTOR('',#12107,1.);
#12107 = DIRECTION('',(-0.,1.,-0.));
#12108 = ORIENTED_EDGE('',*,*,#11905,.T.);
#12109 = PLANE('',#12110);
#12110 = AXIS2_PLACEMENT_3D('',#12111,#12112,#12113);
#12111 = CARTESIAN_POINT('',(4.850000000001,-2.6,-3.5E-02));
#12112 = DIRECTION('',(1.,6.940229328841E-14,-0.));
#12113 = DIRECTION('',(-6.940229328841E-14,1.,0.));
#12114 = ADVANCED_FACE('NONE',(#12115),#12133,.T.);
#12115 = FACE_BOUND('',#12116,.T.);
#12116 = EDGE_LOOP('NONE',(#12117,#12118,#12126,#12132));
#12117 = ORIENTED_EDGE('',*,*,#11952,.F.);
#12118 = ORIENTED_EDGE('',*,*,#12119,.F.);
#12119 = EDGE_CURVE('NONE',#12120,#11945,#12122,.T.);
#12120 = VERTEX_POINT('NONE',#12121);
#12121 = CARTESIAN_POINT('',(3.850000000001,-2.6,-3.5E-02));
#12122 = LINE('',#12123,#12124);
#12123 = CARTESIAN_POINT('',(3.850000000001,-2.6,-3.5E-02));
#12124 = VECTOR('',#12125,1.);
#12125 = DIRECTION('',(0.,0.,1.));
#12126 = ORIENTED_EDGE('',*,*,#12127,.T.);
#12127 = EDGE_CURVE('NONE',#12120,#12073,#12128,.T.);
#12128 = LINE('',#12129,#12130);
#12129 = CARTESIAN_POINT('',(3.850000000001,-2.6,-3.5E-02));
#12130 = VECTOR('',#12131,1.);
#12131 = DIRECTION('',(1.,0.,0.));
#12132 = ORIENTED_EDGE('',*,*,#12072,.T.);
#12133 = PLANE('',#12134);
#12134 = AXIS2_PLACEMENT_3D('',#12135,#12136,#12137);
#12135 = CARTESIAN_POINT('',(3.850000000001,-2.6,-3.5E-02));
#12136 = DIRECTION('',(0.,-1.,0.));
#12137 = DIRECTION('',(0.,-0.,-1.));
#12138 = ADVANCED_FACE('NONE',(#12139),#12157,.T.);
#12139 = FACE_BOUND('',#12140,.T.);
#12140 = EDGE_LOOP('NONE',(#12141,#12142,#12150,#12156));
#12141 = ORIENTED_EDGE('',*,*,#11944,.F.);
#12142 = ORIENTED_EDGE('',*,*,#12143,.F.);
#12143 = EDGE_CURVE('NONE',#12144,#11937,#12146,.T.);
#12144 = VERTEX_POINT('NONE',#12145);
#12145 = CARTESIAN_POINT('',(3.850000000001,-1.8,-3.5E-02));
#12146 = LINE('',#12147,#12148);
#12147 = CARTESIAN_POINT('',(3.850000000001,-1.8,-3.5E-02));
#12148 = VECTOR('',#12149,1.);
#12149 = DIRECTION('',(0.,0.,1.));
#12150 = ORIENTED_EDGE('',*,*,#12151,.T.);
#12151 = EDGE_CURVE('NONE',#12144,#12120,#12152,.T.);
#12152 = LINE('',#12153,#12154);
#12153 = CARTESIAN_POINT('',(3.850000000001,-1.8,-3.5E-02));
#12154 = VECTOR('',#12155,1.);
#12155 = DIRECTION('',(0.,-1.,0.));
#12156 = ORIENTED_EDGE('',*,*,#12119,.T.);
#12157 = PLANE('',#12158);
#12158 = AXIS2_PLACEMENT_3D('',#12159,#12160,#12161);
#12159 = CARTESIAN_POINT('',(3.850000000001,-1.8,-3.5E-02));
#12160 = DIRECTION('',(-1.,0.,0.));
#12161 = DIRECTION('',(0.,0.,1.));
#12162 = ADVANCED_FACE('NONE',(#12163),#12174,.T.);
#12163 = FACE_BOUND('',#12164,.T.);
#12164 = EDGE_LOOP('NONE',(#12165,#12166,#12167,#12173));
#12165 = ORIENTED_EDGE('',*,*,#11936,.F.);
#12166 = ORIENTED_EDGE('',*,*,#12024,.F.);
#12167 = ORIENTED_EDGE('',*,*,#12168,.T.);
#12168 = EDGE_CURVE('NONE',#12017,#12144,#12169,.T.);
#12169 = LINE('',#12170,#12171);
#12170 = CARTESIAN_POINT('',(4.850000000001,-1.8,-3.5E-02));
#12171 = VECTOR('',#12172,1.);
#12172 = DIRECTION('',(-1.,0.,0.));
#12173 = ORIENTED_EDGE('',*,*,#12143,.T.);
#12174 = PLANE('',#12175);
#12175 = AXIS2_PLACEMENT_3D('',#12176,#12177,#12178);
#12176 = CARTESIAN_POINT('',(4.850000000001,-1.8,-3.5E-02));
#12177 = DIRECTION('',(0.,1.,-0.));
#12178 = DIRECTION('',(0.,0.,1.));
#12179 = ADVANCED_FACE('NONE',(#12180),#12188,.T.);
#12180 = FACE_BOUND('',#12181,.T.);
#12181 = EDGE_LOOP('NONE',(#12182,#12183,#12184,#12185,#12186,#12187));
#12182 = ORIENTED_EDGE('',*,*,#12016,.F.);
#12183 = ORIENTED_EDGE('',*,*,#12038,.F.);
#12184 = ORIENTED_EDGE('',*,*,#12080,.F.);
#12185 = ORIENTED_EDGE('',*,*,#12127,.F.);
#12186 = ORIENTED_EDGE('',*,*,#12151,.F.);
#12187 = ORIENTED_EDGE('',*,*,#12168,.F.);
#12188 = PLANE('',#12189);
#12189 = AXIS2_PLACEMENT_3D('',#12190,#12191,#12192);
#12190 = CARTESIAN_POINT('',(4.850000000001,-2.200038483597,-3.5E-02));
#12191 = DIRECTION('',(-0.,0.,-1.));
#12192 = DIRECTION('',(-1.,0.,0.));
#12193 = ADVANCED_FACE('NONE',(#12194),#12206,.T.);
#12194 = FACE_BOUND('',#12195,.T.);
#12195 = EDGE_LOOP('NONE',(#12196,#12197,#12204,#12205));
#12196 = ORIENTED_EDGE('',*,*,#11888,.F.);
#12197 = ORIENTED_EDGE('',*,*,#12198,.F.);
#12198 = EDGE_CURVE('NONE',#11977,#11878,#12199,.T.);
#12199 = CIRCLE('',#12200,0.225);
#12200 = AXIS2_PLACEMENT_3D('',#12201,#12202,#12203);
#12201 = CARTESIAN_POINT('',(4.850000000001,-2.200038483597,0.73));
#12202 = DIRECTION('',(0.,0.,1.));
#12203 = DIRECTION('',(-1.,0.,0.));
#12204 = ORIENTED_EDGE('',*,*,#11976,.T.);
#12205 = ORIENTED_EDGE('',*,*,#11919,.T.);
#12206 = CYLINDRICAL_SURFACE('',#12207,0.225);
#12207 = AXIS2_PLACEMENT_3D('',#12208,#12209,#12210);
#12208 = CARTESIAN_POINT('',(4.850000000001,-2.200038483597,0.73));
#12209 = DIRECTION('',(-0.,-0.,-1.));
#12210 = DIRECTION('',(-1.,0.,0.));
#12211 = ADVANCED_FACE('NONE',(#12212),#12237,.F.);
#12212 = FACE_BOUND('',#12213,.T.);
#12213 = EDGE_LOOP('NONE',(#12214,#12222,#12230,#12236));
#12214 = ORIENTED_EDGE('',*,*,#12215,.T.);
#12215 = EDGE_CURVE('NONE',#11985,#12216,#12218,.T.);
#12216 = VERTEX_POINT('NONE',#12217);
#12217 = CARTESIAN_POINT('',(4.450000000001,-1.8,0.73));
#12218 = LINE('',#12219,#12220);
#12219 = CARTESIAN_POINT('',(4.850000000001,-1.8,0.73));
#12220 = VECTOR('',#12221,1.);
#12221 = DIRECTION('',(-1.,0.,0.));
#12222 = ORIENTED_EDGE('',*,*,#12223,.F.);
#12223 = EDGE_CURVE('NONE',#12224,#12216,#12226,.T.);
#12224 = VERTEX_POINT('NONE',#12225);
#12225 = CARTESIAN_POINT('',(4.450000000001,-1.8,0.765));
#12226 = LINE('',#12227,#12228);
#12227 = CARTESIAN_POINT('',(4.450000000001,-1.8,0.765));
#12228 = VECTOR('',#12229,1.);
#12229 = DIRECTION('',(-0.,-0.,-1.));
#12230 = ORIENTED_EDGE('',*,*,#12231,.F.);
#12231 = EDGE_CURVE('NONE',#11993,#12224,#12232,.T.);
#12232 = LINE('',#12233,#12234);
#12233 = CARTESIAN_POINT('',(4.850000000001,-1.8,0.765));
#12234 = VECTOR('',#12235,1.);
#12235 = DIRECTION('',(-1.,0.,0.));
#12236 = ORIENTED_EDGE('',*,*,#11992,.T.);
#12237 = PLANE('',#12238);
#12238 = AXIS2_PLACEMENT_3D('',#12239,#12240,#12241);
#12239 = CARTESIAN_POINT('',(4.850000000001,-1.8,0.765));
#12240 = DIRECTION('',(0.,-1.,0.));
#12241 = DIRECTION('',(0.,-0.,-1.));
#12242 = ADVANCED_FACE('NONE',(#12243),#12268,.F.);
#12243 = FACE_BOUND('',#12244,.T.);
#12244 = EDGE_LOOP('NONE',(#12245,#12253,#12261,#12267));
#12245 = ORIENTED_EDGE('',*,*,#12246,.T.);
#12246 = EDGE_CURVE('NONE',#12216,#12247,#12249,.T.);
#12247 = VERTEX_POINT('NONE',#12248);
#12248 = CARTESIAN_POINT('',(4.450000000001,-2.6,0.73));
#12249 = LINE('',#12250,#12251);
#12250 = CARTESIAN_POINT('',(4.450000000001,-1.8,0.73));
#12251 = VECTOR('',#12252,1.);
#12252 = DIRECTION('',(0.,-1.,0.));
#12253 = ORIENTED_EDGE('',*,*,#12254,.F.);
#12254 = EDGE_CURVE('NONE',#12255,#12247,#12257,.T.);
#12255 = VERTEX_POINT('NONE',#12256);
#12256 = CARTESIAN_POINT('',(4.450000000001,-2.6,0.765));
#12257 = LINE('',#12258,#12259);
#12258 = CARTESIAN_POINT('',(4.450000000001,-2.6,0.765));
#12259 = VECTOR('',#12260,1.);
#12260 = DIRECTION('',(-0.,-0.,-1.));
#12261 = ORIENTED_EDGE('',*,*,#12262,.F.);
#12262 = EDGE_CURVE('NONE',#12224,#12255,#12263,.T.);
#12263 = LINE('',#12264,#12265);
#12264 = CARTESIAN_POINT('',(4.450000000001,-1.8,0.765));
#12265 = VECTOR('',#12266,1.);
#12266 = DIRECTION('',(0.,-1.,0.));
#12267 = ORIENTED_EDGE('',*,*,#12223,.T.);
#12268 = PLANE('',#12269);
#12269 = AXIS2_PLACEMENT_3D('',#12270,#12271,#12272);
#12270 = CARTESIAN_POINT('',(4.450000000001,-1.8,0.765));
#12271 = DIRECTION('',(1.,0.,-0.));
#12272 = DIRECTION('',(-0.,0.,-1.));
#12273 = ADVANCED_FACE('NONE',(#12274),#12290,.F.);
#12274 = FACE_BOUND('',#12275,.T.);
#12275 = EDGE_LOOP('NONE',(#12276,#12282,#12283,#12289));
#12276 = ORIENTED_EDGE('',*,*,#12277,.T.);
#12277 = EDGE_CURVE('NONE',#12247,#12096,#12278,.T.);
#12278 = LINE('',#12279,#12280);
#12279 = CARTESIAN_POINT('',(4.450000000001,-2.6,0.73));
#12280 = VECTOR('',#12281,1.);
#12281 = DIRECTION('',(1.,0.,0.));
#12282 = ORIENTED_EDGE('',*,*,#12095,.F.);
#12283 = ORIENTED_EDGE('',*,*,#12284,.F.);
#12284 = EDGE_CURVE('NONE',#12255,#12088,#12285,.T.);
#12285 = LINE('',#12286,#12287);
#12286 = CARTESIAN_POINT('',(4.450000000001,-2.6,0.765));
#12287 = VECTOR('',#12288,1.);
#12288 = DIRECTION('',(1.,0.,0.));
#12289 = ORIENTED_EDGE('',*,*,#12254,.T.);
#12290 = PLANE('',#12291);
#12291 = AXIS2_PLACEMENT_3D('',#12292,#12293,#12294);
#12292 = CARTESIAN_POINT('',(4.450000000001,-2.6,0.765));
#12293 = DIRECTION('',(0.,1.,0.));
#12294 = DIRECTION('',(0.,-0.,1.));
#12295 = ADVANCED_FACE('NONE',(#12296),#12304,.F.);
#12296 = FACE_BOUND('',#12297,.T.);
#12297 = EDGE_LOOP('NONE',(#12298,#12299,#12300,#12301,#12302,#12303));
#12298 = ORIENTED_EDGE('',*,*,#12055,.T.);
#12299 = ORIENTED_EDGE('',*,*,#12000,.T.);
#12300 = ORIENTED_EDGE('',*,*,#12231,.T.);
#12301 = ORIENTED_EDGE('',*,*,#12262,.T.);
#12302 = ORIENTED_EDGE('',*,*,#12284,.T.);
#12303 = ORIENTED_EDGE('',*,*,#12087,.T.);
#12304 = PLANE('',#12305);
#12305 = AXIS2_PLACEMENT_3D('',#12306,#12307,#12308);
#12306 = CARTESIAN_POINT('',(4.850000000001,-2.200038483597,0.765));
#12307 = DIRECTION('',(-0.,0.,-1.));
#12308 = DIRECTION('',(-1.,0.,0.));
#12309 = ADVANCED_FACE('NONE',(#12310),#12319,.T.);
#12310 = FACE_BOUND('',#12311,.T.);
#12311 = EDGE_LOOP('NONE',(#12312,#12313,#12314,#12315,#12316,#12317,
    #12318));
#12312 = ORIENTED_EDGE('',*,*,#11984,.F.);
#12313 = ORIENTED_EDGE('',*,*,#12198,.T.);
#12314 = ORIENTED_EDGE('',*,*,#11877,.T.);
#12315 = ORIENTED_EDGE('',*,*,#12103,.F.);
#12316 = ORIENTED_EDGE('',*,*,#12277,.F.);
#12317 = ORIENTED_EDGE('',*,*,#12246,.F.);
#12318 = ORIENTED_EDGE('',*,*,#12215,.F.);
#12319 = PLANE('',#12320);
#12320 = AXIS2_PLACEMENT_3D('',#12321,#12322,#12323);
#12321 = CARTESIAN_POINT('',(4.850000000001,-2.200038483597,0.73));
#12322 = DIRECTION('',(-0.,0.,-1.));
#12323 = DIRECTION('',(-1.,0.,0.));
#12324 = MANIFOLD_SOLID_BREP('Aufsatz-Linear austragen13[17]',#12325);
#12325 = CLOSED_SHELL('NONE',(#12326,#12368,#12424,#12487,#12520,#12567,
    #12591,#12615,#12632,#12646,#12664,#12695,#12726,#12748,#12762));
#12326 = ADVANCED_FACE('NONE',(#12327),#12363,.T.);
#12327 = FACE_BOUND('',#12328,.T.);
#12328 = EDGE_LOOP('NONE',(#12329,#12340,#12348,#12357));
#12329 = ORIENTED_EDGE('',*,*,#12330,.F.);
#12330 = EDGE_CURVE('NONE',#12331,#12333,#12335,.T.);
#12331 = VERTEX_POINT('NONE',#12332);
#12332 = CARTESIAN_POINT('',(4.625000000001,-3.300038483597,0.73));
#12333 = VERTEX_POINT('NONE',#12334);
#12334 = CARTESIAN_POINT('',(4.850000000001,-3.525038483597,0.73));
#12335 = CIRCLE('',#12336,0.225);
#12336 = AXIS2_PLACEMENT_3D('',#12337,#12338,#12339);
#12337 = CARTESIAN_POINT('',(4.850000000001,-3.300038483597,0.73));
#12338 = DIRECTION('',(0.,0.,1.));
#12339 = DIRECTION('',(-1.,0.,0.));
#12340 = ORIENTED_EDGE('',*,*,#12341,.T.);
#12341 = EDGE_CURVE('NONE',#12331,#12342,#12344,.T.);
#12342 = VERTEX_POINT('NONE',#12343);
#12343 = CARTESIAN_POINT('',(4.625000000001,-3.300038483597,0.));
#12344 = LINE('',#12345,#12346);
#12345 = CARTESIAN_POINT('',(4.625000000001,-3.300038483597,0.73));
#12346 = VECTOR('',#12347,1.);
#12347 = DIRECTION('',(-0.,-0.,-1.));
#12348 = ORIENTED_EDGE('',*,*,#12349,.T.);
#12349 = EDGE_CURVE('NONE',#12342,#12350,#12352,.T.);
#12350 = VERTEX_POINT('NONE',#12351);
#12351 = CARTESIAN_POINT('',(4.850000000001,-3.525038483597,0.));
#12352 = CIRCLE('',#12353,0.225);
#12353 = AXIS2_PLACEMENT_3D('',#12354,#12355,#12356);
#12354 = CARTESIAN_POINT('',(4.850000000001,-3.300038483597,0.));
#12355 = DIRECTION('',(0.,0.,1.));
#12356 = DIRECTION('',(-1.,0.,0.));
#12357 = ORIENTED_EDGE('',*,*,#12358,.F.);
#12358 = EDGE_CURVE('NONE',#12333,#12350,#12359,.T.);
#12359 = LINE('',#12360,#12361);
#12360 = CARTESIAN_POINT('',(4.850000000001,-3.525038483597,0.73));
#12361 = VECTOR('',#12362,1.);
#12362 = DIRECTION('',(-0.,-0.,-1.));
#12363 = CYLINDRICAL_SURFACE('',#12364,0.225);
#12364 = AXIS2_PLACEMENT_3D('',#12365,#12366,#12367);
#12365 = CARTESIAN_POINT('',(4.850000000001,-3.300038483597,0.73));
#12366 = DIRECTION('',(-0.,-0.,-1.));
#12367 = DIRECTION('',(-1.,0.,0.));
#12368 = ADVANCED_FACE('NONE',(#12369),#12419,.F.);
#12369 = FACE_BOUND('',#12370,.T.);
#12370 = EDGE_LOOP('NONE',(#12371,#12380,#12388,#12396,#12404,#12412,
    #12418));
#12371 = ORIENTED_EDGE('',*,*,#12372,.F.);
#12372 = EDGE_CURVE('NONE',#12373,#12342,#12375,.T.);
#12373 = VERTEX_POINT('NONE',#12374);
#12374 = CARTESIAN_POINT('',(4.850000000001,-3.075038483597,0.));
#12375 = CIRCLE('',#12376,0.225);
#12376 = AXIS2_PLACEMENT_3D('',#12377,#12378,#12379);
#12377 = CARTESIAN_POINT('',(4.850000000001,-3.300038483597,0.));
#12378 = DIRECTION('',(0.,0.,1.));
#12379 = DIRECTION('',(-1.,0.,0.));
#12380 = ORIENTED_EDGE('',*,*,#12381,.T.);
#12381 = EDGE_CURVE('NONE',#12373,#12382,#12384,.T.);
#12382 = VERTEX_POINT('NONE',#12383);
#12383 = CARTESIAN_POINT('',(4.850000000001,-2.9,0.));
#12384 = LINE('',#12385,#12386);
#12385 = CARTESIAN_POINT('',(4.850000000001,-3.100038483597,0.));
#12386 = VECTOR('',#12387,1.);
#12387 = DIRECTION('',(1.214072823739E-13,1.,0.));
#12388 = ORIENTED_EDGE('',*,*,#12389,.T.);
#12389 = EDGE_CURVE('NONE',#12382,#12390,#12392,.T.);
#12390 = VERTEX_POINT('NONE',#12391);
#12391 = CARTESIAN_POINT('',(3.850000000001,-2.9,0.));
#12392 = LINE('',#12393,#12394);
#12393 = CARTESIAN_POINT('',(4.850000000001,-2.9,0.));
#12394 = VECTOR('',#12395,1.);
#12395 = DIRECTION('',(-1.,0.,0.));
#12396 = ORIENTED_EDGE('',*,*,#12397,.T.);
#12397 = EDGE_CURVE('NONE',#12390,#12398,#12400,.T.);
#12398 = VERTEX_POINT('NONE',#12399);
#12399 = CARTESIAN_POINT('',(3.850000000001,-3.7,0.));
#12400 = LINE('',#12401,#12402);
#12401 = CARTESIAN_POINT('',(3.850000000001,-2.9,0.));
#12402 = VECTOR('',#12403,1.);
#12403 = DIRECTION('',(0.,-1.,0.));
#12404 = ORIENTED_EDGE('',*,*,#12405,.T.);
#12405 = EDGE_CURVE('NONE',#12398,#12406,#12408,.T.);
#12406 = VERTEX_POINT('NONE',#12407);
#12407 = CARTESIAN_POINT('',(4.850000000001,-3.7,0.));
#12408 = LINE('',#12409,#12410);
#12409 = CARTESIAN_POINT('',(3.850000000001,-3.7,0.));
#12410 = VECTOR('',#12411,1.);
#12411 = DIRECTION('',(1.,0.,0.));
#12412 = ORIENTED_EDGE('',*,*,#12413,.T.);
#12413 = EDGE_CURVE('NONE',#12406,#12350,#12414,.T.);
#12414 = LINE('',#12415,#12416);
#12415 = CARTESIAN_POINT('',(4.850000000001,-3.7,0.));
#12416 = VECTOR('',#12417,1.);
#12417 = DIRECTION('',(-1.214540132547E-13,1.,0.));
#12418 = ORIENTED_EDGE('',*,*,#12349,.F.);
#12419 = PLANE('',#12420);
#12420 = AXIS2_PLACEMENT_3D('',#12421,#12422,#12423);
#12421 = CARTESIAN_POINT('',(4.850000000001,-3.300038483597,0.));
#12422 = DIRECTION('',(-0.,0.,-1.));
#12423 = DIRECTION('',(-1.,0.,0.));
#12424 = ADVANCED_FACE('NONE',(#12425),#12482,.T.);
#12425 = FACE_BOUND('',#12426,.T.);
#12426 = EDGE_LOOP('NONE',(#12427,#12428,#12436,#12444,#12452,#12460,
    #12468,#12476));
#12427 = ORIENTED_EDGE('',*,*,#12381,.F.);
#12428 = ORIENTED_EDGE('',*,*,#12429,.F.);
#12429 = EDGE_CURVE('NONE',#12430,#12373,#12432,.T.);
#12430 = VERTEX_POINT('NONE',#12431);
#12431 = CARTESIAN_POINT('',(4.850000000001,-3.075038483597,0.73));
#12432 = LINE('',#12433,#12434);
#12433 = CARTESIAN_POINT('',(4.850000000001,-3.075038483597,0.73));
#12434 = VECTOR('',#12435,1.);
#12435 = DIRECTION('',(-0.,-0.,-1.));
#12436 = ORIENTED_EDGE('',*,*,#12437,.T.);
#12437 = EDGE_CURVE('NONE',#12430,#12438,#12440,.T.);
#12438 = VERTEX_POINT('NONE',#12439);
#12439 = CARTESIAN_POINT('',(4.850000000001,-2.9,0.73));
#12440 = LINE('',#12441,#12442);
#12441 = CARTESIAN_POINT('',(4.850000000001,-2.9,0.73));
#12442 = VECTOR('',#12443,1.);
#12443 = DIRECTION('',(1.040633848919E-13,1.,-0.));
#12444 = ORIENTED_EDGE('',*,*,#12445,.F.);
#12445 = EDGE_CURVE('NONE',#12446,#12438,#12448,.T.);
#12446 = VERTEX_POINT('NONE',#12447);
#12447 = CARTESIAN_POINT('',(4.850000000001,-2.9,0.765));
#12448 = LINE('',#12449,#12450);
#12449 = CARTESIAN_POINT('',(4.850000000001,-2.9,0.765));
#12450 = VECTOR('',#12451,1.);
#12451 = DIRECTION('',(-0.,-0.,-1.));
#12452 = ORIENTED_EDGE('',*,*,#12453,.F.);
#12453 = EDGE_CURVE('NONE',#12454,#12446,#12456,.T.);
#12454 = VERTEX_POINT('NONE',#12455);
#12455 = CARTESIAN_POINT('',(4.850000000001,-3.100038483597,0.765));
#12456 = LINE('',#12457,#12458);
#12457 = CARTESIAN_POINT('',(4.850000000001,-2.9,0.765));
#12458 = VECTOR('',#12459,1.);
#12459 = DIRECTION('',(1.040633848919E-13,1.,-0.));
#12460 = ORIENTED_EDGE('',*,*,#12461,.F.);
#12461 = EDGE_CURVE('NONE',#12462,#12454,#12464,.T.);
#12462 = VERTEX_POINT('NONE',#12463);
#12463 = CARTESIAN_POINT('',(4.850000000001,-3.100038483597,-3.5E-02));
#12464 = LINE('',#12465,#12466);
#12465 = CARTESIAN_POINT('',(4.850000000001,-3.100038483597,-3.5E-02));
#12466 = VECTOR('',#12467,1.);
#12467 = DIRECTION('',(0.,0.,1.));
#12468 = ORIENTED_EDGE('',*,*,#12469,.T.);
#12469 = EDGE_CURVE('NONE',#12462,#12470,#12472,.T.);
#12470 = VERTEX_POINT('NONE',#12471);
#12471 = CARTESIAN_POINT('',(4.850000000001,-2.9,-3.5E-02));
#12472 = LINE('',#12473,#12474);
#12473 = CARTESIAN_POINT('',(4.850000000001,-3.100038483597,-3.5E-02));
#12474 = VECTOR('',#12475,1.);
#12475 = DIRECTION('',(1.214072823739E-13,1.,0.));
#12476 = ORIENTED_EDGE('',*,*,#12477,.T.);
#12477 = EDGE_CURVE('NONE',#12470,#12382,#12478,.T.);
#12478 = LINE('',#12479,#12480);
#12479 = CARTESIAN_POINT('',(4.850000000001,-2.9,-3.5E-02));
#12480 = VECTOR('',#12481,1.);
#12481 = DIRECTION('',(0.,0.,1.));
#12482 = PLANE('',#12483);
#12483 = AXIS2_PLACEMENT_3D('',#12484,#12485,#12486);
#12484 = CARTESIAN_POINT('',(4.850000000001,-3.100038483597,-3.5E-02));
#12485 = DIRECTION('',(1.,-1.214072823739E-13,0.));
#12486 = DIRECTION('',(1.214072823739E-13,1.,0.));
#12487 = ADVANCED_FACE('NONE',(#12488),#12515,.F.);
#12488 = FACE_BOUND('',#12489,.F.);
#12489 = EDGE_LOOP('NONE',(#12490,#12499,#12507,#12514));
#12490 = ORIENTED_EDGE('',*,*,#12491,.F.);
#12491 = EDGE_CURVE('NONE',#12492,#12462,#12494,.T.);
#12492 = VERTEX_POINT('NONE',#12493);
#12493 = CARTESIAN_POINT('',(4.850000000001,-3.500038483597,-3.5E-02));
#12494 = CIRCLE('',#12495,0.2);
#12495 = AXIS2_PLACEMENT_3D('',#12496,#12497,#12498);
#12496 = CARTESIAN_POINT('',(4.850000000001,-3.300038483597,-3.5E-02));
#12497 = DIRECTION('',(-0.,0.,-1.));
#12498 = DIRECTION('',(-1.,0.,0.));
#12499 = ORIENTED_EDGE('',*,*,#12500,.T.);
#12500 = EDGE_CURVE('NONE',#12492,#12501,#12503,.T.);
#12501 = VERTEX_POINT('NONE',#12502);
#12502 = CARTESIAN_POINT('',(4.850000000001,-3.500038483597,0.765));
#12503 = LINE('',#12504,#12505);
#12504 = CARTESIAN_POINT('',(4.850000000001,-3.500038483597,-3.5E-02));
#12505 = VECTOR('',#12506,1.);
#12506 = DIRECTION('',(0.,0.,1.));
#12507 = ORIENTED_EDGE('',*,*,#12508,.T.);
#12508 = EDGE_CURVE('NONE',#12501,#12454,#12509,.T.);
#12509 = CIRCLE('',#12510,0.2);
#12510 = AXIS2_PLACEMENT_3D('',#12511,#12512,#12513);
#12511 = CARTESIAN_POINT('',(4.850000000001,-3.300038483597,0.765));
#12512 = DIRECTION('',(-0.,0.,-1.));
#12513 = DIRECTION('',(-1.,0.,0.));
#12514 = ORIENTED_EDGE('',*,*,#12461,.F.);
#12515 = CYLINDRICAL_SURFACE('',#12516,0.2);
#12516 = AXIS2_PLACEMENT_3D('',#12517,#12518,#12519);
#12517 = CARTESIAN_POINT('',(4.850000000001,-3.300038483597,-3.5E-02));
#12518 = DIRECTION('',(0.,0.,1.));
#12519 = DIRECTION('',(1.,0.,-0.));
#12520 = ADVANCED_FACE('NONE',(#12521),#12562,.T.);
#12521 = FACE_BOUND('',#12522,.T.);
#12522 = EDGE_LOOP('NONE',(#12523,#12524,#12532,#12538,#12539,#12547,
    #12555,#12561));
#12523 = ORIENTED_EDGE('',*,*,#12413,.F.);
#12524 = ORIENTED_EDGE('',*,*,#12525,.F.);
#12525 = EDGE_CURVE('NONE',#12526,#12406,#12528,.T.);
#12526 = VERTEX_POINT('NONE',#12527);
#12527 = CARTESIAN_POINT('',(4.850000000001,-3.7,-3.5E-02));
#12528 = LINE('',#12529,#12530);
#12529 = CARTESIAN_POINT('',(4.850000000001,-3.7,-3.5E-02));
#12530 = VECTOR('',#12531,1.);
#12531 = DIRECTION('',(0.,0.,1.));
#12532 = ORIENTED_EDGE('',*,*,#12533,.T.);
#12533 = EDGE_CURVE('NONE',#12526,#12492,#12534,.T.);
#12534 = LINE('',#12535,#12536);
#12535 = CARTESIAN_POINT('',(4.850000000001,-3.7,-3.5E-02));
#12536 = VECTOR('',#12537,1.);
#12537 = DIRECTION('',(-1.214540132547E-13,1.,0.));
#12538 = ORIENTED_EDGE('',*,*,#12500,.T.);
#12539 = ORIENTED_EDGE('',*,*,#12540,.F.);
#12540 = EDGE_CURVE('NONE',#12541,#12501,#12543,.T.);
#12541 = VERTEX_POINT('NONE',#12542);
#12542 = CARTESIAN_POINT('',(4.850000000001,-3.7,0.765));
#12543 = LINE('',#12544,#12545);
#12544 = CARTESIAN_POINT('',(4.850000000001,-3.500038483597,0.765));
#12545 = VECTOR('',#12546,1.);
#12546 = DIRECTION('',(-0.,1.,-0.));
#12547 = ORIENTED_EDGE('',*,*,#12548,.T.);
#12548 = EDGE_CURVE('NONE',#12541,#12549,#12551,.T.);
#12549 = VERTEX_POINT('NONE',#12550);
#12550 = CARTESIAN_POINT('',(4.850000000001,-3.7,0.73));
#12551 = LINE('',#12552,#12553);
#12552 = CARTESIAN_POINT('',(4.850000000001,-3.7,0.765));
#12553 = VECTOR('',#12554,1.);
#12554 = DIRECTION('',(-0.,-0.,-1.));
#12555 = ORIENTED_EDGE('',*,*,#12556,.T.);
#12556 = EDGE_CURVE('NONE',#12549,#12333,#12557,.T.);
#12557 = LINE('',#12558,#12559);
#12558 = CARTESIAN_POINT('',(4.850000000001,-3.500038483597,0.73));
#12559 = VECTOR('',#12560,1.);
#12560 = DIRECTION('',(-0.,1.,-0.));
#12561 = ORIENTED_EDGE('',*,*,#12358,.T.);
#12562 = PLANE('',#12563);
#12563 = AXIS2_PLACEMENT_3D('',#12564,#12565,#12566);
#12564 = CARTESIAN_POINT('',(4.850000000001,-3.7,-3.5E-02));
#12565 = DIRECTION('',(1.,1.214540132547E-13,-0.));
#12566 = DIRECTION('',(-1.214540132547E-13,1.,0.));
#12567 = ADVANCED_FACE('NONE',(#12568),#12586,.T.);
#12568 = FACE_BOUND('',#12569,.T.);
#12569 = EDGE_LOOP('NONE',(#12570,#12571,#12579,#12585));
#12570 = ORIENTED_EDGE('',*,*,#12405,.F.);
#12571 = ORIENTED_EDGE('',*,*,#12572,.F.);
#12572 = EDGE_CURVE('NONE',#12573,#12398,#12575,.T.);
#12573 = VERTEX_POINT('NONE',#12574);
#12574 = CARTESIAN_POINT('',(3.850000000001,-3.7,-3.5E-02));
#12575 = LINE('',#12576,#12577);
#12576 = CARTESIAN_POINT('',(3.850000000001,-3.7,-3.5E-02));
#12577 = VECTOR('',#12578,1.);
#12578 = DIRECTION('',(0.,0.,1.));
#12579 = ORIENTED_EDGE('',*,*,#12580,.T.);
#12580 = EDGE_CURVE('NONE',#12573,#12526,#12581,.T.);
#12581 = LINE('',#12582,#12583);
#12582 = CARTESIAN_POINT('',(3.850000000001,-3.7,-3.5E-02));
#12583 = VECTOR('',#12584,1.);
#12584 = DIRECTION('',(1.,0.,0.));
#12585 = ORIENTED_EDGE('',*,*,#12525,.T.);
#12586 = PLANE('',#12587);
#12587 = AXIS2_PLACEMENT_3D('',#12588,#12589,#12590);
#12588 = CARTESIAN_POINT('',(3.850000000001,-3.7,-3.5E-02));
#12589 = DIRECTION('',(0.,-1.,0.));
#12590 = DIRECTION('',(0.,-0.,-1.));
#12591 = ADVANCED_FACE('NONE',(#12592),#12610,.T.);
#12592 = FACE_BOUND('',#12593,.T.);
#12593 = EDGE_LOOP('NONE',(#12594,#12595,#12603,#12609));
#12594 = ORIENTED_EDGE('',*,*,#12397,.F.);
#12595 = ORIENTED_EDGE('',*,*,#12596,.F.);
#12596 = EDGE_CURVE('NONE',#12597,#12390,#12599,.T.);
#12597 = VERTEX_POINT('NONE',#12598);
#12598 = CARTESIAN_POINT('',(3.850000000001,-2.9,-3.5E-02));
#12599 = LINE('',#12600,#12601);
#12600 = CARTESIAN_POINT('',(3.850000000001,-2.9,-3.5E-02));
#12601 = VECTOR('',#12602,1.);
#12602 = DIRECTION('',(0.,0.,1.));
#12603 = ORIENTED_EDGE('',*,*,#12604,.T.);
#12604 = EDGE_CURVE('NONE',#12597,#12573,#12605,.T.);
#12605 = LINE('',#12606,#12607);
#12606 = CARTESIAN_POINT('',(3.850000000001,-2.9,-3.5E-02));
#12607 = VECTOR('',#12608,1.);
#12608 = DIRECTION('',(0.,-1.,0.));
#12609 = ORIENTED_EDGE('',*,*,#12572,.T.);
#12610 = PLANE('',#12611);
#12611 = AXIS2_PLACEMENT_3D('',#12612,#12613,#12614);
#12612 = CARTESIAN_POINT('',(3.850000000001,-2.9,-3.5E-02));
#12613 = DIRECTION('',(-1.,0.,0.));
#12614 = DIRECTION('',(0.,0.,1.));
#12615 = ADVANCED_FACE('NONE',(#12616),#12627,.T.);
#12616 = FACE_BOUND('',#12617,.T.);
#12617 = EDGE_LOOP('NONE',(#12618,#12619,#12620,#12626));
#12618 = ORIENTED_EDGE('',*,*,#12389,.F.);
#12619 = ORIENTED_EDGE('',*,*,#12477,.F.);
#12620 = ORIENTED_EDGE('',*,*,#12621,.T.);
#12621 = EDGE_CURVE('NONE',#12470,#12597,#12622,.T.);
#12622 = LINE('',#12623,#12624);
#12623 = CARTESIAN_POINT('',(4.850000000001,-2.9,-3.5E-02));
#12624 = VECTOR('',#12625,1.);
#12625 = DIRECTION('',(-1.,0.,0.));
#12626 = ORIENTED_EDGE('',*,*,#12596,.T.);
#12627 = PLANE('',#12628);
#12628 = AXIS2_PLACEMENT_3D('',#12629,#12630,#12631);
#12629 = CARTESIAN_POINT('',(4.850000000001,-2.9,-3.5E-02));
#12630 = DIRECTION('',(0.,1.,-0.));
#12631 = DIRECTION('',(0.,0.,1.));
#12632 = ADVANCED_FACE('NONE',(#12633),#12641,.T.);
#12633 = FACE_BOUND('',#12634,.T.);
#12634 = EDGE_LOOP('NONE',(#12635,#12636,#12637,#12638,#12639,#12640));
#12635 = ORIENTED_EDGE('',*,*,#12469,.F.);
#12636 = ORIENTED_EDGE('',*,*,#12491,.F.);
#12637 = ORIENTED_EDGE('',*,*,#12533,.F.);
#12638 = ORIENTED_EDGE('',*,*,#12580,.F.);
#12639 = ORIENTED_EDGE('',*,*,#12604,.F.);
#12640 = ORIENTED_EDGE('',*,*,#12621,.F.);
#12641 = PLANE('',#12642);
#12642 = AXIS2_PLACEMENT_3D('',#12643,#12644,#12645);
#12643 = CARTESIAN_POINT('',(4.850000000001,-3.300038483597,-3.5E-02));
#12644 = DIRECTION('',(-0.,0.,-1.));
#12645 = DIRECTION('',(-1.,0.,0.));
#12646 = ADVANCED_FACE('NONE',(#12647),#12659,.T.);
#12647 = FACE_BOUND('',#12648,.T.);
#12648 = EDGE_LOOP('NONE',(#12649,#12650,#12657,#12658));
#12649 = ORIENTED_EDGE('',*,*,#12341,.F.);
#12650 = ORIENTED_EDGE('',*,*,#12651,.F.);
#12651 = EDGE_CURVE('NONE',#12430,#12331,#12652,.T.);
#12652 = CIRCLE('',#12653,0.225);
#12653 = AXIS2_PLACEMENT_3D('',#12654,#12655,#12656);
#12654 = CARTESIAN_POINT('',(4.850000000001,-3.300038483597,0.73));
#12655 = DIRECTION('',(0.,0.,1.));
#12656 = DIRECTION('',(-1.,0.,0.));
#12657 = ORIENTED_EDGE('',*,*,#12429,.T.);
#12658 = ORIENTED_EDGE('',*,*,#12372,.T.);
#12659 = CYLINDRICAL_SURFACE('',#12660,0.225);
#12660 = AXIS2_PLACEMENT_3D('',#12661,#12662,#12663);
#12661 = CARTESIAN_POINT('',(4.850000000001,-3.300038483597,0.73));
#12662 = DIRECTION('',(-0.,-0.,-1.));
#12663 = DIRECTION('',(-1.,0.,0.));
#12664 = ADVANCED_FACE('NONE',(#12665),#12690,.F.);
#12665 = FACE_BOUND('',#12666,.T.);
#12666 = EDGE_LOOP('NONE',(#12667,#12675,#12683,#12689));
#12667 = ORIENTED_EDGE('',*,*,#12668,.T.);
#12668 = EDGE_CURVE('NONE',#12438,#12669,#12671,.T.);
#12669 = VERTEX_POINT('NONE',#12670);
#12670 = CARTESIAN_POINT('',(4.450000000001,-2.9,0.73));
#12671 = LINE('',#12672,#12673);
#12672 = CARTESIAN_POINT('',(4.850000000001,-2.9,0.73));
#12673 = VECTOR('',#12674,1.);
#12674 = DIRECTION('',(-1.,0.,0.));
#12675 = ORIENTED_EDGE('',*,*,#12676,.F.);
#12676 = EDGE_CURVE('NONE',#12677,#12669,#12679,.T.);
#12677 = VERTEX_POINT('NONE',#12678);
#12678 = CARTESIAN_POINT('',(4.450000000001,-2.9,0.765));
#12679 = LINE('',#12680,#12681);
#12680 = CARTESIAN_POINT('',(4.450000000001,-2.9,0.765));
#12681 = VECTOR('',#12682,1.);
#12682 = DIRECTION('',(-0.,-0.,-1.));
#12683 = ORIENTED_EDGE('',*,*,#12684,.F.);
#12684 = EDGE_CURVE('NONE',#12446,#12677,#12685,.T.);
#12685 = LINE('',#12686,#12687);
#12686 = CARTESIAN_POINT('',(4.850000000001,-2.9,0.765));
#12687 = VECTOR('',#12688,1.);
#12688 = DIRECTION('',(-1.,0.,0.));
#12689 = ORIENTED_EDGE('',*,*,#12445,.T.);
#12690 = PLANE('',#12691);
#12691 = AXIS2_PLACEMENT_3D('',#12692,#12693,#12694);
#12692 = CARTESIAN_POINT('',(4.850000000001,-2.9,0.765));
#12693 = DIRECTION('',(0.,-1.,0.));
#12694 = DIRECTION('',(0.,-0.,-1.));
#12695 = ADVANCED_FACE('NONE',(#12696),#12721,.F.);
#12696 = FACE_BOUND('',#12697,.T.);
#12697 = EDGE_LOOP('NONE',(#12698,#12706,#12714,#12720));
#12698 = ORIENTED_EDGE('',*,*,#12699,.T.);
#12699 = EDGE_CURVE('NONE',#12669,#12700,#12702,.T.);
#12700 = VERTEX_POINT('NONE',#12701);
#12701 = CARTESIAN_POINT('',(4.450000000001,-3.7,0.73));
#12702 = LINE('',#12703,#12704);
#12703 = CARTESIAN_POINT('',(4.450000000001,-2.9,0.73));
#12704 = VECTOR('',#12705,1.);
#12705 = DIRECTION('',(0.,-1.,0.));
#12706 = ORIENTED_EDGE('',*,*,#12707,.F.);
#12707 = EDGE_CURVE('NONE',#12708,#12700,#12710,.T.);
#12708 = VERTEX_POINT('NONE',#12709);
#12709 = CARTESIAN_POINT('',(4.450000000001,-3.7,0.765));
#12710 = LINE('',#12711,#12712);
#12711 = CARTESIAN_POINT('',(4.450000000001,-3.7,0.765));
#12712 = VECTOR('',#12713,1.);
#12713 = DIRECTION('',(-0.,-0.,-1.));
#12714 = ORIENTED_EDGE('',*,*,#12715,.F.);
#12715 = EDGE_CURVE('NONE',#12677,#12708,#12716,.T.);
#12716 = LINE('',#12717,#12718);
#12717 = CARTESIAN_POINT('',(4.450000000001,-2.9,0.765));
#12718 = VECTOR('',#12719,1.);
#12719 = DIRECTION('',(0.,-1.,0.));
#12720 = ORIENTED_EDGE('',*,*,#12676,.T.);
#12721 = PLANE('',#12722);
#12722 = AXIS2_PLACEMENT_3D('',#12723,#12724,#12725);
#12723 = CARTESIAN_POINT('',(4.450000000001,-2.9,0.765));
#12724 = DIRECTION('',(1.,0.,-0.));
#12725 = DIRECTION('',(-0.,0.,-1.));
#12726 = ADVANCED_FACE('NONE',(#12727),#12743,.F.);
#12727 = FACE_BOUND('',#12728,.T.);
#12728 = EDGE_LOOP('NONE',(#12729,#12735,#12736,#12742));
#12729 = ORIENTED_EDGE('',*,*,#12730,.T.);
#12730 = EDGE_CURVE('NONE',#12700,#12549,#12731,.T.);
#12731 = LINE('',#12732,#12733);
#12732 = CARTESIAN_POINT('',(4.450000000001,-3.7,0.73));
#12733 = VECTOR('',#12734,1.);
#12734 = DIRECTION('',(1.,0.,0.));
#12735 = ORIENTED_EDGE('',*,*,#12548,.F.);
#12736 = ORIENTED_EDGE('',*,*,#12737,.F.);
#12737 = EDGE_CURVE('NONE',#12708,#12541,#12738,.T.);
#12738 = LINE('',#12739,#12740);
#12739 = CARTESIAN_POINT('',(4.450000000001,-3.7,0.765));
#12740 = VECTOR('',#12741,1.);
#12741 = DIRECTION('',(1.,0.,0.));
#12742 = ORIENTED_EDGE('',*,*,#12707,.T.);
#12743 = PLANE('',#12744);
#12744 = AXIS2_PLACEMENT_3D('',#12745,#12746,#12747);
#12745 = CARTESIAN_POINT('',(4.450000000001,-3.7,0.765));
#12746 = DIRECTION('',(0.,1.,0.));
#12747 = DIRECTION('',(0.,-0.,1.));
#12748 = ADVANCED_FACE('NONE',(#12749),#12757,.F.);
#12749 = FACE_BOUND('',#12750,.T.);
#12750 = EDGE_LOOP('NONE',(#12751,#12752,#12753,#12754,#12755,#12756));
#12751 = ORIENTED_EDGE('',*,*,#12508,.T.);
#12752 = ORIENTED_EDGE('',*,*,#12453,.T.);
#12753 = ORIENTED_EDGE('',*,*,#12684,.T.);
#12754 = ORIENTED_EDGE('',*,*,#12715,.T.);
#12755 = ORIENTED_EDGE('',*,*,#12737,.T.);
#12756 = ORIENTED_EDGE('',*,*,#12540,.T.);
#12757 = PLANE('',#12758);
#12758 = AXIS2_PLACEMENT_3D('',#12759,#12760,#12761);
#12759 = CARTESIAN_POINT('',(4.850000000001,-3.300038483597,0.765));
#12760 = DIRECTION('',(-0.,0.,-1.));
#12761 = DIRECTION('',(-1.,0.,0.));
#12762 = ADVANCED_FACE('NONE',(#12763),#12772,.T.);
#12763 = FACE_BOUND('',#12764,.T.);
#12764 = EDGE_LOOP('NONE',(#12765,#12766,#12767,#12768,#12769,#12770,
    #12771));
#12765 = ORIENTED_EDGE('',*,*,#12437,.F.);
#12766 = ORIENTED_EDGE('',*,*,#12651,.T.);
#12767 = ORIENTED_EDGE('',*,*,#12330,.T.);
#12768 = ORIENTED_EDGE('',*,*,#12556,.F.);
#12769 = ORIENTED_EDGE('',*,*,#12730,.F.);
#12770 = ORIENTED_EDGE('',*,*,#12699,.F.);
#12771 = ORIENTED_EDGE('',*,*,#12668,.F.);
#12772 = PLANE('',#12773);
#12773 = AXIS2_PLACEMENT_3D('',#12774,#12775,#12776);
#12774 = CARTESIAN_POINT('',(4.850000000001,-3.300038483597,0.73));
#12775 = DIRECTION('',(-0.,0.,-1.));
#12776 = DIRECTION('',(-1.,0.,0.));
#12777 = MANIFOLD_SOLID_BREP('Aufsatz-Linear austragen13[18]',#12778);
#12778 = CLOSED_SHELL('NONE',(#12779,#12821,#12877,#12940,#12973,#13020,
    #13044,#13068,#13085,#13099,#13117,#13148,#13179,#13201,#13215));
#12779 = ADVANCED_FACE('NONE',(#12780),#12816,.T.);
#12780 = FACE_BOUND('',#12781,.T.);
#12781 = EDGE_LOOP('NONE',(#12782,#12793,#12801,#12810));
#12782 = ORIENTED_EDGE('',*,*,#12783,.F.);
#12783 = EDGE_CURVE('NONE',#12784,#12786,#12788,.T.);
#12784 = VERTEX_POINT('NONE',#12785);
#12785 = CARTESIAN_POINT('',(4.625000000001,-4.400038483597,0.73));
#12786 = VERTEX_POINT('NONE',#12787);
#12787 = CARTESIAN_POINT('',(4.850000000001,-4.625038483597,0.73));
#12788 = CIRCLE('',#12789,0.225);
#12789 = AXIS2_PLACEMENT_3D('',#12790,#12791,#12792);
#12790 = CARTESIAN_POINT('',(4.850000000001,-4.400038483597,0.73));
#12791 = DIRECTION('',(0.,0.,1.));
#12792 = DIRECTION('',(-1.,0.,0.));
#12793 = ORIENTED_EDGE('',*,*,#12794,.T.);
#12794 = EDGE_CURVE('NONE',#12784,#12795,#12797,.T.);
#12795 = VERTEX_POINT('NONE',#12796);
#12796 = CARTESIAN_POINT('',(4.625000000001,-4.400038483597,0.));
#12797 = LINE('',#12798,#12799);
#12798 = CARTESIAN_POINT('',(4.625000000001,-4.400038483597,0.73));
#12799 = VECTOR('',#12800,1.);
#12800 = DIRECTION('',(-0.,-0.,-1.));
#12801 = ORIENTED_EDGE('',*,*,#12802,.T.);
#12802 = EDGE_CURVE('NONE',#12795,#12803,#12805,.T.);
#12803 = VERTEX_POINT('NONE',#12804);
#12804 = CARTESIAN_POINT('',(4.850000000001,-4.625038483597,0.));
#12805 = CIRCLE('',#12806,0.225);
#12806 = AXIS2_PLACEMENT_3D('',#12807,#12808,#12809);
#12807 = CARTESIAN_POINT('',(4.850000000001,-4.400038483597,0.));
#12808 = DIRECTION('',(0.,0.,1.));
#12809 = DIRECTION('',(-1.,0.,0.));
#12810 = ORIENTED_EDGE('',*,*,#12811,.F.);
#12811 = EDGE_CURVE('NONE',#12786,#12803,#12812,.T.);
#12812 = LINE('',#12813,#12814);
#12813 = CARTESIAN_POINT('',(4.850000000001,-4.625038483597,0.73));
#12814 = VECTOR('',#12815,1.);
#12815 = DIRECTION('',(-0.,-0.,-1.));
#12816 = CYLINDRICAL_SURFACE('',#12817,0.225);
#12817 = AXIS2_PLACEMENT_3D('',#12818,#12819,#12820);
#12818 = CARTESIAN_POINT('',(4.850000000001,-4.400038483597,0.73));
#12819 = DIRECTION('',(-0.,-0.,-1.));
#12820 = DIRECTION('',(-1.,0.,0.));
#12821 = ADVANCED_FACE('NONE',(#12822),#12872,.F.);
#12822 = FACE_BOUND('',#12823,.T.);
#12823 = EDGE_LOOP('NONE',(#12824,#12833,#12841,#12849,#12857,#12865,
    #12871));
#12824 = ORIENTED_EDGE('',*,*,#12825,.F.);
#12825 = EDGE_CURVE('NONE',#12826,#12795,#12828,.T.);
#12826 = VERTEX_POINT('NONE',#12827);
#12827 = CARTESIAN_POINT('',(4.850000000001,-4.175038483597,0.));
#12828 = CIRCLE('',#12829,0.225);
#12829 = AXIS2_PLACEMENT_3D('',#12830,#12831,#12832);
#12830 = CARTESIAN_POINT('',(4.850000000001,-4.400038483597,0.));
#12831 = DIRECTION('',(0.,0.,1.));
#12832 = DIRECTION('',(-1.,0.,0.));
#12833 = ORIENTED_EDGE('',*,*,#12834,.T.);
#12834 = EDGE_CURVE('NONE',#12826,#12835,#12837,.T.);
#12835 = VERTEX_POINT('NONE',#12836);
#12836 = CARTESIAN_POINT('',(4.850000000001,-4.05,0.));
#12837 = LINE('',#12838,#12839);
#12838 = CARTESIAN_POINT('',(4.850000000001,-4.200038483597,0.));
#12839 = VECTOR('',#12840,1.);
#12840 = DIRECTION('',(2.312371378851E-13,1.,0.));
#12841 = ORIENTED_EDGE('',*,*,#12842,.T.);
#12842 = EDGE_CURVE('NONE',#12835,#12843,#12845,.T.);
#12843 = VERTEX_POINT('NONE',#12844);
#12844 = CARTESIAN_POINT('',(3.850000000001,-4.05,0.));
#12845 = LINE('',#12846,#12847);
#12846 = CARTESIAN_POINT('',(4.850000000001,-4.05,0.));
#12847 = VECTOR('',#12848,1.);
#12848 = DIRECTION('',(-1.,0.,0.));
#12849 = ORIENTED_EDGE('',*,*,#12850,.T.);
#12850 = EDGE_CURVE('NONE',#12843,#12851,#12853,.T.);
#12851 = VERTEX_POINT('NONE',#12852);
#12852 = CARTESIAN_POINT('',(3.850000000001,-4.75,0.));
#12853 = LINE('',#12854,#12855);
#12854 = CARTESIAN_POINT('',(3.850000000001,-4.05,0.));
#12855 = VECTOR('',#12856,1.);
#12856 = DIRECTION('',(0.,-1.,0.));
#12857 = ORIENTED_EDGE('',*,*,#12858,.T.);
#12858 = EDGE_CURVE('NONE',#12851,#12859,#12861,.T.);
#12859 = VERTEX_POINT('NONE',#12860);
#12860 = CARTESIAN_POINT('',(4.850000000001,-4.75,0.));
#12861 = LINE('',#12862,#12863);
#12862 = CARTESIAN_POINT('',(3.850000000001,-4.75,0.));
#12863 = VECTOR('',#12864,1.);
#12864 = DIRECTION('',(1.,0.,0.));
#12865 = ORIENTED_EDGE('',*,*,#12866,.T.);
#12866 = EDGE_CURVE('NONE',#12859,#12803,#12867,.T.);
#12867 = LINE('',#12868,#12869);
#12868 = CARTESIAN_POINT('',(4.850000000001,-4.75,0.));
#12869 = VECTOR('',#12870,1.);
#12870 = DIRECTION('',(-2.313558194907E-13,1.,0.));
#12871 = ORIENTED_EDGE('',*,*,#12802,.F.);
#12872 = PLANE('',#12873);
#12873 = AXIS2_PLACEMENT_3D('',#12874,#12875,#12876);
#12874 = CARTESIAN_POINT('',(4.850000000001,-4.400038483597,0.));
#12875 = DIRECTION('',(-0.,0.,-1.));
#12876 = DIRECTION('',(-1.,0.,0.));
#12877 = ADVANCED_FACE('NONE',(#12878),#12935,.T.);
#12878 = FACE_BOUND('',#12879,.T.);
#12879 = EDGE_LOOP('NONE',(#12880,#12881,#12889,#12897,#12905,#12913,
    #12921,#12929));
#12880 = ORIENTED_EDGE('',*,*,#12834,.F.);
#12881 = ORIENTED_EDGE('',*,*,#12882,.F.);
#12882 = EDGE_CURVE('NONE',#12883,#12826,#12885,.T.);
#12883 = VERTEX_POINT('NONE',#12884);
#12884 = CARTESIAN_POINT('',(4.850000000001,-4.175038483597,0.73));
#12885 = LINE('',#12886,#12887);
#12886 = CARTESIAN_POINT('',(4.850000000001,-4.175038483597,0.73));
#12887 = VECTOR('',#12888,1.);
#12888 = DIRECTION('',(-0.,-0.,-1.));
#12889 = ORIENTED_EDGE('',*,*,#12890,.T.);
#12890 = EDGE_CURVE('NONE',#12883,#12891,#12893,.T.);
#12891 = VERTEX_POINT('NONE',#12892);
#12892 = CARTESIAN_POINT('',(4.850000000001,-4.05,0.73));
#12893 = LINE('',#12894,#12895);
#12894 = CARTESIAN_POINT('',(4.850000000001,-4.05,0.73));
#12895 = VECTOR('',#12896,1.);
#12896 = DIRECTION('',(-0.,1.,-0.));
#12897 = ORIENTED_EDGE('',*,*,#12898,.F.);
#12898 = EDGE_CURVE('NONE',#12899,#12891,#12901,.T.);
#12899 = VERTEX_POINT('NONE',#12900);
#12900 = CARTESIAN_POINT('',(4.850000000001,-4.05,0.765));
#12901 = LINE('',#12902,#12903);
#12902 = CARTESIAN_POINT('',(4.850000000001,-4.05,0.765));
#12903 = VECTOR('',#12904,1.);
#12904 = DIRECTION('',(-0.,-0.,-1.));
#12905 = ORIENTED_EDGE('',*,*,#12906,.F.);
#12906 = EDGE_CURVE('NONE',#12907,#12899,#12909,.T.);
#12907 = VERTEX_POINT('NONE',#12908);
#12908 = CARTESIAN_POINT('',(4.850000000001,-4.200038483597,0.765));
#12909 = LINE('',#12910,#12911);
#12910 = CARTESIAN_POINT('',(4.850000000001,-4.05,0.765));
#12911 = VECTOR('',#12912,1.);
#12912 = DIRECTION('',(-0.,1.,-0.));
#12913 = ORIENTED_EDGE('',*,*,#12914,.F.);
#12914 = EDGE_CURVE('NONE',#12915,#12907,#12917,.T.);
#12915 = VERTEX_POINT('NONE',#12916);
#12916 = CARTESIAN_POINT('',(4.850000000001,-4.200038483597,-3.5E-02));
#12917 = LINE('',#12918,#12919);
#12918 = CARTESIAN_POINT('',(4.850000000001,-4.200038483597,-3.5E-02));
#12919 = VECTOR('',#12920,1.);
#12920 = DIRECTION('',(0.,0.,1.));
#12921 = ORIENTED_EDGE('',*,*,#12922,.T.);
#12922 = EDGE_CURVE('NONE',#12915,#12923,#12925,.T.);
#12923 = VERTEX_POINT('NONE',#12924);
#12924 = CARTESIAN_POINT('',(4.850000000001,-4.05,-3.5E-02));
#12925 = LINE('',#12926,#12927);
#12926 = CARTESIAN_POINT('',(4.850000000001,-4.200038483597,-3.5E-02));
#12927 = VECTOR('',#12928,1.);
#12928 = DIRECTION('',(2.312371378851E-13,1.,0.));
#12929 = ORIENTED_EDGE('',*,*,#12930,.T.);
#12930 = EDGE_CURVE('NONE',#12923,#12835,#12931,.T.);
#12931 = LINE('',#12932,#12933);
#12932 = CARTESIAN_POINT('',(4.850000000001,-4.05,-3.5E-02));
#12933 = VECTOR('',#12934,1.);
#12934 = DIRECTION('',(0.,0.,1.));
#12935 = PLANE('',#12936);
#12936 = AXIS2_PLACEMENT_3D('',#12937,#12938,#12939);
#12937 = CARTESIAN_POINT('',(4.850000000001,-4.200038483597,-3.5E-02));
#12938 = DIRECTION('',(1.,-2.312371378851E-13,0.));
#12939 = DIRECTION('',(2.312371378851E-13,1.,0.));
#12940 = ADVANCED_FACE('NONE',(#12941),#12968,.F.);
#12941 = FACE_BOUND('',#12942,.F.);
#12942 = EDGE_LOOP('NONE',(#12943,#12952,#12960,#12967));
#12943 = ORIENTED_EDGE('',*,*,#12944,.F.);
#12944 = EDGE_CURVE('NONE',#12945,#12915,#12947,.T.);
#12945 = VERTEX_POINT('NONE',#12946);
#12946 = CARTESIAN_POINT('',(4.850000000001,-4.600038483597,-3.5E-02));
#12947 = CIRCLE('',#12948,0.2);
#12948 = AXIS2_PLACEMENT_3D('',#12949,#12950,#12951);
#12949 = CARTESIAN_POINT('',(4.850000000001,-4.400038483597,-3.5E-02));
#12950 = DIRECTION('',(-0.,0.,-1.));
#12951 = DIRECTION('',(-1.,0.,0.));
#12952 = ORIENTED_EDGE('',*,*,#12953,.T.);
#12953 = EDGE_CURVE('NONE',#12945,#12954,#12956,.T.);
#12954 = VERTEX_POINT('NONE',#12955);
#12955 = CARTESIAN_POINT('',(4.850000000001,-4.600038483597,0.765));
#12956 = LINE('',#12957,#12958);
#12957 = CARTESIAN_POINT('',(4.850000000001,-4.600038483597,-3.5E-02));
#12958 = VECTOR('',#12959,1.);
#12959 = DIRECTION('',(0.,0.,1.));
#12960 = ORIENTED_EDGE('',*,*,#12961,.T.);
#12961 = EDGE_CURVE('NONE',#12954,#12907,#12962,.T.);
#12962 = CIRCLE('',#12963,0.2);
#12963 = AXIS2_PLACEMENT_3D('',#12964,#12965,#12966);
#12964 = CARTESIAN_POINT('',(4.850000000001,-4.400038483597,0.765));
#12965 = DIRECTION('',(-0.,0.,-1.));
#12966 = DIRECTION('',(-1.,0.,0.));
#12967 = ORIENTED_EDGE('',*,*,#12914,.F.);
#12968 = CYLINDRICAL_SURFACE('',#12969,0.2);
#12969 = AXIS2_PLACEMENT_3D('',#12970,#12971,#12972);
#12970 = CARTESIAN_POINT('',(4.850000000001,-4.400038483597,-3.5E-02));
#12971 = DIRECTION('',(0.,0.,1.));
#12972 = DIRECTION('',(1.,0.,-0.));
#12973 = ADVANCED_FACE('NONE',(#12974),#13015,.T.);
#12974 = FACE_BOUND('',#12975,.T.);
#12975 = EDGE_LOOP('NONE',(#12976,#12977,#12985,#12991,#12992,#13000,
    #13008,#13014));
#12976 = ORIENTED_EDGE('',*,*,#12866,.F.);
#12977 = ORIENTED_EDGE('',*,*,#12978,.F.);
#12978 = EDGE_CURVE('NONE',#12979,#12859,#12981,.T.);
#12979 = VERTEX_POINT('NONE',#12980);
#12980 = CARTESIAN_POINT('',(4.850000000001,-4.75,-3.5E-02));
#12981 = LINE('',#12982,#12983);
#12982 = CARTESIAN_POINT('',(4.850000000001,-4.75,-3.5E-02));
#12983 = VECTOR('',#12984,1.);
#12984 = DIRECTION('',(0.,0.,1.));
#12985 = ORIENTED_EDGE('',*,*,#12986,.T.);
#12986 = EDGE_CURVE('NONE',#12979,#12945,#12987,.T.);
#12987 = LINE('',#12988,#12989);
#12988 = CARTESIAN_POINT('',(4.850000000001,-4.75,-3.5E-02));
#12989 = VECTOR('',#12990,1.);
#12990 = DIRECTION('',(-2.313558194907E-13,1.,0.));
#12991 = ORIENTED_EDGE('',*,*,#12953,.T.);
#12992 = ORIENTED_EDGE('',*,*,#12993,.F.);
#12993 = EDGE_CURVE('NONE',#12994,#12954,#12996,.T.);
#12994 = VERTEX_POINT('NONE',#12995);
#12995 = CARTESIAN_POINT('',(4.850000000001,-4.75,0.765));
#12996 = LINE('',#12997,#12998);
#12997 = CARTESIAN_POINT('',(4.850000000001,-4.600038483597,0.765));
#12998 = VECTOR('',#12999,1.);
#12999 = DIRECTION('',(-0.,1.,-0.));
#13000 = ORIENTED_EDGE('',*,*,#13001,.T.);
#13001 = EDGE_CURVE('NONE',#12994,#13002,#13004,.T.);
#13002 = VERTEX_POINT('NONE',#13003);
#13003 = CARTESIAN_POINT('',(4.850000000001,-4.75,0.73));
#13004 = LINE('',#13005,#13006);
#13005 = CARTESIAN_POINT('',(4.850000000001,-4.75,0.765));
#13006 = VECTOR('',#13007,1.);
#13007 = DIRECTION('',(-0.,-0.,-1.));
#13008 = ORIENTED_EDGE('',*,*,#13009,.T.);
#13009 = EDGE_CURVE('NONE',#13002,#12786,#13010,.T.);
#13010 = LINE('',#13011,#13012);
#13011 = CARTESIAN_POINT('',(4.850000000001,-4.600038483597,0.73));
#13012 = VECTOR('',#13013,1.);
#13013 = DIRECTION('',(-0.,1.,-0.));
#13014 = ORIENTED_EDGE('',*,*,#12811,.T.);
#13015 = PLANE('',#13016);
#13016 = AXIS2_PLACEMENT_3D('',#13017,#13018,#13019);
#13017 = CARTESIAN_POINT('',(4.850000000001,-4.75,-3.5E-02));
#13018 = DIRECTION('',(1.,2.313558194907E-13,-0.));
#13019 = DIRECTION('',(-2.313558194907E-13,1.,0.));
#13020 = ADVANCED_FACE('NONE',(#13021),#13039,.T.);
#13021 = FACE_BOUND('',#13022,.T.);
#13022 = EDGE_LOOP('NONE',(#13023,#13024,#13032,#13038));
#13023 = ORIENTED_EDGE('',*,*,#12858,.F.);
#13024 = ORIENTED_EDGE('',*,*,#13025,.F.);
#13025 = EDGE_CURVE('NONE',#13026,#12851,#13028,.T.);
#13026 = VERTEX_POINT('NONE',#13027);
#13027 = CARTESIAN_POINT('',(3.850000000001,-4.75,-3.5E-02));
#13028 = LINE('',#13029,#13030);
#13029 = CARTESIAN_POINT('',(3.850000000001,-4.75,-3.5E-02));
#13030 = VECTOR('',#13031,1.);
#13031 = DIRECTION('',(0.,0.,1.));
#13032 = ORIENTED_EDGE('',*,*,#13033,.T.);
#13033 = EDGE_CURVE('NONE',#13026,#12979,#13034,.T.);
#13034 = LINE('',#13035,#13036);
#13035 = CARTESIAN_POINT('',(3.850000000001,-4.75,-3.5E-02));
#13036 = VECTOR('',#13037,1.);
#13037 = DIRECTION('',(1.,0.,0.));
#13038 = ORIENTED_EDGE('',*,*,#12978,.T.);
#13039 = PLANE('',#13040);
#13040 = AXIS2_PLACEMENT_3D('',#13041,#13042,#13043);
#13041 = CARTESIAN_POINT('',(3.850000000001,-4.75,-3.5E-02));
#13042 = DIRECTION('',(0.,-1.,0.));
#13043 = DIRECTION('',(0.,-0.,-1.));
#13044 = ADVANCED_FACE('NONE',(#13045),#13063,.T.);
#13045 = FACE_BOUND('',#13046,.T.);
#13046 = EDGE_LOOP('NONE',(#13047,#13048,#13056,#13062));
#13047 = ORIENTED_EDGE('',*,*,#12850,.F.);
#13048 = ORIENTED_EDGE('',*,*,#13049,.F.);
#13049 = EDGE_CURVE('NONE',#13050,#12843,#13052,.T.);
#13050 = VERTEX_POINT('NONE',#13051);
#13051 = CARTESIAN_POINT('',(3.850000000001,-4.05,-3.5E-02));
#13052 = LINE('',#13053,#13054);
#13053 = CARTESIAN_POINT('',(3.850000000001,-4.05,-3.5E-02));
#13054 = VECTOR('',#13055,1.);
#13055 = DIRECTION('',(0.,0.,1.));
#13056 = ORIENTED_EDGE('',*,*,#13057,.T.);
#13057 = EDGE_CURVE('NONE',#13050,#13026,#13058,.T.);
#13058 = LINE('',#13059,#13060);
#13059 = CARTESIAN_POINT('',(3.850000000001,-4.05,-3.5E-02));
#13060 = VECTOR('',#13061,1.);
#13061 = DIRECTION('',(0.,-1.,0.));
#13062 = ORIENTED_EDGE('',*,*,#13025,.T.);
#13063 = PLANE('',#13064);
#13064 = AXIS2_PLACEMENT_3D('',#13065,#13066,#13067);
#13065 = CARTESIAN_POINT('',(3.850000000001,-4.05,-3.5E-02));
#13066 = DIRECTION('',(-1.,0.,0.));
#13067 = DIRECTION('',(0.,0.,1.));
#13068 = ADVANCED_FACE('NONE',(#13069),#13080,.T.);
#13069 = FACE_BOUND('',#13070,.T.);
#13070 = EDGE_LOOP('NONE',(#13071,#13072,#13073,#13079));
#13071 = ORIENTED_EDGE('',*,*,#12842,.F.);
#13072 = ORIENTED_EDGE('',*,*,#12930,.F.);
#13073 = ORIENTED_EDGE('',*,*,#13074,.T.);
#13074 = EDGE_CURVE('NONE',#12923,#13050,#13075,.T.);
#13075 = LINE('',#13076,#13077);
#13076 = CARTESIAN_POINT('',(4.850000000001,-4.05,-3.5E-02));
#13077 = VECTOR('',#13078,1.);
#13078 = DIRECTION('',(-1.,0.,0.));
#13079 = ORIENTED_EDGE('',*,*,#13049,.T.);
#13080 = PLANE('',#13081);
#13081 = AXIS2_PLACEMENT_3D('',#13082,#13083,#13084);
#13082 = CARTESIAN_POINT('',(4.850000000001,-4.05,-3.5E-02));
#13083 = DIRECTION('',(0.,1.,-0.));
#13084 = DIRECTION('',(0.,0.,1.));
#13085 = ADVANCED_FACE('NONE',(#13086),#13094,.T.);
#13086 = FACE_BOUND('',#13087,.T.);
#13087 = EDGE_LOOP('NONE',(#13088,#13089,#13090,#13091,#13092,#13093));
#13088 = ORIENTED_EDGE('',*,*,#12922,.F.);
#13089 = ORIENTED_EDGE('',*,*,#12944,.F.);
#13090 = ORIENTED_EDGE('',*,*,#12986,.F.);
#13091 = ORIENTED_EDGE('',*,*,#13033,.F.);
#13092 = ORIENTED_EDGE('',*,*,#13057,.F.);
#13093 = ORIENTED_EDGE('',*,*,#13074,.F.);
#13094 = PLANE('',#13095);
#13095 = AXIS2_PLACEMENT_3D('',#13096,#13097,#13098);
#13096 = CARTESIAN_POINT('',(4.850000000001,-4.400038483597,-3.5E-02));
#13097 = DIRECTION('',(-0.,0.,-1.));
#13098 = DIRECTION('',(-1.,0.,0.));
#13099 = ADVANCED_FACE('NONE',(#13100),#13112,.T.);
#13100 = FACE_BOUND('',#13101,.T.);
#13101 = EDGE_LOOP('NONE',(#13102,#13103,#13110,#13111));
#13102 = ORIENTED_EDGE('',*,*,#12794,.F.);
#13103 = ORIENTED_EDGE('',*,*,#13104,.F.);
#13104 = EDGE_CURVE('NONE',#12883,#12784,#13105,.T.);
#13105 = CIRCLE('',#13106,0.225);
#13106 = AXIS2_PLACEMENT_3D('',#13107,#13108,#13109);
#13107 = CARTESIAN_POINT('',(4.850000000001,-4.400038483597,0.73));
#13108 = DIRECTION('',(0.,0.,1.));
#13109 = DIRECTION('',(-1.,0.,0.));
#13110 = ORIENTED_EDGE('',*,*,#12882,.T.);
#13111 = ORIENTED_EDGE('',*,*,#12825,.T.);
#13112 = CYLINDRICAL_SURFACE('',#13113,0.225);
#13113 = AXIS2_PLACEMENT_3D('',#13114,#13115,#13116);
#13114 = CARTESIAN_POINT('',(4.850000000001,-4.400038483597,0.73));
#13115 = DIRECTION('',(-0.,-0.,-1.));
#13116 = DIRECTION('',(-1.,0.,0.));
#13117 = ADVANCED_FACE('NONE',(#13118),#13143,.F.);
#13118 = FACE_BOUND('',#13119,.T.);
#13119 = EDGE_LOOP('NONE',(#13120,#13128,#13136,#13142));
#13120 = ORIENTED_EDGE('',*,*,#13121,.T.);
#13121 = EDGE_CURVE('NONE',#12891,#13122,#13124,.T.);
#13122 = VERTEX_POINT('NONE',#13123);
#13123 = CARTESIAN_POINT('',(4.450000000001,-4.05,0.73));
#13124 = LINE('',#13125,#13126);
#13125 = CARTESIAN_POINT('',(4.850000000001,-4.05,0.73));
#13126 = VECTOR('',#13127,1.);
#13127 = DIRECTION('',(-1.,0.,0.));
#13128 = ORIENTED_EDGE('',*,*,#13129,.F.);
#13129 = EDGE_CURVE('NONE',#13130,#13122,#13132,.T.);
#13130 = VERTEX_POINT('NONE',#13131);
#13131 = CARTESIAN_POINT('',(4.450000000001,-4.05,0.765));
#13132 = LINE('',#13133,#13134);
#13133 = CARTESIAN_POINT('',(4.450000000001,-4.05,0.765));
#13134 = VECTOR('',#13135,1.);
#13135 = DIRECTION('',(-0.,-0.,-1.));
#13136 = ORIENTED_EDGE('',*,*,#13137,.F.);
#13137 = EDGE_CURVE('NONE',#12899,#13130,#13138,.T.);
#13138 = LINE('',#13139,#13140);
#13139 = CARTESIAN_POINT('',(4.850000000001,-4.05,0.765));
#13140 = VECTOR('',#13141,1.);
#13141 = DIRECTION('',(-1.,0.,0.));
#13142 = ORIENTED_EDGE('',*,*,#12898,.T.);
#13143 = PLANE('',#13144);
#13144 = AXIS2_PLACEMENT_3D('',#13145,#13146,#13147);
#13145 = CARTESIAN_POINT('',(4.850000000001,-4.05,0.765));
#13146 = DIRECTION('',(0.,-1.,0.));
#13147 = DIRECTION('',(0.,-0.,-1.));
#13148 = ADVANCED_FACE('NONE',(#13149),#13174,.F.);
#13149 = FACE_BOUND('',#13150,.T.);
#13150 = EDGE_LOOP('NONE',(#13151,#13159,#13167,#13173));
#13151 = ORIENTED_EDGE('',*,*,#13152,.T.);
#13152 = EDGE_CURVE('NONE',#13122,#13153,#13155,.T.);
#13153 = VERTEX_POINT('NONE',#13154);
#13154 = CARTESIAN_POINT('',(4.450000000001,-4.75,0.73));
#13155 = LINE('',#13156,#13157);
#13156 = CARTESIAN_POINT('',(4.450000000001,-4.05,0.73));
#13157 = VECTOR('',#13158,1.);
#13158 = DIRECTION('',(0.,-1.,0.));
#13159 = ORIENTED_EDGE('',*,*,#13160,.F.);
#13160 = EDGE_CURVE('NONE',#13161,#13153,#13163,.T.);
#13161 = VERTEX_POINT('NONE',#13162);
#13162 = CARTESIAN_POINT('',(4.450000000001,-4.75,0.765));
#13163 = LINE('',#13164,#13165);
#13164 = CARTESIAN_POINT('',(4.450000000001,-4.75,0.765));
#13165 = VECTOR('',#13166,1.);
#13166 = DIRECTION('',(-0.,-0.,-1.));
#13167 = ORIENTED_EDGE('',*,*,#13168,.F.);
#13168 = EDGE_CURVE('NONE',#13130,#13161,#13169,.T.);
#13169 = LINE('',#13170,#13171);
#13170 = CARTESIAN_POINT('',(4.450000000001,-4.05,0.765));
#13171 = VECTOR('',#13172,1.);
#13172 = DIRECTION('',(0.,-1.,0.));
#13173 = ORIENTED_EDGE('',*,*,#13129,.T.);
#13174 = PLANE('',#13175);
#13175 = AXIS2_PLACEMENT_3D('',#13176,#13177,#13178);
#13176 = CARTESIAN_POINT('',(4.450000000001,-4.05,0.765));
#13177 = DIRECTION('',(1.,0.,-0.));
#13178 = DIRECTION('',(-0.,0.,-1.));
#13179 = ADVANCED_FACE('NONE',(#13180),#13196,.F.);
#13180 = FACE_BOUND('',#13181,.T.);
#13181 = EDGE_LOOP('NONE',(#13182,#13188,#13189,#13195));
#13182 = ORIENTED_EDGE('',*,*,#13183,.T.);
#13183 = EDGE_CURVE('NONE',#13153,#13002,#13184,.T.);
#13184 = LINE('',#13185,#13186);
#13185 = CARTESIAN_POINT('',(4.450000000001,-4.75,0.73));
#13186 = VECTOR('',#13187,1.);
#13187 = DIRECTION('',(1.,0.,0.));
#13188 = ORIENTED_EDGE('',*,*,#13001,.F.);
#13189 = ORIENTED_EDGE('',*,*,#13190,.F.);
#13190 = EDGE_CURVE('NONE',#13161,#12994,#13191,.T.);
#13191 = LINE('',#13192,#13193);
#13192 = CARTESIAN_POINT('',(4.450000000001,-4.75,0.765));
#13193 = VECTOR('',#13194,1.);
#13194 = DIRECTION('',(1.,0.,0.));
#13195 = ORIENTED_EDGE('',*,*,#13160,.T.);
#13196 = PLANE('',#13197);
#13197 = AXIS2_PLACEMENT_3D('',#13198,#13199,#13200);
#13198 = CARTESIAN_POINT('',(4.450000000001,-4.75,0.765));
#13199 = DIRECTION('',(0.,1.,0.));
#13200 = DIRECTION('',(0.,-0.,1.));
#13201 = ADVANCED_FACE('NONE',(#13202),#13210,.F.);
#13202 = FACE_BOUND('',#13203,.T.);
#13203 = EDGE_LOOP('NONE',(#13204,#13205,#13206,#13207,#13208,#13209));
#13204 = ORIENTED_EDGE('',*,*,#12961,.T.);
#13205 = ORIENTED_EDGE('',*,*,#12906,.T.);
#13206 = ORIENTED_EDGE('',*,*,#13137,.T.);
#13207 = ORIENTED_EDGE('',*,*,#13168,.T.);
#13208 = ORIENTED_EDGE('',*,*,#13190,.T.);
#13209 = ORIENTED_EDGE('',*,*,#12993,.T.);
#13210 = PLANE('',#13211);
#13211 = AXIS2_PLACEMENT_3D('',#13212,#13213,#13214);
#13212 = CARTESIAN_POINT('',(4.850000000001,-4.400038483597,0.765));
#13213 = DIRECTION('',(-0.,0.,-1.));
#13214 = DIRECTION('',(-1.,0.,0.));
#13215 = ADVANCED_FACE('NONE',(#13216),#13225,.T.);
#13216 = FACE_BOUND('',#13217,.T.);
#13217 = EDGE_LOOP('NONE',(#13218,#13219,#13220,#13221,#13222,#13223,
    #13224));
#13218 = ORIENTED_EDGE('',*,*,#12890,.F.);
#13219 = ORIENTED_EDGE('',*,*,#13104,.T.);
#13220 = ORIENTED_EDGE('',*,*,#12783,.T.);
#13221 = ORIENTED_EDGE('',*,*,#13009,.F.);
#13222 = ORIENTED_EDGE('',*,*,#13183,.F.);
#13223 = ORIENTED_EDGE('',*,*,#13152,.F.);
#13224 = ORIENTED_EDGE('',*,*,#13121,.F.);
#13225 = PLANE('',#13226);
#13226 = AXIS2_PLACEMENT_3D('',#13227,#13228,#13229);
#13227 = CARTESIAN_POINT('',(4.850000000001,-4.400038483597,0.73));
#13228 = DIRECTION('',(-0.,0.,-1.));
#13229 = DIRECTION('',(-1.,0.,0.));
#13230 = MANIFOLD_SOLID_BREP('Aufsatz-Linear austragen16',#13231);
#13231 = CLOSED_SHELL('NONE',(#13232,#13274,#13316,#13358,#13400,#13442,
    #13484,#13526,#13568,#13610,#13652,#13683,#13716,#13747,#13780,
    #13811,#13844,#13875,#13908,#13939,#13972,#14003,#14036,#14067,
    #14100,#14131,#14164,#14195,#14226,#14257,#14281,#14312,#14336,
    #14367,#14391,#14422,#14446,#14477,#14501,#14532,#14556,#14587,
    #14611,#14642,#14666,#14697,#14721,#14752,#14783,#14805,#14862));
#13232 = ADVANCED_FACE('NONE',(#13233),#13269,.F.);
#13233 = FACE_BOUND('',#13234,.F.);
#13234 = EDGE_LOOP('NONE',(#13235,#13245,#13254,#13262));
#13235 = ORIENTED_EDGE('',*,*,#13236,.T.);
#13236 = EDGE_CURVE('NONE',#13237,#13239,#13241,.T.);
#13237 = VERTEX_POINT('NONE',#13238);
#13238 = CARTESIAN_POINT('',(4.850000000001,4.624961516403,0.73));
#13239 = VERTEX_POINT('NONE',#13240);
#13240 = CARTESIAN_POINT('',(4.850000000001,4.624961516403,0.));
#13241 = LINE('',#13242,#13243);
#13242 = CARTESIAN_POINT('',(4.850000000001,4.624961516403,0.73));
#13243 = VECTOR('',#13244,1.);
#13244 = DIRECTION('',(-0.,-0.,-1.));
#13245 = ORIENTED_EDGE('',*,*,#13246,.F.);
#13246 = EDGE_CURVE('NONE',#13247,#13239,#13249,.T.);
#13247 = VERTEX_POINT('NONE',#13248);
#13248 = CARTESIAN_POINT('',(4.625000000001,4.399961516403,0.));
#13249 = CIRCLE('',#13250,0.225);
#13250 = AXIS2_PLACEMENT_3D('',#13251,#13252,#13253);
#13251 = CARTESIAN_POINT('',(4.850000000001,4.399961516403,0.));
#13252 = DIRECTION('',(-0.,0.,-1.));
#13253 = DIRECTION('',(-1.,0.,0.));
#13254 = ORIENTED_EDGE('',*,*,#13255,.F.);
#13255 = EDGE_CURVE('NONE',#13256,#13247,#13258,.T.);
#13256 = VERTEX_POINT('NONE',#13257);
#13257 = CARTESIAN_POINT('',(4.625000000001,4.399961516403,0.73));
#13258 = LINE('',#13259,#13260);
#13259 = CARTESIAN_POINT('',(4.625000000001,4.399961516403,0.73));
#13260 = VECTOR('',#13261,1.);
#13261 = DIRECTION('',(-0.,-0.,-1.));
#13262 = ORIENTED_EDGE('',*,*,#13263,.T.);
#13263 = EDGE_CURVE('NONE',#13256,#13237,#13264,.T.);
#13264 = CIRCLE('',#13265,0.225);
#13265 = AXIS2_PLACEMENT_3D('',#13266,#13267,#13268);
#13266 = CARTESIAN_POINT('',(4.850000000001,4.399961516403,0.73));
#13267 = DIRECTION('',(-0.,0.,-1.));
#13268 = DIRECTION('',(-1.,0.,0.));
#13269 = CYLINDRICAL_SURFACE('',#13270,0.225);
#13270 = AXIS2_PLACEMENT_3D('',#13271,#13272,#13273);
#13271 = CARTESIAN_POINT('',(4.850000000001,4.399961516403,0.73));
#13272 = DIRECTION('',(-0.,-0.,-1.));
#13273 = DIRECTION('',(-1.,0.,0.));
#13274 = ADVANCED_FACE('NONE',(#13275),#13311,.F.);
#13275 = FACE_BOUND('',#13276,.F.);
#13276 = EDGE_LOOP('NONE',(#13277,#13287,#13296,#13304));
#13277 = ORIENTED_EDGE('',*,*,#13278,.T.);
#13278 = EDGE_CURVE('NONE',#13279,#13281,#13283,.T.);
#13279 = VERTEX_POINT('NONE',#13280);
#13280 = CARTESIAN_POINT('',(4.850000000001,3.524961516403,0.73));
#13281 = VERTEX_POINT('NONE',#13282);
#13282 = CARTESIAN_POINT('',(4.850000000001,3.524961516403,0.));
#13283 = LINE('',#13284,#13285);
#13284 = CARTESIAN_POINT('',(4.850000000001,3.524961516403,0.73));
#13285 = VECTOR('',#13286,1.);
#13286 = DIRECTION('',(-0.,-0.,-1.));
#13287 = ORIENTED_EDGE('',*,*,#13288,.F.);
#13288 = EDGE_CURVE('NONE',#13289,#13281,#13291,.T.);
#13289 = VERTEX_POINT('NONE',#13290);
#13290 = CARTESIAN_POINT('',(4.625000000001,3.299961516403,0.));
#13291 = CIRCLE('',#13292,0.225);
#13292 = AXIS2_PLACEMENT_3D('',#13293,#13294,#13295);
#13293 = CARTESIAN_POINT('',(4.850000000001,3.299961516403,0.));
#13294 = DIRECTION('',(-0.,0.,-1.));
#13295 = DIRECTION('',(-1.,0.,0.));
#13296 = ORIENTED_EDGE('',*,*,#13297,.F.);
#13297 = EDGE_CURVE('NONE',#13298,#13289,#13300,.T.);
#13298 = VERTEX_POINT('NONE',#13299);
#13299 = CARTESIAN_POINT('',(4.625000000001,3.299961516403,0.73));
#13300 = LINE('',#13301,#13302);
#13301 = CARTESIAN_POINT('',(4.625000000001,3.299961516403,0.73));
#13302 = VECTOR('',#13303,1.);
#13303 = DIRECTION('',(-0.,-0.,-1.));
#13304 = ORIENTED_EDGE('',*,*,#13305,.T.);
#13305 = EDGE_CURVE('NONE',#13298,#13279,#13306,.T.);
#13306 = CIRCLE('',#13307,0.225);
#13307 = AXIS2_PLACEMENT_3D('',#13308,#13309,#13310);
#13308 = CARTESIAN_POINT('',(4.850000000001,3.299961516403,0.73));
#13309 = DIRECTION('',(-0.,0.,-1.));
#13310 = DIRECTION('',(-1.,0.,0.));
#13311 = CYLINDRICAL_SURFACE('',#13312,0.225);
#13312 = AXIS2_PLACEMENT_3D('',#13313,#13314,#13315);
#13313 = CARTESIAN_POINT('',(4.850000000001,3.299961516403,0.73));
#13314 = DIRECTION('',(-0.,-0.,-1.));
#13315 = DIRECTION('',(-1.,0.,0.));
#13316 = ADVANCED_FACE('NONE',(#13317),#13353,.F.);
#13317 = FACE_BOUND('',#13318,.F.);
#13318 = EDGE_LOOP('NONE',(#13319,#13329,#13338,#13346));
#13319 = ORIENTED_EDGE('',*,*,#13320,.T.);
#13320 = EDGE_CURVE('NONE',#13321,#13323,#13325,.T.);
#13321 = VERTEX_POINT('NONE',#13322);
#13322 = CARTESIAN_POINT('',(4.850000000001,2.424961516403,0.73));
#13323 = VERTEX_POINT('NONE',#13324);
#13324 = CARTESIAN_POINT('',(4.850000000001,2.424961516403,0.));
#13325 = LINE('',#13326,#13327);
#13326 = CARTESIAN_POINT('',(4.850000000001,2.424961516403,0.73));
#13327 = VECTOR('',#13328,1.);
#13328 = DIRECTION('',(-0.,-0.,-1.));
#13329 = ORIENTED_EDGE('',*,*,#13330,.F.);
#13330 = EDGE_CURVE('NONE',#13331,#13323,#13333,.T.);
#13331 = VERTEX_POINT('NONE',#13332);
#13332 = CARTESIAN_POINT('',(4.625000000001,2.199961516403,0.));
#13333 = CIRCLE('',#13334,0.225);
#13334 = AXIS2_PLACEMENT_3D('',#13335,#13336,#13337);
#13335 = CARTESIAN_POINT('',(4.850000000001,2.199961516403,0.));
#13336 = DIRECTION('',(-0.,0.,-1.));
#13337 = DIRECTION('',(-1.,0.,0.));
#13338 = ORIENTED_EDGE('',*,*,#13339,.F.);
#13339 = EDGE_CURVE('NONE',#13340,#13331,#13342,.T.);
#13340 = VERTEX_POINT('NONE',#13341);
#13341 = CARTESIAN_POINT('',(4.625000000001,2.199961516403,0.73));
#13342 = LINE('',#13343,#13344);
#13343 = CARTESIAN_POINT('',(4.625000000001,2.199961516403,0.73));
#13344 = VECTOR('',#13345,1.);
#13345 = DIRECTION('',(-0.,-0.,-1.));
#13346 = ORIENTED_EDGE('',*,*,#13347,.T.);
#13347 = EDGE_CURVE('NONE',#13340,#13321,#13348,.T.);
#13348 = CIRCLE('',#13349,0.225);
#13349 = AXIS2_PLACEMENT_3D('',#13350,#13351,#13352);
#13350 = CARTESIAN_POINT('',(4.850000000001,2.199961516403,0.73));
#13351 = DIRECTION('',(-0.,0.,-1.));
#13352 = DIRECTION('',(-1.,0.,0.));
#13353 = CYLINDRICAL_SURFACE('',#13354,0.225);
#13354 = AXIS2_PLACEMENT_3D('',#13355,#13356,#13357);
#13355 = CARTESIAN_POINT('',(4.850000000001,2.199961516403,0.73));
#13356 = DIRECTION('',(-0.,-0.,-1.));
#13357 = DIRECTION('',(-1.,0.,0.));
#13358 = ADVANCED_FACE('NONE',(#13359),#13395,.F.);
#13359 = FACE_BOUND('',#13360,.F.);
#13360 = EDGE_LOOP('NONE',(#13361,#13371,#13380,#13388));
#13361 = ORIENTED_EDGE('',*,*,#13362,.T.);
#13362 = EDGE_CURVE('NONE',#13363,#13365,#13367,.T.);
#13363 = VERTEX_POINT('NONE',#13364);
#13364 = CARTESIAN_POINT('',(4.850000000001,1.324961516403,0.73));
#13365 = VERTEX_POINT('NONE',#13366);
#13366 = CARTESIAN_POINT('',(4.850000000001,1.324961516403,0.));
#13367 = LINE('',#13368,#13369);
#13368 = CARTESIAN_POINT('',(4.850000000001,1.324961516403,0.73));
#13369 = VECTOR('',#13370,1.);
#13370 = DIRECTION('',(-0.,-0.,-1.));
#13371 = ORIENTED_EDGE('',*,*,#13372,.F.);
#13372 = EDGE_CURVE('NONE',#13373,#13365,#13375,.T.);
#13373 = VERTEX_POINT('NONE',#13374);
#13374 = CARTESIAN_POINT('',(4.625000000001,1.099961516403,0.));
#13375 = CIRCLE('',#13376,0.225);
#13376 = AXIS2_PLACEMENT_3D('',#13377,#13378,#13379);
#13377 = CARTESIAN_POINT('',(4.850000000001,1.099961516403,0.));
#13378 = DIRECTION('',(-0.,0.,-1.));
#13379 = DIRECTION('',(-1.,0.,0.));
#13380 = ORIENTED_EDGE('',*,*,#13381,.F.);
#13381 = EDGE_CURVE('NONE',#13382,#13373,#13384,.T.);
#13382 = VERTEX_POINT('NONE',#13383);
#13383 = CARTESIAN_POINT('',(4.625000000001,1.099961516403,0.73));
#13384 = LINE('',#13385,#13386);
#13385 = CARTESIAN_POINT('',(4.625000000001,1.099961516403,0.73));
#13386 = VECTOR('',#13387,1.);
#13387 = DIRECTION('',(-0.,-0.,-1.));
#13388 = ORIENTED_EDGE('',*,*,#13389,.T.);
#13389 = EDGE_CURVE('NONE',#13382,#13363,#13390,.T.);
#13390 = CIRCLE('',#13391,0.225);
#13391 = AXIS2_PLACEMENT_3D('',#13392,#13393,#13394);
#13392 = CARTESIAN_POINT('',(4.850000000001,1.099961516403,0.73));
#13393 = DIRECTION('',(-0.,0.,-1.));
#13394 = DIRECTION('',(-1.,0.,0.));
#13395 = CYLINDRICAL_SURFACE('',#13396,0.225);
#13396 = AXIS2_PLACEMENT_3D('',#13397,#13398,#13399);
#13397 = CARTESIAN_POINT('',(4.850000000001,1.099961516403,0.73));
#13398 = DIRECTION('',(-0.,-0.,-1.));
#13399 = DIRECTION('',(-1.,0.,0.));
#13400 = ADVANCED_FACE('NONE',(#13401),#13437,.F.);
#13401 = FACE_BOUND('',#13402,.F.);
#13402 = EDGE_LOOP('NONE',(#13403,#13413,#13422,#13430));
#13403 = ORIENTED_EDGE('',*,*,#13404,.T.);
#13404 = EDGE_CURVE('NONE',#13405,#13407,#13409,.T.);
#13405 = VERTEX_POINT('NONE',#13406);
#13406 = CARTESIAN_POINT('',(4.850000000001,0.224961516403,0.73));
#13407 = VERTEX_POINT('NONE',#13408);
#13408 = CARTESIAN_POINT('',(4.850000000001,0.224961516403,0.));
#13409 = LINE('',#13410,#13411);
#13410 = CARTESIAN_POINT('',(4.850000000001,0.224961516403,0.73));
#13411 = VECTOR('',#13412,1.);
#13412 = DIRECTION('',(-0.,-0.,-1.));
#13413 = ORIENTED_EDGE('',*,*,#13414,.F.);
#13414 = EDGE_CURVE('NONE',#13415,#13407,#13417,.T.);
#13415 = VERTEX_POINT('NONE',#13416);
#13416 = CARTESIAN_POINT('',(4.625000000001,-3.848359675374E-05,0.));
#13417 = CIRCLE('',#13418,0.225);
#13418 = AXIS2_PLACEMENT_3D('',#13419,#13420,#13421);
#13419 = CARTESIAN_POINT('',(4.850000000001,-3.848359675374E-05,0.));
#13420 = DIRECTION('',(-0.,0.,-1.));
#13421 = DIRECTION('',(-1.,0.,0.));
#13422 = ORIENTED_EDGE('',*,*,#13423,.F.);
#13423 = EDGE_CURVE('NONE',#13424,#13415,#13426,.T.);
#13424 = VERTEX_POINT('NONE',#13425);
#13425 = CARTESIAN_POINT('',(4.625000000001,-3.848359675374E-05,0.73));
#13426 = LINE('',#13427,#13428);
#13427 = CARTESIAN_POINT('',(4.625000000001,-3.848359675374E-05,0.73));
#13428 = VECTOR('',#13429,1.);
#13429 = DIRECTION('',(-0.,-0.,-1.));
#13430 = ORIENTED_EDGE('',*,*,#13431,.T.);
#13431 = EDGE_CURVE('NONE',#13424,#13405,#13432,.T.);
#13432 = CIRCLE('',#13433,0.225);
#13433 = AXIS2_PLACEMENT_3D('',#13434,#13435,#13436);
#13434 = CARTESIAN_POINT('',(4.850000000001,-3.848359675374E-05,0.73));
#13435 = DIRECTION('',(-0.,0.,-1.));
#13436 = DIRECTION('',(-1.,0.,0.));
#13437 = CYLINDRICAL_SURFACE('',#13438,0.225);
#13438 = AXIS2_PLACEMENT_3D('',#13439,#13440,#13441);
#13439 = CARTESIAN_POINT('',(4.850000000001,-3.848359675374E-05,0.73));
#13440 = DIRECTION('',(-0.,-0.,-1.));
#13441 = DIRECTION('',(-1.,0.,0.));
#13442 = ADVANCED_FACE('NONE',(#13443),#13479,.F.);
#13443 = FACE_BOUND('',#13444,.F.);
#13444 = EDGE_LOOP('NONE',(#13445,#13455,#13464,#13472));
#13445 = ORIENTED_EDGE('',*,*,#13446,.T.);
#13446 = EDGE_CURVE('NONE',#13447,#13449,#13451,.T.);
#13447 = VERTEX_POINT('NONE',#13448);
#13448 = CARTESIAN_POINT('',(4.850000000001,-0.875038483597,0.73));
#13449 = VERTEX_POINT('NONE',#13450);
#13450 = CARTESIAN_POINT('',(4.850000000001,-0.875038483597,0.));
#13451 = LINE('',#13452,#13453);
#13452 = CARTESIAN_POINT('',(4.850000000001,-0.875038483597,0.73));
#13453 = VECTOR('',#13454,1.);
#13454 = DIRECTION('',(-0.,-0.,-1.));
#13455 = ORIENTED_EDGE('',*,*,#13456,.F.);
#13456 = EDGE_CURVE('NONE',#13457,#13449,#13459,.T.);
#13457 = VERTEX_POINT('NONE',#13458);
#13458 = CARTESIAN_POINT('',(4.625000000001,-1.100038483597,0.));
#13459 = CIRCLE('',#13460,0.225);
#13460 = AXIS2_PLACEMENT_3D('',#13461,#13462,#13463);
#13461 = CARTESIAN_POINT('',(4.850000000001,-1.100038483597,0.));
#13462 = DIRECTION('',(-0.,0.,-1.));
#13463 = DIRECTION('',(-1.,0.,0.));
#13464 = ORIENTED_EDGE('',*,*,#13465,.F.);
#13465 = EDGE_CURVE('NONE',#13466,#13457,#13468,.T.);
#13466 = VERTEX_POINT('NONE',#13467);
#13467 = CARTESIAN_POINT('',(4.625000000001,-1.100038483597,0.73));
#13468 = LINE('',#13469,#13470);
#13469 = CARTESIAN_POINT('',(4.625000000001,-1.100038483597,0.73));
#13470 = VECTOR('',#13471,1.);
#13471 = DIRECTION('',(-0.,-0.,-1.));
#13472 = ORIENTED_EDGE('',*,*,#13473,.T.);
#13473 = EDGE_CURVE('NONE',#13466,#13447,#13474,.T.);
#13474 = CIRCLE('',#13475,0.225);
#13475 = AXIS2_PLACEMENT_3D('',#13476,#13477,#13478);
#13476 = CARTESIAN_POINT('',(4.850000000001,-1.100038483597,0.73));
#13477 = DIRECTION('',(-0.,0.,-1.));
#13478 = DIRECTION('',(-1.,0.,0.));
#13479 = CYLINDRICAL_SURFACE('',#13480,0.225);
#13480 = AXIS2_PLACEMENT_3D('',#13481,#13482,#13483);
#13481 = CARTESIAN_POINT('',(4.850000000001,-1.100038483597,0.73));
#13482 = DIRECTION('',(-0.,-0.,-1.));
#13483 = DIRECTION('',(-1.,0.,0.));
#13484 = ADVANCED_FACE('NONE',(#13485),#13521,.F.);
#13485 = FACE_BOUND('',#13486,.F.);
#13486 = EDGE_LOOP('NONE',(#13487,#13497,#13506,#13514));
#13487 = ORIENTED_EDGE('',*,*,#13488,.T.);
#13488 = EDGE_CURVE('NONE',#13489,#13491,#13493,.T.);
#13489 = VERTEX_POINT('NONE',#13490);
#13490 = CARTESIAN_POINT('',(4.850000000001,-1.975038483597,0.73));
#13491 = VERTEX_POINT('NONE',#13492);
#13492 = CARTESIAN_POINT('',(4.850000000001,-1.975038483597,0.));
#13493 = LINE('',#13494,#13495);
#13494 = CARTESIAN_POINT('',(4.850000000001,-1.975038483597,0.73));
#13495 = VECTOR('',#13496,1.);
#13496 = DIRECTION('',(-0.,-0.,-1.));
#13497 = ORIENTED_EDGE('',*,*,#13498,.F.);
#13498 = EDGE_CURVE('NONE',#13499,#13491,#13501,.T.);
#13499 = VERTEX_POINT('NONE',#13500);
#13500 = CARTESIAN_POINT('',(4.625000000001,-2.200038483597,0.));
#13501 = CIRCLE('',#13502,0.225);
#13502 = AXIS2_PLACEMENT_3D('',#13503,#13504,#13505);
#13503 = CARTESIAN_POINT('',(4.850000000001,-2.200038483597,0.));
#13504 = DIRECTION('',(-0.,0.,-1.));
#13505 = DIRECTION('',(-1.,0.,0.));
#13506 = ORIENTED_EDGE('',*,*,#13507,.F.);
#13507 = EDGE_CURVE('NONE',#13508,#13499,#13510,.T.);
#13508 = VERTEX_POINT('NONE',#13509);
#13509 = CARTESIAN_POINT('',(4.625000000001,-2.200038483597,0.73));
#13510 = LINE('',#13511,#13512);
#13511 = CARTESIAN_POINT('',(4.625000000001,-2.200038483597,0.73));
#13512 = VECTOR('',#13513,1.);
#13513 = DIRECTION('',(-0.,-0.,-1.));
#13514 = ORIENTED_EDGE('',*,*,#13515,.T.);
#13515 = EDGE_CURVE('NONE',#13508,#13489,#13516,.T.);
#13516 = CIRCLE('',#13517,0.225);
#13517 = AXIS2_PLACEMENT_3D('',#13518,#13519,#13520);
#13518 = CARTESIAN_POINT('',(4.850000000001,-2.200038483597,0.73));
#13519 = DIRECTION('',(-0.,0.,-1.));
#13520 = DIRECTION('',(-1.,0.,0.));
#13521 = CYLINDRICAL_SURFACE('',#13522,0.225);
#13522 = AXIS2_PLACEMENT_3D('',#13523,#13524,#13525);
#13523 = CARTESIAN_POINT('',(4.850000000001,-2.200038483597,0.73));
#13524 = DIRECTION('',(-0.,-0.,-1.));
#13525 = DIRECTION('',(-1.,0.,0.));
#13526 = ADVANCED_FACE('NONE',(#13527),#13563,.F.);
#13527 = FACE_BOUND('',#13528,.F.);
#13528 = EDGE_LOOP('NONE',(#13529,#13539,#13548,#13556));
#13529 = ORIENTED_EDGE('',*,*,#13530,.T.);
#13530 = EDGE_CURVE('NONE',#13531,#13533,#13535,.T.);
#13531 = VERTEX_POINT('NONE',#13532);
#13532 = CARTESIAN_POINT('',(4.850000000001,-3.075038483597,0.73));
#13533 = VERTEX_POINT('NONE',#13534);
#13534 = CARTESIAN_POINT('',(4.850000000001,-3.075038483597,0.));
#13535 = LINE('',#13536,#13537);
#13536 = CARTESIAN_POINT('',(4.850000000001,-3.075038483597,0.73));
#13537 = VECTOR('',#13538,1.);
#13538 = DIRECTION('',(-0.,-0.,-1.));
#13539 = ORIENTED_EDGE('',*,*,#13540,.F.);
#13540 = EDGE_CURVE('NONE',#13541,#13533,#13543,.T.);
#13541 = VERTEX_POINT('NONE',#13542);
#13542 = CARTESIAN_POINT('',(4.625000000001,-3.300038483597,0.));
#13543 = CIRCLE('',#13544,0.225);
#13544 = AXIS2_PLACEMENT_3D('',#13545,#13546,#13547);
#13545 = CARTESIAN_POINT('',(4.850000000001,-3.300038483597,0.));
#13546 = DIRECTION('',(-0.,0.,-1.));
#13547 = DIRECTION('',(-1.,0.,0.));
#13548 = ORIENTED_EDGE('',*,*,#13549,.F.);
#13549 = EDGE_CURVE('NONE',#13550,#13541,#13552,.T.);
#13550 = VERTEX_POINT('NONE',#13551);
#13551 = CARTESIAN_POINT('',(4.625000000001,-3.300038483597,0.73));
#13552 = LINE('',#13553,#13554);
#13553 = CARTESIAN_POINT('',(4.625000000001,-3.300038483597,0.73));
#13554 = VECTOR('',#13555,1.);
#13555 = DIRECTION('',(-0.,-0.,-1.));
#13556 = ORIENTED_EDGE('',*,*,#13557,.T.);
#13557 = EDGE_CURVE('NONE',#13550,#13531,#13558,.T.);
#13558 = CIRCLE('',#13559,0.225);
#13559 = AXIS2_PLACEMENT_3D('',#13560,#13561,#13562);
#13560 = CARTESIAN_POINT('',(4.850000000001,-3.300038483597,0.73));
#13561 = DIRECTION('',(-0.,0.,-1.));
#13562 = DIRECTION('',(-1.,0.,0.));
#13563 = CYLINDRICAL_SURFACE('',#13564,0.225);
#13564 = AXIS2_PLACEMENT_3D('',#13565,#13566,#13567);
#13565 = CARTESIAN_POINT('',(4.850000000001,-3.300038483597,0.73));
#13566 = DIRECTION('',(-0.,-0.,-1.));
#13567 = DIRECTION('',(-1.,0.,0.));
#13568 = ADVANCED_FACE('NONE',(#13569),#13605,.F.);
#13569 = FACE_BOUND('',#13570,.F.);
#13570 = EDGE_LOOP('NONE',(#13571,#13581,#13590,#13598));
#13571 = ORIENTED_EDGE('',*,*,#13572,.T.);
#13572 = EDGE_CURVE('NONE',#13573,#13575,#13577,.T.);
#13573 = VERTEX_POINT('NONE',#13574);
#13574 = CARTESIAN_POINT('',(4.850000000001,-4.175038483597,0.73));
#13575 = VERTEX_POINT('NONE',#13576);
#13576 = CARTESIAN_POINT('',(4.850000000001,-4.175038483597,0.));
#13577 = LINE('',#13578,#13579);
#13578 = CARTESIAN_POINT('',(4.850000000001,-4.175038483597,0.73));
#13579 = VECTOR('',#13580,1.);
#13580 = DIRECTION('',(-0.,-0.,-1.));
#13581 = ORIENTED_EDGE('',*,*,#13582,.F.);
#13582 = EDGE_CURVE('NONE',#13583,#13575,#13585,.T.);
#13583 = VERTEX_POINT('NONE',#13584);
#13584 = CARTESIAN_POINT('',(4.625000000001,-4.400038483597,0.));
#13585 = CIRCLE('',#13586,0.225);
#13586 = AXIS2_PLACEMENT_3D('',#13587,#13588,#13589);
#13587 = CARTESIAN_POINT('',(4.850000000001,-4.400038483597,0.));
#13588 = DIRECTION('',(-0.,0.,-1.));
#13589 = DIRECTION('',(-1.,0.,0.));
#13590 = ORIENTED_EDGE('',*,*,#13591,.F.);
#13591 = EDGE_CURVE('NONE',#13592,#13583,#13594,.T.);
#13592 = VERTEX_POINT('NONE',#13593);
#13593 = CARTESIAN_POINT('',(4.625000000001,-4.400038483597,0.73));
#13594 = LINE('',#13595,#13596);
#13595 = CARTESIAN_POINT('',(4.625000000001,-4.400038483597,0.73));
#13596 = VECTOR('',#13597,1.);
#13597 = DIRECTION('',(-0.,-0.,-1.));
#13598 = ORIENTED_EDGE('',*,*,#13599,.T.);
#13599 = EDGE_CURVE('NONE',#13592,#13573,#13600,.T.);
#13600 = CIRCLE('',#13601,0.225);
#13601 = AXIS2_PLACEMENT_3D('',#13602,#13603,#13604);
#13602 = CARTESIAN_POINT('',(4.850000000001,-4.400038483597,0.73));
#13603 = DIRECTION('',(-0.,0.,-1.));
#13604 = DIRECTION('',(-1.,0.,0.));
#13605 = CYLINDRICAL_SURFACE('',#13606,0.225);
#13606 = AXIS2_PLACEMENT_3D('',#13607,#13608,#13609);
#13607 = CARTESIAN_POINT('',(4.850000000001,-4.400038483597,0.73));
#13608 = DIRECTION('',(-0.,-0.,-1.));
#13609 = DIRECTION('',(-1.,0.,0.));
#13610 = ADVANCED_FACE('NONE',(#13611),#13647,.F.);
#13611 = FACE_BOUND('',#13612,.F.);
#13612 = EDGE_LOOP('NONE',(#13613,#13623,#13632,#13640));
#13613 = ORIENTED_EDGE('',*,*,#13614,.F.);
#13614 = EDGE_CURVE('NONE',#13615,#13617,#13619,.T.);
#13615 = VERTEX_POINT('NONE',#13616);
#13616 = CARTESIAN_POINT('',(-4.850000000001,4.624961516403,0.73));
#13617 = VERTEX_POINT('NONE',#13618);
#13618 = CARTESIAN_POINT('',(-4.850000000001,4.624961516403,0.));
#13619 = LINE('',#13620,#13621);
#13620 = CARTESIAN_POINT('',(-4.850000000001,4.624961516403,0.73));
#13621 = VECTOR('',#13622,1.);
#13622 = DIRECTION('',(-0.,-0.,-1.));
#13623 = ORIENTED_EDGE('',*,*,#13624,.T.);
#13624 = EDGE_CURVE('NONE',#13615,#13625,#13627,.T.);
#13625 = VERTEX_POINT('NONE',#13626);
#13626 = CARTESIAN_POINT('',(-4.850000000001,4.174961516403,0.73));
#13627 = CIRCLE('',#13628,0.225);
#13628 = AXIS2_PLACEMENT_3D('',#13629,#13630,#13631);
#13629 = CARTESIAN_POINT('',(-4.850000000001,4.399961516403,0.73));
#13630 = DIRECTION('',(0.,0.,-1.));
#13631 = DIRECTION('',(1.,0.,0.));
#13632 = ORIENTED_EDGE('',*,*,#13633,.T.);
#13633 = EDGE_CURVE('NONE',#13625,#13634,#13636,.T.);
#13634 = VERTEX_POINT('NONE',#13635);
#13635 = CARTESIAN_POINT('',(-4.850000000001,4.174961516403,0.));
#13636 = LINE('',#13637,#13638);
#13637 = CARTESIAN_POINT('',(-4.850000000001,4.174961516403,0.73));
#13638 = VECTOR('',#13639,1.);
#13639 = DIRECTION('',(-0.,-0.,-1.));
#13640 = ORIENTED_EDGE('',*,*,#13641,.F.);
#13641 = EDGE_CURVE('NONE',#13617,#13634,#13642,.T.);
#13642 = CIRCLE('',#13643,0.225);
#13643 = AXIS2_PLACEMENT_3D('',#13644,#13645,#13646);
#13644 = CARTESIAN_POINT('',(-4.850000000001,4.399961516403,0.));
#13645 = DIRECTION('',(0.,0.,-1.));
#13646 = DIRECTION('',(1.,0.,0.));
#13647 = CYLINDRICAL_SURFACE('',#13648,0.225);
#13648 = AXIS2_PLACEMENT_3D('',#13649,#13650,#13651);
#13649 = CARTESIAN_POINT('',(-4.850000000001,4.399961516403,0.73));
#13650 = DIRECTION('',(-0.,-0.,-1.));
#13651 = DIRECTION('',(-1.,0.,0.));
#13652 = ADVANCED_FACE('NONE',(#13653),#13678,.F.);
#13653 = FACE_BOUND('',#13654,.T.);
#13654 = EDGE_LOOP('NONE',(#13655,#13663,#13671,#13677));
#13655 = ORIENTED_EDGE('',*,*,#13656,.T.);
#13656 = EDGE_CURVE('NONE',#13634,#13657,#13659,.T.);
#13657 = VERTEX_POINT('NONE',#13658);
#13658 = CARTESIAN_POINT('',(-4.850000000001,3.524961516403,0.));
#13659 = LINE('',#13660,#13661);
#13660 = CARTESIAN_POINT('',(-4.850000000001,3.524961516403,0.));
#13661 = VECTOR('',#13662,1.);
#13662 = DIRECTION('',(-5.737931497462E-14,-1.,-0.));
#13663 = ORIENTED_EDGE('',*,*,#13664,.F.);
#13664 = EDGE_CURVE('NONE',#13665,#13657,#13667,.T.);
#13665 = VERTEX_POINT('NONE',#13666);
#13666 = CARTESIAN_POINT('',(-4.850000000001,3.524961516403,0.73));
#13667 = LINE('',#13668,#13669);
#13668 = CARTESIAN_POINT('',(-4.850000000001,3.524961516403,0.73));
#13669 = VECTOR('',#13670,1.);
#13670 = DIRECTION('',(-0.,-0.,-1.));
#13671 = ORIENTED_EDGE('',*,*,#13672,.F.);
#13672 = EDGE_CURVE('NONE',#13625,#13665,#13673,.T.);
#13673 = LINE('',#13674,#13675);
#13674 = CARTESIAN_POINT('',(-4.850000000001,3.524961516403,0.73));
#13675 = VECTOR('',#13676,1.);
#13676 = DIRECTION('',(-5.737931497462E-14,-1.,-0.));
#13677 = ORIENTED_EDGE('',*,*,#13633,.T.);
#13678 = PLANE('',#13679);
#13679 = AXIS2_PLACEMENT_3D('',#13680,#13681,#13682);
#13680 = CARTESIAN_POINT('',(-4.850000000001,3.524961516403,0.73));
#13681 = DIRECTION('',(1.,-5.737931497462E-14,0.));
#13682 = DIRECTION('',(5.737931497462E-14,1.,0.));
#13683 = ADVANCED_FACE('NONE',(#13684),#13711,.F.);
#13684 = FACE_BOUND('',#13685,.F.);
#13685 = EDGE_LOOP('NONE',(#13686,#13687,#13696,#13704));
#13686 = ORIENTED_EDGE('',*,*,#13664,.F.);
#13687 = ORIENTED_EDGE('',*,*,#13688,.T.);
#13688 = EDGE_CURVE('NONE',#13665,#13689,#13691,.T.);
#13689 = VERTEX_POINT('NONE',#13690);
#13690 = CARTESIAN_POINT('',(-4.850000000001,3.074961516403,0.73));
#13691 = CIRCLE('',#13692,0.225);
#13692 = AXIS2_PLACEMENT_3D('',#13693,#13694,#13695);
#13693 = CARTESIAN_POINT('',(-4.850000000001,3.299961516403,0.73));
#13694 = DIRECTION('',(0.,0.,-1.));
#13695 = DIRECTION('',(1.,0.,0.));
#13696 = ORIENTED_EDGE('',*,*,#13697,.T.);
#13697 = EDGE_CURVE('NONE',#13689,#13698,#13700,.T.);
#13698 = VERTEX_POINT('NONE',#13699);
#13699 = CARTESIAN_POINT('',(-4.850000000001,3.074961516403,0.));
#13700 = LINE('',#13701,#13702);
#13701 = CARTESIAN_POINT('',(-4.850000000001,3.074961516403,0.73));
#13702 = VECTOR('',#13703,1.);
#13703 = DIRECTION('',(-0.,-0.,-1.));
#13704 = ORIENTED_EDGE('',*,*,#13705,.F.);
#13705 = EDGE_CURVE('NONE',#13657,#13698,#13706,.T.);
#13706 = CIRCLE('',#13707,0.225);
#13707 = AXIS2_PLACEMENT_3D('',#13708,#13709,#13710);
#13708 = CARTESIAN_POINT('',(-4.850000000001,3.299961516403,0.));
#13709 = DIRECTION('',(0.,0.,-1.));
#13710 = DIRECTION('',(1.,0.,0.));
#13711 = CYLINDRICAL_SURFACE('',#13712,0.225);
#13712 = AXIS2_PLACEMENT_3D('',#13713,#13714,#13715);
#13713 = CARTESIAN_POINT('',(-4.850000000001,3.299961516403,0.73));
#13714 = DIRECTION('',(-0.,-0.,-1.));
#13715 = DIRECTION('',(-1.,0.,0.));
#13716 = ADVANCED_FACE('NONE',(#13717),#13742,.F.);
#13717 = FACE_BOUND('',#13718,.T.);
#13718 = EDGE_LOOP('NONE',(#13719,#13727,#13735,#13741));
#13719 = ORIENTED_EDGE('',*,*,#13720,.T.);
#13720 = EDGE_CURVE('NONE',#13698,#13721,#13723,.T.);
#13721 = VERTEX_POINT('NONE',#13722);
#13722 = CARTESIAN_POINT('',(-4.850000000001,2.424961516403,0.));
#13723 = LINE('',#13724,#13725);
#13724 = CARTESIAN_POINT('',(-4.850000000001,2.424961516403,0.));
#13725 = VECTOR('',#13726,1.);
#13726 = DIRECTION('',(-5.737931497462E-14,-1.,-0.));
#13727 = ORIENTED_EDGE('',*,*,#13728,.F.);
#13728 = EDGE_CURVE('NONE',#13729,#13721,#13731,.T.);
#13729 = VERTEX_POINT('NONE',#13730);
#13730 = CARTESIAN_POINT('',(-4.850000000001,2.424961516403,0.73));
#13731 = LINE('',#13732,#13733);
#13732 = CARTESIAN_POINT('',(-4.850000000001,2.424961516403,0.73));
#13733 = VECTOR('',#13734,1.);
#13734 = DIRECTION('',(-0.,-0.,-1.));
#13735 = ORIENTED_EDGE('',*,*,#13736,.F.);
#13736 = EDGE_CURVE('NONE',#13689,#13729,#13737,.T.);
#13737 = LINE('',#13738,#13739);
#13738 = CARTESIAN_POINT('',(-4.850000000001,2.424961516403,0.73));
#13739 = VECTOR('',#13740,1.);
#13740 = DIRECTION('',(-5.737931497462E-14,-1.,-0.));
#13741 = ORIENTED_EDGE('',*,*,#13697,.T.);
#13742 = PLANE('',#13743);
#13743 = AXIS2_PLACEMENT_3D('',#13744,#13745,#13746);
#13744 = CARTESIAN_POINT('',(-4.850000000001,2.424961516403,0.73));
#13745 = DIRECTION('',(1.,-5.737931497462E-14,0.));
#13746 = DIRECTION('',(5.737931497462E-14,1.,0.));
#13747 = ADVANCED_FACE('NONE',(#13748),#13775,.F.);
#13748 = FACE_BOUND('',#13749,.F.);
#13749 = EDGE_LOOP('NONE',(#13750,#13751,#13760,#13768));
#13750 = ORIENTED_EDGE('',*,*,#13728,.F.);
#13751 = ORIENTED_EDGE('',*,*,#13752,.T.);
#13752 = EDGE_CURVE('NONE',#13729,#13753,#13755,.T.);
#13753 = VERTEX_POINT('NONE',#13754);
#13754 = CARTESIAN_POINT('',(-4.850000000001,1.974961516403,0.73));
#13755 = CIRCLE('',#13756,0.225);
#13756 = AXIS2_PLACEMENT_3D('',#13757,#13758,#13759);
#13757 = CARTESIAN_POINT('',(-4.850000000001,2.199961516403,0.73));
#13758 = DIRECTION('',(0.,0.,-1.));
#13759 = DIRECTION('',(1.,0.,0.));
#13760 = ORIENTED_EDGE('',*,*,#13761,.T.);
#13761 = EDGE_CURVE('NONE',#13753,#13762,#13764,.T.);
#13762 = VERTEX_POINT('NONE',#13763);
#13763 = CARTESIAN_POINT('',(-4.850000000001,1.974961516403,0.));
#13764 = LINE('',#13765,#13766);
#13765 = CARTESIAN_POINT('',(-4.850000000001,1.974961516403,0.73));
#13766 = VECTOR('',#13767,1.);
#13767 = DIRECTION('',(-0.,-0.,-1.));
#13768 = ORIENTED_EDGE('',*,*,#13769,.F.);
#13769 = EDGE_CURVE('NONE',#13721,#13762,#13770,.T.);
#13770 = CIRCLE('',#13771,0.225);
#13771 = AXIS2_PLACEMENT_3D('',#13772,#13773,#13774);
#13772 = CARTESIAN_POINT('',(-4.850000000001,2.199961516403,0.));
#13773 = DIRECTION('',(0.,0.,-1.));
#13774 = DIRECTION('',(1.,0.,0.));
#13775 = CYLINDRICAL_SURFACE('',#13776,0.225);
#13776 = AXIS2_PLACEMENT_3D('',#13777,#13778,#13779);
#13777 = CARTESIAN_POINT('',(-4.850000000001,2.199961516403,0.73));
#13778 = DIRECTION('',(-0.,-0.,-1.));
#13779 = DIRECTION('',(-1.,0.,0.));
#13780 = ADVANCED_FACE('NONE',(#13781),#13806,.F.);
#13781 = FACE_BOUND('',#13782,.T.);
#13782 = EDGE_LOOP('NONE',(#13783,#13791,#13799,#13805));
#13783 = ORIENTED_EDGE('',*,*,#13784,.T.);
#13784 = EDGE_CURVE('NONE',#13762,#13785,#13787,.T.);
#13785 = VERTEX_POINT('NONE',#13786);
#13786 = CARTESIAN_POINT('',(-4.850000000001,1.324961516403,0.));
#13787 = LINE('',#13788,#13789);
#13788 = CARTESIAN_POINT('',(-4.850000000001,1.324961516403,0.));
#13789 = VECTOR('',#13790,1.);
#13790 = DIRECTION('',(1.668003342285E-13,-1.,-0.));
#13791 = ORIENTED_EDGE('',*,*,#13792,.F.);
#13792 = EDGE_CURVE('NONE',#13793,#13785,#13795,.T.);
#13793 = VERTEX_POINT('NONE',#13794);
#13794 = CARTESIAN_POINT('',(-4.850000000001,1.324961516403,0.73));
#13795 = LINE('',#13796,#13797);
#13796 = CARTESIAN_POINT('',(-4.850000000001,1.324961516403,0.73));
#13797 = VECTOR('',#13798,1.);
#13798 = DIRECTION('',(-0.,-0.,-1.));
#13799 = ORIENTED_EDGE('',*,*,#13800,.F.);
#13800 = EDGE_CURVE('NONE',#13753,#13793,#13801,.T.);
#13801 = LINE('',#13802,#13803);
#13802 = CARTESIAN_POINT('',(-4.850000000001,1.324961516403,0.73));
#13803 = VECTOR('',#13804,1.);
#13804 = DIRECTION('',(1.668003342285E-13,-1.,-0.));
#13805 = ORIENTED_EDGE('',*,*,#13761,.T.);
#13806 = PLANE('',#13807);
#13807 = AXIS2_PLACEMENT_3D('',#13808,#13809,#13810);
#13808 = CARTESIAN_POINT('',(-4.850000000001,1.324961516403,0.73));
#13809 = DIRECTION('',(1.,1.668003342285E-13,-0.));
#13810 = DIRECTION('',(-1.668003342285E-13,1.,0.));
#13811 = ADVANCED_FACE('NONE',(#13812),#13839,.F.);
#13812 = FACE_BOUND('',#13813,.F.);
#13813 = EDGE_LOOP('NONE',(#13814,#13815,#13824,#13832));
#13814 = ORIENTED_EDGE('',*,*,#13792,.F.);
#13815 = ORIENTED_EDGE('',*,*,#13816,.T.);
#13816 = EDGE_CURVE('NONE',#13793,#13817,#13819,.T.);
#13817 = VERTEX_POINT('NONE',#13818);
#13818 = CARTESIAN_POINT('',(-4.850000000001,0.874961516403,0.73));
#13819 = CIRCLE('',#13820,0.225);
#13820 = AXIS2_PLACEMENT_3D('',#13821,#13822,#13823);
#13821 = CARTESIAN_POINT('',(-4.850000000001,1.099961516403,0.73));
#13822 = DIRECTION('',(0.,0.,-1.));
#13823 = DIRECTION('',(1.,0.,0.));
#13824 = ORIENTED_EDGE('',*,*,#13825,.T.);
#13825 = EDGE_CURVE('NONE',#13817,#13826,#13828,.T.);
#13826 = VERTEX_POINT('NONE',#13827);
#13827 = CARTESIAN_POINT('',(-4.850000000001,0.874961516403,0.));
#13828 = LINE('',#13829,#13830);
#13829 = CARTESIAN_POINT('',(-4.850000000001,0.874961516403,0.73));
#13830 = VECTOR('',#13831,1.);
#13831 = DIRECTION('',(-0.,-0.,-1.));
#13832 = ORIENTED_EDGE('',*,*,#13833,.F.);
#13833 = EDGE_CURVE('NONE',#13785,#13826,#13834,.T.);
#13834 = CIRCLE('',#13835,0.225);
#13835 = AXIS2_PLACEMENT_3D('',#13836,#13837,#13838);
#13836 = CARTESIAN_POINT('',(-4.850000000001,1.099961516403,0.));
#13837 = DIRECTION('',(0.,0.,-1.));
#13838 = DIRECTION('',(1.,0.,0.));
#13839 = CYLINDRICAL_SURFACE('',#13840,0.225);
#13840 = AXIS2_PLACEMENT_3D('',#13841,#13842,#13843);
#13841 = CARTESIAN_POINT('',(-4.850000000001,1.099961516403,0.73));
#13842 = DIRECTION('',(-0.,-0.,-1.));
#13843 = DIRECTION('',(-1.,0.,0.));
#13844 = ADVANCED_FACE('NONE',(#13845),#13870,.F.);
#13845 = FACE_BOUND('',#13846,.T.);
#13846 = EDGE_LOOP('NONE',(#13847,#13855,#13863,#13869));
#13847 = ORIENTED_EDGE('',*,*,#13848,.T.);
#13848 = EDGE_CURVE('NONE',#13826,#13849,#13851,.T.);
#13849 = VERTEX_POINT('NONE',#13850);
#13850 = CARTESIAN_POINT('',(-4.850000000001,0.224961516403,0.));
#13851 = LINE('',#13852,#13853);
#13852 = CARTESIAN_POINT('',(-4.850000000001,0.224961516403,0.));
#13853 = VECTOR('',#13854,1.);
#13854 = DIRECTION('',(1.334402673828E-15,-1.,-0.));
#13855 = ORIENTED_EDGE('',*,*,#13856,.F.);
#13856 = EDGE_CURVE('NONE',#13857,#13849,#13859,.T.);
#13857 = VERTEX_POINT('NONE',#13858);
#13858 = CARTESIAN_POINT('',(-4.850000000001,0.224961516403,0.73));
#13859 = LINE('',#13860,#13861);
#13860 = CARTESIAN_POINT('',(-4.850000000001,0.224961516403,0.73));
#13861 = VECTOR('',#13862,1.);
#13862 = DIRECTION('',(-0.,-0.,-1.));
#13863 = ORIENTED_EDGE('',*,*,#13864,.F.);
#13864 = EDGE_CURVE('NONE',#13817,#13857,#13865,.T.);
#13865 = LINE('',#13866,#13867);
#13866 = CARTESIAN_POINT('',(-4.850000000001,0.224961516403,0.73));
#13867 = VECTOR('',#13868,1.);
#13868 = DIRECTION('',(1.334402673828E-15,-1.,-0.));
#13869 = ORIENTED_EDGE('',*,*,#13825,.T.);
#13870 = PLANE('',#13871);
#13871 = AXIS2_PLACEMENT_3D('',#13872,#13873,#13874);
#13872 = CARTESIAN_POINT('',(-4.850000000001,0.224961516403,0.73));
#13873 = DIRECTION('',(1.,1.334402673828E-15,-0.));
#13874 = DIRECTION('',(-1.334402673828E-15,1.,0.));
#13875 = ADVANCED_FACE('NONE',(#13876),#13903,.F.);
#13876 = FACE_BOUND('',#13877,.F.);
#13877 = EDGE_LOOP('NONE',(#13878,#13879,#13888,#13896));
#13878 = ORIENTED_EDGE('',*,*,#13856,.F.);
#13879 = ORIENTED_EDGE('',*,*,#13880,.T.);
#13880 = EDGE_CURVE('NONE',#13857,#13881,#13883,.T.);
#13881 = VERTEX_POINT('NONE',#13882);
#13882 = CARTESIAN_POINT('',(-4.850000000001,-0.225038483597,0.73));
#13883 = CIRCLE('',#13884,0.225);
#13884 = AXIS2_PLACEMENT_3D('',#13885,#13886,#13887);
#13885 = CARTESIAN_POINT('',(-4.850000000001,-3.848359675374E-05,0.73));
#13886 = DIRECTION('',(0.,0.,-1.));
#13887 = DIRECTION('',(1.,0.,0.));
#13888 = ORIENTED_EDGE('',*,*,#13889,.T.);
#13889 = EDGE_CURVE('NONE',#13881,#13890,#13892,.T.);
#13890 = VERTEX_POINT('NONE',#13891);
#13891 = CARTESIAN_POINT('',(-4.850000000001,-0.225038483597,0.));
#13892 = LINE('',#13893,#13894);
#13893 = CARTESIAN_POINT('',(-4.850000000001,-0.225038483597,0.73));
#13894 = VECTOR('',#13895,1.);
#13895 = DIRECTION('',(-0.,-0.,-1.));
#13896 = ORIENTED_EDGE('',*,*,#13897,.F.);
#13897 = EDGE_CURVE('NONE',#13849,#13890,#13898,.T.);
#13898 = CIRCLE('',#13899,0.225);
#13899 = AXIS2_PLACEMENT_3D('',#13900,#13901,#13902);
#13900 = CARTESIAN_POINT('',(-4.850000000001,-3.848359675374E-05,0.));
#13901 = DIRECTION('',(0.,0.,-1.));
#13902 = DIRECTION('',(1.,0.,0.));
#13903 = CYLINDRICAL_SURFACE('',#13904,0.225);
#13904 = AXIS2_PLACEMENT_3D('',#13905,#13906,#13907);
#13905 = CARTESIAN_POINT('',(-4.850000000001,-3.848359675374E-05,0.73));
#13906 = DIRECTION('',(-0.,-0.,-1.));
#13907 = DIRECTION('',(-1.,0.,0.));
#13908 = ADVANCED_FACE('NONE',(#13909),#13934,.F.);
#13909 = FACE_BOUND('',#13910,.T.);
#13910 = EDGE_LOOP('NONE',(#13911,#13919,#13927,#13933));
#13911 = ORIENTED_EDGE('',*,*,#13912,.T.);
#13912 = EDGE_CURVE('NONE',#13890,#13913,#13915,.T.);
#13913 = VERTEX_POINT('NONE',#13914);
#13914 = CARTESIAN_POINT('',(-4.850000000001,-0.875038483597,0.));
#13915 = LINE('',#13916,#13917);
#13916 = CARTESIAN_POINT('',(-4.850000000001,-0.875038483597,0.));
#13917 = VECTOR('',#13918,1.);
#13918 = DIRECTION('',(1.334402673828E-15,-1.,-0.));
#13919 = ORIENTED_EDGE('',*,*,#13920,.F.);
#13920 = EDGE_CURVE('NONE',#13921,#13913,#13923,.T.);
#13921 = VERTEX_POINT('NONE',#13922);
#13922 = CARTESIAN_POINT('',(-4.850000000001,-0.875038483597,0.73));
#13923 = LINE('',#13924,#13925);
#13924 = CARTESIAN_POINT('',(-4.850000000001,-0.875038483597,0.73));
#13925 = VECTOR('',#13926,1.);
#13926 = DIRECTION('',(-0.,-0.,-1.));
#13927 = ORIENTED_EDGE('',*,*,#13928,.F.);
#13928 = EDGE_CURVE('NONE',#13881,#13921,#13929,.T.);
#13929 = LINE('',#13930,#13931);
#13930 = CARTESIAN_POINT('',(-4.850000000001,-0.875038483597,0.73));
#13931 = VECTOR('',#13932,1.);
#13932 = DIRECTION('',(1.334402673828E-15,-1.,-0.));
#13933 = ORIENTED_EDGE('',*,*,#13889,.T.);
#13934 = PLANE('',#13935);
#13935 = AXIS2_PLACEMENT_3D('',#13936,#13937,#13938);
#13936 = CARTESIAN_POINT('',(-4.850000000001,-0.875038483597,0.73));
#13937 = DIRECTION('',(1.,1.334402673828E-15,-0.));
#13938 = DIRECTION('',(-1.334402673828E-15,1.,0.));
#13939 = ADVANCED_FACE('NONE',(#13940),#13967,.F.);
#13940 = FACE_BOUND('',#13941,.F.);
#13941 = EDGE_LOOP('NONE',(#13942,#13943,#13952,#13960));
#13942 = ORIENTED_EDGE('',*,*,#13920,.F.);
#13943 = ORIENTED_EDGE('',*,*,#13944,.T.);
#13944 = EDGE_CURVE('NONE',#13921,#13945,#13947,.T.);
#13945 = VERTEX_POINT('NONE',#13946);
#13946 = CARTESIAN_POINT('',(-4.850000000001,-1.325038483597,0.73));
#13947 = CIRCLE('',#13948,0.225);
#13948 = AXIS2_PLACEMENT_3D('',#13949,#13950,#13951);
#13949 = CARTESIAN_POINT('',(-4.850000000001,-1.100038483597,0.73));
#13950 = DIRECTION('',(0.,0.,-1.));
#13951 = DIRECTION('',(1.,0.,0.));
#13952 = ORIENTED_EDGE('',*,*,#13953,.T.);
#13953 = EDGE_CURVE('NONE',#13945,#13954,#13956,.T.);
#13954 = VERTEX_POINT('NONE',#13955);
#13955 = CARTESIAN_POINT('',(-4.850000000001,-1.325038483597,0.));
#13956 = LINE('',#13957,#13958);
#13957 = CARTESIAN_POINT('',(-4.850000000001,-1.325038483597,0.73));
#13958 = VECTOR('',#13959,1.);
#13959 = DIRECTION('',(-0.,-0.,-1.));
#13960 = ORIENTED_EDGE('',*,*,#13961,.F.);
#13961 = EDGE_CURVE('NONE',#13913,#13954,#13962,.T.);
#13962 = CIRCLE('',#13963,0.225);
#13963 = AXIS2_PLACEMENT_3D('',#13964,#13965,#13966);
#13964 = CARTESIAN_POINT('',(-4.850000000001,-1.100038483597,0.));
#13965 = DIRECTION('',(0.,0.,-1.));
#13966 = DIRECTION('',(1.,0.,0.));
#13967 = CYLINDRICAL_SURFACE('',#13968,0.225);
#13968 = AXIS2_PLACEMENT_3D('',#13969,#13970,#13971);
#13969 = CARTESIAN_POINT('',(-4.850000000001,-1.100038483597,0.73));
#13970 = DIRECTION('',(-0.,-0.,-1.));
#13971 = DIRECTION('',(-1.,0.,0.));
#13972 = ADVANCED_FACE('NONE',(#13973),#13998,.F.);
#13973 = FACE_BOUND('',#13974,.T.);
#13974 = EDGE_LOOP('NONE',(#13975,#13983,#13991,#13997));
#13975 = ORIENTED_EDGE('',*,*,#13976,.T.);
#13976 = EDGE_CURVE('NONE',#13954,#13977,#13979,.T.);
#13977 = VERTEX_POINT('NONE',#13978);
#13978 = CARTESIAN_POINT('',(-4.850000000001,-1.975038483597,0.));
#13979 = LINE('',#13980,#13981);
#13980 = CARTESIAN_POINT('',(-4.850000000001,-1.975038483597,0.));
#13981 = VECTOR('',#13982,1.);
#13982 = DIRECTION('',(1.334402673828E-15,-1.,-0.));
#13983 = ORIENTED_EDGE('',*,*,#13984,.F.);
#13984 = EDGE_CURVE('NONE',#13985,#13977,#13987,.T.);
#13985 = VERTEX_POINT('NONE',#13986);
#13986 = CARTESIAN_POINT('',(-4.850000000001,-1.975038483597,0.73));
#13987 = LINE('',#13988,#13989);
#13988 = CARTESIAN_POINT('',(-4.850000000001,-1.975038483597,0.73));
#13989 = VECTOR('',#13990,1.);
#13990 = DIRECTION('',(-0.,-0.,-1.));
#13991 = ORIENTED_EDGE('',*,*,#13992,.F.);
#13992 = EDGE_CURVE('NONE',#13945,#13985,#13993,.T.);
#13993 = LINE('',#13994,#13995);
#13994 = CARTESIAN_POINT('',(-4.850000000001,-1.975038483597,0.73));
#13995 = VECTOR('',#13996,1.);
#13996 = DIRECTION('',(1.334402673828E-15,-1.,-0.));
#13997 = ORIENTED_EDGE('',*,*,#13953,.T.);
#13998 = PLANE('',#13999);
#13999 = AXIS2_PLACEMENT_3D('',#14000,#14001,#14002);
#14000 = CARTESIAN_POINT('',(-4.850000000001,-1.975038483597,0.73));
#14001 = DIRECTION('',(1.,1.334402673828E-15,-0.));
#14002 = DIRECTION('',(-1.334402673828E-15,1.,0.));
#14003 = ADVANCED_FACE('NONE',(#14004),#14031,.F.);
#14004 = FACE_BOUND('',#14005,.F.);
#14005 = EDGE_LOOP('NONE',(#14006,#14007,#14016,#14024));
#14006 = ORIENTED_EDGE('',*,*,#13984,.F.);
#14007 = ORIENTED_EDGE('',*,*,#14008,.T.);
#14008 = EDGE_CURVE('NONE',#13985,#14009,#14011,.T.);
#14009 = VERTEX_POINT('NONE',#14010);
#14010 = CARTESIAN_POINT('',(-4.850000000001,-2.425038483597,0.73));
#14011 = CIRCLE('',#14012,0.225);
#14012 = AXIS2_PLACEMENT_3D('',#14013,#14014,#14015);
#14013 = CARTESIAN_POINT('',(-4.850000000001,-2.200038483597,0.73));
#14014 = DIRECTION('',(0.,0.,-1.));
#14015 = DIRECTION('',(1.,0.,0.));
#14016 = ORIENTED_EDGE('',*,*,#14017,.T.);
#14017 = EDGE_CURVE('NONE',#14009,#14018,#14020,.T.);
#14018 = VERTEX_POINT('NONE',#14019);
#14019 = CARTESIAN_POINT('',(-4.850000000001,-2.425038483597,0.));
#14020 = LINE('',#14021,#14022);
#14021 = CARTESIAN_POINT('',(-4.850000000001,-2.425038483597,0.73));
#14022 = VECTOR('',#14023,1.);
#14023 = DIRECTION('',(-0.,-0.,-1.));
#14024 = ORIENTED_EDGE('',*,*,#14025,.F.);
#14025 = EDGE_CURVE('NONE',#13977,#14018,#14026,.T.);
#14026 = CIRCLE('',#14027,0.225);
#14027 = AXIS2_PLACEMENT_3D('',#14028,#14029,#14030);
#14028 = CARTESIAN_POINT('',(-4.850000000001,-2.200038483597,0.));
#14029 = DIRECTION('',(0.,0.,-1.));
#14030 = DIRECTION('',(1.,0.,0.));
#14031 = CYLINDRICAL_SURFACE('',#14032,0.225);
#14032 = AXIS2_PLACEMENT_3D('',#14033,#14034,#14035);
#14033 = CARTESIAN_POINT('',(-4.850000000001,-2.200038483597,0.73));
#14034 = DIRECTION('',(-0.,-0.,-1.));
#14035 = DIRECTION('',(-1.,0.,0.));
#14036 = ADVANCED_FACE('NONE',(#14037),#14062,.F.);
#14037 = FACE_BOUND('',#14038,.T.);
#14038 = EDGE_LOOP('NONE',(#14039,#14047,#14055,#14061));
#14039 = ORIENTED_EDGE('',*,*,#14040,.T.);
#14040 = EDGE_CURVE('NONE',#14018,#14041,#14043,.T.);
#14041 = VERTEX_POINT('NONE',#14042);
#14042 = CARTESIAN_POINT('',(-4.850000000001,-3.075038483597,0.));
#14043 = LINE('',#14044,#14045);
#14044 = CARTESIAN_POINT('',(-4.850000000001,-3.075038483597,0.));
#14045 = VECTOR('',#14046,1.);
#14046 = DIRECTION('',(1.334402673828E-15,-1.,-0.));
#14047 = ORIENTED_EDGE('',*,*,#14048,.F.);
#14048 = EDGE_CURVE('NONE',#14049,#14041,#14051,.T.);
#14049 = VERTEX_POINT('NONE',#14050);
#14050 = CARTESIAN_POINT('',(-4.850000000001,-3.075038483597,0.73));
#14051 = LINE('',#14052,#14053);
#14052 = CARTESIAN_POINT('',(-4.850000000001,-3.075038483597,0.73));
#14053 = VECTOR('',#14054,1.);
#14054 = DIRECTION('',(-0.,-0.,-1.));
#14055 = ORIENTED_EDGE('',*,*,#14056,.F.);
#14056 = EDGE_CURVE('NONE',#14009,#14049,#14057,.T.);
#14057 = LINE('',#14058,#14059);
#14058 = CARTESIAN_POINT('',(-4.850000000001,-3.075038483597,0.73));
#14059 = VECTOR('',#14060,1.);
#14060 = DIRECTION('',(1.334402673828E-15,-1.,-0.));
#14061 = ORIENTED_EDGE('',*,*,#14017,.T.);
#14062 = PLANE('',#14063);
#14063 = AXIS2_PLACEMENT_3D('',#14064,#14065,#14066);
#14064 = CARTESIAN_POINT('',(-4.850000000001,-3.075038483597,0.73));
#14065 = DIRECTION('',(1.,1.334402673828E-15,-0.));
#14066 = DIRECTION('',(-1.334402673828E-15,1.,0.));
#14067 = ADVANCED_FACE('NONE',(#14068),#14095,.F.);
#14068 = FACE_BOUND('',#14069,.F.);
#14069 = EDGE_LOOP('NONE',(#14070,#14071,#14080,#14088));
#14070 = ORIENTED_EDGE('',*,*,#14048,.F.);
#14071 = ORIENTED_EDGE('',*,*,#14072,.T.);
#14072 = EDGE_CURVE('NONE',#14049,#14073,#14075,.T.);
#14073 = VERTEX_POINT('NONE',#14074);
#14074 = CARTESIAN_POINT('',(-4.850000000001,-3.525038483597,0.73));
#14075 = CIRCLE('',#14076,0.225);
#14076 = AXIS2_PLACEMENT_3D('',#14077,#14078,#14079);
#14077 = CARTESIAN_POINT('',(-4.850000000001,-3.300038483597,0.73));
#14078 = DIRECTION('',(0.,0.,-1.));
#14079 = DIRECTION('',(1.,0.,0.));
#14080 = ORIENTED_EDGE('',*,*,#14081,.T.);
#14081 = EDGE_CURVE('NONE',#14073,#14082,#14084,.T.);
#14082 = VERTEX_POINT('NONE',#14083);
#14083 = CARTESIAN_POINT('',(-4.850000000001,-3.525038483597,0.));
#14084 = LINE('',#14085,#14086);
#14085 = CARTESIAN_POINT('',(-4.850000000001,-3.525038483597,0.73));
#14086 = VECTOR('',#14087,1.);
#14087 = DIRECTION('',(-0.,-0.,-1.));
#14088 = ORIENTED_EDGE('',*,*,#14089,.F.);
#14089 = EDGE_CURVE('NONE',#14041,#14082,#14090,.T.);
#14090 = CIRCLE('',#14091,0.225);
#14091 = AXIS2_PLACEMENT_3D('',#14092,#14093,#14094);
#14092 = CARTESIAN_POINT('',(-4.850000000001,-3.300038483597,0.));
#14093 = DIRECTION('',(0.,0.,-1.));
#14094 = DIRECTION('',(1.,0.,0.));
#14095 = CYLINDRICAL_SURFACE('',#14096,0.225);
#14096 = AXIS2_PLACEMENT_3D('',#14097,#14098,#14099);
#14097 = CARTESIAN_POINT('',(-4.850000000001,-3.300038483597,0.73));
#14098 = DIRECTION('',(-0.,-0.,-1.));
#14099 = DIRECTION('',(-1.,0.,0.));
#14100 = ADVANCED_FACE('NONE',(#14101),#14126,.F.);
#14101 = FACE_BOUND('',#14102,.T.);
#14102 = EDGE_LOOP('NONE',(#14103,#14111,#14119,#14125));
#14103 = ORIENTED_EDGE('',*,*,#14104,.T.);
#14104 = EDGE_CURVE('NONE',#14082,#14105,#14107,.T.);
#14105 = VERTEX_POINT('NONE',#14106);
#14106 = CARTESIAN_POINT('',(-4.850000000001,-4.175038483597,0.));
#14107 = LINE('',#14108,#14109);
#14108 = CARTESIAN_POINT('',(-4.850000000001,-4.175038483597,0.));
#14109 = VECTOR('',#14110,1.);
#14110 = DIRECTION('',(2.668805347657E-15,-1.,-0.));
#14111 = ORIENTED_EDGE('',*,*,#14112,.F.);
#14112 = EDGE_CURVE('NONE',#14113,#14105,#14115,.T.);
#14113 = VERTEX_POINT('NONE',#14114);
#14114 = CARTESIAN_POINT('',(-4.850000000001,-4.175038483597,0.73));
#14115 = LINE('',#14116,#14117);
#14116 = CARTESIAN_POINT('',(-4.850000000001,-4.175038483597,0.73));
#14117 = VECTOR('',#14118,1.);
#14118 = DIRECTION('',(-0.,-0.,-1.));
#14119 = ORIENTED_EDGE('',*,*,#14120,.F.);
#14120 = EDGE_CURVE('NONE',#14073,#14113,#14121,.T.);
#14121 = LINE('',#14122,#14123);
#14122 = CARTESIAN_POINT('',(-4.850000000001,-4.175038483597,0.73));
#14123 = VECTOR('',#14124,1.);
#14124 = DIRECTION('',(2.668805347657E-15,-1.,-0.));
#14125 = ORIENTED_EDGE('',*,*,#14081,.T.);
#14126 = PLANE('',#14127);
#14127 = AXIS2_PLACEMENT_3D('',#14128,#14129,#14130);
#14128 = CARTESIAN_POINT('',(-4.850000000001,-4.175038483597,0.73));
#14129 = DIRECTION('',(1.,2.668805347657E-15,-0.));
#14130 = DIRECTION('',(-2.668805347657E-15,1.,0.));
#14131 = ADVANCED_FACE('NONE',(#14132),#14159,.F.);
#14132 = FACE_BOUND('',#14133,.F.);
#14133 = EDGE_LOOP('NONE',(#14134,#14135,#14144,#14152));
#14134 = ORIENTED_EDGE('',*,*,#14112,.F.);
#14135 = ORIENTED_EDGE('',*,*,#14136,.T.);
#14136 = EDGE_CURVE('NONE',#14113,#14137,#14139,.T.);
#14137 = VERTEX_POINT('NONE',#14138);
#14138 = CARTESIAN_POINT('',(-4.850000000001,-4.625038483597,0.73));
#14139 = CIRCLE('',#14140,0.225);
#14140 = AXIS2_PLACEMENT_3D('',#14141,#14142,#14143);
#14141 = CARTESIAN_POINT('',(-4.850000000001,-4.400038483597,0.73));
#14142 = DIRECTION('',(0.,0.,-1.));
#14143 = DIRECTION('',(1.,0.,0.));
#14144 = ORIENTED_EDGE('',*,*,#14145,.T.);
#14145 = EDGE_CURVE('NONE',#14137,#14146,#14148,.T.);
#14146 = VERTEX_POINT('NONE',#14147);
#14147 = CARTESIAN_POINT('',(-4.850000000001,-4.625038483597,0.));
#14148 = LINE('',#14149,#14150);
#14149 = CARTESIAN_POINT('',(-4.850000000001,-4.625038483597,0.73));
#14150 = VECTOR('',#14151,1.);
#14151 = DIRECTION('',(-0.,-0.,-1.));
#14152 = ORIENTED_EDGE('',*,*,#14153,.F.);
#14153 = EDGE_CURVE('NONE',#14105,#14146,#14154,.T.);
#14154 = CIRCLE('',#14155,0.225);
#14155 = AXIS2_PLACEMENT_3D('',#14156,#14157,#14158);
#14156 = CARTESIAN_POINT('',(-4.850000000001,-4.400038483597,0.));
#14157 = DIRECTION('',(0.,0.,-1.));
#14158 = DIRECTION('',(1.,0.,0.));
#14159 = CYLINDRICAL_SURFACE('',#14160,0.225);
#14160 = AXIS2_PLACEMENT_3D('',#14161,#14162,#14163);
#14161 = CARTESIAN_POINT('',(-4.850000000001,-4.400038483597,0.73));
#14162 = DIRECTION('',(-0.,-0.,-1.));
#14163 = DIRECTION('',(-1.,0.,0.));
#14164 = ADVANCED_FACE('NONE',(#14165),#14190,.F.);
#14165 = FACE_BOUND('',#14166,.T.);
#14166 = EDGE_LOOP('NONE',(#14167,#14175,#14183,#14189));
#14167 = ORIENTED_EDGE('',*,*,#14168,.T.);
#14168 = EDGE_CURVE('NONE',#14146,#14169,#14171,.T.);
#14169 = VERTEX_POINT('NONE',#14170);
#14170 = CARTESIAN_POINT('',(-4.850000000001,-5.05,0.));
#14171 = LINE('',#14172,#14173);
#14172 = CARTESIAN_POINT('',(-4.850000000001,-5.05,0.));
#14173 = VECTOR('',#14174,1.);
#14174 = DIRECTION('',(-0.,-1.,-0.));
#14175 = ORIENTED_EDGE('',*,*,#14176,.F.);
#14176 = EDGE_CURVE('NONE',#14177,#14169,#14179,.T.);
#14177 = VERTEX_POINT('NONE',#14178);
#14178 = CARTESIAN_POINT('',(-4.850000000001,-5.05,0.73));
#14179 = LINE('',#14180,#14181);
#14180 = CARTESIAN_POINT('',(-4.850000000001,-5.05,0.73));
#14181 = VECTOR('',#14182,1.);
#14182 = DIRECTION('',(-0.,-0.,-1.));
#14183 = ORIENTED_EDGE('',*,*,#14184,.F.);
#14184 = EDGE_CURVE('NONE',#14137,#14177,#14185,.T.);
#14185 = LINE('',#14186,#14187);
#14186 = CARTESIAN_POINT('',(-4.850000000001,-5.05,0.73));
#14187 = VECTOR('',#14188,1.);
#14188 = DIRECTION('',(-0.,-1.,-0.));
#14189 = ORIENTED_EDGE('',*,*,#14145,.T.);
#14190 = PLANE('',#14191);
#14191 = AXIS2_PLACEMENT_3D('',#14192,#14193,#14194);
#14192 = CARTESIAN_POINT('',(-4.850000000001,-5.05,0.73));
#14193 = DIRECTION('',(1.,0.,0.));
#14194 = DIRECTION('',(0.,0.,-1.));
#14195 = ADVANCED_FACE('NONE',(#14196),#14221,.F.);
#14196 = FACE_BOUND('',#14197,.T.);
#14197 = EDGE_LOOP('NONE',(#14198,#14206,#14214,#14220));
#14198 = ORIENTED_EDGE('',*,*,#14199,.T.);
#14199 = EDGE_CURVE('NONE',#14169,#14200,#14202,.T.);
#14200 = VERTEX_POINT('NONE',#14201);
#14201 = CARTESIAN_POINT('',(4.850000000001,-5.05,0.));
#14202 = LINE('',#14203,#14204);
#14203 = CARTESIAN_POINT('',(-4.850000000001,-5.05,0.));
#14204 = VECTOR('',#14205,1.);
#14205 = DIRECTION('',(1.,1.788374717502E-16,0.));
#14206 = ORIENTED_EDGE('',*,*,#14207,.F.);
#14207 = EDGE_CURVE('NONE',#14208,#14200,#14210,.T.);
#14208 = VERTEX_POINT('NONE',#14209);
#14209 = CARTESIAN_POINT('',(4.850000000001,-5.05,0.73));
#14210 = LINE('',#14211,#14212);
#14211 = CARTESIAN_POINT('',(4.850000000001,-5.05,0.73));
#14212 = VECTOR('',#14213,1.);
#14213 = DIRECTION('',(-0.,-0.,-1.));
#14214 = ORIENTED_EDGE('',*,*,#14215,.F.);
#14215 = EDGE_CURVE('NONE',#14177,#14208,#14216,.T.);
#14216 = LINE('',#14217,#14218);
#14217 = CARTESIAN_POINT('',(-4.850000000001,-5.05,0.73));
#14218 = VECTOR('',#14219,1.);
#14219 = DIRECTION('',(1.,1.788374717502E-16,0.));
#14220 = ORIENTED_EDGE('',*,*,#14176,.T.);
#14221 = PLANE('',#14222);
#14222 = AXIS2_PLACEMENT_3D('',#14223,#14224,#14225);
#14223 = CARTESIAN_POINT('',(-4.850000000001,-5.05,0.73));
#14224 = DIRECTION('',(-1.788374717502E-16,1.,0.));
#14225 = DIRECTION('',(-1.,-1.788374717502E-16,0.));
#14226 = ADVANCED_FACE('NONE',(#14227),#14252,.F.);
#14227 = FACE_BOUND('',#14228,.T.);
#14228 = EDGE_LOOP('NONE',(#14229,#14237,#14245,#14251));
#14229 = ORIENTED_EDGE('',*,*,#14230,.T.);
#14230 = EDGE_CURVE('NONE',#14200,#14231,#14233,.T.);
#14231 = VERTEX_POINT('NONE',#14232);
#14232 = CARTESIAN_POINT('',(4.850000000001,-4.625038483597,0.));
#14233 = LINE('',#14234,#14235);
#14234 = CARTESIAN_POINT('',(4.850000000001,-5.05,0.));
#14235 = VECTOR('',#14236,1.);
#14236 = DIRECTION('',(-4.082071926557E-15,1.,0.));
#14237 = ORIENTED_EDGE('',*,*,#14238,.F.);
#14238 = EDGE_CURVE('NONE',#14239,#14231,#14241,.T.);
#14239 = VERTEX_POINT('NONE',#14240);
#14240 = CARTESIAN_POINT('',(4.850000000001,-4.625038483597,0.73));
#14241 = LINE('',#14242,#14243);
#14242 = CARTESIAN_POINT('',(4.850000000001,-4.625038483597,0.73));
#14243 = VECTOR('',#14244,1.);
#14244 = DIRECTION('',(-0.,-0.,-1.));
#14245 = ORIENTED_EDGE('',*,*,#14246,.F.);
#14246 = EDGE_CURVE('NONE',#14208,#14239,#14247,.T.);
#14247 = LINE('',#14248,#14249);
#14248 = CARTESIAN_POINT('',(4.850000000001,-5.05,0.73));
#14249 = VECTOR('',#14250,1.);
#14250 = DIRECTION('',(-4.082071926557E-15,1.,0.));
#14251 = ORIENTED_EDGE('',*,*,#14207,.T.);
#14252 = PLANE('',#14253);
#14253 = AXIS2_PLACEMENT_3D('',#14254,#14255,#14256);
#14254 = CARTESIAN_POINT('',(4.850000000001,-5.05,0.73));
#14255 = DIRECTION('',(-1.,-4.082071926557E-15,0.));
#14256 = DIRECTION('',(4.082071926557E-15,-1.,0.));
#14257 = ADVANCED_FACE('NONE',(#14258),#14276,.F.);
#14258 = FACE_BOUND('',#14259,.F.);
#14259 = EDGE_LOOP('NONE',(#14260,#14267,#14268,#14275));
#14260 = ORIENTED_EDGE('',*,*,#14261,.F.);
#14261 = EDGE_CURVE('NONE',#14231,#13583,#14262,.T.);
#14262 = CIRCLE('',#14263,0.225);
#14263 = AXIS2_PLACEMENT_3D('',#14264,#14265,#14266);
#14264 = CARTESIAN_POINT('',(4.850000000001,-4.400038483597,0.));
#14265 = DIRECTION('',(-0.,0.,-1.));
#14266 = DIRECTION('',(-1.,0.,0.));
#14267 = ORIENTED_EDGE('',*,*,#14238,.F.);
#14268 = ORIENTED_EDGE('',*,*,#14269,.T.);
#14269 = EDGE_CURVE('NONE',#14239,#13592,#14270,.T.);
#14270 = CIRCLE('',#14271,0.225);
#14271 = AXIS2_PLACEMENT_3D('',#14272,#14273,#14274);
#14272 = CARTESIAN_POINT('',(4.850000000001,-4.400038483597,0.73));
#14273 = DIRECTION('',(-0.,0.,-1.));
#14274 = DIRECTION('',(-1.,0.,0.));
#14275 = ORIENTED_EDGE('',*,*,#13591,.T.);
#14276 = CYLINDRICAL_SURFACE('',#14277,0.225);
#14277 = AXIS2_PLACEMENT_3D('',#14278,#14279,#14280);
#14278 = CARTESIAN_POINT('',(4.850000000001,-4.400038483597,0.73));
#14279 = DIRECTION('',(-0.,-0.,-1.));
#14280 = DIRECTION('',(-1.,0.,0.));
#14281 = ADVANCED_FACE('NONE',(#14282),#14307,.F.);
#14282 = FACE_BOUND('',#14283,.T.);
#14283 = EDGE_LOOP('NONE',(#14284,#14292,#14300,#14306));
#14284 = ORIENTED_EDGE('',*,*,#14285,.T.);
#14285 = EDGE_CURVE('NONE',#13575,#14286,#14288,.T.);
#14286 = VERTEX_POINT('NONE',#14287);
#14287 = CARTESIAN_POINT('',(4.850000000001,-3.525038483597,0.));
#14288 = LINE('',#14289,#14290);
#14289 = CARTESIAN_POINT('',(4.850000000001,-4.175038483597,0.));
#14290 = VECTOR('',#14291,1.);
#14291 = DIRECTION('',(2.668805347657E-15,1.,0.));
#14292 = ORIENTED_EDGE('',*,*,#14293,.F.);
#14293 = EDGE_CURVE('NONE',#14294,#14286,#14296,.T.);
#14294 = VERTEX_POINT('NONE',#14295);
#14295 = CARTESIAN_POINT('',(4.850000000001,-3.525038483597,0.73));
#14296 = LINE('',#14297,#14298);
#14297 = CARTESIAN_POINT('',(4.850000000001,-3.525038483597,0.73));
#14298 = VECTOR('',#14299,1.);
#14299 = DIRECTION('',(-0.,-0.,-1.));
#14300 = ORIENTED_EDGE('',*,*,#14301,.F.);
#14301 = EDGE_CURVE('NONE',#13573,#14294,#14302,.T.);
#14302 = LINE('',#14303,#14304);
#14303 = CARTESIAN_POINT('',(4.850000000001,-4.175038483597,0.73));
#14304 = VECTOR('',#14305,1.);
#14305 = DIRECTION('',(2.668805347657E-15,1.,0.));
#14306 = ORIENTED_EDGE('',*,*,#13572,.T.);
#14307 = PLANE('',#14308);
#14308 = AXIS2_PLACEMENT_3D('',#14309,#14310,#14311);
#14309 = CARTESIAN_POINT('',(4.850000000001,-4.175038483597,0.73));
#14310 = DIRECTION('',(-1.,2.668805347657E-15,0.));
#14311 = DIRECTION('',(-2.668805347657E-15,-1.,0.));
#14312 = ADVANCED_FACE('NONE',(#14313),#14331,.F.);
#14313 = FACE_BOUND('',#14314,.F.);
#14314 = EDGE_LOOP('NONE',(#14315,#14322,#14323,#14330));
#14315 = ORIENTED_EDGE('',*,*,#14316,.F.);
#14316 = EDGE_CURVE('NONE',#14286,#13541,#14317,.T.);
#14317 = CIRCLE('',#14318,0.225);
#14318 = AXIS2_PLACEMENT_3D('',#14319,#14320,#14321);
#14319 = CARTESIAN_POINT('',(4.850000000001,-3.300038483597,0.));
#14320 = DIRECTION('',(-0.,0.,-1.));
#14321 = DIRECTION('',(-1.,0.,0.));
#14322 = ORIENTED_EDGE('',*,*,#14293,.F.);
#14323 = ORIENTED_EDGE('',*,*,#14324,.T.);
#14324 = EDGE_CURVE('NONE',#14294,#13550,#14325,.T.);
#14325 = CIRCLE('',#14326,0.225);
#14326 = AXIS2_PLACEMENT_3D('',#14327,#14328,#14329);
#14327 = CARTESIAN_POINT('',(4.850000000001,-3.300038483597,0.73));
#14328 = DIRECTION('',(-0.,0.,-1.));
#14329 = DIRECTION('',(-1.,0.,0.));
#14330 = ORIENTED_EDGE('',*,*,#13549,.T.);
#14331 = CYLINDRICAL_SURFACE('',#14332,0.225);
#14332 = AXIS2_PLACEMENT_3D('',#14333,#14334,#14335);
#14333 = CARTESIAN_POINT('',(4.850000000001,-3.300038483597,0.73));
#14334 = DIRECTION('',(-0.,-0.,-1.));
#14335 = DIRECTION('',(-1.,0.,0.));
#14336 = ADVANCED_FACE('NONE',(#14337),#14362,.F.);
#14337 = FACE_BOUND('',#14338,.T.);
#14338 = EDGE_LOOP('NONE',(#14339,#14347,#14355,#14361));
#14339 = ORIENTED_EDGE('',*,*,#14340,.T.);
#14340 = EDGE_CURVE('NONE',#13533,#14341,#14343,.T.);
#14341 = VERTEX_POINT('NONE',#14342);
#14342 = CARTESIAN_POINT('',(4.850000000001,-2.425038483597,0.));
#14343 = LINE('',#14344,#14345);
#14344 = CARTESIAN_POINT('',(4.850000000001,-3.075038483597,0.));
#14345 = VECTOR('',#14346,1.);
#14346 = DIRECTION('',(1.334402673828E-15,1.,0.));
#14347 = ORIENTED_EDGE('',*,*,#14348,.F.);
#14348 = EDGE_CURVE('NONE',#14349,#14341,#14351,.T.);
#14349 = VERTEX_POINT('NONE',#14350);
#14350 = CARTESIAN_POINT('',(4.850000000001,-2.425038483597,0.73));
#14351 = LINE('',#14352,#14353);
#14352 = CARTESIAN_POINT('',(4.850000000001,-2.425038483597,0.73));
#14353 = VECTOR('',#14354,1.);
#14354 = DIRECTION('',(-0.,-0.,-1.));
#14355 = ORIENTED_EDGE('',*,*,#14356,.F.);
#14356 = EDGE_CURVE('NONE',#13531,#14349,#14357,.T.);
#14357 = LINE('',#14358,#14359);
#14358 = CARTESIAN_POINT('',(4.850000000001,-3.075038483597,0.73));
#14359 = VECTOR('',#14360,1.);
#14360 = DIRECTION('',(1.334402673828E-15,1.,0.));
#14361 = ORIENTED_EDGE('',*,*,#13530,.T.);
#14362 = PLANE('',#14363);
#14363 = AXIS2_PLACEMENT_3D('',#14364,#14365,#14366);
#14364 = CARTESIAN_POINT('',(4.850000000001,-3.075038483597,0.73));
#14365 = DIRECTION('',(-1.,1.334402673828E-15,0.));
#14366 = DIRECTION('',(-1.334402673828E-15,-1.,0.));
#14367 = ADVANCED_FACE('NONE',(#14368),#14386,.F.);
#14368 = FACE_BOUND('',#14369,.F.);
#14369 = EDGE_LOOP('NONE',(#14370,#14377,#14378,#14385));
#14370 = ORIENTED_EDGE('',*,*,#14371,.F.);
#14371 = EDGE_CURVE('NONE',#14341,#13499,#14372,.T.);
#14372 = CIRCLE('',#14373,0.225);
#14373 = AXIS2_PLACEMENT_3D('',#14374,#14375,#14376);
#14374 = CARTESIAN_POINT('',(4.850000000001,-2.200038483597,0.));
#14375 = DIRECTION('',(-0.,0.,-1.));
#14376 = DIRECTION('',(-1.,0.,0.));
#14377 = ORIENTED_EDGE('',*,*,#14348,.F.);
#14378 = ORIENTED_EDGE('',*,*,#14379,.T.);
#14379 = EDGE_CURVE('NONE',#14349,#13508,#14380,.T.);
#14380 = CIRCLE('',#14381,0.225);
#14381 = AXIS2_PLACEMENT_3D('',#14382,#14383,#14384);
#14382 = CARTESIAN_POINT('',(4.850000000001,-2.200038483597,0.73));
#14383 = DIRECTION('',(-0.,0.,-1.));
#14384 = DIRECTION('',(-1.,0.,0.));
#14385 = ORIENTED_EDGE('',*,*,#13507,.T.);
#14386 = CYLINDRICAL_SURFACE('',#14387,0.225);
#14387 = AXIS2_PLACEMENT_3D('',#14388,#14389,#14390);
#14388 = CARTESIAN_POINT('',(4.850000000001,-2.200038483597,0.73));
#14389 = DIRECTION('',(-0.,-0.,-1.));
#14390 = DIRECTION('',(-1.,0.,0.));
#14391 = ADVANCED_FACE('NONE',(#14392),#14417,.F.);
#14392 = FACE_BOUND('',#14393,.T.);
#14393 = EDGE_LOOP('NONE',(#14394,#14402,#14410,#14416));
#14394 = ORIENTED_EDGE('',*,*,#14395,.T.);
#14395 = EDGE_CURVE('NONE',#13491,#14396,#14398,.T.);
#14396 = VERTEX_POINT('NONE',#14397);
#14397 = CARTESIAN_POINT('',(4.850000000001,-1.325038483597,0.));
#14398 = LINE('',#14399,#14400);
#14399 = CARTESIAN_POINT('',(4.850000000001,-1.975038483597,0.));
#14400 = VECTOR('',#14401,1.);
#14401 = DIRECTION('',(1.334402673828E-15,1.,0.));
#14402 = ORIENTED_EDGE('',*,*,#14403,.F.);
#14403 = EDGE_CURVE('NONE',#14404,#14396,#14406,.T.);
#14404 = VERTEX_POINT('NONE',#14405);
#14405 = CARTESIAN_POINT('',(4.850000000001,-1.325038483597,0.73));
#14406 = LINE('',#14407,#14408);
#14407 = CARTESIAN_POINT('',(4.850000000001,-1.325038483597,0.73));
#14408 = VECTOR('',#14409,1.);
#14409 = DIRECTION('',(-0.,-0.,-1.));
#14410 = ORIENTED_EDGE('',*,*,#14411,.F.);
#14411 = EDGE_CURVE('NONE',#13489,#14404,#14412,.T.);
#14412 = LINE('',#14413,#14414);
#14413 = CARTESIAN_POINT('',(4.850000000001,-1.975038483597,0.73));
#14414 = VECTOR('',#14415,1.);
#14415 = DIRECTION('',(1.334402673828E-15,1.,0.));
#14416 = ORIENTED_EDGE('',*,*,#13488,.T.);
#14417 = PLANE('',#14418);
#14418 = AXIS2_PLACEMENT_3D('',#14419,#14420,#14421);
#14419 = CARTESIAN_POINT('',(4.850000000001,-1.975038483597,0.73));
#14420 = DIRECTION('',(-1.,1.334402673828E-15,0.));
#14421 = DIRECTION('',(-1.334402673828E-15,-1.,0.));
#14422 = ADVANCED_FACE('NONE',(#14423),#14441,.F.);
#14423 = FACE_BOUND('',#14424,.F.);
#14424 = EDGE_LOOP('NONE',(#14425,#14432,#14433,#14440));
#14425 = ORIENTED_EDGE('',*,*,#14426,.F.);
#14426 = EDGE_CURVE('NONE',#14396,#13457,#14427,.T.);
#14427 = CIRCLE('',#14428,0.225);
#14428 = AXIS2_PLACEMENT_3D('',#14429,#14430,#14431);
#14429 = CARTESIAN_POINT('',(4.850000000001,-1.100038483597,0.));
#14430 = DIRECTION('',(-0.,0.,-1.));
#14431 = DIRECTION('',(-1.,0.,0.));
#14432 = ORIENTED_EDGE('',*,*,#14403,.F.);
#14433 = ORIENTED_EDGE('',*,*,#14434,.T.);
#14434 = EDGE_CURVE('NONE',#14404,#13466,#14435,.T.);
#14435 = CIRCLE('',#14436,0.225);
#14436 = AXIS2_PLACEMENT_3D('',#14437,#14438,#14439);
#14437 = CARTESIAN_POINT('',(4.850000000001,-1.100038483597,0.73));
#14438 = DIRECTION('',(-0.,0.,-1.));
#14439 = DIRECTION('',(-1.,0.,0.));
#14440 = ORIENTED_EDGE('',*,*,#13465,.T.);
#14441 = CYLINDRICAL_SURFACE('',#14442,0.225);
#14442 = AXIS2_PLACEMENT_3D('',#14443,#14444,#14445);
#14443 = CARTESIAN_POINT('',(4.850000000001,-1.100038483597,0.73));
#14444 = DIRECTION('',(-0.,-0.,-1.));
#14445 = DIRECTION('',(-1.,0.,0.));
#14446 = ADVANCED_FACE('NONE',(#14447),#14472,.F.);
#14447 = FACE_BOUND('',#14448,.T.);
#14448 = EDGE_LOOP('NONE',(#14449,#14457,#14465,#14471));
#14449 = ORIENTED_EDGE('',*,*,#14450,.T.);
#14450 = EDGE_CURVE('NONE',#13449,#14451,#14453,.T.);
#14451 = VERTEX_POINT('NONE',#14452);
#14452 = CARTESIAN_POINT('',(4.850000000001,-0.225038483597,0.));
#14453 = LINE('',#14454,#14455);
#14454 = CARTESIAN_POINT('',(4.850000000001,-0.875038483597,0.));
#14455 = VECTOR('',#14456,1.);
#14456 = DIRECTION('',(1.334402673828E-15,1.,0.));
#14457 = ORIENTED_EDGE('',*,*,#14458,.F.);
#14458 = EDGE_CURVE('NONE',#14459,#14451,#14461,.T.);
#14459 = VERTEX_POINT('NONE',#14460);
#14460 = CARTESIAN_POINT('',(4.850000000001,-0.225038483597,0.73));
#14461 = LINE('',#14462,#14463);
#14462 = CARTESIAN_POINT('',(4.850000000001,-0.225038483597,0.73));
#14463 = VECTOR('',#14464,1.);
#14464 = DIRECTION('',(-0.,-0.,-1.));
#14465 = ORIENTED_EDGE('',*,*,#14466,.F.);
#14466 = EDGE_CURVE('NONE',#13447,#14459,#14467,.T.);
#14467 = LINE('',#14468,#14469);
#14468 = CARTESIAN_POINT('',(4.850000000001,-0.875038483597,0.73));
#14469 = VECTOR('',#14470,1.);
#14470 = DIRECTION('',(1.334402673828E-15,1.,0.));
#14471 = ORIENTED_EDGE('',*,*,#13446,.T.);
#14472 = PLANE('',#14473);
#14473 = AXIS2_PLACEMENT_3D('',#14474,#14475,#14476);
#14474 = CARTESIAN_POINT('',(4.850000000001,-0.875038483597,0.73));
#14475 = DIRECTION('',(-1.,1.334402673828E-15,0.));
#14476 = DIRECTION('',(-1.334402673828E-15,-1.,0.));
#14477 = ADVANCED_FACE('NONE',(#14478),#14496,.F.);
#14478 = FACE_BOUND('',#14479,.F.);
#14479 = EDGE_LOOP('NONE',(#14480,#14487,#14488,#14495));
#14480 = ORIENTED_EDGE('',*,*,#14481,.F.);
#14481 = EDGE_CURVE('NONE',#14451,#13415,#14482,.T.);
#14482 = CIRCLE('',#14483,0.225);
#14483 = AXIS2_PLACEMENT_3D('',#14484,#14485,#14486);
#14484 = CARTESIAN_POINT('',(4.850000000001,-3.848359675374E-05,0.));
#14485 = DIRECTION('',(-0.,0.,-1.));
#14486 = DIRECTION('',(-1.,0.,0.));
#14487 = ORIENTED_EDGE('',*,*,#14458,.F.);
#14488 = ORIENTED_EDGE('',*,*,#14489,.T.);
#14489 = EDGE_CURVE('NONE',#14459,#13424,#14490,.T.);
#14490 = CIRCLE('',#14491,0.225);
#14491 = AXIS2_PLACEMENT_3D('',#14492,#14493,#14494);
#14492 = CARTESIAN_POINT('',(4.850000000001,-3.848359675374E-05,0.73));
#14493 = DIRECTION('',(-0.,0.,-1.));
#14494 = DIRECTION('',(-1.,0.,0.));
#14495 = ORIENTED_EDGE('',*,*,#13423,.T.);
#14496 = CYLINDRICAL_SURFACE('',#14497,0.225);
#14497 = AXIS2_PLACEMENT_3D('',#14498,#14499,#14500);
#14498 = CARTESIAN_POINT('',(4.850000000001,-3.848359675374E-05,0.73));
#14499 = DIRECTION('',(-0.,-0.,-1.));
#14500 = DIRECTION('',(-1.,0.,0.));
#14501 = ADVANCED_FACE('NONE',(#14502),#14527,.F.);
#14502 = FACE_BOUND('',#14503,.T.);
#14503 = EDGE_LOOP('NONE',(#14504,#14512,#14520,#14526));
#14504 = ORIENTED_EDGE('',*,*,#14505,.T.);
#14505 = EDGE_CURVE('NONE',#13407,#14506,#14508,.T.);
#14506 = VERTEX_POINT('NONE',#14507);
#14507 = CARTESIAN_POINT('',(4.850000000001,0.874961516403,0.));
#14508 = LINE('',#14509,#14510);
#14509 = CARTESIAN_POINT('',(4.850000000001,0.224961516403,0.));
#14510 = VECTOR('',#14511,1.);
#14511 = DIRECTION('',(1.334402673828E-15,1.,0.));
#14512 = ORIENTED_EDGE('',*,*,#14513,.F.);
#14513 = EDGE_CURVE('NONE',#14514,#14506,#14516,.T.);
#14514 = VERTEX_POINT('NONE',#14515);
#14515 = CARTESIAN_POINT('',(4.850000000001,0.874961516403,0.73));
#14516 = LINE('',#14517,#14518);
#14517 = CARTESIAN_POINT('',(4.850000000001,0.874961516403,0.73));
#14518 = VECTOR('',#14519,1.);
#14519 = DIRECTION('',(-0.,-0.,-1.));
#14520 = ORIENTED_EDGE('',*,*,#14521,.F.);
#14521 = EDGE_CURVE('NONE',#13405,#14514,#14522,.T.);
#14522 = LINE('',#14523,#14524);
#14523 = CARTESIAN_POINT('',(4.850000000001,0.224961516403,0.73));
#14524 = VECTOR('',#14525,1.);
#14525 = DIRECTION('',(1.334402673828E-15,1.,0.));
#14526 = ORIENTED_EDGE('',*,*,#13404,.T.);
#14527 = PLANE('',#14528);
#14528 = AXIS2_PLACEMENT_3D('',#14529,#14530,#14531);
#14529 = CARTESIAN_POINT('',(4.850000000001,0.224961516403,0.73));
#14530 = DIRECTION('',(-1.,1.334402673828E-15,0.));
#14531 = DIRECTION('',(-1.334402673828E-15,-1.,0.));
#14532 = ADVANCED_FACE('NONE',(#14533),#14551,.F.);
#14533 = FACE_BOUND('',#14534,.F.);
#14534 = EDGE_LOOP('NONE',(#14535,#14542,#14543,#14550));
#14535 = ORIENTED_EDGE('',*,*,#14536,.F.);
#14536 = EDGE_CURVE('NONE',#14506,#13373,#14537,.T.);
#14537 = CIRCLE('',#14538,0.225);
#14538 = AXIS2_PLACEMENT_3D('',#14539,#14540,#14541);
#14539 = CARTESIAN_POINT('',(4.850000000001,1.099961516403,0.));
#14540 = DIRECTION('',(-0.,0.,-1.));
#14541 = DIRECTION('',(-1.,0.,0.));
#14542 = ORIENTED_EDGE('',*,*,#14513,.F.);
#14543 = ORIENTED_EDGE('',*,*,#14544,.T.);
#14544 = EDGE_CURVE('NONE',#14514,#13382,#14545,.T.);
#14545 = CIRCLE('',#14546,0.225);
#14546 = AXIS2_PLACEMENT_3D('',#14547,#14548,#14549);
#14547 = CARTESIAN_POINT('',(4.850000000001,1.099961516403,0.73));
#14548 = DIRECTION('',(-0.,0.,-1.));
#14549 = DIRECTION('',(-1.,0.,0.));
#14550 = ORIENTED_EDGE('',*,*,#13381,.T.);
#14551 = CYLINDRICAL_SURFACE('',#14552,0.225);
#14552 = AXIS2_PLACEMENT_3D('',#14553,#14554,#14555);
#14553 = CARTESIAN_POINT('',(4.850000000001,1.099961516403,0.73));
#14554 = DIRECTION('',(-0.,-0.,-1.));
#14555 = DIRECTION('',(-1.,0.,0.));
#14556 = ADVANCED_FACE('NONE',(#14557),#14582,.F.);
#14557 = FACE_BOUND('',#14558,.T.);
#14558 = EDGE_LOOP('NONE',(#14559,#14567,#14575,#14581));
#14559 = ORIENTED_EDGE('',*,*,#14560,.T.);
#14560 = EDGE_CURVE('NONE',#13365,#14561,#14563,.T.);
#14561 = VERTEX_POINT('NONE',#14562);
#14562 = CARTESIAN_POINT('',(4.850000000001,1.974961516403,0.));
#14563 = LINE('',#14564,#14565);
#14564 = CARTESIAN_POINT('',(4.850000000001,1.324961516403,0.));
#14565 = VECTOR('',#14566,1.);
#14566 = DIRECTION('',(1.668003342285E-13,1.,0.));
#14567 = ORIENTED_EDGE('',*,*,#14568,.F.);
#14568 = EDGE_CURVE('NONE',#14569,#14561,#14571,.T.);
#14569 = VERTEX_POINT('NONE',#14570);
#14570 = CARTESIAN_POINT('',(4.850000000001,1.974961516403,0.73));
#14571 = LINE('',#14572,#14573);
#14572 = CARTESIAN_POINT('',(4.850000000001,1.974961516403,0.73));
#14573 = VECTOR('',#14574,1.);
#14574 = DIRECTION('',(-0.,-0.,-1.));
#14575 = ORIENTED_EDGE('',*,*,#14576,.F.);
#14576 = EDGE_CURVE('NONE',#13363,#14569,#14577,.T.);
#14577 = LINE('',#14578,#14579);
#14578 = CARTESIAN_POINT('',(4.850000000001,1.324961516403,0.73));
#14579 = VECTOR('',#14580,1.);
#14580 = DIRECTION('',(1.668003342285E-13,1.,0.));
#14581 = ORIENTED_EDGE('',*,*,#13362,.T.);
#14582 = PLANE('',#14583);
#14583 = AXIS2_PLACEMENT_3D('',#14584,#14585,#14586);
#14584 = CARTESIAN_POINT('',(4.850000000001,1.324961516403,0.73));
#14585 = DIRECTION('',(-1.,1.668003342285E-13,0.));
#14586 = DIRECTION('',(-1.668003342285E-13,-1.,0.));
#14587 = ADVANCED_FACE('NONE',(#14588),#14606,.F.);
#14588 = FACE_BOUND('',#14589,.F.);
#14589 = EDGE_LOOP('NONE',(#14590,#14597,#14598,#14605));
#14590 = ORIENTED_EDGE('',*,*,#14591,.F.);
#14591 = EDGE_CURVE('NONE',#14561,#13331,#14592,.T.);
#14592 = CIRCLE('',#14593,0.225);
#14593 = AXIS2_PLACEMENT_3D('',#14594,#14595,#14596);
#14594 = CARTESIAN_POINT('',(4.850000000001,2.199961516403,0.));
#14595 = DIRECTION('',(-0.,0.,-1.));
#14596 = DIRECTION('',(-1.,0.,0.));
#14597 = ORIENTED_EDGE('',*,*,#14568,.F.);
#14598 = ORIENTED_EDGE('',*,*,#14599,.T.);
#14599 = EDGE_CURVE('NONE',#14569,#13340,#14600,.T.);
#14600 = CIRCLE('',#14601,0.225);
#14601 = AXIS2_PLACEMENT_3D('',#14602,#14603,#14604);
#14602 = CARTESIAN_POINT('',(4.850000000001,2.199961516403,0.73));
#14603 = DIRECTION('',(-0.,0.,-1.));
#14604 = DIRECTION('',(-1.,0.,0.));
#14605 = ORIENTED_EDGE('',*,*,#13339,.T.);
#14606 = CYLINDRICAL_SURFACE('',#14607,0.225);
#14607 = AXIS2_PLACEMENT_3D('',#14608,#14609,#14610);
#14608 = CARTESIAN_POINT('',(4.850000000001,2.199961516403,0.73));
#14609 = DIRECTION('',(-0.,-0.,-1.));
#14610 = DIRECTION('',(-1.,0.,0.));
#14611 = ADVANCED_FACE('NONE',(#14612),#14637,.F.);
#14612 = FACE_BOUND('',#14613,.T.);
#14613 = EDGE_LOOP('NONE',(#14614,#14622,#14630,#14636));
#14614 = ORIENTED_EDGE('',*,*,#14615,.T.);
#14615 = EDGE_CURVE('NONE',#13323,#14616,#14618,.T.);
#14616 = VERTEX_POINT('NONE',#14617);
#14617 = CARTESIAN_POINT('',(4.850000000001,3.074961516403,0.));
#14618 = LINE('',#14619,#14620);
#14619 = CARTESIAN_POINT('',(4.850000000001,2.424961516403,0.));
#14620 = VECTOR('',#14621,1.);
#14621 = DIRECTION('',(-5.737931497462E-14,1.,0.));
#14622 = ORIENTED_EDGE('',*,*,#14623,.F.);
#14623 = EDGE_CURVE('NONE',#14624,#14616,#14626,.T.);
#14624 = VERTEX_POINT('NONE',#14625);
#14625 = CARTESIAN_POINT('',(4.850000000001,3.074961516403,0.73));
#14626 = LINE('',#14627,#14628);
#14627 = CARTESIAN_POINT('',(4.850000000001,3.074961516403,0.73));
#14628 = VECTOR('',#14629,1.);
#14629 = DIRECTION('',(-0.,-0.,-1.));
#14630 = ORIENTED_EDGE('',*,*,#14631,.F.);
#14631 = EDGE_CURVE('NONE',#13321,#14624,#14632,.T.);
#14632 = LINE('',#14633,#14634);
#14633 = CARTESIAN_POINT('',(4.850000000001,2.424961516403,0.73));
#14634 = VECTOR('',#14635,1.);
#14635 = DIRECTION('',(-5.737931497462E-14,1.,0.));
#14636 = ORIENTED_EDGE('',*,*,#13320,.T.);
#14637 = PLANE('',#14638);
#14638 = AXIS2_PLACEMENT_3D('',#14639,#14640,#14641);
#14639 = CARTESIAN_POINT('',(4.850000000001,2.424961516403,0.73));
#14640 = DIRECTION('',(-1.,-5.737931497462E-14,0.));
#14641 = DIRECTION('',(5.737931497462E-14,-1.,0.));
#14642 = ADVANCED_FACE('NONE',(#14643),#14661,.F.);
#14643 = FACE_BOUND('',#14644,.F.);
#14644 = EDGE_LOOP('NONE',(#14645,#14652,#14653,#14660));
#14645 = ORIENTED_EDGE('',*,*,#14646,.F.);
#14646 = EDGE_CURVE('NONE',#14616,#13289,#14647,.T.);
#14647 = CIRCLE('',#14648,0.225);
#14648 = AXIS2_PLACEMENT_3D('',#14649,#14650,#14651);
#14649 = CARTESIAN_POINT('',(4.850000000001,3.299961516403,0.));
#14650 = DIRECTION('',(-0.,0.,-1.));
#14651 = DIRECTION('',(-1.,0.,0.));
#14652 = ORIENTED_EDGE('',*,*,#14623,.F.);
#14653 = ORIENTED_EDGE('',*,*,#14654,.T.);
#14654 = EDGE_CURVE('NONE',#14624,#13298,#14655,.T.);
#14655 = CIRCLE('',#14656,0.225);
#14656 = AXIS2_PLACEMENT_3D('',#14657,#14658,#14659);
#14657 = CARTESIAN_POINT('',(4.850000000001,3.299961516403,0.73));
#14658 = DIRECTION('',(-0.,0.,-1.));
#14659 = DIRECTION('',(-1.,0.,0.));
#14660 = ORIENTED_EDGE('',*,*,#13297,.T.);
#14661 = CYLINDRICAL_SURFACE('',#14662,0.225);
#14662 = AXIS2_PLACEMENT_3D('',#14663,#14664,#14665);
#14663 = CARTESIAN_POINT('',(4.850000000001,3.299961516403,0.73));
#14664 = DIRECTION('',(-0.,-0.,-1.));
#14665 = DIRECTION('',(-1.,0.,0.));
#14666 = ADVANCED_FACE('NONE',(#14667),#14692,.F.);
#14667 = FACE_BOUND('',#14668,.T.);
#14668 = EDGE_LOOP('NONE',(#14669,#14677,#14685,#14691));
#14669 = ORIENTED_EDGE('',*,*,#14670,.T.);
#14670 = EDGE_CURVE('NONE',#13281,#14671,#14673,.T.);
#14671 = VERTEX_POINT('NONE',#14672);
#14672 = CARTESIAN_POINT('',(4.850000000001,4.174961516403,0.));
#14673 = LINE('',#14674,#14675);
#14674 = CARTESIAN_POINT('',(4.850000000001,3.524961516403,0.));
#14675 = VECTOR('',#14676,1.);
#14676 = DIRECTION('',(-5.737931497462E-14,1.,0.));
#14677 = ORIENTED_EDGE('',*,*,#14678,.F.);
#14678 = EDGE_CURVE('NONE',#14679,#14671,#14681,.T.);
#14679 = VERTEX_POINT('NONE',#14680);
#14680 = CARTESIAN_POINT('',(4.850000000001,4.174961516403,0.73));
#14681 = LINE('',#14682,#14683);
#14682 = CARTESIAN_POINT('',(4.850000000001,4.174961516403,0.73));
#14683 = VECTOR('',#14684,1.);
#14684 = DIRECTION('',(-0.,-0.,-1.));
#14685 = ORIENTED_EDGE('',*,*,#14686,.F.);
#14686 = EDGE_CURVE('NONE',#13279,#14679,#14687,.T.);
#14687 = LINE('',#14688,#14689);
#14688 = CARTESIAN_POINT('',(4.850000000001,3.524961516403,0.73));
#14689 = VECTOR('',#14690,1.);
#14690 = DIRECTION('',(-5.737931497462E-14,1.,0.));
#14691 = ORIENTED_EDGE('',*,*,#13278,.T.);
#14692 = PLANE('',#14693);
#14693 = AXIS2_PLACEMENT_3D('',#14694,#14695,#14696);
#14694 = CARTESIAN_POINT('',(4.850000000001,3.524961516403,0.73));
#14695 = DIRECTION('',(-1.,-5.737931497462E-14,0.));
#14696 = DIRECTION('',(5.737931497462E-14,-1.,0.));
#14697 = ADVANCED_FACE('NONE',(#14698),#14716,.F.);
#14698 = FACE_BOUND('',#14699,.F.);
#14699 = EDGE_LOOP('NONE',(#14700,#14707,#14708,#14715));
#14700 = ORIENTED_EDGE('',*,*,#14701,.F.);
#14701 = EDGE_CURVE('NONE',#14671,#13247,#14702,.T.);
#14702 = CIRCLE('',#14703,0.225);
#14703 = AXIS2_PLACEMENT_3D('',#14704,#14705,#14706);
#14704 = CARTESIAN_POINT('',(4.850000000001,4.399961516403,0.));
#14705 = DIRECTION('',(-0.,0.,-1.));
#14706 = DIRECTION('',(-1.,0.,0.));
#14707 = ORIENTED_EDGE('',*,*,#14678,.F.);
#14708 = ORIENTED_EDGE('',*,*,#14709,.T.);
#14709 = EDGE_CURVE('NONE',#14679,#13256,#14710,.T.);
#14710 = CIRCLE('',#14711,0.225);
#14711 = AXIS2_PLACEMENT_3D('',#14712,#14713,#14714);
#14712 = CARTESIAN_POINT('',(4.850000000001,4.399961516403,0.73));
#14713 = DIRECTION('',(-0.,0.,-1.));
#14714 = DIRECTION('',(-1.,0.,0.));
#14715 = ORIENTED_EDGE('',*,*,#13255,.T.);
#14716 = CYLINDRICAL_SURFACE('',#14717,0.225);
#14717 = AXIS2_PLACEMENT_3D('',#14718,#14719,#14720);
#14718 = CARTESIAN_POINT('',(4.850000000001,4.399961516403,0.73));
#14719 = DIRECTION('',(-0.,-0.,-1.));
#14720 = DIRECTION('',(-1.,0.,0.));
#14721 = ADVANCED_FACE('NONE',(#14722),#14747,.F.);
#14722 = FACE_BOUND('',#14723,.T.);
#14723 = EDGE_LOOP('NONE',(#14724,#14732,#14740,#14746));
#14724 = ORIENTED_EDGE('',*,*,#14725,.T.);
#14725 = EDGE_CURVE('NONE',#13239,#14726,#14728,.T.);
#14726 = VERTEX_POINT('NONE',#14727);
#14727 = CARTESIAN_POINT('',(4.850000000001,5.05,0.));
#14728 = LINE('',#14729,#14730);
#14729 = CARTESIAN_POINT('',(4.850000000001,5.05,0.));
#14730 = VECTOR('',#14731,1.);
#14731 = DIRECTION('',(-0.,1.,-0.));
#14732 = ORIENTED_EDGE('',*,*,#14733,.F.);
#14733 = EDGE_CURVE('NONE',#14734,#14726,#14736,.T.);
#14734 = VERTEX_POINT('NONE',#14735);
#14735 = CARTESIAN_POINT('',(4.850000000001,5.05,0.73));
#14736 = LINE('',#14737,#14738);
#14737 = CARTESIAN_POINT('',(4.850000000001,5.05,0.73));
#14738 = VECTOR('',#14739,1.);
#14739 = DIRECTION('',(-0.,-0.,-1.));
#14740 = ORIENTED_EDGE('',*,*,#14741,.F.);
#14741 = EDGE_CURVE('NONE',#13237,#14734,#14742,.T.);
#14742 = LINE('',#14743,#14744);
#14743 = CARTESIAN_POINT('',(4.850000000001,5.05,0.73));
#14744 = VECTOR('',#14745,1.);
#14745 = DIRECTION('',(-0.,1.,-0.));
#14746 = ORIENTED_EDGE('',*,*,#13236,.T.);
#14747 = PLANE('',#14748);
#14748 = AXIS2_PLACEMENT_3D('',#14749,#14750,#14751);
#14749 = CARTESIAN_POINT('',(4.850000000001,5.05,0.73));
#14750 = DIRECTION('',(-1.,0.,0.));
#14751 = DIRECTION('',(0.,0.,1.));
#14752 = ADVANCED_FACE('NONE',(#14753),#14778,.F.);
#14753 = FACE_BOUND('',#14754,.T.);
#14754 = EDGE_LOOP('NONE',(#14755,#14763,#14771,#14777));
#14755 = ORIENTED_EDGE('',*,*,#14756,.T.);
#14756 = EDGE_CURVE('NONE',#14726,#14757,#14759,.T.);
#14757 = VERTEX_POINT('NONE',#14758);
#14758 = CARTESIAN_POINT('',(-4.850000000001,5.05,0.));
#14759 = LINE('',#14760,#14761);
#14760 = CARTESIAN_POINT('',(-4.850000000001,5.05,0.));
#14761 = VECTOR('',#14762,1.);
#14762 = DIRECTION('',(-1.,-1.788374717502E-16,-0.));
#14763 = ORIENTED_EDGE('',*,*,#14764,.F.);
#14764 = EDGE_CURVE('NONE',#14765,#14757,#14767,.T.);
#14765 = VERTEX_POINT('NONE',#14766);
#14766 = CARTESIAN_POINT('',(-4.850000000001,5.05,0.73));
#14767 = LINE('',#14768,#14769);
#14768 = CARTESIAN_POINT('',(-4.850000000001,5.05,0.73));
#14769 = VECTOR('',#14770,1.);
#14770 = DIRECTION('',(-0.,-0.,-1.));
#14771 = ORIENTED_EDGE('',*,*,#14772,.F.);
#14772 = EDGE_CURVE('NONE',#14734,#14765,#14773,.T.);
#14773 = LINE('',#14774,#14775);
#14774 = CARTESIAN_POINT('',(-4.850000000001,5.05,0.73));
#14775 = VECTOR('',#14776,1.);
#14776 = DIRECTION('',(-1.,-1.788374717502E-16,-0.));
#14777 = ORIENTED_EDGE('',*,*,#14733,.T.);
#14778 = PLANE('',#14779);
#14779 = AXIS2_PLACEMENT_3D('',#14780,#14781,#14782);
#14780 = CARTESIAN_POINT('',(-4.850000000001,5.05,0.73));
#14781 = DIRECTION('',(1.788374717502E-16,-1.,0.));
#14782 = DIRECTION('',(1.,1.788374717502E-16,0.));
#14783 = ADVANCED_FACE('NONE',(#14784),#14800,.F.);
#14784 = FACE_BOUND('',#14785,.T.);
#14785 = EDGE_LOOP('NONE',(#14786,#14792,#14793,#14799));
#14786 = ORIENTED_EDGE('',*,*,#14787,.T.);
#14787 = EDGE_CURVE('NONE',#14757,#13617,#14788,.T.);
#14788 = LINE('',#14789,#14790);
#14789 = CARTESIAN_POINT('',(-4.850000000001,5.05,0.));
#14790 = VECTOR('',#14791,1.);
#14791 = DIRECTION('',(0.,-1.,0.));
#14792 = ORIENTED_EDGE('',*,*,#13614,.F.);
#14793 = ORIENTED_EDGE('',*,*,#14794,.F.);
#14794 = EDGE_CURVE('NONE',#14765,#13615,#14795,.T.);
#14795 = LINE('',#14796,#14797);
#14796 = CARTESIAN_POINT('',(-4.850000000001,5.05,0.73));
#14797 = VECTOR('',#14798,1.);
#14798 = DIRECTION('',(0.,-1.,0.));
#14799 = ORIENTED_EDGE('',*,*,#14764,.T.);
#14800 = PLANE('',#14801);
#14801 = AXIS2_PLACEMENT_3D('',#14802,#14803,#14804);
#14802 = CARTESIAN_POINT('',(-4.850000000001,5.05,0.73));
#14803 = DIRECTION('',(1.,0.,-0.));
#14804 = DIRECTION('',(-0.,0.,-1.));
#14805 = ADVANCED_FACE('NONE',(#14806),#14857,.T.);
#14806 = FACE_BOUND('',#14807,.T.);
#14807 = EDGE_LOOP('NONE',(#14808,#14809,#14810,#14811,#14812,#14813,
    #14814,#14815,#14816,#14817,#14818,#14819,#14820,#14821,#14822,
    #14823,#14824,#14825,#14826,#14827,#14828,#14829,#14830,#14831,
    #14832,#14833,#14834,#14835,#14836,#14837,#14838,#14839,#14840,
    #14841,#14842,#14843,#14844,#14845,#14846,#14847,#14848,#14849,
    #14850,#14851,#14852,#14853,#14854,#14855,#14856));
#14808 = ORIENTED_EDGE('',*,*,#13624,.T.);
#14809 = ORIENTED_EDGE('',*,*,#13672,.T.);
#14810 = ORIENTED_EDGE('',*,*,#13688,.T.);
#14811 = ORIENTED_EDGE('',*,*,#13736,.T.);
#14812 = ORIENTED_EDGE('',*,*,#13752,.T.);
#14813 = ORIENTED_EDGE('',*,*,#13800,.T.);
#14814 = ORIENTED_EDGE('',*,*,#13816,.T.);
#14815 = ORIENTED_EDGE('',*,*,#13864,.T.);
#14816 = ORIENTED_EDGE('',*,*,#13880,.T.);
#14817 = ORIENTED_EDGE('',*,*,#13928,.T.);
#14818 = ORIENTED_EDGE('',*,*,#13944,.T.);
#14819 = ORIENTED_EDGE('',*,*,#13992,.T.);
#14820 = ORIENTED_EDGE('',*,*,#14008,.T.);
#14821 = ORIENTED_EDGE('',*,*,#14056,.T.);
#14822 = ORIENTED_EDGE('',*,*,#14072,.T.);
#14823 = ORIENTED_EDGE('',*,*,#14120,.T.);
#14824 = ORIENTED_EDGE('',*,*,#14136,.T.);
#14825 = ORIENTED_EDGE('',*,*,#14184,.T.);
#14826 = ORIENTED_EDGE('',*,*,#14215,.T.);
#14827 = ORIENTED_EDGE('',*,*,#14246,.T.);
#14828 = ORIENTED_EDGE('',*,*,#14269,.T.);
#14829 = ORIENTED_EDGE('',*,*,#13599,.T.);
#14830 = ORIENTED_EDGE('',*,*,#14301,.T.);
#14831 = ORIENTED_EDGE('',*,*,#14324,.T.);
#14832 = ORIENTED_EDGE('',*,*,#13557,.T.);
#14833 = ORIENTED_EDGE('',*,*,#14356,.T.);
#14834 = ORIENTED_EDGE('',*,*,#14379,.T.);
#14835 = ORIENTED_EDGE('',*,*,#13515,.T.);
#14836 = ORIENTED_EDGE('',*,*,#14411,.T.);
#14837 = ORIENTED_EDGE('',*,*,#14434,.T.);
#14838 = ORIENTED_EDGE('',*,*,#13473,.T.);
#14839 = ORIENTED_EDGE('',*,*,#14466,.T.);
#14840 = ORIENTED_EDGE('',*,*,#14489,.T.);
#14841 = ORIENTED_EDGE('',*,*,#13431,.T.);
#14842 = ORIENTED_EDGE('',*,*,#14521,.T.);
#14843 = ORIENTED_EDGE('',*,*,#14544,.T.);
#14844 = ORIENTED_EDGE('',*,*,#13389,.T.);
#14845 = ORIENTED_EDGE('',*,*,#14576,.T.);
#14846 = ORIENTED_EDGE('',*,*,#14599,.T.);
#14847 = ORIENTED_EDGE('',*,*,#13347,.T.);
#14848 = ORIENTED_EDGE('',*,*,#14631,.T.);
#14849 = ORIENTED_EDGE('',*,*,#14654,.T.);
#14850 = ORIENTED_EDGE('',*,*,#13305,.T.);
#14851 = ORIENTED_EDGE('',*,*,#14686,.T.);
#14852 = ORIENTED_EDGE('',*,*,#14709,.T.);
#14853 = ORIENTED_EDGE('',*,*,#13263,.T.);
#14854 = ORIENTED_EDGE('',*,*,#14741,.T.);
#14855 = ORIENTED_EDGE('',*,*,#14772,.T.);
#14856 = ORIENTED_EDGE('',*,*,#14794,.T.);
#14857 = PLANE('',#14858);
#14858 = AXIS2_PLACEMENT_3D('',#14859,#14860,#14861);
#14859 = CARTESIAN_POINT('',(-4.850000000001,4.399961516403,0.73));
#14860 = DIRECTION('',(0.,0.,1.));
#14861 = DIRECTION('',(1.,0.,-0.));
#14862 = ADVANCED_FACE('NONE',(#14863),#14914,.F.);
#14863 = FACE_BOUND('',#14864,.T.);
#14864 = EDGE_LOOP('NONE',(#14865,#14866,#14867,#14868,#14869,#14870,
    #14871,#14872,#14873,#14874,#14875,#14876,#14877,#14878,#14879,
    #14880,#14881,#14882,#14883,#14884,#14885,#14886,#14887,#14888,
    #14889,#14890,#14891,#14892,#14893,#14894,#14895,#14896,#14897,
    #14898,#14899,#14900,#14901,#14902,#14903,#14904,#14905,#14906,
    #14907,#14908,#14909,#14910,#14911,#14912,#14913));
#14865 = ORIENTED_EDGE('',*,*,#13641,.F.);
#14866 = ORIENTED_EDGE('',*,*,#14787,.F.);
#14867 = ORIENTED_EDGE('',*,*,#14756,.F.);
#14868 = ORIENTED_EDGE('',*,*,#14725,.F.);
#14869 = ORIENTED_EDGE('',*,*,#13246,.F.);
#14870 = ORIENTED_EDGE('',*,*,#14701,.F.);
#14871 = ORIENTED_EDGE('',*,*,#14670,.F.);
#14872 = ORIENTED_EDGE('',*,*,#13288,.F.);
#14873 = ORIENTED_EDGE('',*,*,#14646,.F.);
#14874 = ORIENTED_EDGE('',*,*,#14615,.F.);
#14875 = ORIENTED_EDGE('',*,*,#13330,.F.);
#14876 = ORIENTED_EDGE('',*,*,#14591,.F.);
#14877 = ORIENTED_EDGE('',*,*,#14560,.F.);
#14878 = ORIENTED_EDGE('',*,*,#13372,.F.);
#14879 = ORIENTED_EDGE('',*,*,#14536,.F.);
#14880 = ORIENTED_EDGE('',*,*,#14505,.F.);
#14881 = ORIENTED_EDGE('',*,*,#13414,.F.);
#14882 = ORIENTED_EDGE('',*,*,#14481,.F.);
#14883 = ORIENTED_EDGE('',*,*,#14450,.F.);
#14884 = ORIENTED_EDGE('',*,*,#13456,.F.);
#14885 = ORIENTED_EDGE('',*,*,#14426,.F.);
#14886 = ORIENTED_EDGE('',*,*,#14395,.F.);
#14887 = ORIENTED_EDGE('',*,*,#13498,.F.);
#14888 = ORIENTED_EDGE('',*,*,#14371,.F.);
#14889 = ORIENTED_EDGE('',*,*,#14340,.F.);
#14890 = ORIENTED_EDGE('',*,*,#13540,.F.);
#14891 = ORIENTED_EDGE('',*,*,#14316,.F.);
#14892 = ORIENTED_EDGE('',*,*,#14285,.F.);
#14893 = ORIENTED_EDGE('',*,*,#13582,.F.);
#14894 = ORIENTED_EDGE('',*,*,#14261,.F.);
#14895 = ORIENTED_EDGE('',*,*,#14230,.F.);
#14896 = ORIENTED_EDGE('',*,*,#14199,.F.);
#14897 = ORIENTED_EDGE('',*,*,#14168,.F.);
#14898 = ORIENTED_EDGE('',*,*,#14153,.F.);
#14899 = ORIENTED_EDGE('',*,*,#14104,.F.);
#14900 = ORIENTED_EDGE('',*,*,#14089,.F.);
#14901 = ORIENTED_EDGE('',*,*,#14040,.F.);
#14902 = ORIENTED_EDGE('',*,*,#14025,.F.);
#14903 = ORIENTED_EDGE('',*,*,#13976,.F.);
#14904 = ORIENTED_EDGE('',*,*,#13961,.F.);
#14905 = ORIENTED_EDGE('',*,*,#13912,.F.);
#14906 = ORIENTED_EDGE('',*,*,#13897,.F.);
#14907 = ORIENTED_EDGE('',*,*,#13848,.F.);
#14908 = ORIENTED_EDGE('',*,*,#13833,.F.);
#14909 = ORIENTED_EDGE('',*,*,#13784,.F.);
#14910 = ORIENTED_EDGE('',*,*,#13769,.F.);
#14911 = ORIENTED_EDGE('',*,*,#13720,.F.);
#14912 = ORIENTED_EDGE('',*,*,#13705,.F.);
#14913 = ORIENTED_EDGE('',*,*,#13656,.F.);
#14914 = PLANE('',#14915);
#14915 = AXIS2_PLACEMENT_3D('',#14916,#14917,#14918);
#14916 = CARTESIAN_POINT('',(-4.850000000001,4.399961516403,0.));
#14917 = DIRECTION('',(0.,0.,1.));
#14918 = DIRECTION('',(1.,0.,-0.));
#14919 = MANIFOLD_SOLID_BREP('Verrundung6',#14920);
#14920 = CLOSED_SHELL('NONE',(#14921,#14955,#14989,#15023,#15057,#15097,
    #15133,#15159,#15179,#15199));
#14921 = ADVANCED_FACE('NONE',(#14922),#14950,.F.);
#14922 = FACE_BOUND('',#14923,.T.);
#14923 = EDGE_LOOP('NONE',(#14924,#14935,#14944));
#14924 = ORIENTED_EDGE('',*,*,#14925,.T.);
#14925 = EDGE_CURVE('NONE',#14926,#14928,#14930,.T.);
#14926 = VERTEX_POINT('NONE',#14927);
#14927 = CARTESIAN_POINT('',(0.9,-4.65,0.73));
#14928 = VERTEX_POINT('NONE',#14929);
#14929 = CARTESIAN_POINT('',(0.85,-4.7,0.793933988701));
#14930 = ( BOUNDED_CURVE() B_SPLINE_CURVE(3,(#14931,#14932,#14933,#14934
),.UNSPECIFIED.,.F.,.F.) B_SPLINE_CURVE_WITH_KNOTS((4,4),(3.642247365994
,3.968345345649),.PIECEWISE_BEZIER_KNOTS.) CURVE()
GEOMETRIC_REPRESENTATION_ITEM() RATIONAL_B_SPLINE_CURVE((1.,
0.991157957161,0.991157957161,1.)) REPRESENTATION_ITEM('') );
#14931 = CARTESIAN_POINT('',(0.9,-4.65,0.73));
#14932 = CARTESIAN_POINT('',(0.886897950529,-4.663102049471,
    0.753945864852));
#14933 = CARTESIAN_POINT('',(0.870082601828,-4.679917398172,
    0.775447311128));
#14934 = CARTESIAN_POINT('',(0.85,-4.7,0.793933988701));
#14935 = ORIENTED_EDGE('',*,*,#14936,.T.);
#14936 = EDGE_CURVE('NONE',#14928,#14937,#14939,.T.);
#14937 = VERTEX_POINT('NONE',#14938);
#14938 = CARTESIAN_POINT('',(0.8,-4.75,0.73));
#14939 = ( BOUNDED_CURVE() B_SPLINE_CURVE(3,(#14940,#14941,#14942,#14943
),.UNSPECIFIED.,.F.,.F.) B_SPLINE_CURVE_WITH_KNOTS((4,4),(5.45643261512,
5.782530594775),.PIECEWISE_BEZIER_KNOTS.) CURVE()
GEOMETRIC_REPRESENTATION_ITEM() RATIONAL_B_SPLINE_CURVE((1.,
0.991157957161,0.991157957161,1.)) REPRESENTATION_ITEM('') );
#14940 = CARTESIAN_POINT('',(0.85,-4.7,0.793933988701));
#14941 = CARTESIAN_POINT('',(0.829917398172,-4.720082601828,
    0.775447311128));
#14942 = CARTESIAN_POINT('',(0.813102049471,-4.736897950529,
    0.753945864852));
#14943 = CARTESIAN_POINT('',(0.8,-4.75,0.73));
#14944 = ORIENTED_EDGE('',*,*,#14945,.T.);
#14945 = EDGE_CURVE('NONE',#14937,#14926,#14946,.T.);
#14946 = LINE('',#14947,#14948);
#14947 = CARTESIAN_POINT('',(0.9,-4.65,0.73));
#14948 = VECTOR('',#14949,1.);
#14949 = DIRECTION('',(0.707106781187,0.707106781187,-0.));
#14950 = PLANE('',#14951);
#14951 = AXIS2_PLACEMENT_3D('',#14952,#14953,#14954);
#14952 = CARTESIAN_POINT('',(0.9,-4.65,0.86));
#14953 = DIRECTION('',(-0.707106781187,0.707106781187,0.));
#14954 = DIRECTION('',(-0.707106781187,-0.707106781187,0.));
#14955 = ADVANCED_FACE('NONE',(#14956),#14984,.F.);
#14956 = FACE_BOUND('',#14957,.T.);
#14957 = EDGE_LOOP('NONE',(#14958,#14968,#14977));
#14958 = ORIENTED_EDGE('',*,*,#14959,.T.);
#14959 = EDGE_CURVE('NONE',#14960,#14962,#14964,.T.);
#14960 = VERTEX_POINT('NONE',#14961);
#14961 = CARTESIAN_POINT('',(0.9,-4.25,0.73));
#14962 = VERTEX_POINT('NONE',#14963);
#14963 = CARTESIAN_POINT('',(0.8,-4.15,0.73));
#14964 = LINE('',#14965,#14966);
#14965 = CARTESIAN_POINT('',(0.8,-4.15,0.73));
#14966 = VECTOR('',#14967,1.);
#14967 = DIRECTION('',(-0.707106781187,0.707106781187,-0.));
#14968 = ORIENTED_EDGE('',*,*,#14969,.T.);
#14969 = EDGE_CURVE('NONE',#14962,#14970,#14972,.T.);
#14970 = VERTEX_POINT('NONE',#14971);
#14971 = CARTESIAN_POINT('',(0.85,-4.2,0.793933988701));
#14972 = ( BOUNDED_CURVE() B_SPLINE_CURVE(3,(#14973,#14974,#14975,#14976
),.UNSPECIFIED.,.F.,.F.) B_SPLINE_CURVE_WITH_KNOTS((4,4),(3.642247365994
,3.968345345649),.PIECEWISE_BEZIER_KNOTS.) CURVE()
GEOMETRIC_REPRESENTATION_ITEM() RATIONAL_B_SPLINE_CURVE((1.,
0.991157957161,0.991157957161,1.)) REPRESENTATION_ITEM('') );
#14973 = CARTESIAN_POINT('',(0.8,-4.15,0.73));
#14974 = CARTESIAN_POINT('',(0.813102049471,-4.163102049471,
    0.753945864852));
#14975 = CARTESIAN_POINT('',(0.829917398172,-4.179917398172,
    0.775447311128));
#14976 = CARTESIAN_POINT('',(0.85,-4.2,0.793933988701));
#14977 = ORIENTED_EDGE('',*,*,#14978,.T.);
#14978 = EDGE_CURVE('NONE',#14970,#14960,#14979,.T.);
#14979 = ( BOUNDED_CURVE() B_SPLINE_CURVE(3,(#14980,#14981,#14982,#14983
),.UNSPECIFIED.,.F.,.F.) B_SPLINE_CURVE_WITH_KNOTS((4,4),(5.45643261512,
5.782530594775),.PIECEWISE_BEZIER_KNOTS.) CURVE()
GEOMETRIC_REPRESENTATION_ITEM() RATIONAL_B_SPLINE_CURVE((1.,
0.991157957161,0.991157957161,1.)) REPRESENTATION_ITEM('') );
#14980 = CARTESIAN_POINT('',(0.85,-4.2,0.793933988701));
#14981 = CARTESIAN_POINT('',(0.870082601828,-4.220082601828,
    0.775447311128));
#14982 = CARTESIAN_POINT('',(0.886897950529,-4.236897950529,
    0.753945864852));
#14983 = CARTESIAN_POINT('',(0.9,-4.25,0.73));
#14984 = PLANE('',#14985);
#14985 = AXIS2_PLACEMENT_3D('',#14986,#14987,#14988);
#14986 = CARTESIAN_POINT('',(0.8,-4.15,0.86));
#14987 = DIRECTION('',(-0.707106781187,-0.707106781187,0.));
#14988 = DIRECTION('',(0.707106781187,-0.707106781187,0.));
#14989 = ADVANCED_FACE('NONE',(#14990),#15018,.F.);
#14990 = FACE_BOUND('',#14991,.T.);
#14991 = EDGE_LOOP('NONE',(#14992,#15002,#15011));
#14992 = ORIENTED_EDGE('',*,*,#14993,.T.);
#14993 = EDGE_CURVE('NONE',#14994,#14996,#14998,.T.);
#14994 = VERTEX_POINT('NONE',#14995);
#14995 = CARTESIAN_POINT('',(-0.8,-4.15,0.73));
#14996 = VERTEX_POINT('NONE',#14997);
#14997 = CARTESIAN_POINT('',(-0.9,-4.25,0.73));
#14998 = LINE('',#14999,#15000);
#14999 = CARTESIAN_POINT('',(-0.9,-4.25,0.73));
#15000 = VECTOR('',#15001,1.);
#15001 = DIRECTION('',(-0.707106781187,-0.707106781187,-0.));
#15002 = ORIENTED_EDGE('',*,*,#15003,.T.);
#15003 = EDGE_CURVE('NONE',#14996,#15004,#15006,.T.);
#15004 = VERTEX_POINT('NONE',#15005);
#15005 = CARTESIAN_POINT('',(-0.85,-4.2,0.793933988701));
#15006 = ( BOUNDED_CURVE() B_SPLINE_CURVE(3,(#15007,#15008,#15009,#15010
),.UNSPECIFIED.,.F.,.F.) B_SPLINE_CURVE_WITH_KNOTS((4,4),(3.642247365994
,3.968345345649),.PIECEWISE_BEZIER_KNOTS.) CURVE()
GEOMETRIC_REPRESENTATION_ITEM() RATIONAL_B_SPLINE_CURVE((1.,
0.991157957161,0.991157957161,1.)) REPRESENTATION_ITEM('') );
#15007 = CARTESIAN_POINT('',(-0.9,-4.25,0.73));
#15008 = CARTESIAN_POINT('',(-0.886897950529,-4.236897950529,
    0.753945864852));
#15009 = CARTESIAN_POINT('',(-0.870082601828,-4.220082601828,
    0.775447311128));
#15010 = CARTESIAN_POINT('',(-0.85,-4.2,0.793933988701));
#15011 = ORIENTED_EDGE('',*,*,#15012,.T.);
#15012 = EDGE_CURVE('NONE',#15004,#14994,#15013,.T.);
#15013 = ( BOUNDED_CURVE() B_SPLINE_CURVE(3,(#15014,#15015,#15016,#15017
),.UNSPECIFIED.,.F.,.F.) B_SPLINE_CURVE_WITH_KNOTS((4,4),(5.45643261512,
5.782530594775),.PIECEWISE_BEZIER_KNOTS.) CURVE()
GEOMETRIC_REPRESENTATION_ITEM() RATIONAL_B_SPLINE_CURVE((1.,
0.991157957161,0.991157957161,1.)) REPRESENTATION_ITEM('') );
#15014 = CARTESIAN_POINT('',(-0.85,-4.2,0.793933988701));
#15015 = CARTESIAN_POINT('',(-0.829917398172,-4.179917398172,
    0.775447311128));
#15016 = CARTESIAN_POINT('',(-0.813102049471,-4.163102049471,
    0.753945864852));
#15017 = CARTESIAN_POINT('',(-0.8,-4.15,0.73));
#15018 = PLANE('',#15019);
#15019 = AXIS2_PLACEMENT_3D('',#15020,#15021,#15022);
#15020 = CARTESIAN_POINT('',(-0.9,-4.25,0.86));
#15021 = DIRECTION('',(0.707106781187,-0.707106781187,0.));
#15022 = DIRECTION('',(0.707106781187,0.707106781187,0.));
#15023 = ADVANCED_FACE('NONE',(#15024),#15052,.F.);
#15024 = FACE_BOUND('',#15025,.T.);
#15025 = EDGE_LOOP('NONE',(#15026,#15036,#15045));
#15026 = ORIENTED_EDGE('',*,*,#15027,.T.);
#15027 = EDGE_CURVE('NONE',#15028,#15030,#15032,.T.);
#15028 = VERTEX_POINT('NONE',#15029);
#15029 = CARTESIAN_POINT('',(-0.9,-4.65,0.73));
#15030 = VERTEX_POINT('NONE',#15031);
#15031 = CARTESIAN_POINT('',(-0.8,-4.75,0.73));
#15032 = LINE('',#15033,#15034);
#15033 = CARTESIAN_POINT('',(-0.8,-4.75,0.73));
#15034 = VECTOR('',#15035,1.);
#15035 = DIRECTION('',(0.707106781187,-0.707106781187,-0.));
#15036 = ORIENTED_EDGE('',*,*,#15037,.T.);
#15037 = EDGE_CURVE('NONE',#15030,#15038,#15040,.T.);
#15038 = VERTEX_POINT('NONE',#15039);
#15039 = CARTESIAN_POINT('',(-0.85,-4.7,0.793933988701));
#15040 = ( BOUNDED_CURVE() B_SPLINE_CURVE(3,(#15041,#15042,#15043,#15044
),.UNSPECIFIED.,.F.,.F.) B_SPLINE_CURVE_WITH_KNOTS((4,4),(3.642247365994
,3.968345345649),.PIECEWISE_BEZIER_KNOTS.) CURVE()
GEOMETRIC_REPRESENTATION_ITEM() RATIONAL_B_SPLINE_CURVE((1.,
0.991157957161,0.991157957161,1.)) REPRESENTATION_ITEM('') );
#15041 = CARTESIAN_POINT('',(-0.8,-4.75,0.73));
#15042 = CARTESIAN_POINT('',(-0.813102049471,-4.736897950529,
    0.753945864852));
#15043 = CARTESIAN_POINT('',(-0.829917398172,-4.720082601828,
    0.775447311128));
#15044 = CARTESIAN_POINT('',(-0.85,-4.7,0.793933988701));
#15045 = ORIENTED_EDGE('',*,*,#15046,.T.);
#15046 = EDGE_CURVE('NONE',#15038,#15028,#15047,.T.);
#15047 = ( BOUNDED_CURVE() B_SPLINE_CURVE(3,(#15048,#15049,#15050,#15051
),.UNSPECIFIED.,.F.,.F.) B_SPLINE_CURVE_WITH_KNOTS((4,4),(5.45643261512,
5.782530594775),.PIECEWISE_BEZIER_KNOTS.) CURVE()
GEOMETRIC_REPRESENTATION_ITEM() RATIONAL_B_SPLINE_CURVE((1.,
0.991157957161,0.991157957161,1.)) REPRESENTATION_ITEM('') );
#15048 = CARTESIAN_POINT('',(-0.85,-4.7,0.793933988701));
#15049 = CARTESIAN_POINT('',(-0.870082601828,-4.679917398172,
    0.775447311128));
#15050 = CARTESIAN_POINT('',(-0.886897950529,-4.663102049471,
    0.753945864852));
#15051 = CARTESIAN_POINT('',(-0.9,-4.65,0.73));
#15052 = PLANE('',#15053);
#15053 = AXIS2_PLACEMENT_3D('',#15054,#15055,#15056);
#15054 = CARTESIAN_POINT('',(-0.8,-4.75,0.86));
#15055 = DIRECTION('',(0.707106781187,0.707106781187,-0.));
#15056 = DIRECTION('',(-0.707106781187,0.707106781187,0.));
#15057 = ADVANCED_FACE('NONE',(#15058),#15092,.F.);
#15058 = FACE_BOUND('',#15059,.T.);
#15059 = EDGE_LOOP('NONE',(#15060,#15070,#15078,#15086));
#15060 = ORIENTED_EDGE('',*,*,#15061,.T.);
#15061 = EDGE_CURVE('NONE',#15062,#15064,#15066,.T.);
#15062 = VERTEX_POINT('NONE',#15063);
#15063 = CARTESIAN_POINT('',(-0.680682878005,-4.369317121995,0.86));
#15064 = VERTEX_POINT('NONE',#15065);
#15065 = CARTESIAN_POINT('',(-0.680682878005,-4.530682878005,0.86));
#15066 = LINE('',#15067,#15068);
#15067 = CARTESIAN_POINT('',(-0.680682878005,-5.55,0.86));
#15068 = VECTOR('',#15069,1.);
#15069 = DIRECTION('',(-0.,-1.,-0.));
#15070 = ORIENTED_EDGE('',*,*,#15071,.T.);
#15071 = EDGE_CURVE('NONE',#15064,#15072,#15074,.T.);
#15072 = VERTEX_POINT('NONE',#15073);
#15073 = CARTESIAN_POINT('',(0.680682878005,-4.530682878005,0.86));
#15074 = LINE('',#15075,#15076);
#15075 = CARTESIAN_POINT('',(1.734723475977E-15,-4.530682878005,0.86));
#15076 = VECTOR('',#15077,1.);
#15077 = DIRECTION('',(1.,-0.,-0.));
#15078 = ORIENTED_EDGE('',*,*,#15079,.T.);
#15079 = EDGE_CURVE('NONE',#15072,#15080,#15082,.T.);
#15080 = VERTEX_POINT('NONE',#15081);
#15081 = CARTESIAN_POINT('',(0.680682878005,-4.369317121995,0.86));
#15082 = LINE('',#15083,#15084);
#15083 = CARTESIAN_POINT('',(0.680682878005,-5.55,0.86));
#15084 = VECTOR('',#15085,1.);
#15085 = DIRECTION('',(-0.,1.,-0.));
#15086 = ORIENTED_EDGE('',*,*,#15087,.T.);
#15087 = EDGE_CURVE('NONE',#15080,#15062,#15088,.T.);
#15088 = LINE('',#15089,#15090);
#15089 = CARTESIAN_POINT('',(1.734723475977E-15,-4.369317121995,0.86));
#15090 = VECTOR('',#15091,1.);
#15091 = DIRECTION('',(-1.,-0.,-0.));
#15092 = PLANE('',#15093);
#15093 = AXIS2_PLACEMENT_3D('',#15094,#15095,#15096);
#15094 = CARTESIAN_POINT('',(1.734723475977E-15,-5.55,0.86));
#15095 = DIRECTION('',(0.,0.,-1.));
#15096 = DIRECTION('',(-1.,0.,0.));
#15097 = ADVANCED_FACE('NONE',(#15098),#15128,.T.);
#15098 = FACE_BOUND('',#15099,.T.);
#15099 = EDGE_LOOP('NONE',(#15100,#15101,#15107,#15108,#15114,#15115,
    #15121,#15122));
#15100 = ORIENTED_EDGE('',*,*,#14945,.F.);
#15101 = ORIENTED_EDGE('',*,*,#15102,.F.);
#15102 = EDGE_CURVE('NONE',#15030,#14937,#15103,.T.);
#15103 = LINE('',#15104,#15105);
#15104 = CARTESIAN_POINT('',(0.8,-4.75,0.73));
#15105 = VECTOR('',#15106,1.);
#15106 = DIRECTION('',(1.,-0.,-0.));
#15107 = ORIENTED_EDGE('',*,*,#15027,.F.);
#15108 = ORIENTED_EDGE('',*,*,#15109,.F.);
#15109 = EDGE_CURVE('NONE',#14996,#15028,#15110,.T.);
#15110 = LINE('',#15111,#15112);
#15111 = CARTESIAN_POINT('',(-0.9,-4.65,0.73));
#15112 = VECTOR('',#15113,1.);
#15113 = DIRECTION('',(-0.,-1.,-0.));
#15114 = ORIENTED_EDGE('',*,*,#14993,.F.);
#15115 = ORIENTED_EDGE('',*,*,#15116,.F.);
#15116 = EDGE_CURVE('NONE',#14962,#14994,#15117,.T.);
#15117 = LINE('',#15118,#15119);
#15118 = CARTESIAN_POINT('',(-0.8,-4.15,0.73));
#15119 = VECTOR('',#15120,1.);
#15120 = DIRECTION('',(-1.,-0.,-0.));
#15121 = ORIENTED_EDGE('',*,*,#14959,.F.);
#15122 = ORIENTED_EDGE('',*,*,#15123,.F.);
#15123 = EDGE_CURVE('NONE',#14926,#14960,#15124,.T.);
#15124 = LINE('',#15125,#15126);
#15125 = CARTESIAN_POINT('',(0.9,-4.25,0.73));
#15126 = VECTOR('',#15127,1.);
#15127 = DIRECTION('',(-0.,1.,-0.));
#15128 = PLANE('',#15129);
#15129 = AXIS2_PLACEMENT_3D('',#15130,#15131,#15132);
#15130 = CARTESIAN_POINT('',(1.734723475977E-15,-5.55,0.73));
#15131 = DIRECTION('',(0.,0.,-1.));
#15132 = DIRECTION('',(-1.,0.,0.));
#15133 = ADVANCED_FACE('NONE',(#15134),#15154,.T.);
#15134 = FACE_BOUND('',#15135,.T.);
#15135 = EDGE_LOOP('NONE',(#15136,#15137,#15138,#15145,#15146,#15153));
#15136 = ORIENTED_EDGE('',*,*,#15116,.T.);
#15137 = ORIENTED_EDGE('',*,*,#15012,.F.);
#15138 = ORIENTED_EDGE('',*,*,#15139,.F.);
#15139 = EDGE_CURVE('NONE',#15062,#15004,#15140,.T.);
#15140 = ( BOUNDED_CURVE() B_SPLINE_CURVE(3,(#15141,#15142,#15143,#15144
),.UNSPECIFIED.,.F.,.F.) B_SPLINE_CURVE_WITH_KNOTS((4,4),(1.570796326795
,2.31483996153),.PIECEWISE_BEZIER_KNOTS.) CURVE()
GEOMETRIC_REPRESENTATION_ITEM() RATIONAL_B_SPLINE_CURVE((1.,
0.954396213457,0.954396213457,1.)) REPRESENTATION_ITEM('') );
#15141 = CARTESIAN_POINT('',(-0.680682878005,-4.369317121995,0.86));
#15142 = CARTESIAN_POINT('',(-0.744161002024,-4.305838997976,0.86));
#15143 = CARTESIAN_POINT('',(-0.803296861816,-4.246703138184,
    0.836925721775));
#15144 = CARTESIAN_POINT('',(-0.85,-4.2,0.793933988701));
#15145 = ORIENTED_EDGE('',*,*,#15087,.F.);
#15146 = ORIENTED_EDGE('',*,*,#15147,.F.);
#15147 = EDGE_CURVE('NONE',#14970,#15080,#15148,.T.);
#15148 = ( BOUNDED_CURVE() B_SPLINE_CURVE(3,(#15149,#15150,#15151,#15152
),.UNSPECIFIED.,.F.,.F.) B_SPLINE_CURVE_WITH_KNOTS((4,4),(3.968345345649
,4.712388980385),.PIECEWISE_BEZIER_KNOTS.) CURVE()
GEOMETRIC_REPRESENTATION_ITEM() RATIONAL_B_SPLINE_CURVE((1.,
0.954396213457,0.954396213457,1.)) REPRESENTATION_ITEM('') );
#15149 = CARTESIAN_POINT('',(0.85,-4.2,0.793933988701));
#15150 = CARTESIAN_POINT('',(0.803296861816,-4.246703138184,
    0.836925721775));
#15151 = CARTESIAN_POINT('',(0.744161002024,-4.305838997976,0.86));
#15152 = CARTESIAN_POINT('',(0.680682878005,-4.369317121995,0.86));
#15153 = ORIENTED_EDGE('',*,*,#14969,.F.);
#15154 = CYLINDRICAL_SURFACE('',#15155,0.25);
#15155 = AXIS2_PLACEMENT_3D('',#15156,#15157,#15158);
#15156 = CARTESIAN_POINT('',(-0.8,-4.369317121995,0.61));
#15157 = DIRECTION('',(1.,0.,0.));
#15158 = DIRECTION('',(0.,0.,-1.));
#15159 = ADVANCED_FACE('NONE',(#15160),#15174,.T.);
#15160 = FACE_BOUND('',#15161,.T.);
#15161 = EDGE_LOOP('NONE',(#15162,#15163,#15164,#15171,#15172,#15173));
#15162 = ORIENTED_EDGE('',*,*,#15109,.T.);
#15163 = ORIENTED_EDGE('',*,*,#15046,.F.);
#15164 = ORIENTED_EDGE('',*,*,#15165,.F.);
#15165 = EDGE_CURVE('NONE',#15064,#15038,#15166,.T.);
#15166 = ( BOUNDED_CURVE() B_SPLINE_CURVE(3,(#15167,#15168,#15169,#15170
),.UNSPECIFIED.,.F.,.F.) B_SPLINE_CURVE_WITH_KNOTS((4,4),(1.570796326795
,2.31483996153),.PIECEWISE_BEZIER_KNOTS.) CURVE()
GEOMETRIC_REPRESENTATION_ITEM() RATIONAL_B_SPLINE_CURVE((1.,
0.954396213457,0.954396213457,1.)) REPRESENTATION_ITEM('') );
#15167 = CARTESIAN_POINT('',(-0.680682878005,-4.530682878005,0.86));
#15168 = CARTESIAN_POINT('',(-0.744161002024,-4.594161002024,0.86));
#15169 = CARTESIAN_POINT('',(-0.803296861816,-4.653296861816,
    0.836925721775));
#15170 = CARTESIAN_POINT('',(-0.85,-4.7,0.793933988701));
#15171 = ORIENTED_EDGE('',*,*,#15061,.F.);
#15172 = ORIENTED_EDGE('',*,*,#15139,.T.);
#15173 = ORIENTED_EDGE('',*,*,#15003,.F.);
#15174 = CYLINDRICAL_SURFACE('',#15175,0.25);
#15175 = AXIS2_PLACEMENT_3D('',#15176,#15177,#15178);
#15176 = CARTESIAN_POINT('',(-0.680682878005,-4.65,0.61));
#15177 = DIRECTION('',(0.,1.,0.));
#15178 = DIRECTION('',(0.,-0.,1.));
#15179 = ADVANCED_FACE('NONE',(#15180),#15194,.T.);
#15180 = FACE_BOUND('',#15181,.T.);
#15181 = EDGE_LOOP('NONE',(#15182,#15183,#15184,#15191,#15192,#15193));
#15182 = ORIENTED_EDGE('',*,*,#15147,.T.);
#15183 = ORIENTED_EDGE('',*,*,#15079,.F.);
#15184 = ORIENTED_EDGE('',*,*,#15185,.F.);
#15185 = EDGE_CURVE('NONE',#14928,#15072,#15186,.T.);
#15186 = ( BOUNDED_CURVE() B_SPLINE_CURVE(3,(#15187,#15188,#15189,#15190
),.UNSPECIFIED.,.F.,.F.) B_SPLINE_CURVE_WITH_KNOTS((4,4),(0.826752692059
,1.570796326795),.PIECEWISE_BEZIER_KNOTS.) CURVE()
GEOMETRIC_REPRESENTATION_ITEM() RATIONAL_B_SPLINE_CURVE((1.,
0.954396213457,0.954396213457,1.)) REPRESENTATION_ITEM('') );
#15187 = CARTESIAN_POINT('',(0.85,-4.7,0.793933988701));
#15188 = CARTESIAN_POINT('',(0.803296861816,-4.653296861816,
    0.836925721775));
#15189 = CARTESIAN_POINT('',(0.744161002024,-4.594161002024,0.86));
#15190 = CARTESIAN_POINT('',(0.680682878005,-4.530682878005,0.86));
#15191 = ORIENTED_EDGE('',*,*,#14925,.F.);
#15192 = ORIENTED_EDGE('',*,*,#15123,.T.);
#15193 = ORIENTED_EDGE('',*,*,#14978,.F.);
#15194 = CYLINDRICAL_SURFACE('',#15195,0.25);
#15195 = AXIS2_PLACEMENT_3D('',#15196,#15197,#15198);
#15196 = CARTESIAN_POINT('',(0.680682878005,-4.25,0.61));
#15197 = DIRECTION('',(0.,-1.,0.));
#15198 = DIRECTION('',(0.,0.,-1.));
#15199 = ADVANCED_FACE('NONE',(#15200),#15208,.T.);
#15200 = FACE_BOUND('',#15201,.T.);
#15201 = EDGE_LOOP('NONE',(#15202,#15203,#15204,#15205,#15206,#15207));
#15202 = ORIENTED_EDGE('',*,*,#15037,.F.);
#15203 = ORIENTED_EDGE('',*,*,#15102,.T.);
#15204 = ORIENTED_EDGE('',*,*,#14936,.F.);
#15205 = ORIENTED_EDGE('',*,*,#15185,.T.);
#15206 = ORIENTED_EDGE('',*,*,#15071,.F.);
#15207 = ORIENTED_EDGE('',*,*,#15165,.T.);
#15208 = CYLINDRICAL_SURFACE('',#15209,0.25);
#15209 = AXIS2_PLACEMENT_3D('',#15210,#15211,#15212);
#15210 = CARTESIAN_POINT('',(0.8,-4.530682878005,0.61));
#15211 = DIRECTION('',(-1.,0.,0.));
#15212 = DIRECTION('',(0.,0.,1.));
#15213 = MANIFOLD_SOLID_BREP('Verrundung5',#15214);
#15214 = CLOSED_SHELL('NONE',(#15215,#15249,#15283,#15317,#15351,#15391,
    #15427,#15453,#15473,#15493));
#15215 = ADVANCED_FACE('NONE',(#15216),#15244,.F.);
#15216 = FACE_BOUND('',#15217,.T.);
#15217 = EDGE_LOOP('NONE',(#15218,#15229,#15238));
#15218 = ORIENTED_EDGE('',*,*,#15219,.T.);
#15219 = EDGE_CURVE('NONE',#15220,#15222,#15224,.T.);
#15220 = VERTEX_POINT('NONE',#15221);
#15221 = CARTESIAN_POINT('',(-2.25,-4.65,0.73));
#15222 = VERTEX_POINT('NONE',#15223);
#15223 = CARTESIAN_POINT('',(-2.3,-4.7,0.793933988701));
#15224 = ( BOUNDED_CURVE() B_SPLINE_CURVE(3,(#15225,#15226,#15227,#15228
),.UNSPECIFIED.,.F.,.F.) B_SPLINE_CURVE_WITH_KNOTS((4,4),(3.642247365994
,3.968345345649),.PIECEWISE_BEZIER_KNOTS.) CURVE()
GEOMETRIC_REPRESENTATION_ITEM() RATIONAL_B_SPLINE_CURVE((1.,
0.991157957161,0.991157957161,1.)) REPRESENTATION_ITEM('') );
#15225 = CARTESIAN_POINT('',(-2.25,-4.65,0.73));
#15226 = CARTESIAN_POINT('',(-2.263102049471,-4.663102049471,
    0.753945864852));
#15227 = CARTESIAN_POINT('',(-2.279917398172,-4.679917398172,
    0.775447311128));
#15228 = CARTESIAN_POINT('',(-2.3,-4.7,0.793933988701));
#15229 = ORIENTED_EDGE('',*,*,#15230,.T.);
#15230 = EDGE_CURVE('NONE',#15222,#15231,#15233,.T.);
#15231 = VERTEX_POINT('NONE',#15232);
#15232 = CARTESIAN_POINT('',(-2.35,-4.75,0.73));
#15233 = ( BOUNDED_CURVE() B_SPLINE_CURVE(3,(#15234,#15235,#15236,#15237
),.UNSPECIFIED.,.F.,.F.) B_SPLINE_CURVE_WITH_KNOTS((4,4),(5.45643261512,
5.782530594775),.PIECEWISE_BEZIER_KNOTS.) CURVE()
GEOMETRIC_REPRESENTATION_ITEM() RATIONAL_B_SPLINE_CURVE((1.,
0.991157957161,0.991157957161,1.)) REPRESENTATION_ITEM('') );
#15234 = CARTESIAN_POINT('',(-2.3,-4.7,0.793933988701));
#15235 = CARTESIAN_POINT('',(-2.320082601828,-4.720082601828,
    0.775447311128));
#15236 = CARTESIAN_POINT('',(-2.336897950529,-4.736897950529,
    0.753945864852));
#15237 = CARTESIAN_POINT('',(-2.35,-4.75,0.73));
#15238 = ORIENTED_EDGE('',*,*,#15239,.T.);
#15239 = EDGE_CURVE('NONE',#15231,#15220,#15240,.T.);
#15240 = LINE('',#15241,#15242);
#15241 = CARTESIAN_POINT('',(-2.25,-4.65,0.73));
#15242 = VECTOR('',#15243,1.);
#15243 = DIRECTION('',(0.707106781187,0.707106781187,-0.));
#15244 = PLANE('',#15245);
#15245 = AXIS2_PLACEMENT_3D('',#15246,#15247,#15248);
#15246 = CARTESIAN_POINT('',(-2.25,-4.65,0.86));
#15247 = DIRECTION('',(-0.707106781187,0.707106781187,0.));
#15248 = DIRECTION('',(-0.707106781187,-0.707106781187,0.));
#15249 = ADVANCED_FACE('NONE',(#15250),#15278,.F.);
#15250 = FACE_BOUND('',#15251,.T.);
#15251 = EDGE_LOOP('NONE',(#15252,#15262,#15271));
#15252 = ORIENTED_EDGE('',*,*,#15253,.T.);
#15253 = EDGE_CURVE('NONE',#15254,#15256,#15258,.T.);
#15254 = VERTEX_POINT('NONE',#15255);
#15255 = CARTESIAN_POINT('',(-2.25,-4.25,0.73));
#15256 = VERTEX_POINT('NONE',#15257);
#15257 = CARTESIAN_POINT('',(-2.35,-4.15,0.73));
#15258 = LINE('',#15259,#15260);
#15259 = CARTESIAN_POINT('',(-2.35,-4.15,0.73));
#15260 = VECTOR('',#15261,1.);
#15261 = DIRECTION('',(-0.707106781187,0.707106781187,-0.));
#15262 = ORIENTED_EDGE('',*,*,#15263,.T.);
#15263 = EDGE_CURVE('NONE',#15256,#15264,#15266,.T.);
#15264 = VERTEX_POINT('NONE',#15265);
#15265 = CARTESIAN_POINT('',(-2.3,-4.2,0.793933988701));
#15266 = ( BOUNDED_CURVE() B_SPLINE_CURVE(3,(#15267,#15268,#15269,#15270
),.UNSPECIFIED.,.F.,.F.) B_SPLINE_CURVE_WITH_KNOTS((4,4),(3.642247365994
,3.968345345649),.PIECEWISE_BEZIER_KNOTS.) CURVE()
GEOMETRIC_REPRESENTATION_ITEM() RATIONAL_B_SPLINE_CURVE((1.,
0.991157957161,0.991157957161,1.)) REPRESENTATION_ITEM('') );
#15267 = CARTESIAN_POINT('',(-2.35,-4.15,0.73));
#15268 = CARTESIAN_POINT('',(-2.336897950529,-4.163102049471,
    0.753945864852));
#15269 = CARTESIAN_POINT('',(-2.320082601828,-4.179917398172,
    0.775447311128));
#15270 = CARTESIAN_POINT('',(-2.3,-4.2,0.793933988701));
#15271 = ORIENTED_EDGE('',*,*,#15272,.T.);
#15272 = EDGE_CURVE('NONE',#15264,#15254,#15273,.T.);
#15273 = ( BOUNDED_CURVE() B_SPLINE_CURVE(3,(#15274,#15275,#15276,#15277
),.UNSPECIFIED.,.F.,.F.) B_SPLINE_CURVE_WITH_KNOTS((4,4),(5.45643261512,
5.782530594775),.PIECEWISE_BEZIER_KNOTS.) CURVE()
GEOMETRIC_REPRESENTATION_ITEM() RATIONAL_B_SPLINE_CURVE((1.,
0.991157957161,0.991157957161,1.)) REPRESENTATION_ITEM('') );
#15274 = CARTESIAN_POINT('',(-2.3,-4.2,0.793933988701));
#15275 = CARTESIAN_POINT('',(-2.279917398172,-4.220082601828,
    0.775447311128));
#15276 = CARTESIAN_POINT('',(-2.263102049471,-4.236897950529,
    0.753945864852));
#15277 = CARTESIAN_POINT('',(-2.25,-4.25,0.73));
#15278 = PLANE('',#15279);
#15279 = AXIS2_PLACEMENT_3D('',#15280,#15281,#15282);
#15280 = CARTESIAN_POINT('',(-2.35,-4.15,0.86));
#15281 = DIRECTION('',(-0.707106781187,-0.707106781187,0.));
#15282 = DIRECTION('',(0.707106781187,-0.707106781187,0.));
#15283 = ADVANCED_FACE('NONE',(#15284),#15312,.F.);
#15284 = FACE_BOUND('',#15285,.T.);
#15285 = EDGE_LOOP('NONE',(#15286,#15296,#15305));
#15286 = ORIENTED_EDGE('',*,*,#15287,.T.);
#15287 = EDGE_CURVE('NONE',#15288,#15290,#15292,.T.);
#15288 = VERTEX_POINT('NONE',#15289);
#15289 = CARTESIAN_POINT('',(-4.15,-4.15,0.73));
#15290 = VERTEX_POINT('NONE',#15291);
#15291 = CARTESIAN_POINT('',(-4.25,-4.25,0.73));
#15292 = LINE('',#15293,#15294);
#15293 = CARTESIAN_POINT('',(-4.25,-4.25,0.73));
#15294 = VECTOR('',#15295,1.);
#15295 = DIRECTION('',(-0.707106781187,-0.707106781187,-0.));
#15296 = ORIENTED_EDGE('',*,*,#15297,.T.);
#15297 = EDGE_CURVE('NONE',#15290,#15298,#15300,.T.);
#15298 = VERTEX_POINT('NONE',#15299);
#15299 = CARTESIAN_POINT('',(-4.2,-4.2,0.793933988701));
#15300 = ( BOUNDED_CURVE() B_SPLINE_CURVE(3,(#15301,#15302,#15303,#15304
),.UNSPECIFIED.,.F.,.F.) B_SPLINE_CURVE_WITH_KNOTS((4,4),(3.642247365994
,3.968345345649),.PIECEWISE_BEZIER_KNOTS.) CURVE()
GEOMETRIC_REPRESENTATION_ITEM() RATIONAL_B_SPLINE_CURVE((1.,
0.991157957161,0.991157957161,1.)) REPRESENTATION_ITEM('') );
#15301 = CARTESIAN_POINT('',(-4.25,-4.25,0.73));
#15302 = CARTESIAN_POINT('',(-4.236897950529,-4.236897950529,
    0.753945864852));
#15303 = CARTESIAN_POINT('',(-4.220082601828,-4.220082601828,
    0.775447311128));
#15304 = CARTESIAN_POINT('',(-4.2,-4.2,0.793933988701));
#15305 = ORIENTED_EDGE('',*,*,#15306,.T.);
#15306 = EDGE_CURVE('NONE',#15298,#15288,#15307,.T.);
#15307 = ( BOUNDED_CURVE() B_SPLINE_CURVE(3,(#15308,#15309,#15310,#15311
),.UNSPECIFIED.,.F.,.F.) B_SPLINE_CURVE_WITH_KNOTS((4,4),(5.45643261512,
5.782530594775),.PIECEWISE_BEZIER_KNOTS.) CURVE()
GEOMETRIC_REPRESENTATION_ITEM() RATIONAL_B_SPLINE_CURVE((1.,
0.991157957161,0.991157957161,1.)) REPRESENTATION_ITEM('') );
#15308 = CARTESIAN_POINT('',(-4.2,-4.2,0.793933988701));
#15309 = CARTESIAN_POINT('',(-4.179917398172,-4.179917398172,
    0.775447311128));
#15310 = CARTESIAN_POINT('',(-4.163102049471,-4.163102049471,
    0.753945864852));
#15311 = CARTESIAN_POINT('',(-4.15,-4.15,0.73));
#15312 = PLANE('',#15313);
#15313 = AXIS2_PLACEMENT_3D('',#15314,#15315,#15316);
#15314 = CARTESIAN_POINT('',(-4.25,-4.25,0.86));
#15315 = DIRECTION('',(0.707106781187,-0.707106781187,0.));
#15316 = DIRECTION('',(0.707106781187,0.707106781187,0.));
#15317 = ADVANCED_FACE('NONE',(#15318),#15346,.F.);
#15318 = FACE_BOUND('',#15319,.T.);
#15319 = EDGE_LOOP('NONE',(#15320,#15330,#15339));
#15320 = ORIENTED_EDGE('',*,*,#15321,.T.);
#15321 = EDGE_CURVE('NONE',#15322,#15324,#15326,.T.);
#15322 = VERTEX_POINT('NONE',#15323);
#15323 = CARTESIAN_POINT('',(-4.25,-4.65,0.73));
#15324 = VERTEX_POINT('NONE',#15325);
#15325 = CARTESIAN_POINT('',(-4.15,-4.75,0.73));
#15326 = LINE('',#15327,#15328);
#15327 = CARTESIAN_POINT('',(-4.15,-4.75,0.73));
#15328 = VECTOR('',#15329,1.);
#15329 = DIRECTION('',(0.707106781187,-0.707106781187,-0.));
#15330 = ORIENTED_EDGE('',*,*,#15331,.T.);
#15331 = EDGE_CURVE('NONE',#15324,#15332,#15334,.T.);
#15332 = VERTEX_POINT('NONE',#15333);
#15333 = CARTESIAN_POINT('',(-4.2,-4.7,0.793933988701));
#15334 = ( BOUNDED_CURVE() B_SPLINE_CURVE(3,(#15335,#15336,#15337,#15338
),.UNSPECIFIED.,.F.,.F.) B_SPLINE_CURVE_WITH_KNOTS((4,4),(3.642247365994
,3.968345345649),.PIECEWISE_BEZIER_KNOTS.) CURVE()
GEOMETRIC_REPRESENTATION_ITEM() RATIONAL_B_SPLINE_CURVE((1.,
0.991157957161,0.991157957161,1.)) REPRESENTATION_ITEM('') );
#15335 = CARTESIAN_POINT('',(-4.15,-4.75,0.73));
#15336 = CARTESIAN_POINT('',(-4.163102049471,-4.736897950529,
    0.753945864852));
#15337 = CARTESIAN_POINT('',(-4.179917398172,-4.720082601828,
    0.775447311128));
#15338 = CARTESIAN_POINT('',(-4.2,-4.7,0.793933988701));
#15339 = ORIENTED_EDGE('',*,*,#15340,.T.);
#15340 = EDGE_CURVE('NONE',#15332,#15322,#15341,.T.);
#15341 = ( BOUNDED_CURVE() B_SPLINE_CURVE(3,(#15342,#15343,#15344,#15345
),.UNSPECIFIED.,.F.,.F.) B_SPLINE_CURVE_WITH_KNOTS((4,4),(5.45643261512,
5.782530594775),.PIECEWISE_BEZIER_KNOTS.) CURVE()
GEOMETRIC_REPRESENTATION_ITEM() RATIONAL_B_SPLINE_CURVE((1.,
0.991157957161,0.991157957161,1.)) REPRESENTATION_ITEM('') );
#15342 = CARTESIAN_POINT('',(-4.2,-4.7,0.793933988701));
#15343 = CARTESIAN_POINT('',(-4.220082601828,-4.679917398172,
    0.775447311128));
#15344 = CARTESIAN_POINT('',(-4.236897950529,-4.663102049471,
    0.753945864852));
#15345 = CARTESIAN_POINT('',(-4.25,-4.65,0.73));
#15346 = PLANE('',#15347);
#15347 = AXIS2_PLACEMENT_3D('',#15348,#15349,#15350);
#15348 = CARTESIAN_POINT('',(-4.15,-4.75,0.86));
#15349 = DIRECTION('',(0.707106781187,0.707106781187,-0.));
#15350 = DIRECTION('',(-0.707106781187,0.707106781187,0.));
#15351 = ADVANCED_FACE('NONE',(#15352),#15386,.F.);
#15352 = FACE_BOUND('',#15353,.T.);
#15353 = EDGE_LOOP('NONE',(#15354,#15364,#15372,#15380));
#15354 = ORIENTED_EDGE('',*,*,#15355,.T.);
#15355 = EDGE_CURVE('NONE',#15356,#15358,#15360,.T.);
#15356 = VERTEX_POINT('NONE',#15357);
#15357 = CARTESIAN_POINT('',(-4.030682878005,-4.369317121995,0.86));
#15358 = VERTEX_POINT('NONE',#15359);
#15359 = CARTESIAN_POINT('',(-4.030682878005,-4.530682878005,0.86));
#15360 = LINE('',#15361,#15362);
#15361 = CARTESIAN_POINT('',(-4.030682878005,-5.65,0.86));
#15362 = VECTOR('',#15363,1.);
#15363 = DIRECTION('',(-0.,-1.,-0.));
#15364 = ORIENTED_EDGE('',*,*,#15365,.T.);
#15365 = EDGE_CURVE('NONE',#15358,#15366,#15368,.T.);
#15366 = VERTEX_POINT('NONE',#15367);
#15367 = CARTESIAN_POINT('',(-2.469317121995,-4.530682878005,0.86));
#15368 = LINE('',#15369,#15370);
#15369 = CARTESIAN_POINT('',(-3.25,-4.530682878005,0.86));
#15370 = VECTOR('',#15371,1.);
#15371 = DIRECTION('',(1.,-0.,-0.));
#15372 = ORIENTED_EDGE('',*,*,#15373,.T.);
#15373 = EDGE_CURVE('NONE',#15366,#15374,#15376,.T.);
#15374 = VERTEX_POINT('NONE',#15375);
#15375 = CARTESIAN_POINT('',(-2.469317121995,-4.369317121995,0.86));
#15376 = LINE('',#15377,#15378);
#15377 = CARTESIAN_POINT('',(-2.469317121995,-5.65,0.86));
#15378 = VECTOR('',#15379,1.);
#15379 = DIRECTION('',(-0.,1.,-0.));
#15380 = ORIENTED_EDGE('',*,*,#15381,.T.);
#15381 = EDGE_CURVE('NONE',#15374,#15356,#15382,.T.);
#15382 = LINE('',#15383,#15384);
#15383 = CARTESIAN_POINT('',(-3.25,-4.369317121995,0.86));
#15384 = VECTOR('',#15385,1.);
#15385 = DIRECTION('',(-1.,-0.,-0.));
#15386 = PLANE('',#15387);
#15387 = AXIS2_PLACEMENT_3D('',#15388,#15389,#15390);
#15388 = CARTESIAN_POINT('',(-3.25,-5.65,0.86));
#15389 = DIRECTION('',(0.,0.,-1.));
#15390 = DIRECTION('',(-1.,0.,0.));
#15391 = ADVANCED_FACE('NONE',(#15392),#15422,.T.);
#15392 = FACE_BOUND('',#15393,.T.);
#15393 = EDGE_LOOP('NONE',(#15394,#15395,#15401,#15402,#15408,#15409,
    #15415,#15416));
#15394 = ORIENTED_EDGE('',*,*,#15239,.F.);
#15395 = ORIENTED_EDGE('',*,*,#15396,.F.);
#15396 = EDGE_CURVE('NONE',#15324,#15231,#15397,.T.);
#15397 = LINE('',#15398,#15399);
#15398 = CARTESIAN_POINT('',(-2.35,-4.75,0.73));
#15399 = VECTOR('',#15400,1.);
#15400 = DIRECTION('',(1.,-0.,-0.));
#15401 = ORIENTED_EDGE('',*,*,#15321,.F.);
#15402 = ORIENTED_EDGE('',*,*,#15403,.F.);
#15403 = EDGE_CURVE('NONE',#15290,#15322,#15404,.T.);
#15404 = LINE('',#15405,#15406);
#15405 = CARTESIAN_POINT('',(-4.25,-4.65,0.73));
#15406 = VECTOR('',#15407,1.);
#15407 = DIRECTION('',(-0.,-1.,-0.));
#15408 = ORIENTED_EDGE('',*,*,#15287,.F.);
#15409 = ORIENTED_EDGE('',*,*,#15410,.F.);
#15410 = EDGE_CURVE('NONE',#15256,#15288,#15411,.T.);
#15411 = LINE('',#15412,#15413);
#15412 = CARTESIAN_POINT('',(-4.15,-4.15,0.73));
#15413 = VECTOR('',#15414,1.);
#15414 = DIRECTION('',(-1.,-0.,-0.));
#15415 = ORIENTED_EDGE('',*,*,#15253,.F.);
#15416 = ORIENTED_EDGE('',*,*,#15417,.F.);
#15417 = EDGE_CURVE('NONE',#15220,#15254,#15418,.T.);
#15418 = LINE('',#15419,#15420);
#15419 = CARTESIAN_POINT('',(-2.25,-4.25,0.73));
#15420 = VECTOR('',#15421,1.);
#15421 = DIRECTION('',(-0.,1.,-0.));
#15422 = PLANE('',#15423);
#15423 = AXIS2_PLACEMENT_3D('',#15424,#15425,#15426);
#15424 = CARTESIAN_POINT('',(-3.25,-5.65,0.73));
#15425 = DIRECTION('',(0.,0.,-1.));
#15426 = DIRECTION('',(-1.,0.,0.));
#15427 = ADVANCED_FACE('NONE',(#15428),#15448,.T.);
#15428 = FACE_BOUND('',#15429,.T.);
#15429 = EDGE_LOOP('NONE',(#15430,#15431,#15432,#15439,#15440,#15447));
#15430 = ORIENTED_EDGE('',*,*,#15410,.T.);
#15431 = ORIENTED_EDGE('',*,*,#15306,.F.);
#15432 = ORIENTED_EDGE('',*,*,#15433,.F.);
#15433 = EDGE_CURVE('NONE',#15356,#15298,#15434,.T.);
#15434 = ( BOUNDED_CURVE() B_SPLINE_CURVE(3,(#15435,#15436,#15437,#15438
),.UNSPECIFIED.,.F.,.F.) B_SPLINE_CURVE_WITH_KNOTS((4,4),(1.570796326795
,2.31483996153),.PIECEWISE_BEZIER_KNOTS.) CURVE()
GEOMETRIC_REPRESENTATION_ITEM() RATIONAL_B_SPLINE_CURVE((1.,
0.954396213457,0.954396213457,1.)) REPRESENTATION_ITEM('') );
#15435 = CARTESIAN_POINT('',(-4.030682878005,-4.369317121995,0.86));
#15436 = CARTESIAN_POINT('',(-4.094161002024,-4.305838997976,0.86));
#15437 = CARTESIAN_POINT('',(-4.153296861816,-4.246703138184,
    0.836925721775));
#15438 = CARTESIAN_POINT('',(-4.2,-4.2,0.793933988701));
#15439 = ORIENTED_EDGE('',*,*,#15381,.F.);
#15440 = ORIENTED_EDGE('',*,*,#15441,.F.);
#15441 = EDGE_CURVE('NONE',#15264,#15374,#15442,.T.);
#15442 = ( BOUNDED_CURVE() B_SPLINE_CURVE(3,(#15443,#15444,#15445,#15446
),.UNSPECIFIED.,.F.,.F.) B_SPLINE_CURVE_WITH_KNOTS((4,4),(3.968345345649
,4.712388980385),.PIECEWISE_BEZIER_KNOTS.) CURVE()
GEOMETRIC_REPRESENTATION_ITEM() RATIONAL_B_SPLINE_CURVE((1.,
0.954396213457,0.954396213457,1.)) REPRESENTATION_ITEM('') );
#15443 = CARTESIAN_POINT('',(-2.3,-4.2,0.793933988701));
#15444 = CARTESIAN_POINT('',(-2.346703138184,-4.246703138184,
    0.836925721775));
#15445 = CARTESIAN_POINT('',(-2.405838997976,-4.305838997976,0.86));
#15446 = CARTESIAN_POINT('',(-2.469317121995,-4.369317121995,0.86));
#15447 = ORIENTED_EDGE('',*,*,#15263,.F.);
#15448 = CYLINDRICAL_SURFACE('',#15449,0.25);
#15449 = AXIS2_PLACEMENT_3D('',#15450,#15451,#15452);
#15450 = CARTESIAN_POINT('',(-4.15,-4.369317121995,0.61));
#15451 = DIRECTION('',(1.,0.,0.));
#15452 = DIRECTION('',(0.,0.,-1.));
#15453 = ADVANCED_FACE('NONE',(#15454),#15468,.T.);
#15454 = FACE_BOUND('',#15455,.T.);
#15455 = EDGE_LOOP('NONE',(#15456,#15457,#15458,#15465,#15466,#15467));
#15456 = ORIENTED_EDGE('',*,*,#15403,.T.);
#15457 = ORIENTED_EDGE('',*,*,#15340,.F.);
#15458 = ORIENTED_EDGE('',*,*,#15459,.F.);
#15459 = EDGE_CURVE('NONE',#15358,#15332,#15460,.T.);
#15460 = ( BOUNDED_CURVE() B_SPLINE_CURVE(3,(#15461,#15462,#15463,#15464
),.UNSPECIFIED.,.F.,.F.) B_SPLINE_CURVE_WITH_KNOTS((4,4),(1.570796326795
,2.31483996153),.PIECEWISE_BEZIER_KNOTS.) CURVE()
GEOMETRIC_REPRESENTATION_ITEM() RATIONAL_B_SPLINE_CURVE((1.,
0.954396213457,0.954396213457,1.)) REPRESENTATION_ITEM('') );
#15461 = CARTESIAN_POINT('',(-4.030682878005,-4.530682878005,0.86));
#15462 = CARTESIAN_POINT('',(-4.094161002024,-4.594161002024,0.86));
#15463 = CARTESIAN_POINT('',(-4.153296861816,-4.653296861816,
    0.836925721775));
#15464 = CARTESIAN_POINT('',(-4.2,-4.7,0.793933988701));
#15465 = ORIENTED_EDGE('',*,*,#15355,.F.);
#15466 = ORIENTED_EDGE('',*,*,#15433,.T.);
#15467 = ORIENTED_EDGE('',*,*,#15297,.F.);
#15468 = CYLINDRICAL_SURFACE('',#15469,0.25);
#15469 = AXIS2_PLACEMENT_3D('',#15470,#15471,#15472);
#15470 = CARTESIAN_POINT('',(-4.030682878005,-4.65,0.61));
#15471 = DIRECTION('',(0.,1.,0.));
#15472 = DIRECTION('',(0.,-0.,1.));
#15473 = ADVANCED_FACE('NONE',(#15474),#15488,.T.);
#15474 = FACE_BOUND('',#15475,.T.);
#15475 = EDGE_LOOP('NONE',(#15476,#15477,#15478,#15485,#15486,#15487));
#15476 = ORIENTED_EDGE('',*,*,#15441,.T.);
#15477 = ORIENTED_EDGE('',*,*,#15373,.F.);
#15478 = ORIENTED_EDGE('',*,*,#15479,.F.);
#15479 = EDGE_CURVE('NONE',#15222,#15366,#15480,.T.);
#15480 = ( BOUNDED_CURVE() B_SPLINE_CURVE(3,(#15481,#15482,#15483,#15484
),.UNSPECIFIED.,.F.,.F.) B_SPLINE_CURVE_WITH_KNOTS((4,4),(0.826752692059
,1.570796326795),.PIECEWISE_BEZIER_KNOTS.) CURVE()
GEOMETRIC_REPRESENTATION_ITEM() RATIONAL_B_SPLINE_CURVE((1.,
0.954396213457,0.954396213457,1.)) REPRESENTATION_ITEM('') );
#15481 = CARTESIAN_POINT('',(-2.3,-4.7,0.793933988701));
#15482 = CARTESIAN_POINT('',(-2.346703138184,-4.653296861816,
    0.836925721775));
#15483 = CARTESIAN_POINT('',(-2.405838997976,-4.594161002024,0.86));
#15484 = CARTESIAN_POINT('',(-2.469317121995,-4.530682878005,0.86));
#15485 = ORIENTED_EDGE('',*,*,#15219,.F.);
#15486 = ORIENTED_EDGE('',*,*,#15417,.T.);
#15487 = ORIENTED_EDGE('',*,*,#15272,.F.);
#15488 = CYLINDRICAL_SURFACE('',#15489,0.25);
#15489 = AXIS2_PLACEMENT_3D('',#15490,#15491,#15492);
#15490 = CARTESIAN_POINT('',(-2.469317121995,-4.25,0.61));
#15491 = DIRECTION('',(0.,-1.,0.));
#15492 = DIRECTION('',(0.,0.,-1.));
#15493 = ADVANCED_FACE('NONE',(#15494),#15502,.T.);
#15494 = FACE_BOUND('',#15495,.T.);
#15495 = EDGE_LOOP('NONE',(#15496,#15497,#15498,#15499,#15500,#15501));
#15496 = ORIENTED_EDGE('',*,*,#15331,.F.);
#15497 = ORIENTED_EDGE('',*,*,#15396,.T.);
#15498 = ORIENTED_EDGE('',*,*,#15230,.F.);
#15499 = ORIENTED_EDGE('',*,*,#15479,.T.);
#15500 = ORIENTED_EDGE('',*,*,#15365,.F.);
#15501 = ORIENTED_EDGE('',*,*,#15459,.T.);
#15502 = CYLINDRICAL_SURFACE('',#15503,0.25);
#15503 = AXIS2_PLACEMENT_3D('',#15504,#15505,#15506);
#15504 = CARTESIAN_POINT('',(-2.35,-4.530682878005,0.61));
#15505 = DIRECTION('',(-1.,0.,0.));
#15506 = DIRECTION('',(0.,0.,1.));
#15507 = MANIFOLD_SOLID_BREP('Verrundung7',#15508);
#15508 = CLOSED_SHELL('NONE',(#15509,#15543,#15577,#15611,#15645,#15685,
    #15721,#15747,#15767,#15787));
#15509 = ADVANCED_FACE('NONE',(#15510),#15538,.F.);
#15510 = FACE_BOUND('',#15511,.T.);
#15511 = EDGE_LOOP('NONE',(#15512,#15523,#15532));
#15512 = ORIENTED_EDGE('',*,*,#15513,.T.);
#15513 = EDGE_CURVE('NONE',#15514,#15516,#15518,.T.);
#15514 = VERTEX_POINT('NONE',#15515);
#15515 = CARTESIAN_POINT('',(4.25,-4.65,0.73));
#15516 = VERTEX_POINT('NONE',#15517);
#15517 = CARTESIAN_POINT('',(4.2,-4.7,0.793933988701));
#15518 = ( BOUNDED_CURVE() B_SPLINE_CURVE(3,(#15519,#15520,#15521,#15522
),.UNSPECIFIED.,.F.,.F.) B_SPLINE_CURVE_WITH_KNOTS((4,4),(3.642247365994
,3.968345345649),.PIECEWISE_BEZIER_KNOTS.) CURVE()
GEOMETRIC_REPRESENTATION_ITEM() RATIONAL_B_SPLINE_CURVE((1.,
0.991157957161,0.991157957161,1.)) REPRESENTATION_ITEM('') );
#15519 = CARTESIAN_POINT('',(4.25,-4.65,0.73));
#15520 = CARTESIAN_POINT('',(4.236897950529,-4.663102049471,
    0.753945864852));
#15521 = CARTESIAN_POINT('',(4.220082601828,-4.679917398172,
    0.775447311128));
#15522 = CARTESIAN_POINT('',(4.2,-4.7,0.793933988701));
#15523 = ORIENTED_EDGE('',*,*,#15524,.T.);
#15524 = EDGE_CURVE('NONE',#15516,#15525,#15527,.T.);
#15525 = VERTEX_POINT('NONE',#15526);
#15526 = CARTESIAN_POINT('',(4.15,-4.75,0.73));
#15527 = ( BOUNDED_CURVE() B_SPLINE_CURVE(3,(#15528,#15529,#15530,#15531
),.UNSPECIFIED.,.F.,.F.) B_SPLINE_CURVE_WITH_KNOTS((4,4),(5.45643261512,
5.782530594775),.PIECEWISE_BEZIER_KNOTS.) CURVE()
GEOMETRIC_REPRESENTATION_ITEM() RATIONAL_B_SPLINE_CURVE((1.,
0.991157957161,0.991157957161,1.)) REPRESENTATION_ITEM('') );
#15528 = CARTESIAN_POINT('',(4.2,-4.7,0.793933988701));
#15529 = CARTESIAN_POINT('',(4.179917398172,-4.720082601828,
    0.775447311128));
#15530 = CARTESIAN_POINT('',(4.163102049471,-4.736897950529,
    0.753945864852));
#15531 = CARTESIAN_POINT('',(4.15,-4.75,0.73));
#15532 = ORIENTED_EDGE('',*,*,#15533,.T.);
#15533 = EDGE_CURVE('NONE',#15525,#15514,#15534,.T.);
#15534 = LINE('',#15535,#15536);
#15535 = CARTESIAN_POINT('',(4.25,-4.65,0.73));
#15536 = VECTOR('',#15537,1.);
#15537 = DIRECTION('',(0.707106781187,0.707106781187,-0.));
#15538 = PLANE('',#15539);
#15539 = AXIS2_PLACEMENT_3D('',#15540,#15541,#15542);
#15540 = CARTESIAN_POINT('',(4.25,-4.65,0.86));
#15541 = DIRECTION('',(-0.707106781187,0.707106781187,0.));
#15542 = DIRECTION('',(-0.707106781187,-0.707106781187,0.));
#15543 = ADVANCED_FACE('NONE',(#15544),#15572,.F.);
#15544 = FACE_BOUND('',#15545,.T.);
#15545 = EDGE_LOOP('NONE',(#15546,#15556,#15565));
#15546 = ORIENTED_EDGE('',*,*,#15547,.T.);
#15547 = EDGE_CURVE('NONE',#15548,#15550,#15552,.T.);
#15548 = VERTEX_POINT('NONE',#15549);
#15549 = CARTESIAN_POINT('',(4.25,-4.25,0.73));
#15550 = VERTEX_POINT('NONE',#15551);
#15551 = CARTESIAN_POINT('',(4.15,-4.15,0.73));
#15552 = LINE('',#15553,#15554);
#15553 = CARTESIAN_POINT('',(4.15,-4.15,0.73));
#15554 = VECTOR('',#15555,1.);
#15555 = DIRECTION('',(-0.707106781187,0.707106781187,-0.));
#15556 = ORIENTED_EDGE('',*,*,#15557,.T.);
#15557 = EDGE_CURVE('NONE',#15550,#15558,#15560,.T.);
#15558 = VERTEX_POINT('NONE',#15559);
#15559 = CARTESIAN_POINT('',(4.2,-4.2,0.793933988701));
#15560 = ( BOUNDED_CURVE() B_SPLINE_CURVE(3,(#15561,#15562,#15563,#15564
),.UNSPECIFIED.,.F.,.F.) B_SPLINE_CURVE_WITH_KNOTS((4,4),(3.642247365994
,3.968345345649),.PIECEWISE_BEZIER_KNOTS.) CURVE()
GEOMETRIC_REPRESENTATION_ITEM() RATIONAL_B_SPLINE_CURVE((1.,
0.991157957161,0.991157957161,1.)) REPRESENTATION_ITEM('') );
#15561 = CARTESIAN_POINT('',(4.15,-4.15,0.73));
#15562 = CARTESIAN_POINT('',(4.163102049471,-4.163102049471,
    0.753945864852));
#15563 = CARTESIAN_POINT('',(4.179917398172,-4.179917398172,
    0.775447311128));
#15564 = CARTESIAN_POINT('',(4.2,-4.2,0.793933988701));
#15565 = ORIENTED_EDGE('',*,*,#15566,.T.);
#15566 = EDGE_CURVE('NONE',#15558,#15548,#15567,.T.);
#15567 = ( BOUNDED_CURVE() B_SPLINE_CURVE(3,(#15568,#15569,#15570,#15571
),.UNSPECIFIED.,.F.,.F.) B_SPLINE_CURVE_WITH_KNOTS((4,4),(5.45643261512,
5.782530594775),.PIECEWISE_BEZIER_KNOTS.) CURVE()
GEOMETRIC_REPRESENTATION_ITEM() RATIONAL_B_SPLINE_CURVE((1.,
0.991157957161,0.991157957161,1.)) REPRESENTATION_ITEM('') );
#15568 = CARTESIAN_POINT('',(4.2,-4.2,0.793933988701));
#15569 = CARTESIAN_POINT('',(4.220082601828,-4.220082601828,
    0.775447311128));
#15570 = CARTESIAN_POINT('',(4.236897950529,-4.236897950529,
    0.753945864852));
#15571 = CARTESIAN_POINT('',(4.25,-4.25,0.73));
#15572 = PLANE('',#15573);
#15573 = AXIS2_PLACEMENT_3D('',#15574,#15575,#15576);
#15574 = CARTESIAN_POINT('',(4.15,-4.15,0.86));
#15575 = DIRECTION('',(-0.707106781187,-0.707106781187,0.));
#15576 = DIRECTION('',(0.707106781187,-0.707106781187,0.));
#15577 = ADVANCED_FACE('NONE',(#15578),#15606,.F.);
#15578 = FACE_BOUND('',#15579,.T.);
#15579 = EDGE_LOOP('NONE',(#15580,#15590,#15599));
#15580 = ORIENTED_EDGE('',*,*,#15581,.T.);
#15581 = EDGE_CURVE('NONE',#15582,#15584,#15586,.T.);
#15582 = VERTEX_POINT('NONE',#15583);
#15583 = CARTESIAN_POINT('',(2.35,-4.15,0.73));
#15584 = VERTEX_POINT('NONE',#15585);
#15585 = CARTESIAN_POINT('',(2.25,-4.25,0.73));
#15586 = LINE('',#15587,#15588);
#15587 = CARTESIAN_POINT('',(2.25,-4.25,0.73));
#15588 = VECTOR('',#15589,1.);
#15589 = DIRECTION('',(-0.707106781187,-0.707106781187,-0.));
#15590 = ORIENTED_EDGE('',*,*,#15591,.T.);
#15591 = EDGE_CURVE('NONE',#15584,#15592,#15594,.T.);
#15592 = VERTEX_POINT('NONE',#15593);
#15593 = CARTESIAN_POINT('',(2.3,-4.2,0.793933988701));
#15594 = ( BOUNDED_CURVE() B_SPLINE_CURVE(3,(#15595,#15596,#15597,#15598
),.UNSPECIFIED.,.F.,.F.) B_SPLINE_CURVE_WITH_KNOTS((4,4),(3.642247365994
,3.968345345649),.PIECEWISE_BEZIER_KNOTS.) CURVE()
GEOMETRIC_REPRESENTATION_ITEM() RATIONAL_B_SPLINE_CURVE((1.,
0.991157957161,0.991157957161,1.)) REPRESENTATION_ITEM('') );
#15595 = CARTESIAN_POINT('',(2.25,-4.25,0.73));
#15596 = CARTESIAN_POINT('',(2.263102049471,-4.236897950529,
    0.753945864852));
#15597 = CARTESIAN_POINT('',(2.279917398172,-4.220082601828,
    0.775447311128));
#15598 = CARTESIAN_POINT('',(2.3,-4.2,0.793933988701));
#15599 = ORIENTED_EDGE('',*,*,#15600,.T.);
#15600 = EDGE_CURVE('NONE',#15592,#15582,#15601,.T.);
#15601 = ( BOUNDED_CURVE() B_SPLINE_CURVE(3,(#15602,#15603,#15604,#15605
),.UNSPECIFIED.,.F.,.F.) B_SPLINE_CURVE_WITH_KNOTS((4,4),(5.45643261512,
5.782530594775),.PIECEWISE_BEZIER_KNOTS.) CURVE()
GEOMETRIC_REPRESENTATION_ITEM() RATIONAL_B_SPLINE_CURVE((1.,
0.991157957161,0.991157957161,1.)) REPRESENTATION_ITEM('') );
#15602 = CARTESIAN_POINT('',(2.3,-4.2,0.793933988701));
#15603 = CARTESIAN_POINT('',(2.320082601828,-4.179917398172,
    0.775447311128));
#15604 = CARTESIAN_POINT('',(2.336897950529,-4.163102049471,
    0.753945864852));
#15605 = CARTESIAN_POINT('',(2.35,-4.15,0.73));
#15606 = PLANE('',#15607);
#15607 = AXIS2_PLACEMENT_3D('',#15608,#15609,#15610);
#15608 = CARTESIAN_POINT('',(2.25,-4.25,0.86));
#15609 = DIRECTION('',(0.707106781187,-0.707106781187,0.));
#15610 = DIRECTION('',(0.707106781187,0.707106781187,0.));
#15611 = ADVANCED_FACE('NONE',(#15612),#15640,.F.);
#15612 = FACE_BOUND('',#15613,.T.);
#15613 = EDGE_LOOP('NONE',(#15614,#15624,#15633));
#15614 = ORIENTED_EDGE('',*,*,#15615,.T.);
#15615 = EDGE_CURVE('NONE',#15616,#15618,#15620,.T.);
#15616 = VERTEX_POINT('NONE',#15617);
#15617 = CARTESIAN_POINT('',(2.25,-4.65,0.73));
#15618 = VERTEX_POINT('NONE',#15619);
#15619 = CARTESIAN_POINT('',(2.35,-4.75,0.73));
#15620 = LINE('',#15621,#15622);
#15621 = CARTESIAN_POINT('',(2.35,-4.75,0.73));
#15622 = VECTOR('',#15623,1.);
#15623 = DIRECTION('',(0.707106781187,-0.707106781187,-0.));
#15624 = ORIENTED_EDGE('',*,*,#15625,.T.);
#15625 = EDGE_CURVE('NONE',#15618,#15626,#15628,.T.);
#15626 = VERTEX_POINT('NONE',#15627);
#15627 = CARTESIAN_POINT('',(2.3,-4.7,0.793933988701));
#15628 = ( BOUNDED_CURVE() B_SPLINE_CURVE(3,(#15629,#15630,#15631,#15632
),.UNSPECIFIED.,.F.,.F.) B_SPLINE_CURVE_WITH_KNOTS((4,4),(3.642247365994
,3.968345345649),.PIECEWISE_BEZIER_KNOTS.) CURVE()
GEOMETRIC_REPRESENTATION_ITEM() RATIONAL_B_SPLINE_CURVE((1.,
0.991157957161,0.991157957161,1.)) REPRESENTATION_ITEM('') );
#15629 = CARTESIAN_POINT('',(2.35,-4.75,0.73));
#15630 = CARTESIAN_POINT('',(2.336897950529,-4.736897950529,
    0.753945864852));
#15631 = CARTESIAN_POINT('',(2.320082601828,-4.720082601828,
    0.775447311128));
#15632 = CARTESIAN_POINT('',(2.3,-4.7,0.793933988701));
#15633 = ORIENTED_EDGE('',*,*,#15634,.T.);
#15634 = EDGE_CURVE('NONE',#15626,#15616,#15635,.T.);
#15635 = ( BOUNDED_CURVE() B_SPLINE_CURVE(3,(#15636,#15637,#15638,#15639
),.UNSPECIFIED.,.F.,.F.) B_SPLINE_CURVE_WITH_KNOTS((4,4),(5.45643261512,
5.782530594775),.PIECEWISE_BEZIER_KNOTS.) CURVE()
GEOMETRIC_REPRESENTATION_ITEM() RATIONAL_B_SPLINE_CURVE((1.,
0.991157957161,0.991157957161,1.)) REPRESENTATION_ITEM('') );
#15636 = CARTESIAN_POINT('',(2.3,-4.7,0.793933988701));
#15637 = CARTESIAN_POINT('',(2.279917398172,-4.679917398172,
    0.775447311128));
#15638 = CARTESIAN_POINT('',(2.263102049471,-4.663102049471,
    0.753945864852));
#15639 = CARTESIAN_POINT('',(2.25,-4.65,0.73));
#15640 = PLANE('',#15641);
#15641 = AXIS2_PLACEMENT_3D('',#15642,#15643,#15644);
#15642 = CARTESIAN_POINT('',(2.35,-4.75,0.86));
#15643 = DIRECTION('',(0.707106781187,0.707106781187,-0.));
#15644 = DIRECTION('',(-0.707106781187,0.707106781187,0.));
#15645 = ADVANCED_FACE('NONE',(#15646),#15680,.F.);
#15646 = FACE_BOUND('',#15647,.T.);
#15647 = EDGE_LOOP('NONE',(#15648,#15658,#15666,#15674));
#15648 = ORIENTED_EDGE('',*,*,#15649,.T.);
#15649 = EDGE_CURVE('NONE',#15650,#15652,#15654,.T.);
#15650 = VERTEX_POINT('NONE',#15651);
#15651 = CARTESIAN_POINT('',(2.469317121995,-4.369317121995,0.86));
#15652 = VERTEX_POINT('NONE',#15653);
#15653 = CARTESIAN_POINT('',(2.469317121995,-4.530682878005,0.86));
#15654 = LINE('',#15655,#15656);
#15655 = CARTESIAN_POINT('',(2.469317121995,-5.65,0.86));
#15656 = VECTOR('',#15657,1.);
#15657 = DIRECTION('',(-0.,-1.,-0.));
#15658 = ORIENTED_EDGE('',*,*,#15659,.T.);
#15659 = EDGE_CURVE('NONE',#15652,#15660,#15662,.T.);
#15660 = VERTEX_POINT('NONE',#15661);
#15661 = CARTESIAN_POINT('',(4.030682878005,-4.530682878005,0.86));
#15662 = LINE('',#15663,#15664);
#15663 = CARTESIAN_POINT('',(3.25,-4.530682878005,0.86));
#15664 = VECTOR('',#15665,1.);
#15665 = DIRECTION('',(1.,-0.,-0.));
#15666 = ORIENTED_EDGE('',*,*,#15667,.T.);
#15667 = EDGE_CURVE('NONE',#15660,#15668,#15670,.T.);
#15668 = VERTEX_POINT('NONE',#15669);
#15669 = CARTESIAN_POINT('',(4.030682878005,-4.369317121995,0.86));
#15670 = LINE('',#15671,#15672);
#15671 = CARTESIAN_POINT('',(4.030682878005,-5.65,0.86));
#15672 = VECTOR('',#15673,1.);
#15673 = DIRECTION('',(-0.,1.,-0.));
#15674 = ORIENTED_EDGE('',*,*,#15675,.T.);
#15675 = EDGE_CURVE('NONE',#15668,#15650,#15676,.T.);
#15676 = LINE('',#15677,#15678);
#15677 = CARTESIAN_POINT('',(3.25,-4.369317121995,0.86));
#15678 = VECTOR('',#15679,1.);
#15679 = DIRECTION('',(-1.,-0.,-0.));
#15680 = PLANE('',#15681);
#15681 = AXIS2_PLACEMENT_3D('',#15682,#15683,#15684);
#15682 = CARTESIAN_POINT('',(3.25,-5.65,0.86));
#15683 = DIRECTION('',(0.,0.,-1.));
#15684 = DIRECTION('',(-1.,0.,0.));
#15685 = ADVANCED_FACE('NONE',(#15686),#15716,.T.);
#15686 = FACE_BOUND('',#15687,.T.);
#15687 = EDGE_LOOP('NONE',(#15688,#15689,#15695,#15696,#15702,#15703,
    #15709,#15710));
#15688 = ORIENTED_EDGE('',*,*,#15533,.F.);
#15689 = ORIENTED_EDGE('',*,*,#15690,.F.);
#15690 = EDGE_CURVE('NONE',#15618,#15525,#15691,.T.);
#15691 = LINE('',#15692,#15693);
#15692 = CARTESIAN_POINT('',(4.15,-4.75,0.73));
#15693 = VECTOR('',#15694,1.);
#15694 = DIRECTION('',(1.,-0.,-0.));
#15695 = ORIENTED_EDGE('',*,*,#15615,.F.);
#15696 = ORIENTED_EDGE('',*,*,#15697,.F.);
#15697 = EDGE_CURVE('NONE',#15584,#15616,#15698,.T.);
#15698 = LINE('',#15699,#15700);
#15699 = CARTESIAN_POINT('',(2.25,-4.65,0.73));
#15700 = VECTOR('',#15701,1.);
#15701 = DIRECTION('',(-0.,-1.,-0.));
#15702 = ORIENTED_EDGE('',*,*,#15581,.F.);
#15703 = ORIENTED_EDGE('',*,*,#15704,.F.);
#15704 = EDGE_CURVE('NONE',#15550,#15582,#15705,.T.);
#15705 = LINE('',#15706,#15707);
#15706 = CARTESIAN_POINT('',(2.35,-4.15,0.73));
#15707 = VECTOR('',#15708,1.);
#15708 = DIRECTION('',(-1.,-0.,-0.));
#15709 = ORIENTED_EDGE('',*,*,#15547,.F.);
#15710 = ORIENTED_EDGE('',*,*,#15711,.F.);
#15711 = EDGE_CURVE('NONE',#15514,#15548,#15712,.T.);
#15712 = LINE('',#15713,#15714);
#15713 = CARTESIAN_POINT('',(4.25,-4.25,0.73));
#15714 = VECTOR('',#15715,1.);
#15715 = DIRECTION('',(-0.,1.,-0.));
#15716 = PLANE('',#15717);
#15717 = AXIS2_PLACEMENT_3D('',#15718,#15719,#15720);
#15718 = CARTESIAN_POINT('',(3.25,-5.65,0.73));
#15719 = DIRECTION('',(0.,0.,-1.));
#15720 = DIRECTION('',(-1.,0.,0.));
#15721 = ADVANCED_FACE('NONE',(#15722),#15742,.T.);
#15722 = FACE_BOUND('',#15723,.T.);
#15723 = EDGE_LOOP('NONE',(#15724,#15725,#15726,#15733,#15734,#15741));
#15724 = ORIENTED_EDGE('',*,*,#15704,.T.);
#15725 = ORIENTED_EDGE('',*,*,#15600,.F.);
#15726 = ORIENTED_EDGE('',*,*,#15727,.F.);
#15727 = EDGE_CURVE('NONE',#15650,#15592,#15728,.T.);
#15728 = ( BOUNDED_CURVE() B_SPLINE_CURVE(3,(#15729,#15730,#15731,#15732
),.UNSPECIFIED.,.F.,.F.) B_SPLINE_CURVE_WITH_KNOTS((4,4),(1.570796326795
,2.31483996153),.PIECEWISE_BEZIER_KNOTS.) CURVE()
GEOMETRIC_REPRESENTATION_ITEM() RATIONAL_B_SPLINE_CURVE((1.,
0.954396213457,0.954396213457,1.)) REPRESENTATION_ITEM('') );
#15729 = CARTESIAN_POINT('',(2.469317121995,-4.369317121995,0.86));
#15730 = CARTESIAN_POINT('',(2.405838997976,-4.305838997976,0.86));
#15731 = CARTESIAN_POINT('',(2.346703138184,-4.246703138184,
    0.836925721775));
#15732 = CARTESIAN_POINT('',(2.3,-4.2,0.793933988701));
#15733 = ORIENTED_EDGE('',*,*,#15675,.F.);
#15734 = ORIENTED_EDGE('',*,*,#15735,.F.);
#15735 = EDGE_CURVE('NONE',#15558,#15668,#15736,.T.);
#15736 = ( BOUNDED_CURVE() B_SPLINE_CURVE(3,(#15737,#15738,#15739,#15740
),.UNSPECIFIED.,.F.,.F.) B_SPLINE_CURVE_WITH_KNOTS((4,4),(3.968345345649
,4.712388980385),.PIECEWISE_BEZIER_KNOTS.) CURVE()
GEOMETRIC_REPRESENTATION_ITEM() RATIONAL_B_SPLINE_CURVE((1.,
0.954396213457,0.954396213457,1.)) REPRESENTATION_ITEM('') );
#15737 = CARTESIAN_POINT('',(4.2,-4.2,0.793933988701));
#15738 = CARTESIAN_POINT('',(4.153296861816,-4.246703138184,
    0.836925721775));
#15739 = CARTESIAN_POINT('',(4.094161002024,-4.305838997976,0.86));
#15740 = CARTESIAN_POINT('',(4.030682878005,-4.369317121995,0.86));
#15741 = ORIENTED_EDGE('',*,*,#15557,.F.);
#15742 = CYLINDRICAL_SURFACE('',#15743,0.25);
#15743 = AXIS2_PLACEMENT_3D('',#15744,#15745,#15746);
#15744 = CARTESIAN_POINT('',(2.35,-4.369317121995,0.61));
#15745 = DIRECTION('',(1.,0.,0.));
#15746 = DIRECTION('',(0.,0.,-1.));
#15747 = ADVANCED_FACE('NONE',(#15748),#15762,.T.);
#15748 = FACE_BOUND('',#15749,.T.);
#15749 = EDGE_LOOP('NONE',(#15750,#15751,#15752,#15759,#15760,#15761));
#15750 = ORIENTED_EDGE('',*,*,#15697,.T.);
#15751 = ORIENTED_EDGE('',*,*,#15634,.F.);
#15752 = ORIENTED_EDGE('',*,*,#15753,.F.);
#15753 = EDGE_CURVE('NONE',#15652,#15626,#15754,.T.);
#15754 = ( BOUNDED_CURVE() B_SPLINE_CURVE(3,(#15755,#15756,#15757,#15758
),.UNSPECIFIED.,.F.,.F.) B_SPLINE_CURVE_WITH_KNOTS((4,4),(1.570796326795
,2.31483996153),.PIECEWISE_BEZIER_KNOTS.) CURVE()
GEOMETRIC_REPRESENTATION_ITEM() RATIONAL_B_SPLINE_CURVE((1.,
0.954396213457,0.954396213457,1.)) REPRESENTATION_ITEM('') );
#15755 = CARTESIAN_POINT('',(2.469317121995,-4.530682878005,0.86));
#15756 = CARTESIAN_POINT('',(2.405838997976,-4.594161002024,0.86));
#15757 = CARTESIAN_POINT('',(2.346703138184,-4.653296861816,
    0.836925721775));
#15758 = CARTESIAN_POINT('',(2.3,-4.7,0.793933988701));
#15759 = ORIENTED_EDGE('',*,*,#15649,.F.);
#15760 = ORIENTED_EDGE('',*,*,#15727,.T.);
#15761 = ORIENTED_EDGE('',*,*,#15591,.F.);
#15762 = CYLINDRICAL_SURFACE('',#15763,0.25);
#15763 = AXIS2_PLACEMENT_3D('',#15764,#15765,#15766);
#15764 = CARTESIAN_POINT('',(2.469317121995,-4.65,0.61));
#15765 = DIRECTION('',(0.,1.,0.));
#15766 = DIRECTION('',(0.,-0.,1.));
#15767 = ADVANCED_FACE('NONE',(#15768),#15782,.T.);
#15768 = FACE_BOUND('',#15769,.T.);
#15769 = EDGE_LOOP('NONE',(#15770,#15771,#15772,#15779,#15780,#15781));
#15770 = ORIENTED_EDGE('',*,*,#15735,.T.);
#15771 = ORIENTED_EDGE('',*,*,#15667,.F.);
#15772 = ORIENTED_EDGE('',*,*,#15773,.F.);
#15773 = EDGE_CURVE('NONE',#15516,#15660,#15774,.T.);
#15774 = ( BOUNDED_CURVE() B_SPLINE_CURVE(3,(#15775,#15776,#15777,#15778
),.UNSPECIFIED.,.F.,.F.) B_SPLINE_CURVE_WITH_KNOTS((4,4),(0.826752692059
,1.570796326795),.PIECEWISE_BEZIER_KNOTS.) CURVE()
GEOMETRIC_REPRESENTATION_ITEM() RATIONAL_B_SPLINE_CURVE((1.,
0.954396213457,0.954396213457,1.)) REPRESENTATION_ITEM('') );
#15775 = CARTESIAN_POINT('',(4.2,-4.7,0.793933988701));
#15776 = CARTESIAN_POINT('',(4.153296861816,-4.653296861816,
    0.836925721775));
#15777 = CARTESIAN_POINT('',(4.094161002024,-4.594161002024,0.86));
#15778 = CARTESIAN_POINT('',(4.030682878005,-4.530682878005,0.86));
#15779 = ORIENTED_EDGE('',*,*,#15513,.F.);
#15780 = ORIENTED_EDGE('',*,*,#15711,.T.);
#15781 = ORIENTED_EDGE('',*,*,#15566,.F.);
#15782 = CYLINDRICAL_SURFACE('',#15783,0.25);
#15783 = AXIS2_PLACEMENT_3D('',#15784,#15785,#15786);
#15784 = CARTESIAN_POINT('',(4.030682878005,-4.25,0.61));
#15785 = DIRECTION('',(0.,-1.,0.));
#15786 = DIRECTION('',(0.,0.,-1.));
#15787 = ADVANCED_FACE('NONE',(#15788),#15796,.T.);
#15788 = FACE_BOUND('',#15789,.T.);
#15789 = EDGE_LOOP('NONE',(#15790,#15791,#15792,#15793,#15794,#15795));
#15790 = ORIENTED_EDGE('',*,*,#15625,.F.);
#15791 = ORIENTED_EDGE('',*,*,#15690,.T.);
#15792 = ORIENTED_EDGE('',*,*,#15524,.F.);
#15793 = ORIENTED_EDGE('',*,*,#15773,.T.);
#15794 = ORIENTED_EDGE('',*,*,#15659,.F.);
#15795 = ORIENTED_EDGE('',*,*,#15753,.T.);
#15796 = CYLINDRICAL_SURFACE('',#15797,0.25);
#15797 = AXIS2_PLACEMENT_3D('',#15798,#15799,#15800);
#15798 = CARTESIAN_POINT('',(4.15,-4.530682878005,0.61));
#15799 = DIRECTION('',(-1.,0.,0.));
#15800 = DIRECTION('',(0.,0.,1.));
#15801 = MANIFOLD_SOLID_BREP('Verrundung9',#15802);
#15802 = CLOSED_SHELL('NONE',(#15803,#15837,#15871,#15905,#15939,#15979,
    #16015,#16041,#16061,#16081));
#15803 = ADVANCED_FACE('NONE',(#15804),#15832,.F.);
#15804 = FACE_BOUND('',#15805,.T.);
#15805 = EDGE_LOOP('NONE',(#15806,#15817,#15826));
#15806 = ORIENTED_EDGE('',*,*,#15807,.T.);
#15807 = EDGE_CURVE('NONE',#15808,#15810,#15812,.T.);
#15808 = VERTEX_POINT('NONE',#15809);
#15809 = CARTESIAN_POINT('',(0.9,4.25,0.73));
#15810 = VERTEX_POINT('NONE',#15811);
#15811 = CARTESIAN_POINT('',(0.85,4.2,0.793933988701));
#15812 = ( BOUNDED_CURVE() B_SPLINE_CURVE(3,(#15813,#15814,#15815,#15816
),.UNSPECIFIED.,.F.,.F.) B_SPLINE_CURVE_WITH_KNOTS((4,4),(3.642247365994
,3.968345345649),.PIECEWISE_BEZIER_KNOTS.) CURVE()
GEOMETRIC_REPRESENTATION_ITEM() RATIONAL_B_SPLINE_CURVE((1.,
0.991157957161,0.991157957161,1.)) REPRESENTATION_ITEM('') );
#15813 = CARTESIAN_POINT('',(0.9,4.25,0.73));
#15814 = CARTESIAN_POINT('',(0.886897950529,4.236897950529,
    0.753945864852));
#15815 = CARTESIAN_POINT('',(0.870082601828,4.220082601828,
    0.775447311128));
#15816 = CARTESIAN_POINT('',(0.85,4.2,0.793933988701));
#15817 = ORIENTED_EDGE('',*,*,#15818,.T.);
#15818 = EDGE_CURVE('NONE',#15810,#15819,#15821,.T.);
#15819 = VERTEX_POINT('NONE',#15820);
#15820 = CARTESIAN_POINT('',(0.8,4.15,0.73));
#15821 = ( BOUNDED_CURVE() B_SPLINE_CURVE(3,(#15822,#15823,#15824,#15825
),.UNSPECIFIED.,.F.,.F.) B_SPLINE_CURVE_WITH_KNOTS((4,4),(5.45643261512,
5.782530594775),.PIECEWISE_BEZIER_KNOTS.) CURVE()
GEOMETRIC_REPRESENTATION_ITEM() RATIONAL_B_SPLINE_CURVE((1.,
0.991157957161,0.991157957161,1.)) REPRESENTATION_ITEM('') );
#15822 = CARTESIAN_POINT('',(0.85,4.2,0.793933988701));
#15823 = CARTESIAN_POINT('',(0.829917398172,4.179917398172,
    0.775447311128));
#15824 = CARTESIAN_POINT('',(0.813102049471,4.163102049471,
    0.753945864852));
#15825 = CARTESIAN_POINT('',(0.8,4.15,0.73));
#15826 = ORIENTED_EDGE('',*,*,#15827,.T.);
#15827 = EDGE_CURVE('NONE',#15819,#15808,#15828,.T.);
#15828 = LINE('',#15829,#15830);
#15829 = CARTESIAN_POINT('',(0.9,4.25,0.73));
#15830 = VECTOR('',#15831,1.);
#15831 = DIRECTION('',(0.707106781187,0.707106781187,-0.));
#15832 = PLANE('',#15833);
#15833 = AXIS2_PLACEMENT_3D('',#15834,#15835,#15836);
#15834 = CARTESIAN_POINT('',(0.9,4.25,0.86));
#15835 = DIRECTION('',(-0.707106781187,0.707106781187,0.));
#15836 = DIRECTION('',(-0.707106781187,-0.707106781187,0.));
#15837 = ADVANCED_FACE('NONE',(#15838),#15866,.F.);
#15838 = FACE_BOUND('',#15839,.T.);
#15839 = EDGE_LOOP('NONE',(#15840,#15850,#15859));
#15840 = ORIENTED_EDGE('',*,*,#15841,.T.);
#15841 = EDGE_CURVE('NONE',#15842,#15844,#15846,.T.);
#15842 = VERTEX_POINT('NONE',#15843);
#15843 = CARTESIAN_POINT('',(0.9,4.65,0.73));
#15844 = VERTEX_POINT('NONE',#15845);
#15845 = CARTESIAN_POINT('',(0.8,4.75,0.73));
#15846 = LINE('',#15847,#15848);
#15847 = CARTESIAN_POINT('',(0.8,4.75,0.73));
#15848 = VECTOR('',#15849,1.);
#15849 = DIRECTION('',(-0.707106781187,0.707106781187,-0.));
#15850 = ORIENTED_EDGE('',*,*,#15851,.T.);
#15851 = EDGE_CURVE('NONE',#15844,#15852,#15854,.T.);
#15852 = VERTEX_POINT('NONE',#15853);
#15853 = CARTESIAN_POINT('',(0.85,4.7,0.793933988701));
#15854 = ( BOUNDED_CURVE() B_SPLINE_CURVE(3,(#15855,#15856,#15857,#15858
),.UNSPECIFIED.,.F.,.F.) B_SPLINE_CURVE_WITH_KNOTS((4,4),(3.642247365994
,3.968345345649),.PIECEWISE_BEZIER_KNOTS.) CURVE()
GEOMETRIC_REPRESENTATION_ITEM() RATIONAL_B_SPLINE_CURVE((1.,
0.991157957161,0.991157957161,1.)) REPRESENTATION_ITEM('') );
#15855 = CARTESIAN_POINT('',(0.8,4.75,0.73));
#15856 = CARTESIAN_POINT('',(0.813102049471,4.736897950529,
    0.753945864852));
#15857 = CARTESIAN_POINT('',(0.829917398172,4.720082601828,
    0.775447311128));
#15858 = CARTESIAN_POINT('',(0.85,4.7,0.793933988701));
#15859 = ORIENTED_EDGE('',*,*,#15860,.T.);
#15860 = EDGE_CURVE('NONE',#15852,#15842,#15861,.T.);
#15861 = ( BOUNDED_CURVE() B_SPLINE_CURVE(3,(#15862,#15863,#15864,#15865
),.UNSPECIFIED.,.F.,.F.) B_SPLINE_CURVE_WITH_KNOTS((4,4),(5.45643261512,
5.782530594775),.PIECEWISE_BEZIER_KNOTS.) CURVE()
GEOMETRIC_REPRESENTATION_ITEM() RATIONAL_B_SPLINE_CURVE((1.,
0.991157957161,0.991157957161,1.)) REPRESENTATION_ITEM('') );
#15862 = CARTESIAN_POINT('',(0.85,4.7,0.793933988701));
#15863 = CARTESIAN_POINT('',(0.870082601828,4.679917398172,
    0.775447311128));
#15864 = CARTESIAN_POINT('',(0.886897950529,4.663102049471,
    0.753945864852));
#15865 = CARTESIAN_POINT('',(0.9,4.65,0.73));
#15866 = PLANE('',#15867);
#15867 = AXIS2_PLACEMENT_3D('',#15868,#15869,#15870);
#15868 = CARTESIAN_POINT('',(0.8,4.75,0.86));
#15869 = DIRECTION('',(-0.707106781187,-0.707106781187,0.));
#15870 = DIRECTION('',(0.707106781187,-0.707106781187,0.));
#15871 = ADVANCED_FACE('NONE',(#15872),#15900,.F.);
#15872 = FACE_BOUND('',#15873,.T.);
#15873 = EDGE_LOOP('NONE',(#15874,#15884,#15893));
#15874 = ORIENTED_EDGE('',*,*,#15875,.T.);
#15875 = EDGE_CURVE('NONE',#15876,#15878,#15880,.T.);
#15876 = VERTEX_POINT('NONE',#15877);
#15877 = CARTESIAN_POINT('',(-0.8,4.75,0.73));
#15878 = VERTEX_POINT('NONE',#15879);
#15879 = CARTESIAN_POINT('',(-0.9,4.65,0.73));
#15880 = LINE('',#15881,#15882);
#15881 = CARTESIAN_POINT('',(-0.9,4.65,0.73));
#15882 = VECTOR('',#15883,1.);
#15883 = DIRECTION('',(-0.707106781187,-0.707106781187,-0.));
#15884 = ORIENTED_EDGE('',*,*,#15885,.T.);
#15885 = EDGE_CURVE('NONE',#15878,#15886,#15888,.T.);
#15886 = VERTEX_POINT('NONE',#15887);
#15887 = CARTESIAN_POINT('',(-0.85,4.7,0.793933988701));
#15888 = ( BOUNDED_CURVE() B_SPLINE_CURVE(3,(#15889,#15890,#15891,#15892
),.UNSPECIFIED.,.F.,.F.) B_SPLINE_CURVE_WITH_KNOTS((4,4),(3.642247365994
,3.968345345649),.PIECEWISE_BEZIER_KNOTS.) CURVE()
GEOMETRIC_REPRESENTATION_ITEM() RATIONAL_B_SPLINE_CURVE((1.,
0.991157957161,0.991157957161,1.)) REPRESENTATION_ITEM('') );
#15889 = CARTESIAN_POINT('',(-0.9,4.65,0.73));
#15890 = CARTESIAN_POINT('',(-0.886897950529,4.663102049471,
    0.753945864852));
#15891 = CARTESIAN_POINT('',(-0.870082601828,4.679917398172,
    0.775447311128));
#15892 = CARTESIAN_POINT('',(-0.85,4.7,0.793933988701));
#15893 = ORIENTED_EDGE('',*,*,#15894,.T.);
#15894 = EDGE_CURVE('NONE',#15886,#15876,#15895,.T.);
#15895 = ( BOUNDED_CURVE() B_SPLINE_CURVE(3,(#15896,#15897,#15898,#15899
),.UNSPECIFIED.,.F.,.F.) B_SPLINE_CURVE_WITH_KNOTS((4,4),(5.45643261512,
5.782530594775),.PIECEWISE_BEZIER_KNOTS.) CURVE()
GEOMETRIC_REPRESENTATION_ITEM() RATIONAL_B_SPLINE_CURVE((1.,
0.991157957161,0.991157957161,1.)) REPRESENTATION_ITEM('') );
#15896 = CARTESIAN_POINT('',(-0.85,4.7,0.793933988701));
#15897 = CARTESIAN_POINT('',(-0.829917398172,4.720082601828,
    0.775447311128));
#15898 = CARTESIAN_POINT('',(-0.813102049471,4.736897950529,
    0.753945864852));
#15899 = CARTESIAN_POINT('',(-0.8,4.75,0.73));
#15900 = PLANE('',#15901);
#15901 = AXIS2_PLACEMENT_3D('',#15902,#15903,#15904);
#15902 = CARTESIAN_POINT('',(-0.9,4.65,0.86));
#15903 = DIRECTION('',(0.707106781187,-0.707106781187,0.));
#15904 = DIRECTION('',(0.707106781187,0.707106781187,0.));
#15905 = ADVANCED_FACE('NONE',(#15906),#15934,.F.);
#15906 = FACE_BOUND('',#15907,.T.);
#15907 = EDGE_LOOP('NONE',(#15908,#15918,#15927));
#15908 = ORIENTED_EDGE('',*,*,#15909,.T.);
#15909 = EDGE_CURVE('NONE',#15910,#15912,#15914,.T.);
#15910 = VERTEX_POINT('NONE',#15911);
#15911 = CARTESIAN_POINT('',(-0.9,4.25,0.73));
#15912 = VERTEX_POINT('NONE',#15913);
#15913 = CARTESIAN_POINT('',(-0.8,4.15,0.73));
#15914 = LINE('',#15915,#15916);
#15915 = CARTESIAN_POINT('',(-0.8,4.15,0.73));
#15916 = VECTOR('',#15917,1.);
#15917 = DIRECTION('',(0.707106781187,-0.707106781187,-0.));
#15918 = ORIENTED_EDGE('',*,*,#15919,.T.);
#15919 = EDGE_CURVE('NONE',#15912,#15920,#15922,.T.);
#15920 = VERTEX_POINT('NONE',#15921);
#15921 = CARTESIAN_POINT('',(-0.85,4.2,0.793933988701));
#15922 = ( BOUNDED_CURVE() B_SPLINE_CURVE(3,(#15923,#15924,#15925,#15926
),.UNSPECIFIED.,.F.,.F.) B_SPLINE_CURVE_WITH_KNOTS((4,4),(3.642247365994
,3.968345345649),.PIECEWISE_BEZIER_KNOTS.) CURVE()
GEOMETRIC_REPRESENTATION_ITEM() RATIONAL_B_SPLINE_CURVE((1.,
0.991157957161,0.991157957161,1.)) REPRESENTATION_ITEM('') );
#15923 = CARTESIAN_POINT('',(-0.8,4.15,0.73));
#15924 = CARTESIAN_POINT('',(-0.813102049471,4.163102049471,
    0.753945864852));
#15925 = CARTESIAN_POINT('',(-0.829917398172,4.179917398172,
    0.775447311128));
#15926 = CARTESIAN_POINT('',(-0.85,4.2,0.793933988701));
#15927 = ORIENTED_EDGE('',*,*,#15928,.T.);
#15928 = EDGE_CURVE('NONE',#15920,#15910,#15929,.T.);
#15929 = ( BOUNDED_CURVE() B_SPLINE_CURVE(3,(#15930,#15931,#15932,#15933
),.UNSPECIFIED.,.F.,.F.) B_SPLINE_CURVE_WITH_KNOTS((4,4),(5.45643261512,
5.782530594775),.PIECEWISE_BEZIER_KNOTS.) CURVE()
GEOMETRIC_REPRESENTATION_ITEM() RATIONAL_B_SPLINE_CURVE((1.,
0.991157957161,0.991157957161,1.)) REPRESENTATION_ITEM('') );
#15930 = CARTESIAN_POINT('',(-0.85,4.2,0.793933988701));
#15931 = CARTESIAN_POINT('',(-0.870082601828,4.220082601828,
    0.775447311128));
#15932 = CARTESIAN_POINT('',(-0.886897950529,4.236897950529,
    0.753945864852));
#15933 = CARTESIAN_POINT('',(-0.9,4.25,0.73));
#15934 = PLANE('',#15935);
#15935 = AXIS2_PLACEMENT_3D('',#15936,#15937,#15938);
#15936 = CARTESIAN_POINT('',(-0.8,4.15,0.86));
#15937 = DIRECTION('',(0.707106781187,0.707106781187,-0.));
#15938 = DIRECTION('',(-0.707106781187,0.707106781187,0.));
#15939 = ADVANCED_FACE('NONE',(#15940),#15974,.F.);
#15940 = FACE_BOUND('',#15941,.T.);
#15941 = EDGE_LOOP('NONE',(#15942,#15952,#15960,#15968));
#15942 = ORIENTED_EDGE('',*,*,#15943,.T.);
#15943 = EDGE_CURVE('NONE',#15944,#15946,#15948,.T.);
#15944 = VERTEX_POINT('NONE',#15945);
#15945 = CARTESIAN_POINT('',(-0.680682878005,4.530682878005,0.86));
#15946 = VERTEX_POINT('NONE',#15947);
#15947 = CARTESIAN_POINT('',(-0.680682878005,4.369317121995,0.86));
#15948 = LINE('',#15949,#15950);
#15949 = CARTESIAN_POINT('',(-0.680682878005,3.35,0.86));
#15950 = VECTOR('',#15951,1.);
#15951 = DIRECTION('',(-0.,-1.,-0.));
#15952 = ORIENTED_EDGE('',*,*,#15953,.T.);
#15953 = EDGE_CURVE('NONE',#15946,#15954,#15956,.T.);
#15954 = VERTEX_POINT('NONE',#15955);
#15955 = CARTESIAN_POINT('',(0.680682878005,4.369317121995,0.86));
#15956 = LINE('',#15957,#15958);
#15957 = CARTESIAN_POINT('',(1.951563910474E-15,4.369317121995,0.86));
#15958 = VECTOR('',#15959,1.);
#15959 = DIRECTION('',(1.,-0.,-0.));
#15960 = ORIENTED_EDGE('',*,*,#15961,.T.);
#15961 = EDGE_CURVE('NONE',#15954,#15962,#15964,.T.);
#15962 = VERTEX_POINT('NONE',#15963);
#15963 = CARTESIAN_POINT('',(0.680682878005,4.530682878005,0.86));
#15964 = LINE('',#15965,#15966);
#15965 = CARTESIAN_POINT('',(0.680682878005,3.35,0.86));
#15966 = VECTOR('',#15967,1.);
#15967 = DIRECTION('',(-0.,1.,-0.));
#15968 = ORIENTED_EDGE('',*,*,#15969,.T.);
#15969 = EDGE_CURVE('NONE',#15962,#15944,#15970,.T.);
#15970 = LINE('',#15971,#15972);
#15971 = CARTESIAN_POINT('',(1.951563910474E-15,4.530682878005,0.86));
#15972 = VECTOR('',#15973,1.);
#15973 = DIRECTION('',(-1.,-0.,-0.));
#15974 = PLANE('',#15975);
#15975 = AXIS2_PLACEMENT_3D('',#15976,#15977,#15978);
#15976 = CARTESIAN_POINT('',(1.951563910474E-15,3.35,0.86));
#15977 = DIRECTION('',(0.,0.,-1.));
#15978 = DIRECTION('',(-1.,0.,0.));
#15979 = ADVANCED_FACE('NONE',(#15980),#16010,.T.);
#15980 = FACE_BOUND('',#15981,.T.);
#15981 = EDGE_LOOP('NONE',(#15982,#15983,#15989,#15990,#15996,#15997,
    #16003,#16004));
#15982 = ORIENTED_EDGE('',*,*,#15827,.F.);
#15983 = ORIENTED_EDGE('',*,*,#15984,.F.);
#15984 = EDGE_CURVE('NONE',#15912,#15819,#15985,.T.);
#15985 = LINE('',#15986,#15987);
#15986 = CARTESIAN_POINT('',(0.8,4.15,0.73));
#15987 = VECTOR('',#15988,1.);
#15988 = DIRECTION('',(1.,-0.,-0.));
#15989 = ORIENTED_EDGE('',*,*,#15909,.F.);
#15990 = ORIENTED_EDGE('',*,*,#15991,.F.);
#15991 = EDGE_CURVE('NONE',#15878,#15910,#15992,.T.);
#15992 = LINE('',#15993,#15994);
#15993 = CARTESIAN_POINT('',(-0.9,4.25,0.73));
#15994 = VECTOR('',#15995,1.);
#15995 = DIRECTION('',(-0.,-1.,-0.));
#15996 = ORIENTED_EDGE('',*,*,#15875,.F.);
#15997 = ORIENTED_EDGE('',*,*,#15998,.F.);
#15998 = EDGE_CURVE('NONE',#15844,#15876,#15999,.T.);
#15999 = LINE('',#16000,#16001);
#16000 = CARTESIAN_POINT('',(-0.8,4.75,0.73));
#16001 = VECTOR('',#16002,1.);
#16002 = DIRECTION('',(-1.,-0.,-0.));
#16003 = ORIENTED_EDGE('',*,*,#15841,.F.);
#16004 = ORIENTED_EDGE('',*,*,#16005,.F.);
#16005 = EDGE_CURVE('NONE',#15808,#15842,#16006,.T.);
#16006 = LINE('',#16007,#16008);
#16007 = CARTESIAN_POINT('',(0.9,4.65,0.73));
#16008 = VECTOR('',#16009,1.);
#16009 = DIRECTION('',(-0.,1.,-0.));
#16010 = PLANE('',#16011);
#16011 = AXIS2_PLACEMENT_3D('',#16012,#16013,#16014);
#16012 = CARTESIAN_POINT('',(1.951563910474E-15,3.35,0.73));
#16013 = DIRECTION('',(0.,0.,-1.));
#16014 = DIRECTION('',(-1.,0.,0.));
#16015 = ADVANCED_FACE('NONE',(#16016),#16036,.T.);
#16016 = FACE_BOUND('',#16017,.T.);
#16017 = EDGE_LOOP('NONE',(#16018,#16019,#16020,#16027,#16028,#16035));
#16018 = ORIENTED_EDGE('',*,*,#15998,.T.);
#16019 = ORIENTED_EDGE('',*,*,#15894,.F.);
#16020 = ORIENTED_EDGE('',*,*,#16021,.F.);
#16021 = EDGE_CURVE('NONE',#15944,#15886,#16022,.T.);
#16022 = ( BOUNDED_CURVE() B_SPLINE_CURVE(3,(#16023,#16024,#16025,#16026
),.UNSPECIFIED.,.F.,.F.) B_SPLINE_CURVE_WITH_KNOTS((4,4),(1.570796326795
,2.31483996153),.PIECEWISE_BEZIER_KNOTS.) CURVE()
GEOMETRIC_REPRESENTATION_ITEM() RATIONAL_B_SPLINE_CURVE((1.,
0.954396213457,0.954396213457,1.)) REPRESENTATION_ITEM('') );
#16023 = CARTESIAN_POINT('',(-0.680682878005,4.530682878005,0.86));
#16024 = CARTESIAN_POINT('',(-0.744161002024,4.594161002024,0.86));
#16025 = CARTESIAN_POINT('',(-0.803296861816,4.653296861816,
    0.836925721775));
#16026 = CARTESIAN_POINT('',(-0.85,4.7,0.793933988701));
#16027 = ORIENTED_EDGE('',*,*,#15969,.F.);
#16028 = ORIENTED_EDGE('',*,*,#16029,.F.);
#16029 = EDGE_CURVE('NONE',#15852,#15962,#16030,.T.);
#16030 = ( BOUNDED_CURVE() B_SPLINE_CURVE(3,(#16031,#16032,#16033,#16034
),.UNSPECIFIED.,.F.,.F.) B_SPLINE_CURVE_WITH_KNOTS((4,4),(3.968345345649
,4.712388980385),.PIECEWISE_BEZIER_KNOTS.) CURVE()
GEOMETRIC_REPRESENTATION_ITEM() RATIONAL_B_SPLINE_CURVE((1.,
0.954396213457,0.954396213457,1.)) REPRESENTATION_ITEM('') );
#16031 = CARTESIAN_POINT('',(0.85,4.7,0.793933988701));
#16032 = CARTESIAN_POINT('',(0.803296861816,4.653296861816,
    0.836925721775));
#16033 = CARTESIAN_POINT('',(0.744161002024,4.594161002024,0.86));
#16034 = CARTESIAN_POINT('',(0.680682878005,4.530682878005,0.86));
#16035 = ORIENTED_EDGE('',*,*,#15851,.F.);
#16036 = CYLINDRICAL_SURFACE('',#16037,0.25);
#16037 = AXIS2_PLACEMENT_3D('',#16038,#16039,#16040);
#16038 = CARTESIAN_POINT('',(-0.8,4.530682878005,0.61));
#16039 = DIRECTION('',(1.,0.,0.));
#16040 = DIRECTION('',(0.,0.,-1.));
#16041 = ADVANCED_FACE('NONE',(#16042),#16056,.T.);
#16042 = FACE_BOUND('',#16043,.T.);
#16043 = EDGE_LOOP('NONE',(#16044,#16045,#16046,#16053,#16054,#16055));
#16044 = ORIENTED_EDGE('',*,*,#15991,.T.);
#16045 = ORIENTED_EDGE('',*,*,#15928,.F.);
#16046 = ORIENTED_EDGE('',*,*,#16047,.F.);
#16047 = EDGE_CURVE('NONE',#15946,#15920,#16048,.T.);
#16048 = ( BOUNDED_CURVE() B_SPLINE_CURVE(3,(#16049,#16050,#16051,#16052
),.UNSPECIFIED.,.F.,.F.) B_SPLINE_CURVE_WITH_KNOTS((4,4),(1.570796326795
,2.31483996153),.PIECEWISE_BEZIER_KNOTS.) CURVE()
GEOMETRIC_REPRESENTATION_ITEM() RATIONAL_B_SPLINE_CURVE((1.,
0.954396213457,0.954396213457,1.)) REPRESENTATION_ITEM('') );
#16049 = CARTESIAN_POINT('',(-0.680682878005,4.369317121995,0.86));
#16050 = CARTESIAN_POINT('',(-0.744161002024,4.305838997976,0.86));
#16051 = CARTESIAN_POINT('',(-0.803296861816,4.246703138184,
    0.836925721775));
#16052 = CARTESIAN_POINT('',(-0.85,4.2,0.793933988701));
#16053 = ORIENTED_EDGE('',*,*,#15943,.F.);
#16054 = ORIENTED_EDGE('',*,*,#16021,.T.);
#16055 = ORIENTED_EDGE('',*,*,#15885,.F.);
#16056 = CYLINDRICAL_SURFACE('',#16057,0.25);
#16057 = AXIS2_PLACEMENT_3D('',#16058,#16059,#16060);
#16058 = CARTESIAN_POINT('',(-0.680682878005,4.25,0.61));
#16059 = DIRECTION('',(0.,1.,0.));
#16060 = DIRECTION('',(0.,-0.,1.));
#16061 = ADVANCED_FACE('NONE',(#16062),#16076,.T.);
#16062 = FACE_BOUND('',#16063,.T.);
#16063 = EDGE_LOOP('NONE',(#16064,#16065,#16066,#16073,#16074,#16075));
#16064 = ORIENTED_EDGE('',*,*,#16029,.T.);
#16065 = ORIENTED_EDGE('',*,*,#15961,.F.);
#16066 = ORIENTED_EDGE('',*,*,#16067,.F.);
#16067 = EDGE_CURVE('NONE',#15810,#15954,#16068,.T.);
#16068 = ( BOUNDED_CURVE() B_SPLINE_CURVE(3,(#16069,#16070,#16071,#16072
),.UNSPECIFIED.,.F.,.F.) B_SPLINE_CURVE_WITH_KNOTS((4,4),(0.826752692059
,1.570796326795),.PIECEWISE_BEZIER_KNOTS.) CURVE()
GEOMETRIC_REPRESENTATION_ITEM() RATIONAL_B_SPLINE_CURVE((1.,
0.954396213457,0.954396213457,1.)) REPRESENTATION_ITEM('') );
#16069 = CARTESIAN_POINT('',(0.85,4.2,0.793933988701));
#16070 = CARTESIAN_POINT('',(0.803296861816,4.246703138184,
    0.836925721775));
#16071 = CARTESIAN_POINT('',(0.744161002024,4.305838997976,0.86));
#16072 = CARTESIAN_POINT('',(0.680682878005,4.369317121995,0.86));
#16073 = ORIENTED_EDGE('',*,*,#15807,.F.);
#16074 = ORIENTED_EDGE('',*,*,#16005,.T.);
#16075 = ORIENTED_EDGE('',*,*,#15860,.F.);
#16076 = CYLINDRICAL_SURFACE('',#16077,0.25);
#16077 = AXIS2_PLACEMENT_3D('',#16078,#16079,#16080);
#16078 = CARTESIAN_POINT('',(0.680682878005,4.65,0.61));
#16079 = DIRECTION('',(0.,-1.,0.));
#16080 = DIRECTION('',(0.,0.,-1.));
#16081 = ADVANCED_FACE('NONE',(#16082),#16090,.T.);
#16082 = FACE_BOUND('',#16083,.T.);
#16083 = EDGE_LOOP('NONE',(#16084,#16085,#16086,#16087,#16088,#16089));
#16084 = ORIENTED_EDGE('',*,*,#15919,.F.);
#16085 = ORIENTED_EDGE('',*,*,#15984,.T.);
#16086 = ORIENTED_EDGE('',*,*,#15818,.F.);
#16087 = ORIENTED_EDGE('',*,*,#16067,.T.);
#16088 = ORIENTED_EDGE('',*,*,#15953,.F.);
#16089 = ORIENTED_EDGE('',*,*,#16047,.T.);
#16090 = CYLINDRICAL_SURFACE('',#16091,0.25);
#16091 = AXIS2_PLACEMENT_3D('',#16092,#16093,#16094);
#16092 = CARTESIAN_POINT('',(0.8,4.369317121995,0.61));
#16093 = DIRECTION('',(-1.,0.,0.));
#16094 = DIRECTION('',(0.,0.,1.));
#16095 = MANIFOLD_SOLID_BREP('Verrundung8',#16096);
#16096 = CLOSED_SHELL('NONE',(#16097,#16131,#16165,#16199,#16233,#16273,
    #16309,#16335,#16355,#16375));
#16097 = ADVANCED_FACE('NONE',(#16098),#16126,.F.);
#16098 = FACE_BOUND('',#16099,.T.);
#16099 = EDGE_LOOP('NONE',(#16100,#16111,#16120));
#16100 = ORIENTED_EDGE('',*,*,#16101,.T.);
#16101 = EDGE_CURVE('NONE',#16102,#16104,#16106,.T.);
#16102 = VERTEX_POINT('NONE',#16103);
#16103 = CARTESIAN_POINT('',(-2.25,4.25,0.73));
#16104 = VERTEX_POINT('NONE',#16105);
#16105 = CARTESIAN_POINT('',(-2.3,4.2,0.793933988701));
#16106 = ( BOUNDED_CURVE() B_SPLINE_CURVE(3,(#16107,#16108,#16109,#16110
),.UNSPECIFIED.,.F.,.F.) B_SPLINE_CURVE_WITH_KNOTS((4,4),(3.642247365994
,3.968345345649),.PIECEWISE_BEZIER_KNOTS.) CURVE()
GEOMETRIC_REPRESENTATION_ITEM() RATIONAL_B_SPLINE_CURVE((1.,
0.991157957161,0.991157957161,1.)) REPRESENTATION_ITEM('') );
#16107 = CARTESIAN_POINT('',(-2.25,4.25,0.73));
#16108 = CARTESIAN_POINT('',(-2.263102049471,4.236897950529,
    0.753945864852));
#16109 = CARTESIAN_POINT('',(-2.279917398172,4.220082601828,
    0.775447311128));
#16110 = CARTESIAN_POINT('',(-2.3,4.2,0.793933988701));
#16111 = ORIENTED_EDGE('',*,*,#16112,.T.);
#16112 = EDGE_CURVE('NONE',#16104,#16113,#16115,.T.);
#16113 = VERTEX_POINT('NONE',#16114);
#16114 = CARTESIAN_POINT('',(-2.35,4.15,0.73));
#16115 = ( BOUNDED_CURVE() B_SPLINE_CURVE(3,(#16116,#16117,#16118,#16119
),.UNSPECIFIED.,.F.,.F.) B_SPLINE_CURVE_WITH_KNOTS((4,4),(5.45643261512,
5.782530594775),.PIECEWISE_BEZIER_KNOTS.) CURVE()
GEOMETRIC_REPRESENTATION_ITEM() RATIONAL_B_SPLINE_CURVE((1.,
0.991157957161,0.991157957161,1.)) REPRESENTATION_ITEM('') );
#16116 = CARTESIAN_POINT('',(-2.3,4.2,0.793933988701));
#16117 = CARTESIAN_POINT('',(-2.320082601828,4.179917398172,
    0.775447311128));
#16118 = CARTESIAN_POINT('',(-2.336897950529,4.163102049471,
    0.753945864852));
#16119 = CARTESIAN_POINT('',(-2.35,4.15,0.73));
#16120 = ORIENTED_EDGE('',*,*,#16121,.T.);
#16121 = EDGE_CURVE('NONE',#16113,#16102,#16122,.T.);
#16122 = LINE('',#16123,#16124);
#16123 = CARTESIAN_POINT('',(-2.25,4.25,0.73));
#16124 = VECTOR('',#16125,1.);
#16125 = DIRECTION('',(0.707106781187,0.707106781187,-0.));
#16126 = PLANE('',#16127);
#16127 = AXIS2_PLACEMENT_3D('',#16128,#16129,#16130);
#16128 = CARTESIAN_POINT('',(-2.25,4.25,0.86));
#16129 = DIRECTION('',(-0.707106781187,0.707106781187,0.));
#16130 = DIRECTION('',(-0.707106781187,-0.707106781187,0.));
#16131 = ADVANCED_FACE('NONE',(#16132),#16160,.F.);
#16132 = FACE_BOUND('',#16133,.T.);
#16133 = EDGE_LOOP('NONE',(#16134,#16144,#16153));
#16134 = ORIENTED_EDGE('',*,*,#16135,.T.);
#16135 = EDGE_CURVE('NONE',#16136,#16138,#16140,.T.);
#16136 = VERTEX_POINT('NONE',#16137);
#16137 = CARTESIAN_POINT('',(-2.25,4.65,0.73));
#16138 = VERTEX_POINT('NONE',#16139);
#16139 = CARTESIAN_POINT('',(-2.35,4.75,0.73));
#16140 = LINE('',#16141,#16142);
#16141 = CARTESIAN_POINT('',(-2.35,4.75,0.73));
#16142 = VECTOR('',#16143,1.);
#16143 = DIRECTION('',(-0.707106781187,0.707106781187,-0.));
#16144 = ORIENTED_EDGE('',*,*,#16145,.T.);
#16145 = EDGE_CURVE('NONE',#16138,#16146,#16148,.T.);
#16146 = VERTEX_POINT('NONE',#16147);
#16147 = CARTESIAN_POINT('',(-2.3,4.7,0.793933988701));
#16148 = ( BOUNDED_CURVE() B_SPLINE_CURVE(3,(#16149,#16150,#16151,#16152
),.UNSPECIFIED.,.F.,.F.) B_SPLINE_CURVE_WITH_KNOTS((4,4),(3.642247365994
,3.968345345649),.PIECEWISE_BEZIER_KNOTS.) CURVE()
GEOMETRIC_REPRESENTATION_ITEM() RATIONAL_B_SPLINE_CURVE((1.,
0.991157957161,0.991157957161,1.)) REPRESENTATION_ITEM('') );
#16149 = CARTESIAN_POINT('',(-2.35,4.75,0.73));
#16150 = CARTESIAN_POINT('',(-2.336897950529,4.736897950529,
    0.753945864852));
#16151 = CARTESIAN_POINT('',(-2.320082601828,4.720082601828,
    0.775447311128));
#16152 = CARTESIAN_POINT('',(-2.3,4.7,0.793933988701));
#16153 = ORIENTED_EDGE('',*,*,#16154,.T.);
#16154 = EDGE_CURVE('NONE',#16146,#16136,#16155,.T.);
#16155 = ( BOUNDED_CURVE() B_SPLINE_CURVE(3,(#16156,#16157,#16158,#16159
),.UNSPECIFIED.,.F.,.F.) B_SPLINE_CURVE_WITH_KNOTS((4,4),(5.45643261512,
5.782530594775),.PIECEWISE_BEZIER_KNOTS.) CURVE()
GEOMETRIC_REPRESENTATION_ITEM() RATIONAL_B_SPLINE_CURVE((1.,
0.991157957161,0.991157957161,1.)) REPRESENTATION_ITEM('') );
#16156 = CARTESIAN_POINT('',(-2.3,4.7,0.793933988701));
#16157 = CARTESIAN_POINT('',(-2.279917398172,4.679917398172,
    0.775447311128));
#16158 = CARTESIAN_POINT('',(-2.263102049471,4.663102049471,
    0.753945864852));
#16159 = CARTESIAN_POINT('',(-2.25,4.65,0.73));
#16160 = PLANE('',#16161);
#16161 = AXIS2_PLACEMENT_3D('',#16162,#16163,#16164);
#16162 = CARTESIAN_POINT('',(-2.35,4.75,0.86));
#16163 = DIRECTION('',(-0.707106781187,-0.707106781187,0.));
#16164 = DIRECTION('',(0.707106781187,-0.707106781187,0.));
#16165 = ADVANCED_FACE('NONE',(#16166),#16194,.F.);
#16166 = FACE_BOUND('',#16167,.T.);
#16167 = EDGE_LOOP('NONE',(#16168,#16178,#16187));
#16168 = ORIENTED_EDGE('',*,*,#16169,.T.);
#16169 = EDGE_CURVE('NONE',#16170,#16172,#16174,.T.);
#16170 = VERTEX_POINT('NONE',#16171);
#16171 = CARTESIAN_POINT('',(-4.15,4.75,0.73));
#16172 = VERTEX_POINT('NONE',#16173);
#16173 = CARTESIAN_POINT('',(-4.25,4.65,0.73));
#16174 = LINE('',#16175,#16176);
#16175 = CARTESIAN_POINT('',(-4.25,4.65,0.73));
#16176 = VECTOR('',#16177,1.);
#16177 = DIRECTION('',(-0.707106781187,-0.707106781187,-0.));
#16178 = ORIENTED_EDGE('',*,*,#16179,.T.);
#16179 = EDGE_CURVE('NONE',#16172,#16180,#16182,.T.);
#16180 = VERTEX_POINT('NONE',#16181);
#16181 = CARTESIAN_POINT('',(-4.2,4.7,0.793933988701));
#16182 = ( BOUNDED_CURVE() B_SPLINE_CURVE(3,(#16183,#16184,#16185,#16186
),.UNSPECIFIED.,.F.,.F.) B_SPLINE_CURVE_WITH_KNOTS((4,4),(3.642247365994
,3.968345345649),.PIECEWISE_BEZIER_KNOTS.) CURVE()
GEOMETRIC_REPRESENTATION_ITEM() RATIONAL_B_SPLINE_CURVE((1.,
0.991157957161,0.991157957161,1.)) REPRESENTATION_ITEM('') );
#16183 = CARTESIAN_POINT('',(-4.25,4.65,0.73));
#16184 = CARTESIAN_POINT('',(-4.236897950529,4.663102049471,
    0.753945864852));
#16185 = CARTESIAN_POINT('',(-4.220082601828,4.679917398172,
    0.775447311128));
#16186 = CARTESIAN_POINT('',(-4.2,4.7,0.793933988701));
#16187 = ORIENTED_EDGE('',*,*,#16188,.T.);
#16188 = EDGE_CURVE('NONE',#16180,#16170,#16189,.T.);
#16189 = ( BOUNDED_CURVE() B_SPLINE_CURVE(3,(#16190,#16191,#16192,#16193
),.UNSPECIFIED.,.F.,.F.) B_SPLINE_CURVE_WITH_KNOTS((4,4),(5.45643261512,
5.782530594775),.PIECEWISE_BEZIER_KNOTS.) CURVE()
GEOMETRIC_REPRESENTATION_ITEM() RATIONAL_B_SPLINE_CURVE((1.,
0.991157957161,0.991157957161,1.)) REPRESENTATION_ITEM('') );
#16190 = CARTESIAN_POINT('',(-4.2,4.7,0.793933988701));
#16191 = CARTESIAN_POINT('',(-4.179917398172,4.720082601828,
    0.775447311128));
#16192 = CARTESIAN_POINT('',(-4.163102049471,4.736897950529,
    0.753945864852));
#16193 = CARTESIAN_POINT('',(-4.15,4.75,0.73));
#16194 = PLANE('',#16195);
#16195 = AXIS2_PLACEMENT_3D('',#16196,#16197,#16198);
#16196 = CARTESIAN_POINT('',(-4.25,4.65,0.86));
#16197 = DIRECTION('',(0.707106781187,-0.707106781187,0.));
#16198 = DIRECTION('',(0.707106781187,0.707106781187,0.));
#16199 = ADVANCED_FACE('NONE',(#16200),#16228,.F.);
#16200 = FACE_BOUND('',#16201,.T.);
#16201 = EDGE_LOOP('NONE',(#16202,#16212,#16221));
#16202 = ORIENTED_EDGE('',*,*,#16203,.T.);
#16203 = EDGE_CURVE('NONE',#16204,#16206,#16208,.T.);
#16204 = VERTEX_POINT('NONE',#16205);
#16205 = CARTESIAN_POINT('',(-4.25,4.25,0.73));
#16206 = VERTEX_POINT('NONE',#16207);
#16207 = CARTESIAN_POINT('',(-4.15,4.15,0.73));
#16208 = LINE('',#16209,#16210);
#16209 = CARTESIAN_POINT('',(-4.15,4.15,0.73));
#16210 = VECTOR('',#16211,1.);
#16211 = DIRECTION('',(0.707106781187,-0.707106781187,-0.));
#16212 = ORIENTED_EDGE('',*,*,#16213,.T.);
#16213 = EDGE_CURVE('NONE',#16206,#16214,#16216,.T.);
#16214 = VERTEX_POINT('NONE',#16215);
#16215 = CARTESIAN_POINT('',(-4.2,4.2,0.793933988701));
#16216 = ( BOUNDED_CURVE() B_SPLINE_CURVE(3,(#16217,#16218,#16219,#16220
),.UNSPECIFIED.,.F.,.F.) B_SPLINE_CURVE_WITH_KNOTS((4,4),(3.642247365994
,3.968345345649),.PIECEWISE_BEZIER_KNOTS.) CURVE()
GEOMETRIC_REPRESENTATION_ITEM() RATIONAL_B_SPLINE_CURVE((1.,
0.991157957161,0.991157957161,1.)) REPRESENTATION_ITEM('') );
#16217 = CARTESIAN_POINT('',(-4.15,4.15,0.73));
#16218 = CARTESIAN_POINT('',(-4.163102049471,4.163102049471,
    0.753945864852));
#16219 = CARTESIAN_POINT('',(-4.179917398172,4.179917398172,
    0.775447311128));
#16220 = CARTESIAN_POINT('',(-4.2,4.2,0.793933988701));
#16221 = ORIENTED_EDGE('',*,*,#16222,.T.);
#16222 = EDGE_CURVE('NONE',#16214,#16204,#16223,.T.);
#16223 = ( BOUNDED_CURVE() B_SPLINE_CURVE(3,(#16224,#16225,#16226,#16227
),.UNSPECIFIED.,.F.,.F.) B_SPLINE_CURVE_WITH_KNOTS((4,4),(5.45643261512,
5.782530594775),.PIECEWISE_BEZIER_KNOTS.) CURVE()
GEOMETRIC_REPRESENTATION_ITEM() RATIONAL_B_SPLINE_CURVE((1.,
0.991157957161,0.991157957161,1.)) REPRESENTATION_ITEM('') );
#16224 = CARTESIAN_POINT('',(-4.2,4.2,0.793933988701));
#16225 = CARTESIAN_POINT('',(-4.220082601828,4.220082601828,
    0.775447311128));
#16226 = CARTESIAN_POINT('',(-4.236897950529,4.236897950529,
    0.753945864852));
#16227 = CARTESIAN_POINT('',(-4.25,4.25,0.73));
#16228 = PLANE('',#16229);
#16229 = AXIS2_PLACEMENT_3D('',#16230,#16231,#16232);
#16230 = CARTESIAN_POINT('',(-4.15,4.15,0.86));
#16231 = DIRECTION('',(0.707106781187,0.707106781187,-0.));
#16232 = DIRECTION('',(-0.707106781187,0.707106781187,0.));
#16233 = ADVANCED_FACE('NONE',(#16234),#16268,.F.);
#16234 = FACE_BOUND('',#16235,.T.);
#16235 = EDGE_LOOP('NONE',(#16236,#16246,#16254,#16262));
#16236 = ORIENTED_EDGE('',*,*,#16237,.T.);
#16237 = EDGE_CURVE('NONE',#16238,#16240,#16242,.T.);
#16238 = VERTEX_POINT('NONE',#16239);
#16239 = CARTESIAN_POINT('',(-4.030682878005,4.530682878005,0.86));
#16240 = VERTEX_POINT('NONE',#16241);
#16241 = CARTESIAN_POINT('',(-4.030682878005,4.369317121995,0.86));
#16242 = LINE('',#16243,#16244);
#16243 = CARTESIAN_POINT('',(-4.030682878005,3.25,0.86));
#16244 = VECTOR('',#16245,1.);
#16245 = DIRECTION('',(-0.,-1.,-0.));
#16246 = ORIENTED_EDGE('',*,*,#16247,.T.);
#16247 = EDGE_CURVE('NONE',#16240,#16248,#16250,.T.);
#16248 = VERTEX_POINT('NONE',#16249);
#16249 = CARTESIAN_POINT('',(-2.469317121995,4.369317121995,0.86));
#16250 = LINE('',#16251,#16252);
#16251 = CARTESIAN_POINT('',(-3.25,4.369317121995,0.86));
#16252 = VECTOR('',#16253,1.);
#16253 = DIRECTION('',(1.,-0.,-0.));
#16254 = ORIENTED_EDGE('',*,*,#16255,.T.);
#16255 = EDGE_CURVE('NONE',#16248,#16256,#16258,.T.);
#16256 = VERTEX_POINT('NONE',#16257);
#16257 = CARTESIAN_POINT('',(-2.469317121995,4.530682878005,0.86));
#16258 = LINE('',#16259,#16260);
#16259 = CARTESIAN_POINT('',(-2.469317121995,3.25,0.86));
#16260 = VECTOR('',#16261,1.);
#16261 = DIRECTION('',(-0.,1.,-0.));
#16262 = ORIENTED_EDGE('',*,*,#16263,.T.);
#16263 = EDGE_CURVE('NONE',#16256,#16238,#16264,.T.);
#16264 = LINE('',#16265,#16266);
#16265 = CARTESIAN_POINT('',(-3.25,4.530682878005,0.86));
#16266 = VECTOR('',#16267,1.);
#16267 = DIRECTION('',(-1.,-0.,-0.));
#16268 = PLANE('',#16269);
#16269 = AXIS2_PLACEMENT_3D('',#16270,#16271,#16272);
#16270 = CARTESIAN_POINT('',(-3.25,3.25,0.86));
#16271 = DIRECTION('',(0.,0.,-1.));
#16272 = DIRECTION('',(-1.,0.,0.));
#16273 = ADVANCED_FACE('NONE',(#16274),#16304,.T.);
#16274 = FACE_BOUND('',#16275,.T.);
#16275 = EDGE_LOOP('NONE',(#16276,#16277,#16283,#16284,#16290,#16291,
    #16297,#16298));
#16276 = ORIENTED_EDGE('',*,*,#16121,.F.);
#16277 = ORIENTED_EDGE('',*,*,#16278,.F.);
#16278 = EDGE_CURVE('NONE',#16206,#16113,#16279,.T.);
#16279 = LINE('',#16280,#16281);
#16280 = CARTESIAN_POINT('',(-2.35,4.15,0.73));
#16281 = VECTOR('',#16282,1.);
#16282 = DIRECTION('',(1.,-0.,-0.));
#16283 = ORIENTED_EDGE('',*,*,#16203,.F.);
#16284 = ORIENTED_EDGE('',*,*,#16285,.F.);
#16285 = EDGE_CURVE('NONE',#16172,#16204,#16286,.T.);
#16286 = LINE('',#16287,#16288);
#16287 = CARTESIAN_POINT('',(-4.25,4.25,0.73));
#16288 = VECTOR('',#16289,1.);
#16289 = DIRECTION('',(-0.,-1.,-0.));
#16290 = ORIENTED_EDGE('',*,*,#16169,.F.);
#16291 = ORIENTED_EDGE('',*,*,#16292,.F.);
#16292 = EDGE_CURVE('NONE',#16138,#16170,#16293,.T.);
#16293 = LINE('',#16294,#16295);
#16294 = CARTESIAN_POINT('',(-4.15,4.75,0.73));
#16295 = VECTOR('',#16296,1.);
#16296 = DIRECTION('',(-1.,-0.,-0.));
#16297 = ORIENTED_EDGE('',*,*,#16135,.F.);
#16298 = ORIENTED_EDGE('',*,*,#16299,.F.);
#16299 = EDGE_CURVE('NONE',#16102,#16136,#16300,.T.);
#16300 = LINE('',#16301,#16302);
#16301 = CARTESIAN_POINT('',(-2.25,4.65,0.73));
#16302 = VECTOR('',#16303,1.);
#16303 = DIRECTION('',(-0.,1.,-0.));
#16304 = PLANE('',#16305);
#16305 = AXIS2_PLACEMENT_3D('',#16306,#16307,#16308);
#16306 = CARTESIAN_POINT('',(-3.25,3.25,0.73));
#16307 = DIRECTION('',(0.,0.,-1.));
#16308 = DIRECTION('',(-1.,0.,0.));
#16309 = ADVANCED_FACE('NONE',(#16310),#16330,.T.);
#16310 = FACE_BOUND('',#16311,.T.);
#16311 = EDGE_LOOP('NONE',(#16312,#16313,#16314,#16321,#16322,#16329));
#16312 = ORIENTED_EDGE('',*,*,#16292,.T.);
#16313 = ORIENTED_EDGE('',*,*,#16188,.F.);
#16314 = ORIENTED_EDGE('',*,*,#16315,.F.);
#16315 = EDGE_CURVE('NONE',#16238,#16180,#16316,.T.);
#16316 = ( BOUNDED_CURVE() B_SPLINE_CURVE(3,(#16317,#16318,#16319,#16320
),.UNSPECIFIED.,.F.,.F.) B_SPLINE_CURVE_WITH_KNOTS((4,4),(1.570796326795
,2.31483996153),.PIECEWISE_BEZIER_KNOTS.) CURVE()
GEOMETRIC_REPRESENTATION_ITEM() RATIONAL_B_SPLINE_CURVE((1.,
0.954396213457,0.954396213457,1.)) REPRESENTATION_ITEM('') );
#16317 = CARTESIAN_POINT('',(-4.030682878005,4.530682878005,0.86));
#16318 = CARTESIAN_POINT('',(-4.094161002024,4.594161002024,0.86));
#16319 = CARTESIAN_POINT('',(-4.153296861816,4.653296861816,
    0.836925721775));
#16320 = CARTESIAN_POINT('',(-4.2,4.7,0.793933988701));
#16321 = ORIENTED_EDGE('',*,*,#16263,.F.);
#16322 = ORIENTED_EDGE('',*,*,#16323,.F.);
#16323 = EDGE_CURVE('NONE',#16146,#16256,#16324,.T.);
#16324 = ( BOUNDED_CURVE() B_SPLINE_CURVE(3,(#16325,#16326,#16327,#16328
),.UNSPECIFIED.,.F.,.F.) B_SPLINE_CURVE_WITH_KNOTS((4,4),(3.968345345649
,4.712388980385),.PIECEWISE_BEZIER_KNOTS.) CURVE()
GEOMETRIC_REPRESENTATION_ITEM() RATIONAL_B_SPLINE_CURVE((1.,
0.954396213457,0.954396213457,1.)) REPRESENTATION_ITEM('') );
#16325 = CARTESIAN_POINT('',(-2.3,4.7,0.793933988701));
#16326 = CARTESIAN_POINT('',(-2.346703138184,4.653296861816,
    0.836925721775));
#16327 = CARTESIAN_POINT('',(-2.405838997976,4.594161002024,0.86));
#16328 = CARTESIAN_POINT('',(-2.469317121995,4.530682878005,0.86));
#16329 = ORIENTED_EDGE('',*,*,#16145,.F.);
#16330 = CYLINDRICAL_SURFACE('',#16331,0.25);
#16331 = AXIS2_PLACEMENT_3D('',#16332,#16333,#16334);
#16332 = CARTESIAN_POINT('',(-4.15,4.530682878005,0.61));
#16333 = DIRECTION('',(1.,0.,0.));
#16334 = DIRECTION('',(0.,0.,-1.));
#16335 = ADVANCED_FACE('NONE',(#16336),#16350,.T.);
#16336 = FACE_BOUND('',#16337,.T.);
#16337 = EDGE_LOOP('NONE',(#16338,#16339,#16340,#16347,#16348,#16349));
#16338 = ORIENTED_EDGE('',*,*,#16285,.T.);
#16339 = ORIENTED_EDGE('',*,*,#16222,.F.);
#16340 = ORIENTED_EDGE('',*,*,#16341,.F.);
#16341 = EDGE_CURVE('NONE',#16240,#16214,#16342,.T.);
#16342 = ( BOUNDED_CURVE() B_SPLINE_CURVE(3,(#16343,#16344,#16345,#16346
),.UNSPECIFIED.,.F.,.F.) B_SPLINE_CURVE_WITH_KNOTS((4,4),(1.570796326795
,2.31483996153),.PIECEWISE_BEZIER_KNOTS.) CURVE()
GEOMETRIC_REPRESENTATION_ITEM() RATIONAL_B_SPLINE_CURVE((1.,
0.954396213457,0.954396213457,1.)) REPRESENTATION_ITEM('') );
#16343 = CARTESIAN_POINT('',(-4.030682878005,4.369317121995,0.86));
#16344 = CARTESIAN_POINT('',(-4.094161002024,4.305838997976,0.86));
#16345 = CARTESIAN_POINT('',(-4.153296861816,4.246703138184,
    0.836925721775));
#16346 = CARTESIAN_POINT('',(-4.2,4.2,0.793933988701));
#16347 = ORIENTED_EDGE('',*,*,#16237,.F.);
#16348 = ORIENTED_EDGE('',*,*,#16315,.T.);
#16349 = ORIENTED_EDGE('',*,*,#16179,.F.);
#16350 = CYLINDRICAL_SURFACE('',#16351,0.25);
#16351 = AXIS2_PLACEMENT_3D('',#16352,#16353,#16354);
#16352 = CARTESIAN_POINT('',(-4.030682878005,4.25,0.61));
#16353 = DIRECTION('',(0.,1.,0.));
#16354 = DIRECTION('',(0.,-0.,1.));
#16355 = ADVANCED_FACE('NONE',(#16356),#16370,.T.);
#16356 = FACE_BOUND('',#16357,.T.);
#16357 = EDGE_LOOP('NONE',(#16358,#16359,#16360,#16367,#16368,#16369));
#16358 = ORIENTED_EDGE('',*,*,#16323,.T.);
#16359 = ORIENTED_EDGE('',*,*,#16255,.F.);
#16360 = ORIENTED_EDGE('',*,*,#16361,.F.);
#16361 = EDGE_CURVE('NONE',#16104,#16248,#16362,.T.);
#16362 = ( BOUNDED_CURVE() B_SPLINE_CURVE(3,(#16363,#16364,#16365,#16366
),.UNSPECIFIED.,.F.,.F.) B_SPLINE_CURVE_WITH_KNOTS((4,4),(0.826752692059
,1.570796326795),.PIECEWISE_BEZIER_KNOTS.) CURVE()
GEOMETRIC_REPRESENTATION_ITEM() RATIONAL_B_SPLINE_CURVE((1.,
0.954396213457,0.954396213457,1.)) REPRESENTATION_ITEM('') );
#16363 = CARTESIAN_POINT('',(-2.3,4.2,0.793933988701));
#16364 = CARTESIAN_POINT('',(-2.346703138184,4.246703138184,
    0.836925721775));
#16365 = CARTESIAN_POINT('',(-2.405838997976,4.305838997976,0.86));
#16366 = CARTESIAN_POINT('',(-2.469317121995,4.369317121995,0.86));
#16367 = ORIENTED_EDGE('',*,*,#16101,.F.);
#16368 = ORIENTED_EDGE('',*,*,#16299,.T.);
#16369 = ORIENTED_EDGE('',*,*,#16154,.F.);
#16370 = CYLINDRICAL_SURFACE('',#16371,0.25);
#16371 = AXIS2_PLACEMENT_3D('',#16372,#16373,#16374);
#16372 = CARTESIAN_POINT('',(-2.469317121995,4.65,0.61));
#16373 = DIRECTION('',(0.,-1.,0.));
#16374 = DIRECTION('',(0.,0.,-1.));
#16375 = ADVANCED_FACE('NONE',(#16376),#16384,.T.);
#16376 = FACE_BOUND('',#16377,.T.);
#16377 = EDGE_LOOP('NONE',(#16378,#16379,#16380,#16381,#16382,#16383));
#16378 = ORIENTED_EDGE('',*,*,#16213,.F.);
#16379 = ORIENTED_EDGE('',*,*,#16278,.T.);
#16380 = ORIENTED_EDGE('',*,*,#16112,.F.);
#16381 = ORIENTED_EDGE('',*,*,#16361,.T.);
#16382 = ORIENTED_EDGE('',*,*,#16247,.F.);
#16383 = ORIENTED_EDGE('',*,*,#16341,.T.);
#16384 = CYLINDRICAL_SURFACE('',#16385,0.25);
#16385 = AXIS2_PLACEMENT_3D('',#16386,#16387,#16388);
#16386 = CARTESIAN_POINT('',(-2.35,4.369317121995,0.61));
#16387 = DIRECTION('',(-1.,0.,0.));
#16388 = DIRECTION('',(0.,0.,1.));
#16389 = MANIFOLD_SOLID_BREP('Verrundung10',#16390);
#16390 = CLOSED_SHELL('NONE',(#16391,#16425,#16459,#16493,#16527,#16567,
    #16603,#16629,#16649,#16669));
#16391 = ADVANCED_FACE('NONE',(#16392),#16420,.F.);
#16392 = FACE_BOUND('',#16393,.T.);
#16393 = EDGE_LOOP('NONE',(#16394,#16405,#16414));
#16394 = ORIENTED_EDGE('',*,*,#16395,.T.);
#16395 = EDGE_CURVE('NONE',#16396,#16398,#16400,.T.);
#16396 = VERTEX_POINT('NONE',#16397);
#16397 = CARTESIAN_POINT('',(4.25,4.25,0.73));
#16398 = VERTEX_POINT('NONE',#16399);
#16399 = CARTESIAN_POINT('',(4.2,4.2,0.793933988701));
#16400 = ( BOUNDED_CURVE() B_SPLINE_CURVE(3,(#16401,#16402,#16403,#16404
),.UNSPECIFIED.,.F.,.F.) B_SPLINE_CURVE_WITH_KNOTS((4,4),(3.642247365994
,3.968345345649),.PIECEWISE_BEZIER_KNOTS.) CURVE()
GEOMETRIC_REPRESENTATION_ITEM() RATIONAL_B_SPLINE_CURVE((1.,
0.991157957161,0.991157957161,1.)) REPRESENTATION_ITEM('') );
#16401 = CARTESIAN_POINT('',(4.25,4.25,0.73));
#16402 = CARTESIAN_POINT('',(4.236897950529,4.236897950529,
    0.753945864852));
#16403 = CARTESIAN_POINT('',(4.220082601828,4.220082601828,
    0.775447311128));
#16404 = CARTESIAN_POINT('',(4.2,4.2,0.793933988701));
#16405 = ORIENTED_EDGE('',*,*,#16406,.T.);
#16406 = EDGE_CURVE('NONE',#16398,#16407,#16409,.T.);
#16407 = VERTEX_POINT('NONE',#16408);
#16408 = CARTESIAN_POINT('',(4.15,4.15,0.73));
#16409 = ( BOUNDED_CURVE() B_SPLINE_CURVE(3,(#16410,#16411,#16412,#16413
),.UNSPECIFIED.,.F.,.F.) B_SPLINE_CURVE_WITH_KNOTS((4,4),(5.45643261512,
5.782530594775),.PIECEWISE_BEZIER_KNOTS.) CURVE()
GEOMETRIC_REPRESENTATION_ITEM() RATIONAL_B_SPLINE_CURVE((1.,
0.991157957161,0.991157957161,1.)) REPRESENTATION_ITEM('') );
#16410 = CARTESIAN_POINT('',(4.2,4.2,0.793933988701));
#16411 = CARTESIAN_POINT('',(4.179917398172,4.179917398172,
    0.775447311128));
#16412 = CARTESIAN_POINT('',(4.163102049471,4.163102049471,
    0.753945864852));
#16413 = CARTESIAN_POINT('',(4.15,4.15,0.73));
#16414 = ORIENTED_EDGE('',*,*,#16415,.T.);
#16415 = EDGE_CURVE('NONE',#16407,#16396,#16416,.T.);
#16416 = LINE('',#16417,#16418);
#16417 = CARTESIAN_POINT('',(4.25,4.25,0.73));
#16418 = VECTOR('',#16419,1.);
#16419 = DIRECTION('',(0.707106781187,0.707106781187,-0.));
#16420 = PLANE('',#16421);
#16421 = AXIS2_PLACEMENT_3D('',#16422,#16423,#16424);
#16422 = CARTESIAN_POINT('',(4.25,4.25,0.86));
#16423 = DIRECTION('',(-0.707106781187,0.707106781187,0.));
#16424 = DIRECTION('',(-0.707106781187,-0.707106781187,0.));
#16425 = ADVANCED_FACE('NONE',(#16426),#16454,.F.);
#16426 = FACE_BOUND('',#16427,.T.);
#16427 = EDGE_LOOP('NONE',(#16428,#16438,#16447));
#16428 = ORIENTED_EDGE('',*,*,#16429,.T.);
#16429 = EDGE_CURVE('NONE',#16430,#16432,#16434,.T.);
#16430 = VERTEX_POINT('NONE',#16431);
#16431 = CARTESIAN_POINT('',(4.25,4.65,0.73));
#16432 = VERTEX_POINT('NONE',#16433);
#16433 = CARTESIAN_POINT('',(4.15,4.75,0.73));
#16434 = LINE('',#16435,#16436);
#16435 = CARTESIAN_POINT('',(4.15,4.75,0.73));
#16436 = VECTOR('',#16437,1.);
#16437 = DIRECTION('',(-0.707106781187,0.707106781187,-0.));
#16438 = ORIENTED_EDGE('',*,*,#16439,.T.);
#16439 = EDGE_CURVE('NONE',#16432,#16440,#16442,.T.);
#16440 = VERTEX_POINT('NONE',#16441);
#16441 = CARTESIAN_POINT('',(4.2,4.7,0.793933988701));
#16442 = ( BOUNDED_CURVE() B_SPLINE_CURVE(3,(#16443,#16444,#16445,#16446
),.UNSPECIFIED.,.F.,.F.) B_SPLINE_CURVE_WITH_KNOTS((4,4),(3.642247365994
,3.968345345649),.PIECEWISE_BEZIER_KNOTS.) CURVE()
GEOMETRIC_REPRESENTATION_ITEM() RATIONAL_B_SPLINE_CURVE((1.,
0.991157957161,0.991157957161,1.)) REPRESENTATION_ITEM('') );
#16443 = CARTESIAN_POINT('',(4.15,4.75,0.73));
#16444 = CARTESIAN_POINT('',(4.163102049471,4.736897950529,
    0.753945864852));
#16445 = CARTESIAN_POINT('',(4.179917398172,4.720082601828,
    0.775447311128));
#16446 = CARTESIAN_POINT('',(4.2,4.7,0.793933988701));
#16447 = ORIENTED_EDGE('',*,*,#16448,.T.);
#16448 = EDGE_CURVE('NONE',#16440,#16430,#16449,.T.);
#16449 = ( BOUNDED_CURVE() B_SPLINE_CURVE(3,(#16450,#16451,#16452,#16453
),.UNSPECIFIED.,.F.,.F.) B_SPLINE_CURVE_WITH_KNOTS((4,4),(5.45643261512,
5.782530594775),.PIECEWISE_BEZIER_KNOTS.) CURVE()
GEOMETRIC_REPRESENTATION_ITEM() RATIONAL_B_SPLINE_CURVE((1.,
0.991157957161,0.991157957161,1.)) REPRESENTATION_ITEM('') );
#16450 = CARTESIAN_POINT('',(4.2,4.7,0.793933988701));
#16451 = CARTESIAN_POINT('',(4.220082601828,4.679917398172,
    0.775447311128));
#16452 = CARTESIAN_POINT('',(4.236897950529,4.663102049471,
    0.753945864852));
#16453 = CARTESIAN_POINT('',(4.25,4.65,0.73));
#16454 = PLANE('',#16455);
#16455 = AXIS2_PLACEMENT_3D('',#16456,#16457,#16458);
#16456 = CARTESIAN_POINT('',(4.15,4.75,0.86));
#16457 = DIRECTION('',(-0.707106781187,-0.707106781187,0.));
#16458 = DIRECTION('',(0.707106781187,-0.707106781187,0.));
#16459 = ADVANCED_FACE('NONE',(#16460),#16488,.F.);
#16460 = FACE_BOUND('',#16461,.T.);
#16461 = EDGE_LOOP('NONE',(#16462,#16472,#16481));
#16462 = ORIENTED_EDGE('',*,*,#16463,.T.);
#16463 = EDGE_CURVE('NONE',#16464,#16466,#16468,.T.);
#16464 = VERTEX_POINT('NONE',#16465);
#16465 = CARTESIAN_POINT('',(2.35,4.75,0.73));
#16466 = VERTEX_POINT('NONE',#16467);
#16467 = CARTESIAN_POINT('',(2.25,4.65,0.73));
#16468 = LINE('',#16469,#16470);
#16469 = CARTESIAN_POINT('',(2.25,4.65,0.73));
#16470 = VECTOR('',#16471,1.);
#16471 = DIRECTION('',(-0.707106781187,-0.707106781187,-0.));
#16472 = ORIENTED_EDGE('',*,*,#16473,.T.);
#16473 = EDGE_CURVE('NONE',#16466,#16474,#16476,.T.);
#16474 = VERTEX_POINT('NONE',#16475);
#16475 = CARTESIAN_POINT('',(2.3,4.7,0.793933988701));
#16476 = ( BOUNDED_CURVE() B_SPLINE_CURVE(3,(#16477,#16478,#16479,#16480
),.UNSPECIFIED.,.F.,.F.) B_SPLINE_CURVE_WITH_KNOTS((4,4),(3.642247365994
,3.968345345649),.PIECEWISE_BEZIER_KNOTS.) CURVE()
GEOMETRIC_REPRESENTATION_ITEM() RATIONAL_B_SPLINE_CURVE((1.,
0.991157957161,0.991157957161,1.)) REPRESENTATION_ITEM('') );
#16477 = CARTESIAN_POINT('',(2.25,4.65,0.73));
#16478 = CARTESIAN_POINT('',(2.263102049471,4.663102049471,
    0.753945864852));
#16479 = CARTESIAN_POINT('',(2.279917398172,4.679917398172,
    0.775447311128));
#16480 = CARTESIAN_POINT('',(2.3,4.7,0.793933988701));
#16481 = ORIENTED_EDGE('',*,*,#16482,.T.);
#16482 = EDGE_CURVE('NONE',#16474,#16464,#16483,.T.);
#16483 = ( BOUNDED_CURVE() B_SPLINE_CURVE(3,(#16484,#16485,#16486,#16487
),.UNSPECIFIED.,.F.,.F.) B_SPLINE_CURVE_WITH_KNOTS((4,4),(5.45643261512,
5.782530594775),.PIECEWISE_BEZIER_KNOTS.) CURVE()
GEOMETRIC_REPRESENTATION_ITEM() RATIONAL_B_SPLINE_CURVE((1.,
0.991157957161,0.991157957161,1.)) REPRESENTATION_ITEM('') );
#16484 = CARTESIAN_POINT('',(2.3,4.7,0.793933988701));
#16485 = CARTESIAN_POINT('',(2.320082601828,4.720082601828,
    0.775447311128));
#16486 = CARTESIAN_POINT('',(2.336897950529,4.736897950529,
    0.753945864852));
#16487 = CARTESIAN_POINT('',(2.35,4.75,0.73));
#16488 = PLANE('',#16489);
#16489 = AXIS2_PLACEMENT_3D('',#16490,#16491,#16492);
#16490 = CARTESIAN_POINT('',(2.25,4.65,0.86));
#16491 = DIRECTION('',(0.707106781187,-0.707106781187,0.));
#16492 = DIRECTION('',(0.707106781187,0.707106781187,0.));
#16493 = ADVANCED_FACE('NONE',(#16494),#16522,.F.);
#16494 = FACE_BOUND('',#16495,.T.);
#16495 = EDGE_LOOP('NONE',(#16496,#16506,#16515));
#16496 = ORIENTED_EDGE('',*,*,#16497,.T.);
#16497 = EDGE_CURVE('NONE',#16498,#16500,#16502,.T.);
#16498 = VERTEX_POINT('NONE',#16499);
#16499 = CARTESIAN_POINT('',(2.25,4.25,0.73));
#16500 = VERTEX_POINT('NONE',#16501);
#16501 = CARTESIAN_POINT('',(2.35,4.15,0.73));
#16502 = LINE('',#16503,#16504);
#16503 = CARTESIAN_POINT('',(2.35,4.15,0.73));
#16504 = VECTOR('',#16505,1.);
#16505 = DIRECTION('',(0.707106781187,-0.707106781187,-0.));
#16506 = ORIENTED_EDGE('',*,*,#16507,.T.);
#16507 = EDGE_CURVE('NONE',#16500,#16508,#16510,.T.);
#16508 = VERTEX_POINT('NONE',#16509);
#16509 = CARTESIAN_POINT('',(2.3,4.2,0.793933988701));
#16510 = ( BOUNDED_CURVE() B_SPLINE_CURVE(3,(#16511,#16512,#16513,#16514
),.UNSPECIFIED.,.F.,.F.) B_SPLINE_CURVE_WITH_KNOTS((4,4),(3.642247365994
,3.968345345649),.PIECEWISE_BEZIER_KNOTS.) CURVE()
GEOMETRIC_REPRESENTATION_ITEM() RATIONAL_B_SPLINE_CURVE((1.,
0.991157957161,0.991157957161,1.)) REPRESENTATION_ITEM('') );
#16511 = CARTESIAN_POINT('',(2.35,4.15,0.73));
#16512 = CARTESIAN_POINT('',(2.336897950529,4.163102049471,
    0.753945864852));
#16513 = CARTESIAN_POINT('',(2.320082601828,4.179917398172,
    0.775447311128));
#16514 = CARTESIAN_POINT('',(2.3,4.2,0.793933988701));
#16515 = ORIENTED_EDGE('',*,*,#16516,.T.);
#16516 = EDGE_CURVE('NONE',#16508,#16498,#16517,.T.);
#16517 = ( BOUNDED_CURVE() B_SPLINE_CURVE(3,(#16518,#16519,#16520,#16521
),.UNSPECIFIED.,.F.,.F.) B_SPLINE_CURVE_WITH_KNOTS((4,4),(5.45643261512,
5.782530594775),.PIECEWISE_BEZIER_KNOTS.) CURVE()
GEOMETRIC_REPRESENTATION_ITEM() RATIONAL_B_SPLINE_CURVE((1.,
0.991157957161,0.991157957161,1.)) REPRESENTATION_ITEM('') );
#16518 = CARTESIAN_POINT('',(2.3,4.2,0.793933988701));
#16519 = CARTESIAN_POINT('',(2.279917398172,4.220082601828,
    0.775447311128));
#16520 = CARTESIAN_POINT('',(2.263102049471,4.236897950529,
    0.753945864852));
#16521 = CARTESIAN_POINT('',(2.25,4.25,0.73));
#16522 = PLANE('',#16523);
#16523 = AXIS2_PLACEMENT_3D('',#16524,#16525,#16526);
#16524 = CARTESIAN_POINT('',(2.35,4.15,0.86));
#16525 = DIRECTION('',(0.707106781187,0.707106781187,-0.));
#16526 = DIRECTION('',(-0.707106781187,0.707106781187,0.));
#16527 = ADVANCED_FACE('NONE',(#16528),#16562,.F.);
#16528 = FACE_BOUND('',#16529,.T.);
#16529 = EDGE_LOOP('NONE',(#16530,#16540,#16548,#16556));
#16530 = ORIENTED_EDGE('',*,*,#16531,.T.);
#16531 = EDGE_CURVE('NONE',#16532,#16534,#16536,.T.);
#16532 = VERTEX_POINT('NONE',#16533);
#16533 = CARTESIAN_POINT('',(2.469317121995,4.530682878005,0.86));
#16534 = VERTEX_POINT('NONE',#16535);
#16535 = CARTESIAN_POINT('',(2.469317121995,4.369317121995,0.86));
#16536 = LINE('',#16537,#16538);
#16537 = CARTESIAN_POINT('',(2.469317121995,3.25,0.86));
#16538 = VECTOR('',#16539,1.);
#16539 = DIRECTION('',(-0.,-1.,-0.));
#16540 = ORIENTED_EDGE('',*,*,#16541,.T.);
#16541 = EDGE_CURVE('NONE',#16534,#16542,#16544,.T.);
#16542 = VERTEX_POINT('NONE',#16543);
#16543 = CARTESIAN_POINT('',(4.030682878005,4.369317121995,0.86));
#16544 = LINE('',#16545,#16546);
#16545 = CARTESIAN_POINT('',(3.25,4.369317121995,0.86));
#16546 = VECTOR('',#16547,1.);
#16547 = DIRECTION('',(1.,-0.,-0.));
#16548 = ORIENTED_EDGE('',*,*,#16549,.T.);
#16549 = EDGE_CURVE('NONE',#16542,#16550,#16552,.T.);
#16550 = VERTEX_POINT('NONE',#16551);
#16551 = CARTESIAN_POINT('',(4.030682878005,4.530682878005,0.86));
#16552 = LINE('',#16553,#16554);
#16553 = CARTESIAN_POINT('',(4.030682878005,3.25,0.86));
#16554 = VECTOR('',#16555,1.);
#16555 = DIRECTION('',(-0.,1.,-0.));
#16556 = ORIENTED_EDGE('',*,*,#16557,.T.);
#16557 = EDGE_CURVE('NONE',#16550,#16532,#16558,.T.);
#16558 = LINE('',#16559,#16560);
#16559 = CARTESIAN_POINT('',(3.25,4.530682878005,0.86));
#16560 = VECTOR('',#16561,1.);
#16561 = DIRECTION('',(-1.,-0.,-0.));
#16562 = PLANE('',#16563);
#16563 = AXIS2_PLACEMENT_3D('',#16564,#16565,#16566);
#16564 = CARTESIAN_POINT('',(3.25,3.25,0.86));
#16565 = DIRECTION('',(0.,0.,-1.));
#16566 = DIRECTION('',(-1.,0.,0.));
#16567 = ADVANCED_FACE('NONE',(#16568),#16598,.T.);
#16568 = FACE_BOUND('',#16569,.T.);
#16569 = EDGE_LOOP('NONE',(#16570,#16571,#16577,#16578,#16584,#16585,
    #16591,#16592));
#16570 = ORIENTED_EDGE('',*,*,#16415,.F.);
#16571 = ORIENTED_EDGE('',*,*,#16572,.F.);
#16572 = EDGE_CURVE('NONE',#16500,#16407,#16573,.T.);
#16573 = LINE('',#16574,#16575);
#16574 = CARTESIAN_POINT('',(4.15,4.15,0.73));
#16575 = VECTOR('',#16576,1.);
#16576 = DIRECTION('',(1.,-0.,-0.));
#16577 = ORIENTED_EDGE('',*,*,#16497,.F.);
#16578 = ORIENTED_EDGE('',*,*,#16579,.F.);
#16579 = EDGE_CURVE('NONE',#16466,#16498,#16580,.T.);
#16580 = LINE('',#16581,#16582);
#16581 = CARTESIAN_POINT('',(2.25,4.25,0.73));
#16582 = VECTOR('',#16583,1.);
#16583 = DIRECTION('',(-0.,-1.,-0.));
#16584 = ORIENTED_EDGE('',*,*,#16463,.F.);
#16585 = ORIENTED_EDGE('',*,*,#16586,.F.);
#16586 = EDGE_CURVE('NONE',#16432,#16464,#16587,.T.);
#16587 = LINE('',#16588,#16589);
#16588 = CARTESIAN_POINT('',(2.35,4.75,0.73));
#16589 = VECTOR('',#16590,1.);
#16590 = DIRECTION('',(-1.,-0.,-0.));
#16591 = ORIENTED_EDGE('',*,*,#16429,.F.);
#16592 = ORIENTED_EDGE('',*,*,#16593,.F.);
#16593 = EDGE_CURVE('NONE',#16396,#16430,#16594,.T.);
#16594 = LINE('',#16595,#16596);
#16595 = CARTESIAN_POINT('',(4.25,4.65,0.73));
#16596 = VECTOR('',#16597,1.);
#16597 = DIRECTION('',(-0.,1.,-0.));
#16598 = PLANE('',#16599);
#16599 = AXIS2_PLACEMENT_3D('',#16600,#16601,#16602);
#16600 = CARTESIAN_POINT('',(3.25,3.25,0.73));
#16601 = DIRECTION('',(0.,0.,-1.));
#16602 = DIRECTION('',(-1.,0.,0.));
#16603 = ADVANCED_FACE('NONE',(#16604),#16624,.T.);
#16604 = FACE_BOUND('',#16605,.T.);
#16605 = EDGE_LOOP('NONE',(#16606,#16607,#16608,#16615,#16616,#16623));
#16606 = ORIENTED_EDGE('',*,*,#16586,.T.);
#16607 = ORIENTED_EDGE('',*,*,#16482,.F.);
#16608 = ORIENTED_EDGE('',*,*,#16609,.F.);
#16609 = EDGE_CURVE('NONE',#16532,#16474,#16610,.T.);
#16610 = ( BOUNDED_CURVE() B_SPLINE_CURVE(3,(#16611,#16612,#16613,#16614
),.UNSPECIFIED.,.F.,.F.) B_SPLINE_CURVE_WITH_KNOTS((4,4),(1.570796326795
,2.31483996153),.PIECEWISE_BEZIER_KNOTS.) CURVE()
GEOMETRIC_REPRESENTATION_ITEM() RATIONAL_B_SPLINE_CURVE((1.,
0.954396213457,0.954396213457,1.)) REPRESENTATION_ITEM('') );
#16611 = CARTESIAN_POINT('',(2.469317121995,4.530682878005,0.86));
#16612 = CARTESIAN_POINT('',(2.405838997976,4.594161002024,0.86));
#16613 = CARTESIAN_POINT('',(2.346703138184,4.653296861816,
    0.836925721775));
#16614 = CARTESIAN_POINT('',(2.3,4.7,0.793933988701));
#16615 = ORIENTED_EDGE('',*,*,#16557,.F.);
#16616 = ORIENTED_EDGE('',*,*,#16617,.F.);
#16617 = EDGE_CURVE('NONE',#16440,#16550,#16618,.T.);
#16618 = ( BOUNDED_CURVE() B_SPLINE_CURVE(3,(#16619,#16620,#16621,#16622
),.UNSPECIFIED.,.F.,.F.) B_SPLINE_CURVE_WITH_KNOTS((4,4),(3.968345345649
,4.712388980385),.PIECEWISE_BEZIER_KNOTS.) CURVE()
GEOMETRIC_REPRESENTATION_ITEM() RATIONAL_B_SPLINE_CURVE((1.,
0.954396213457,0.954396213457,1.)) REPRESENTATION_ITEM('') );
#16619 = CARTESIAN_POINT('',(4.2,4.7,0.793933988701));
#16620 = CARTESIAN_POINT('',(4.153296861816,4.653296861816,
    0.836925721775));
#16621 = CARTESIAN_POINT('',(4.094161002024,4.594161002024,0.86));
#16622 = CARTESIAN_POINT('',(4.030682878005,4.530682878005,0.86));
#16623 = ORIENTED_EDGE('',*,*,#16439,.F.);
#16624 = CYLINDRICAL_SURFACE('',#16625,0.25);
#16625 = AXIS2_PLACEMENT_3D('',#16626,#16627,#16628);
#16626 = CARTESIAN_POINT('',(2.35,4.530682878005,0.61));
#16627 = DIRECTION('',(1.,0.,0.));
#16628 = DIRECTION('',(0.,0.,-1.));
#16629 = ADVANCED_FACE('NONE',(#16630),#16644,.T.);
#16630 = FACE_BOUND('',#16631,.T.);
#16631 = EDGE_LOOP('NONE',(#16632,#16633,#16634,#16641,#16642,#16643));
#16632 = ORIENTED_EDGE('',*,*,#16579,.T.);
#16633 = ORIENTED_EDGE('',*,*,#16516,.F.);
#16634 = ORIENTED_EDGE('',*,*,#16635,.F.);
#16635 = EDGE_CURVE('NONE',#16534,#16508,#16636,.T.);
#16636 = ( BOUNDED_CURVE() B_SPLINE_CURVE(3,(#16637,#16638,#16639,#16640
),.UNSPECIFIED.,.F.,.F.) B_SPLINE_CURVE_WITH_KNOTS((4,4),(1.570796326795
,2.31483996153),.PIECEWISE_BEZIER_KNOTS.) CURVE()
GEOMETRIC_REPRESENTATION_ITEM() RATIONAL_B_SPLINE_CURVE((1.,
0.954396213457,0.954396213457,1.)) REPRESENTATION_ITEM('') );
#16637 = CARTESIAN_POINT('',(2.469317121995,4.369317121995,0.86));
#16638 = CARTESIAN_POINT('',(2.405838997976,4.305838997976,0.86));
#16639 = CARTESIAN_POINT('',(2.346703138184,4.246703138184,
    0.836925721775));
#16640 = CARTESIAN_POINT('',(2.3,4.2,0.793933988701));
#16641 = ORIENTED_EDGE('',*,*,#16531,.F.);
#16642 = ORIENTED_EDGE('',*,*,#16609,.T.);
#16643 = ORIENTED_EDGE('',*,*,#16473,.F.);
#16644 = CYLINDRICAL_SURFACE('',#16645,0.25);
#16645 = AXIS2_PLACEMENT_3D('',#16646,#16647,#16648);
#16646 = CARTESIAN_POINT('',(2.469317121995,4.25,0.61));
#16647 = DIRECTION('',(0.,1.,0.));
#16648 = DIRECTION('',(0.,-0.,1.));
#16649 = ADVANCED_FACE('NONE',(#16650),#16664,.T.);
#16650 = FACE_BOUND('',#16651,.T.);
#16651 = EDGE_LOOP('NONE',(#16652,#16653,#16654,#16661,#16662,#16663));
#16652 = ORIENTED_EDGE('',*,*,#16617,.T.);
#16653 = ORIENTED_EDGE('',*,*,#16549,.F.);
#16654 = ORIENTED_EDGE('',*,*,#16655,.F.);
#16655 = EDGE_CURVE('NONE',#16398,#16542,#16656,.T.);
#16656 = ( BOUNDED_CURVE() B_SPLINE_CURVE(3,(#16657,#16658,#16659,#16660
),.UNSPECIFIED.,.F.,.F.) B_SPLINE_CURVE_WITH_KNOTS((4,4),(0.826752692059
,1.570796326795),.PIECEWISE_BEZIER_KNOTS.) CURVE()
GEOMETRIC_REPRESENTATION_ITEM() RATIONAL_B_SPLINE_CURVE((1.,
0.954396213457,0.954396213457,1.)) REPRESENTATION_ITEM('') );
#16657 = CARTESIAN_POINT('',(4.2,4.2,0.793933988701));
#16658 = CARTESIAN_POINT('',(4.153296861816,4.246703138184,
    0.836925721775));
#16659 = CARTESIAN_POINT('',(4.094161002024,4.305838997976,0.86));
#16660 = CARTESIAN_POINT('',(4.030682878005,4.369317121995,0.86));
#16661 = ORIENTED_EDGE('',*,*,#16395,.F.);
#16662 = ORIENTED_EDGE('',*,*,#16593,.T.);
#16663 = ORIENTED_EDGE('',*,*,#16448,.F.);
#16664 = CYLINDRICAL_SURFACE('',#16665,0.25);
#16665 = AXIS2_PLACEMENT_3D('',#16666,#16667,#16668);
#16666 = CARTESIAN_POINT('',(4.030682878005,4.65,0.61));
#16667 = DIRECTION('',(0.,-1.,0.));
#16668 = DIRECTION('',(0.,0.,-1.));
#16669 = ADVANCED_FACE('NONE',(#16670),#16678,.T.);
#16670 = FACE_BOUND('',#16671,.T.);
#16671 = EDGE_LOOP('NONE',(#16672,#16673,#16674,#16675,#16676,#16677));
#16672 = ORIENTED_EDGE('',*,*,#16507,.F.);
#16673 = ORIENTED_EDGE('',*,*,#16572,.T.);
#16674 = ORIENTED_EDGE('',*,*,#16406,.F.);
#16675 = ORIENTED_EDGE('',*,*,#16655,.T.);
#16676 = ORIENTED_EDGE('',*,*,#16541,.F.);
#16677 = ORIENTED_EDGE('',*,*,#16635,.T.);
#16678 = CYLINDRICAL_SURFACE('',#16679,0.25);
#16679 = AXIS2_PLACEMENT_3D('',#16680,#16681,#16682);
#16680 = CARTESIAN_POINT('',(4.15,4.369317121995,0.61));
#16681 = DIRECTION('',(-1.,0.,0.));
#16682 = DIRECTION('',(0.,0.,1.));
#16683 = ( GEOMETRIC_REPRESENTATION_CONTEXT(3)
GLOBAL_UNCERTAINTY_ASSIGNED_CONTEXT((#16687))
GLOBAL_UNIT_ASSIGNED_CONTEXT((#16684,#16685,#16686))
REPRESENTATION_CONTEXT('Context #1',
  '3D Context with UNIT and UNCERTAINTY') );
#16684 = ( LENGTH_UNIT() NAMED_UNIT(*) SI_UNIT(.MILLI.,.METRE.) );
#16685 = ( NAMED_UNIT(*) PLANE_ANGLE_UNIT() SI_UNIT($,.RADIAN.) );
#16686 = ( NAMED_UNIT(*) SI_UNIT($,.STERADIAN.) SOLID_ANGLE_UNIT() );
#16687 = UNCERTAINTY_MEASURE_WITH_UNIT(LENGTH_MEASURE(1.E-07),#16684,
  'distance_accuracy_value','confusion accuracy');
#16688 = CONTEXT_DEPENDENT_SHAPE_REPRESENTATION(#16689,#16691);
#16689 = ( REPRESENTATION_RELATIONSHIP('','',#5075,#32)
REPRESENTATION_RELATIONSHIP_WITH_TRANSFORMATION(#16690)
SHAPE_REPRESENTATION_RELATIONSHIP() );
#16690 = ITEM_DEFINED_TRANSFORMATION('','',#11,#41);
#16691 = PRODUCT_DEFINITION_SHAPE('Placement','Placement of an item',
  #16692);
#16692 = NEXT_ASSEMBLY_USAGE_OCCURRENCE('6','NAUO3','',#27,#5070,$);
#16693 = PRODUCT_RELATED_PRODUCT_CATEGORY('part',$,(#5072));
#16694 = MECHANICAL_DESIGN_GEOMETRIC_PRESENTATION_REPRESENTATION('',(
    #16695,#16705,#16715,#16724,#16733,#16742,#16751,#16760,#16769,
    #16778,#16787,#16796,#16805,#16814,#16823,#16832,#16841,#16850,
    #16859,#16868,#16877,#16886,#16895,#16904,#16913,#16922,#16931,
    #16940,#16949,#16958,#16967,#16976,#16985,#16994,#17003,#17012,
    #17021,#17030,#17039,#17048,#17057,#17066,#17075,#17084,#17093,
    #17102,#17111,#17120,#17129,#17138,#17147,#17156,#17165,#17174,
    #17183,#17192,#17201,#17210,#17219,#17228,#17237,#17246,#17255,
    #17264,#17273,#17282,#17291,#17300,#17309,#17318,#17327,#17336,
    #17345,#17354,#17363,#17372,#17381,#17390,#17399,#17408,#17417,
    #17426,#17435,#17444,#17453,#17462,#17471,#17480,#17489,#17498,
    #17507,#17516,#17525,#17534,#17543,#17552,#17561,#17570,#17579,
    #17588,#17597,#17606,#17615,#17624,#17633,#17642,#17651,#17660,
    #17669,#17678,#17687,#17696,#17705,#17714,#17723,#17732,#17741,
    #17750,#17759,#17768,#17777,#17786,#17795,#17804,#17813,#17822,
    #17831,#17840,#17849,#17858,#17867,#17876,#17885,#17894,#17903,
    #17912,#17921,#17930,#17939,#17948,#17957,#17966,#17975,#17984,
    #17993,#18002,#18011,#18020,#18029,#18038,#18047,#18056,#18065,
    #18074,#18083,#18092,#18101,#18110,#18119,#18128,#18137,#18146,
    #18155,#18164,#18173,#18182,#18191,#18200,#18209,#18218,#18227,
    #18236,#18245,#18254,#18263,#18272,#18281,#18290,#18299,#18308,
    #18317,#18326,#18335,#18344,#18353,#18362,#18371,#18380,#18389,
    #18398,#18407,#18416,#18425,#18434,#18443,#18452,#18461,#18470,
    #18479,#18488,#18497,#18506,#18515,#18524,#18533,#18542,#18551,
    #18560,#18569,#18578,#18587,#18596,#18605,#18614,#18623,#18632,
    #18641,#18650,#18659,#18668,#18677,#18686,#18695,#18704,#18713,
    #18722,#18731,#18740,#18749,#18758,#18767,#18776,#18785,#18794,
    #18803,#18812,#18821,#18830,#18839,#18848,#18857,#18866,#18875,
    #18884,#18893,#18902,#18911,#18920,#18929,#18938,#18947,#18956,
    #18965,#18974,#18983,#18992,#19001,#19010,#19019,#19028,#19037,
    #19046,#19055,#19064,#19073,#19082,#19091,#19100,#19109,#19118,
    #19127,#19136,#19145,#19154,#19163,#19172,#19181,#19190,#19199,
    #19208,#19217,#19226,#19235,#19244,#19253,#19262,#19271,#19280,
    #19289,#19298,#19307,#19317,#19326,#19335,#19344,#19353,#19362,
    #19371,#19380,#19389,#19398,#19407,#19416,#19425,#19434,#19443,
    #19452,#19461,#19470,#19479,#19488,#19497,#19506,#19515,#19524,
    #19533,#19542,#19551,#19560,#19569,#19578,#19587,#19596,#19605,
    #19614,#19623,#19632,#19641,#19650,#19659,#19668,#19677,#19686,
    #19695,#19704,#19713,#19722,#19731,#19740,#19749,#19758,#19767,
    #19776,#19785,#19794,#19803,#19812,#19821,#19830,#19839,#19848,
    #19857,#19866,#19875,#19884),#16683);
#16695 = STYLED_ITEM('color',(#16696),#5076);
#16696 = PRESENTATION_STYLE_ASSIGNMENT((#16697,#16703));
#16697 = SURFACE_STYLE_USAGE(.BOTH.,#16698);
#16698 = SURFACE_SIDE_STYLE('',(#16699));
#16699 = SURFACE_STYLE_FILL_AREA(#16700);
#16700 = FILL_AREA_STYLE('',(#16701));
#16701 = FILL_AREA_STYLE_COLOUR('',#16702);
#16702 = COLOUR_RGB('',0.,0.752941164258,0.);
#16703 = CURVE_STYLE('',#16704,POSITIVE_LENGTH_MEASURE(0.1),#16702);
#16704 = DRAUGHTING_PRE_DEFINED_CURVE_FONT('continuous');
#16705 = OVER_RIDING_STYLED_ITEM('overriding color',(#16706),#5078,
  #16695);
#16706 = PRESENTATION_STYLE_ASSIGNMENT((#16707,#16713));
#16707 = SURFACE_STYLE_USAGE(.BOTH.,#16708);
#16708 = SURFACE_SIDE_STYLE('',(#16709));
#16709 = SURFACE_STYLE_FILL_AREA(#16710);
#16710 = FILL_AREA_STYLE('',(#16711));
#16711 = FILL_AREA_STYLE_COLOUR('',#16712);
#16712 = DRAUGHTING_PRE_DEFINED_COLOUR('yellow');
#16713 = CURVE_STYLE('',#16714,POSITIVE_LENGTH_MEASURE(0.1),#16712);
#16714 = DRAUGHTING_PRE_DEFINED_CURVE_FONT('continuous');
#16715 = OVER_RIDING_STYLED_ITEM('overriding color',(#16716),#5120,
  #16695);
#16716 = PRESENTATION_STYLE_ASSIGNMENT((#16717,#16722));
#16717 = SURFACE_STYLE_USAGE(.BOTH.,#16718);
#16718 = SURFACE_SIDE_STYLE('',(#16719));
#16719 = SURFACE_STYLE_FILL_AREA(#16720);
#16720 = FILL_AREA_STYLE('',(#16721));
#16721 = FILL_AREA_STYLE_COLOUR('',#16712);
#16722 = CURVE_STYLE('',#16723,POSITIVE_LENGTH_MEASURE(0.1),#16712);
#16723 = DRAUGHTING_PRE_DEFINED_CURVE_FONT('continuous');
#16724 = OVER_RIDING_STYLED_ITEM('overriding color',(#16725),#5176,
  #16695);
#16725 = PRESENTATION_STYLE_ASSIGNMENT((#16726,#16731));
#16726 = SURFACE_STYLE_USAGE(.BOTH.,#16727);
#16727 = SURFACE_SIDE_STYLE('',(#16728));
#16728 = SURFACE_STYLE_FILL_AREA(#16729);
#16729 = FILL_AREA_STYLE('',(#16730));
#16730 = FILL_AREA_STYLE_COLOUR('',#16712);
#16731 = CURVE_STYLE('',#16732,POSITIVE_LENGTH_MEASURE(0.1),#16712);
#16732 = DRAUGHTING_PRE_DEFINED_CURVE_FONT('continuous');
#16733 = OVER_RIDING_STYLED_ITEM('overriding color',(#16734),#5239,
  #16695);
#16734 = PRESENTATION_STYLE_ASSIGNMENT((#16735,#16740));
#16735 = SURFACE_STYLE_USAGE(.BOTH.,#16736);
#16736 = SURFACE_SIDE_STYLE('',(#16737));
#16737 = SURFACE_STYLE_FILL_AREA(#16738);
#16738 = FILL_AREA_STYLE('',(#16739));
#16739 = FILL_AREA_STYLE_COLOUR('',#16712);
#16740 = CURVE_STYLE('',#16741,POSITIVE_LENGTH_MEASURE(0.1),#16712);
#16741 = DRAUGHTING_PRE_DEFINED_CURVE_FONT('continuous');
#16742 = OVER_RIDING_STYLED_ITEM('overriding color',(#16743),#5272,
  #16695);
#16743 = PRESENTATION_STYLE_ASSIGNMENT((#16744,#16749));
#16744 = SURFACE_STYLE_USAGE(.BOTH.,#16745);
#16745 = SURFACE_SIDE_STYLE('',(#16746));
#16746 = SURFACE_STYLE_FILL_AREA(#16747);
#16747 = FILL_AREA_STYLE('',(#16748));
#16748 = FILL_AREA_STYLE_COLOUR('',#16712);
#16749 = CURVE_STYLE('',#16750,POSITIVE_LENGTH_MEASURE(0.1),#16712);
#16750 = DRAUGHTING_PRE_DEFINED_CURVE_FONT('continuous');
#16751 = OVER_RIDING_STYLED_ITEM('overriding color',(#16752),#5319,
  #16695);
#16752 = PRESENTATION_STYLE_ASSIGNMENT((#16753,#16758));
#16753 = SURFACE_STYLE_USAGE(.BOTH.,#16754);
#16754 = SURFACE_SIDE_STYLE('',(#16755));
#16755 = SURFACE_STYLE_FILL_AREA(#16756);
#16756 = FILL_AREA_STYLE('',(#16757));
#16757 = FILL_AREA_STYLE_COLOUR('',#16712);
#16758 = CURVE_STYLE('',#16759,POSITIVE_LENGTH_MEASURE(0.1),#16712);
#16759 = DRAUGHTING_PRE_DEFINED_CURVE_FONT('continuous');
#16760 = OVER_RIDING_STYLED_ITEM('overriding color',(#16761),#5343,
  #16695);
#16761 = PRESENTATION_STYLE_ASSIGNMENT((#16762,#16767));
#16762 = SURFACE_STYLE_USAGE(.BOTH.,#16763);
#16763 = SURFACE_SIDE_STYLE('',(#16764));
#16764 = SURFACE_STYLE_FILL_AREA(#16765);
#16765 = FILL_AREA_STYLE('',(#16766));
#16766 = FILL_AREA_STYLE_COLOUR('',#16712);
#16767 = CURVE_STYLE('',#16768,POSITIVE_LENGTH_MEASURE(0.1),#16712);
#16768 = DRAUGHTING_PRE_DEFINED_CURVE_FONT('continuous');
#16769 = OVER_RIDING_STYLED_ITEM('overriding color',(#16770),#5367,
  #16695);
#16770 = PRESENTATION_STYLE_ASSIGNMENT((#16771,#16776));
#16771 = SURFACE_STYLE_USAGE(.BOTH.,#16772);
#16772 = SURFACE_SIDE_STYLE('',(#16773));
#16773 = SURFACE_STYLE_FILL_AREA(#16774);
#16774 = FILL_AREA_STYLE('',(#16775));
#16775 = FILL_AREA_STYLE_COLOUR('',#16712);
#16776 = CURVE_STYLE('',#16777,POSITIVE_LENGTH_MEASURE(0.1),#16712);
#16777 = DRAUGHTING_PRE_DEFINED_CURVE_FONT('continuous');
#16778 = OVER_RIDING_STYLED_ITEM('overriding color',(#16779),#5384,
  #16695);
#16779 = PRESENTATION_STYLE_ASSIGNMENT((#16780,#16785));
#16780 = SURFACE_STYLE_USAGE(.BOTH.,#16781);
#16781 = SURFACE_SIDE_STYLE('',(#16782));
#16782 = SURFACE_STYLE_FILL_AREA(#16783);
#16783 = FILL_AREA_STYLE('',(#16784));
#16784 = FILL_AREA_STYLE_COLOUR('',#16712);
#16785 = CURVE_STYLE('',#16786,POSITIVE_LENGTH_MEASURE(0.1),#16712);
#16786 = DRAUGHTING_PRE_DEFINED_CURVE_FONT('continuous');
#16787 = OVER_RIDING_STYLED_ITEM('overriding color',(#16788),#5398,
  #16695);
#16788 = PRESENTATION_STYLE_ASSIGNMENT((#16789,#16794));
#16789 = SURFACE_STYLE_USAGE(.BOTH.,#16790);
#16790 = SURFACE_SIDE_STYLE('',(#16791));
#16791 = SURFACE_STYLE_FILL_AREA(#16792);
#16792 = FILL_AREA_STYLE('',(#16793));
#16793 = FILL_AREA_STYLE_COLOUR('',#16712);
#16794 = CURVE_STYLE('',#16795,POSITIVE_LENGTH_MEASURE(0.1),#16712);
#16795 = DRAUGHTING_PRE_DEFINED_CURVE_FONT('continuous');
#16796 = OVER_RIDING_STYLED_ITEM('overriding color',(#16797),#5416,
  #16695);
#16797 = PRESENTATION_STYLE_ASSIGNMENT((#16798,#16803));
#16798 = SURFACE_STYLE_USAGE(.BOTH.,#16799);
#16799 = SURFACE_SIDE_STYLE('',(#16800));
#16800 = SURFACE_STYLE_FILL_AREA(#16801);
#16801 = FILL_AREA_STYLE('',(#16802));
#16802 = FILL_AREA_STYLE_COLOUR('',#16712);
#16803 = CURVE_STYLE('',#16804,POSITIVE_LENGTH_MEASURE(0.1),#16712);
#16804 = DRAUGHTING_PRE_DEFINED_CURVE_FONT('continuous');
#16805 = OVER_RIDING_STYLED_ITEM('overriding color',(#16806),#5447,
  #16695);
#16806 = PRESENTATION_STYLE_ASSIGNMENT((#16807,#16812));
#16807 = SURFACE_STYLE_USAGE(.BOTH.,#16808);
#16808 = SURFACE_SIDE_STYLE('',(#16809));
#16809 = SURFACE_STYLE_FILL_AREA(#16810);
#16810 = FILL_AREA_STYLE('',(#16811));
#16811 = FILL_AREA_STYLE_COLOUR('',#16712);
#16812 = CURVE_STYLE('',#16813,POSITIVE_LENGTH_MEASURE(0.1),#16712);
#16813 = DRAUGHTING_PRE_DEFINED_CURVE_FONT('continuous');
#16814 = OVER_RIDING_STYLED_ITEM('overriding color',(#16815),#5478,
  #16695);
#16815 = PRESENTATION_STYLE_ASSIGNMENT((#16816,#16821));
#16816 = SURFACE_STYLE_USAGE(.BOTH.,#16817);
#16817 = SURFACE_SIDE_STYLE('',(#16818));
#16818 = SURFACE_STYLE_FILL_AREA(#16819);
#16819 = FILL_AREA_STYLE('',(#16820));
#16820 = FILL_AREA_STYLE_COLOUR('',#16712);
#16821 = CURVE_STYLE('',#16822,POSITIVE_LENGTH_MEASURE(0.1),#16712);
#16822 = DRAUGHTING_PRE_DEFINED_CURVE_FONT('continuous');
#16823 = OVER_RIDING_STYLED_ITEM('overriding color',(#16824),#5500,
  #16695);
#16824 = PRESENTATION_STYLE_ASSIGNMENT((#16825,#16830));
#16825 = SURFACE_STYLE_USAGE(.BOTH.,#16826);
#16826 = SURFACE_SIDE_STYLE('',(#16827));
#16827 = SURFACE_STYLE_FILL_AREA(#16828);
#16828 = FILL_AREA_STYLE('',(#16829));
#16829 = FILL_AREA_STYLE_COLOUR('',#16712);
#16830 = CURVE_STYLE('',#16831,POSITIVE_LENGTH_MEASURE(0.1),#16712);
#16831 = DRAUGHTING_PRE_DEFINED_CURVE_FONT('continuous');
#16832 = OVER_RIDING_STYLED_ITEM('overriding color',(#16833),#5514,
  #16695);
#16833 = PRESENTATION_STYLE_ASSIGNMENT((#16834,#16839));
#16834 = SURFACE_STYLE_USAGE(.BOTH.,#16835);
#16835 = SURFACE_SIDE_STYLE('',(#16836));
#16836 = SURFACE_STYLE_FILL_AREA(#16837);
#16837 = FILL_AREA_STYLE('',(#16838));
#16838 = FILL_AREA_STYLE_COLOUR('',#16712);
#16839 = CURVE_STYLE('',#16840,POSITIVE_LENGTH_MEASURE(0.1),#16712);
#16840 = DRAUGHTING_PRE_DEFINED_CURVE_FONT('continuous');
#16841 = STYLED_ITEM('color',(#16842),#5529);
#16842 = PRESENTATION_STYLE_ASSIGNMENT((#16843,#16848));
#16843 = SURFACE_STYLE_USAGE(.BOTH.,#16844);
#16844 = SURFACE_SIDE_STYLE('',(#16845));
#16845 = SURFACE_STYLE_FILL_AREA(#16846);
#16846 = FILL_AREA_STYLE('',(#16847));
#16847 = FILL_AREA_STYLE_COLOUR('',#16702);
#16848 = CURVE_STYLE('',#16849,POSITIVE_LENGTH_MEASURE(0.1),#16702);
#16849 = DRAUGHTING_PRE_DEFINED_CURVE_FONT('continuous');
#16850 = OVER_RIDING_STYLED_ITEM('overriding color',(#16851),#5531,
  #16841);
#16851 = PRESENTATION_STYLE_ASSIGNMENT((#16852,#16857));
#16852 = SURFACE_STYLE_USAGE(.BOTH.,#16853);
#16853 = SURFACE_SIDE_STYLE('',(#16854));
#16854 = SURFACE_STYLE_FILL_AREA(#16855);
#16855 = FILL_AREA_STYLE('',(#16856));
#16856 = FILL_AREA_STYLE_COLOUR('',#16712);
#16857 = CURVE_STYLE('',#16858,POSITIVE_LENGTH_MEASURE(0.1),#16712);
#16858 = DRAUGHTING_PRE_DEFINED_CURVE_FONT('continuous');
#16859 = OVER_RIDING_STYLED_ITEM('overriding color',(#16860),#5573,
  #16841);
#16860 = PRESENTATION_STYLE_ASSIGNMENT((#16861,#16866));
#16861 = SURFACE_STYLE_USAGE(.BOTH.,#16862);
#16862 = SURFACE_SIDE_STYLE('',(#16863));
#16863 = SURFACE_STYLE_FILL_AREA(#16864);
#16864 = FILL_AREA_STYLE('',(#16865));
#16865 = FILL_AREA_STYLE_COLOUR('',#16712);
#16866 = CURVE_STYLE('',#16867,POSITIVE_LENGTH_MEASURE(0.1),#16712);
#16867 = DRAUGHTING_PRE_DEFINED_CURVE_FONT('continuous');
#16868 = OVER_RIDING_STYLED_ITEM('overriding color',(#16869),#5613,
  #16841);
#16869 = PRESENTATION_STYLE_ASSIGNMENT((#16870,#16875));
#16870 = SURFACE_STYLE_USAGE(.BOTH.,#16871);
#16871 = SURFACE_SIDE_STYLE('',(#16872));
#16872 = SURFACE_STYLE_FILL_AREA(#16873);
#16873 = FILL_AREA_STYLE('',(#16874));
#16874 = FILL_AREA_STYLE_COLOUR('',#16712);
#16875 = CURVE_STYLE('',#16876,POSITIVE_LENGTH_MEASURE(0.1),#16712);
#16876 = DRAUGHTING_PRE_DEFINED_CURVE_FONT('continuous');
#16877 = OVER_RIDING_STYLED_ITEM('overriding color',(#16878),#5644,
  #16841);
#16878 = PRESENTATION_STYLE_ASSIGNMENT((#16879,#16884));
#16879 = SURFACE_STYLE_USAGE(.BOTH.,#16880);
#16880 = SURFACE_SIDE_STYLE('',(#16881));
#16881 = SURFACE_STYLE_FILL_AREA(#16882);
#16882 = FILL_AREA_STYLE('',(#16883));
#16883 = FILL_AREA_STYLE_COLOUR('',#16712);
#16884 = CURVE_STYLE('',#16885,POSITIVE_LENGTH_MEASURE(0.1),#16712);
#16885 = DRAUGHTING_PRE_DEFINED_CURVE_FONT('continuous');
#16886 = OVER_RIDING_STYLED_ITEM('overriding color',(#16887),#5707,
  #16841);
#16887 = PRESENTATION_STYLE_ASSIGNMENT((#16888,#16893));
#16888 = SURFACE_STYLE_USAGE(.BOTH.,#16889);
#16889 = SURFACE_SIDE_STYLE('',(#16890));
#16890 = SURFACE_STYLE_FILL_AREA(#16891);
#16891 = FILL_AREA_STYLE('',(#16892));
#16892 = FILL_AREA_STYLE_COLOUR('',#16712);
#16893 = CURVE_STYLE('',#16894,POSITIVE_LENGTH_MEASURE(0.1),#16712);
#16894 = DRAUGHTING_PRE_DEFINED_CURVE_FONT('continuous');
#16895 = OVER_RIDING_STYLED_ITEM('overriding color',(#16896),#5731,
  #16841);
#16896 = PRESENTATION_STYLE_ASSIGNMENT((#16897,#16902));
#16897 = SURFACE_STYLE_USAGE(.BOTH.,#16898);
#16898 = SURFACE_SIDE_STYLE('',(#16899));
#16899 = SURFACE_STYLE_FILL_AREA(#16900);
#16900 = FILL_AREA_STYLE('',(#16901));
#16901 = FILL_AREA_STYLE_COLOUR('',#16712);
#16902 = CURVE_STYLE('',#16903,POSITIVE_LENGTH_MEASURE(0.1),#16712);
#16903 = DRAUGHTING_PRE_DEFINED_CURVE_FONT('continuous');
#16904 = OVER_RIDING_STYLED_ITEM('overriding color',(#16905),#5794,
  #16841);
#16905 = PRESENTATION_STYLE_ASSIGNMENT((#16906,#16911));
#16906 = SURFACE_STYLE_USAGE(.BOTH.,#16907);
#16907 = SURFACE_SIDE_STYLE('',(#16908));
#16908 = SURFACE_STYLE_FILL_AREA(#16909);
#16909 = FILL_AREA_STYLE('',(#16910));
#16910 = FILL_AREA_STYLE_COLOUR('',#16712);
#16911 = CURVE_STYLE('',#16912,POSITIVE_LENGTH_MEASURE(0.1),#16712);
#16912 = DRAUGHTING_PRE_DEFINED_CURVE_FONT('continuous');
#16913 = OVER_RIDING_STYLED_ITEM('overriding color',(#16914),#5816,
  #16841);
#16914 = PRESENTATION_STYLE_ASSIGNMENT((#16915,#16920));
#16915 = SURFACE_STYLE_USAGE(.BOTH.,#16916);
#16916 = SURFACE_SIDE_STYLE('',(#16917));
#16917 = SURFACE_STYLE_FILL_AREA(#16918);
#16918 = FILL_AREA_STYLE('',(#16919));
#16919 = FILL_AREA_STYLE_COLOUR('',#16712);
#16920 = CURVE_STYLE('',#16921,POSITIVE_LENGTH_MEASURE(0.1),#16712);
#16921 = DRAUGHTING_PRE_DEFINED_CURVE_FONT('continuous');
#16922 = OVER_RIDING_STYLED_ITEM('overriding color',(#16923),#5831,
  #16841);
#16923 = PRESENTATION_STYLE_ASSIGNMENT((#16924,#16929));
#16924 = SURFACE_STYLE_USAGE(.BOTH.,#16925);
#16925 = SURFACE_SIDE_STYLE('',(#16926));
#16926 = SURFACE_STYLE_FILL_AREA(#16927);
#16927 = FILL_AREA_STYLE('',(#16928));
#16928 = FILL_AREA_STYLE_COLOUR('',#16712);
#16929 = CURVE_STYLE('',#16930,POSITIVE_LENGTH_MEASURE(0.1),#16712);
#16930 = DRAUGHTING_PRE_DEFINED_CURVE_FONT('continuous');
#16931 = OVER_RIDING_STYLED_ITEM('overriding color',(#16932),#5851,
  #16841);
#16932 = PRESENTATION_STYLE_ASSIGNMENT((#16933,#16938));
#16933 = SURFACE_STYLE_USAGE(.BOTH.,#16934);
#16934 = SURFACE_SIDE_STYLE('',(#16935));
#16935 = SURFACE_STYLE_FILL_AREA(#16936);
#16936 = FILL_AREA_STYLE('',(#16937));
#16937 = FILL_AREA_STYLE_COLOUR('',#16712);
#16938 = CURVE_STYLE('',#16939,POSITIVE_LENGTH_MEASURE(0.1),#16712);
#16939 = DRAUGHTING_PRE_DEFINED_CURVE_FONT('continuous');
#16940 = OVER_RIDING_STYLED_ITEM('overriding color',(#16941),#5869,
  #16841);
#16941 = PRESENTATION_STYLE_ASSIGNMENT((#16942,#16947));
#16942 = SURFACE_STYLE_USAGE(.BOTH.,#16943);
#16943 = SURFACE_SIDE_STYLE('',(#16944));
#16944 = SURFACE_STYLE_FILL_AREA(#16945);
#16945 = FILL_AREA_STYLE('',(#16946));
#16946 = FILL_AREA_STYLE_COLOUR('',#16712);
#16947 = CURVE_STYLE('',#16948,POSITIVE_LENGTH_MEASURE(0.1),#16712);
#16948 = DRAUGHTING_PRE_DEFINED_CURVE_FONT('continuous');
#16949 = OVER_RIDING_STYLED_ITEM('overriding color',(#16950),#5902,
  #16841);
#16950 = PRESENTATION_STYLE_ASSIGNMENT((#16951,#16956));
#16951 = SURFACE_STYLE_USAGE(.BOTH.,#16952);
#16952 = SURFACE_SIDE_STYLE('',(#16953));
#16953 = SURFACE_STYLE_FILL_AREA(#16954);
#16954 = FILL_AREA_STYLE('',(#16955));
#16955 = FILL_AREA_STYLE_COLOUR('',#16712);
#16956 = CURVE_STYLE('',#16957,POSITIVE_LENGTH_MEASURE(0.1),#16712);
#16957 = DRAUGHTING_PRE_DEFINED_CURVE_FONT('continuous');
#16958 = OVER_RIDING_STYLED_ITEM('overriding color',(#16959),#5933,
  #16841);
#16959 = PRESENTATION_STYLE_ASSIGNMENT((#16960,#16965));
#16960 = SURFACE_STYLE_USAGE(.BOTH.,#16961);
#16961 = SURFACE_SIDE_STYLE('',(#16962));
#16962 = SURFACE_STYLE_FILL_AREA(#16963);
#16963 = FILL_AREA_STYLE('',(#16964));
#16964 = FILL_AREA_STYLE_COLOUR('',#16712);
#16965 = CURVE_STYLE('',#16966,POSITIVE_LENGTH_MEASURE(0.1),#16712);
#16966 = DRAUGHTING_PRE_DEFINED_CURVE_FONT('continuous');
#16967 = OVER_RIDING_STYLED_ITEM('overriding color',(#16968),#5950,
  #16841);
#16968 = PRESENTATION_STYLE_ASSIGNMENT((#16969,#16974));
#16969 = SURFACE_STYLE_USAGE(.BOTH.,#16970);
#16970 = SURFACE_SIDE_STYLE('',(#16971));
#16971 = SURFACE_STYLE_FILL_AREA(#16972);
#16972 = FILL_AREA_STYLE('',(#16973));
#16973 = FILL_AREA_STYLE_COLOUR('',#16712);
#16974 = CURVE_STYLE('',#16975,POSITIVE_LENGTH_MEASURE(0.1),#16712);
#16975 = DRAUGHTING_PRE_DEFINED_CURVE_FONT('continuous');
#16976 = OVER_RIDING_STYLED_ITEM('overriding color',(#16977),#5967,
  #16841);
#16977 = PRESENTATION_STYLE_ASSIGNMENT((#16978,#16983));
#16978 = SURFACE_STYLE_USAGE(.BOTH.,#16979);
#16979 = SURFACE_SIDE_STYLE('',(#16980));
#16980 = SURFACE_STYLE_FILL_AREA(#16981);
#16981 = FILL_AREA_STYLE('',(#16982));
#16982 = FILL_AREA_STYLE_COLOUR('',#16712);
#16983 = CURVE_STYLE('',#16984,POSITIVE_LENGTH_MEASURE(0.1),#16712);
#16984 = DRAUGHTING_PRE_DEFINED_CURVE_FONT('continuous');
#16985 = STYLED_ITEM('color',(#16986),#5982);
#16986 = PRESENTATION_STYLE_ASSIGNMENT((#16987,#16992));
#16987 = SURFACE_STYLE_USAGE(.BOTH.,#16988);
#16988 = SURFACE_SIDE_STYLE('',(#16989));
#16989 = SURFACE_STYLE_FILL_AREA(#16990);
#16990 = FILL_AREA_STYLE('',(#16991));
#16991 = FILL_AREA_STYLE_COLOUR('',#16702);
#16992 = CURVE_STYLE('',#16993,POSITIVE_LENGTH_MEASURE(0.1),#16702);
#16993 = DRAUGHTING_PRE_DEFINED_CURVE_FONT('continuous');
#16994 = OVER_RIDING_STYLED_ITEM('overriding color',(#16995),#5984,
  #16985);
#16995 = PRESENTATION_STYLE_ASSIGNMENT((#16996,#17001));
#16996 = SURFACE_STYLE_USAGE(.BOTH.,#16997);
#16997 = SURFACE_SIDE_STYLE('',(#16998));
#16998 = SURFACE_STYLE_FILL_AREA(#16999);
#16999 = FILL_AREA_STYLE('',(#17000));
#17000 = FILL_AREA_STYLE_COLOUR('',#16712);
#17001 = CURVE_STYLE('',#17002,POSITIVE_LENGTH_MEASURE(0.1),#16712);
#17002 = DRAUGHTING_PRE_DEFINED_CURVE_FONT('continuous');
#17003 = OVER_RIDING_STYLED_ITEM('overriding color',(#17004),#6026,
  #16985);
#17004 = PRESENTATION_STYLE_ASSIGNMENT((#17005,#17010));
#17005 = SURFACE_STYLE_USAGE(.BOTH.,#17006);
#17006 = SURFACE_SIDE_STYLE('',(#17007));
#17007 = SURFACE_STYLE_FILL_AREA(#17008);
#17008 = FILL_AREA_STYLE('',(#17009));
#17009 = FILL_AREA_STYLE_COLOUR('',#16712);
#17010 = CURVE_STYLE('',#17011,POSITIVE_LENGTH_MEASURE(0.1),#16712);
#17011 = DRAUGHTING_PRE_DEFINED_CURVE_FONT('continuous');
#17012 = OVER_RIDING_STYLED_ITEM('overriding color',(#17013),#6082,
  #16985);
#17013 = PRESENTATION_STYLE_ASSIGNMENT((#17014,#17019));
#17014 = SURFACE_STYLE_USAGE(.BOTH.,#17015);
#17015 = SURFACE_SIDE_STYLE('',(#17016));
#17016 = SURFACE_STYLE_FILL_AREA(#17017);
#17017 = FILL_AREA_STYLE('',(#17018));
#17018 = FILL_AREA_STYLE_COLOUR('',#16712);
#17019 = CURVE_STYLE('',#17020,POSITIVE_LENGTH_MEASURE(0.1),#16712);
#17020 = DRAUGHTING_PRE_DEFINED_CURVE_FONT('continuous');
#17021 = OVER_RIDING_STYLED_ITEM('overriding color',(#17022),#6145,
  #16985);
#17022 = PRESENTATION_STYLE_ASSIGNMENT((#17023,#17028));
#17023 = SURFACE_STYLE_USAGE(.BOTH.,#17024);
#17024 = SURFACE_SIDE_STYLE('',(#17025));
#17025 = SURFACE_STYLE_FILL_AREA(#17026);
#17026 = FILL_AREA_STYLE('',(#17027));
#17027 = FILL_AREA_STYLE_COLOUR('',#16712);
#17028 = CURVE_STYLE('',#17029,POSITIVE_LENGTH_MEASURE(0.1),#16712);
#17029 = DRAUGHTING_PRE_DEFINED_CURVE_FONT('continuous');
#17030 = OVER_RIDING_STYLED_ITEM('overriding color',(#17031),#6178,
  #16985);
#17031 = PRESENTATION_STYLE_ASSIGNMENT((#17032,#17037));
#17032 = SURFACE_STYLE_USAGE(.BOTH.,#17033);
#17033 = SURFACE_SIDE_STYLE('',(#17034));
#17034 = SURFACE_STYLE_FILL_AREA(#17035);
#17035 = FILL_AREA_STYLE('',(#17036));
#17036 = FILL_AREA_STYLE_COLOUR('',#16712);
#17037 = CURVE_STYLE('',#17038,POSITIVE_LENGTH_MEASURE(0.1),#16712);
#17038 = DRAUGHTING_PRE_DEFINED_CURVE_FONT('continuous');
#17039 = OVER_RIDING_STYLED_ITEM('overriding color',(#17040),#6225,
  #16985);
#17040 = PRESENTATION_STYLE_ASSIGNMENT((#17041,#17046));
#17041 = SURFACE_STYLE_USAGE(.BOTH.,#17042);
#17042 = SURFACE_SIDE_STYLE('',(#17043));
#17043 = SURFACE_STYLE_FILL_AREA(#17044);
#17044 = FILL_AREA_STYLE('',(#17045));
#17045 = FILL_AREA_STYLE_COLOUR('',#16712);
#17046 = CURVE_STYLE('',#17047,POSITIVE_LENGTH_MEASURE(0.1),#16712);
#17047 = DRAUGHTING_PRE_DEFINED_CURVE_FONT('continuous');
#17048 = OVER_RIDING_STYLED_ITEM('overriding color',(#17049),#6249,
  #16985);
#17049 = PRESENTATION_STYLE_ASSIGNMENT((#17050,#17055));
#17050 = SURFACE_STYLE_USAGE(.BOTH.,#17051);
#17051 = SURFACE_SIDE_STYLE('',(#17052));
#17052 = SURFACE_STYLE_FILL_AREA(#17053);
#17053 = FILL_AREA_STYLE('',(#17054));
#17054 = FILL_AREA_STYLE_COLOUR('',#16712);
#17055 = CURVE_STYLE('',#17056,POSITIVE_LENGTH_MEASURE(0.1),#16712);
#17056 = DRAUGHTING_PRE_DEFINED_CURVE_FONT('continuous');
#17057 = OVER_RIDING_STYLED_ITEM('overriding color',(#17058),#6273,
  #16985);
#17058 = PRESENTATION_STYLE_ASSIGNMENT((#17059,#17064));
#17059 = SURFACE_STYLE_USAGE(.BOTH.,#17060);
#17060 = SURFACE_SIDE_STYLE('',(#17061));
#17061 = SURFACE_STYLE_FILL_AREA(#17062);
#17062 = FILL_AREA_STYLE('',(#17063));
#17063 = FILL_AREA_STYLE_COLOUR('',#16712);
#17064 = CURVE_STYLE('',#17065,POSITIVE_LENGTH_MEASURE(0.1),#16712);
#17065 = DRAUGHTING_PRE_DEFINED_CURVE_FONT('continuous');
#17066 = OVER_RIDING_STYLED_ITEM('overriding color',(#17067),#6290,
  #16985);
#17067 = PRESENTATION_STYLE_ASSIGNMENT((#17068,#17073));
#17068 = SURFACE_STYLE_USAGE(.BOTH.,#17069);
#17069 = SURFACE_SIDE_STYLE('',(#17070));
#17070 = SURFACE_STYLE_FILL_AREA(#17071);
#17071 = FILL_AREA_STYLE('',(#17072));
#17072 = FILL_AREA_STYLE_COLOUR('',#16712);
#17073 = CURVE_STYLE('',#17074,POSITIVE_LENGTH_MEASURE(0.1),#16712);
#17074 = DRAUGHTING_PRE_DEFINED_CURVE_FONT('continuous');
#17075 = OVER_RIDING_STYLED_ITEM('overriding color',(#17076),#6304,
  #16985);
#17076 = PRESENTATION_STYLE_ASSIGNMENT((#17077,#17082));
#17077 = SURFACE_STYLE_USAGE(.BOTH.,#17078);
#17078 = SURFACE_SIDE_STYLE('',(#17079));
#17079 = SURFACE_STYLE_FILL_AREA(#17080);
#17080 = FILL_AREA_STYLE('',(#17081));
#17081 = FILL_AREA_STYLE_COLOUR('',#16712);
#17082 = CURVE_STYLE('',#17083,POSITIVE_LENGTH_MEASURE(0.1),#16712);
#17083 = DRAUGHTING_PRE_DEFINED_CURVE_FONT('continuous');
#17084 = OVER_RIDING_STYLED_ITEM('overriding color',(#17085),#6322,
  #16985);
#17085 = PRESENTATION_STYLE_ASSIGNMENT((#17086,#17091));
#17086 = SURFACE_STYLE_USAGE(.BOTH.,#17087);
#17087 = SURFACE_SIDE_STYLE('',(#17088));
#17088 = SURFACE_STYLE_FILL_AREA(#17089);
#17089 = FILL_AREA_STYLE('',(#17090));
#17090 = FILL_AREA_STYLE_COLOUR('',#16712);
#17091 = CURVE_STYLE('',#17092,POSITIVE_LENGTH_MEASURE(0.1),#16712);
#17092 = DRAUGHTING_PRE_DEFINED_CURVE_FONT('continuous');
#17093 = OVER_RIDING_STYLED_ITEM('overriding color',(#17094),#6353,
  #16985);
#17094 = PRESENTATION_STYLE_ASSIGNMENT((#17095,#17100));
#17095 = SURFACE_STYLE_USAGE(.BOTH.,#17096);
#17096 = SURFACE_SIDE_STYLE('',(#17097));
#17097 = SURFACE_STYLE_FILL_AREA(#17098);
#17098 = FILL_AREA_STYLE('',(#17099));
#17099 = FILL_AREA_STYLE_COLOUR('',#16712);
#17100 = CURVE_STYLE('',#17101,POSITIVE_LENGTH_MEASURE(0.1),#16712);
#17101 = DRAUGHTING_PRE_DEFINED_CURVE_FONT('continuous');
#17102 = OVER_RIDING_STYLED_ITEM('overriding color',(#17103),#6384,
  #16985);
#17103 = PRESENTATION_STYLE_ASSIGNMENT((#17104,#17109));
#17104 = SURFACE_STYLE_USAGE(.BOTH.,#17105);
#17105 = SURFACE_SIDE_STYLE('',(#17106));
#17106 = SURFACE_STYLE_FILL_AREA(#17107);
#17107 = FILL_AREA_STYLE('',(#17108));
#17108 = FILL_AREA_STYLE_COLOUR('',#16712);
#17109 = CURVE_STYLE('',#17110,POSITIVE_LENGTH_MEASURE(0.1),#16712);
#17110 = DRAUGHTING_PRE_DEFINED_CURVE_FONT('continuous');
#17111 = OVER_RIDING_STYLED_ITEM('overriding color',(#17112),#6406,
  #16985);
#17112 = PRESENTATION_STYLE_ASSIGNMENT((#17113,#17118));
#17113 = SURFACE_STYLE_USAGE(.BOTH.,#17114);
#17114 = SURFACE_SIDE_STYLE('',(#17115));
#17115 = SURFACE_STYLE_FILL_AREA(#17116);
#17116 = FILL_AREA_STYLE('',(#17117));
#17117 = FILL_AREA_STYLE_COLOUR('',#16712);
#17118 = CURVE_STYLE('',#17119,POSITIVE_LENGTH_MEASURE(0.1),#16712);
#17119 = DRAUGHTING_PRE_DEFINED_CURVE_FONT('continuous');
#17120 = OVER_RIDING_STYLED_ITEM('overriding color',(#17121),#6420,
  #16985);
#17121 = PRESENTATION_STYLE_ASSIGNMENT((#17122,#17127));
#17122 = SURFACE_STYLE_USAGE(.BOTH.,#17123);
#17123 = SURFACE_SIDE_STYLE('',(#17124));
#17124 = SURFACE_STYLE_FILL_AREA(#17125);
#17125 = FILL_AREA_STYLE('',(#17126));
#17126 = FILL_AREA_STYLE_COLOUR('',#16712);
#17127 = CURVE_STYLE('',#17128,POSITIVE_LENGTH_MEASURE(0.1),#16712);
#17128 = DRAUGHTING_PRE_DEFINED_CURVE_FONT('continuous');
#17129 = STYLED_ITEM('color',(#17130),#6435);
#17130 = PRESENTATION_STYLE_ASSIGNMENT((#17131,#17136));
#17131 = SURFACE_STYLE_USAGE(.BOTH.,#17132);
#17132 = SURFACE_SIDE_STYLE('',(#17133));
#17133 = SURFACE_STYLE_FILL_AREA(#17134);
#17134 = FILL_AREA_STYLE('',(#17135));
#17135 = FILL_AREA_STYLE_COLOUR('',#16702);
#17136 = CURVE_STYLE('',#17137,POSITIVE_LENGTH_MEASURE(0.1),#16702);
#17137 = DRAUGHTING_PRE_DEFINED_CURVE_FONT('continuous');
#17138 = OVER_RIDING_STYLED_ITEM('overriding color',(#17139),#6437,
  #17129);
#17139 = PRESENTATION_STYLE_ASSIGNMENT((#17140,#17145));
#17140 = SURFACE_STYLE_USAGE(.BOTH.,#17141);
#17141 = SURFACE_SIDE_STYLE('',(#17142));
#17142 = SURFACE_STYLE_FILL_AREA(#17143);
#17143 = FILL_AREA_STYLE('',(#17144));
#17144 = FILL_AREA_STYLE_COLOUR('',#16712);
#17145 = CURVE_STYLE('',#17146,POSITIVE_LENGTH_MEASURE(0.1),#16712);
#17146 = DRAUGHTING_PRE_DEFINED_CURVE_FONT('continuous');
#17147 = OVER_RIDING_STYLED_ITEM('overriding color',(#17148),#6479,
  #17129);
#17148 = PRESENTATION_STYLE_ASSIGNMENT((#17149,#17154));
#17149 = SURFACE_STYLE_USAGE(.BOTH.,#17150);
#17150 = SURFACE_SIDE_STYLE('',(#17151));
#17151 = SURFACE_STYLE_FILL_AREA(#17152);
#17152 = FILL_AREA_STYLE('',(#17153));
#17153 = FILL_AREA_STYLE_COLOUR('',#16712);
#17154 = CURVE_STYLE('',#17155,POSITIVE_LENGTH_MEASURE(0.1),#16712);
#17155 = DRAUGHTING_PRE_DEFINED_CURVE_FONT('continuous');
#17156 = OVER_RIDING_STYLED_ITEM('overriding color',(#17157),#6519,
  #17129);
#17157 = PRESENTATION_STYLE_ASSIGNMENT((#17158,#17163));
#17158 = SURFACE_STYLE_USAGE(.BOTH.,#17159);
#17159 = SURFACE_SIDE_STYLE('',(#17160));
#17160 = SURFACE_STYLE_FILL_AREA(#17161);
#17161 = FILL_AREA_STYLE('',(#17162));
#17162 = FILL_AREA_STYLE_COLOUR('',#16712);
#17163 = CURVE_STYLE('',#17164,POSITIVE_LENGTH_MEASURE(0.1),#16712);
#17164 = DRAUGHTING_PRE_DEFINED_CURVE_FONT('continuous');
#17165 = OVER_RIDING_STYLED_ITEM('overriding color',(#17166),#6550,
  #17129);
#17166 = PRESENTATION_STYLE_ASSIGNMENT((#17167,#17172));
#17167 = SURFACE_STYLE_USAGE(.BOTH.,#17168);
#17168 = SURFACE_SIDE_STYLE('',(#17169));
#17169 = SURFACE_STYLE_FILL_AREA(#17170);
#17170 = FILL_AREA_STYLE('',(#17171));
#17171 = FILL_AREA_STYLE_COLOUR('',#16712);
#17172 = CURVE_STYLE('',#17173,POSITIVE_LENGTH_MEASURE(0.1),#16712);
#17173 = DRAUGHTING_PRE_DEFINED_CURVE_FONT('continuous');
#17174 = OVER_RIDING_STYLED_ITEM('overriding color',(#17175),#6613,
  #17129);
#17175 = PRESENTATION_STYLE_ASSIGNMENT((#17176,#17181));
#17176 = SURFACE_STYLE_USAGE(.BOTH.,#17177);
#17177 = SURFACE_SIDE_STYLE('',(#17178));
#17178 = SURFACE_STYLE_FILL_AREA(#17179);
#17179 = FILL_AREA_STYLE('',(#17180));
#17180 = FILL_AREA_STYLE_COLOUR('',#16712);
#17181 = CURVE_STYLE('',#17182,POSITIVE_LENGTH_MEASURE(0.1),#16712);
#17182 = DRAUGHTING_PRE_DEFINED_CURVE_FONT('continuous');
#17183 = OVER_RIDING_STYLED_ITEM('overriding color',(#17184),#6637,
  #17129);
#17184 = PRESENTATION_STYLE_ASSIGNMENT((#17185,#17190));
#17185 = SURFACE_STYLE_USAGE(.BOTH.,#17186);
#17186 = SURFACE_SIDE_STYLE('',(#17187));
#17187 = SURFACE_STYLE_FILL_AREA(#17188);
#17188 = FILL_AREA_STYLE('',(#17189));
#17189 = FILL_AREA_STYLE_COLOUR('',#16712);
#17190 = CURVE_STYLE('',#17191,POSITIVE_LENGTH_MEASURE(0.1),#16712);
#17191 = DRAUGHTING_PRE_DEFINED_CURVE_FONT('continuous');
#17192 = OVER_RIDING_STYLED_ITEM('overriding color',(#17193),#6700,
  #17129);
#17193 = PRESENTATION_STYLE_ASSIGNMENT((#17194,#17199));
#17194 = SURFACE_STYLE_USAGE(.BOTH.,#17195);
#17195 = SURFACE_SIDE_STYLE('',(#17196));
#17196 = SURFACE_STYLE_FILL_AREA(#17197);
#17197 = FILL_AREA_STYLE('',(#17198));
#17198 = FILL_AREA_STYLE_COLOUR('',#16712);
#17199 = CURVE_STYLE('',#17200,POSITIVE_LENGTH_MEASURE(0.1),#16712);
#17200 = DRAUGHTING_PRE_DEFINED_CURVE_FONT('continuous');
#17201 = OVER_RIDING_STYLED_ITEM('overriding color',(#17202),#6722,
  #17129);
#17202 = PRESENTATION_STYLE_ASSIGNMENT((#17203,#17208));
#17203 = SURFACE_STYLE_USAGE(.BOTH.,#17204);
#17204 = SURFACE_SIDE_STYLE('',(#17205));
#17205 = SURFACE_STYLE_FILL_AREA(#17206);
#17206 = FILL_AREA_STYLE('',(#17207));
#17207 = FILL_AREA_STYLE_COLOUR('',#16712);
#17208 = CURVE_STYLE('',#17209,POSITIVE_LENGTH_MEASURE(0.1),#16712);
#17209 = DRAUGHTING_PRE_DEFINED_CURVE_FONT('continuous');
#17210 = OVER_RIDING_STYLED_ITEM('overriding color',(#17211),#6737,
  #17129);
#17211 = PRESENTATION_STYLE_ASSIGNMENT((#17212,#17217));
#17212 = SURFACE_STYLE_USAGE(.BOTH.,#17213);
#17213 = SURFACE_SIDE_STYLE('',(#17214));
#17214 = SURFACE_STYLE_FILL_AREA(#17215);
#17215 = FILL_AREA_STYLE('',(#17216));
#17216 = FILL_AREA_STYLE_COLOUR('',#16712);
#17217 = CURVE_STYLE('',#17218,POSITIVE_LENGTH_MEASURE(0.1),#16712);
#17218 = DRAUGHTING_PRE_DEFINED_CURVE_FONT('continuous');
#17219 = OVER_RIDING_STYLED_ITEM('overriding color',(#17220),#6757,
  #17129);
#17220 = PRESENTATION_STYLE_ASSIGNMENT((#17221,#17226));
#17221 = SURFACE_STYLE_USAGE(.BOTH.,#17222);
#17222 = SURFACE_SIDE_STYLE('',(#17223));
#17223 = SURFACE_STYLE_FILL_AREA(#17224);
#17224 = FILL_AREA_STYLE('',(#17225));
#17225 = FILL_AREA_STYLE_COLOUR('',#16712);
#17226 = CURVE_STYLE('',#17227,POSITIVE_LENGTH_MEASURE(0.1),#16712);
#17227 = DRAUGHTING_PRE_DEFINED_CURVE_FONT('continuous');
#17228 = OVER_RIDING_STYLED_ITEM('overriding color',(#17229),#6775,
  #17129);
#17229 = PRESENTATION_STYLE_ASSIGNMENT((#17230,#17235));
#17230 = SURFACE_STYLE_USAGE(.BOTH.,#17231);
#17231 = SURFACE_SIDE_STYLE('',(#17232));
#17232 = SURFACE_STYLE_FILL_AREA(#17233);
#17233 = FILL_AREA_STYLE('',(#17234));
#17234 = FILL_AREA_STYLE_COLOUR('',#16712);
#17235 = CURVE_STYLE('',#17236,POSITIVE_LENGTH_MEASURE(0.1),#16712);
#17236 = DRAUGHTING_PRE_DEFINED_CURVE_FONT('continuous');
#17237 = OVER_RIDING_STYLED_ITEM('overriding color',(#17238),#6808,
  #17129);
#17238 = PRESENTATION_STYLE_ASSIGNMENT((#17239,#17244));
#17239 = SURFACE_STYLE_USAGE(.BOTH.,#17240);
#17240 = SURFACE_SIDE_STYLE('',(#17241));
#17241 = SURFACE_STYLE_FILL_AREA(#17242);
#17242 = FILL_AREA_STYLE('',(#17243));
#17243 = FILL_AREA_STYLE_COLOUR('',#16712);
#17244 = CURVE_STYLE('',#17245,POSITIVE_LENGTH_MEASURE(0.1),#16712);
#17245 = DRAUGHTING_PRE_DEFINED_CURVE_FONT('continuous');
#17246 = OVER_RIDING_STYLED_ITEM('overriding color',(#17247),#6839,
  #17129);
#17247 = PRESENTATION_STYLE_ASSIGNMENT((#17248,#17253));
#17248 = SURFACE_STYLE_USAGE(.BOTH.,#17249);
#17249 = SURFACE_SIDE_STYLE('',(#17250));
#17250 = SURFACE_STYLE_FILL_AREA(#17251);
#17251 = FILL_AREA_STYLE('',(#17252));
#17252 = FILL_AREA_STYLE_COLOUR('',#16712);
#17253 = CURVE_STYLE('',#17254,POSITIVE_LENGTH_MEASURE(0.1),#16712);
#17254 = DRAUGHTING_PRE_DEFINED_CURVE_FONT('continuous');
#17255 = OVER_RIDING_STYLED_ITEM('overriding color',(#17256),#6856,
  #17129);
#17256 = PRESENTATION_STYLE_ASSIGNMENT((#17257,#17262));
#17257 = SURFACE_STYLE_USAGE(.BOTH.,#17258);
#17258 = SURFACE_SIDE_STYLE('',(#17259));
#17259 = SURFACE_STYLE_FILL_AREA(#17260);
#17260 = FILL_AREA_STYLE('',(#17261));
#17261 = FILL_AREA_STYLE_COLOUR('',#16712);
#17262 = CURVE_STYLE('',#17263,POSITIVE_LENGTH_MEASURE(0.1),#16712);
#17263 = DRAUGHTING_PRE_DEFINED_CURVE_FONT('continuous');
#17264 = OVER_RIDING_STYLED_ITEM('overriding color',(#17265),#6873,
  #17129);
#17265 = PRESENTATION_STYLE_ASSIGNMENT((#17266,#17271));
#17266 = SURFACE_STYLE_USAGE(.BOTH.,#17267);
#17267 = SURFACE_SIDE_STYLE('',(#17268));
#17268 = SURFACE_STYLE_FILL_AREA(#17269);
#17269 = FILL_AREA_STYLE('',(#17270));
#17270 = FILL_AREA_STYLE_COLOUR('',#16712);
#17271 = CURVE_STYLE('',#17272,POSITIVE_LENGTH_MEASURE(0.1),#16712);
#17272 = DRAUGHTING_PRE_DEFINED_CURVE_FONT('continuous');
#17273 = STYLED_ITEM('color',(#17274),#6888);
#17274 = PRESENTATION_STYLE_ASSIGNMENT((#17275,#17280));
#17275 = SURFACE_STYLE_USAGE(.BOTH.,#17276);
#17276 = SURFACE_SIDE_STYLE('',(#17277));
#17277 = SURFACE_STYLE_FILL_AREA(#17278);
#17278 = FILL_AREA_STYLE('',(#17279));
#17279 = FILL_AREA_STYLE_COLOUR('',#16702);
#17280 = CURVE_STYLE('',#17281,POSITIVE_LENGTH_MEASURE(0.1),#16702);
#17281 = DRAUGHTING_PRE_DEFINED_CURVE_FONT('continuous');
#17282 = OVER_RIDING_STYLED_ITEM('overriding color',(#17283),#6890,
  #17273);
#17283 = PRESENTATION_STYLE_ASSIGNMENT((#17284,#17289));
#17284 = SURFACE_STYLE_USAGE(.BOTH.,#17285);
#17285 = SURFACE_SIDE_STYLE('',(#17286));
#17286 = SURFACE_STYLE_FILL_AREA(#17287);
#17287 = FILL_AREA_STYLE('',(#17288));
#17288 = FILL_AREA_STYLE_COLOUR('',#16712);
#17289 = CURVE_STYLE('',#17290,POSITIVE_LENGTH_MEASURE(0.1),#16712);
#17290 = DRAUGHTING_PRE_DEFINED_CURVE_FONT('continuous');
#17291 = OVER_RIDING_STYLED_ITEM('overriding color',(#17292),#6932,
  #17273);
#17292 = PRESENTATION_STYLE_ASSIGNMENT((#17293,#17298));
#17293 = SURFACE_STYLE_USAGE(.BOTH.,#17294);
#17294 = SURFACE_SIDE_STYLE('',(#17295));
#17295 = SURFACE_STYLE_FILL_AREA(#17296);
#17296 = FILL_AREA_STYLE('',(#17297));
#17297 = FILL_AREA_STYLE_COLOUR('',#16712);
#17298 = CURVE_STYLE('',#17299,POSITIVE_LENGTH_MEASURE(0.1),#16712);
#17299 = DRAUGHTING_PRE_DEFINED_CURVE_FONT('continuous');
#17300 = OVER_RIDING_STYLED_ITEM('overriding color',(#17301),#6988,
  #17273);
#17301 = PRESENTATION_STYLE_ASSIGNMENT((#17302,#17307));
#17302 = SURFACE_STYLE_USAGE(.BOTH.,#17303);
#17303 = SURFACE_SIDE_STYLE('',(#17304));
#17304 = SURFACE_STYLE_FILL_AREA(#17305);
#17305 = FILL_AREA_STYLE('',(#17306));
#17306 = FILL_AREA_STYLE_COLOUR('',#16712);
#17307 = CURVE_STYLE('',#17308,POSITIVE_LENGTH_MEASURE(0.1),#16712);
#17308 = DRAUGHTING_PRE_DEFINED_CURVE_FONT('continuous');
#17309 = OVER_RIDING_STYLED_ITEM('overriding color',(#17310),#7019,
  #17273);
#17310 = PRESENTATION_STYLE_ASSIGNMENT((#17311,#17316));
#17311 = SURFACE_STYLE_USAGE(.BOTH.,#17312);
#17312 = SURFACE_SIDE_STYLE('',(#17313));
#17313 = SURFACE_STYLE_FILL_AREA(#17314);
#17314 = FILL_AREA_STYLE('',(#17315));
#17315 = FILL_AREA_STYLE_COLOUR('',#16712);
#17316 = CURVE_STYLE('',#17317,POSITIVE_LENGTH_MEASURE(0.1),#16712);
#17317 = DRAUGHTING_PRE_DEFINED_CURVE_FONT('continuous');
#17318 = OVER_RIDING_STYLED_ITEM('overriding color',(#17319),#7043,
  #17273);
#17319 = PRESENTATION_STYLE_ASSIGNMENT((#17320,#17325));
#17320 = SURFACE_STYLE_USAGE(.BOTH.,#17321);
#17321 = SURFACE_SIDE_STYLE('',(#17322));
#17322 = SURFACE_STYLE_FILL_AREA(#17323);
#17323 = FILL_AREA_STYLE('',(#17324));
#17324 = FILL_AREA_STYLE_COLOUR('',#16712);
#17325 = CURVE_STYLE('',#17326,POSITIVE_LENGTH_MEASURE(0.1),#16712);
#17326 = DRAUGHTING_PRE_DEFINED_CURVE_FONT('continuous');
#17327 = OVER_RIDING_STYLED_ITEM('overriding color',(#17328),#7099,
  #17273);
#17328 = PRESENTATION_STYLE_ASSIGNMENT((#17329,#17334));
#17329 = SURFACE_STYLE_USAGE(.BOTH.,#17330);
#17330 = SURFACE_SIDE_STYLE('',(#17331));
#17331 = SURFACE_STYLE_FILL_AREA(#17332);
#17332 = FILL_AREA_STYLE('',(#17333));
#17333 = FILL_AREA_STYLE_COLOUR('',#16712);
#17334 = CURVE_STYLE('',#17335,POSITIVE_LENGTH_MEASURE(0.1),#16712);
#17335 = DRAUGHTING_PRE_DEFINED_CURVE_FONT('continuous');
#17336 = OVER_RIDING_STYLED_ITEM('overriding color',(#17337),#7132,
  #17273);
#17337 = PRESENTATION_STYLE_ASSIGNMENT((#17338,#17343));
#17338 = SURFACE_STYLE_USAGE(.BOTH.,#17339);
#17339 = SURFACE_SIDE_STYLE('',(#17340));
#17340 = SURFACE_STYLE_FILL_AREA(#17341);
#17341 = FILL_AREA_STYLE('',(#17342));
#17342 = FILL_AREA_STYLE_COLOUR('',#16712);
#17343 = CURVE_STYLE('',#17344,POSITIVE_LENGTH_MEASURE(0.1),#16712);
#17344 = DRAUGHTING_PRE_DEFINED_CURVE_FONT('continuous');
#17345 = OVER_RIDING_STYLED_ITEM('overriding color',(#17346),#7179,
  #17273);
#17346 = PRESENTATION_STYLE_ASSIGNMENT((#17347,#17352));
#17347 = SURFACE_STYLE_USAGE(.BOTH.,#17348);
#17348 = SURFACE_SIDE_STYLE('',(#17349));
#17349 = SURFACE_STYLE_FILL_AREA(#17350);
#17350 = FILL_AREA_STYLE('',(#17351));
#17351 = FILL_AREA_STYLE_COLOUR('',#16712);
#17352 = CURVE_STYLE('',#17353,POSITIVE_LENGTH_MEASURE(0.1),#16712);
#17353 = DRAUGHTING_PRE_DEFINED_CURVE_FONT('continuous');
#17354 = OVER_RIDING_STYLED_ITEM('overriding color',(#17355),#7196,
  #17273);
#17355 = PRESENTATION_STYLE_ASSIGNMENT((#17356,#17361));
#17356 = SURFACE_STYLE_USAGE(.BOTH.,#17357);
#17357 = SURFACE_SIDE_STYLE('',(#17358));
#17358 = SURFACE_STYLE_FILL_AREA(#17359);
#17359 = FILL_AREA_STYLE('',(#17360));
#17360 = FILL_AREA_STYLE_COLOUR('',#16712);
#17361 = CURVE_STYLE('',#17362,POSITIVE_LENGTH_MEASURE(0.1),#16712);
#17362 = DRAUGHTING_PRE_DEFINED_CURVE_FONT('continuous');
#17363 = OVER_RIDING_STYLED_ITEM('overriding color',(#17364),#7210,
  #17273);
#17364 = PRESENTATION_STYLE_ASSIGNMENT((#17365,#17370));
#17365 = SURFACE_STYLE_USAGE(.BOTH.,#17366);
#17366 = SURFACE_SIDE_STYLE('',(#17367));
#17367 = SURFACE_STYLE_FILL_AREA(#17368);
#17368 = FILL_AREA_STYLE('',(#17369));
#17369 = FILL_AREA_STYLE_COLOUR('',#16712);
#17370 = CURVE_STYLE('',#17371,POSITIVE_LENGTH_MEASURE(0.1),#16712);
#17371 = DRAUGHTING_PRE_DEFINED_CURVE_FONT('continuous');
#17372 = OVER_RIDING_STYLED_ITEM('overriding color',(#17373),#7228,
  #17273);
#17373 = PRESENTATION_STYLE_ASSIGNMENT((#17374,#17379));
#17374 = SURFACE_STYLE_USAGE(.BOTH.,#17375);
#17375 = SURFACE_SIDE_STYLE('',(#17376));
#17376 = SURFACE_STYLE_FILL_AREA(#17377);
#17377 = FILL_AREA_STYLE('',(#17378));
#17378 = FILL_AREA_STYLE_COLOUR('',#16712);
#17379 = CURVE_STYLE('',#17380,POSITIVE_LENGTH_MEASURE(0.1),#16712);
#17380 = DRAUGHTING_PRE_DEFINED_CURVE_FONT('continuous');
#17381 = OVER_RIDING_STYLED_ITEM('overriding color',(#17382),#7259,
  #17273);
#17382 = PRESENTATION_STYLE_ASSIGNMENT((#17383,#17388));
#17383 = SURFACE_STYLE_USAGE(.BOTH.,#17384);
#17384 = SURFACE_SIDE_STYLE('',(#17385));
#17385 = SURFACE_STYLE_FILL_AREA(#17386);
#17386 = FILL_AREA_STYLE('',(#17387));
#17387 = FILL_AREA_STYLE_COLOUR('',#16712);
#17388 = CURVE_STYLE('',#17389,POSITIVE_LENGTH_MEASURE(0.1),#16712);
#17389 = DRAUGHTING_PRE_DEFINED_CURVE_FONT('continuous');
#17390 = OVER_RIDING_STYLED_ITEM('overriding color',(#17391),#7290,
  #17273);
#17391 = PRESENTATION_STYLE_ASSIGNMENT((#17392,#17397));
#17392 = SURFACE_STYLE_USAGE(.BOTH.,#17393);
#17393 = SURFACE_SIDE_STYLE('',(#17394));
#17394 = SURFACE_STYLE_FILL_AREA(#17395);
#17395 = FILL_AREA_STYLE('',(#17396));
#17396 = FILL_AREA_STYLE_COLOUR('',#16712);
#17397 = CURVE_STYLE('',#17398,POSITIVE_LENGTH_MEASURE(0.1),#16712);
#17398 = DRAUGHTING_PRE_DEFINED_CURVE_FONT('continuous');
#17399 = OVER_RIDING_STYLED_ITEM('overriding color',(#17400),#7312,
  #17273);
#17400 = PRESENTATION_STYLE_ASSIGNMENT((#17401,#17406));
#17401 = SURFACE_STYLE_USAGE(.BOTH.,#17402);
#17402 = SURFACE_SIDE_STYLE('',(#17403));
#17403 = SURFACE_STYLE_FILL_AREA(#17404);
#17404 = FILL_AREA_STYLE('',(#17405));
#17405 = FILL_AREA_STYLE_COLOUR('',#16712);
#17406 = CURVE_STYLE('',#17407,POSITIVE_LENGTH_MEASURE(0.1),#16712);
#17407 = DRAUGHTING_PRE_DEFINED_CURVE_FONT('continuous');
#17408 = OVER_RIDING_STYLED_ITEM('overriding color',(#17409),#7326,
  #17273);
#17409 = PRESENTATION_STYLE_ASSIGNMENT((#17410,#17415));
#17410 = SURFACE_STYLE_USAGE(.BOTH.,#17411);
#17411 = SURFACE_SIDE_STYLE('',(#17412));
#17412 = SURFACE_STYLE_FILL_AREA(#17413);
#17413 = FILL_AREA_STYLE('',(#17414));
#17414 = FILL_AREA_STYLE_COLOUR('',#16712);
#17415 = CURVE_STYLE('',#17416,POSITIVE_LENGTH_MEASURE(0.1),#16712);
#17416 = DRAUGHTING_PRE_DEFINED_CURVE_FONT('continuous');
#17417 = STYLED_ITEM('color',(#17418),#7341);
#17418 = PRESENTATION_STYLE_ASSIGNMENT((#17419,#17424));
#17419 = SURFACE_STYLE_USAGE(.BOTH.,#17420);
#17420 = SURFACE_SIDE_STYLE('',(#17421));
#17421 = SURFACE_STYLE_FILL_AREA(#17422);
#17422 = FILL_AREA_STYLE('',(#17423));
#17423 = FILL_AREA_STYLE_COLOUR('',#16702);
#17424 = CURVE_STYLE('',#17425,POSITIVE_LENGTH_MEASURE(0.1),#16702);
#17425 = DRAUGHTING_PRE_DEFINED_CURVE_FONT('continuous');
#17426 = OVER_RIDING_STYLED_ITEM('overriding color',(#17427),#7343,
  #17417);
#17427 = PRESENTATION_STYLE_ASSIGNMENT((#17428,#17433));
#17428 = SURFACE_STYLE_USAGE(.BOTH.,#17429);
#17429 = SURFACE_SIDE_STYLE('',(#17430));
#17430 = SURFACE_STYLE_FILL_AREA(#17431);
#17431 = FILL_AREA_STYLE('',(#17432));
#17432 = FILL_AREA_STYLE_COLOUR('',#16712);
#17433 = CURVE_STYLE('',#17434,POSITIVE_LENGTH_MEASURE(0.1),#16712);
#17434 = DRAUGHTING_PRE_DEFINED_CURVE_FONT('continuous');
#17435 = OVER_RIDING_STYLED_ITEM('overriding color',(#17436),#7385,
  #17417);
#17436 = PRESENTATION_STYLE_ASSIGNMENT((#17437,#17442));
#17437 = SURFACE_STYLE_USAGE(.BOTH.,#17438);
#17438 = SURFACE_SIDE_STYLE('',(#17439));
#17439 = SURFACE_STYLE_FILL_AREA(#17440);
#17440 = FILL_AREA_STYLE('',(#17441));
#17441 = FILL_AREA_STYLE_COLOUR('',#16712);
#17442 = CURVE_STYLE('',#17443,POSITIVE_LENGTH_MEASURE(0.1),#16712);
#17443 = DRAUGHTING_PRE_DEFINED_CURVE_FONT('continuous');
#17444 = OVER_RIDING_STYLED_ITEM('overriding color',(#17445),#7425,
  #17417);
#17445 = PRESENTATION_STYLE_ASSIGNMENT((#17446,#17451));
#17446 = SURFACE_STYLE_USAGE(.BOTH.,#17447);
#17447 = SURFACE_SIDE_STYLE('',(#17448));
#17448 = SURFACE_STYLE_FILL_AREA(#17449);
#17449 = FILL_AREA_STYLE('',(#17450));
#17450 = FILL_AREA_STYLE_COLOUR('',#16712);
#17451 = CURVE_STYLE('',#17452,POSITIVE_LENGTH_MEASURE(0.1),#16712);
#17452 = DRAUGHTING_PRE_DEFINED_CURVE_FONT('continuous');
#17453 = OVER_RIDING_STYLED_ITEM('overriding color',(#17454),#7456,
  #17417);
#17454 = PRESENTATION_STYLE_ASSIGNMENT((#17455,#17460));
#17455 = SURFACE_STYLE_USAGE(.BOTH.,#17456);
#17456 = SURFACE_SIDE_STYLE('',(#17457));
#17457 = SURFACE_STYLE_FILL_AREA(#17458);
#17458 = FILL_AREA_STYLE('',(#17459));
#17459 = FILL_AREA_STYLE_COLOUR('',#16712);
#17460 = CURVE_STYLE('',#17461,POSITIVE_LENGTH_MEASURE(0.1),#16712);
#17461 = DRAUGHTING_PRE_DEFINED_CURVE_FONT('continuous');
#17462 = OVER_RIDING_STYLED_ITEM('overriding color',(#17463),#7519,
  #17417);
#17463 = PRESENTATION_STYLE_ASSIGNMENT((#17464,#17469));
#17464 = SURFACE_STYLE_USAGE(.BOTH.,#17465);
#17465 = SURFACE_SIDE_STYLE('',(#17466));
#17466 = SURFACE_STYLE_FILL_AREA(#17467);
#17467 = FILL_AREA_STYLE('',(#17468));
#17468 = FILL_AREA_STYLE_COLOUR('',#16712);
#17469 = CURVE_STYLE('',#17470,POSITIVE_LENGTH_MEASURE(0.1),#16712);
#17470 = DRAUGHTING_PRE_DEFINED_CURVE_FONT('continuous');
#17471 = OVER_RIDING_STYLED_ITEM('overriding color',(#17472),#7543,
  #17417);
#17472 = PRESENTATION_STYLE_ASSIGNMENT((#17473,#17478));
#17473 = SURFACE_STYLE_USAGE(.BOTH.,#17474);
#17474 = SURFACE_SIDE_STYLE('',(#17475));
#17475 = SURFACE_STYLE_FILL_AREA(#17476);
#17476 = FILL_AREA_STYLE('',(#17477));
#17477 = FILL_AREA_STYLE_COLOUR('',#16712);
#17478 = CURVE_STYLE('',#17479,POSITIVE_LENGTH_MEASURE(0.1),#16712);
#17479 = DRAUGHTING_PRE_DEFINED_CURVE_FONT('continuous');
#17480 = OVER_RIDING_STYLED_ITEM('overriding color',(#17481),#7606,
  #17417);
#17481 = PRESENTATION_STYLE_ASSIGNMENT((#17482,#17487));
#17482 = SURFACE_STYLE_USAGE(.BOTH.,#17483);
#17483 = SURFACE_SIDE_STYLE('',(#17484));
#17484 = SURFACE_STYLE_FILL_AREA(#17485);
#17485 = FILL_AREA_STYLE('',(#17486));
#17486 = FILL_AREA_STYLE_COLOUR('',#16712);
#17487 = CURVE_STYLE('',#17488,POSITIVE_LENGTH_MEASURE(0.1),#16712);
#17488 = DRAUGHTING_PRE_DEFINED_CURVE_FONT('continuous');
#17489 = OVER_RIDING_STYLED_ITEM('overriding color',(#17490),#7628,
  #17417);
#17490 = PRESENTATION_STYLE_ASSIGNMENT((#17491,#17496));
#17491 = SURFACE_STYLE_USAGE(.BOTH.,#17492);
#17492 = SURFACE_SIDE_STYLE('',(#17493));
#17493 = SURFACE_STYLE_FILL_AREA(#17494);
#17494 = FILL_AREA_STYLE('',(#17495));
#17495 = FILL_AREA_STYLE_COLOUR('',#16712);
#17496 = CURVE_STYLE('',#17497,POSITIVE_LENGTH_MEASURE(0.1),#16712);
#17497 = DRAUGHTING_PRE_DEFINED_CURVE_FONT('continuous');
#17498 = OVER_RIDING_STYLED_ITEM('overriding color',(#17499),#7643,
  #17417);
#17499 = PRESENTATION_STYLE_ASSIGNMENT((#17500,#17505));
#17500 = SURFACE_STYLE_USAGE(.BOTH.,#17501);
#17501 = SURFACE_SIDE_STYLE('',(#17502));
#17502 = SURFACE_STYLE_FILL_AREA(#17503);
#17503 = FILL_AREA_STYLE('',(#17504));
#17504 = FILL_AREA_STYLE_COLOUR('',#16712);
#17505 = CURVE_STYLE('',#17506,POSITIVE_LENGTH_MEASURE(0.1),#16712);
#17506 = DRAUGHTING_PRE_DEFINED_CURVE_FONT('continuous');
#17507 = OVER_RIDING_STYLED_ITEM('overriding color',(#17508),#7663,
  #17417);
#17508 = PRESENTATION_STYLE_ASSIGNMENT((#17509,#17514));
#17509 = SURFACE_STYLE_USAGE(.BOTH.,#17510);
#17510 = SURFACE_SIDE_STYLE('',(#17511));
#17511 = SURFACE_STYLE_FILL_AREA(#17512);
#17512 = FILL_AREA_STYLE('',(#17513));
#17513 = FILL_AREA_STYLE_COLOUR('',#16712);
#17514 = CURVE_STYLE('',#17515,POSITIVE_LENGTH_MEASURE(0.1),#16712);
#17515 = DRAUGHTING_PRE_DEFINED_CURVE_FONT('continuous');
#17516 = OVER_RIDING_STYLED_ITEM('overriding color',(#17517),#7681,
  #17417);
#17517 = PRESENTATION_STYLE_ASSIGNMENT((#17518,#17523));
#17518 = SURFACE_STYLE_USAGE(.BOTH.,#17519);
#17519 = SURFACE_SIDE_STYLE('',(#17520));
#17520 = SURFACE_STYLE_FILL_AREA(#17521);
#17521 = FILL_AREA_STYLE('',(#17522));
#17522 = FILL_AREA_STYLE_COLOUR('',#16712);
#17523 = CURVE_STYLE('',#17524,POSITIVE_LENGTH_MEASURE(0.1),#16712);
#17524 = DRAUGHTING_PRE_DEFINED_CURVE_FONT('continuous');
#17525 = OVER_RIDING_STYLED_ITEM('overriding color',(#17526),#7714,
  #17417);
#17526 = PRESENTATION_STYLE_ASSIGNMENT((#17527,#17532));
#17527 = SURFACE_STYLE_USAGE(.BOTH.,#17528);
#17528 = SURFACE_SIDE_STYLE('',(#17529));
#17529 = SURFACE_STYLE_FILL_AREA(#17530);
#17530 = FILL_AREA_STYLE('',(#17531));
#17531 = FILL_AREA_STYLE_COLOUR('',#16712);
#17532 = CURVE_STYLE('',#17533,POSITIVE_LENGTH_MEASURE(0.1),#16712);
#17533 = DRAUGHTING_PRE_DEFINED_CURVE_FONT('continuous');
#17534 = OVER_RIDING_STYLED_ITEM('overriding color',(#17535),#7745,
  #17417);
#17535 = PRESENTATION_STYLE_ASSIGNMENT((#17536,#17541));
#17536 = SURFACE_STYLE_USAGE(.BOTH.,#17537);
#17537 = SURFACE_SIDE_STYLE('',(#17538));
#17538 = SURFACE_STYLE_FILL_AREA(#17539);
#17539 = FILL_AREA_STYLE('',(#17540));
#17540 = FILL_AREA_STYLE_COLOUR('',#16712);
#17541 = CURVE_STYLE('',#17542,POSITIVE_LENGTH_MEASURE(0.1),#16712);
#17542 = DRAUGHTING_PRE_DEFINED_CURVE_FONT('continuous');
#17543 = OVER_RIDING_STYLED_ITEM('overriding color',(#17544),#7762,
  #17417);
#17544 = PRESENTATION_STYLE_ASSIGNMENT((#17545,#17550));
#17545 = SURFACE_STYLE_USAGE(.BOTH.,#17546);
#17546 = SURFACE_SIDE_STYLE('',(#17547));
#17547 = SURFACE_STYLE_FILL_AREA(#17548);
#17548 = FILL_AREA_STYLE('',(#17549));
#17549 = FILL_AREA_STYLE_COLOUR('',#16712);
#17550 = CURVE_STYLE('',#17551,POSITIVE_LENGTH_MEASURE(0.1),#16712);
#17551 = DRAUGHTING_PRE_DEFINED_CURVE_FONT('continuous');
#17552 = OVER_RIDING_STYLED_ITEM('overriding color',(#17553),#7779,
  #17417);
#17553 = PRESENTATION_STYLE_ASSIGNMENT((#17554,#17559));
#17554 = SURFACE_STYLE_USAGE(.BOTH.,#17555);
#17555 = SURFACE_SIDE_STYLE('',(#17556));
#17556 = SURFACE_STYLE_FILL_AREA(#17557);
#17557 = FILL_AREA_STYLE('',(#17558));
#17558 = FILL_AREA_STYLE_COLOUR('',#16712);
#17559 = CURVE_STYLE('',#17560,POSITIVE_LENGTH_MEASURE(0.1),#16712);
#17560 = DRAUGHTING_PRE_DEFINED_CURVE_FONT('continuous');
#17561 = STYLED_ITEM('color',(#17562),#7794);
#17562 = PRESENTATION_STYLE_ASSIGNMENT((#17563,#17568));
#17563 = SURFACE_STYLE_USAGE(.BOTH.,#17564);
#17564 = SURFACE_SIDE_STYLE('',(#17565));
#17565 = SURFACE_STYLE_FILL_AREA(#17566);
#17566 = FILL_AREA_STYLE('',(#17567));
#17567 = FILL_AREA_STYLE_COLOUR('',#16702);
#17568 = CURVE_STYLE('',#17569,POSITIVE_LENGTH_MEASURE(0.1),#16702);
#17569 = DRAUGHTING_PRE_DEFINED_CURVE_FONT('continuous');
#17570 = OVER_RIDING_STYLED_ITEM('overriding color',(#17571),#7796,
  #17561);
#17571 = PRESENTATION_STYLE_ASSIGNMENT((#17572,#17577));
#17572 = SURFACE_STYLE_USAGE(.BOTH.,#17573);
#17573 = SURFACE_SIDE_STYLE('',(#17574));
#17574 = SURFACE_STYLE_FILL_AREA(#17575);
#17575 = FILL_AREA_STYLE('',(#17576));
#17576 = FILL_AREA_STYLE_COLOUR('',#16712);
#17577 = CURVE_STYLE('',#17578,POSITIVE_LENGTH_MEASURE(0.1),#16712);
#17578 = DRAUGHTING_PRE_DEFINED_CURVE_FONT('continuous');
#17579 = OVER_RIDING_STYLED_ITEM('overriding color',(#17580),#7838,
  #17561);
#17580 = PRESENTATION_STYLE_ASSIGNMENT((#17581,#17586));
#17581 = SURFACE_STYLE_USAGE(.BOTH.,#17582);
#17582 = SURFACE_SIDE_STYLE('',(#17583));
#17583 = SURFACE_STYLE_FILL_AREA(#17584);
#17584 = FILL_AREA_STYLE('',(#17585));
#17585 = FILL_AREA_STYLE_COLOUR('',#16712);
#17586 = CURVE_STYLE('',#17587,POSITIVE_LENGTH_MEASURE(0.1),#16712);
#17587 = DRAUGHTING_PRE_DEFINED_CURVE_FONT('continuous');
#17588 = OVER_RIDING_STYLED_ITEM('overriding color',(#17589),#7878,
  #17561);
#17589 = PRESENTATION_STYLE_ASSIGNMENT((#17590,#17595));
#17590 = SURFACE_STYLE_USAGE(.BOTH.,#17591);
#17591 = SURFACE_SIDE_STYLE('',(#17592));
#17592 = SURFACE_STYLE_FILL_AREA(#17593);
#17593 = FILL_AREA_STYLE('',(#17594));
#17594 = FILL_AREA_STYLE_COLOUR('',#16712);
#17595 = CURVE_STYLE('',#17596,POSITIVE_LENGTH_MEASURE(0.1),#16712);
#17596 = DRAUGHTING_PRE_DEFINED_CURVE_FONT('continuous');
#17597 = OVER_RIDING_STYLED_ITEM('overriding color',(#17598),#7909,
  #17561);
#17598 = PRESENTATION_STYLE_ASSIGNMENT((#17599,#17604));
#17599 = SURFACE_STYLE_USAGE(.BOTH.,#17600);
#17600 = SURFACE_SIDE_STYLE('',(#17601));
#17601 = SURFACE_STYLE_FILL_AREA(#17602);
#17602 = FILL_AREA_STYLE('',(#17603));
#17603 = FILL_AREA_STYLE_COLOUR('',#16712);
#17604 = CURVE_STYLE('',#17605,POSITIVE_LENGTH_MEASURE(0.1),#16712);
#17605 = DRAUGHTING_PRE_DEFINED_CURVE_FONT('continuous');
#17606 = OVER_RIDING_STYLED_ITEM('overriding color',(#17607),#7972,
  #17561);
#17607 = PRESENTATION_STYLE_ASSIGNMENT((#17608,#17613));
#17608 = SURFACE_STYLE_USAGE(.BOTH.,#17609);
#17609 = SURFACE_SIDE_STYLE('',(#17610));
#17610 = SURFACE_STYLE_FILL_AREA(#17611);
#17611 = FILL_AREA_STYLE('',(#17612));
#17612 = FILL_AREA_STYLE_COLOUR('',#16712);
#17613 = CURVE_STYLE('',#17614,POSITIVE_LENGTH_MEASURE(0.1),#16712);
#17614 = DRAUGHTING_PRE_DEFINED_CURVE_FONT('continuous');
#17615 = OVER_RIDING_STYLED_ITEM('overriding color',(#17616),#7996,
  #17561);
#17616 = PRESENTATION_STYLE_ASSIGNMENT((#17617,#17622));
#17617 = SURFACE_STYLE_USAGE(.BOTH.,#17618);
#17618 = SURFACE_SIDE_STYLE('',(#17619));
#17619 = SURFACE_STYLE_FILL_AREA(#17620);
#17620 = FILL_AREA_STYLE('',(#17621));
#17621 = FILL_AREA_STYLE_COLOUR('',#16712);
#17622 = CURVE_STYLE('',#17623,POSITIVE_LENGTH_MEASURE(0.1),#16712);
#17623 = DRAUGHTING_PRE_DEFINED_CURVE_FONT('continuous');
#17624 = OVER_RIDING_STYLED_ITEM('overriding color',(#17625),#8059,
  #17561);
#17625 = PRESENTATION_STYLE_ASSIGNMENT((#17626,#17631));
#17626 = SURFACE_STYLE_USAGE(.BOTH.,#17627);
#17627 = SURFACE_SIDE_STYLE('',(#17628));
#17628 = SURFACE_STYLE_FILL_AREA(#17629);
#17629 = FILL_AREA_STYLE('',(#17630));
#17630 = FILL_AREA_STYLE_COLOUR('',#16712);
#17631 = CURVE_STYLE('',#17632,POSITIVE_LENGTH_MEASURE(0.1),#16712);
#17632 = DRAUGHTING_PRE_DEFINED_CURVE_FONT('continuous');
#17633 = OVER_RIDING_STYLED_ITEM('overriding color',(#17634),#8081,
  #17561);
#17634 = PRESENTATION_STYLE_ASSIGNMENT((#17635,#17640));
#17635 = SURFACE_STYLE_USAGE(.BOTH.,#17636);
#17636 = SURFACE_SIDE_STYLE('',(#17637));
#17637 = SURFACE_STYLE_FILL_AREA(#17638);
#17638 = FILL_AREA_STYLE('',(#17639));
#17639 = FILL_AREA_STYLE_COLOUR('',#16712);
#17640 = CURVE_STYLE('',#17641,POSITIVE_LENGTH_MEASURE(0.1),#16712);
#17641 = DRAUGHTING_PRE_DEFINED_CURVE_FONT('continuous');
#17642 = OVER_RIDING_STYLED_ITEM('overriding color',(#17643),#8096,
  #17561);
#17643 = PRESENTATION_STYLE_ASSIGNMENT((#17644,#17649));
#17644 = SURFACE_STYLE_USAGE(.BOTH.,#17645);
#17645 = SURFACE_SIDE_STYLE('',(#17646));
#17646 = SURFACE_STYLE_FILL_AREA(#17647);
#17647 = FILL_AREA_STYLE('',(#17648));
#17648 = FILL_AREA_STYLE_COLOUR('',#16712);
#17649 = CURVE_STYLE('',#17650,POSITIVE_LENGTH_MEASURE(0.1),#16712);
#17650 = DRAUGHTING_PRE_DEFINED_CURVE_FONT('continuous');
#17651 = OVER_RIDING_STYLED_ITEM('overriding color',(#17652),#8116,
  #17561);
#17652 = PRESENTATION_STYLE_ASSIGNMENT((#17653,#17658));
#17653 = SURFACE_STYLE_USAGE(.BOTH.,#17654);
#17654 = SURFACE_SIDE_STYLE('',(#17655));
#17655 = SURFACE_STYLE_FILL_AREA(#17656);
#17656 = FILL_AREA_STYLE('',(#17657));
#17657 = FILL_AREA_STYLE_COLOUR('',#16712);
#17658 = CURVE_STYLE('',#17659,POSITIVE_LENGTH_MEASURE(0.1),#16712);
#17659 = DRAUGHTING_PRE_DEFINED_CURVE_FONT('continuous');
#17660 = OVER_RIDING_STYLED_ITEM('overriding color',(#17661),#8134,
  #17561);
#17661 = PRESENTATION_STYLE_ASSIGNMENT((#17662,#17667));
#17662 = SURFACE_STYLE_USAGE(.BOTH.,#17663);
#17663 = SURFACE_SIDE_STYLE('',(#17664));
#17664 = SURFACE_STYLE_FILL_AREA(#17665);
#17665 = FILL_AREA_STYLE('',(#17666));
#17666 = FILL_AREA_STYLE_COLOUR('',#16712);
#17667 = CURVE_STYLE('',#17668,POSITIVE_LENGTH_MEASURE(0.1),#16712);
#17668 = DRAUGHTING_PRE_DEFINED_CURVE_FONT('continuous');
#17669 = OVER_RIDING_STYLED_ITEM('overriding color',(#17670),#8167,
  #17561);
#17670 = PRESENTATION_STYLE_ASSIGNMENT((#17671,#17676));
#17671 = SURFACE_STYLE_USAGE(.BOTH.,#17672);
#17672 = SURFACE_SIDE_STYLE('',(#17673));
#17673 = SURFACE_STYLE_FILL_AREA(#17674);
#17674 = FILL_AREA_STYLE('',(#17675));
#17675 = FILL_AREA_STYLE_COLOUR('',#16712);
#17676 = CURVE_STYLE('',#17677,POSITIVE_LENGTH_MEASURE(0.1),#16712);
#17677 = DRAUGHTING_PRE_DEFINED_CURVE_FONT('continuous');
#17678 = OVER_RIDING_STYLED_ITEM('overriding color',(#17679),#8198,
  #17561);
#17679 = PRESENTATION_STYLE_ASSIGNMENT((#17680,#17685));
#17680 = SURFACE_STYLE_USAGE(.BOTH.,#17681);
#17681 = SURFACE_SIDE_STYLE('',(#17682));
#17682 = SURFACE_STYLE_FILL_AREA(#17683);
#17683 = FILL_AREA_STYLE('',(#17684));
#17684 = FILL_AREA_STYLE_COLOUR('',#16712);
#17685 = CURVE_STYLE('',#17686,POSITIVE_LENGTH_MEASURE(0.1),#16712);
#17686 = DRAUGHTING_PRE_DEFINED_CURVE_FONT('continuous');
#17687 = OVER_RIDING_STYLED_ITEM('overriding color',(#17688),#8215,
  #17561);
#17688 = PRESENTATION_STYLE_ASSIGNMENT((#17689,#17694));
#17689 = SURFACE_STYLE_USAGE(.BOTH.,#17690);
#17690 = SURFACE_SIDE_STYLE('',(#17691));
#17691 = SURFACE_STYLE_FILL_AREA(#17692);
#17692 = FILL_AREA_STYLE('',(#17693));
#17693 = FILL_AREA_STYLE_COLOUR('',#16712);
#17694 = CURVE_STYLE('',#17695,POSITIVE_LENGTH_MEASURE(0.1),#16712);
#17695 = DRAUGHTING_PRE_DEFINED_CURVE_FONT('continuous');
#17696 = OVER_RIDING_STYLED_ITEM('overriding color',(#17697),#8232,
  #17561);
#17697 = PRESENTATION_STYLE_ASSIGNMENT((#17698,#17703));
#17698 = SURFACE_STYLE_USAGE(.BOTH.,#17699);
#17699 = SURFACE_SIDE_STYLE('',(#17700));
#17700 = SURFACE_STYLE_FILL_AREA(#17701);
#17701 = FILL_AREA_STYLE('',(#17702));
#17702 = FILL_AREA_STYLE_COLOUR('',#16712);
#17703 = CURVE_STYLE('',#17704,POSITIVE_LENGTH_MEASURE(0.1),#16712);
#17704 = DRAUGHTING_PRE_DEFINED_CURVE_FONT('continuous');
#17705 = STYLED_ITEM('color',(#17706),#8247);
#17706 = PRESENTATION_STYLE_ASSIGNMENT((#17707,#17712));
#17707 = SURFACE_STYLE_USAGE(.BOTH.,#17708);
#17708 = SURFACE_SIDE_STYLE('',(#17709));
#17709 = SURFACE_STYLE_FILL_AREA(#17710);
#17710 = FILL_AREA_STYLE('',(#17711));
#17711 = FILL_AREA_STYLE_COLOUR('',#16702);
#17712 = CURVE_STYLE('',#17713,POSITIVE_LENGTH_MEASURE(0.1),#16702);
#17713 = DRAUGHTING_PRE_DEFINED_CURVE_FONT('continuous');
#17714 = OVER_RIDING_STYLED_ITEM('overriding color',(#17715),#8249,
  #17705);
#17715 = PRESENTATION_STYLE_ASSIGNMENT((#17716,#17721));
#17716 = SURFACE_STYLE_USAGE(.BOTH.,#17717);
#17717 = SURFACE_SIDE_STYLE('',(#17718));
#17718 = SURFACE_STYLE_FILL_AREA(#17719);
#17719 = FILL_AREA_STYLE('',(#17720));
#17720 = FILL_AREA_STYLE_COLOUR('',#16712);
#17721 = CURVE_STYLE('',#17722,POSITIVE_LENGTH_MEASURE(0.1),#16712);
#17722 = DRAUGHTING_PRE_DEFINED_CURVE_FONT('continuous');
#17723 = OVER_RIDING_STYLED_ITEM('overriding color',(#17724),#8291,
  #17705);
#17724 = PRESENTATION_STYLE_ASSIGNMENT((#17725,#17730));
#17725 = SURFACE_STYLE_USAGE(.BOTH.,#17726);
#17726 = SURFACE_SIDE_STYLE('',(#17727));
#17727 = SURFACE_STYLE_FILL_AREA(#17728);
#17728 = FILL_AREA_STYLE('',(#17729));
#17729 = FILL_AREA_STYLE_COLOUR('',#16712);
#17730 = CURVE_STYLE('',#17731,POSITIVE_LENGTH_MEASURE(0.1),#16712);
#17731 = DRAUGHTING_PRE_DEFINED_CURVE_FONT('continuous');
#17732 = OVER_RIDING_STYLED_ITEM('overriding color',(#17733),#8347,
  #17705);
#17733 = PRESENTATION_STYLE_ASSIGNMENT((#17734,#17739));
#17734 = SURFACE_STYLE_USAGE(.BOTH.,#17735);
#17735 = SURFACE_SIDE_STYLE('',(#17736));
#17736 = SURFACE_STYLE_FILL_AREA(#17737);
#17737 = FILL_AREA_STYLE('',(#17738));
#17738 = FILL_AREA_STYLE_COLOUR('',#16712);
#17739 = CURVE_STYLE('',#17740,POSITIVE_LENGTH_MEASURE(0.1),#16712);
#17740 = DRAUGHTING_PRE_DEFINED_CURVE_FONT('continuous');
#17741 = OVER_RIDING_STYLED_ITEM('overriding color',(#17742),#8410,
  #17705);
#17742 = PRESENTATION_STYLE_ASSIGNMENT((#17743,#17748));
#17743 = SURFACE_STYLE_USAGE(.BOTH.,#17744);
#17744 = SURFACE_SIDE_STYLE('',(#17745));
#17745 = SURFACE_STYLE_FILL_AREA(#17746);
#17746 = FILL_AREA_STYLE('',(#17747));
#17747 = FILL_AREA_STYLE_COLOUR('',#16712);
#17748 = CURVE_STYLE('',#17749,POSITIVE_LENGTH_MEASURE(0.1),#16712);
#17749 = DRAUGHTING_PRE_DEFINED_CURVE_FONT('continuous');
#17750 = OVER_RIDING_STYLED_ITEM('overriding color',(#17751),#8443,
  #17705);
#17751 = PRESENTATION_STYLE_ASSIGNMENT((#17752,#17757));
#17752 = SURFACE_STYLE_USAGE(.BOTH.,#17753);
#17753 = SURFACE_SIDE_STYLE('',(#17754));
#17754 = SURFACE_STYLE_FILL_AREA(#17755);
#17755 = FILL_AREA_STYLE('',(#17756));
#17756 = FILL_AREA_STYLE_COLOUR('',#16712);
#17757 = CURVE_STYLE('',#17758,POSITIVE_LENGTH_MEASURE(0.1),#16712);
#17758 = DRAUGHTING_PRE_DEFINED_CURVE_FONT('continuous');
#17759 = OVER_RIDING_STYLED_ITEM('overriding color',(#17760),#8490,
  #17705);
#17760 = PRESENTATION_STYLE_ASSIGNMENT((#17761,#17766));
#17761 = SURFACE_STYLE_USAGE(.BOTH.,#17762);
#17762 = SURFACE_SIDE_STYLE('',(#17763));
#17763 = SURFACE_STYLE_FILL_AREA(#17764);
#17764 = FILL_AREA_STYLE('',(#17765));
#17765 = FILL_AREA_STYLE_COLOUR('',#16712);
#17766 = CURVE_STYLE('',#17767,POSITIVE_LENGTH_MEASURE(0.1),#16712);
#17767 = DRAUGHTING_PRE_DEFINED_CURVE_FONT('continuous');
#17768 = OVER_RIDING_STYLED_ITEM('overriding color',(#17769),#8514,
  #17705);
#17769 = PRESENTATION_STYLE_ASSIGNMENT((#17770,#17775));
#17770 = SURFACE_STYLE_USAGE(.BOTH.,#17771);
#17771 = SURFACE_SIDE_STYLE('',(#17772));
#17772 = SURFACE_STYLE_FILL_AREA(#17773);
#17773 = FILL_AREA_STYLE('',(#17774));
#17774 = FILL_AREA_STYLE_COLOUR('',#16712);
#17775 = CURVE_STYLE('',#17776,POSITIVE_LENGTH_MEASURE(0.1),#16712);
#17776 = DRAUGHTING_PRE_DEFINED_CURVE_FONT('continuous');
#17777 = OVER_RIDING_STYLED_ITEM('overriding color',(#17778),#8538,
  #17705);
#17778 = PRESENTATION_STYLE_ASSIGNMENT((#17779,#17784));
#17779 = SURFACE_STYLE_USAGE(.BOTH.,#17780);
#17780 = SURFACE_SIDE_STYLE('',(#17781));
#17781 = SURFACE_STYLE_FILL_AREA(#17782);
#17782 = FILL_AREA_STYLE('',(#17783));
#17783 = FILL_AREA_STYLE_COLOUR('',#16712);
#17784 = CURVE_STYLE('',#17785,POSITIVE_LENGTH_MEASURE(0.1),#16712);
#17785 = DRAUGHTING_PRE_DEFINED_CURVE_FONT('continuous');
#17786 = OVER_RIDING_STYLED_ITEM('overriding color',(#17787),#8555,
  #17705);
#17787 = PRESENTATION_STYLE_ASSIGNMENT((#17788,#17793));
#17788 = SURFACE_STYLE_USAGE(.BOTH.,#17789);
#17789 = SURFACE_SIDE_STYLE('',(#17790));
#17790 = SURFACE_STYLE_FILL_AREA(#17791);
#17791 = FILL_AREA_STYLE('',(#17792));
#17792 = FILL_AREA_STYLE_COLOUR('',#16712);
#17793 = CURVE_STYLE('',#17794,POSITIVE_LENGTH_MEASURE(0.1),#16712);
#17794 = DRAUGHTING_PRE_DEFINED_CURVE_FONT('continuous');
#17795 = OVER_RIDING_STYLED_ITEM('overriding color',(#17796),#8569,
  #17705);
#17796 = PRESENTATION_STYLE_ASSIGNMENT((#17797,#17802));
#17797 = SURFACE_STYLE_USAGE(.BOTH.,#17798);
#17798 = SURFACE_SIDE_STYLE('',(#17799));
#17799 = SURFACE_STYLE_FILL_AREA(#17800);
#17800 = FILL_AREA_STYLE('',(#17801));
#17801 = FILL_AREA_STYLE_COLOUR('',#16712);
#17802 = CURVE_STYLE('',#17803,POSITIVE_LENGTH_MEASURE(0.1),#16712);
#17803 = DRAUGHTING_PRE_DEFINED_CURVE_FONT('continuous');
#17804 = OVER_RIDING_STYLED_ITEM('overriding color',(#17805),#8587,
  #17705);
#17805 = PRESENTATION_STYLE_ASSIGNMENT((#17806,#17811));
#17806 = SURFACE_STYLE_USAGE(.BOTH.,#17807);
#17807 = SURFACE_SIDE_STYLE('',(#17808));
#17808 = SURFACE_STYLE_FILL_AREA(#17809);
#17809 = FILL_AREA_STYLE('',(#17810));
#17810 = FILL_AREA_STYLE_COLOUR('',#16712);
#17811 = CURVE_STYLE('',#17812,POSITIVE_LENGTH_MEASURE(0.1),#16712);
#17812 = DRAUGHTING_PRE_DEFINED_CURVE_FONT('continuous');
#17813 = OVER_RIDING_STYLED_ITEM('overriding color',(#17814),#8618,
  #17705);
#17814 = PRESENTATION_STYLE_ASSIGNMENT((#17815,#17820));
#17815 = SURFACE_STYLE_USAGE(.BOTH.,#17816);
#17816 = SURFACE_SIDE_STYLE('',(#17817));
#17817 = SURFACE_STYLE_FILL_AREA(#17818);
#17818 = FILL_AREA_STYLE('',(#17819));
#17819 = FILL_AREA_STYLE_COLOUR('',#16712);
#17820 = CURVE_STYLE('',#17821,POSITIVE_LENGTH_MEASURE(0.1),#16712);
#17821 = DRAUGHTING_PRE_DEFINED_CURVE_FONT('continuous');
#17822 = OVER_RIDING_STYLED_ITEM('overriding color',(#17823),#8649,
  #17705);
#17823 = PRESENTATION_STYLE_ASSIGNMENT((#17824,#17829));
#17824 = SURFACE_STYLE_USAGE(.BOTH.,#17825);
#17825 = SURFACE_SIDE_STYLE('',(#17826));
#17826 = SURFACE_STYLE_FILL_AREA(#17827);
#17827 = FILL_AREA_STYLE('',(#17828));
#17828 = FILL_AREA_STYLE_COLOUR('',#16712);
#17829 = CURVE_STYLE('',#17830,POSITIVE_LENGTH_MEASURE(0.1),#16712);
#17830 = DRAUGHTING_PRE_DEFINED_CURVE_FONT('continuous');
#17831 = OVER_RIDING_STYLED_ITEM('overriding color',(#17832),#8671,
  #17705);
#17832 = PRESENTATION_STYLE_ASSIGNMENT((#17833,#17838));
#17833 = SURFACE_STYLE_USAGE(.BOTH.,#17834);
#17834 = SURFACE_SIDE_STYLE('',(#17835));
#17835 = SURFACE_STYLE_FILL_AREA(#17836);
#17836 = FILL_AREA_STYLE('',(#17837));
#17837 = FILL_AREA_STYLE_COLOUR('',#16712);
#17838 = CURVE_STYLE('',#17839,POSITIVE_LENGTH_MEASURE(0.1),#16712);
#17839 = DRAUGHTING_PRE_DEFINED_CURVE_FONT('continuous');
#17840 = OVER_RIDING_STYLED_ITEM('overriding color',(#17841),#8685,
  #17705);
#17841 = PRESENTATION_STYLE_ASSIGNMENT((#17842,#17847));
#17842 = SURFACE_STYLE_USAGE(.BOTH.,#17843);
#17843 = SURFACE_SIDE_STYLE('',(#17844));
#17844 = SURFACE_STYLE_FILL_AREA(#17845);
#17845 = FILL_AREA_STYLE('',(#17846));
#17846 = FILL_AREA_STYLE_COLOUR('',#16712);
#17847 = CURVE_STYLE('',#17848,POSITIVE_LENGTH_MEASURE(0.1),#16712);
#17848 = DRAUGHTING_PRE_DEFINED_CURVE_FONT('continuous');
#17849 = STYLED_ITEM('color',(#17850),#8700);
#17850 = PRESENTATION_STYLE_ASSIGNMENT((#17851,#17856));
#17851 = SURFACE_STYLE_USAGE(.BOTH.,#17852);
#17852 = SURFACE_SIDE_STYLE('',(#17853));
#17853 = SURFACE_STYLE_FILL_AREA(#17854);
#17854 = FILL_AREA_STYLE('',(#17855));
#17855 = FILL_AREA_STYLE_COLOUR('',#16702);
#17856 = CURVE_STYLE('',#17857,POSITIVE_LENGTH_MEASURE(0.1),#16702);
#17857 = DRAUGHTING_PRE_DEFINED_CURVE_FONT('continuous');
#17858 = OVER_RIDING_STYLED_ITEM('overriding color',(#17859),#8702,
  #17849);
#17859 = PRESENTATION_STYLE_ASSIGNMENT((#17860,#17865));
#17860 = SURFACE_STYLE_USAGE(.BOTH.,#17861);
#17861 = SURFACE_SIDE_STYLE('',(#17862));
#17862 = SURFACE_STYLE_FILL_AREA(#17863);
#17863 = FILL_AREA_STYLE('',(#17864));
#17864 = FILL_AREA_STYLE_COLOUR('',#16712);
#17865 = CURVE_STYLE('',#17866,POSITIVE_LENGTH_MEASURE(0.1),#16712);
#17866 = DRAUGHTING_PRE_DEFINED_CURVE_FONT('continuous');
#17867 = OVER_RIDING_STYLED_ITEM('overriding color',(#17868),#8744,
  #17849);
#17868 = PRESENTATION_STYLE_ASSIGNMENT((#17869,#17874));
#17869 = SURFACE_STYLE_USAGE(.BOTH.,#17870);
#17870 = SURFACE_SIDE_STYLE('',(#17871));
#17871 = SURFACE_STYLE_FILL_AREA(#17872);
#17872 = FILL_AREA_STYLE('',(#17873));
#17873 = FILL_AREA_STYLE_COLOUR('',#16712);
#17874 = CURVE_STYLE('',#17875,POSITIVE_LENGTH_MEASURE(0.1),#16712);
#17875 = DRAUGHTING_PRE_DEFINED_CURVE_FONT('continuous');
#17876 = OVER_RIDING_STYLED_ITEM('overriding color',(#17877),#8784,
  #17849);
#17877 = PRESENTATION_STYLE_ASSIGNMENT((#17878,#17883));
#17878 = SURFACE_STYLE_USAGE(.BOTH.,#17879);
#17879 = SURFACE_SIDE_STYLE('',(#17880));
#17880 = SURFACE_STYLE_FILL_AREA(#17881);
#17881 = FILL_AREA_STYLE('',(#17882));
#17882 = FILL_AREA_STYLE_COLOUR('',#16712);
#17883 = CURVE_STYLE('',#17884,POSITIVE_LENGTH_MEASURE(0.1),#16712);
#17884 = DRAUGHTING_PRE_DEFINED_CURVE_FONT('continuous');
#17885 = OVER_RIDING_STYLED_ITEM('overriding color',(#17886),#8815,
  #17849);
#17886 = PRESENTATION_STYLE_ASSIGNMENT((#17887,#17892));
#17887 = SURFACE_STYLE_USAGE(.BOTH.,#17888);
#17888 = SURFACE_SIDE_STYLE('',(#17889));
#17889 = SURFACE_STYLE_FILL_AREA(#17890);
#17890 = FILL_AREA_STYLE('',(#17891));
#17891 = FILL_AREA_STYLE_COLOUR('',#16712);
#17892 = CURVE_STYLE('',#17893,POSITIVE_LENGTH_MEASURE(0.1),#16712);
#17893 = DRAUGHTING_PRE_DEFINED_CURVE_FONT('continuous');
#17894 = OVER_RIDING_STYLED_ITEM('overriding color',(#17895),#8878,
  #17849);
#17895 = PRESENTATION_STYLE_ASSIGNMENT((#17896,#17901));
#17896 = SURFACE_STYLE_USAGE(.BOTH.,#17897);
#17897 = SURFACE_SIDE_STYLE('',(#17898));
#17898 = SURFACE_STYLE_FILL_AREA(#17899);
#17899 = FILL_AREA_STYLE('',(#17900));
#17900 = FILL_AREA_STYLE_COLOUR('',#16712);
#17901 = CURVE_STYLE('',#17902,POSITIVE_LENGTH_MEASURE(0.1),#16712);
#17902 = DRAUGHTING_PRE_DEFINED_CURVE_FONT('continuous');
#17903 = OVER_RIDING_STYLED_ITEM('overriding color',(#17904),#8902,
  #17849);
#17904 = PRESENTATION_STYLE_ASSIGNMENT((#17905,#17910));
#17905 = SURFACE_STYLE_USAGE(.BOTH.,#17906);
#17906 = SURFACE_SIDE_STYLE('',(#17907));
#17907 = SURFACE_STYLE_FILL_AREA(#17908);
#17908 = FILL_AREA_STYLE('',(#17909));
#17909 = FILL_AREA_STYLE_COLOUR('',#16712);
#17910 = CURVE_STYLE('',#17911,POSITIVE_LENGTH_MEASURE(0.1),#16712);
#17911 = DRAUGHTING_PRE_DEFINED_CURVE_FONT('continuous');
#17912 = OVER_RIDING_STYLED_ITEM('overriding color',(#17913),#8965,
  #17849);
#17913 = PRESENTATION_STYLE_ASSIGNMENT((#17914,#17919));
#17914 = SURFACE_STYLE_USAGE(.BOTH.,#17915);
#17915 = SURFACE_SIDE_STYLE('',(#17916));
#17916 = SURFACE_STYLE_FILL_AREA(#17917);
#17917 = FILL_AREA_STYLE('',(#17918));
#17918 = FILL_AREA_STYLE_COLOUR('',#16712);
#17919 = CURVE_STYLE('',#17920,POSITIVE_LENGTH_MEASURE(0.1),#16712);
#17920 = DRAUGHTING_PRE_DEFINED_CURVE_FONT('continuous');
#17921 = OVER_RIDING_STYLED_ITEM('overriding color',(#17922),#8987,
  #17849);
#17922 = PRESENTATION_STYLE_ASSIGNMENT((#17923,#17928));
#17923 = SURFACE_STYLE_USAGE(.BOTH.,#17924);
#17924 = SURFACE_SIDE_STYLE('',(#17925));
#17925 = SURFACE_STYLE_FILL_AREA(#17926);
#17926 = FILL_AREA_STYLE('',(#17927));
#17927 = FILL_AREA_STYLE_COLOUR('',#16712);
#17928 = CURVE_STYLE('',#17929,POSITIVE_LENGTH_MEASURE(0.1),#16712);
#17929 = DRAUGHTING_PRE_DEFINED_CURVE_FONT('continuous');
#17930 = OVER_RIDING_STYLED_ITEM('overriding color',(#17931),#9002,
  #17849);
#17931 = PRESENTATION_STYLE_ASSIGNMENT((#17932,#17937));
#17932 = SURFACE_STYLE_USAGE(.BOTH.,#17933);
#17933 = SURFACE_SIDE_STYLE('',(#17934));
#17934 = SURFACE_STYLE_FILL_AREA(#17935);
#17935 = FILL_AREA_STYLE('',(#17936));
#17936 = FILL_AREA_STYLE_COLOUR('',#16712);
#17937 = CURVE_STYLE('',#17938,POSITIVE_LENGTH_MEASURE(0.1),#16712);
#17938 = DRAUGHTING_PRE_DEFINED_CURVE_FONT('continuous');
#17939 = OVER_RIDING_STYLED_ITEM('overriding color',(#17940),#9022,
  #17849);
#17940 = PRESENTATION_STYLE_ASSIGNMENT((#17941,#17946));
#17941 = SURFACE_STYLE_USAGE(.BOTH.,#17942);
#17942 = SURFACE_SIDE_STYLE('',(#17943));
#17943 = SURFACE_STYLE_FILL_AREA(#17944);
#17944 = FILL_AREA_STYLE('',(#17945));
#17945 = FILL_AREA_STYLE_COLOUR('',#16712);
#17946 = CURVE_STYLE('',#17947,POSITIVE_LENGTH_MEASURE(0.1),#16712);
#17947 = DRAUGHTING_PRE_DEFINED_CURVE_FONT('continuous');
#17948 = OVER_RIDING_STYLED_ITEM('overriding color',(#17949),#9040,
  #17849);
#17949 = PRESENTATION_STYLE_ASSIGNMENT((#17950,#17955));
#17950 = SURFACE_STYLE_USAGE(.BOTH.,#17951);
#17951 = SURFACE_SIDE_STYLE('',(#17952));
#17952 = SURFACE_STYLE_FILL_AREA(#17953);
#17953 = FILL_AREA_STYLE('',(#17954));
#17954 = FILL_AREA_STYLE_COLOUR('',#16712);
#17955 = CURVE_STYLE('',#17956,POSITIVE_LENGTH_MEASURE(0.1),#16712);
#17956 = DRAUGHTING_PRE_DEFINED_CURVE_FONT('continuous');
#17957 = OVER_RIDING_STYLED_ITEM('overriding color',(#17958),#9073,
  #17849);
#17958 = PRESENTATION_STYLE_ASSIGNMENT((#17959,#17964));
#17959 = SURFACE_STYLE_USAGE(.BOTH.,#17960);
#17960 = SURFACE_SIDE_STYLE('',(#17961));
#17961 = SURFACE_STYLE_FILL_AREA(#17962);
#17962 = FILL_AREA_STYLE('',(#17963));
#17963 = FILL_AREA_STYLE_COLOUR('',#16712);
#17964 = CURVE_STYLE('',#17965,POSITIVE_LENGTH_MEASURE(0.1),#16712);
#17965 = DRAUGHTING_PRE_DEFINED_CURVE_FONT('continuous');
#17966 = OVER_RIDING_STYLED_ITEM('overriding color',(#17967),#9104,
  #17849);
#17967 = PRESENTATION_STYLE_ASSIGNMENT((#17968,#17973));
#17968 = SURFACE_STYLE_USAGE(.BOTH.,#17969);
#17969 = SURFACE_SIDE_STYLE('',(#17970));
#17970 = SURFACE_STYLE_FILL_AREA(#17971);
#17971 = FILL_AREA_STYLE('',(#17972));
#17972 = FILL_AREA_STYLE_COLOUR('',#16712);
#17973 = CURVE_STYLE('',#17974,POSITIVE_LENGTH_MEASURE(0.1),#16712);
#17974 = DRAUGHTING_PRE_DEFINED_CURVE_FONT('continuous');
#17975 = OVER_RIDING_STYLED_ITEM('overriding color',(#17976),#9121,
  #17849);
#17976 = PRESENTATION_STYLE_ASSIGNMENT((#17977,#17982));
#17977 = SURFACE_STYLE_USAGE(.BOTH.,#17978);
#17978 = SURFACE_SIDE_STYLE('',(#17979));
#17979 = SURFACE_STYLE_FILL_AREA(#17980);
#17980 = FILL_AREA_STYLE('',(#17981));
#17981 = FILL_AREA_STYLE_COLOUR('',#16712);
#17982 = CURVE_STYLE('',#17983,POSITIVE_LENGTH_MEASURE(0.1),#16712);
#17983 = DRAUGHTING_PRE_DEFINED_CURVE_FONT('continuous');
#17984 = OVER_RIDING_STYLED_ITEM('overriding color',(#17985),#9138,
  #17849);
#17985 = PRESENTATION_STYLE_ASSIGNMENT((#17986,#17991));
#17986 = SURFACE_STYLE_USAGE(.BOTH.,#17987);
#17987 = SURFACE_SIDE_STYLE('',(#17988));
#17988 = SURFACE_STYLE_FILL_AREA(#17989);
#17989 = FILL_AREA_STYLE('',(#17990));
#17990 = FILL_AREA_STYLE_COLOUR('',#16712);
#17991 = CURVE_STYLE('',#17992,POSITIVE_LENGTH_MEASURE(0.1),#16712);
#17992 = DRAUGHTING_PRE_DEFINED_CURVE_FONT('continuous');
#17993 = STYLED_ITEM('color',(#17994),#9153);
#17994 = PRESENTATION_STYLE_ASSIGNMENT((#17995,#18000));
#17995 = SURFACE_STYLE_USAGE(.BOTH.,#17996);
#17996 = SURFACE_SIDE_STYLE('',(#17997));
#17997 = SURFACE_STYLE_FILL_AREA(#17998);
#17998 = FILL_AREA_STYLE('',(#17999));
#17999 = FILL_AREA_STYLE_COLOUR('',#16702);
#18000 = CURVE_STYLE('',#18001,POSITIVE_LENGTH_MEASURE(0.1),#16702);
#18001 = DRAUGHTING_PRE_DEFINED_CURVE_FONT('continuous');
#18002 = OVER_RIDING_STYLED_ITEM('overriding color',(#18003),#9155,
  #17993);
#18003 = PRESENTATION_STYLE_ASSIGNMENT((#18004,#18009));
#18004 = SURFACE_STYLE_USAGE(.BOTH.,#18005);
#18005 = SURFACE_SIDE_STYLE('',(#18006));
#18006 = SURFACE_STYLE_FILL_AREA(#18007);
#18007 = FILL_AREA_STYLE('',(#18008));
#18008 = FILL_AREA_STYLE_COLOUR('',#16712);
#18009 = CURVE_STYLE('',#18010,POSITIVE_LENGTH_MEASURE(0.1),#16712);
#18010 = DRAUGHTING_PRE_DEFINED_CURVE_FONT('continuous');
#18011 = OVER_RIDING_STYLED_ITEM('overriding color',(#18012),#9197,
  #17993);
#18012 = PRESENTATION_STYLE_ASSIGNMENT((#18013,#18018));
#18013 = SURFACE_STYLE_USAGE(.BOTH.,#18014);
#18014 = SURFACE_SIDE_STYLE('',(#18015));
#18015 = SURFACE_STYLE_FILL_AREA(#18016);
#18016 = FILL_AREA_STYLE('',(#18017));
#18017 = FILL_AREA_STYLE_COLOUR('',#16712);
#18018 = CURVE_STYLE('',#18019,POSITIVE_LENGTH_MEASURE(0.1),#16712);
#18019 = DRAUGHTING_PRE_DEFINED_CURVE_FONT('continuous');
#18020 = OVER_RIDING_STYLED_ITEM('overriding color',(#18021),#9237,
  #17993);
#18021 = PRESENTATION_STYLE_ASSIGNMENT((#18022,#18027));
#18022 = SURFACE_STYLE_USAGE(.BOTH.,#18023);
#18023 = SURFACE_SIDE_STYLE('',(#18024));
#18024 = SURFACE_STYLE_FILL_AREA(#18025);
#18025 = FILL_AREA_STYLE('',(#18026));
#18026 = FILL_AREA_STYLE_COLOUR('',#16712);
#18027 = CURVE_STYLE('',#18028,POSITIVE_LENGTH_MEASURE(0.1),#16712);
#18028 = DRAUGHTING_PRE_DEFINED_CURVE_FONT('continuous');
#18029 = OVER_RIDING_STYLED_ITEM('overriding color',(#18030),#9268,
  #17993);
#18030 = PRESENTATION_STYLE_ASSIGNMENT((#18031,#18036));
#18031 = SURFACE_STYLE_USAGE(.BOTH.,#18032);
#18032 = SURFACE_SIDE_STYLE('',(#18033));
#18033 = SURFACE_STYLE_FILL_AREA(#18034);
#18034 = FILL_AREA_STYLE('',(#18035));
#18035 = FILL_AREA_STYLE_COLOUR('',#16712);
#18036 = CURVE_STYLE('',#18037,POSITIVE_LENGTH_MEASURE(0.1),#16712);
#18037 = DRAUGHTING_PRE_DEFINED_CURVE_FONT('continuous');
#18038 = OVER_RIDING_STYLED_ITEM('overriding color',(#18039),#9331,
  #17993);
#18039 = PRESENTATION_STYLE_ASSIGNMENT((#18040,#18045));
#18040 = SURFACE_STYLE_USAGE(.BOTH.,#18041);
#18041 = SURFACE_SIDE_STYLE('',(#18042));
#18042 = SURFACE_STYLE_FILL_AREA(#18043);
#18043 = FILL_AREA_STYLE('',(#18044));
#18044 = FILL_AREA_STYLE_COLOUR('',#16712);
#18045 = CURVE_STYLE('',#18046,POSITIVE_LENGTH_MEASURE(0.1),#16712);
#18046 = DRAUGHTING_PRE_DEFINED_CURVE_FONT('continuous');
#18047 = OVER_RIDING_STYLED_ITEM('overriding color',(#18048),#9355,
  #17993);
#18048 = PRESENTATION_STYLE_ASSIGNMENT((#18049,#18054));
#18049 = SURFACE_STYLE_USAGE(.BOTH.,#18050);
#18050 = SURFACE_SIDE_STYLE('',(#18051));
#18051 = SURFACE_STYLE_FILL_AREA(#18052);
#18052 = FILL_AREA_STYLE('',(#18053));
#18053 = FILL_AREA_STYLE_COLOUR('',#16712);
#18054 = CURVE_STYLE('',#18055,POSITIVE_LENGTH_MEASURE(0.1),#16712);
#18055 = DRAUGHTING_PRE_DEFINED_CURVE_FONT('continuous');
#18056 = OVER_RIDING_STYLED_ITEM('overriding color',(#18057),#9418,
  #17993);
#18057 = PRESENTATION_STYLE_ASSIGNMENT((#18058,#18063));
#18058 = SURFACE_STYLE_USAGE(.BOTH.,#18059);
#18059 = SURFACE_SIDE_STYLE('',(#18060));
#18060 = SURFACE_STYLE_FILL_AREA(#18061);
#18061 = FILL_AREA_STYLE('',(#18062));
#18062 = FILL_AREA_STYLE_COLOUR('',#16712);
#18063 = CURVE_STYLE('',#18064,POSITIVE_LENGTH_MEASURE(0.1),#16712);
#18064 = DRAUGHTING_PRE_DEFINED_CURVE_FONT('continuous');
#18065 = OVER_RIDING_STYLED_ITEM('overriding color',(#18066),#9440,
  #17993);
#18066 = PRESENTATION_STYLE_ASSIGNMENT((#18067,#18072));
#18067 = SURFACE_STYLE_USAGE(.BOTH.,#18068);
#18068 = SURFACE_SIDE_STYLE('',(#18069));
#18069 = SURFACE_STYLE_FILL_AREA(#18070);
#18070 = FILL_AREA_STYLE('',(#18071));
#18071 = FILL_AREA_STYLE_COLOUR('',#16712);
#18072 = CURVE_STYLE('',#18073,POSITIVE_LENGTH_MEASURE(0.1),#16712);
#18073 = DRAUGHTING_PRE_DEFINED_CURVE_FONT('continuous');
#18074 = OVER_RIDING_STYLED_ITEM('overriding color',(#18075),#9455,
  #17993);
#18075 = PRESENTATION_STYLE_ASSIGNMENT((#18076,#18081));
#18076 = SURFACE_STYLE_USAGE(.BOTH.,#18077);
#18077 = SURFACE_SIDE_STYLE('',(#18078));
#18078 = SURFACE_STYLE_FILL_AREA(#18079);
#18079 = FILL_AREA_STYLE('',(#18080));
#18080 = FILL_AREA_STYLE_COLOUR('',#16712);
#18081 = CURVE_STYLE('',#18082,POSITIVE_LENGTH_MEASURE(0.1),#16712);
#18082 = DRAUGHTING_PRE_DEFINED_CURVE_FONT('continuous');
#18083 = OVER_RIDING_STYLED_ITEM('overriding color',(#18084),#9475,
  #17993);
#18084 = PRESENTATION_STYLE_ASSIGNMENT((#18085,#18090));
#18085 = SURFACE_STYLE_USAGE(.BOTH.,#18086);
#18086 = SURFACE_SIDE_STYLE('',(#18087));
#18087 = SURFACE_STYLE_FILL_AREA(#18088);
#18088 = FILL_AREA_STYLE('',(#18089));
#18089 = FILL_AREA_STYLE_COLOUR('',#16712);
#18090 = CURVE_STYLE('',#18091,POSITIVE_LENGTH_MEASURE(0.1),#16712);
#18091 = DRAUGHTING_PRE_DEFINED_CURVE_FONT('continuous');
#18092 = OVER_RIDING_STYLED_ITEM('overriding color',(#18093),#9493,
  #17993);
#18093 = PRESENTATION_STYLE_ASSIGNMENT((#18094,#18099));
#18094 = SURFACE_STYLE_USAGE(.BOTH.,#18095);
#18095 = SURFACE_SIDE_STYLE('',(#18096));
#18096 = SURFACE_STYLE_FILL_AREA(#18097);
#18097 = FILL_AREA_STYLE('',(#18098));
#18098 = FILL_AREA_STYLE_COLOUR('',#16712);
#18099 = CURVE_STYLE('',#18100,POSITIVE_LENGTH_MEASURE(0.1),#16712);
#18100 = DRAUGHTING_PRE_DEFINED_CURVE_FONT('continuous');
#18101 = OVER_RIDING_STYLED_ITEM('overriding color',(#18102),#9526,
  #17993);
#18102 = PRESENTATION_STYLE_ASSIGNMENT((#18103,#18108));
#18103 = SURFACE_STYLE_USAGE(.BOTH.,#18104);
#18104 = SURFACE_SIDE_STYLE('',(#18105));
#18105 = SURFACE_STYLE_FILL_AREA(#18106);
#18106 = FILL_AREA_STYLE('',(#18107));
#18107 = FILL_AREA_STYLE_COLOUR('',#16712);
#18108 = CURVE_STYLE('',#18109,POSITIVE_LENGTH_MEASURE(0.1),#16712);
#18109 = DRAUGHTING_PRE_DEFINED_CURVE_FONT('continuous');
#18110 = OVER_RIDING_STYLED_ITEM('overriding color',(#18111),#9557,
  #17993);
#18111 = PRESENTATION_STYLE_ASSIGNMENT((#18112,#18117));
#18112 = SURFACE_STYLE_USAGE(.BOTH.,#18113);
#18113 = SURFACE_SIDE_STYLE('',(#18114));
#18114 = SURFACE_STYLE_FILL_AREA(#18115);
#18115 = FILL_AREA_STYLE('',(#18116));
#18116 = FILL_AREA_STYLE_COLOUR('',#16712);
#18117 = CURVE_STYLE('',#18118,POSITIVE_LENGTH_MEASURE(0.1),#16712);
#18118 = DRAUGHTING_PRE_DEFINED_CURVE_FONT('continuous');
#18119 = OVER_RIDING_STYLED_ITEM('overriding color',(#18120),#9574,
  #17993);
#18120 = PRESENTATION_STYLE_ASSIGNMENT((#18121,#18126));
#18121 = SURFACE_STYLE_USAGE(.BOTH.,#18122);
#18122 = SURFACE_SIDE_STYLE('',(#18123));
#18123 = SURFACE_STYLE_FILL_AREA(#18124);
#18124 = FILL_AREA_STYLE('',(#18125));
#18125 = FILL_AREA_STYLE_COLOUR('',#16712);
#18126 = CURVE_STYLE('',#18127,POSITIVE_LENGTH_MEASURE(0.1),#16712);
#18127 = DRAUGHTING_PRE_DEFINED_CURVE_FONT('continuous');
#18128 = OVER_RIDING_STYLED_ITEM('overriding color',(#18129),#9591,
  #17993);
#18129 = PRESENTATION_STYLE_ASSIGNMENT((#18130,#18135));
#18130 = SURFACE_STYLE_USAGE(.BOTH.,#18131);
#18131 = SURFACE_SIDE_STYLE('',(#18132));
#18132 = SURFACE_STYLE_FILL_AREA(#18133);
#18133 = FILL_AREA_STYLE('',(#18134));
#18134 = FILL_AREA_STYLE_COLOUR('',#16712);
#18135 = CURVE_STYLE('',#18136,POSITIVE_LENGTH_MEASURE(0.1),#16712);
#18136 = DRAUGHTING_PRE_DEFINED_CURVE_FONT('continuous');
#18137 = STYLED_ITEM('color',(#18138),#9606);
#18138 = PRESENTATION_STYLE_ASSIGNMENT((#18139,#18144));
#18139 = SURFACE_STYLE_USAGE(.BOTH.,#18140);
#18140 = SURFACE_SIDE_STYLE('',(#18141));
#18141 = SURFACE_STYLE_FILL_AREA(#18142);
#18142 = FILL_AREA_STYLE('',(#18143));
#18143 = FILL_AREA_STYLE_COLOUR('',#16702);
#18144 = CURVE_STYLE('',#18145,POSITIVE_LENGTH_MEASURE(0.1),#16702);
#18145 = DRAUGHTING_PRE_DEFINED_CURVE_FONT('continuous');
#18146 = OVER_RIDING_STYLED_ITEM('overriding color',(#18147),#9608,
  #18137);
#18147 = PRESENTATION_STYLE_ASSIGNMENT((#18148,#18153));
#18148 = SURFACE_STYLE_USAGE(.BOTH.,#18149);
#18149 = SURFACE_SIDE_STYLE('',(#18150));
#18150 = SURFACE_STYLE_FILL_AREA(#18151);
#18151 = FILL_AREA_STYLE('',(#18152));
#18152 = FILL_AREA_STYLE_COLOUR('',#16712);
#18153 = CURVE_STYLE('',#18154,POSITIVE_LENGTH_MEASURE(0.1),#16712);
#18154 = DRAUGHTING_PRE_DEFINED_CURVE_FONT('continuous');
#18155 = OVER_RIDING_STYLED_ITEM('overriding color',(#18156),#9650,
  #18137);
#18156 = PRESENTATION_STYLE_ASSIGNMENT((#18157,#18162));
#18157 = SURFACE_STYLE_USAGE(.BOTH.,#18158);
#18158 = SURFACE_SIDE_STYLE('',(#18159));
#18159 = SURFACE_STYLE_FILL_AREA(#18160);
#18160 = FILL_AREA_STYLE('',(#18161));
#18161 = FILL_AREA_STYLE_COLOUR('',#16712);
#18162 = CURVE_STYLE('',#18163,POSITIVE_LENGTH_MEASURE(0.1),#16712);
#18163 = DRAUGHTING_PRE_DEFINED_CURVE_FONT('continuous');
#18164 = OVER_RIDING_STYLED_ITEM('overriding color',(#18165),#9706,
  #18137);
#18165 = PRESENTATION_STYLE_ASSIGNMENT((#18166,#18171));
#18166 = SURFACE_STYLE_USAGE(.BOTH.,#18167);
#18167 = SURFACE_SIDE_STYLE('',(#18168));
#18168 = SURFACE_STYLE_FILL_AREA(#18169);
#18169 = FILL_AREA_STYLE('',(#18170));
#18170 = FILL_AREA_STYLE_COLOUR('',#16712);
#18171 = CURVE_STYLE('',#18172,POSITIVE_LENGTH_MEASURE(0.1),#16712);
#18172 = DRAUGHTING_PRE_DEFINED_CURVE_FONT('continuous');
#18173 = OVER_RIDING_STYLED_ITEM('overriding color',(#18174),#9769,
  #18137);
#18174 = PRESENTATION_STYLE_ASSIGNMENT((#18175,#18180));
#18175 = SURFACE_STYLE_USAGE(.BOTH.,#18176);
#18176 = SURFACE_SIDE_STYLE('',(#18177));
#18177 = SURFACE_STYLE_FILL_AREA(#18178);
#18178 = FILL_AREA_STYLE('',(#18179));
#18179 = FILL_AREA_STYLE_COLOUR('',#16712);
#18180 = CURVE_STYLE('',#18181,POSITIVE_LENGTH_MEASURE(0.1),#16712);
#18181 = DRAUGHTING_PRE_DEFINED_CURVE_FONT('continuous');
#18182 = OVER_RIDING_STYLED_ITEM('overriding color',(#18183),#9802,
  #18137);
#18183 = PRESENTATION_STYLE_ASSIGNMENT((#18184,#18189));
#18184 = SURFACE_STYLE_USAGE(.BOTH.,#18185);
#18185 = SURFACE_SIDE_STYLE('',(#18186));
#18186 = SURFACE_STYLE_FILL_AREA(#18187);
#18187 = FILL_AREA_STYLE('',(#18188));
#18188 = FILL_AREA_STYLE_COLOUR('',#16712);
#18189 = CURVE_STYLE('',#18190,POSITIVE_LENGTH_MEASURE(0.1),#16712);
#18190 = DRAUGHTING_PRE_DEFINED_CURVE_FONT('continuous');
#18191 = OVER_RIDING_STYLED_ITEM('overriding color',(#18192),#9849,
  #18137);
#18192 = PRESENTATION_STYLE_ASSIGNMENT((#18193,#18198));
#18193 = SURFACE_STYLE_USAGE(.BOTH.,#18194);
#18194 = SURFACE_SIDE_STYLE('',(#18195));
#18195 = SURFACE_STYLE_FILL_AREA(#18196);
#18196 = FILL_AREA_STYLE('',(#18197));
#18197 = FILL_AREA_STYLE_COLOUR('',#16712);
#18198 = CURVE_STYLE('',#18199,POSITIVE_LENGTH_MEASURE(0.1),#16712);
#18199 = DRAUGHTING_PRE_DEFINED_CURVE_FONT('continuous');
#18200 = OVER_RIDING_STYLED_ITEM('overriding color',(#18201),#9873,
  #18137);
#18201 = PRESENTATION_STYLE_ASSIGNMENT((#18202,#18207));
#18202 = SURFACE_STYLE_USAGE(.BOTH.,#18203);
#18203 = SURFACE_SIDE_STYLE('',(#18204));
#18204 = SURFACE_STYLE_FILL_AREA(#18205);
#18205 = FILL_AREA_STYLE('',(#18206));
#18206 = FILL_AREA_STYLE_COLOUR('',#16712);
#18207 = CURVE_STYLE('',#18208,POSITIVE_LENGTH_MEASURE(0.1),#16712);
#18208 = DRAUGHTING_PRE_DEFINED_CURVE_FONT('continuous');
#18209 = OVER_RIDING_STYLED_ITEM('overriding color',(#18210),#9897,
  #18137);
#18210 = PRESENTATION_STYLE_ASSIGNMENT((#18211,#18216));
#18211 = SURFACE_STYLE_USAGE(.BOTH.,#18212);
#18212 = SURFACE_SIDE_STYLE('',(#18213));
#18213 = SURFACE_STYLE_FILL_AREA(#18214);
#18214 = FILL_AREA_STYLE('',(#18215));
#18215 = FILL_AREA_STYLE_COLOUR('',#16712);
#18216 = CURVE_STYLE('',#18217,POSITIVE_LENGTH_MEASURE(0.1),#16712);
#18217 = DRAUGHTING_PRE_DEFINED_CURVE_FONT('continuous');
#18218 = OVER_RIDING_STYLED_ITEM('overriding color',(#18219),#9914,
  #18137);
#18219 = PRESENTATION_STYLE_ASSIGNMENT((#18220,#18225));
#18220 = SURFACE_STYLE_USAGE(.BOTH.,#18221);
#18221 = SURFACE_SIDE_STYLE('',(#18222));
#18222 = SURFACE_STYLE_FILL_AREA(#18223);
#18223 = FILL_AREA_STYLE('',(#18224));
#18224 = FILL_AREA_STYLE_COLOUR('',#16712);
#18225 = CURVE_STYLE('',#18226,POSITIVE_LENGTH_MEASURE(0.1),#16712);
#18226 = DRAUGHTING_PRE_DEFINED_CURVE_FONT('continuous');
#18227 = OVER_RIDING_STYLED_ITEM('overriding color',(#18228),#9928,
  #18137);
#18228 = PRESENTATION_STYLE_ASSIGNMENT((#18229,#18234));
#18229 = SURFACE_STYLE_USAGE(.BOTH.,#18230);
#18230 = SURFACE_SIDE_STYLE('',(#18231));
#18231 = SURFACE_STYLE_FILL_AREA(#18232);
#18232 = FILL_AREA_STYLE('',(#18233));
#18233 = FILL_AREA_STYLE_COLOUR('',#16712);
#18234 = CURVE_STYLE('',#18235,POSITIVE_LENGTH_MEASURE(0.1),#16712);
#18235 = DRAUGHTING_PRE_DEFINED_CURVE_FONT('continuous');
#18236 = OVER_RIDING_STYLED_ITEM('overriding color',(#18237),#9946,
  #18137);
#18237 = PRESENTATION_STYLE_ASSIGNMENT((#18238,#18243));
#18238 = SURFACE_STYLE_USAGE(.BOTH.,#18239);
#18239 = SURFACE_SIDE_STYLE('',(#18240));
#18240 = SURFACE_STYLE_FILL_AREA(#18241);
#18241 = FILL_AREA_STYLE('',(#18242));
#18242 = FILL_AREA_STYLE_COLOUR('',#16712);
#18243 = CURVE_STYLE('',#18244,POSITIVE_LENGTH_MEASURE(0.1),#16712);
#18244 = DRAUGHTING_PRE_DEFINED_CURVE_FONT('continuous');
#18245 = OVER_RIDING_STYLED_ITEM('overriding color',(#18246),#9977,
  #18137);
#18246 = PRESENTATION_STYLE_ASSIGNMENT((#18247,#18252));
#18247 = SURFACE_STYLE_USAGE(.BOTH.,#18248);
#18248 = SURFACE_SIDE_STYLE('',(#18249));
#18249 = SURFACE_STYLE_FILL_AREA(#18250);
#18250 = FILL_AREA_STYLE('',(#18251));
#18251 = FILL_AREA_STYLE_COLOUR('',#16712);
#18252 = CURVE_STYLE('',#18253,POSITIVE_LENGTH_MEASURE(0.1),#16712);
#18253 = DRAUGHTING_PRE_DEFINED_CURVE_FONT('continuous');
#18254 = OVER_RIDING_STYLED_ITEM('overriding color',(#18255),#10008,
  #18137);
#18255 = PRESENTATION_STYLE_ASSIGNMENT((#18256,#18261));
#18256 = SURFACE_STYLE_USAGE(.BOTH.,#18257);
#18257 = SURFACE_SIDE_STYLE('',(#18258));
#18258 = SURFACE_STYLE_FILL_AREA(#18259);
#18259 = FILL_AREA_STYLE('',(#18260));
#18260 = FILL_AREA_STYLE_COLOUR('',#16712);
#18261 = CURVE_STYLE('',#18262,POSITIVE_LENGTH_MEASURE(0.1),#16712);
#18262 = DRAUGHTING_PRE_DEFINED_CURVE_FONT('continuous');
#18263 = OVER_RIDING_STYLED_ITEM('overriding color',(#18264),#10030,
  #18137);
#18264 = PRESENTATION_STYLE_ASSIGNMENT((#18265,#18270));
#18265 = SURFACE_STYLE_USAGE(.BOTH.,#18266);
#18266 = SURFACE_SIDE_STYLE('',(#18267));
#18267 = SURFACE_STYLE_FILL_AREA(#18268);
#18268 = FILL_AREA_STYLE('',(#18269));
#18269 = FILL_AREA_STYLE_COLOUR('',#16712);
#18270 = CURVE_STYLE('',#18271,POSITIVE_LENGTH_MEASURE(0.1),#16712);
#18271 = DRAUGHTING_PRE_DEFINED_CURVE_FONT('continuous');
#18272 = OVER_RIDING_STYLED_ITEM('overriding color',(#18273),#10044,
  #18137);
#18273 = PRESENTATION_STYLE_ASSIGNMENT((#18274,#18279));
#18274 = SURFACE_STYLE_USAGE(.BOTH.,#18275);
#18275 = SURFACE_SIDE_STYLE('',(#18276));
#18276 = SURFACE_STYLE_FILL_AREA(#18277);
#18277 = FILL_AREA_STYLE('',(#18278));
#18278 = FILL_AREA_STYLE_COLOUR('',#16712);
#18279 = CURVE_STYLE('',#18280,POSITIVE_LENGTH_MEASURE(0.1),#16712);
#18280 = DRAUGHTING_PRE_DEFINED_CURVE_FONT('continuous');
#18281 = STYLED_ITEM('color',(#18282),#10059);
#18282 = PRESENTATION_STYLE_ASSIGNMENT((#18283,#18288));
#18283 = SURFACE_STYLE_USAGE(.BOTH.,#18284);
#18284 = SURFACE_SIDE_STYLE('',(#18285));
#18285 = SURFACE_STYLE_FILL_AREA(#18286);
#18286 = FILL_AREA_STYLE('',(#18287));
#18287 = FILL_AREA_STYLE_COLOUR('',#16702);
#18288 = CURVE_STYLE('',#18289,POSITIVE_LENGTH_MEASURE(0.1),#16702);
#18289 = DRAUGHTING_PRE_DEFINED_CURVE_FONT('continuous');
#18290 = OVER_RIDING_STYLED_ITEM('overriding color',(#18291),#10061,
  #18281);
#18291 = PRESENTATION_STYLE_ASSIGNMENT((#18292,#18297));
#18292 = SURFACE_STYLE_USAGE(.BOTH.,#18293);
#18293 = SURFACE_SIDE_STYLE('',(#18294));
#18294 = SURFACE_STYLE_FILL_AREA(#18295);
#18295 = FILL_AREA_STYLE('',(#18296));
#18296 = FILL_AREA_STYLE_COLOUR('',#16712);
#18297 = CURVE_STYLE('',#18298,POSITIVE_LENGTH_MEASURE(0.1),#16712);
#18298 = DRAUGHTING_PRE_DEFINED_CURVE_FONT('continuous');
#18299 = OVER_RIDING_STYLED_ITEM('overriding color',(#18300),#10103,
  #18281);
#18300 = PRESENTATION_STYLE_ASSIGNMENT((#18301,#18306));
#18301 = SURFACE_STYLE_USAGE(.BOTH.,#18302);
#18302 = SURFACE_SIDE_STYLE('',(#18303));
#18303 = SURFACE_STYLE_FILL_AREA(#18304);
#18304 = FILL_AREA_STYLE('',(#18305));
#18305 = FILL_AREA_STYLE_COLOUR('',#16712);
#18306 = CURVE_STYLE('',#18307,POSITIVE_LENGTH_MEASURE(0.1),#16712);
#18307 = DRAUGHTING_PRE_DEFINED_CURVE_FONT('continuous');
#18308 = OVER_RIDING_STYLED_ITEM('overriding color',(#18309),#10143,
  #18281);
#18309 = PRESENTATION_STYLE_ASSIGNMENT((#18310,#18315));
#18310 = SURFACE_STYLE_USAGE(.BOTH.,#18311);
#18311 = SURFACE_SIDE_STYLE('',(#18312));
#18312 = SURFACE_STYLE_FILL_AREA(#18313);
#18313 = FILL_AREA_STYLE('',(#18314));
#18314 = FILL_AREA_STYLE_COLOUR('',#16712);
#18315 = CURVE_STYLE('',#18316,POSITIVE_LENGTH_MEASURE(0.1),#16712);
#18316 = DRAUGHTING_PRE_DEFINED_CURVE_FONT('continuous');
#18317 = OVER_RIDING_STYLED_ITEM('overriding color',(#18318),#10174,
  #18281);
#18318 = PRESENTATION_STYLE_ASSIGNMENT((#18319,#18324));
#18319 = SURFACE_STYLE_USAGE(.BOTH.,#18320);
#18320 = SURFACE_SIDE_STYLE('',(#18321));
#18321 = SURFACE_STYLE_FILL_AREA(#18322);
#18322 = FILL_AREA_STYLE('',(#18323));
#18323 = FILL_AREA_STYLE_COLOUR('',#16712);
#18324 = CURVE_STYLE('',#18325,POSITIVE_LENGTH_MEASURE(0.1),#16712);
#18325 = DRAUGHTING_PRE_DEFINED_CURVE_FONT('continuous');
#18326 = OVER_RIDING_STYLED_ITEM('overriding color',(#18327),#10237,
  #18281);
#18327 = PRESENTATION_STYLE_ASSIGNMENT((#18328,#18333));
#18328 = SURFACE_STYLE_USAGE(.BOTH.,#18329);
#18329 = SURFACE_SIDE_STYLE('',(#18330));
#18330 = SURFACE_STYLE_FILL_AREA(#18331);
#18331 = FILL_AREA_STYLE('',(#18332));
#18332 = FILL_AREA_STYLE_COLOUR('',#16712);
#18333 = CURVE_STYLE('',#18334,POSITIVE_LENGTH_MEASURE(0.1),#16712);
#18334 = DRAUGHTING_PRE_DEFINED_CURVE_FONT('continuous');
#18335 = OVER_RIDING_STYLED_ITEM('overriding color',(#18336),#10261,
  #18281);
#18336 = PRESENTATION_STYLE_ASSIGNMENT((#18337,#18342));
#18337 = SURFACE_STYLE_USAGE(.BOTH.,#18338);
#18338 = SURFACE_SIDE_STYLE('',(#18339));
#18339 = SURFACE_STYLE_FILL_AREA(#18340);
#18340 = FILL_AREA_STYLE('',(#18341));
#18341 = FILL_AREA_STYLE_COLOUR('',#16712);
#18342 = CURVE_STYLE('',#18343,POSITIVE_LENGTH_MEASURE(0.1),#16712);
#18343 = DRAUGHTING_PRE_DEFINED_CURVE_FONT('continuous');
#18344 = OVER_RIDING_STYLED_ITEM('overriding color',(#18345),#10324,
  #18281);
#18345 = PRESENTATION_STYLE_ASSIGNMENT((#18346,#18351));
#18346 = SURFACE_STYLE_USAGE(.BOTH.,#18347);
#18347 = SURFACE_SIDE_STYLE('',(#18348));
#18348 = SURFACE_STYLE_FILL_AREA(#18349);
#18349 = FILL_AREA_STYLE('',(#18350));
#18350 = FILL_AREA_STYLE_COLOUR('',#16712);
#18351 = CURVE_STYLE('',#18352,POSITIVE_LENGTH_MEASURE(0.1),#16712);
#18352 = DRAUGHTING_PRE_DEFINED_CURVE_FONT('continuous');
#18353 = OVER_RIDING_STYLED_ITEM('overriding color',(#18354),#10346,
  #18281);
#18354 = PRESENTATION_STYLE_ASSIGNMENT((#18355,#18360));
#18355 = SURFACE_STYLE_USAGE(.BOTH.,#18356);
#18356 = SURFACE_SIDE_STYLE('',(#18357));
#18357 = SURFACE_STYLE_FILL_AREA(#18358);
#18358 = FILL_AREA_STYLE('',(#18359));
#18359 = FILL_AREA_STYLE_COLOUR('',#16712);
#18360 = CURVE_STYLE('',#18361,POSITIVE_LENGTH_MEASURE(0.1),#16712);
#18361 = DRAUGHTING_PRE_DEFINED_CURVE_FONT('continuous');
#18362 = OVER_RIDING_STYLED_ITEM('overriding color',(#18363),#10361,
  #18281);
#18363 = PRESENTATION_STYLE_ASSIGNMENT((#18364,#18369));
#18364 = SURFACE_STYLE_USAGE(.BOTH.,#18365);
#18365 = SURFACE_SIDE_STYLE('',(#18366));
#18366 = SURFACE_STYLE_FILL_AREA(#18367);
#18367 = FILL_AREA_STYLE('',(#18368));
#18368 = FILL_AREA_STYLE_COLOUR('',#16712);
#18369 = CURVE_STYLE('',#18370,POSITIVE_LENGTH_MEASURE(0.1),#16712);
#18370 = DRAUGHTING_PRE_DEFINED_CURVE_FONT('continuous');
#18371 = OVER_RIDING_STYLED_ITEM('overriding color',(#18372),#10381,
  #18281);
#18372 = PRESENTATION_STYLE_ASSIGNMENT((#18373,#18378));
#18373 = SURFACE_STYLE_USAGE(.BOTH.,#18374);
#18374 = SURFACE_SIDE_STYLE('',(#18375));
#18375 = SURFACE_STYLE_FILL_AREA(#18376);
#18376 = FILL_AREA_STYLE('',(#18377));
#18377 = FILL_AREA_STYLE_COLOUR('',#16712);
#18378 = CURVE_STYLE('',#18379,POSITIVE_LENGTH_MEASURE(0.1),#16712);
#18379 = DRAUGHTING_PRE_DEFINED_CURVE_FONT('continuous');
#18380 = OVER_RIDING_STYLED_ITEM('overriding color',(#18381),#10399,
  #18281);
#18381 = PRESENTATION_STYLE_ASSIGNMENT((#18382,#18387));
#18382 = SURFACE_STYLE_USAGE(.BOTH.,#18383);
#18383 = SURFACE_SIDE_STYLE('',(#18384));
#18384 = SURFACE_STYLE_FILL_AREA(#18385);
#18385 = FILL_AREA_STYLE('',(#18386));
#18386 = FILL_AREA_STYLE_COLOUR('',#16712);
#18387 = CURVE_STYLE('',#18388,POSITIVE_LENGTH_MEASURE(0.1),#16712);
#18388 = DRAUGHTING_PRE_DEFINED_CURVE_FONT('continuous');
#18389 = OVER_RIDING_STYLED_ITEM('overriding color',(#18390),#10432,
  #18281);
#18390 = PRESENTATION_STYLE_ASSIGNMENT((#18391,#18396));
#18391 = SURFACE_STYLE_USAGE(.BOTH.,#18392);
#18392 = SURFACE_SIDE_STYLE('',(#18393));
#18393 = SURFACE_STYLE_FILL_AREA(#18394);
#18394 = FILL_AREA_STYLE('',(#18395));
#18395 = FILL_AREA_STYLE_COLOUR('',#16712);
#18396 = CURVE_STYLE('',#18397,POSITIVE_LENGTH_MEASURE(0.1),#16712);
#18397 = DRAUGHTING_PRE_DEFINED_CURVE_FONT('continuous');
#18398 = OVER_RIDING_STYLED_ITEM('overriding color',(#18399),#10463,
  #18281);
#18399 = PRESENTATION_STYLE_ASSIGNMENT((#18400,#18405));
#18400 = SURFACE_STYLE_USAGE(.BOTH.,#18401);
#18401 = SURFACE_SIDE_STYLE('',(#18402));
#18402 = SURFACE_STYLE_FILL_AREA(#18403);
#18403 = FILL_AREA_STYLE('',(#18404));
#18404 = FILL_AREA_STYLE_COLOUR('',#16712);
#18405 = CURVE_STYLE('',#18406,POSITIVE_LENGTH_MEASURE(0.1),#16712);
#18406 = DRAUGHTING_PRE_DEFINED_CURVE_FONT('continuous');
#18407 = OVER_RIDING_STYLED_ITEM('overriding color',(#18408),#10480,
  #18281);
#18408 = PRESENTATION_STYLE_ASSIGNMENT((#18409,#18414));
#18409 = SURFACE_STYLE_USAGE(.BOTH.,#18410);
#18410 = SURFACE_SIDE_STYLE('',(#18411));
#18411 = SURFACE_STYLE_FILL_AREA(#18412);
#18412 = FILL_AREA_STYLE('',(#18413));
#18413 = FILL_AREA_STYLE_COLOUR('',#16712);
#18414 = CURVE_STYLE('',#18415,POSITIVE_LENGTH_MEASURE(0.1),#16712);
#18415 = DRAUGHTING_PRE_DEFINED_CURVE_FONT('continuous');
#18416 = OVER_RIDING_STYLED_ITEM('overriding color',(#18417),#10497,
  #18281);
#18417 = PRESENTATION_STYLE_ASSIGNMENT((#18418,#18423));
#18418 = SURFACE_STYLE_USAGE(.BOTH.,#18419);
#18419 = SURFACE_SIDE_STYLE('',(#18420));
#18420 = SURFACE_STYLE_FILL_AREA(#18421);
#18421 = FILL_AREA_STYLE('',(#18422));
#18422 = FILL_AREA_STYLE_COLOUR('',#16712);
#18423 = CURVE_STYLE('',#18424,POSITIVE_LENGTH_MEASURE(0.1),#16712);
#18424 = DRAUGHTING_PRE_DEFINED_CURVE_FONT('continuous');
#18425 = STYLED_ITEM('color',(#18426),#10512);
#18426 = PRESENTATION_STYLE_ASSIGNMENT((#18427,#18432));
#18427 = SURFACE_STYLE_USAGE(.BOTH.,#18428);
#18428 = SURFACE_SIDE_STYLE('',(#18429));
#18429 = SURFACE_STYLE_FILL_AREA(#18430);
#18430 = FILL_AREA_STYLE('',(#18431));
#18431 = FILL_AREA_STYLE_COLOUR('',#16702);
#18432 = CURVE_STYLE('',#18433,POSITIVE_LENGTH_MEASURE(0.1),#16702);
#18433 = DRAUGHTING_PRE_DEFINED_CURVE_FONT('continuous');
#18434 = OVER_RIDING_STYLED_ITEM('overriding color',(#18435),#10514,
  #18425);
#18435 = PRESENTATION_STYLE_ASSIGNMENT((#18436,#18441));
#18436 = SURFACE_STYLE_USAGE(.BOTH.,#18437);
#18437 = SURFACE_SIDE_STYLE('',(#18438));
#18438 = SURFACE_STYLE_FILL_AREA(#18439);
#18439 = FILL_AREA_STYLE('',(#18440));
#18440 = FILL_AREA_STYLE_COLOUR('',#16712);
#18441 = CURVE_STYLE('',#18442,POSITIVE_LENGTH_MEASURE(0.1),#16712);
#18442 = DRAUGHTING_PRE_DEFINED_CURVE_FONT('continuous');
#18443 = OVER_RIDING_STYLED_ITEM('overriding color',(#18444),#10556,
  #18425);
#18444 = PRESENTATION_STYLE_ASSIGNMENT((#18445,#18450));
#18445 = SURFACE_STYLE_USAGE(.BOTH.,#18446);
#18446 = SURFACE_SIDE_STYLE('',(#18447));
#18447 = SURFACE_STYLE_FILL_AREA(#18448);
#18448 = FILL_AREA_STYLE('',(#18449));
#18449 = FILL_AREA_STYLE_COLOUR('',#16712);
#18450 = CURVE_STYLE('',#18451,POSITIVE_LENGTH_MEASURE(0.1),#16712);
#18451 = DRAUGHTING_PRE_DEFINED_CURVE_FONT('continuous');
#18452 = OVER_RIDING_STYLED_ITEM('overriding color',(#18453),#10596,
  #18425);
#18453 = PRESENTATION_STYLE_ASSIGNMENT((#18454,#18459));
#18454 = SURFACE_STYLE_USAGE(.BOTH.,#18455);
#18455 = SURFACE_SIDE_STYLE('',(#18456));
#18456 = SURFACE_STYLE_FILL_AREA(#18457);
#18457 = FILL_AREA_STYLE('',(#18458));
#18458 = FILL_AREA_STYLE_COLOUR('',#16712);
#18459 = CURVE_STYLE('',#18460,POSITIVE_LENGTH_MEASURE(0.1),#16712);
#18460 = DRAUGHTING_PRE_DEFINED_CURVE_FONT('continuous');
#18461 = OVER_RIDING_STYLED_ITEM('overriding color',(#18462),#10627,
  #18425);
#18462 = PRESENTATION_STYLE_ASSIGNMENT((#18463,#18468));
#18463 = SURFACE_STYLE_USAGE(.BOTH.,#18464);
#18464 = SURFACE_SIDE_STYLE('',(#18465));
#18465 = SURFACE_STYLE_FILL_AREA(#18466);
#18466 = FILL_AREA_STYLE('',(#18467));
#18467 = FILL_AREA_STYLE_COLOUR('',#16712);
#18468 = CURVE_STYLE('',#18469,POSITIVE_LENGTH_MEASURE(0.1),#16712);
#18469 = DRAUGHTING_PRE_DEFINED_CURVE_FONT('continuous');
#18470 = OVER_RIDING_STYLED_ITEM('overriding color',(#18471),#10690,
  #18425);
#18471 = PRESENTATION_STYLE_ASSIGNMENT((#18472,#18477));
#18472 = SURFACE_STYLE_USAGE(.BOTH.,#18473);
#18473 = SURFACE_SIDE_STYLE('',(#18474));
#18474 = SURFACE_STYLE_FILL_AREA(#18475);
#18475 = FILL_AREA_STYLE('',(#18476));
#18476 = FILL_AREA_STYLE_COLOUR('',#16712);
#18477 = CURVE_STYLE('',#18478,POSITIVE_LENGTH_MEASURE(0.1),#16712);
#18478 = DRAUGHTING_PRE_DEFINED_CURVE_FONT('continuous');
#18479 = OVER_RIDING_STYLED_ITEM('overriding color',(#18480),#10714,
  #18425);
#18480 = PRESENTATION_STYLE_ASSIGNMENT((#18481,#18486));
#18481 = SURFACE_STYLE_USAGE(.BOTH.,#18482);
#18482 = SURFACE_SIDE_STYLE('',(#18483));
#18483 = SURFACE_STYLE_FILL_AREA(#18484);
#18484 = FILL_AREA_STYLE('',(#18485));
#18485 = FILL_AREA_STYLE_COLOUR('',#16712);
#18486 = CURVE_STYLE('',#18487,POSITIVE_LENGTH_MEASURE(0.1),#16712);
#18487 = DRAUGHTING_PRE_DEFINED_CURVE_FONT('continuous');
#18488 = OVER_RIDING_STYLED_ITEM('overriding color',(#18489),#10777,
  #18425);
#18489 = PRESENTATION_STYLE_ASSIGNMENT((#18490,#18495));
#18490 = SURFACE_STYLE_USAGE(.BOTH.,#18491);
#18491 = SURFACE_SIDE_STYLE('',(#18492));
#18492 = SURFACE_STYLE_FILL_AREA(#18493);
#18493 = FILL_AREA_STYLE('',(#18494));
#18494 = FILL_AREA_STYLE_COLOUR('',#16712);
#18495 = CURVE_STYLE('',#18496,POSITIVE_LENGTH_MEASURE(0.1),#16712);
#18496 = DRAUGHTING_PRE_DEFINED_CURVE_FONT('continuous');
#18497 = OVER_RIDING_STYLED_ITEM('overriding color',(#18498),#10799,
  #18425);
#18498 = PRESENTATION_STYLE_ASSIGNMENT((#18499,#18504));
#18499 = SURFACE_STYLE_USAGE(.BOTH.,#18500);
#18500 = SURFACE_SIDE_STYLE('',(#18501));
#18501 = SURFACE_STYLE_FILL_AREA(#18502);
#18502 = FILL_AREA_STYLE('',(#18503));
#18503 = FILL_AREA_STYLE_COLOUR('',#16712);
#18504 = CURVE_STYLE('',#18505,POSITIVE_LENGTH_MEASURE(0.1),#16712);
#18505 = DRAUGHTING_PRE_DEFINED_CURVE_FONT('continuous');
#18506 = OVER_RIDING_STYLED_ITEM('overriding color',(#18507),#10814,
  #18425);
#18507 = PRESENTATION_STYLE_ASSIGNMENT((#18508,#18513));
#18508 = SURFACE_STYLE_USAGE(.BOTH.,#18509);
#18509 = SURFACE_SIDE_STYLE('',(#18510));
#18510 = SURFACE_STYLE_FILL_AREA(#18511);
#18511 = FILL_AREA_STYLE('',(#18512));
#18512 = FILL_AREA_STYLE_COLOUR('',#16712);
#18513 = CURVE_STYLE('',#18514,POSITIVE_LENGTH_MEASURE(0.1),#16712);
#18514 = DRAUGHTING_PRE_DEFINED_CURVE_FONT('continuous');
#18515 = OVER_RIDING_STYLED_ITEM('overriding color',(#18516),#10834,
  #18425);
#18516 = PRESENTATION_STYLE_ASSIGNMENT((#18517,#18522));
#18517 = SURFACE_STYLE_USAGE(.BOTH.,#18518);
#18518 = SURFACE_SIDE_STYLE('',(#18519));
#18519 = SURFACE_STYLE_FILL_AREA(#18520);
#18520 = FILL_AREA_STYLE('',(#18521));
#18521 = FILL_AREA_STYLE_COLOUR('',#16712);
#18522 = CURVE_STYLE('',#18523,POSITIVE_LENGTH_MEASURE(0.1),#16712);
#18523 = DRAUGHTING_PRE_DEFINED_CURVE_FONT('continuous');
#18524 = OVER_RIDING_STYLED_ITEM('overriding color',(#18525),#10852,
  #18425);
#18525 = PRESENTATION_STYLE_ASSIGNMENT((#18526,#18531));
#18526 = SURFACE_STYLE_USAGE(.BOTH.,#18527);
#18527 = SURFACE_SIDE_STYLE('',(#18528));
#18528 = SURFACE_STYLE_FILL_AREA(#18529);
#18529 = FILL_AREA_STYLE('',(#18530));
#18530 = FILL_AREA_STYLE_COLOUR('',#16712);
#18531 = CURVE_STYLE('',#18532,POSITIVE_LENGTH_MEASURE(0.1),#16712);
#18532 = DRAUGHTING_PRE_DEFINED_CURVE_FONT('continuous');
#18533 = OVER_RIDING_STYLED_ITEM('overriding color',(#18534),#10885,
  #18425);
#18534 = PRESENTATION_STYLE_ASSIGNMENT((#18535,#18540));
#18535 = SURFACE_STYLE_USAGE(.BOTH.,#18536);
#18536 = SURFACE_SIDE_STYLE('',(#18537));
#18537 = SURFACE_STYLE_FILL_AREA(#18538);
#18538 = FILL_AREA_STYLE('',(#18539));
#18539 = FILL_AREA_STYLE_COLOUR('',#16712);
#18540 = CURVE_STYLE('',#18541,POSITIVE_LENGTH_MEASURE(0.1),#16712);
#18541 = DRAUGHTING_PRE_DEFINED_CURVE_FONT('continuous');
#18542 = OVER_RIDING_STYLED_ITEM('overriding color',(#18543),#10916,
  #18425);
#18543 = PRESENTATION_STYLE_ASSIGNMENT((#18544,#18549));
#18544 = SURFACE_STYLE_USAGE(.BOTH.,#18545);
#18545 = SURFACE_SIDE_STYLE('',(#18546));
#18546 = SURFACE_STYLE_FILL_AREA(#18547);
#18547 = FILL_AREA_STYLE('',(#18548));
#18548 = FILL_AREA_STYLE_COLOUR('',#16712);
#18549 = CURVE_STYLE('',#18550,POSITIVE_LENGTH_MEASURE(0.1),#16712);
#18550 = DRAUGHTING_PRE_DEFINED_CURVE_FONT('continuous');
#18551 = OVER_RIDING_STYLED_ITEM('overriding color',(#18552),#10933,
  #18425);
#18552 = PRESENTATION_STYLE_ASSIGNMENT((#18553,#18558));
#18553 = SURFACE_STYLE_USAGE(.BOTH.,#18554);
#18554 = SURFACE_SIDE_STYLE('',(#18555));
#18555 = SURFACE_STYLE_FILL_AREA(#18556);
#18556 = FILL_AREA_STYLE('',(#18557));
#18557 = FILL_AREA_STYLE_COLOUR('',#16712);
#18558 = CURVE_STYLE('',#18559,POSITIVE_LENGTH_MEASURE(0.1),#16712);
#18559 = DRAUGHTING_PRE_DEFINED_CURVE_FONT('continuous');
#18560 = OVER_RIDING_STYLED_ITEM('overriding color',(#18561),#10950,
  #18425);
#18561 = PRESENTATION_STYLE_ASSIGNMENT((#18562,#18567));
#18562 = SURFACE_STYLE_USAGE(.BOTH.,#18563);
#18563 = SURFACE_SIDE_STYLE('',(#18564));
#18564 = SURFACE_STYLE_FILL_AREA(#18565);
#18565 = FILL_AREA_STYLE('',(#18566));
#18566 = FILL_AREA_STYLE_COLOUR('',#16712);
#18567 = CURVE_STYLE('',#18568,POSITIVE_LENGTH_MEASURE(0.1),#16712);
#18568 = DRAUGHTING_PRE_DEFINED_CURVE_FONT('continuous');
#18569 = STYLED_ITEM('color',(#18570),#10965);
#18570 = PRESENTATION_STYLE_ASSIGNMENT((#18571,#18576));
#18571 = SURFACE_STYLE_USAGE(.BOTH.,#18572);
#18572 = SURFACE_SIDE_STYLE('',(#18573));
#18573 = SURFACE_STYLE_FILL_AREA(#18574);
#18574 = FILL_AREA_STYLE('',(#18575));
#18575 = FILL_AREA_STYLE_COLOUR('',#16702);
#18576 = CURVE_STYLE('',#18577,POSITIVE_LENGTH_MEASURE(0.1),#16702);
#18577 = DRAUGHTING_PRE_DEFINED_CURVE_FONT('continuous');
#18578 = OVER_RIDING_STYLED_ITEM('overriding color',(#18579),#10967,
  #18569);
#18579 = PRESENTATION_STYLE_ASSIGNMENT((#18580,#18585));
#18580 = SURFACE_STYLE_USAGE(.BOTH.,#18581);
#18581 = SURFACE_SIDE_STYLE('',(#18582));
#18582 = SURFACE_STYLE_FILL_AREA(#18583);
#18583 = FILL_AREA_STYLE('',(#18584));
#18584 = FILL_AREA_STYLE_COLOUR('',#16712);
#18585 = CURVE_STYLE('',#18586,POSITIVE_LENGTH_MEASURE(0.1),#16712);
#18586 = DRAUGHTING_PRE_DEFINED_CURVE_FONT('continuous');
#18587 = OVER_RIDING_STYLED_ITEM('overriding color',(#18588),#11009,
  #18569);
#18588 = PRESENTATION_STYLE_ASSIGNMENT((#18589,#18594));
#18589 = SURFACE_STYLE_USAGE(.BOTH.,#18590);
#18590 = SURFACE_SIDE_STYLE('',(#18591));
#18591 = SURFACE_STYLE_FILL_AREA(#18592);
#18592 = FILL_AREA_STYLE('',(#18593));
#18593 = FILL_AREA_STYLE_COLOUR('',#16712);
#18594 = CURVE_STYLE('',#18595,POSITIVE_LENGTH_MEASURE(0.1),#16712);
#18595 = DRAUGHTING_PRE_DEFINED_CURVE_FONT('continuous');
#18596 = OVER_RIDING_STYLED_ITEM('overriding color',(#18597),#11049,
  #18569);
#18597 = PRESENTATION_STYLE_ASSIGNMENT((#18598,#18603));
#18598 = SURFACE_STYLE_USAGE(.BOTH.,#18599);
#18599 = SURFACE_SIDE_STYLE('',(#18600));
#18600 = SURFACE_STYLE_FILL_AREA(#18601);
#18601 = FILL_AREA_STYLE('',(#18602));
#18602 = FILL_AREA_STYLE_COLOUR('',#16712);
#18603 = CURVE_STYLE('',#18604,POSITIVE_LENGTH_MEASURE(0.1),#16712);
#18604 = DRAUGHTING_PRE_DEFINED_CURVE_FONT('continuous');
#18605 = OVER_RIDING_STYLED_ITEM('overriding color',(#18606),#11080,
  #18569);
#18606 = PRESENTATION_STYLE_ASSIGNMENT((#18607,#18612));
#18607 = SURFACE_STYLE_USAGE(.BOTH.,#18608);
#18608 = SURFACE_SIDE_STYLE('',(#18609));
#18609 = SURFACE_STYLE_FILL_AREA(#18610);
#18610 = FILL_AREA_STYLE('',(#18611));
#18611 = FILL_AREA_STYLE_COLOUR('',#16712);
#18612 = CURVE_STYLE('',#18613,POSITIVE_LENGTH_MEASURE(0.1),#16712);
#18613 = DRAUGHTING_PRE_DEFINED_CURVE_FONT('continuous');
#18614 = OVER_RIDING_STYLED_ITEM('overriding color',(#18615),#11143,
  #18569);
#18615 = PRESENTATION_STYLE_ASSIGNMENT((#18616,#18621));
#18616 = SURFACE_STYLE_USAGE(.BOTH.,#18617);
#18617 = SURFACE_SIDE_STYLE('',(#18618));
#18618 = SURFACE_STYLE_FILL_AREA(#18619);
#18619 = FILL_AREA_STYLE('',(#18620));
#18620 = FILL_AREA_STYLE_COLOUR('',#16712);
#18621 = CURVE_STYLE('',#18622,POSITIVE_LENGTH_MEASURE(0.1),#16712);
#18622 = DRAUGHTING_PRE_DEFINED_CURVE_FONT('continuous');
#18623 = OVER_RIDING_STYLED_ITEM('overriding color',(#18624),#11167,
  #18569);
#18624 = PRESENTATION_STYLE_ASSIGNMENT((#18625,#18630));
#18625 = SURFACE_STYLE_USAGE(.BOTH.,#18626);
#18626 = SURFACE_SIDE_STYLE('',(#18627));
#18627 = SURFACE_STYLE_FILL_AREA(#18628);
#18628 = FILL_AREA_STYLE('',(#18629));
#18629 = FILL_AREA_STYLE_COLOUR('',#16712);
#18630 = CURVE_STYLE('',#18631,POSITIVE_LENGTH_MEASURE(0.1),#16712);
#18631 = DRAUGHTING_PRE_DEFINED_CURVE_FONT('continuous');
#18632 = OVER_RIDING_STYLED_ITEM('overriding color',(#18633),#11230,
  #18569);
#18633 = PRESENTATION_STYLE_ASSIGNMENT((#18634,#18639));
#18634 = SURFACE_STYLE_USAGE(.BOTH.,#18635);
#18635 = SURFACE_SIDE_STYLE('',(#18636));
#18636 = SURFACE_STYLE_FILL_AREA(#18637);
#18637 = FILL_AREA_STYLE('',(#18638));
#18638 = FILL_AREA_STYLE_COLOUR('',#16712);
#18639 = CURVE_STYLE('',#18640,POSITIVE_LENGTH_MEASURE(0.1),#16712);
#18640 = DRAUGHTING_PRE_DEFINED_CURVE_FONT('continuous');
#18641 = OVER_RIDING_STYLED_ITEM('overriding color',(#18642),#11252,
  #18569);
#18642 = PRESENTATION_STYLE_ASSIGNMENT((#18643,#18648));
#18643 = SURFACE_STYLE_USAGE(.BOTH.,#18644);
#18644 = SURFACE_SIDE_STYLE('',(#18645));
#18645 = SURFACE_STYLE_FILL_AREA(#18646);
#18646 = FILL_AREA_STYLE('',(#18647));
#18647 = FILL_AREA_STYLE_COLOUR('',#16712);
#18648 = CURVE_STYLE('',#18649,POSITIVE_LENGTH_MEASURE(0.1),#16712);
#18649 = DRAUGHTING_PRE_DEFINED_CURVE_FONT('continuous');
#18650 = OVER_RIDING_STYLED_ITEM('overriding color',(#18651),#11267,
  #18569);
#18651 = PRESENTATION_STYLE_ASSIGNMENT((#18652,#18657));
#18652 = SURFACE_STYLE_USAGE(.BOTH.,#18653);
#18653 = SURFACE_SIDE_STYLE('',(#18654));
#18654 = SURFACE_STYLE_FILL_AREA(#18655);
#18655 = FILL_AREA_STYLE('',(#18656));
#18656 = FILL_AREA_STYLE_COLOUR('',#16712);
#18657 = CURVE_STYLE('',#18658,POSITIVE_LENGTH_MEASURE(0.1),#16712);
#18658 = DRAUGHTING_PRE_DEFINED_CURVE_FONT('continuous');
#18659 = OVER_RIDING_STYLED_ITEM('overriding color',(#18660),#11287,
  #18569);
#18660 = PRESENTATION_STYLE_ASSIGNMENT((#18661,#18666));
#18661 = SURFACE_STYLE_USAGE(.BOTH.,#18662);
#18662 = SURFACE_SIDE_STYLE('',(#18663));
#18663 = SURFACE_STYLE_FILL_AREA(#18664);
#18664 = FILL_AREA_STYLE('',(#18665));
#18665 = FILL_AREA_STYLE_COLOUR('',#16712);
#18666 = CURVE_STYLE('',#18667,POSITIVE_LENGTH_MEASURE(0.1),#16712);
#18667 = DRAUGHTING_PRE_DEFINED_CURVE_FONT('continuous');
#18668 = OVER_RIDING_STYLED_ITEM('overriding color',(#18669),#11305,
  #18569);
#18669 = PRESENTATION_STYLE_ASSIGNMENT((#18670,#18675));
#18670 = SURFACE_STYLE_USAGE(.BOTH.,#18671);
#18671 = SURFACE_SIDE_STYLE('',(#18672));
#18672 = SURFACE_STYLE_FILL_AREA(#18673);
#18673 = FILL_AREA_STYLE('',(#18674));
#18674 = FILL_AREA_STYLE_COLOUR('',#16712);
#18675 = CURVE_STYLE('',#18676,POSITIVE_LENGTH_MEASURE(0.1),#16712);
#18676 = DRAUGHTING_PRE_DEFINED_CURVE_FONT('continuous');
#18677 = OVER_RIDING_STYLED_ITEM('overriding color',(#18678),#11338,
  #18569);
#18678 = PRESENTATION_STYLE_ASSIGNMENT((#18679,#18684));
#18679 = SURFACE_STYLE_USAGE(.BOTH.,#18680);
#18680 = SURFACE_SIDE_STYLE('',(#18681));
#18681 = SURFACE_STYLE_FILL_AREA(#18682);
#18682 = FILL_AREA_STYLE('',(#18683));
#18683 = FILL_AREA_STYLE_COLOUR('',#16712);
#18684 = CURVE_STYLE('',#18685,POSITIVE_LENGTH_MEASURE(0.1),#16712);
#18685 = DRAUGHTING_PRE_DEFINED_CURVE_FONT('continuous');
#18686 = OVER_RIDING_STYLED_ITEM('overriding color',(#18687),#11369,
  #18569);
#18687 = PRESENTATION_STYLE_ASSIGNMENT((#18688,#18693));
#18688 = SURFACE_STYLE_USAGE(.BOTH.,#18689);
#18689 = SURFACE_SIDE_STYLE('',(#18690));
#18690 = SURFACE_STYLE_FILL_AREA(#18691);
#18691 = FILL_AREA_STYLE('',(#18692));
#18692 = FILL_AREA_STYLE_COLOUR('',#16712);
#18693 = CURVE_STYLE('',#18694,POSITIVE_LENGTH_MEASURE(0.1),#16712);
#18694 = DRAUGHTING_PRE_DEFINED_CURVE_FONT('continuous');
#18695 = OVER_RIDING_STYLED_ITEM('overriding color',(#18696),#11386,
  #18569);
#18696 = PRESENTATION_STYLE_ASSIGNMENT((#18697,#18702));
#18697 = SURFACE_STYLE_USAGE(.BOTH.,#18698);
#18698 = SURFACE_SIDE_STYLE('',(#18699));
#18699 = SURFACE_STYLE_FILL_AREA(#18700);
#18700 = FILL_AREA_STYLE('',(#18701));
#18701 = FILL_AREA_STYLE_COLOUR('',#16712);
#18702 = CURVE_STYLE('',#18703,POSITIVE_LENGTH_MEASURE(0.1),#16712);
#18703 = DRAUGHTING_PRE_DEFINED_CURVE_FONT('continuous');
#18704 = OVER_RIDING_STYLED_ITEM('overriding color',(#18705),#11403,
  #18569);
#18705 = PRESENTATION_STYLE_ASSIGNMENT((#18706,#18711));
#18706 = SURFACE_STYLE_USAGE(.BOTH.,#18707);
#18707 = SURFACE_SIDE_STYLE('',(#18708));
#18708 = SURFACE_STYLE_FILL_AREA(#18709);
#18709 = FILL_AREA_STYLE('',(#18710));
#18710 = FILL_AREA_STYLE_COLOUR('',#16712);
#18711 = CURVE_STYLE('',#18712,POSITIVE_LENGTH_MEASURE(0.1),#16712);
#18712 = DRAUGHTING_PRE_DEFINED_CURVE_FONT('continuous');
#18713 = STYLED_ITEM('color',(#18714),#11418);
#18714 = PRESENTATION_STYLE_ASSIGNMENT((#18715,#18720));
#18715 = SURFACE_STYLE_USAGE(.BOTH.,#18716);
#18716 = SURFACE_SIDE_STYLE('',(#18717));
#18717 = SURFACE_STYLE_FILL_AREA(#18718);
#18718 = FILL_AREA_STYLE('',(#18719));
#18719 = FILL_AREA_STYLE_COLOUR('',#16702);
#18720 = CURVE_STYLE('',#18721,POSITIVE_LENGTH_MEASURE(0.1),#16702);
#18721 = DRAUGHTING_PRE_DEFINED_CURVE_FONT('continuous');
#18722 = OVER_RIDING_STYLED_ITEM('overriding color',(#18723),#11420,
  #18713);
#18723 = PRESENTATION_STYLE_ASSIGNMENT((#18724,#18729));
#18724 = SURFACE_STYLE_USAGE(.BOTH.,#18725);
#18725 = SURFACE_SIDE_STYLE('',(#18726));
#18726 = SURFACE_STYLE_FILL_AREA(#18727);
#18727 = FILL_AREA_STYLE('',(#18728));
#18728 = FILL_AREA_STYLE_COLOUR('',#16712);
#18729 = CURVE_STYLE('',#18730,POSITIVE_LENGTH_MEASURE(0.1),#16712);
#18730 = DRAUGHTING_PRE_DEFINED_CURVE_FONT('continuous');
#18731 = OVER_RIDING_STYLED_ITEM('overriding color',(#18732),#11462,
  #18713);
#18732 = PRESENTATION_STYLE_ASSIGNMENT((#18733,#18738));
#18733 = SURFACE_STYLE_USAGE(.BOTH.,#18734);
#18734 = SURFACE_SIDE_STYLE('',(#18735));
#18735 = SURFACE_STYLE_FILL_AREA(#18736);
#18736 = FILL_AREA_STYLE('',(#18737));
#18737 = FILL_AREA_STYLE_COLOUR('',#16712);
#18738 = CURVE_STYLE('',#18739,POSITIVE_LENGTH_MEASURE(0.1),#16712);
#18739 = DRAUGHTING_PRE_DEFINED_CURVE_FONT('continuous');
#18740 = OVER_RIDING_STYLED_ITEM('overriding color',(#18741),#11518,
  #18713);
#18741 = PRESENTATION_STYLE_ASSIGNMENT((#18742,#18747));
#18742 = SURFACE_STYLE_USAGE(.BOTH.,#18743);
#18743 = SURFACE_SIDE_STYLE('',(#18744));
#18744 = SURFACE_STYLE_FILL_AREA(#18745);
#18745 = FILL_AREA_STYLE('',(#18746));
#18746 = FILL_AREA_STYLE_COLOUR('',#16712);
#18747 = CURVE_STYLE('',#18748,POSITIVE_LENGTH_MEASURE(0.1),#16712);
#18748 = DRAUGHTING_PRE_DEFINED_CURVE_FONT('continuous');
#18749 = OVER_RIDING_STYLED_ITEM('overriding color',(#18750),#11581,
  #18713);
#18750 = PRESENTATION_STYLE_ASSIGNMENT((#18751,#18756));
#18751 = SURFACE_STYLE_USAGE(.BOTH.,#18752);
#18752 = SURFACE_SIDE_STYLE('',(#18753));
#18753 = SURFACE_STYLE_FILL_AREA(#18754);
#18754 = FILL_AREA_STYLE('',(#18755));
#18755 = FILL_AREA_STYLE_COLOUR('',#16712);
#18756 = CURVE_STYLE('',#18757,POSITIVE_LENGTH_MEASURE(0.1),#16712);
#18757 = DRAUGHTING_PRE_DEFINED_CURVE_FONT('continuous');
#18758 = OVER_RIDING_STYLED_ITEM('overriding color',(#18759),#11614,
  #18713);
#18759 = PRESENTATION_STYLE_ASSIGNMENT((#18760,#18765));
#18760 = SURFACE_STYLE_USAGE(.BOTH.,#18761);
#18761 = SURFACE_SIDE_STYLE('',(#18762));
#18762 = SURFACE_STYLE_FILL_AREA(#18763);
#18763 = FILL_AREA_STYLE('',(#18764));
#18764 = FILL_AREA_STYLE_COLOUR('',#16712);
#18765 = CURVE_STYLE('',#18766,POSITIVE_LENGTH_MEASURE(0.1),#16712);
#18766 = DRAUGHTING_PRE_DEFINED_CURVE_FONT('continuous');
#18767 = OVER_RIDING_STYLED_ITEM('overriding color',(#18768),#11661,
  #18713);
#18768 = PRESENTATION_STYLE_ASSIGNMENT((#18769,#18774));
#18769 = SURFACE_STYLE_USAGE(.BOTH.,#18770);
#18770 = SURFACE_SIDE_STYLE('',(#18771));
#18771 = SURFACE_STYLE_FILL_AREA(#18772);
#18772 = FILL_AREA_STYLE('',(#18773));
#18773 = FILL_AREA_STYLE_COLOUR('',#16712);
#18774 = CURVE_STYLE('',#18775,POSITIVE_LENGTH_MEASURE(0.1),#16712);
#18775 = DRAUGHTING_PRE_DEFINED_CURVE_FONT('continuous');
#18776 = OVER_RIDING_STYLED_ITEM('overriding color',(#18777),#11685,
  #18713);
#18777 = PRESENTATION_STYLE_ASSIGNMENT((#18778,#18783));
#18778 = SURFACE_STYLE_USAGE(.BOTH.,#18779);
#18779 = SURFACE_SIDE_STYLE('',(#18780));
#18780 = SURFACE_STYLE_FILL_AREA(#18781);
#18781 = FILL_AREA_STYLE('',(#18782));
#18782 = FILL_AREA_STYLE_COLOUR('',#16712);
#18783 = CURVE_STYLE('',#18784,POSITIVE_LENGTH_MEASURE(0.1),#16712);
#18784 = DRAUGHTING_PRE_DEFINED_CURVE_FONT('continuous');
#18785 = OVER_RIDING_STYLED_ITEM('overriding color',(#18786),#11709,
  #18713);
#18786 = PRESENTATION_STYLE_ASSIGNMENT((#18787,#18792));
#18787 = SURFACE_STYLE_USAGE(.BOTH.,#18788);
#18788 = SURFACE_SIDE_STYLE('',(#18789));
#18789 = SURFACE_STYLE_FILL_AREA(#18790);
#18790 = FILL_AREA_STYLE('',(#18791));
#18791 = FILL_AREA_STYLE_COLOUR('',#16712);
#18792 = CURVE_STYLE('',#18793,POSITIVE_LENGTH_MEASURE(0.1),#16712);
#18793 = DRAUGHTING_PRE_DEFINED_CURVE_FONT('continuous');
#18794 = OVER_RIDING_STYLED_ITEM('overriding color',(#18795),#11726,
  #18713);
#18795 = PRESENTATION_STYLE_ASSIGNMENT((#18796,#18801));
#18796 = SURFACE_STYLE_USAGE(.BOTH.,#18797);
#18797 = SURFACE_SIDE_STYLE('',(#18798));
#18798 = SURFACE_STYLE_FILL_AREA(#18799);
#18799 = FILL_AREA_STYLE('',(#18800));
#18800 = FILL_AREA_STYLE_COLOUR('',#16712);
#18801 = CURVE_STYLE('',#18802,POSITIVE_LENGTH_MEASURE(0.1),#16712);
#18802 = DRAUGHTING_PRE_DEFINED_CURVE_FONT('continuous');
#18803 = OVER_RIDING_STYLED_ITEM('overriding color',(#18804),#11740,
  #18713);
#18804 = PRESENTATION_STYLE_ASSIGNMENT((#18805,#18810));
#18805 = SURFACE_STYLE_USAGE(.BOTH.,#18806);
#18806 = SURFACE_SIDE_STYLE('',(#18807));
#18807 = SURFACE_STYLE_FILL_AREA(#18808);
#18808 = FILL_AREA_STYLE('',(#18809));
#18809 = FILL_AREA_STYLE_COLOUR('',#16712);
#18810 = CURVE_STYLE('',#18811,POSITIVE_LENGTH_MEASURE(0.1),#16712);
#18811 = DRAUGHTING_PRE_DEFINED_CURVE_FONT('continuous');
#18812 = OVER_RIDING_STYLED_ITEM('overriding color',(#18813),#11758,
  #18713);
#18813 = PRESENTATION_STYLE_ASSIGNMENT((#18814,#18819));
#18814 = SURFACE_STYLE_USAGE(.BOTH.,#18815);
#18815 = SURFACE_SIDE_STYLE('',(#18816));
#18816 = SURFACE_STYLE_FILL_AREA(#18817);
#18817 = FILL_AREA_STYLE('',(#18818));
#18818 = FILL_AREA_STYLE_COLOUR('',#16712);
#18819 = CURVE_STYLE('',#18820,POSITIVE_LENGTH_MEASURE(0.1),#16712);
#18820 = DRAUGHTING_PRE_DEFINED_CURVE_FONT('continuous');
#18821 = OVER_RIDING_STYLED_ITEM('overriding color',(#18822),#11789,
  #18713);
#18822 = PRESENTATION_STYLE_ASSIGNMENT((#18823,#18828));
#18823 = SURFACE_STYLE_USAGE(.BOTH.,#18824);
#18824 = SURFACE_SIDE_STYLE('',(#18825));
#18825 = SURFACE_STYLE_FILL_AREA(#18826);
#18826 = FILL_AREA_STYLE('',(#18827));
#18827 = FILL_AREA_STYLE_COLOUR('',#16712);
#18828 = CURVE_STYLE('',#18829,POSITIVE_LENGTH_MEASURE(0.1),#16712);
#18829 = DRAUGHTING_PRE_DEFINED_CURVE_FONT('continuous');
#18830 = OVER_RIDING_STYLED_ITEM('overriding color',(#18831),#11820,
  #18713);
#18831 = PRESENTATION_STYLE_ASSIGNMENT((#18832,#18837));
#18832 = SURFACE_STYLE_USAGE(.BOTH.,#18833);
#18833 = SURFACE_SIDE_STYLE('',(#18834));
#18834 = SURFACE_STYLE_FILL_AREA(#18835);
#18835 = FILL_AREA_STYLE('',(#18836));
#18836 = FILL_AREA_STYLE_COLOUR('',#16712);
#18837 = CURVE_STYLE('',#18838,POSITIVE_LENGTH_MEASURE(0.1),#16712);
#18838 = DRAUGHTING_PRE_DEFINED_CURVE_FONT('continuous');
#18839 = OVER_RIDING_STYLED_ITEM('overriding color',(#18840),#11842,
  #18713);
#18840 = PRESENTATION_STYLE_ASSIGNMENT((#18841,#18846));
#18841 = SURFACE_STYLE_USAGE(.BOTH.,#18842);
#18842 = SURFACE_SIDE_STYLE('',(#18843));
#18843 = SURFACE_STYLE_FILL_AREA(#18844);
#18844 = FILL_AREA_STYLE('',(#18845));
#18845 = FILL_AREA_STYLE_COLOUR('',#16712);
#18846 = CURVE_STYLE('',#18847,POSITIVE_LENGTH_MEASURE(0.1),#16712);
#18847 = DRAUGHTING_PRE_DEFINED_CURVE_FONT('continuous');
#18848 = OVER_RIDING_STYLED_ITEM('overriding color',(#18849),#11856,
  #18713);
#18849 = PRESENTATION_STYLE_ASSIGNMENT((#18850,#18855));
#18850 = SURFACE_STYLE_USAGE(.BOTH.,#18851);
#18851 = SURFACE_SIDE_STYLE('',(#18852));
#18852 = SURFACE_STYLE_FILL_AREA(#18853);
#18853 = FILL_AREA_STYLE('',(#18854));
#18854 = FILL_AREA_STYLE_COLOUR('',#16712);
#18855 = CURVE_STYLE('',#18856,POSITIVE_LENGTH_MEASURE(0.1),#16712);
#18856 = DRAUGHTING_PRE_DEFINED_CURVE_FONT('continuous');
#18857 = STYLED_ITEM('color',(#18858),#11871);
#18858 = PRESENTATION_STYLE_ASSIGNMENT((#18859,#18864));
#18859 = SURFACE_STYLE_USAGE(.BOTH.,#18860);
#18860 = SURFACE_SIDE_STYLE('',(#18861));
#18861 = SURFACE_STYLE_FILL_AREA(#18862);
#18862 = FILL_AREA_STYLE('',(#18863));
#18863 = FILL_AREA_STYLE_COLOUR('',#16702);
#18864 = CURVE_STYLE('',#18865,POSITIVE_LENGTH_MEASURE(0.1),#16702);
#18865 = DRAUGHTING_PRE_DEFINED_CURVE_FONT('continuous');
#18866 = OVER_RIDING_STYLED_ITEM('overriding color',(#18867),#11873,
  #18857);
#18867 = PRESENTATION_STYLE_ASSIGNMENT((#18868,#18873));
#18868 = SURFACE_STYLE_USAGE(.BOTH.,#18869);
#18869 = SURFACE_SIDE_STYLE('',(#18870));
#18870 = SURFACE_STYLE_FILL_AREA(#18871);
#18871 = FILL_AREA_STYLE('',(#18872));
#18872 = FILL_AREA_STYLE_COLOUR('',#16712);
#18873 = CURVE_STYLE('',#18874,POSITIVE_LENGTH_MEASURE(0.1),#16712);
#18874 = DRAUGHTING_PRE_DEFINED_CURVE_FONT('continuous');
#18875 = OVER_RIDING_STYLED_ITEM('overriding color',(#18876),#11915,
  #18857);
#18876 = PRESENTATION_STYLE_ASSIGNMENT((#18877,#18882));
#18877 = SURFACE_STYLE_USAGE(.BOTH.,#18878);
#18878 = SURFACE_SIDE_STYLE('',(#18879));
#18879 = SURFACE_STYLE_FILL_AREA(#18880);
#18880 = FILL_AREA_STYLE('',(#18881));
#18881 = FILL_AREA_STYLE_COLOUR('',#16712);
#18882 = CURVE_STYLE('',#18883,POSITIVE_LENGTH_MEASURE(0.1),#16712);
#18883 = DRAUGHTING_PRE_DEFINED_CURVE_FONT('continuous');
#18884 = OVER_RIDING_STYLED_ITEM('overriding color',(#18885),#11971,
  #18857);
#18885 = PRESENTATION_STYLE_ASSIGNMENT((#18886,#18891));
#18886 = SURFACE_STYLE_USAGE(.BOTH.,#18887);
#18887 = SURFACE_SIDE_STYLE('',(#18888));
#18888 = SURFACE_STYLE_FILL_AREA(#18889);
#18889 = FILL_AREA_STYLE('',(#18890));
#18890 = FILL_AREA_STYLE_COLOUR('',#16712);
#18891 = CURVE_STYLE('',#18892,POSITIVE_LENGTH_MEASURE(0.1),#16712);
#18892 = DRAUGHTING_PRE_DEFINED_CURVE_FONT('continuous');
#18893 = OVER_RIDING_STYLED_ITEM('overriding color',(#18894),#12034,
  #18857);
#18894 = PRESENTATION_STYLE_ASSIGNMENT((#18895,#18900));
#18895 = SURFACE_STYLE_USAGE(.BOTH.,#18896);
#18896 = SURFACE_SIDE_STYLE('',(#18897));
#18897 = SURFACE_STYLE_FILL_AREA(#18898);
#18898 = FILL_AREA_STYLE('',(#18899));
#18899 = FILL_AREA_STYLE_COLOUR('',#16712);
#18900 = CURVE_STYLE('',#18901,POSITIVE_LENGTH_MEASURE(0.1),#16712);
#18901 = DRAUGHTING_PRE_DEFINED_CURVE_FONT('continuous');
#18902 = OVER_RIDING_STYLED_ITEM('overriding color',(#18903),#12067,
  #18857);
#18903 = PRESENTATION_STYLE_ASSIGNMENT((#18904,#18909));
#18904 = SURFACE_STYLE_USAGE(.BOTH.,#18905);
#18905 = SURFACE_SIDE_STYLE('',(#18906));
#18906 = SURFACE_STYLE_FILL_AREA(#18907);
#18907 = FILL_AREA_STYLE('',(#18908));
#18908 = FILL_AREA_STYLE_COLOUR('',#16712);
#18909 = CURVE_STYLE('',#18910,POSITIVE_LENGTH_MEASURE(0.1),#16712);
#18910 = DRAUGHTING_PRE_DEFINED_CURVE_FONT('continuous');
#18911 = OVER_RIDING_STYLED_ITEM('overriding color',(#18912),#12114,
  #18857);
#18912 = PRESENTATION_STYLE_ASSIGNMENT((#18913,#18918));
#18913 = SURFACE_STYLE_USAGE(.BOTH.,#18914);
#18914 = SURFACE_SIDE_STYLE('',(#18915));
#18915 = SURFACE_STYLE_FILL_AREA(#18916);
#18916 = FILL_AREA_STYLE('',(#18917));
#18917 = FILL_AREA_STYLE_COLOUR('',#16712);
#18918 = CURVE_STYLE('',#18919,POSITIVE_LENGTH_MEASURE(0.1),#16712);
#18919 = DRAUGHTING_PRE_DEFINED_CURVE_FONT('continuous');
#18920 = OVER_RIDING_STYLED_ITEM('overriding color',(#18921),#12138,
  #18857);
#18921 = PRESENTATION_STYLE_ASSIGNMENT((#18922,#18927));
#18922 = SURFACE_STYLE_USAGE(.BOTH.,#18923);
#18923 = SURFACE_SIDE_STYLE('',(#18924));
#18924 = SURFACE_STYLE_FILL_AREA(#18925);
#18925 = FILL_AREA_STYLE('',(#18926));
#18926 = FILL_AREA_STYLE_COLOUR('',#16712);
#18927 = CURVE_STYLE('',#18928,POSITIVE_LENGTH_MEASURE(0.1),#16712);
#18928 = DRAUGHTING_PRE_DEFINED_CURVE_FONT('continuous');
#18929 = OVER_RIDING_STYLED_ITEM('overriding color',(#18930),#12162,
  #18857);
#18930 = PRESENTATION_STYLE_ASSIGNMENT((#18931,#18936));
#18931 = SURFACE_STYLE_USAGE(.BOTH.,#18932);
#18932 = SURFACE_SIDE_STYLE('',(#18933));
#18933 = SURFACE_STYLE_FILL_AREA(#18934);
#18934 = FILL_AREA_STYLE('',(#18935));
#18935 = FILL_AREA_STYLE_COLOUR('',#16712);
#18936 = CURVE_STYLE('',#18937,POSITIVE_LENGTH_MEASURE(0.1),#16712);
#18937 = DRAUGHTING_PRE_DEFINED_CURVE_FONT('continuous');
#18938 = OVER_RIDING_STYLED_ITEM('overriding color',(#18939),#12179,
  #18857);
#18939 = PRESENTATION_STYLE_ASSIGNMENT((#18940,#18945));
#18940 = SURFACE_STYLE_USAGE(.BOTH.,#18941);
#18941 = SURFACE_SIDE_STYLE('',(#18942));
#18942 = SURFACE_STYLE_FILL_AREA(#18943);
#18943 = FILL_AREA_STYLE('',(#18944));
#18944 = FILL_AREA_STYLE_COLOUR('',#16712);
#18945 = CURVE_STYLE('',#18946,POSITIVE_LENGTH_MEASURE(0.1),#16712);
#18946 = DRAUGHTING_PRE_DEFINED_CURVE_FONT('continuous');
#18947 = OVER_RIDING_STYLED_ITEM('overriding color',(#18948),#12193,
  #18857);
#18948 = PRESENTATION_STYLE_ASSIGNMENT((#18949,#18954));
#18949 = SURFACE_STYLE_USAGE(.BOTH.,#18950);
#18950 = SURFACE_SIDE_STYLE('',(#18951));
#18951 = SURFACE_STYLE_FILL_AREA(#18952);
#18952 = FILL_AREA_STYLE('',(#18953));
#18953 = FILL_AREA_STYLE_COLOUR('',#16712);
#18954 = CURVE_STYLE('',#18955,POSITIVE_LENGTH_MEASURE(0.1),#16712);
#18955 = DRAUGHTING_PRE_DEFINED_CURVE_FONT('continuous');
#18956 = OVER_RIDING_STYLED_ITEM('overriding color',(#18957),#12211,
  #18857);
#18957 = PRESENTATION_STYLE_ASSIGNMENT((#18958,#18963));
#18958 = SURFACE_STYLE_USAGE(.BOTH.,#18959);
#18959 = SURFACE_SIDE_STYLE('',(#18960));
#18960 = SURFACE_STYLE_FILL_AREA(#18961);
#18961 = FILL_AREA_STYLE('',(#18962));
#18962 = FILL_AREA_STYLE_COLOUR('',#16712);
#18963 = CURVE_STYLE('',#18964,POSITIVE_LENGTH_MEASURE(0.1),#16712);
#18964 = DRAUGHTING_PRE_DEFINED_CURVE_FONT('continuous');
#18965 = OVER_RIDING_STYLED_ITEM('overriding color',(#18966),#12242,
  #18857);
#18966 = PRESENTATION_STYLE_ASSIGNMENT((#18967,#18972));
#18967 = SURFACE_STYLE_USAGE(.BOTH.,#18968);
#18968 = SURFACE_SIDE_STYLE('',(#18969));
#18969 = SURFACE_STYLE_FILL_AREA(#18970);
#18970 = FILL_AREA_STYLE('',(#18971));
#18971 = FILL_AREA_STYLE_COLOUR('',#16712);
#18972 = CURVE_STYLE('',#18973,POSITIVE_LENGTH_MEASURE(0.1),#16712);
#18973 = DRAUGHTING_PRE_DEFINED_CURVE_FONT('continuous');
#18974 = OVER_RIDING_STYLED_ITEM('overriding color',(#18975),#12273,
  #18857);
#18975 = PRESENTATION_STYLE_ASSIGNMENT((#18976,#18981));
#18976 = SURFACE_STYLE_USAGE(.BOTH.,#18977);
#18977 = SURFACE_SIDE_STYLE('',(#18978));
#18978 = SURFACE_STYLE_FILL_AREA(#18979);
#18979 = FILL_AREA_STYLE('',(#18980));
#18980 = FILL_AREA_STYLE_COLOUR('',#16712);
#18981 = CURVE_STYLE('',#18982,POSITIVE_LENGTH_MEASURE(0.1),#16712);
#18982 = DRAUGHTING_PRE_DEFINED_CURVE_FONT('continuous');
#18983 = OVER_RIDING_STYLED_ITEM('overriding color',(#18984),#12295,
  #18857);
#18984 = PRESENTATION_STYLE_ASSIGNMENT((#18985,#18990));
#18985 = SURFACE_STYLE_USAGE(.BOTH.,#18986);
#18986 = SURFACE_SIDE_STYLE('',(#18987));
#18987 = SURFACE_STYLE_FILL_AREA(#18988);
#18988 = FILL_AREA_STYLE('',(#18989));
#18989 = FILL_AREA_STYLE_COLOUR('',#16712);
#18990 = CURVE_STYLE('',#18991,POSITIVE_LENGTH_MEASURE(0.1),#16712);
#18991 = DRAUGHTING_PRE_DEFINED_CURVE_FONT('continuous');
#18992 = OVER_RIDING_STYLED_ITEM('overriding color',(#18993),#12309,
  #18857);
#18993 = PRESENTATION_STYLE_ASSIGNMENT((#18994,#18999));
#18994 = SURFACE_STYLE_USAGE(.BOTH.,#18995);
#18995 = SURFACE_SIDE_STYLE('',(#18996));
#18996 = SURFACE_STYLE_FILL_AREA(#18997);
#18997 = FILL_AREA_STYLE('',(#18998));
#18998 = FILL_AREA_STYLE_COLOUR('',#16712);
#18999 = CURVE_STYLE('',#19000,POSITIVE_LENGTH_MEASURE(0.1),#16712);
#19000 = DRAUGHTING_PRE_DEFINED_CURVE_FONT('continuous');
#19001 = STYLED_ITEM('color',(#19002),#12324);
#19002 = PRESENTATION_STYLE_ASSIGNMENT((#19003,#19008));
#19003 = SURFACE_STYLE_USAGE(.BOTH.,#19004);
#19004 = SURFACE_SIDE_STYLE('',(#19005));
#19005 = SURFACE_STYLE_FILL_AREA(#19006);
#19006 = FILL_AREA_STYLE('',(#19007));
#19007 = FILL_AREA_STYLE_COLOUR('',#16702);
#19008 = CURVE_STYLE('',#19009,POSITIVE_LENGTH_MEASURE(0.1),#16702);
#19009 = DRAUGHTING_PRE_DEFINED_CURVE_FONT('continuous');
#19010 = OVER_RIDING_STYLED_ITEM('overriding color',(#19011),#12326,
  #19001);
#19011 = PRESENTATION_STYLE_ASSIGNMENT((#19012,#19017));
#19012 = SURFACE_STYLE_USAGE(.BOTH.,#19013);
#19013 = SURFACE_SIDE_STYLE('',(#19014));
#19014 = SURFACE_STYLE_FILL_AREA(#19015);
#19015 = FILL_AREA_STYLE('',(#19016));
#19016 = FILL_AREA_STYLE_COLOUR('',#16712);
#19017 = CURVE_STYLE('',#19018,POSITIVE_LENGTH_MEASURE(0.1),#16712);
#19018 = DRAUGHTING_PRE_DEFINED_CURVE_FONT('continuous');
#19019 = OVER_RIDING_STYLED_ITEM('overriding color',(#19020),#12368,
  #19001);
#19020 = PRESENTATION_STYLE_ASSIGNMENT((#19021,#19026));
#19021 = SURFACE_STYLE_USAGE(.BOTH.,#19022);
#19022 = SURFACE_SIDE_STYLE('',(#19023));
#19023 = SURFACE_STYLE_FILL_AREA(#19024);
#19024 = FILL_AREA_STYLE('',(#19025));
#19025 = FILL_AREA_STYLE_COLOUR('',#16712);
#19026 = CURVE_STYLE('',#19027,POSITIVE_LENGTH_MEASURE(0.1),#16712);
#19027 = DRAUGHTING_PRE_DEFINED_CURVE_FONT('continuous');
#19028 = OVER_RIDING_STYLED_ITEM('overriding color',(#19029),#12424,
  #19001);
#19029 = PRESENTATION_STYLE_ASSIGNMENT((#19030,#19035));
#19030 = SURFACE_STYLE_USAGE(.BOTH.,#19031);
#19031 = SURFACE_SIDE_STYLE('',(#19032));
#19032 = SURFACE_STYLE_FILL_AREA(#19033);
#19033 = FILL_AREA_STYLE('',(#19034));
#19034 = FILL_AREA_STYLE_COLOUR('',#16712);
#19035 = CURVE_STYLE('',#19036,POSITIVE_LENGTH_MEASURE(0.1),#16712);
#19036 = DRAUGHTING_PRE_DEFINED_CURVE_FONT('continuous');
#19037 = OVER_RIDING_STYLED_ITEM('overriding color',(#19038),#12487,
  #19001);
#19038 = PRESENTATION_STYLE_ASSIGNMENT((#19039,#19044));
#19039 = SURFACE_STYLE_USAGE(.BOTH.,#19040);
#19040 = SURFACE_SIDE_STYLE('',(#19041));
#19041 = SURFACE_STYLE_FILL_AREA(#19042);
#19042 = FILL_AREA_STYLE('',(#19043));
#19043 = FILL_AREA_STYLE_COLOUR('',#16712);
#19044 = CURVE_STYLE('',#19045,POSITIVE_LENGTH_MEASURE(0.1),#16712);
#19045 = DRAUGHTING_PRE_DEFINED_CURVE_FONT('continuous');
#19046 = OVER_RIDING_STYLED_ITEM('overriding color',(#19047),#12520,
  #19001);
#19047 = PRESENTATION_STYLE_ASSIGNMENT((#19048,#19053));
#19048 = SURFACE_STYLE_USAGE(.BOTH.,#19049);
#19049 = SURFACE_SIDE_STYLE('',(#19050));
#19050 = SURFACE_STYLE_FILL_AREA(#19051);
#19051 = FILL_AREA_STYLE('',(#19052));
#19052 = FILL_AREA_STYLE_COLOUR('',#16712);
#19053 = CURVE_STYLE('',#19054,POSITIVE_LENGTH_MEASURE(0.1),#16712);
#19054 = DRAUGHTING_PRE_DEFINED_CURVE_FONT('continuous');
#19055 = OVER_RIDING_STYLED_ITEM('overriding color',(#19056),#12567,
  #19001);
#19056 = PRESENTATION_STYLE_ASSIGNMENT((#19057,#19062));
#19057 = SURFACE_STYLE_USAGE(.BOTH.,#19058);
#19058 = SURFACE_SIDE_STYLE('',(#19059));
#19059 = SURFACE_STYLE_FILL_AREA(#19060);
#19060 = FILL_AREA_STYLE('',(#19061));
#19061 = FILL_AREA_STYLE_COLOUR('',#16712);
#19062 = CURVE_STYLE('',#19063,POSITIVE_LENGTH_MEASURE(0.1),#16712);
#19063 = DRAUGHTING_PRE_DEFINED_CURVE_FONT('continuous');
#19064 = OVER_RIDING_STYLED_ITEM('overriding color',(#19065),#12591,
  #19001);
#19065 = PRESENTATION_STYLE_ASSIGNMENT((#19066,#19071));
#19066 = SURFACE_STYLE_USAGE(.BOTH.,#19067);
#19067 = SURFACE_SIDE_STYLE('',(#19068));
#19068 = SURFACE_STYLE_FILL_AREA(#19069);
#19069 = FILL_AREA_STYLE('',(#19070));
#19070 = FILL_AREA_STYLE_COLOUR('',#16712);
#19071 = CURVE_STYLE('',#19072,POSITIVE_LENGTH_MEASURE(0.1),#16712);
#19072 = DRAUGHTING_PRE_DEFINED_CURVE_FONT('continuous');
#19073 = OVER_RIDING_STYLED_ITEM('overriding color',(#19074),#12615,
  #19001);
#19074 = PRESENTATION_STYLE_ASSIGNMENT((#19075,#19080));
#19075 = SURFACE_STYLE_USAGE(.BOTH.,#19076);
#19076 = SURFACE_SIDE_STYLE('',(#19077));
#19077 = SURFACE_STYLE_FILL_AREA(#19078);
#19078 = FILL_AREA_STYLE('',(#19079));
#19079 = FILL_AREA_STYLE_COLOUR('',#16712);
#19080 = CURVE_STYLE('',#19081,POSITIVE_LENGTH_MEASURE(0.1),#16712);
#19081 = DRAUGHTING_PRE_DEFINED_CURVE_FONT('continuous');
#19082 = OVER_RIDING_STYLED_ITEM('overriding color',(#19083),#12632,
  #19001);
#19083 = PRESENTATION_STYLE_ASSIGNMENT((#19084,#19089));
#19084 = SURFACE_STYLE_USAGE(.BOTH.,#19085);
#19085 = SURFACE_SIDE_STYLE('',(#19086));
#19086 = SURFACE_STYLE_FILL_AREA(#19087);
#19087 = FILL_AREA_STYLE('',(#19088));
#19088 = FILL_AREA_STYLE_COLOUR('',#16712);
#19089 = CURVE_STYLE('',#19090,POSITIVE_LENGTH_MEASURE(0.1),#16712);
#19090 = DRAUGHTING_PRE_DEFINED_CURVE_FONT('continuous');
#19091 = OVER_RIDING_STYLED_ITEM('overriding color',(#19092),#12646,
  #19001);
#19092 = PRESENTATION_STYLE_ASSIGNMENT((#19093,#19098));
#19093 = SURFACE_STYLE_USAGE(.BOTH.,#19094);
#19094 = SURFACE_SIDE_STYLE('',(#19095));
#19095 = SURFACE_STYLE_FILL_AREA(#19096);
#19096 = FILL_AREA_STYLE('',(#19097));
#19097 = FILL_AREA_STYLE_COLOUR('',#16712);
#19098 = CURVE_STYLE('',#19099,POSITIVE_LENGTH_MEASURE(0.1),#16712);
#19099 = DRAUGHTING_PRE_DEFINED_CURVE_FONT('continuous');
#19100 = OVER_RIDING_STYLED_ITEM('overriding color',(#19101),#12664,
  #19001);
#19101 = PRESENTATION_STYLE_ASSIGNMENT((#19102,#19107));
#19102 = SURFACE_STYLE_USAGE(.BOTH.,#19103);
#19103 = SURFACE_SIDE_STYLE('',(#19104));
#19104 = SURFACE_STYLE_FILL_AREA(#19105);
#19105 = FILL_AREA_STYLE('',(#19106));
#19106 = FILL_AREA_STYLE_COLOUR('',#16712);
#19107 = CURVE_STYLE('',#19108,POSITIVE_LENGTH_MEASURE(0.1),#16712);
#19108 = DRAUGHTING_PRE_DEFINED_CURVE_FONT('continuous');
#19109 = OVER_RIDING_STYLED_ITEM('overriding color',(#19110),#12695,
  #19001);
#19110 = PRESENTATION_STYLE_ASSIGNMENT((#19111,#19116));
#19111 = SURFACE_STYLE_USAGE(.BOTH.,#19112);
#19112 = SURFACE_SIDE_STYLE('',(#19113));
#19113 = SURFACE_STYLE_FILL_AREA(#19114);
#19114 = FILL_AREA_STYLE('',(#19115));
#19115 = FILL_AREA_STYLE_COLOUR('',#16712);
#19116 = CURVE_STYLE('',#19117,POSITIVE_LENGTH_MEASURE(0.1),#16712);
#19117 = DRAUGHTING_PRE_DEFINED_CURVE_FONT('continuous');
#19118 = OVER_RIDING_STYLED_ITEM('overriding color',(#19119),#12726,
  #19001);
#19119 = PRESENTATION_STYLE_ASSIGNMENT((#19120,#19125));
#19120 = SURFACE_STYLE_USAGE(.BOTH.,#19121);
#19121 = SURFACE_SIDE_STYLE('',(#19122));
#19122 = SURFACE_STYLE_FILL_AREA(#19123);
#19123 = FILL_AREA_STYLE('',(#19124));
#19124 = FILL_AREA_STYLE_COLOUR('',#16712);
#19125 = CURVE_STYLE('',#19126,POSITIVE_LENGTH_MEASURE(0.1),#16712);
#19126 = DRAUGHTING_PRE_DEFINED_CURVE_FONT('continuous');
#19127 = OVER_RIDING_STYLED_ITEM('overriding color',(#19128),#12748,
  #19001);
#19128 = PRESENTATION_STYLE_ASSIGNMENT((#19129,#19134));
#19129 = SURFACE_STYLE_USAGE(.BOTH.,#19130);
#19130 = SURFACE_SIDE_STYLE('',(#19131));
#19131 = SURFACE_STYLE_FILL_AREA(#19132);
#19132 = FILL_AREA_STYLE('',(#19133));
#19133 = FILL_AREA_STYLE_COLOUR('',#16712);
#19134 = CURVE_STYLE('',#19135,POSITIVE_LENGTH_MEASURE(0.1),#16712);
#19135 = DRAUGHTING_PRE_DEFINED_CURVE_FONT('continuous');
#19136 = OVER_RIDING_STYLED_ITEM('overriding color',(#19137),#12762,
  #19001);
#19137 = PRESENTATION_STYLE_ASSIGNMENT((#19138,#19143));
#19138 = SURFACE_STYLE_USAGE(.BOTH.,#19139);
#19139 = SURFACE_SIDE_STYLE('',(#19140));
#19140 = SURFACE_STYLE_FILL_AREA(#19141);
#19141 = FILL_AREA_STYLE('',(#19142));
#19142 = FILL_AREA_STYLE_COLOUR('',#16712);
#19143 = CURVE_STYLE('',#19144,POSITIVE_LENGTH_MEASURE(0.1),#16712);
#19144 = DRAUGHTING_PRE_DEFINED_CURVE_FONT('continuous');
#19145 = STYLED_ITEM('color',(#19146),#12777);
#19146 = PRESENTATION_STYLE_ASSIGNMENT((#19147,#19152));
#19147 = SURFACE_STYLE_USAGE(.BOTH.,#19148);
#19148 = SURFACE_SIDE_STYLE('',(#19149));
#19149 = SURFACE_STYLE_FILL_AREA(#19150);
#19150 = FILL_AREA_STYLE('',(#19151));
#19151 = FILL_AREA_STYLE_COLOUR('',#16702);
#19152 = CURVE_STYLE('',#19153,POSITIVE_LENGTH_MEASURE(0.1),#16702);
#19153 = DRAUGHTING_PRE_DEFINED_CURVE_FONT('continuous');
#19154 = OVER_RIDING_STYLED_ITEM('overriding color',(#19155),#12779,
  #19145);
#19155 = PRESENTATION_STYLE_ASSIGNMENT((#19156,#19161));
#19156 = SURFACE_STYLE_USAGE(.BOTH.,#19157);
#19157 = SURFACE_SIDE_STYLE('',(#19158));
#19158 = SURFACE_STYLE_FILL_AREA(#19159);
#19159 = FILL_AREA_STYLE('',(#19160));
#19160 = FILL_AREA_STYLE_COLOUR('',#16712);
#19161 = CURVE_STYLE('',#19162,POSITIVE_LENGTH_MEASURE(0.1),#16712);
#19162 = DRAUGHTING_PRE_DEFINED_CURVE_FONT('continuous');
#19163 = OVER_RIDING_STYLED_ITEM('overriding color',(#19164),#12821,
  #19145);
#19164 = PRESENTATION_STYLE_ASSIGNMENT((#19165,#19170));
#19165 = SURFACE_STYLE_USAGE(.BOTH.,#19166);
#19166 = SURFACE_SIDE_STYLE('',(#19167));
#19167 = SURFACE_STYLE_FILL_AREA(#19168);
#19168 = FILL_AREA_STYLE('',(#19169));
#19169 = FILL_AREA_STYLE_COLOUR('',#16712);
#19170 = CURVE_STYLE('',#19171,POSITIVE_LENGTH_MEASURE(0.1),#16712);
#19171 = DRAUGHTING_PRE_DEFINED_CURVE_FONT('continuous');
#19172 = OVER_RIDING_STYLED_ITEM('overriding color',(#19173),#12877,
  #19145);
#19173 = PRESENTATION_STYLE_ASSIGNMENT((#19174,#19179));
#19174 = SURFACE_STYLE_USAGE(.BOTH.,#19175);
#19175 = SURFACE_SIDE_STYLE('',(#19176));
#19176 = SURFACE_STYLE_FILL_AREA(#19177);
#19177 = FILL_AREA_STYLE('',(#19178));
#19178 = FILL_AREA_STYLE_COLOUR('',#16712);
#19179 = CURVE_STYLE('',#19180,POSITIVE_LENGTH_MEASURE(0.1),#16712);
#19180 = DRAUGHTING_PRE_DEFINED_CURVE_FONT('continuous');
#19181 = OVER_RIDING_STYLED_ITEM('overriding color',(#19182),#12940,
  #19145);
#19182 = PRESENTATION_STYLE_ASSIGNMENT((#19183,#19188));
#19183 = SURFACE_STYLE_USAGE(.BOTH.,#19184);
#19184 = SURFACE_SIDE_STYLE('',(#19185));
#19185 = SURFACE_STYLE_FILL_AREA(#19186);
#19186 = FILL_AREA_STYLE('',(#19187));
#19187 = FILL_AREA_STYLE_COLOUR('',#16712);
#19188 = CURVE_STYLE('',#19189,POSITIVE_LENGTH_MEASURE(0.1),#16712);
#19189 = DRAUGHTING_PRE_DEFINED_CURVE_FONT('continuous');
#19190 = OVER_RIDING_STYLED_ITEM('overriding color',(#19191),#12973,
  #19145);
#19191 = PRESENTATION_STYLE_ASSIGNMENT((#19192,#19197));
#19192 = SURFACE_STYLE_USAGE(.BOTH.,#19193);
#19193 = SURFACE_SIDE_STYLE('',(#19194));
#19194 = SURFACE_STYLE_FILL_AREA(#19195);
#19195 = FILL_AREA_STYLE('',(#19196));
#19196 = FILL_AREA_STYLE_COLOUR('',#16712);
#19197 = CURVE_STYLE('',#19198,POSITIVE_LENGTH_MEASURE(0.1),#16712);
#19198 = DRAUGHTING_PRE_DEFINED_CURVE_FONT('continuous');
#19199 = OVER_RIDING_STYLED_ITEM('overriding color',(#19200),#13020,
  #19145);
#19200 = PRESENTATION_STYLE_ASSIGNMENT((#19201,#19206));
#19201 = SURFACE_STYLE_USAGE(.BOTH.,#19202);
#19202 = SURFACE_SIDE_STYLE('',(#19203));
#19203 = SURFACE_STYLE_FILL_AREA(#19204);
#19204 = FILL_AREA_STYLE('',(#19205));
#19205 = FILL_AREA_STYLE_COLOUR('',#16712);
#19206 = CURVE_STYLE('',#19207,POSITIVE_LENGTH_MEASURE(0.1),#16712);
#19207 = DRAUGHTING_PRE_DEFINED_CURVE_FONT('continuous');
#19208 = OVER_RIDING_STYLED_ITEM('overriding color',(#19209),#13044,
  #19145);
#19209 = PRESENTATION_STYLE_ASSIGNMENT((#19210,#19215));
#19210 = SURFACE_STYLE_USAGE(.BOTH.,#19211);
#19211 = SURFACE_SIDE_STYLE('',(#19212));
#19212 = SURFACE_STYLE_FILL_AREA(#19213);
#19213 = FILL_AREA_STYLE('',(#19214));
#19214 = FILL_AREA_STYLE_COLOUR('',#16712);
#19215 = CURVE_STYLE('',#19216,POSITIVE_LENGTH_MEASURE(0.1),#16712);
#19216 = DRAUGHTING_PRE_DEFINED_CURVE_FONT('continuous');
#19217 = OVER_RIDING_STYLED_ITEM('overriding color',(#19218),#13068,
  #19145);
#19218 = PRESENTATION_STYLE_ASSIGNMENT((#19219,#19224));
#19219 = SURFACE_STYLE_USAGE(.BOTH.,#19220);
#19220 = SURFACE_SIDE_STYLE('',(#19221));
#19221 = SURFACE_STYLE_FILL_AREA(#19222);
#19222 = FILL_AREA_STYLE('',(#19223));
#19223 = FILL_AREA_STYLE_COLOUR('',#16712);
#19224 = CURVE_STYLE('',#19225,POSITIVE_LENGTH_MEASURE(0.1),#16712);
#19225 = DRAUGHTING_PRE_DEFINED_CURVE_FONT('continuous');
#19226 = OVER_RIDING_STYLED_ITEM('overriding color',(#19227),#13085,
  #19145);
#19227 = PRESENTATION_STYLE_ASSIGNMENT((#19228,#19233));
#19228 = SURFACE_STYLE_USAGE(.BOTH.,#19229);
#19229 = SURFACE_SIDE_STYLE('',(#19230));
#19230 = SURFACE_STYLE_FILL_AREA(#19231);
#19231 = FILL_AREA_STYLE('',(#19232));
#19232 = FILL_AREA_STYLE_COLOUR('',#16712);
#19233 = CURVE_STYLE('',#19234,POSITIVE_LENGTH_MEASURE(0.1),#16712);
#19234 = DRAUGHTING_PRE_DEFINED_CURVE_FONT('continuous');
#19235 = OVER_RIDING_STYLED_ITEM('overriding color',(#19236),#13099,
  #19145);
#19236 = PRESENTATION_STYLE_ASSIGNMENT((#19237,#19242));
#19237 = SURFACE_STYLE_USAGE(.BOTH.,#19238);
#19238 = SURFACE_SIDE_STYLE('',(#19239));
#19239 = SURFACE_STYLE_FILL_AREA(#19240);
#19240 = FILL_AREA_STYLE('',(#19241));
#19241 = FILL_AREA_STYLE_COLOUR('',#16712);
#19242 = CURVE_STYLE('',#19243,POSITIVE_LENGTH_MEASURE(0.1),#16712);
#19243 = DRAUGHTING_PRE_DEFINED_CURVE_FONT('continuous');
#19244 = OVER_RIDING_STYLED_ITEM('overriding color',(#19245),#13117,
  #19145);
#19245 = PRESENTATION_STYLE_ASSIGNMENT((#19246,#19251));
#19246 = SURFACE_STYLE_USAGE(.BOTH.,#19247);
#19247 = SURFACE_SIDE_STYLE('',(#19248));
#19248 = SURFACE_STYLE_FILL_AREA(#19249);
#19249 = FILL_AREA_STYLE('',(#19250));
#19250 = FILL_AREA_STYLE_COLOUR('',#16712);
#19251 = CURVE_STYLE('',#19252,POSITIVE_LENGTH_MEASURE(0.1),#16712);
#19252 = DRAUGHTING_PRE_DEFINED_CURVE_FONT('continuous');
#19253 = OVER_RIDING_STYLED_ITEM('overriding color',(#19254),#13148,
  #19145);
#19254 = PRESENTATION_STYLE_ASSIGNMENT((#19255,#19260));
#19255 = SURFACE_STYLE_USAGE(.BOTH.,#19256);
#19256 = SURFACE_SIDE_STYLE('',(#19257));
#19257 = SURFACE_STYLE_FILL_AREA(#19258);
#19258 = FILL_AREA_STYLE('',(#19259));
#19259 = FILL_AREA_STYLE_COLOUR('',#16712);
#19260 = CURVE_STYLE('',#19261,POSITIVE_LENGTH_MEASURE(0.1),#16712);
#19261 = DRAUGHTING_PRE_DEFINED_CURVE_FONT('continuous');
#19262 = OVER_RIDING_STYLED_ITEM('overriding color',(#19263),#13179,
  #19145);
#19263 = PRESENTATION_STYLE_ASSIGNMENT((#19264,#19269));
#19264 = SURFACE_STYLE_USAGE(.BOTH.,#19265);
#19265 = SURFACE_SIDE_STYLE('',(#19266));
#19266 = SURFACE_STYLE_FILL_AREA(#19267);
#19267 = FILL_AREA_STYLE('',(#19268));
#19268 = FILL_AREA_STYLE_COLOUR('',#16712);
#19269 = CURVE_STYLE('',#19270,POSITIVE_LENGTH_MEASURE(0.1),#16712);
#19270 = DRAUGHTING_PRE_DEFINED_CURVE_FONT('continuous');
#19271 = OVER_RIDING_STYLED_ITEM('overriding color',(#19272),#13201,
  #19145);
#19272 = PRESENTATION_STYLE_ASSIGNMENT((#19273,#19278));
#19273 = SURFACE_STYLE_USAGE(.BOTH.,#19274);
#19274 = SURFACE_SIDE_STYLE('',(#19275));
#19275 = SURFACE_STYLE_FILL_AREA(#19276);
#19276 = FILL_AREA_STYLE('',(#19277));
#19277 = FILL_AREA_STYLE_COLOUR('',#16712);
#19278 = CURVE_STYLE('',#19279,POSITIVE_LENGTH_MEASURE(0.1),#16712);
#19279 = DRAUGHTING_PRE_DEFINED_CURVE_FONT('continuous');
#19280 = OVER_RIDING_STYLED_ITEM('overriding color',(#19281),#13215,
  #19145);
#19281 = PRESENTATION_STYLE_ASSIGNMENT((#19282,#19287));
#19282 = SURFACE_STYLE_USAGE(.BOTH.,#19283);
#19283 = SURFACE_SIDE_STYLE('',(#19284));
#19284 = SURFACE_STYLE_FILL_AREA(#19285);
#19285 = FILL_AREA_STYLE('',(#19286));
#19286 = FILL_AREA_STYLE_COLOUR('',#16712);
#19287 = CURVE_STYLE('',#19288,POSITIVE_LENGTH_MEASURE(0.1),#16712);
#19288 = DRAUGHTING_PRE_DEFINED_CURVE_FONT('continuous');
#19289 = STYLED_ITEM('color',(#19290),#13230);
#19290 = PRESENTATION_STYLE_ASSIGNMENT((#19291,#19296));
#19291 = SURFACE_STYLE_USAGE(.BOTH.,#19292);
#19292 = SURFACE_SIDE_STYLE('',(#19293));
#19293 = SURFACE_STYLE_FILL_AREA(#19294);
#19294 = FILL_AREA_STYLE('',(#19295));
#19295 = FILL_AREA_STYLE_COLOUR('',#16702);
#19296 = CURVE_STYLE('',#19297,POSITIVE_LENGTH_MEASURE(0.1),#16702);
#19297 = DRAUGHTING_PRE_DEFINED_CURVE_FONT('continuous');
#19298 = STYLED_ITEM('color',(#19299),#14919);
#19299 = PRESENTATION_STYLE_ASSIGNMENT((#19300,#19305));
#19300 = SURFACE_STYLE_USAGE(.BOTH.,#19301);
#19301 = SURFACE_SIDE_STYLE('',(#19302));
#19302 = SURFACE_STYLE_FILL_AREA(#19303);
#19303 = FILL_AREA_STYLE('',(#19304));
#19304 = FILL_AREA_STYLE_COLOUR('',#16702);
#19305 = CURVE_STYLE('',#19306,POSITIVE_LENGTH_MEASURE(0.1),#16702);
#19306 = DRAUGHTING_PRE_DEFINED_CURVE_FONT('continuous');
#19307 = OVER_RIDING_STYLED_ITEM('overriding color',(#19308),#14921,
  #19298);
#19308 = PRESENTATION_STYLE_ASSIGNMENT((#19309,#19315));
#19309 = SURFACE_STYLE_USAGE(.BOTH.,#19310);
#19310 = SURFACE_SIDE_STYLE('',(#19311));
#19311 = SURFACE_STYLE_FILL_AREA(#19312);
#19312 = FILL_AREA_STYLE('',(#19313));
#19313 = FILL_AREA_STYLE_COLOUR('',#19314);
#19314 = COLOUR_RGB('',0.752941164258,0.752941164258,0.752941164258);
#19315 = CURVE_STYLE('',#19316,POSITIVE_LENGTH_MEASURE(0.1),#19314);
#19316 = DRAUGHTING_PRE_DEFINED_CURVE_FONT('continuous');
#19317 = OVER_RIDING_STYLED_ITEM('overriding color',(#19318),#14955,
  #19298);
#19318 = PRESENTATION_STYLE_ASSIGNMENT((#19319,#19324));
#19319 = SURFACE_STYLE_USAGE(.BOTH.,#19320);
#19320 = SURFACE_SIDE_STYLE('',(#19321));
#19321 = SURFACE_STYLE_FILL_AREA(#19322);
#19322 = FILL_AREA_STYLE('',(#19323));
#19323 = FILL_AREA_STYLE_COLOUR('',#19314);
#19324 = CURVE_STYLE('',#19325,POSITIVE_LENGTH_MEASURE(0.1),#19314);
#19325 = DRAUGHTING_PRE_DEFINED_CURVE_FONT('continuous');
#19326 = OVER_RIDING_STYLED_ITEM('overriding color',(#19327),#14989,
  #19298);
#19327 = PRESENTATION_STYLE_ASSIGNMENT((#19328,#19333));
#19328 = SURFACE_STYLE_USAGE(.BOTH.,#19329);
#19329 = SURFACE_SIDE_STYLE('',(#19330));
#19330 = SURFACE_STYLE_FILL_AREA(#19331);
#19331 = FILL_AREA_STYLE('',(#19332));
#19332 = FILL_AREA_STYLE_COLOUR('',#19314);
#19333 = CURVE_STYLE('',#19334,POSITIVE_LENGTH_MEASURE(0.1),#19314);
#19334 = DRAUGHTING_PRE_DEFINED_CURVE_FONT('continuous');
#19335 = OVER_RIDING_STYLED_ITEM('overriding color',(#19336),#15023,
  #19298);
#19336 = PRESENTATION_STYLE_ASSIGNMENT((#19337,#19342));
#19337 = SURFACE_STYLE_USAGE(.BOTH.,#19338);
#19338 = SURFACE_SIDE_STYLE('',(#19339));
#19339 = SURFACE_STYLE_FILL_AREA(#19340);
#19340 = FILL_AREA_STYLE('',(#19341));
#19341 = FILL_AREA_STYLE_COLOUR('',#19314);
#19342 = CURVE_STYLE('',#19343,POSITIVE_LENGTH_MEASURE(0.1),#19314);
#19343 = DRAUGHTING_PRE_DEFINED_CURVE_FONT('continuous');
#19344 = OVER_RIDING_STYLED_ITEM('overriding color',(#19345),#15057,
  #19298);
#19345 = PRESENTATION_STYLE_ASSIGNMENT((#19346,#19351));
#19346 = SURFACE_STYLE_USAGE(.BOTH.,#19347);
#19347 = SURFACE_SIDE_STYLE('',(#19348));
#19348 = SURFACE_STYLE_FILL_AREA(#19349);
#19349 = FILL_AREA_STYLE('',(#19350));
#19350 = FILL_AREA_STYLE_COLOUR('',#19314);
#19351 = CURVE_STYLE('',#19352,POSITIVE_LENGTH_MEASURE(0.1),#19314);
#19352 = DRAUGHTING_PRE_DEFINED_CURVE_FONT('continuous');
#19353 = OVER_RIDING_STYLED_ITEM('overriding color',(#19354),#15097,
  #19298);
#19354 = PRESENTATION_STYLE_ASSIGNMENT((#19355,#19360));
#19355 = SURFACE_STYLE_USAGE(.BOTH.,#19356);
#19356 = SURFACE_SIDE_STYLE('',(#19357));
#19357 = SURFACE_STYLE_FILL_AREA(#19358);
#19358 = FILL_AREA_STYLE('',(#19359));
#19359 = FILL_AREA_STYLE_COLOUR('',#19314);
#19360 = CURVE_STYLE('',#19361,POSITIVE_LENGTH_MEASURE(0.1),#19314);
#19361 = DRAUGHTING_PRE_DEFINED_CURVE_FONT('continuous');
#19362 = OVER_RIDING_STYLED_ITEM('overriding color',(#19363),#15133,
  #19298);
#19363 = PRESENTATION_STYLE_ASSIGNMENT((#19364,#19369));
#19364 = SURFACE_STYLE_USAGE(.BOTH.,#19365);
#19365 = SURFACE_SIDE_STYLE('',(#19366));
#19366 = SURFACE_STYLE_FILL_AREA(#19367);
#19367 = FILL_AREA_STYLE('',(#19368));
#19368 = FILL_AREA_STYLE_COLOUR('',#19314);
#19369 = CURVE_STYLE('',#19370,POSITIVE_LENGTH_MEASURE(0.1),#19314);
#19370 = DRAUGHTING_PRE_DEFINED_CURVE_FONT('continuous');
#19371 = OVER_RIDING_STYLED_ITEM('overriding color',(#19372),#15159,
  #19298);
#19372 = PRESENTATION_STYLE_ASSIGNMENT((#19373,#19378));
#19373 = SURFACE_STYLE_USAGE(.BOTH.,#19374);
#19374 = SURFACE_SIDE_STYLE('',(#19375));
#19375 = SURFACE_STYLE_FILL_AREA(#19376);
#19376 = FILL_AREA_STYLE('',(#19377));
#19377 = FILL_AREA_STYLE_COLOUR('',#19314);
#19378 = CURVE_STYLE('',#19379,POSITIVE_LENGTH_MEASURE(0.1),#19314);
#19379 = DRAUGHTING_PRE_DEFINED_CURVE_FONT('continuous');
#19380 = OVER_RIDING_STYLED_ITEM('overriding color',(#19381),#15179,
  #19298);
#19381 = PRESENTATION_STYLE_ASSIGNMENT((#19382,#19387));
#19382 = SURFACE_STYLE_USAGE(.BOTH.,#19383);
#19383 = SURFACE_SIDE_STYLE('',(#19384));
#19384 = SURFACE_STYLE_FILL_AREA(#19385);
#19385 = FILL_AREA_STYLE('',(#19386));
#19386 = FILL_AREA_STYLE_COLOUR('',#19314);
#19387 = CURVE_STYLE('',#19388,POSITIVE_LENGTH_MEASURE(0.1),#19314);
#19388 = DRAUGHTING_PRE_DEFINED_CURVE_FONT('continuous');
#19389 = OVER_RIDING_STYLED_ITEM('overriding color',(#19390),#15199,
  #19298);
#19390 = PRESENTATION_STYLE_ASSIGNMENT((#19391,#19396));
#19391 = SURFACE_STYLE_USAGE(.BOTH.,#19392);
#19392 = SURFACE_SIDE_STYLE('',(#19393));
#19393 = SURFACE_STYLE_FILL_AREA(#19394);
#19394 = FILL_AREA_STYLE('',(#19395));
#19395 = FILL_AREA_STYLE_COLOUR('',#19314);
#19396 = CURVE_STYLE('',#19397,POSITIVE_LENGTH_MEASURE(0.1),#19314);
#19397 = DRAUGHTING_PRE_DEFINED_CURVE_FONT('continuous');
#19398 = STYLED_ITEM('color',(#19399),#15213);
#19399 = PRESENTATION_STYLE_ASSIGNMENT((#19400,#19405));
#19400 = SURFACE_STYLE_USAGE(.BOTH.,#19401);
#19401 = SURFACE_SIDE_STYLE('',(#19402));
#19402 = SURFACE_STYLE_FILL_AREA(#19403);
#19403 = FILL_AREA_STYLE('',(#19404));
#19404 = FILL_AREA_STYLE_COLOUR('',#16702);
#19405 = CURVE_STYLE('',#19406,POSITIVE_LENGTH_MEASURE(0.1),#16702);
#19406 = DRAUGHTING_PRE_DEFINED_CURVE_FONT('continuous');
#19407 = OVER_RIDING_STYLED_ITEM('overriding color',(#19408),#15215,
  #19398);
#19408 = PRESENTATION_STYLE_ASSIGNMENT((#19409,#19414));
#19409 = SURFACE_STYLE_USAGE(.BOTH.,#19410);
#19410 = SURFACE_SIDE_STYLE('',(#19411));
#19411 = SURFACE_STYLE_FILL_AREA(#19412);
#19412 = FILL_AREA_STYLE('',(#19413));
#19413 = FILL_AREA_STYLE_COLOUR('',#19314);
#19414 = CURVE_STYLE('',#19415,POSITIVE_LENGTH_MEASURE(0.1),#19314);
#19415 = DRAUGHTING_PRE_DEFINED_CURVE_FONT('continuous');
#19416 = OVER_RIDING_STYLED_ITEM('overriding color',(#19417),#15249,
  #19398);
#19417 = PRESENTATION_STYLE_ASSIGNMENT((#19418,#19423));
#19418 = SURFACE_STYLE_USAGE(.BOTH.,#19419);
#19419 = SURFACE_SIDE_STYLE('',(#19420));
#19420 = SURFACE_STYLE_FILL_AREA(#19421);
#19421 = FILL_AREA_STYLE('',(#19422));
#19422 = FILL_AREA_STYLE_COLOUR('',#19314);
#19423 = CURVE_STYLE('',#19424,POSITIVE_LENGTH_MEASURE(0.1),#19314);
#19424 = DRAUGHTING_PRE_DEFINED_CURVE_FONT('continuous');
#19425 = OVER_RIDING_STYLED_ITEM('overriding color',(#19426),#15283,
  #19398);
#19426 = PRESENTATION_STYLE_ASSIGNMENT((#19427,#19432));
#19427 = SURFACE_STYLE_USAGE(.BOTH.,#19428);
#19428 = SURFACE_SIDE_STYLE('',(#19429));
#19429 = SURFACE_STYLE_FILL_AREA(#19430);
#19430 = FILL_AREA_STYLE('',(#19431));
#19431 = FILL_AREA_STYLE_COLOUR('',#19314);
#19432 = CURVE_STYLE('',#19433,POSITIVE_LENGTH_MEASURE(0.1),#19314);
#19433 = DRAUGHTING_PRE_DEFINED_CURVE_FONT('continuous');
#19434 = OVER_RIDING_STYLED_ITEM('overriding color',(#19435),#15317,
  #19398);
#19435 = PRESENTATION_STYLE_ASSIGNMENT((#19436,#19441));
#19436 = SURFACE_STYLE_USAGE(.BOTH.,#19437);
#19437 = SURFACE_SIDE_STYLE('',(#19438));
#19438 = SURFACE_STYLE_FILL_AREA(#19439);
#19439 = FILL_AREA_STYLE('',(#19440));
#19440 = FILL_AREA_STYLE_COLOUR('',#19314);
#19441 = CURVE_STYLE('',#19442,POSITIVE_LENGTH_MEASURE(0.1),#19314);
#19442 = DRAUGHTING_PRE_DEFINED_CURVE_FONT('continuous');
#19443 = OVER_RIDING_STYLED_ITEM('overriding color',(#19444),#15351,
  #19398);
#19444 = PRESENTATION_STYLE_ASSIGNMENT((#19445,#19450));
#19445 = SURFACE_STYLE_USAGE(.BOTH.,#19446);
#19446 = SURFACE_SIDE_STYLE('',(#19447));
#19447 = SURFACE_STYLE_FILL_AREA(#19448);
#19448 = FILL_AREA_STYLE('',(#19449));
#19449 = FILL_AREA_STYLE_COLOUR('',#19314);
#19450 = CURVE_STYLE('',#19451,POSITIVE_LENGTH_MEASURE(0.1),#19314);
#19451 = DRAUGHTING_PRE_DEFINED_CURVE_FONT('continuous');
#19452 = OVER_RIDING_STYLED_ITEM('overriding color',(#19453),#15391,
  #19398);
#19453 = PRESENTATION_STYLE_ASSIGNMENT((#19454,#19459));
#19454 = SURFACE_STYLE_USAGE(.BOTH.,#19455);
#19455 = SURFACE_SIDE_STYLE('',(#19456));
#19456 = SURFACE_STYLE_FILL_AREA(#19457);
#19457 = FILL_AREA_STYLE('',(#19458));
#19458 = FILL_AREA_STYLE_COLOUR('',#19314);
#19459 = CURVE_STYLE('',#19460,POSITIVE_LENGTH_MEASURE(0.1),#19314);
#19460 = DRAUGHTING_PRE_DEFINED_CURVE_FONT('continuous');
#19461 = OVER_RIDING_STYLED_ITEM('overriding color',(#19462),#15427,
  #19398);
#19462 = PRESENTATION_STYLE_ASSIGNMENT((#19463,#19468));
#19463 = SURFACE_STYLE_USAGE(.BOTH.,#19464);
#19464 = SURFACE_SIDE_STYLE('',(#19465));
#19465 = SURFACE_STYLE_FILL_AREA(#19466);
#19466 = FILL_AREA_STYLE('',(#19467));
#19467 = FILL_AREA_STYLE_COLOUR('',#19314);
#19468 = CURVE_STYLE('',#19469,POSITIVE_LENGTH_MEASURE(0.1),#19314);
#19469 = DRAUGHTING_PRE_DEFINED_CURVE_FONT('continuous');
#19470 = OVER_RIDING_STYLED_ITEM('overriding color',(#19471),#15453,
  #19398);
#19471 = PRESENTATION_STYLE_ASSIGNMENT((#19472,#19477));
#19472 = SURFACE_STYLE_USAGE(.BOTH.,#19473);
#19473 = SURFACE_SIDE_STYLE('',(#19474));
#19474 = SURFACE_STYLE_FILL_AREA(#19475);
#19475 = FILL_AREA_STYLE('',(#19476));
#19476 = FILL_AREA_STYLE_COLOUR('',#19314);
#19477 = CURVE_STYLE('',#19478,POSITIVE_LENGTH_MEASURE(0.1),#19314);
#19478 = DRAUGHTING_PRE_DEFINED_CURVE_FONT('continuous');
#19479 = OVER_RIDING_STYLED_ITEM('overriding color',(#19480),#15473,
  #19398);
#19480 = PRESENTATION_STYLE_ASSIGNMENT((#19481,#19486));
#19481 = SURFACE_STYLE_USAGE(.BOTH.,#19482);
#19482 = SURFACE_SIDE_STYLE('',(#19483));
#19483 = SURFACE_STYLE_FILL_AREA(#19484);
#19484 = FILL_AREA_STYLE('',(#19485));
#19485 = FILL_AREA_STYLE_COLOUR('',#19314);
#19486 = CURVE_STYLE('',#19487,POSITIVE_LENGTH_MEASURE(0.1),#19314);
#19487 = DRAUGHTING_PRE_DEFINED_CURVE_FONT('continuous');
#19488 = OVER_RIDING_STYLED_ITEM('overriding color',(#19489),#15493,
  #19398);
#19489 = PRESENTATION_STYLE_ASSIGNMENT((#19490,#19495));
#19490 = SURFACE_STYLE_USAGE(.BOTH.,#19491);
#19491 = SURFACE_SIDE_STYLE('',(#19492));
#19492 = SURFACE_STYLE_FILL_AREA(#19493);
#19493 = FILL_AREA_STYLE('',(#19494));
#19494 = FILL_AREA_STYLE_COLOUR('',#19314);
#19495 = CURVE_STYLE('',#19496,POSITIVE_LENGTH_MEASURE(0.1),#19314);
#19496 = DRAUGHTING_PRE_DEFINED_CURVE_FONT('continuous');
#19497 = STYLED_ITEM('color',(#19498),#15507);
#19498 = PRESENTATION_STYLE_ASSIGNMENT((#19499,#19504));
#19499 = SURFACE_STYLE_USAGE(.BOTH.,#19500);
#19500 = SURFACE_SIDE_STYLE('',(#19501));
#19501 = SURFACE_STYLE_FILL_AREA(#19502);
#19502 = FILL_AREA_STYLE('',(#19503));
#19503 = FILL_AREA_STYLE_COLOUR('',#16702);
#19504 = CURVE_STYLE('',#19505,POSITIVE_LENGTH_MEASURE(0.1),#16702);
#19505 = DRAUGHTING_PRE_DEFINED_CURVE_FONT('continuous');
#19506 = OVER_RIDING_STYLED_ITEM('overriding color',(#19507),#15509,
  #19497);
#19507 = PRESENTATION_STYLE_ASSIGNMENT((#19508,#19513));
#19508 = SURFACE_STYLE_USAGE(.BOTH.,#19509);
#19509 = SURFACE_SIDE_STYLE('',(#19510));
#19510 = SURFACE_STYLE_FILL_AREA(#19511);
#19511 = FILL_AREA_STYLE('',(#19512));
#19512 = FILL_AREA_STYLE_COLOUR('',#19314);
#19513 = CURVE_STYLE('',#19514,POSITIVE_LENGTH_MEASURE(0.1),#19314);
#19514 = DRAUGHTING_PRE_DEFINED_CURVE_FONT('continuous');
#19515 = OVER_RIDING_STYLED_ITEM('overriding color',(#19516),#15543,
  #19497);
#19516 = PRESENTATION_STYLE_ASSIGNMENT((#19517,#19522));
#19517 = SURFACE_STYLE_USAGE(.BOTH.,#19518);
#19518 = SURFACE_SIDE_STYLE('',(#19519));
#19519 = SURFACE_STYLE_FILL_AREA(#19520);
#19520 = FILL_AREA_STYLE('',(#19521));
#19521 = FILL_AREA_STYLE_COLOUR('',#19314);
#19522 = CURVE_STYLE('',#19523,POSITIVE_LENGTH_MEASURE(0.1),#19314);
#19523 = DRAUGHTING_PRE_DEFINED_CURVE_FONT('continuous');
#19524 = OVER_RIDING_STYLED_ITEM('overriding color',(#19525),#15577,
  #19497);
#19525 = PRESENTATION_STYLE_ASSIGNMENT((#19526,#19531));
#19526 = SURFACE_STYLE_USAGE(.BOTH.,#19527);
#19527 = SURFACE_SIDE_STYLE('',(#19528));
#19528 = SURFACE_STYLE_FILL_AREA(#19529);
#19529 = FILL_AREA_STYLE('',(#19530));
#19530 = FILL_AREA_STYLE_COLOUR('',#19314);
#19531 = CURVE_STYLE('',#19532,POSITIVE_LENGTH_MEASURE(0.1),#19314);
#19532 = DRAUGHTING_PRE_DEFINED_CURVE_FONT('continuous');
#19533 = OVER_RIDING_STYLED_ITEM('overriding color',(#19534),#15611,
  #19497);
#19534 = PRESENTATION_STYLE_ASSIGNMENT((#19535,#19540));
#19535 = SURFACE_STYLE_USAGE(.BOTH.,#19536);
#19536 = SURFACE_SIDE_STYLE('',(#19537));
#19537 = SURFACE_STYLE_FILL_AREA(#19538);
#19538 = FILL_AREA_STYLE('',(#19539));
#19539 = FILL_AREA_STYLE_COLOUR('',#19314);
#19540 = CURVE_STYLE('',#19541,POSITIVE_LENGTH_MEASURE(0.1),#19314);
#19541 = DRAUGHTING_PRE_DEFINED_CURVE_FONT('continuous');
#19542 = OVER_RIDING_STYLED_ITEM('overriding color',(#19543),#15645,
  #19497);
#19543 = PRESENTATION_STYLE_ASSIGNMENT((#19544,#19549));
#19544 = SURFACE_STYLE_USAGE(.BOTH.,#19545);
#19545 = SURFACE_SIDE_STYLE('',(#19546));
#19546 = SURFACE_STYLE_FILL_AREA(#19547);
#19547 = FILL_AREA_STYLE('',(#19548));
#19548 = FILL_AREA_STYLE_COLOUR('',#19314);
#19549 = CURVE_STYLE('',#19550,POSITIVE_LENGTH_MEASURE(0.1),#19314);
#19550 = DRAUGHTING_PRE_DEFINED_CURVE_FONT('continuous');
#19551 = OVER_RIDING_STYLED_ITEM('overriding color',(#19552),#15685,
  #19497);
#19552 = PRESENTATION_STYLE_ASSIGNMENT((#19553,#19558));
#19553 = SURFACE_STYLE_USAGE(.BOTH.,#19554);
#19554 = SURFACE_SIDE_STYLE('',(#19555));
#19555 = SURFACE_STYLE_FILL_AREA(#19556);
#19556 = FILL_AREA_STYLE('',(#19557));
#19557 = FILL_AREA_STYLE_COLOUR('',#19314);
#19558 = CURVE_STYLE('',#19559,POSITIVE_LENGTH_MEASURE(0.1),#19314);
#19559 = DRAUGHTING_PRE_DEFINED_CURVE_FONT('continuous');
#19560 = OVER_RIDING_STYLED_ITEM('overriding color',(#19561),#15721,
  #19497);
#19561 = PRESENTATION_STYLE_ASSIGNMENT((#19562,#19567));
#19562 = SURFACE_STYLE_USAGE(.BOTH.,#19563);
#19563 = SURFACE_SIDE_STYLE('',(#19564));
#19564 = SURFACE_STYLE_FILL_AREA(#19565);
#19565 = FILL_AREA_STYLE('',(#19566));
#19566 = FILL_AREA_STYLE_COLOUR('',#19314);
#19567 = CURVE_STYLE('',#19568,POSITIVE_LENGTH_MEASURE(0.1),#19314);
#19568 = DRAUGHTING_PRE_DEFINED_CURVE_FONT('continuous');
#19569 = OVER_RIDING_STYLED_ITEM('overriding color',(#19570),#15747,
  #19497);
#19570 = PRESENTATION_STYLE_ASSIGNMENT((#19571,#19576));
#19571 = SURFACE_STYLE_USAGE(.BOTH.,#19572);
#19572 = SURFACE_SIDE_STYLE('',(#19573));
#19573 = SURFACE_STYLE_FILL_AREA(#19574);
#19574 = FILL_AREA_STYLE('',(#19575));
#19575 = FILL_AREA_STYLE_COLOUR('',#19314);
#19576 = CURVE_STYLE('',#19577,POSITIVE_LENGTH_MEASURE(0.1),#19314);
#19577 = DRAUGHTING_PRE_DEFINED_CURVE_FONT('continuous');
#19578 = OVER_RIDING_STYLED_ITEM('overriding color',(#19579),#15767,
  #19497);
#19579 = PRESENTATION_STYLE_ASSIGNMENT((#19580,#19585));
#19580 = SURFACE_STYLE_USAGE(.BOTH.,#19581);
#19581 = SURFACE_SIDE_STYLE('',(#19582));
#19582 = SURFACE_STYLE_FILL_AREA(#19583);
#19583 = FILL_AREA_STYLE('',(#19584));
#19584 = FILL_AREA_STYLE_COLOUR('',#19314);
#19585 = CURVE_STYLE('',#19586,POSITIVE_LENGTH_MEASURE(0.1),#19314);
#19586 = DRAUGHTING_PRE_DEFINED_CURVE_FONT('continuous');
#19587 = OVER_RIDING_STYLED_ITEM('overriding color',(#19588),#15787,
  #19497);
#19588 = PRESENTATION_STYLE_ASSIGNMENT((#19589,#19594));
#19589 = SURFACE_STYLE_USAGE(.BOTH.,#19590);
#19590 = SURFACE_SIDE_STYLE('',(#19591));
#19591 = SURFACE_STYLE_FILL_AREA(#19592);
#19592 = FILL_AREA_STYLE('',(#19593));
#19593 = FILL_AREA_STYLE_COLOUR('',#19314);
#19594 = CURVE_STYLE('',#19595,POSITIVE_LENGTH_MEASURE(0.1),#19314);
#19595 = DRAUGHTING_PRE_DEFINED_CURVE_FONT('continuous');
#19596 = STYLED_ITEM('color',(#19597),#15801);
#19597 = PRESENTATION_STYLE_ASSIGNMENT((#19598,#19603));
#19598 = SURFACE_STYLE_USAGE(.BOTH.,#19599);
#19599 = SURFACE_SIDE_STYLE('',(#19600));
#19600 = SURFACE_STYLE_FILL_AREA(#19601);
#19601 = FILL_AREA_STYLE('',(#19602));
#19602 = FILL_AREA_STYLE_COLOUR('',#16702);
#19603 = CURVE_STYLE('',#19604,POSITIVE_LENGTH_MEASURE(0.1),#16702);
#19604 = DRAUGHTING_PRE_DEFINED_CURVE_FONT('continuous');
#19605 = OVER_RIDING_STYLED_ITEM('overriding color',(#19606),#15803,
  #19596);
#19606 = PRESENTATION_STYLE_ASSIGNMENT((#19607,#19612));
#19607 = SURFACE_STYLE_USAGE(.BOTH.,#19608);
#19608 = SURFACE_SIDE_STYLE('',(#19609));
#19609 = SURFACE_STYLE_FILL_AREA(#19610);
#19610 = FILL_AREA_STYLE('',(#19611));
#19611 = FILL_AREA_STYLE_COLOUR('',#19314);
#19612 = CURVE_STYLE('',#19613,POSITIVE_LENGTH_MEASURE(0.1),#19314);
#19613 = DRAUGHTING_PRE_DEFINED_CURVE_FONT('continuous');
#19614 = OVER_RIDING_STYLED_ITEM('overriding color',(#19615),#15837,
  #19596);
#19615 = PRESENTATION_STYLE_ASSIGNMENT((#19616,#19621));
#19616 = SURFACE_STYLE_USAGE(.BOTH.,#19617);
#19617 = SURFACE_SIDE_STYLE('',(#19618));
#19618 = SURFACE_STYLE_FILL_AREA(#19619);
#19619 = FILL_AREA_STYLE('',(#19620));
#19620 = FILL_AREA_STYLE_COLOUR('',#19314);
#19621 = CURVE_STYLE('',#19622,POSITIVE_LENGTH_MEASURE(0.1),#19314);
#19622 = DRAUGHTING_PRE_DEFINED_CURVE_FONT('continuous');
#19623 = OVER_RIDING_STYLED_ITEM('overriding color',(#19624),#15871,
  #19596);
#19624 = PRESENTATION_STYLE_ASSIGNMENT((#19625,#19630));
#19625 = SURFACE_STYLE_USAGE(.BOTH.,#19626);
#19626 = SURFACE_SIDE_STYLE('',(#19627));
#19627 = SURFACE_STYLE_FILL_AREA(#19628);
#19628 = FILL_AREA_STYLE('',(#19629));
#19629 = FILL_AREA_STYLE_COLOUR('',#19314);
#19630 = CURVE_STYLE('',#19631,POSITIVE_LENGTH_MEASURE(0.1),#19314);
#19631 = DRAUGHTING_PRE_DEFINED_CURVE_FONT('continuous');
#19632 = OVER_RIDING_STYLED_ITEM('overriding color',(#19633),#15905,
  #19596);
#19633 = PRESENTATION_STYLE_ASSIGNMENT((#19634,#19639));
#19634 = SURFACE_STYLE_USAGE(.BOTH.,#19635);
#19635 = SURFACE_SIDE_STYLE('',(#19636));
#19636 = SURFACE_STYLE_FILL_AREA(#19637);
#19637 = FILL_AREA_STYLE('',(#19638));
#19638 = FILL_AREA_STYLE_COLOUR('',#19314);
#19639 = CURVE_STYLE('',#19640,POSITIVE_LENGTH_MEASURE(0.1),#19314);
#19640 = DRAUGHTING_PRE_DEFINED_CURVE_FONT('continuous');
#19641 = OVER_RIDING_STYLED_ITEM('overriding color',(#19642),#15939,
  #19596);
#19642 = PRESENTATION_STYLE_ASSIGNMENT((#19643,#19648));
#19643 = SURFACE_STYLE_USAGE(.BOTH.,#19644);
#19644 = SURFACE_SIDE_STYLE('',(#19645));
#19645 = SURFACE_STYLE_FILL_AREA(#19646);
#19646 = FILL_AREA_STYLE('',(#19647));
#19647 = FILL_AREA_STYLE_COLOUR('',#19314);
#19648 = CURVE_STYLE('',#19649,POSITIVE_LENGTH_MEASURE(0.1),#19314);
#19649 = DRAUGHTING_PRE_DEFINED_CURVE_FONT('continuous');
#19650 = OVER_RIDING_STYLED_ITEM('overriding color',(#19651),#15979,
  #19596);
#19651 = PRESENTATION_STYLE_ASSIGNMENT((#19652,#19657));
#19652 = SURFACE_STYLE_USAGE(.BOTH.,#19653);
#19653 = SURFACE_SIDE_STYLE('',(#19654));
#19654 = SURFACE_STYLE_FILL_AREA(#19655);
#19655 = FILL_AREA_STYLE('',(#19656));
#19656 = FILL_AREA_STYLE_COLOUR('',#19314);
#19657 = CURVE_STYLE('',#19658,POSITIVE_LENGTH_MEASURE(0.1),#19314);
#19658 = DRAUGHTING_PRE_DEFINED_CURVE_FONT('continuous');
#19659 = OVER_RIDING_STYLED_ITEM('overriding color',(#19660),#16015,
  #19596);
#19660 = PRESENTATION_STYLE_ASSIGNMENT((#19661,#19666));
#19661 = SURFACE_STYLE_USAGE(.BOTH.,#19662);
#19662 = SURFACE_SIDE_STYLE('',(#19663));
#19663 = SURFACE_STYLE_FILL_AREA(#19664);
#19664 = FILL_AREA_STYLE('',(#19665));
#19665 = FILL_AREA_STYLE_COLOUR('',#19314);
#19666 = CURVE_STYLE('',#19667,POSITIVE_LENGTH_MEASURE(0.1),#19314);
#19667 = DRAUGHTING_PRE_DEFINED_CURVE_FONT('continuous');
#19668 = OVER_RIDING_STYLED_ITEM('overriding color',(#19669),#16041,
  #19596);
#19669 = PRESENTATION_STYLE_ASSIGNMENT((#19670,#19675));
#19670 = SURFACE_STYLE_USAGE(.BOTH.,#19671);
#19671 = SURFACE_SIDE_STYLE('',(#19672));
#19672 = SURFACE_STYLE_FILL_AREA(#19673);
#19673 = FILL_AREA_STYLE('',(#19674));
#19674 = FILL_AREA_STYLE_COLOUR('',#19314);
#19675 = CURVE_STYLE('',#19676,POSITIVE_LENGTH_MEASURE(0.1),#19314);
#19676 = DRAUGHTING_PRE_DEFINED_CURVE_FONT('continuous');
#19677 = OVER_RIDING_STYLED_ITEM('overriding color',(#19678),#16061,
  #19596);
#19678 = PRESENTATION_STYLE_ASSIGNMENT((#19679,#19684));
#19679 = SURFACE_STYLE_USAGE(.BOTH.,#19680);
#19680 = SURFACE_SIDE_STYLE('',(#19681));
#19681 = SURFACE_STYLE_FILL_AREA(#19682);
#19682 = FILL_AREA_STYLE('',(#19683));
#19683 = FILL_AREA_STYLE_COLOUR('',#19314);
#19684 = CURVE_STYLE('',#19685,POSITIVE_LENGTH_MEASURE(0.1),#19314);
#19685 = DRAUGHTING_PRE_DEFINED_CURVE_FONT('continuous');
#19686 = OVER_RIDING_STYLED_ITEM('overriding color',(#19687),#16081,
  #19596);
#19687 = PRESENTATION_STYLE_ASSIGNMENT((#19688,#19693));
#19688 = SURFACE_STYLE_USAGE(.BOTH.,#19689);
#19689 = SURFACE_SIDE_STYLE('',(#19690));
#19690 = SURFACE_STYLE_FILL_AREA(#19691);
#19691 = FILL_AREA_STYLE('',(#19692));
#19692 = FILL_AREA_STYLE_COLOUR('',#19314);
#19693 = CURVE_STYLE('',#19694,POSITIVE_LENGTH_MEASURE(0.1),#19314);
#19694 = DRAUGHTING_PRE_DEFINED_CURVE_FONT('continuous');
#19695 = STYLED_ITEM('color',(#19696),#16095);
#19696 = PRESENTATION_STYLE_ASSIGNMENT((#19697,#19702));
#19697 = SURFACE_STYLE_USAGE(.BOTH.,#19698);
#19698 = SURFACE_SIDE_STYLE('',(#19699));
#19699 = SURFACE_STYLE_FILL_AREA(#19700);
#19700 = FILL_AREA_STYLE('',(#19701));
#19701 = FILL_AREA_STYLE_COLOUR('',#16702);
#19702 = CURVE_STYLE('',#19703,POSITIVE_LENGTH_MEASURE(0.1),#16702);
#19703 = DRAUGHTING_PRE_DEFINED_CURVE_FONT('continuous');
#19704 = OVER_RIDING_STYLED_ITEM('overriding color',(#19705),#16097,
  #19695);
#19705 = PRESENTATION_STYLE_ASSIGNMENT((#19706,#19711));
#19706 = SURFACE_STYLE_USAGE(.BOTH.,#19707);
#19707 = SURFACE_SIDE_STYLE('',(#19708));
#19708 = SURFACE_STYLE_FILL_AREA(#19709);
#19709 = FILL_AREA_STYLE('',(#19710));
#19710 = FILL_AREA_STYLE_COLOUR('',#19314);
#19711 = CURVE_STYLE('',#19712,POSITIVE_LENGTH_MEASURE(0.1),#19314);
#19712 = DRAUGHTING_PRE_DEFINED_CURVE_FONT('continuous');
#19713 = OVER_RIDING_STYLED_ITEM('overriding color',(#19714),#16131,
  #19695);
#19714 = PRESENTATION_STYLE_ASSIGNMENT((#19715,#19720));
#19715 = SURFACE_STYLE_USAGE(.BOTH.,#19716);
#19716 = SURFACE_SIDE_STYLE('',(#19717));
#19717 = SURFACE_STYLE_FILL_AREA(#19718);
#19718 = FILL_AREA_STYLE('',(#19719));
#19719 = FILL_AREA_STYLE_COLOUR('',#19314);
#19720 = CURVE_STYLE('',#19721,POSITIVE_LENGTH_MEASURE(0.1),#19314);
#19721 = DRAUGHTING_PRE_DEFINED_CURVE_FONT('continuous');
#19722 = OVER_RIDING_STYLED_ITEM('overriding color',(#19723),#16165,
  #19695);
#19723 = PRESENTATION_STYLE_ASSIGNMENT((#19724,#19729));
#19724 = SURFACE_STYLE_USAGE(.BOTH.,#19725);
#19725 = SURFACE_SIDE_STYLE('',(#19726));
#19726 = SURFACE_STYLE_FILL_AREA(#19727);
#19727 = FILL_AREA_STYLE('',(#19728));
#19728 = FILL_AREA_STYLE_COLOUR('',#19314);
#19729 = CURVE_STYLE('',#19730,POSITIVE_LENGTH_MEASURE(0.1),#19314);
#19730 = DRAUGHTING_PRE_DEFINED_CURVE_FONT('continuous');
#19731 = OVER_RIDING_STYLED_ITEM('overriding color',(#19732),#16199,
  #19695);
#19732 = PRESENTATION_STYLE_ASSIGNMENT((#19733,#19738));
#19733 = SURFACE_STYLE_USAGE(.BOTH.,#19734);
#19734 = SURFACE_SIDE_STYLE('',(#19735));
#19735 = SURFACE_STYLE_FILL_AREA(#19736);
#19736 = FILL_AREA_STYLE('',(#19737));
#19737 = FILL_AREA_STYLE_COLOUR('',#19314);
#19738 = CURVE_STYLE('',#19739,POSITIVE_LENGTH_MEASURE(0.1),#19314);
#19739 = DRAUGHTING_PRE_DEFINED_CURVE_FONT('continuous');
#19740 = OVER_RIDING_STYLED_ITEM('overriding color',(#19741),#16233,
  #19695);
#19741 = PRESENTATION_STYLE_ASSIGNMENT((#19742,#19747));
#19742 = SURFACE_STYLE_USAGE(.BOTH.,#19743);
#19743 = SURFACE_SIDE_STYLE('',(#19744));
#19744 = SURFACE_STYLE_FILL_AREA(#19745);
#19745 = FILL_AREA_STYLE('',(#19746));
#19746 = FILL_AREA_STYLE_COLOUR('',#19314);
#19747 = CURVE_STYLE('',#19748,POSITIVE_LENGTH_MEASURE(0.1),#19314);
#19748 = DRAUGHTING_PRE_DEFINED_CURVE_FONT('continuous');
#19749 = OVER_RIDING_STYLED_ITEM('overriding color',(#19750),#16273,
  #19695);
#19750 = PRESENTATION_STYLE_ASSIGNMENT((#19751,#19756));
#19751 = SURFACE_STYLE_USAGE(.BOTH.,#19752);
#19752 = SURFACE_SIDE_STYLE('',(#19753));
#19753 = SURFACE_STYLE_FILL_AREA(#19754);
#19754 = FILL_AREA_STYLE('',(#19755));
#19755 = FILL_AREA_STYLE_COLOUR('',#19314);
#19756 = CURVE_STYLE('',#19757,POSITIVE_LENGTH_MEASURE(0.1),#19314);
#19757 = DRAUGHTING_PRE_DEFINED_CURVE_FONT('continuous');
#19758 = OVER_RIDING_STYLED_ITEM('overriding color',(#19759),#16309,
  #19695);
#19759 = PRESENTATION_STYLE_ASSIGNMENT((#19760,#19765));
#19760 = SURFACE_STYLE_USAGE(.BOTH.,#19761);
#19761 = SURFACE_SIDE_STYLE('',(#19762));
#19762 = SURFACE_STYLE_FILL_AREA(#19763);
#19763 = FILL_AREA_STYLE('',(#19764));
#19764 = FILL_AREA_STYLE_COLOUR('',#19314);
#19765 = CURVE_STYLE('',#19766,POSITIVE_LENGTH_MEASURE(0.1),#19314);
#19766 = DRAUGHTING_PRE_DEFINED_CURVE_FONT('continuous');
#19767 = OVER_RIDING_STYLED_ITEM('overriding color',(#19768),#16335,
  #19695);
#19768 = PRESENTATION_STYLE_ASSIGNMENT((#19769,#19774));
#19769 = SURFACE_STYLE_USAGE(.BOTH.,#19770);
#19770 = SURFACE_SIDE_STYLE('',(#19771));
#19771 = SURFACE_STYLE_FILL_AREA(#19772);
#19772 = FILL_AREA_STYLE('',(#19773));
#19773 = FILL_AREA_STYLE_COLOUR('',#19314);
#19774 = CURVE_STYLE('',#19775,POSITIVE_LENGTH_MEASURE(0.1),#19314);
#19775 = DRAUGHTING_PRE_DEFINED_CURVE_FONT('continuous');
#19776 = OVER_RIDING_STYLED_ITEM('overriding color',(#19777),#16355,
  #19695);
#19777 = PRESENTATION_STYLE_ASSIGNMENT((#19778,#19783));
#19778 = SURFACE_STYLE_USAGE(.BOTH.,#19779);
#19779 = SURFACE_SIDE_STYLE('',(#19780));
#19780 = SURFACE_STYLE_FILL_AREA(#19781);
#19781 = FILL_AREA_STYLE('',(#19782));
#19782 = FILL_AREA_STYLE_COLOUR('',#19314);
#19783 = CURVE_STYLE('',#19784,POSITIVE_LENGTH_MEASURE(0.1),#19314);
#19784 = DRAUGHTING_PRE_DEFINED_CURVE_FONT('continuous');
#19785 = OVER_RIDING_STYLED_ITEM('overriding color',(#19786),#16375,
  #19695);
#19786 = PRESENTATION_STYLE_ASSIGNMENT((#19787,#19792));
#19787 = SURFACE_STYLE_USAGE(.BOTH.,#19788);
#19788 = SURFACE_SIDE_STYLE('',(#19789));
#19789 = SURFACE_STYLE_FILL_AREA(#19790);
#19790 = FILL_AREA_STYLE('',(#19791));
#19791 = FILL_AREA_STYLE_COLOUR('',#19314);
#19792 = CURVE_STYLE('',#19793,POSITIVE_LENGTH_MEASURE(0.1),#19314);
#19793 = DRAUGHTING_PRE_DEFINED_CURVE_FONT('continuous');
#19794 = STYLED_ITEM('color',(#19795),#16389);
#19795 = PRESENTATION_STYLE_ASSIGNMENT((#19796,#19801));
#19796 = SURFACE_STYLE_USAGE(.BOTH.,#19797);
#19797 = SURFACE_SIDE_STYLE('',(#19798));
#19798 = SURFACE_STYLE_FILL_AREA(#19799);
#19799 = FILL_AREA_STYLE('',(#19800));
#19800 = FILL_AREA_STYLE_COLOUR('',#16702);
#19801 = CURVE_STYLE('',#19802,POSITIVE_LENGTH_MEASURE(0.1),#16702);
#19802 = DRAUGHTING_PRE_DEFINED_CURVE_FONT('continuous');
#19803 = OVER_RIDING_STYLED_ITEM('overriding color',(#19804),#16391,
  #19794);
#19804 = PRESENTATION_STYLE_ASSIGNMENT((#19805,#19810));
#19805 = SURFACE_STYLE_USAGE(.BOTH.,#19806);
#19806 = SURFACE_SIDE_STYLE('',(#19807));
#19807 = SURFACE_STYLE_FILL_AREA(#19808);
#19808 = FILL_AREA_STYLE('',(#19809));
#19809 = FILL_AREA_STYLE_COLOUR('',#19314);
#19810 = CURVE_STYLE('',#19811,POSITIVE_LENGTH_MEASURE(0.1),#19314);
#19811 = DRAUGHTING_PRE_DEFINED_CURVE_FONT('continuous');
#19812 = OVER_RIDING_STYLED_ITEM('overriding color',(#19813),#16425,
  #19794);
#19813 = PRESENTATION_STYLE_ASSIGNMENT((#19814,#19819));
#19814 = SURFACE_STYLE_USAGE(.BOTH.,#19815);
#19815 = SURFACE_SIDE_STYLE('',(#19816));
#19816 = SURFACE_STYLE_FILL_AREA(#19817);
#19817 = FILL_AREA_STYLE('',(#19818));
#19818 = FILL_AREA_STYLE_COLOUR('',#19314);
#19819 = CURVE_STYLE('',#19820,POSITIVE_LENGTH_MEASURE(0.1),#19314);
#19820 = DRAUGHTING_PRE_DEFINED_CURVE_FONT('continuous');
#19821 = OVER_RIDING_STYLED_ITEM('overriding color',(#19822),#16459,
  #19794);
#19822 = PRESENTATION_STYLE_ASSIGNMENT((#19823,#19828));
#19823 = SURFACE_STYLE_USAGE(.BOTH.,#19824);
#19824 = SURFACE_SIDE_STYLE('',(#19825));
#19825 = SURFACE_STYLE_FILL_AREA(#19826);
#19826 = FILL_AREA_STYLE('',(#19827));
#19827 = FILL_AREA_STYLE_COLOUR('',#19314);
#19828 = CURVE_STYLE('',#19829,POSITIVE_LENGTH_MEASURE(0.1),#19314);
#19829 = DRAUGHTING_PRE_DEFINED_CURVE_FONT('continuous');
#19830 = OVER_RIDING_STYLED_ITEM('overriding color',(#19831),#16493,
  #19794);
#19831 = PRESENTATION_STYLE_ASSIGNMENT((#19832,#19837));
#19832 = SURFACE_STYLE_USAGE(.BOTH.,#19833);
#19833 = SURFACE_SIDE_STYLE('',(#19834));
#19834 = SURFACE_STYLE_FILL_AREA(#19835);
#19835 = FILL_AREA_STYLE('',(#19836));
#19836 = FILL_AREA_STYLE_COLOUR('',#19314);
#19837 = CURVE_STYLE('',#19838,POSITIVE_LENGTH_MEASURE(0.1),#19314);
#19838 = DRAUGHTING_PRE_DEFINED_CURVE_FONT('continuous');
#19839 = OVER_RIDING_STYLED_ITEM('overriding color',(#19840),#16527,
  #19794);
#19840 = PRESENTATION_STYLE_ASSIGNMENT((#19841,#19846));
#19841 = SURFACE_STYLE_USAGE(.BOTH.,#19842);
#19842 = SURFACE_SIDE_STYLE('',(#19843));
#19843 = SURFACE_STYLE_FILL_AREA(#19844);
#19844 = FILL_AREA_STYLE('',(#19845));
#19845 = FILL_AREA_STYLE_COLOUR('',#19314);
#19846 = CURVE_STYLE('',#19847,POSITIVE_LENGTH_MEASURE(0.1),#19314);
#19847 = DRAUGHTING_PRE_DEFINED_CURVE_FONT('continuous');
#19848 = OVER_RIDING_STYLED_ITEM('overriding color',(#19849),#16567,
  #19794);
#19849 = PRESENTATION_STYLE_ASSIGNMENT((#19850,#19855));
#19850 = SURFACE_STYLE_USAGE(.BOTH.,#19851);
#19851 = SURFACE_SIDE_STYLE('',(#19852));
#19852 = SURFACE_STYLE_FILL_AREA(#19853);
#19853 = FILL_AREA_STYLE('',(#19854));
#19854 = FILL_AREA_STYLE_COLOUR('',#19314);
#19855 = CURVE_STYLE('',#19856,POSITIVE_LENGTH_MEASURE(0.1),#19314);
#19856 = DRAUGHTING_PRE_DEFINED_CURVE_FONT('continuous');
#19857 = OVER_RIDING_STYLED_ITEM('overriding color',(#19858),#16603,
  #19794);
#19858 = PRESENTATION_STYLE_ASSIGNMENT((#19859,#19864));
#19859 = SURFACE_STYLE_USAGE(.BOTH.,#19860);
#19860 = SURFACE_SIDE_STYLE('',(#19861));
#19861 = SURFACE_STYLE_FILL_AREA(#19862);
#19862 = FILL_AREA_STYLE('',(#19863));
#19863 = FILL_AREA_STYLE_COLOUR('',#19314);
#19864 = CURVE_STYLE('',#19865,POSITIVE_LENGTH_MEASURE(0.1),#19314);
#19865 = DRAUGHTING_PRE_DEFINED_CURVE_FONT('continuous');
#19866 = OVER_RIDING_STYLED_ITEM('overriding color',(#19867),#16629,
  #19794);
#19867 = PRESENTATION_STYLE_ASSIGNMENT((#19868,#19873));
#19868 = SURFACE_STYLE_USAGE(.BOTH.,#19869);
#19869 = SURFACE_SIDE_STYLE('',(#19870));
#19870 = SURFACE_STYLE_FILL_AREA(#19871);
#19871 = FILL_AREA_STYLE('',(#19872));
#19872 = FILL_AREA_STYLE_COLOUR('',#19314);
#19873 = CURVE_STYLE('',#19874,POSITIVE_LENGTH_MEASURE(0.1),#19314);
#19874 = DRAUGHTING_PRE_DEFINED_CURVE_FONT('continuous');
#19875 = OVER_RIDING_STYLED_ITEM('overriding color',(#19876),#16649,
  #19794);
#19876 = PRESENTATION_STYLE_ASSIGNMENT((#19877,#19882));
#19877 = SURFACE_STYLE_USAGE(.BOTH.,#19878);
#19878 = SURFACE_SIDE_STYLE('',(#19879));
#19879 = SURFACE_STYLE_FILL_AREA(#19880);
#19880 = FILL_AREA_STYLE('',(#19881));
#19881 = FILL_AREA_STYLE_COLOUR('',#19314);
#19882 = CURVE_STYLE('',#19883,POSITIVE_LENGTH_MEASURE(0.1),#19314);
#19883 = DRAUGHTING_PRE_DEFINED_CURVE_FONT('continuous');
#19884 = OVER_RIDING_STYLED_ITEM('overriding color',(#19885),#16669,
  #19794);
#19885 = PRESENTATION_STYLE_ASSIGNMENT((#19886,#19891));
#19886 = SURFACE_STYLE_USAGE(.BOTH.,#19887);
#19887 = SURFACE_SIDE_STYLE('',(#19888));
#19888 = SURFACE_STYLE_FILL_AREA(#19889);
#19889 = FILL_AREA_STYLE('',(#19890));
#19890 = FILL_AREA_STYLE_COLOUR('',#19314);
#19891 = CURVE_STYLE('',#19892,POSITIVE_LENGTH_MEASURE(0.1),#19314);
#19892 = DRAUGHTING_PRE_DEFINED_CURVE_FONT('continuous');
#19893 = MECHANICAL_DESIGN_GEOMETRIC_PRESENTATION_REPRESENTATION('',(
    #19894,#19904,#19913,#19923,#19932,#19941,#19950,#19959,#19968,
    #19977,#19986),#3162);
#19894 = STYLED_ITEM('color',(#19895),#64);
#19895 = PRESENTATION_STYLE_ASSIGNMENT((#19896,#19902));
#19896 = SURFACE_STYLE_USAGE(.BOTH.,#19897);
#19897 = SURFACE_SIDE_STYLE('',(#19898));
#19898 = SURFACE_STYLE_FILL_AREA(#19899);
#19899 = FILL_AREA_STYLE('',(#19900));
#19900 = FILL_AREA_STYLE_COLOUR('',#19901);
#19901 = DRAUGHTING_PRE_DEFINED_COLOUR('white');
#19902 = CURVE_STYLE('',#19903,POSITIVE_LENGTH_MEASURE(0.1),#19901);
#19903 = DRAUGHTING_PRE_DEFINED_CURVE_FONT('continuous');
#19904 = STYLED_ITEM('color',(#19905),#354);
#19905 = PRESENTATION_STYLE_ASSIGNMENT((#19906,#19911));
#19906 = SURFACE_STYLE_USAGE(.BOTH.,#19907);
#19907 = SURFACE_SIDE_STYLE('',(#19908));
#19908 = SURFACE_STYLE_FILL_AREA(#19909);
#19909 = FILL_AREA_STYLE('',(#19910));
#19910 = FILL_AREA_STYLE_COLOUR('',#19901);
#19911 = CURVE_STYLE('',#19912,POSITIVE_LENGTH_MEASURE(0.1),#19901);
#19912 = DRAUGHTING_PRE_DEFINED_CURVE_FONT('continuous');
#19913 = OVER_RIDING_STYLED_ITEM('overriding color',(#19914),#356,#19904
  );
#19914 = PRESENTATION_STYLE_ASSIGNMENT((#19915,#19921));
#19915 = SURFACE_STYLE_USAGE(.BOTH.,#19916);
#19916 = SURFACE_SIDE_STYLE('',(#19917));
#19917 = SURFACE_STYLE_FILL_AREA(#19918);
#19918 = FILL_AREA_STYLE('',(#19919));
#19919 = FILL_AREA_STYLE_COLOUR('',#19920);
#19920 = DRAUGHTING_PRE_DEFINED_COLOUR('black');
#19921 = CURVE_STYLE('',#19922,POSITIVE_LENGTH_MEASURE(0.1),#19920);
#19922 = DRAUGHTING_PRE_DEFINED_CURVE_FONT('continuous');
#19923 = STYLED_ITEM('color',(#19924),#964);
#19924 = PRESENTATION_STYLE_ASSIGNMENT((#19925,#19930));
#19925 = SURFACE_STYLE_USAGE(.BOTH.,#19926);
#19926 = SURFACE_SIDE_STYLE('',(#19927));
#19927 = SURFACE_STYLE_FILL_AREA(#19928);
#19928 = FILL_AREA_STYLE('',(#19929));
#19929 = FILL_AREA_STYLE_COLOUR('',#19901);
#19930 = CURVE_STYLE('',#19931,POSITIVE_LENGTH_MEASURE(0.1),#19901);
#19931 = DRAUGHTING_PRE_DEFINED_CURVE_FONT('continuous');
#19932 = OVER_RIDING_STYLED_ITEM('overriding color',(#19933),#1090,
  #19923);
#19933 = PRESENTATION_STYLE_ASSIGNMENT((#19934,#19939));
#19934 = SURFACE_STYLE_USAGE(.BOTH.,#19935);
#19935 = SURFACE_SIDE_STYLE('',(#19936));
#19936 = SURFACE_STYLE_FILL_AREA(#19937);
#19937 = FILL_AREA_STYLE('',(#19938));
#19938 = FILL_AREA_STYLE_COLOUR('',#19920);
#19939 = CURVE_STYLE('',#19940,POSITIVE_LENGTH_MEASURE(0.1),#19920);
#19940 = DRAUGHTING_PRE_DEFINED_CURVE_FONT('continuous');
#19941 = STYLED_ITEM('color',(#19942),#1114);
#19942 = PRESENTATION_STYLE_ASSIGNMENT((#19943,#19948));
#19943 = SURFACE_STYLE_USAGE(.BOTH.,#19944);
#19944 = SURFACE_SIDE_STYLE('',(#19945));
#19945 = SURFACE_STYLE_FILL_AREA(#19946);
#19946 = FILL_AREA_STYLE('',(#19947));
#19947 = FILL_AREA_STYLE_COLOUR('',#19901);
#19948 = CURVE_STYLE('',#19949,POSITIVE_LENGTH_MEASURE(0.1),#19901);
#19949 = DRAUGHTING_PRE_DEFINED_CURVE_FONT('continuous');
#19950 = OVER_RIDING_STYLED_ITEM('overriding color',(#19951),#1116,
  #19941);
#19951 = PRESENTATION_STYLE_ASSIGNMENT((#19952,#19957));
#19952 = SURFACE_STYLE_USAGE(.BOTH.,#19953);
#19953 = SURFACE_SIDE_STYLE('',(#19954));
#19954 = SURFACE_STYLE_FILL_AREA(#19955);
#19955 = FILL_AREA_STYLE('',(#19956));
#19956 = FILL_AREA_STYLE_COLOUR('',#19920);
#19957 = CURVE_STYLE('',#19958,POSITIVE_LENGTH_MEASURE(0.1),#19920);
#19958 = DRAUGHTING_PRE_DEFINED_CURVE_FONT('continuous');
#19959 = STYLED_ITEM('color',(#19960),#1760);
#19960 = PRESENTATION_STYLE_ASSIGNMENT((#19961,#19966));
#19961 = SURFACE_STYLE_USAGE(.BOTH.,#19962);
#19962 = SURFACE_SIDE_STYLE('',(#19963));
#19963 = SURFACE_STYLE_FILL_AREA(#19964);
#19964 = FILL_AREA_STYLE('',(#19965));
#19965 = FILL_AREA_STYLE_COLOUR('',#19901);
#19966 = CURVE_STYLE('',#19967,POSITIVE_LENGTH_MEASURE(0.1),#19901);
#19967 = DRAUGHTING_PRE_DEFINED_CURVE_FONT('continuous');
#19968 = OVER_RIDING_STYLED_ITEM('overriding color',(#19969),#2282,
  #19959);
#19969 = PRESENTATION_STYLE_ASSIGNMENT((#19970,#19975));
#19970 = SURFACE_STYLE_USAGE(.BOTH.,#19971);
#19971 = SURFACE_SIDE_STYLE('',(#19972));
#19972 = SURFACE_STYLE_FILL_AREA(#19973);
#19973 = FILL_AREA_STYLE('',(#19974));
#19974 = FILL_AREA_STYLE_COLOUR('',#19920);
#19975 = CURVE_STYLE('',#19976,POSITIVE_LENGTH_MEASURE(0.1),#19920);
#19976 = DRAUGHTING_PRE_DEFINED_CURVE_FONT('continuous');
#19977 = STYLED_ITEM('color',(#19978),#2330);
#19978 = PRESENTATION_STYLE_ASSIGNMENT((#19979,#19984));
#19979 = SURFACE_STYLE_USAGE(.BOTH.,#19980);
#19980 = SURFACE_SIDE_STYLE('',(#19981));
#19981 = SURFACE_STYLE_FILL_AREA(#19982);
#19982 = FILL_AREA_STYLE('',(#19983));
#19983 = FILL_AREA_STYLE_COLOUR('',#19901);
#19984 = CURVE_STYLE('',#19985,POSITIVE_LENGTH_MEASURE(0.1),#19901);
#19985 = DRAUGHTING_PRE_DEFINED_CURVE_FONT('continuous');
#19986 = OVER_RIDING_STYLED_ITEM('overriding color',(#19987),#2332,
  #19977);
#19987 = PRESENTATION_STYLE_ASSIGNMENT((#19988,#19994));
#19988 = SURFACE_STYLE_USAGE(.BOTH.,#19989);
#19989 = SURFACE_SIDE_STYLE('',(#19990));
#19990 = SURFACE_STYLE_FILL_AREA(#19991);
#19991 = FILL_AREA_STYLE('',(#19992));
#19992 = FILL_AREA_STYLE_COLOUR('',#19993);
#19993 = DRAUGHTING_PRE_DEFINED_COLOUR('red');
#19994 = CURVE_STYLE('',#19995,POSITIVE_LENGTH_MEASURE(0.1),#19993);
#19995 = DRAUGHTING_PRE_DEFINED_CURVE_FONT('continuous');
#19996 = MECHANICAL_DESIGN_GEOMETRIC_PRESENTATION_REPRESENTATION('',(
    #19997),#5057);
#19997 = STYLED_ITEM('color',(#19998),#3181);
#19998 = PRESENTATION_STYLE_ASSIGNMENT((#19999));
#19999 = SURFACE_STYLE_USAGE(.BOTH.,#20000);
#20000 = SURFACE_SIDE_STYLE('',(#20001));
#20001 = SURFACE_STYLE_FILL_AREA(#20002);
#20002 = FILL_AREA_STYLE('',(#20003));
#20003 = FILL_AREA_STYLE_COLOUR('',#20004);
#20004 = COLOUR_RGB('',0.792156867455,0.819607826924,0.933333342953);
ENDSEC;
END-ISO-10303-21;
