ISO-10303-21;
HEADER;
/* Generated by software containing ST-Developer
 * from STEP Tools, Inc. (www.steptools.com) 
 */

FILE_DESCRIPTION(
/* description */ (''),
/* implementation_level */ '2;1');

FILE_NAME(
/* name */ 'TL1016AAFxxxQG.step',
/* time_stamp */ '2026-08-16T16:12:55+02:00',
/* author */ (''),
/* organization */ (''),
/* preprocessor_version */ 'ST-DEVELOPER v20.1',
/* originating_system */ 'Autodesk Translation Framework v15.8.0.0',
/* authorisation */ '');

FILE_SCHEMA (('AUTOMOTIVE_DESIGN { 1 0 10303 214 3 1 1 }'));
ENDSEC;

DATA;
#10=MECHANICAL_DESIGN_GEOMETRIC_PRESENTATION_REPRESENTATION('',(#197,#198,
#199,#200,#201,#202,#203,#204,#205,#206,#207,#208,#209,#210,#211,#212,#213,
#214,#215,#216,#217,#218,#219,#220,#221,#222,#223,#224,#225,#226,#227,#228,
#229,#230,#231,#232,#233,#234,#235,#236,#237,#238,#239,#240,#241,#242,#243,
#244,#245,#246,#247,#248,#249,#250,#251,#252,#253,#254,#255,#256,#257,#258,
#259,#260,#261,#262,#263,#264,#265),#10514);
#11=SHAPE_REPRESENTATION_RELATIONSHIP('SRR','None',#10521,#12);
#12=ADVANCED_BREP_SHAPE_REPRESENTATION('',(#13),#10513);
#13=MANIFOLD_SOLID_BREP('Body1',#6518);
#14=FACE_BOUND('',#618,.T.);
#15=FACE_BOUND('',#626,.T.);
#16=FACE_BOUND('',#669,.T.);
#17=FACE_BOUND('',#866,.T.);
#18=ELLIPSE('',#6579,0.523066792452613,0.35);
#19=ELLIPSE('',#6591,0.151592545892858,0.15);
#20=ELLIPSE('',#6605,0.151592545892858,0.15);
#21=CYLINDRICAL_SURFACE('',#6547,0.3);
#22=CYLINDRICAL_SURFACE('',#6551,0.3);
#23=CYLINDRICAL_SURFACE('',#6580,0.1);
#24=CYLINDRICAL_SURFACE('',#6585,0.1);
#25=CYLINDRICAL_SURFACE('',#6606,0.15);
#26=CYLINDRICAL_SURFACE('',#6610,0.0999999999999998);
#27=CYLINDRICAL_SURFACE('',#6613,0.1);
#28=CYLINDRICAL_SURFACE('',#6616,0.0999999999999999);
#29=CYLINDRICAL_SURFACE('',#6621,0.1);
#30=CYLINDRICAL_SURFACE('',#6624,0.0999999999999997);
#31=CYLINDRICAL_SURFACE('',#6627,0.1);
#32=CYLINDRICAL_SURFACE('',#6642,0.15);
#33=CYLINDRICAL_SURFACE('',#6648,0.2);
#34=CYLINDRICAL_SURFACE('',#6652,0.15);
#35=CYLINDRICAL_SURFACE('',#6659,0.2);
#36=CYLINDRICAL_SURFACE('',#6682,0.2);
#37=CYLINDRICAL_SURFACE('',#6694,0.2);
#38=CYLINDRICAL_SURFACE('',#6697,0.1);
#39=CYLINDRICAL_SURFACE('',#6698,0.1);
#40=CYLINDRICAL_SURFACE('',#6699,0.1);
#41=CYLINDRICAL_SURFACE('',#6701,0.1);
#42=CYLINDRICAL_SURFACE('',#6703,0.1);
#43=CYLINDRICAL_SURFACE('',#6705,0.1);
#44=CYLINDRICAL_SURFACE('',#6708,0.2);
#45=CYLINDRICAL_SURFACE('',#6713,0.2);
#46=CYLINDRICAL_SURFACE('',#6719,0.2);
#47=CYLINDRICAL_SURFACE('',#6724,0.2);
#48=CYLINDRICAL_SURFACE('',#6726,0.2);
#49=CYLINDRICAL_SURFACE('',#6732,0.2);
#50=CYLINDRICAL_SURFACE('',#6734,0.2);
#51=CYLINDRICAL_SURFACE('',#6742,0.1);
#52=CYLINDRICAL_SURFACE('',#6743,0.1);
#53=CYLINDRICAL_SURFACE('',#6747,0.1);
#54=CYLINDRICAL_SURFACE('',#6748,0.1);
#55=CYLINDRICAL_SURFACE('',#6753,0.1);
#56=CYLINDRICAL_SURFACE('',#6754,0.1);
#57=CYLINDRICAL_SURFACE('',#6759,0.1);
#58=CYLINDRICAL_SURFACE('',#6760,0.1);
#59=CYLINDRICAL_SURFACE('',#6766,0.35);
#60=CYLINDRICAL_SURFACE('',#6793,0.5);
#61=CYLINDRICAL_SURFACE('',#6799,0.5);
#62=CYLINDRICAL_SURFACE('',#6827,0.15);
#63=CYLINDRICAL_SURFACE('',#6841,0.15);
#64=CYLINDRICAL_SURFACE('',#6844,0.15);
#65=CYLINDRICAL_SURFACE('',#6846,0.15);
#66=CYLINDRICAL_SURFACE('',#6848,0.15);
#67=CYLINDRICAL_SURFACE('',#6850,0.15);
#68=CYLINDRICAL_SURFACE('',#6852,0.1);
#69=CYLINDRICAL_SURFACE('',#6854,0.1);
#70=CYLINDRICAL_SURFACE('',#6857,0.2);
#71=CYLINDRICAL_SURFACE('',#6860,0.2);
#72=CYLINDRICAL_SURFACE('',#6862,0.2);
#73=CYLINDRICAL_SURFACE('',#6865,0.2);
#74=CYLINDRICAL_SURFACE('',#6927,0.1);
#75=CYLINDRICAL_SURFACE('',#6928,0.1);
#76=CYLINDRICAL_SURFACE('',#6950,0.1);
#77=CYLINDRICAL_SURFACE('',#6951,0.1);
#78=CIRCLE('',#6537,0.3);
#79=CIRCLE('',#6539,0.3);
#80=CIRCLE('',#6541,0.3);
#81=CIRCLE('',#6542,0.3);
#82=CIRCLE('',#6572,0.1);
#83=CIRCLE('',#6573,0.1);
#84=CIRCLE('',#6574,0.1);
#85=CIRCLE('',#6575,0.1);
#86=CIRCLE('',#6576,0.1);
#87=CIRCLE('',#6577,0.1);
#88=CIRCLE('',#6581,0.1);
#89=CIRCLE('',#6582,0.1);
#90=CIRCLE('',#6584,0.15);
#91=CIRCLE('',#6586,0.1);
#92=CIRCLE('',#6587,0.1);
#93=CIRCLE('',#6589,0.15);
#94=CIRCLE('',#6594,0.1);
#95=CIRCLE('',#6595,0.1);
#96=CIRCLE('',#6596,0.1);
#97=CIRCLE('',#6597,0.1);
#98=CIRCLE('',#6598,0.0999999999999998);
#99=CIRCLE('',#6599,0.1);
#100=CIRCLE('',#6600,0.0999999999999999);
#101=CIRCLE('',#6601,0.1);
#102=CIRCLE('',#6602,0.0999999999999997);
#103=CIRCLE('',#6603,0.1);
#104=CIRCLE('',#6611,0.0999999999999998);
#105=CIRCLE('',#6614,0.1);
#106=CIRCLE('',#6617,0.0999999999999999);
#107=CIRCLE('',#6622,0.1);
#108=CIRCLE('',#6625,0.0999999999999997);
#109=CIRCLE('',#6628,0.1);
#110=CIRCLE('',#6637,0.2);
#111=CIRCLE('',#6643,0.15);
#112=CIRCLE('',#6644,0.15);
#113=CIRCLE('',#6649,0.2);
#114=CIRCLE('',#6650,0.2);
#115=CIRCLE('',#6653,0.15);
#116=CIRCLE('',#6654,0.15);
#117=CIRCLE('',#6658,0.2);
#118=CIRCLE('',#6660,0.2);
#119=CIRCLE('',#6662,0.1);
#120=CIRCLE('',#6663,0.1);
#121=CIRCLE('',#6664,0.1);
#122=CIRCLE('',#6665,0.1);
#123=CIRCLE('',#6666,0.1);
#124=CIRCLE('',#6667,0.1);
#125=CIRCLE('',#6668,0.1);
#126=CIRCLE('',#6669,0.1);
#127=CIRCLE('',#6683,0.2);
#128=CIRCLE('',#6684,0.2);
#129=CIRCLE('',#6687,0.2);
#130=CIRCLE('',#6688,0.1);
#131=CIRCLE('',#6689,0.1);
#132=CIRCLE('',#6690,0.1);
#133=CIRCLE('',#6691,0.1);
#134=CIRCLE('',#6692,0.1);
#135=CIRCLE('',#6693,0.1);
#136=CIRCLE('',#6695,0.2);
#137=CIRCLE('',#6709,0.2);
#138=CIRCLE('',#6714,0.2);
#139=CIRCLE('',#6715,0.2);
#140=CIRCLE('',#6718,0.2);
#141=CIRCLE('',#6720,0.2);
#142=CIRCLE('',#6723,0.2);
#143=CIRCLE('',#6725,0.2);
#144=CIRCLE('',#6727,0.2);
#145=CIRCLE('',#6728,0.2);
#146=CIRCLE('',#6730,0.2);
#147=CIRCLE('',#6733,0.2);
#148=CIRCLE('',#6735,0.2);
#149=CIRCLE('',#6736,0.2);
#150=CIRCLE('',#6744,0.1);
#151=CIRCLE('',#6749,0.1);
#152=CIRCLE('',#6755,0.1);
#153=CIRCLE('',#6761,0.1);
#154=CIRCLE('',#6767,0.35);
#155=CIRCLE('',#6768,0.35);
#156=CIRCLE('',#6769,0.35);
#157=CIRCLE('',#6778,0.1);
#158=CIRCLE('',#6790,0.1);
#159=CIRCLE('',#6794,0.5);
#160=CIRCLE('',#6795,0.5);
#161=CIRCLE('',#6800,0.5);
#162=CIRCLE('',#6801,0.5);
#163=CIRCLE('',#6805,0.2);
#164=CIRCLE('',#6806,0.1);
#165=CIRCLE('',#6807,0.1);
#166=CIRCLE('',#6808,0.2);
#167=CIRCLE('',#6809,0.2);
#168=CIRCLE('',#6810,0.15);
#169=CIRCLE('',#6811,0.15);
#170=CIRCLE('',#6812,0.15);
#171=CIRCLE('',#6813,0.15);
#172=CIRCLE('',#6814,0.15);
#173=CIRCLE('',#6815,0.15);
#174=CIRCLE('',#6816,0.2);
#175=CIRCLE('',#6828,0.15);
#176=CIRCLE('',#6830,0.2);
#177=CIRCLE('',#6831,0.2);
#178=CIRCLE('',#6832,0.1);
#179=CIRCLE('',#6833,0.1);
#180=CIRCLE('',#6834,0.2);
#181=CIRCLE('',#6835,0.2);
#182=CIRCLE('',#6836,0.15);
#183=CIRCLE('',#6837,0.15);
#184=CIRCLE('',#6838,0.15);
#185=CIRCLE('',#6839,0.15);
#186=CIRCLE('',#6840,0.15);
#187=CIRCLE('',#6858,0.2);
#188=CIRCLE('',#6861,0.2);
#189=CIRCLE('',#6863,0.2);
#190=CIRCLE('',#6866,0.2);
#191=CIRCLE('',#6880,0.1);
#192=CIRCLE('',#6881,0.1);
#193=CIRCLE('',#6917,0.1);
#194=CIRCLE('',#6922,0.1);
#195=CIRCLE('',#6923,0.1);
#196=CIRCLE('',#6943,0.1);
#197=STYLED_ITEM('',(#10532),#6204);
#198=STYLED_ITEM('',(#10532),#6206);
#199=STYLED_ITEM('',(#10532),#6209);
#200=STYLED_ITEM('',(#10532),#6210);
#201=STYLED_ITEM('',(#10532),#6211);
#202=STYLED_ITEM('',(#10532),#6212);
#203=STYLED_ITEM('',(#10532),#6213);
#204=STYLED_ITEM('',(#10532),#6214);
#205=STYLED_ITEM('',(#10532),#6215);
#206=STYLED_ITEM('',(#10532),#6216);
#207=STYLED_ITEM('',(#10532),#6217);
#208=STYLED_ITEM('',(#10532),#6218);
#209=STYLED_ITEM('',(#10533),#6359);
#210=STYLED_ITEM('',(#10533),#6360);
#211=STYLED_ITEM('',(#10533),#6361);
#212=STYLED_ITEM('',(#10533),#6364);
#213=STYLED_ITEM('',(#10533),#6372);
#214=STYLED_ITEM('',(#10533),#6374);
#215=STYLED_ITEM('',(#10533),#6386);
#216=STYLED_ITEM('',(#10533),#6387);
#217=STYLED_ITEM('',(#10533),#6402);
#218=STYLED_ITEM('',(#10533),#6403);
#219=STYLED_ITEM('',(#10533),#6404);
#220=STYLED_ITEM('',(#10533),#6405);
#221=STYLED_ITEM('',(#10533),#6408);
#222=STYLED_ITEM('',(#10533),#6409);
#223=STYLED_ITEM('',(#10533),#6434);
#224=STYLED_ITEM('',(#10533),#6468);
#225=STYLED_ITEM('',(#10533),#6470);
#226=STYLED_ITEM('',(#10533),#6471);
#227=STYLED_ITEM('',(#10533),#6472);
#228=STYLED_ITEM('',(#10533),#6473);
#229=STYLED_ITEM('',(#10533),#6474);
#230=STYLED_ITEM('',(#10533),#6475);
#231=STYLED_ITEM('',(#10533),#6476);
#232=STYLED_ITEM('',(#10533),#6477);
#233=STYLED_ITEM('',(#10533),#6478);
#234=STYLED_ITEM('',(#10533),#6479);
#235=STYLED_ITEM('',(#10533),#6480);
#236=STYLED_ITEM('',(#10533),#6482);
#237=STYLED_ITEM('',(#10533),#6483);
#238=STYLED_ITEM('',(#10533),#6484);
#239=STYLED_ITEM('',(#10533),#6491);
#240=STYLED_ITEM('',(#10533),#6493);
#241=STYLED_ITEM('',(#10533),#6494);
#242=STYLED_ITEM('',(#10533),#6495);
#243=STYLED_ITEM('',(#10533),#6496);
#244=STYLED_ITEM('',(#10533),#6497);
#245=STYLED_ITEM('',(#10533),#6498);
#246=STYLED_ITEM('',(#10533),#6499);
#247=STYLED_ITEM('',(#10533),#6500);
#248=STYLED_ITEM('',(#10533),#6501);
#249=STYLED_ITEM('',(#10533),#6502);
#250=STYLED_ITEM('',(#10533),#6503);
#251=STYLED_ITEM('',(#10533),#6504);
#252=STYLED_ITEM('',(#10533),#6505);
#253=STYLED_ITEM('',(#10533),#6506);
#254=STYLED_ITEM('',(#10533),#6507);
#255=STYLED_ITEM('',(#10533),#6508);
#256=STYLED_ITEM('',(#10533),#6509);
#257=STYLED_ITEM('',(#10533),#6510);
#258=STYLED_ITEM('',(#10533),#6511);
#259=STYLED_ITEM('',(#10533),#6512);
#260=STYLED_ITEM('',(#10533),#6513);
#261=STYLED_ITEM('',(#10533),#6514);
#262=STYLED_ITEM('',(#10533),#6515);
#263=STYLED_ITEM('',(#10533),#6516);
#264=STYLED_ITEM('',(#10533),#6517);
#265=STYLED_ITEM('',(#10531),#13);
#266=FACE_OUTER_BOUND('',#581,.T.);
#267=FACE_OUTER_BOUND('',#582,.T.);
#268=FACE_OUTER_BOUND('',#583,.T.);
#269=FACE_OUTER_BOUND('',#584,.T.);
#270=FACE_OUTER_BOUND('',#585,.T.);
#271=FACE_OUTER_BOUND('',#586,.T.);
#272=FACE_OUTER_BOUND('',#587,.T.);
#273=FACE_OUTER_BOUND('',#588,.T.);
#274=FACE_OUTER_BOUND('',#589,.T.);
#275=FACE_OUTER_BOUND('',#590,.T.);
#276=FACE_OUTER_BOUND('',#591,.T.);
#277=FACE_OUTER_BOUND('',#592,.T.);
#278=FACE_OUTER_BOUND('',#593,.T.);
#279=FACE_OUTER_BOUND('',#594,.T.);
#280=FACE_OUTER_BOUND('',#595,.T.);
#281=FACE_OUTER_BOUND('',#596,.T.);
#282=FACE_OUTER_BOUND('',#597,.T.);
#283=FACE_OUTER_BOUND('',#598,.T.);
#284=FACE_OUTER_BOUND('',#599,.T.);
#285=FACE_OUTER_BOUND('',#600,.T.);
#286=FACE_OUTER_BOUND('',#601,.T.);
#287=FACE_OUTER_BOUND('',#602,.T.);
#288=FACE_OUTER_BOUND('',#603,.T.);
#289=FACE_OUTER_BOUND('',#604,.T.);
#290=FACE_OUTER_BOUND('',#605,.T.);
#291=FACE_OUTER_BOUND('',#606,.T.);
#292=FACE_OUTER_BOUND('',#607,.T.);
#293=FACE_OUTER_BOUND('',#608,.T.);
#294=FACE_OUTER_BOUND('',#609,.T.);
#295=FACE_OUTER_BOUND('',#610,.T.);
#296=FACE_OUTER_BOUND('',#611,.T.);
#297=FACE_OUTER_BOUND('',#612,.T.);
#298=FACE_OUTER_BOUND('',#613,.T.);
#299=FACE_OUTER_BOUND('',#614,.T.);
#300=FACE_OUTER_BOUND('',#615,.T.);
#301=FACE_OUTER_BOUND('',#616,.T.);
#302=FACE_OUTER_BOUND('',#617,.T.);
#303=FACE_OUTER_BOUND('',#619,.T.);
#304=FACE_OUTER_BOUND('',#620,.T.);
#305=FACE_OUTER_BOUND('',#621,.T.);
#306=FACE_OUTER_BOUND('',#622,.T.);
#307=FACE_OUTER_BOUND('',#623,.T.);
#308=FACE_OUTER_BOUND('',#624,.T.);
#309=FACE_OUTER_BOUND('',#625,.T.);
#310=FACE_OUTER_BOUND('',#627,.T.);
#311=FACE_OUTER_BOUND('',#628,.T.);
#312=FACE_OUTER_BOUND('',#629,.T.);
#313=FACE_OUTER_BOUND('',#630,.T.);
#314=FACE_OUTER_BOUND('',#631,.T.);
#315=FACE_OUTER_BOUND('',#632,.T.);
#316=FACE_OUTER_BOUND('',#633,.T.);
#317=FACE_OUTER_BOUND('',#634,.T.);
#318=FACE_OUTER_BOUND('',#635,.T.);
#319=FACE_OUTER_BOUND('',#636,.T.);
#320=FACE_OUTER_BOUND('',#637,.T.);
#321=FACE_OUTER_BOUND('',#638,.T.);
#322=FACE_OUTER_BOUND('',#639,.T.);
#323=FACE_OUTER_BOUND('',#640,.T.);
#324=FACE_OUTER_BOUND('',#641,.T.);
#325=FACE_OUTER_BOUND('',#642,.T.);
#326=FACE_OUTER_BOUND('',#643,.T.);
#327=FACE_OUTER_BOUND('',#644,.T.);
#328=FACE_OUTER_BOUND('',#645,.T.);
#329=FACE_OUTER_BOUND('',#646,.T.);
#330=FACE_OUTER_BOUND('',#647,.T.);
#331=FACE_OUTER_BOUND('',#648,.T.);
#332=FACE_OUTER_BOUND('',#649,.T.);
#333=FACE_OUTER_BOUND('',#650,.T.);
#334=FACE_OUTER_BOUND('',#651,.T.);
#335=FACE_OUTER_BOUND('',#652,.T.);
#336=FACE_OUTER_BOUND('',#653,.T.);
#337=FACE_OUTER_BOUND('',#654,.T.);
#338=FACE_OUTER_BOUND('',#655,.T.);
#339=FACE_OUTER_BOUND('',#656,.T.);
#340=FACE_OUTER_BOUND('',#657,.T.);
#341=FACE_OUTER_BOUND('',#658,.T.);
#342=FACE_OUTER_BOUND('',#659,.T.);
#343=FACE_OUTER_BOUND('',#660,.T.);
#344=FACE_OUTER_BOUND('',#661,.T.);
#345=FACE_OUTER_BOUND('',#662,.T.);
#346=FACE_OUTER_BOUND('',#663,.T.);
#347=FACE_OUTER_BOUND('',#664,.T.);
#348=FACE_OUTER_BOUND('',#665,.T.);
#349=FACE_OUTER_BOUND('',#666,.T.);
#350=FACE_OUTER_BOUND('',#667,.T.);
#351=FACE_OUTER_BOUND('',#668,.T.);
#352=FACE_OUTER_BOUND('',#670,.T.);
#353=FACE_OUTER_BOUND('',#671,.T.);
#354=FACE_OUTER_BOUND('',#672,.T.);
#355=FACE_OUTER_BOUND('',#673,.T.);
#356=FACE_OUTER_BOUND('',#674,.T.);
#357=FACE_OUTER_BOUND('',#675,.T.);
#358=FACE_OUTER_BOUND('',#676,.T.);
#359=FACE_OUTER_BOUND('',#677,.T.);
#360=FACE_OUTER_BOUND('',#678,.T.);
#361=FACE_OUTER_BOUND('',#679,.T.);
#362=FACE_OUTER_BOUND('',#680,.T.);
#363=FACE_OUTER_BOUND('',#681,.T.);
#364=FACE_OUTER_BOUND('',#682,.T.);
#365=FACE_OUTER_BOUND('',#683,.T.);
#366=FACE_OUTER_BOUND('',#684,.T.);
#367=FACE_OUTER_BOUND('',#685,.T.);
#368=FACE_OUTER_BOUND('',#686,.T.);
#369=FACE_OUTER_BOUND('',#687,.T.);
#370=FACE_OUTER_BOUND('',#688,.T.);
#371=FACE_OUTER_BOUND('',#689,.T.);
#372=FACE_OUTER_BOUND('',#690,.T.);
#373=FACE_OUTER_BOUND('',#691,.T.);
#374=FACE_OUTER_BOUND('',#692,.T.);
#375=FACE_OUTER_BOUND('',#693,.T.);
#376=FACE_OUTER_BOUND('',#694,.T.);
#377=FACE_OUTER_BOUND('',#695,.T.);
#378=FACE_OUTER_BOUND('',#696,.T.);
#379=FACE_OUTER_BOUND('',#697,.T.);
#380=FACE_OUTER_BOUND('',#698,.T.);
#381=FACE_OUTER_BOUND('',#699,.T.);
#382=FACE_OUTER_BOUND('',#700,.T.);
#383=FACE_OUTER_BOUND('',#701,.T.);
#384=FACE_OUTER_BOUND('',#702,.T.);
#385=FACE_OUTER_BOUND('',#703,.T.);
#386=FACE_OUTER_BOUND('',#704,.T.);
#387=FACE_OUTER_BOUND('',#705,.T.);
#388=FACE_OUTER_BOUND('',#706,.T.);
#389=FACE_OUTER_BOUND('',#707,.T.);
#390=FACE_OUTER_BOUND('',#708,.T.);
#391=FACE_OUTER_BOUND('',#709,.T.);
#392=FACE_OUTER_BOUND('',#710,.T.);
#393=FACE_OUTER_BOUND('',#711,.T.);
#394=FACE_OUTER_BOUND('',#712,.T.);
#395=FACE_OUTER_BOUND('',#713,.T.);
#396=FACE_OUTER_BOUND('',#714,.T.);
#397=FACE_OUTER_BOUND('',#715,.T.);
#398=FACE_OUTER_BOUND('',#716,.T.);
#399=FACE_OUTER_BOUND('',#717,.T.);
#400=FACE_OUTER_BOUND('',#718,.T.);
#401=FACE_OUTER_BOUND('',#719,.T.);
#402=FACE_OUTER_BOUND('',#720,.T.);
#403=FACE_OUTER_BOUND('',#721,.T.);
#404=FACE_OUTER_BOUND('',#722,.T.);
#405=FACE_OUTER_BOUND('',#723,.T.);
#406=FACE_OUTER_BOUND('',#724,.T.);
#407=FACE_OUTER_BOUND('',#725,.T.);
#408=FACE_OUTER_BOUND('',#726,.T.);
#409=FACE_OUTER_BOUND('',#727,.T.);
#410=FACE_OUTER_BOUND('',#728,.T.);
#411=FACE_OUTER_BOUND('',#729,.T.);
#412=FACE_OUTER_BOUND('',#730,.T.);
#413=FACE_OUTER_BOUND('',#731,.T.);
#414=FACE_OUTER_BOUND('',#732,.T.);
#415=FACE_OUTER_BOUND('',#733,.T.);
#416=FACE_OUTER_BOUND('',#734,.T.);
#417=FACE_OUTER_BOUND('',#735,.T.);
#418=FACE_OUTER_BOUND('',#736,.T.);
#419=FACE_OUTER_BOUND('',#737,.T.);
#420=FACE_OUTER_BOUND('',#738,.T.);
#421=FACE_OUTER_BOUND('',#739,.T.);
#422=FACE_OUTER_BOUND('',#740,.T.);
#423=FACE_OUTER_BOUND('',#741,.T.);
#424=FACE_OUTER_BOUND('',#742,.T.);
#425=FACE_OUTER_BOUND('',#743,.T.);
#426=FACE_OUTER_BOUND('',#744,.T.);
#427=FACE_OUTER_BOUND('',#745,.T.);
#428=FACE_OUTER_BOUND('',#746,.T.);
#429=FACE_OUTER_BOUND('',#747,.T.);
#430=FACE_OUTER_BOUND('',#748,.T.);
#431=FACE_OUTER_BOUND('',#749,.T.);
#432=FACE_OUTER_BOUND('',#750,.T.);
#433=FACE_OUTER_BOUND('',#751,.T.);
#434=FACE_OUTER_BOUND('',#752,.T.);
#435=FACE_OUTER_BOUND('',#753,.T.);
#436=FACE_OUTER_BOUND('',#754,.T.);
#437=FACE_OUTER_BOUND('',#755,.T.);
#438=FACE_OUTER_BOUND('',#756,.T.);
#439=FACE_OUTER_BOUND('',#757,.T.);
#440=FACE_OUTER_BOUND('',#758,.T.);
#441=FACE_OUTER_BOUND('',#759,.T.);
#442=FACE_OUTER_BOUND('',#760,.T.);
#443=FACE_OUTER_BOUND('',#761,.T.);
#444=FACE_OUTER_BOUND('',#762,.T.);
#445=FACE_OUTER_BOUND('',#763,.T.);
#446=FACE_OUTER_BOUND('',#764,.T.);
#447=FACE_OUTER_BOUND('',#765,.T.);
#448=FACE_OUTER_BOUND('',#766,.T.);
#449=FACE_OUTER_BOUND('',#767,.T.);
#450=FACE_OUTER_BOUND('',#768,.T.);
#451=FACE_OUTER_BOUND('',#769,.T.);
#452=FACE_OUTER_BOUND('',#770,.T.);
#453=FACE_OUTER_BOUND('',#771,.T.);
#454=FACE_OUTER_BOUND('',#772,.T.);
#455=FACE_OUTER_BOUND('',#773,.T.);
#456=FACE_OUTER_BOUND('',#774,.T.);
#457=FACE_OUTER_BOUND('',#775,.T.);
#458=FACE_OUTER_BOUND('',#776,.T.);
#459=FACE_OUTER_BOUND('',#777,.T.);
#460=FACE_OUTER_BOUND('',#778,.T.);
#461=FACE_OUTER_BOUND('',#779,.T.);
#462=FACE_OUTER_BOUND('',#780,.T.);
#463=FACE_OUTER_BOUND('',#781,.T.);
#464=FACE_OUTER_BOUND('',#782,.T.);
#465=FACE_OUTER_BOUND('',#783,.T.);
#466=FACE_OUTER_BOUND('',#784,.T.);
#467=FACE_OUTER_BOUND('',#785,.T.);
#468=FACE_OUTER_BOUND('',#786,.T.);
#469=FACE_OUTER_BOUND('',#787,.T.);
#470=FACE_OUTER_BOUND('',#788,.T.);
#471=FACE_OUTER_BOUND('',#789,.T.);
#472=FACE_OUTER_BOUND('',#790,.T.);
#473=FACE_OUTER_BOUND('',#791,.T.);
#474=FACE_OUTER_BOUND('',#792,.T.);
#475=FACE_OUTER_BOUND('',#793,.T.);
#476=FACE_OUTER_BOUND('',#794,.T.);
#477=FACE_OUTER_BOUND('',#795,.T.);
#478=FACE_OUTER_BOUND('',#796,.T.);
#479=FACE_OUTER_BOUND('',#797,.T.);
#480=FACE_OUTER_BOUND('',#798,.T.);
#481=FACE_OUTER_BOUND('',#799,.T.);
#482=FACE_OUTER_BOUND('',#800,.T.);
#483=FACE_OUTER_BOUND('',#801,.T.);
#484=FACE_OUTER_BOUND('',#802,.T.);
#485=FACE_OUTER_BOUND('',#803,.T.);
#486=FACE_OUTER_BOUND('',#804,.T.);
#487=FACE_OUTER_BOUND('',#805,.T.);
#488=FACE_OUTER_BOUND('',#806,.T.);
#489=FACE_OUTER_BOUND('',#807,.T.);
#490=FACE_OUTER_BOUND('',#808,.T.);
#491=FACE_OUTER_BOUND('',#809,.T.);
#492=FACE_OUTER_BOUND('',#810,.T.);
#493=FACE_OUTER_BOUND('',#811,.T.);
#494=FACE_OUTER_BOUND('',#812,.T.);
#495=FACE_OUTER_BOUND('',#813,.T.);
#496=FACE_OUTER_BOUND('',#814,.T.);
#497=FACE_OUTER_BOUND('',#815,.T.);
#498=FACE_OUTER_BOUND('',#816,.T.);
#499=FACE_OUTER_BOUND('',#817,.T.);
#500=FACE_OUTER_BOUND('',#818,.T.);
#501=FACE_OUTER_BOUND('',#819,.T.);
#502=FACE_OUTER_BOUND('',#820,.T.);
#503=FACE_OUTER_BOUND('',#821,.T.);
#504=FACE_OUTER_BOUND('',#822,.T.);
#505=FACE_OUTER_BOUND('',#823,.T.);
#506=FACE_OUTER_BOUND('',#824,.T.);
#507=FACE_OUTER_BOUND('',#825,.T.);
#508=FACE_OUTER_BOUND('',#826,.T.);
#509=FACE_OUTER_BOUND('',#827,.T.);
#510=FACE_OUTER_BOUND('',#828,.T.);
#511=FACE_OUTER_BOUND('',#829,.T.);
#512=FACE_OUTER_BOUND('',#830,.T.);
#513=FACE_OUTER_BOUND('',#831,.T.);
#514=FACE_OUTER_BOUND('',#832,.T.);
#515=FACE_OUTER_BOUND('',#833,.T.);
#516=FACE_OUTER_BOUND('',#834,.T.);
#517=FACE_OUTER_BOUND('',#835,.T.);
#518=FACE_OUTER_BOUND('',#836,.T.);
#519=FACE_OUTER_BOUND('',#837,.T.);
#520=FACE_OUTER_BOUND('',#838,.T.);
#521=FACE_OUTER_BOUND('',#839,.T.);
#522=FACE_OUTER_BOUND('',#840,.T.);
#523=FACE_OUTER_BOUND('',#841,.T.);
#524=FACE_OUTER_BOUND('',#842,.T.);
#525=FACE_OUTER_BOUND('',#843,.T.);
#526=FACE_OUTER_BOUND('',#844,.T.);
#527=FACE_OUTER_BOUND('',#845,.T.);
#528=FACE_OUTER_BOUND('',#846,.T.);
#529=FACE_OUTER_BOUND('',#847,.T.);
#530=FACE_OUTER_BOUND('',#848,.T.);
#531=FACE_OUTER_BOUND('',#849,.T.);
#532=FACE_OUTER_BOUND('',#850,.T.);
#533=FACE_OUTER_BOUND('',#851,.T.);
#534=FACE_OUTER_BOUND('',#852,.T.);
#535=FACE_OUTER_BOUND('',#853,.T.);
#536=FACE_OUTER_BOUND('',#854,.T.);
#537=FACE_OUTER_BOUND('',#855,.T.);
#538=FACE_OUTER_BOUND('',#856,.T.);
#539=FACE_OUTER_BOUND('',#857,.T.);
#540=FACE_OUTER_BOUND('',#858,.T.);
#541=FACE_OUTER_BOUND('',#859,.T.);
#542=FACE_OUTER_BOUND('',#860,.T.);
#543=FACE_OUTER_BOUND('',#861,.T.);
#544=FACE_OUTER_BOUND('',#862,.T.);
#545=FACE_OUTER_BOUND('',#863,.T.);
#546=FACE_OUTER_BOUND('',#864,.T.);
#547=FACE_OUTER_BOUND('',#865,.T.);
#548=FACE_OUTER_BOUND('',#867,.T.);
#549=FACE_OUTER_BOUND('',#868,.T.);
#550=FACE_OUTER_BOUND('',#869,.T.);
#551=FACE_OUTER_BOUND('',#870,.T.);
#552=FACE_OUTER_BOUND('',#871,.T.);
#553=FACE_OUTER_BOUND('',#872,.T.);
#554=FACE_OUTER_BOUND('',#873,.T.);
#555=FACE_OUTER_BOUND('',#874,.T.);
#556=FACE_OUTER_BOUND('',#875,.T.);
#557=FACE_OUTER_BOUND('',#876,.T.);
#558=FACE_OUTER_BOUND('',#877,.T.);
#559=FACE_OUTER_BOUND('',#878,.T.);
#560=FACE_OUTER_BOUND('',#879,.T.);
#561=FACE_OUTER_BOUND('',#880,.T.);
#562=FACE_OUTER_BOUND('',#881,.T.);
#563=FACE_OUTER_BOUND('',#882,.T.);
#564=FACE_OUTER_BOUND('',#883,.T.);
#565=FACE_OUTER_BOUND('',#884,.T.);
#566=FACE_OUTER_BOUND('',#885,.T.);
#567=FACE_OUTER_BOUND('',#886,.T.);
#568=FACE_OUTER_BOUND('',#887,.T.);
#569=FACE_OUTER_BOUND('',#888,.T.);
#570=FACE_OUTER_BOUND('',#889,.T.);
#571=FACE_OUTER_BOUND('',#890,.T.);
#572=FACE_OUTER_BOUND('',#891,.T.);
#573=FACE_OUTER_BOUND('',#892,.T.);
#574=FACE_OUTER_BOUND('',#893,.T.);
#575=FACE_OUTER_BOUND('',#894,.T.);
#576=FACE_OUTER_BOUND('',#895,.T.);
#577=FACE_OUTER_BOUND('',#896,.T.);
#578=FACE_OUTER_BOUND('',#897,.T.);
#579=FACE_OUTER_BOUND('',#898,.T.);
#580=FACE_OUTER_BOUND('',#899,.T.);
#581=EDGE_LOOP('',(#4067,#4068,#4069,#4070));
#582=EDGE_LOOP('',(#4071,#4072,#4073,#4074));
#583=EDGE_LOOP('',(#4075,#4076,#4077,#4078));
#584=EDGE_LOOP('',(#4079,#4080,#4081,#4082));
#585=EDGE_LOOP('',(#4083,#4084,#4085,#4086,#4087));
#586=EDGE_LOOP('',(#4088,#4089,#4090,#4091,#4092));
#587=EDGE_LOOP('',(#4093,#4094,#4095,#4096,#4097,#4098,#4099,#4100,#4101,
#4102,#4103,#4104,#4105,#4106));
#588=EDGE_LOOP('',(#4107,#4108,#4109,#4110));
#589=EDGE_LOOP('',(#4111,#4112,#4113,#4114,#4115,#4116,#4117,#4118,#4119,
#4120,#4121,#4122));
#590=EDGE_LOOP('',(#4123,#4124,#4125,#4126));
#591=EDGE_LOOP('',(#4127,#4128,#4129,#4130));
#592=EDGE_LOOP('',(#4131,#4132,#4133,#4134));
#593=EDGE_LOOP('',(#4135,#4136,#4137,#4138,#4139,#4140));
#594=EDGE_LOOP('',(#4141,#4142,#4143,#4144));
#595=EDGE_LOOP('',(#4145,#4146,#4147,#4148,#4149,#4150));
#596=EDGE_LOOP('',(#4151,#4152,#4153,#4154));
#597=EDGE_LOOP('',(#4155,#4156,#4157,#4158));
#598=EDGE_LOOP('',(#4159,#4160,#4161,#4162));
#599=EDGE_LOOP('',(#4163,#4164,#4165,#4166,#4167,#4168,#4169,#4170,#4171,
#4172,#4173,#4174));
#600=EDGE_LOOP('',(#4175,#4176,#4177,#4178,#4179,#4180,#4181,#4182));
#601=EDGE_LOOP('',(#4183,#4184,#4185,#4186));
#602=EDGE_LOOP('',(#4187,#4188,#4189,#4190));
#603=EDGE_LOOP('',(#4191,#4192,#4193));
#604=EDGE_LOOP('',(#4194,#4195,#4196,#4197,#4198));
#605=EDGE_LOOP('',(#4199,#4200,#4201,#4202,#4203,#4204));
#606=EDGE_LOOP('',(#4205,#4206,#4207,#4208));
#607=EDGE_LOOP('',(#4209,#4210,#4211,#4212,#4213,#4214,#4215,#4216));
#608=EDGE_LOOP('',(#4217,#4218,#4219));
#609=EDGE_LOOP('',(#4220,#4221,#4222,#4223));
#610=EDGE_LOOP('',(#4224,#4225,#4226,#4227,#4228,#4229,#4230,#4231));
#611=EDGE_LOOP('',(#4232,#4233,#4234,#4235));
#612=EDGE_LOOP('',(#4236,#4237,#4238));
#613=EDGE_LOOP('',(#4239,#4240,#4241,#4242));
#614=EDGE_LOOP('',(#4243,#4244,#4245,#4246,#4247));
#615=EDGE_LOOP('',(#4248,#4249,#4250));
#616=EDGE_LOOP('',(#4251,#4252,#4253,#4254,#4255,#4256,#4257,#4258,#4259,
#4260,#4261,#4262,#4263,#4264,#4265,#4266,#4267,#4268));
#617=EDGE_LOOP('',(#4269,#4270,#4271,#4272));
#618=EDGE_LOOP('',(#4273,#4274));
#619=EDGE_LOOP('',(#4275,#4276,#4277,#4278));
#620=EDGE_LOOP('',(#4279,#4280,#4281,#4282,#4283));
#621=EDGE_LOOP('',(#4284,#4285,#4286,#4287));
#622=EDGE_LOOP('',(#4288,#4289,#4290,#4291,#4292));
#623=EDGE_LOOP('',(#4293,#4294,#4295,#4296,#4297,#4298));
#624=EDGE_LOOP('',(#4299,#4300,#4301,#4302));
#625=EDGE_LOOP('',(#4303,#4304,#4305,#4306,#4307,#4308,#4309,#4310,#4311,
#4312,#4313,#4314,#4315,#4316,#4317,#4318,#4319,#4320,#4321,#4322,#4323,
#4324,#4325,#4326,#4327,#4328,#4329,#4330,#4331,#4332,#4333,#4334,#4335,
#4336,#4337,#4338,#4339,#4340,#4341,#4342));
#626=EDGE_LOOP('',(#4343,#4344,#4345,#4346,#4347,#4348,#4349,#4350,#4351,
#4352,#4353,#4354,#4355,#4356,#4357,#4358,#4359,#4360,#4361,#4362,#4363,
#4364));
#627=EDGE_LOOP('',(#4365,#4366,#4367,#4368,#4369,#4370));
#628=EDGE_LOOP('',(#4371,#4372,#4373,#4374,#4375,#4376));
#629=EDGE_LOOP('',(#4377,#4378,#4379,#4380));
#630=EDGE_LOOP('',(#4381,#4382,#4383,#4384));
#631=EDGE_LOOP('',(#4385,#4386,#4387,#4388));
#632=EDGE_LOOP('',(#4389,#4390,#4391,#4392));
#633=EDGE_LOOP('',(#4393,#4394,#4395,#4396));
#634=EDGE_LOOP('',(#4397,#4398,#4399,#4400));
#635=EDGE_LOOP('',(#4401,#4402,#4403,#4404));
#636=EDGE_LOOP('',(#4405,#4406,#4407,#4408));
#637=EDGE_LOOP('',(#4409,#4410,#4411,#4412));
#638=EDGE_LOOP('',(#4413,#4414,#4415,#4416));
#639=EDGE_LOOP('',(#4417,#4418,#4419,#4420));
#640=EDGE_LOOP('',(#4421,#4422,#4423,#4424));
#641=EDGE_LOOP('',(#4425,#4426,#4427,#4428));
#642=EDGE_LOOP('',(#4429,#4430,#4431,#4432));
#643=EDGE_LOOP('',(#4433,#4434,#4435,#4436));
#644=EDGE_LOOP('',(#4437,#4438,#4439,#4440));
#645=EDGE_LOOP('',(#4441,#4442,#4443,#4444));
#646=EDGE_LOOP('',(#4445,#4446,#4447,#4448,#4449));
#647=EDGE_LOOP('',(#4450,#4451,#4452,#4453));
#648=EDGE_LOOP('',(#4454,#4455,#4456,#4457));
#649=EDGE_LOOP('',(#4458,#4459,#4460,#4461,#4462,#4463));
#650=EDGE_LOOP('',(#4464,#4465,#4466,#4467,#4468,#4469,#4470,#4471));
#651=EDGE_LOOP('',(#4472,#4473,#4474,#4475,#4476,#4477));
#652=EDGE_LOOP('',(#4478,#4479,#4480,#4481,#4482,#4483,#4484,#4485));
#653=EDGE_LOOP('',(#4486,#4487,#4488,#4489));
#654=EDGE_LOOP('',(#4490,#4491,#4492,#4493,#4494));
#655=EDGE_LOOP('',(#4495,#4496,#4497,#4498,#4499,#4500));
#656=EDGE_LOOP('',(#4501,#4502,#4503,#4504,#4505,#4506));
#657=EDGE_LOOP('',(#4507,#4508,#4509,#4510));
#658=EDGE_LOOP('',(#4511,#4512,#4513,#4514,#4515,#4516));
#659=EDGE_LOOP('',(#4517,#4518,#4519,#4520,#4521));
#660=EDGE_LOOP('',(#4522,#4523,#4524,#4525,#4526,#4527));
#661=EDGE_LOOP('',(#4528,#4529,#4530,#4531));
#662=EDGE_LOOP('',(#4532,#4533,#4534,#4535,#4536,#4537));
#663=EDGE_LOOP('',(#4538,#4539,#4540,#4541));
#664=EDGE_LOOP('',(#4542,#4543,#4544,#4545,#4546,#4547));
#665=EDGE_LOOP('',(#4548,#4549,#4550,#4551,#4552));
#666=EDGE_LOOP('',(#4553,#4554,#4555,#4556,#4557,#4558));
#667=EDGE_LOOP('',(#4559,#4560,#4561,#4562));
#668=EDGE_LOOP('',(#4563,#4564,#4565,#4566,#4567,#4568,#4569,#4570,#4571,
#4572,#4573,#4574,#4575,#4576,#4577,#4578,#4579,#4580,#4581,#4582,#4583,
#4584,#4585,#4586,#4587,#4588,#4589,#4590,#4591,#4592,#4593,#4594,#4595,
#4596,#4597,#4598));
#669=EDGE_LOOP('',(#4599,#4600,#4601,#4602,#4603,#4604,#4605,#4606,#4607,
#4608,#4609,#4610,#4611,#4612,#4613,#4614,#4615,#4616,#4617,#4618));
#670=EDGE_LOOP('',(#4619,#4620,#4621,#4622));
#671=EDGE_LOOP('',(#4623,#4624,#4625,#4626));
#672=EDGE_LOOP('',(#4627,#4628,#4629,#4630,#4631,#4632));
#673=EDGE_LOOP('',(#4633,#4634,#4635,#4636,#4637,#4638,#4639,#4640));
#674=EDGE_LOOP('',(#4641,#4642,#4643,#4644,#4645,#4646));
#675=EDGE_LOOP('',(#4647,#4648,#4649,#4650,#4651,#4652,#4653,#4654));
#676=EDGE_LOOP('',(#4655,#4656,#4657,#4658));
#677=EDGE_LOOP('',(#4659,#4660,#4661,#4662));
#678=EDGE_LOOP('',(#4663,#4664,#4665,#4666));
#679=EDGE_LOOP('',(#4667,#4668,#4669,#4670));
#680=EDGE_LOOP('',(#4671,#4672,#4673,#4674));
#681=EDGE_LOOP('',(#4675,#4676,#4677,#4678,#4679));
#682=EDGE_LOOP('',(#4680,#4681,#4682,#4683));
#683=EDGE_LOOP('',(#4684,#4685,#4686,#4687,#4688));
#684=EDGE_LOOP('',(#4689,#4690,#4691,#4692,#4693,#4694,#4695,#4696,#4697,
#4698,#4699,#4700,#4701,#4702,#4703,#4704,#4705,#4706,#4707,#4708));
#685=EDGE_LOOP('',(#4709,#4710,#4711,#4712));
#686=EDGE_LOOP('',(#4713,#4714,#4715,#4716,#4717,#4718));
#687=EDGE_LOOP('',(#4719,#4720,#4721,#4722));
#688=EDGE_LOOP('',(#4723,#4724,#4725,#4726));
#689=EDGE_LOOP('',(#4727,#4728,#4729,#4730));
#690=EDGE_LOOP('',(#4731,#4732,#4733,#4734));
#691=EDGE_LOOP('',(#4735,#4736,#4737,#4738));
#692=EDGE_LOOP('',(#4739,#4740,#4741,#4742));
#693=EDGE_LOOP('',(#4743,#4744,#4745,#4746));
#694=EDGE_LOOP('',(#4747,#4748,#4749,#4750));
#695=EDGE_LOOP('',(#4751,#4752,#4753,#4754));
#696=EDGE_LOOP('',(#4755,#4756,#4757,#4758,#4759));
#697=EDGE_LOOP('',(#4760,#4761,#4762,#4763,#4764,#4765));
#698=EDGE_LOOP('',(#4766,#4767,#4768,#4769));
#699=EDGE_LOOP('',(#4770,#4771,#4772,#4773,#4774,#4775,#4776,#4777));
#700=EDGE_LOOP('',(#4778,#4779,#4780,#4781,#4782));
#701=EDGE_LOOP('',(#4783,#4784,#4785,#4786,#4787));
#702=EDGE_LOOP('',(#4788,#4789,#4790,#4791));
#703=EDGE_LOOP('',(#4792,#4793,#4794,#4795));
#704=EDGE_LOOP('',(#4796,#4797,#4798,#4799,#4800,#4801));
#705=EDGE_LOOP('',(#4802,#4803,#4804,#4805));
#706=EDGE_LOOP('',(#4806,#4807,#4808,#4809,#4810,#4811));
#707=EDGE_LOOP('',(#4812,#4813,#4814,#4815,#4816,#4817));
#708=EDGE_LOOP('',(#4818,#4819,#4820,#4821));
#709=EDGE_LOOP('',(#4822,#4823,#4824,#4825));
#710=EDGE_LOOP('',(#4826,#4827,#4828,#4829,#4830,#4831));
#711=EDGE_LOOP('',(#4832,#4833,#4834,#4835));
#712=EDGE_LOOP('',(#4836,#4837,#4838,#4839));
#713=EDGE_LOOP('',(#4840,#4841,#4842,#4843));
#714=EDGE_LOOP('',(#4844,#4845,#4846,#4847,#4848,#4849));
#715=EDGE_LOOP('',(#4850,#4851,#4852,#4853,#4854,#4855));
#716=EDGE_LOOP('',(#4856,#4857,#4858,#4859,#4860,#4861));
#717=EDGE_LOOP('',(#4862,#4863,#4864,#4865,#4866,#4867));
#718=EDGE_LOOP('',(#4868,#4869,#4870,#4871,#4872));
#719=EDGE_LOOP('',(#4873,#4874,#4875,#4876));
#720=EDGE_LOOP('',(#4877,#4878,#4879,#4880));
#721=EDGE_LOOP('',(#4881,#4882,#4883,#4884));
#722=EDGE_LOOP('',(#4885,#4886,#4887,#4888,#4889));
#723=EDGE_LOOP('',(#4890,#4891,#4892,#4893));
#724=EDGE_LOOP('',(#4894,#4895,#4896,#4897));
#725=EDGE_LOOP('',(#4898,#4899,#4900,#4901));
#726=EDGE_LOOP('',(#4902,#4903,#4904,#4905));
#727=EDGE_LOOP('',(#4906,#4907,#4908,#4909,#4910));
#728=EDGE_LOOP('',(#4911,#4912,#4913,#4914));
#729=EDGE_LOOP('',(#4915,#4916,#4917,#4918));
#730=EDGE_LOOP('',(#4919,#4920,#4921,#4922));
#731=EDGE_LOOP('',(#4923,#4924,#4925,#4926));
#732=EDGE_LOOP('',(#4927,#4928,#4929,#4930,#4931));
#733=EDGE_LOOP('',(#4932,#4933,#4934,#4935));
#734=EDGE_LOOP('',(#4936,#4937,#4938,#4939));
#735=EDGE_LOOP('',(#4940,#4941,#4942,#4943));
#736=EDGE_LOOP('',(#4944,#4945,#4946,#4947));
#737=EDGE_LOOP('',(#4948,#4949,#4950,#4951,#4952));
#738=EDGE_LOOP('',(#4953,#4954,#4955,#4956));
#739=EDGE_LOOP('',(#4957,#4958,#4959,#4960,#4961,#4962));
#740=EDGE_LOOP('',(#4963,#4964,#4965,#4966,#4967,#4968,#4969,#4970,#4971));
#741=EDGE_LOOP('',(#4972,#4973,#4974,#4975,#4976,#4977,#4978,#4979,#4980));
#742=EDGE_LOOP('',(#4981,#4982,#4983,#4984,#4985,#4986,#4987));
#743=EDGE_LOOP('',(#4988,#4989,#4990,#4991,#4992,#4993));
#744=EDGE_LOOP('',(#4994,#4995,#4996));
#745=EDGE_LOOP('',(#4997,#4998,#4999,#5000,#5001,#5002));
#746=EDGE_LOOP('',(#5003,#5004,#5005));
#747=EDGE_LOOP('',(#5006,#5007,#5008,#5009,#5010,#5011,#5012,#5013,#5014));
#748=EDGE_LOOP('',(#5015,#5016,#5017,#5018,#5019,#5020));
#749=EDGE_LOOP('',(#5021,#5022,#5023));
#750=EDGE_LOOP('',(#5024,#5025,#5026));
#751=EDGE_LOOP('',(#5027,#5028,#5029,#5030,#5031,#5032));
#752=EDGE_LOOP('',(#5033,#5034,#5035));
#753=EDGE_LOOP('',(#5036,#5037,#5038,#5039,#5040,#5041));
#754=EDGE_LOOP('',(#5042,#5043,#5044));
#755=EDGE_LOOP('',(#5045,#5046,#5047,#5048,#5049,#5050,#5051,#5052,#5053,
#5054,#5055,#5056));
#756=EDGE_LOOP('',(#5057,#5058,#5059,#5060,#5061,#5062));
#757=EDGE_LOOP('',(#5063,#5064,#5065));
#758=EDGE_LOOP('',(#5066,#5067,#5068,#5069,#5070,#5071,#5072,#5073,#5074));
#759=EDGE_LOOP('',(#5075,#5076,#5077,#5078));
#760=EDGE_LOOP('',(#5079,#5080,#5081,#5082));
#761=EDGE_LOOP('',(#5083,#5084,#5085,#5086));
#762=EDGE_LOOP('',(#5087,#5088,#5089,#5090));
#763=EDGE_LOOP('',(#5091,#5092,#5093,#5094));
#764=EDGE_LOOP('',(#5095,#5096,#5097,#5098));
#765=EDGE_LOOP('',(#5099,#5100,#5101,#5102));
#766=EDGE_LOOP('',(#5103,#5104,#5105,#5106));
#767=EDGE_LOOP('',(#5107,#5108,#5109,#5110,#5111,#5112,#5113,#5114));
#768=EDGE_LOOP('',(#5115,#5116,#5117,#5118,#5119,#5120,#5121,#5122,#5123,
#5124,#5125,#5126,#5127,#5128,#5129,#5130,#5131,#5132,#5133,#5134,#5135,
#5136,#5137,#5138,#5139,#5140,#5141,#5142,#5143,#5144,#5145,#5146,#5147,
#5148,#5149,#5150,#5151,#5152,#5153,#5154,#5155,#5156,#5157,#5158));
#769=EDGE_LOOP('',(#5159,#5160,#5161,#5162,#5163,#5164));
#770=EDGE_LOOP('',(#5165,#5166,#5167,#5168,#5169,#5170));
#771=EDGE_LOOP('',(#5171,#5172,#5173,#5174,#5175,#5176));
#772=EDGE_LOOP('',(#5177,#5178,#5179,#5180));
#773=EDGE_LOOP('',(#5181,#5182,#5183,#5184,#5185));
#774=EDGE_LOOP('',(#5186,#5187,#5188,#5189));
#775=EDGE_LOOP('',(#5190,#5191,#5192,#5193));
#776=EDGE_LOOP('',(#5194,#5195,#5196,#5197,#5198));
#777=EDGE_LOOP('',(#5199,#5200,#5201,#5202));
#778=EDGE_LOOP('',(#5203,#5204,#5205,#5206,#5207,#5208));
#779=EDGE_LOOP('',(#5209,#5210,#5211,#5212));
#780=EDGE_LOOP('',(#5213,#5214,#5215,#5216,#5217,#5218,#5219,#5220,#5221,
#5222,#5223,#5224,#5225,#5226,#5227,#5228,#5229,#5230,#5231,#5232,#5233,
#5234,#5235,#5236,#5237,#5238,#5239,#5240,#5241,#5242,#5243,#5244,#5245,
#5246,#5247,#5248));
#781=EDGE_LOOP('',(#5249,#5250,#5251,#5252));
#782=EDGE_LOOP('',(#5253,#5254,#5255,#5256));
#783=EDGE_LOOP('',(#5257,#5258,#5259,#5260));
#784=EDGE_LOOP('',(#5261,#5262,#5263,#5264));
#785=EDGE_LOOP('',(#5265,#5266,#5267,#5268));
#786=EDGE_LOOP('',(#5269,#5270,#5271,#5272));
#787=EDGE_LOOP('',(#5273,#5274,#5275,#5276));
#788=EDGE_LOOP('',(#5277,#5278,#5279,#5280));
#789=EDGE_LOOP('',(#5281,#5282,#5283,#5284));
#790=EDGE_LOOP('',(#5285,#5286,#5287,#5288));
#791=EDGE_LOOP('',(#5289,#5290,#5291,#5292));
#792=EDGE_LOOP('',(#5293,#5294,#5295,#5296));
#793=EDGE_LOOP('',(#5297,#5298,#5299,#5300));
#794=EDGE_LOOP('',(#5301,#5302,#5303,#5304));
#795=EDGE_LOOP('',(#5305,#5306,#5307,#5308));
#796=EDGE_LOOP('',(#5309,#5310,#5311,#5312));
#797=EDGE_LOOP('',(#5313,#5314,#5315,#5316,#5317));
#798=EDGE_LOOP('',(#5318,#5319,#5320,#5321,#5322,#5323));
#799=EDGE_LOOP('',(#5324,#5325,#5326,#5327,#5328));
#800=EDGE_LOOP('',(#5329,#5330,#5331,#5332,#5333));
#801=EDGE_LOOP('',(#5334,#5335,#5336,#5337,#5338,#5339));
#802=EDGE_LOOP('',(#5340,#5341,#5342,#5343,#5344));
#803=EDGE_LOOP('',(#5345,#5346,#5347,#5348));
#804=EDGE_LOOP('',(#5349,#5350,#5351,#5352,#5353,#5354));
#805=EDGE_LOOP('',(#5355,#5356,#5357,#5358,#5359,#5360));
#806=EDGE_LOOP('',(#5361,#5362,#5363,#5364));
#807=EDGE_LOOP('',(#5365,#5366,#5367,#5368));
#808=EDGE_LOOP('',(#5369,#5370,#5371,#5372));
#809=EDGE_LOOP('',(#5373,#5374,#5375,#5376));
#810=EDGE_LOOP('',(#5377,#5378,#5379,#5380,#5381,#5382,#5383,#5384));
#811=EDGE_LOOP('',(#5385,#5386,#5387,#5388));
#812=EDGE_LOOP('',(#5389,#5390,#5391,#5392,#5393,#5394,#5395,#5396));
#813=EDGE_LOOP('',(#5397,#5398,#5399,#5400));
#814=EDGE_LOOP('',(#5401,#5402,#5403,#5404));
#815=EDGE_LOOP('',(#5405,#5406,#5407,#5408,#5409,#5410,#5411,#5412,#5413,
#5414,#5415,#5416,#5417,#5418,#5419,#5420,#5421,#5422,#5423,#5424,#5425,
#5426,#5427,#5428));
#816=EDGE_LOOP('',(#5429,#5430,#5431,#5432));
#817=EDGE_LOOP('',(#5433,#5434,#5435,#5436));
#818=EDGE_LOOP('',(#5437,#5438,#5439,#5440));
#819=EDGE_LOOP('',(#5441,#5442,#5443,#5444));
#820=EDGE_LOOP('',(#5445,#5446,#5447,#5448,#5449,#5450,#5451,#5452));
#821=EDGE_LOOP('',(#5453,#5454,#5455,#5456));
#822=EDGE_LOOP('',(#5457,#5458,#5459,#5460,#5461,#5462,#5463,#5464));
#823=EDGE_LOOP('',(#5465,#5466,#5467,#5468));
#824=EDGE_LOOP('',(#5469,#5470,#5471,#5472));
#825=EDGE_LOOP('',(#5473,#5474,#5475,#5476));
#826=EDGE_LOOP('',(#5477,#5478,#5479,#5480));
#827=EDGE_LOOP('',(#5481,#5482,#5483,#5484));
#828=EDGE_LOOP('',(#5485,#5486,#5487,#5488));
#829=EDGE_LOOP('',(#5489,#5490,#5491,#5492,#5493,#5494,#5495,#5496));
#830=EDGE_LOOP('',(#5497,#5498,#5499,#5500));
#831=EDGE_LOOP('',(#5501,#5502,#5503,#5504,#5505,#5506,#5507,#5508));
#832=EDGE_LOOP('',(#5509,#5510,#5511,#5512));
#833=EDGE_LOOP('',(#5513,#5514,#5515,#5516));
#834=EDGE_LOOP('',(#5517,#5518,#5519,#5520));
#835=EDGE_LOOP('',(#5521,#5522,#5523,#5524));
#836=EDGE_LOOP('',(#5525,#5526,#5527,#5528));
#837=EDGE_LOOP('',(#5529,#5530,#5531,#5532));
#838=EDGE_LOOP('',(#5533,#5534,#5535,#5536,#5537,#5538,#5539,#5540));
#839=EDGE_LOOP('',(#5541,#5542,#5543,#5544));
#840=EDGE_LOOP('',(#5545,#5546,#5547,#5548,#5549,#5550,#5551,#5552));
#841=EDGE_LOOP('',(#5553,#5554,#5555,#5556));
#842=EDGE_LOOP('',(#5557,#5558,#5559,#5560));
#843=EDGE_LOOP('',(#5561,#5562,#5563,#5564,#5565,#5566));
#844=EDGE_LOOP('',(#5567,#5568,#5569,#5570,#5571,#5572));
#845=EDGE_LOOP('',(#5573,#5574,#5575,#5576));
#846=EDGE_LOOP('',(#5577,#5578,#5579,#5580));
#847=EDGE_LOOP('',(#5581,#5582,#5583,#5584));
#848=EDGE_LOOP('',(#5585,#5586,#5587,#5588));
#849=EDGE_LOOP('',(#5589,#5590,#5591,#5592,#5593));
#850=EDGE_LOOP('',(#5594,#5595,#5596,#5597,#5598,#5599,#5600,#5601,#5602));
#851=EDGE_LOOP('',(#5603,#5604,#5605,#5606,#5607,#5608,#5609,#5610,#5611,
#5612,#5613,#5614));
#852=EDGE_LOOP('',(#5615,#5616,#5617,#5618,#5619,#5620,#5621,#5622));
#853=EDGE_LOOP('',(#5623,#5624,#5625,#5626,#5627));
#854=EDGE_LOOP('',(#5628,#5629,#5630,#5631,#5632,#5633,#5634,#5635,#5636,
#5637,#5638,#5639,#5640,#5641,#5642,#5643,#5644,#5645,#5646,#5647,#5648,
#5649,#5650,#5651));
#855=EDGE_LOOP('',(#5652,#5653,#5654,#5655,#5656,#5657,#5658,#5659,#5660));
#856=EDGE_LOOP('',(#5661,#5662,#5663,#5664,#5665));
#857=EDGE_LOOP('',(#5666,#5667,#5668,#5669));
#858=EDGE_LOOP('',(#5670,#5671,#5672,#5673,#5674,#5675,#5676));
#859=EDGE_LOOP('',(#5677,#5678,#5679,#5680,#5681,#5682,#5683));
#860=EDGE_LOOP('',(#5684,#5685,#5686,#5687,#5688));
#861=EDGE_LOOP('',(#5689,#5690,#5691,#5692));
#862=EDGE_LOOP('',(#5693,#5694,#5695));
#863=EDGE_LOOP('',(#5696,#5697,#5698,#5699));
#864=EDGE_LOOP('',(#5700,#5701,#5702,#5703,#5704));
#865=EDGE_LOOP('',(#5705,#5706,#5707,#5708,#5709,#5710,#5711,#5712,#5713,
#5714,#5715,#5716,#5717,#5718,#5719,#5720,#5721,#5722,#5723,#5724,#5725,
#5726,#5727,#5728,#5729,#5730,#5731,#5732,#5733,#5734,#5735,#5736));
#866=EDGE_LOOP('',(#5737,#5738,#5739,#5740,#5741,#5742,#5743,#5744));
#867=EDGE_LOOP('',(#5745,#5746,#5747,#5748,#5749,#5750));
#868=EDGE_LOOP('',(#5751,#5752,#5753,#5754,#5755,#5756));
#869=EDGE_LOOP('',(#5757,#5758,#5759,#5760));
#870=EDGE_LOOP('',(#5761,#5762,#5763,#5764));
#871=EDGE_LOOP('',(#5765,#5766,#5767,#5768));
#872=EDGE_LOOP('',(#5769,#5770,#5771,#5772));
#873=EDGE_LOOP('',(#5773,#5774,#5775,#5776,#5777));
#874=EDGE_LOOP('',(#5778,#5779,#5780,#5781,#5782,#5783,#5784,#5785,#5786));
#875=EDGE_LOOP('',(#5787,#5788,#5789,#5790,#5791,#5792,#5793,#5794,#5795,
#5796,#5797,#5798));
#876=EDGE_LOOP('',(#5799,#5800,#5801,#5802,#5803,#5804,#5805,#5806));
#877=EDGE_LOOP('',(#5807,#5808,#5809,#5810,#5811));
#878=EDGE_LOOP('',(#5812,#5813,#5814,#5815,#5816,#5817,#5818,#5819,#5820));
#879=EDGE_LOOP('',(#5821,#5822,#5823,#5824,#5825));
#880=EDGE_LOOP('',(#5826,#5827,#5828,#5829));
#881=EDGE_LOOP('',(#5830,#5831,#5832,#5833,#5834,#5835,#5836));
#882=EDGE_LOOP('',(#5837,#5838,#5839,#5840,#5841,#5842,#5843));
#883=EDGE_LOOP('',(#5844,#5845,#5846,#5847,#5848));
#884=EDGE_LOOP('',(#5849,#5850,#5851,#5852));
#885=EDGE_LOOP('',(#5853,#5854,#5855,#5856));
#886=EDGE_LOOP('',(#5857,#5858,#5859,#5860,#5861,#5862,#5863,#5864,#5865,
#5866,#5867,#5868));
#887=EDGE_LOOP('',(#5869,#5870,#5871,#5872,#5873));
#888=EDGE_LOOP('',(#5874,#5875,#5876,#5877,#5878));
#889=EDGE_LOOP('',(#5879,#5880,#5881,#5882,#5883));
#890=EDGE_LOOP('',(#5884,#5885,#5886,#5887));
#891=EDGE_LOOP('',(#5888,#5889,#5890,#5891));
#892=EDGE_LOOP('',(#5892,#5893,#5894,#5895,#5896,#5897,#5898));
#893=EDGE_LOOP('',(#5899,#5900,#5901,#5902));
#894=EDGE_LOOP('',(#5903,#5904,#5905,#5906));
#895=EDGE_LOOP('',(#5907,#5908,#5909,#5910));
#896=EDGE_LOOP('',(#5911,#5912,#5913,#5914,#5915,#5916,#5917));
#897=EDGE_LOOP('',(#5918,#5919,#5920,#5921,#5922,#5923,#5924));
#898=EDGE_LOOP('',(#5925,#5926,#5927,#5928));
#899=EDGE_LOOP('',(#5929,#5930,#5931,#5932,#5933,#5934,#5935,#5936,#5937,
#5938,#5939,#5940,#5941,#5942,#5943,#5944));
#900=LINE('',#8666,#1717);
#901=LINE('',#8668,#1718);
#902=LINE('',#8670,#1719);
#903=LINE('',#8671,#1720);
#904=LINE('',#8674,#1721);
#905=LINE('',#8676,#1722);
#906=LINE('',#8677,#1723);
#907=LINE('',#8680,#1724);
#908=LINE('',#8681,#1725);
#909=LINE('',#8685,#1726);
#910=LINE('',#8687,#1727);
#911=LINE('',#8689,#1728);
#912=LINE('',#8690,#1729);
#913=LINE('',#8693,#1730);
#914=LINE('',#8695,#1731);
#915=LINE('',#8697,#1732);
#916=LINE('',#8702,#1733);
#917=LINE('',#8706,#1734);
#918=LINE('',#8708,#1735);
#919=LINE('',#8709,#1736);
#920=LINE('',#8713,#1737);
#921=LINE('',#8715,#1738);
#922=LINE('',#8717,#1739);
#923=LINE('',#8718,#1740);
#924=LINE('',#8719,#1741);
#925=LINE('',#8721,#1742);
#926=LINE('',#8725,#1743);
#927=LINE('',#8727,#1744);
#928=LINE('',#8729,#1745);
#929=LINE('',#8732,#1746);
#930=LINE('',#8734,#1747);
#931=LINE('',#8736,#1748);
#932=LINE('',#8738,#1749);
#933=LINE('',#8739,#1750);
#934=LINE('',#8741,#1751);
#935=LINE('',#8744,#1752);
#936=LINE('',#8746,#1753);
#937=LINE('',#8747,#1754);
#938=LINE('',#8749,#1755);
#939=LINE('',#8750,#1756);
#940=LINE('',#8752,#1757);
#941=LINE('',#8754,#1758);
#942=LINE('',#8756,#1759);
#943=LINE('',#8758,#1760);
#944=LINE('',#8761,#1761);
#945=LINE('',#8763,#1762);
#946=LINE('',#8764,#1763);
#947=LINE('',#8767,#1764);
#948=LINE('',#8769,#1765);
#949=LINE('',#8770,#1766);
#950=LINE('',#8773,#1767);
#951=LINE('',#8775,#1768);
#952=LINE('',#8777,#1769);
#953=LINE('',#8779,#1770);
#954=LINE('',#8780,#1771);
#955=LINE('',#8782,#1772);
#956=LINE('',#8784,#1773);
#957=LINE('',#8786,#1774);
#958=LINE('',#8788,#1775);
#959=LINE('',#8789,#1776);
#960=LINE('',#8793,#1777);
#961=LINE('',#8795,#1778);
#962=LINE('',#8797,#1779);
#963=LINE('',#8799,#1780);
#964=LINE('',#8801,#1781);
#965=LINE('',#8803,#1782);
#966=LINE('',#8805,#1783);
#967=LINE('',#8806,#1784);
#968=LINE('',#8809,#1785);
#969=LINE('',#8811,#1786);
#970=LINE('',#8812,#1787);
#971=LINE('',#8815,#1788);
#972=LINE('',#8817,#1789);
#973=LINE('',#8818,#1790);
#974=LINE('',#8822,#1791);
#975=LINE('',#8824,#1792);
#976=LINE('',#8825,#1793);
#977=LINE('',#8829,#1794);
#978=LINE('',#8831,#1795);
#979=LINE('',#8833,#1796);
#980=LINE('',#8835,#1797);
#981=LINE('',#8836,#1798);
#982=LINE('',#8840,#1799);
#983=LINE('',#8842,#1800);
#984=LINE('',#8844,#1801);
#985=LINE('',#8846,#1802);
#986=LINE('',#8848,#1803);
#987=LINE('',#8849,#1804);
#988=LINE('',#8853,#1805);
#989=LINE('',#8855,#1806);
#990=LINE('',#8857,#1807);
#991=LINE('',#8858,#1808);
#992=LINE('',#8861,#1809);
#993=LINE('',#8863,#1810);
#994=LINE('',#8865,#1811);
#995=LINE('',#8867,#1812);
#996=LINE('',#8868,#1813);
#997=LINE('',#8869,#1814);
#998=LINE('',#8872,#1815);
#999=LINE('',#8874,#1816);
#1000=LINE('',#8875,#1817);
#1001=LINE('',#8879,#1818);
#1002=LINE('',#8881,#1819);
#1003=LINE('',#8883,#1820);
#1004=LINE('',#8884,#1821);
#1005=LINE('',#8887,#1822);
#1006=LINE('',#8889,#1823);
#1007=LINE('',#8891,#1824);
#1008=LINE('',#8893,#1825);
#1009=LINE('',#8895,#1826);
#1010=LINE('',#8897,#1827);
#1011=LINE('',#8898,#1828);
#1012=LINE('',#8901,#1829);
#1013=LINE('',#8903,#1830);
#1014=LINE('',#8904,#1831);
#1015=LINE('',#8908,#1832);
#1016=LINE('',#8910,#1833);
#1017=LINE('',#8911,#1834);
#1018=LINE('',#8915,#1835);
#1019=LINE('',#8917,#1836);
#1020=LINE('',#8919,#1837);
#1021=LINE('',#8920,#1838);
#1022=LINE('',#8924,#1839);
#1023=LINE('',#8926,#1840);
#1024=LINE('',#8928,#1841);
#1025=LINE('',#8930,#1842);
#1026=LINE('',#8931,#1843);
#1027=LINE('',#8934,#1844);
#1028=LINE('',#8936,#1845);
#1029=LINE('',#8937,#1846);
#1030=LINE('',#8941,#1847);
#1031=LINE('',#8943,#1848);
#1032=LINE('',#8947,#1849);
#1033=LINE('',#8953,#1850);
#1034=LINE('',#8959,#1851);
#1035=LINE('',#8963,#1852);
#1036=LINE('',#8965,#1853);
#1037=LINE('',#8967,#1854);
#1038=LINE('',#8969,#1855);
#1039=LINE('',#8971,#1856);
#1040=LINE('',#8973,#1857);
#1041=LINE('',#8974,#1858);
#1042=LINE('',#8978,#1859);
#1043=LINE('',#8980,#1860);
#1044=LINE('',#8982,#1861);
#1045=LINE('',#8983,#1862);
#1046=LINE('',#8986,#1863);
#1047=LINE('',#8993,#1864);
#1048=LINE('',#8996,#1865);
#1049=LINE('',#8999,#1866);
#1050=LINE('',#9003,#1867);
#1051=LINE('',#9004,#1868);
#1052=LINE('',#9010,#1869);
#1053=LINE('',#9013,#1870);
#1054=LINE('',#9016,#1871);
#1055=LINE('',#9018,#1872);
#1056=LINE('',#9021,#1873);
#1057=LINE('',#9024,#1874);
#1058=LINE('',#9026,#1875);
#1059=LINE('',#9028,#1876);
#1060=LINE('',#9031,#1877);
#1061=LINE('',#9032,#1878);
#1062=LINE('',#9036,#1879);
#1063=LINE('',#9038,#1880);
#1064=LINE('',#9042,#1881);
#1065=LINE('',#9044,#1882);
#1066=LINE('',#9046,#1883);
#1067=LINE('',#9050,#1884);
#1068=LINE('',#9052,#1885);
#1069=LINE('',#9054,#1886);
#1070=LINE('',#9056,#1887);
#1071=LINE('',#9058,#1888);
#1072=LINE('',#9060,#1889);
#1073=LINE('',#9062,#1890);
#1074=LINE('',#9064,#1891);
#1075=LINE('',#9066,#1892);
#1076=LINE('',#9068,#1893);
#1077=LINE('',#9070,#1894);
#1078=LINE('',#9072,#1895);
#1079=LINE('',#9073,#1896);
#1080=LINE('',#9075,#1897);
#1081=LINE('',#9077,#1898);
#1082=LINE('',#9079,#1899);
#1083=LINE('',#9081,#1900);
#1084=LINE('',#9083,#1901);
#1085=LINE('',#9087,#1902);
#1086=LINE('',#9089,#1903);
#1087=LINE('',#9091,#1904);
#1088=LINE('',#9095,#1905);
#1089=LINE('',#9097,#1906);
#1090=LINE('',#9099,#1907);
#1091=LINE('',#9101,#1908);
#1092=LINE('',#9102,#1909);
#1093=LINE('',#9104,#1910);
#1094=LINE('',#9106,#1911);
#1095=LINE('',#9107,#1912);
#1096=LINE('',#9109,#1913);
#1097=LINE('',#9113,#1914);
#1098=LINE('',#9117,#1915);
#1099=LINE('',#9121,#1916);
#1100=LINE('',#9123,#1917);
#1101=LINE('',#9125,#1918);
#1102=LINE('',#9129,#1919);
#1103=LINE('',#9133,#1920);
#1104=LINE('',#9136,#1921);
#1105=LINE('',#9137,#1922);
#1106=LINE('',#9141,#1923);
#1107=LINE('',#9143,#1924);
#1108=LINE('',#9144,#1925);
#1109=LINE('',#9148,#1926);
#1110=LINE('',#9149,#1927);
#1111=LINE('',#9152,#1928);
#1112=LINE('',#9153,#1929);
#1113=LINE('',#9157,#1930);
#1114=LINE('',#9160,#1931);
#1115=LINE('',#9161,#1932);
#1116=LINE('',#9165,#1933);
#1117=LINE('',#9168,#1934);
#1118=LINE('',#9169,#1935);
#1119=LINE('',#9173,#1936);
#1120=LINE('',#9176,#1937);
#1121=LINE('',#9177,#1938);
#1122=LINE('',#9180,#1939);
#1123=LINE('',#9181,#1940);
#1124=LINE('',#9184,#1941);
#1125=LINE('',#9185,#1942);
#1126=LINE('',#9189,#1943);
#1127=LINE('',#9192,#1944);
#1128=LINE('',#9193,#1945);
#1129=LINE('',#9197,#1946);
#1130=LINE('',#9200,#1947);
#1131=LINE('',#9201,#1948);
#1132=LINE('',#9206,#1949);
#1133=LINE('',#9207,#1950);
#1134=LINE('',#9210,#1951);
#1135=LINE('',#9212,#1952);
#1136=LINE('',#9213,#1953);
#1137=LINE('',#9214,#1954);
#1138=LINE('',#9218,#1955);
#1139=LINE('',#9219,#1956);
#1140=LINE('',#9220,#1957);
#1141=LINE('',#9224,#1958);
#1142=LINE('',#9226,#1959);
#1143=LINE('',#9228,#1960);
#1144=LINE('',#9229,#1961);
#1145=LINE('',#9231,#1962);
#1146=LINE('',#9233,#1963);
#1147=LINE('',#9234,#1964);
#1148=LINE('',#9236,#1965);
#1149=LINE('',#9237,#1966);
#1150=LINE('',#9239,#1967);
#1151=LINE('',#9240,#1968);
#1152=LINE('',#9243,#1969);
#1153=LINE('',#9244,#1970);
#1154=LINE('',#9245,#1971);
#1155=LINE('',#9248,#1972);
#1156=LINE('',#9251,#1973);
#1157=LINE('',#9252,#1974);
#1158=LINE('',#9255,#1975);
#1159=LINE('',#9256,#1976);
#1160=LINE('',#9259,#1977);
#1161=LINE('',#9261,#1978);
#1162=LINE('',#9262,#1979);
#1163=LINE('',#9263,#1980);
#1164=LINE('',#9266,#1981);
#1165=LINE('',#9268,#1982);
#1166=LINE('',#9270,#1983);
#1167=LINE('',#9271,#1984);
#1168=LINE('',#9273,#1985);
#1169=LINE('',#9274,#1986);
#1170=LINE('',#9280,#1987);
#1171=LINE('',#9283,#1988);
#1172=LINE('',#9286,#1989);
#1173=LINE('',#9287,#1990);
#1174=LINE('',#9288,#1991);
#1175=LINE('',#9290,#1992);
#1176=LINE('',#9292,#1993);
#1177=LINE('',#9293,#1994);
#1178=LINE('',#9296,#1995);
#1179=LINE('',#9297,#1996);
#1180=LINE('',#9298,#1997);
#1181=LINE('',#9304,#1998);
#1182=LINE('',#9307,#1999);
#1183=LINE('',#9308,#2000);
#1184=LINE('',#9314,#2001);
#1185=LINE('',#9318,#2002);
#1186=LINE('',#9320,#2003);
#1187=LINE('',#9321,#2004);
#1188=LINE('',#9323,#2005);
#1189=LINE('',#9324,#2006);
#1190=LINE('',#9327,#2007);
#1191=LINE('',#9328,#2008);
#1192=LINE('',#9329,#2009);
#1193=LINE('',#9334,#2010);
#1194=LINE('',#9335,#2011);
#1195=LINE('',#9340,#2012);
#1196=LINE('',#9341,#2013);
#1197=LINE('',#9344,#2014);
#1198=LINE('',#9346,#2015);
#1199=LINE('',#9348,#2016);
#1200=LINE('',#9350,#2017);
#1201=LINE('',#9351,#2018);
#1202=LINE('',#9353,#2019);
#1203=LINE('',#9355,#2020);
#1204=LINE('',#9357,#2021);
#1205=LINE('',#9361,#2022);
#1206=LINE('',#9365,#2023);
#1207=LINE('',#9369,#2024);
#1208=LINE('',#9373,#2025);
#1209=LINE('',#9375,#2026);
#1210=LINE('',#9376,#2027);
#1211=LINE('',#9378,#2028);
#1212=LINE('',#9380,#2029);
#1213=LINE('',#9382,#2030);
#1214=LINE('',#9384,#2031);
#1215=LINE('',#9388,#2032);
#1216=LINE('',#9392,#2033);
#1217=LINE('',#9396,#2034);
#1218=LINE('',#9400,#2035);
#1219=LINE('',#9402,#2036);
#1220=LINE('',#9403,#2037);
#1221=LINE('',#9406,#2038);
#1222=LINE('',#9407,#2039);
#1223=LINE('',#9410,#2040);
#1224=LINE('',#9412,#2041);
#1225=LINE('',#9413,#2042);
#1226=LINE('',#9415,#2043);
#1227=LINE('',#9417,#2044);
#1228=LINE('',#9418,#2045);
#1229=LINE('',#9419,#2046);
#1230=LINE('',#9422,#2047);
#1231=LINE('',#9423,#2048);
#1232=LINE('',#9425,#2049);
#1233=LINE('',#9426,#2050);
#1234=LINE('',#9428,#2051);
#1235=LINE('',#9429,#2052);
#1236=LINE('',#9435,#2053);
#1237=LINE('',#9436,#2054);
#1238=LINE('',#9442,#2055);
#1239=LINE('',#9445,#2056);
#1240=LINE('',#9448,#2057);
#1241=LINE('',#9449,#2058);
#1242=LINE('',#9450,#2059);
#1243=LINE('',#9452,#2060);
#1244=LINE('',#9454,#2061);
#1245=LINE('',#9455,#2062);
#1246=LINE('',#9457,#2063);
#1247=LINE('',#9461,#2064);
#1248=LINE('',#9465,#2065);
#1249=LINE('',#9471,#2066);
#1250=LINE('',#9477,#2067);
#1251=LINE('',#9481,#2068);
#1252=LINE('',#9484,#2069);
#1253=LINE('',#9486,#2070);
#1254=LINE('',#9488,#2071);
#1255=LINE('',#9489,#2072);
#1256=LINE('',#9491,#2073);
#1257=LINE('',#9493,#2074);
#1258=LINE('',#9496,#2075);
#1259=LINE('',#9497,#2076);
#1260=LINE('',#9500,#2077);
#1261=LINE('',#9502,#2078);
#1262=LINE('',#9504,#2079);
#1263=LINE('',#9506,#2080);
#1264=LINE('',#9508,#2081);
#1265=LINE('',#9512,#2082);
#1266=LINE('',#9513,#2083);
#1267=LINE('',#9516,#2084);
#1268=LINE('',#9517,#2085);
#1269=LINE('',#9520,#2086);
#1270=LINE('',#9521,#2087);
#1271=LINE('',#9527,#2088);
#1272=LINE('',#9530,#2089);
#1273=LINE('',#9533,#2090);
#1274=LINE('',#9535,#2091);
#1275=LINE('',#9536,#2092);
#1276=LINE('',#9539,#2093);
#1277=LINE('',#9541,#2094);
#1278=LINE('',#9543,#2095);
#1279=LINE('',#9548,#2096);
#1280=LINE('',#9550,#2097);
#1281=LINE('',#9551,#2098);
#1282=LINE('',#9554,#2099);
#1283=LINE('',#9562,#2100);
#1284=LINE('',#9565,#2101);
#1285=LINE('',#9568,#2102);
#1286=LINE('',#9572,#2103);
#1287=LINE('',#9574,#2104);
#1288=LINE('',#9575,#2105);
#1289=LINE('',#9578,#2106);
#1290=LINE('',#9579,#2107);
#1291=LINE('',#9583,#2108);
#1292=LINE('',#9588,#2109);
#1293=LINE('',#9589,#2110);
#1294=LINE('',#9591,#2111);
#1295=LINE('',#9593,#2112);
#1296=LINE('',#9595,#2113);
#1297=LINE('',#9598,#2114);
#1298=LINE('',#9599,#2115);
#1299=LINE('',#9600,#2116);
#1300=LINE('',#9605,#2117);
#1301=LINE('',#9608,#2118);
#1302=LINE('',#9609,#2119);
#1303=LINE('',#9611,#2120);
#1304=LINE('',#9613,#2121);
#1305=LINE('',#9614,#2122);
#1306=LINE('',#9619,#2123);
#1307=LINE('',#9622,#2124);
#1308=LINE('',#9623,#2125);
#1309=LINE('',#9625,#2126);
#1310=LINE('',#9627,#2127);
#1311=LINE('',#9629,#2128);
#1312=LINE('',#9630,#2129);
#1313=LINE('',#9635,#2130);
#1314=LINE('',#9638,#2131);
#1315=LINE('',#9639,#2132);
#1316=LINE('',#9641,#2133);
#1317=LINE('',#9644,#2134);
#1318=LINE('',#9645,#2135);
#1319=LINE('',#9646,#2136);
#1320=LINE('',#9651,#2137);
#1321=LINE('',#9654,#2138);
#1322=LINE('',#9655,#2139);
#1323=LINE('',#9657,#2140);
#1324=LINE('',#9660,#2141);
#1325=LINE('',#9661,#2142);
#1326=LINE('',#9663,#2143);
#1327=LINE('',#9668,#2144);
#1328=LINE('',#9672,#2145);
#1329=LINE('',#9676,#2146);
#1330=LINE('',#9678,#2147);
#1331=LINE('',#9680,#2148);
#1332=LINE('',#9681,#2149);
#1333=LINE('',#9684,#2150);
#1334=LINE('',#9686,#2151);
#1335=LINE('',#9688,#2152);
#1336=LINE('',#9689,#2153);
#1337=LINE('',#9692,#2154);
#1338=LINE('',#9694,#2155);
#1339=LINE('',#9696,#2156);
#1340=LINE('',#9697,#2157);
#1341=LINE('',#9699,#2158);
#1342=LINE('',#9701,#2159);
#1343=LINE('',#9703,#2160);
#1344=LINE('',#9704,#2161);
#1345=LINE('',#9707,#2162);
#1346=LINE('',#9708,#2163);
#1347=LINE('',#9711,#2164);
#1348=LINE('',#9713,#2165);
#1349=LINE('',#9714,#2166);
#1350=LINE('',#9716,#2167);
#1351=LINE('',#9718,#2168);
#1352=LINE('',#9720,#2169);
#1353=LINE('',#9722,#2170);
#1354=LINE('',#9724,#2171);
#1355=LINE('',#9726,#2172);
#1356=LINE('',#9729,#2173);
#1357=LINE('',#9730,#2174);
#1358=LINE('',#9733,#2175);
#1359=LINE('',#9735,#2176);
#1360=LINE('',#9737,#2177);
#1361=LINE('',#9738,#2178);
#1362=LINE('',#9741,#2179);
#1363=LINE('',#9742,#2180);
#1364=LINE('',#9744,#2181);
#1365=LINE('',#9746,#2182);
#1366=LINE('',#9748,#2183);
#1367=LINE('',#9750,#2184);
#1368=LINE('',#9751,#2185);
#1369=LINE('',#9754,#2186);
#1370=LINE('',#9755,#2187);
#1371=LINE('',#9758,#2188);
#1372=LINE('',#9760,#2189);
#1373=LINE('',#9761,#2190);
#1374=LINE('',#9763,#2191);
#1375=LINE('',#9766,#2192);
#1376=LINE('',#9768,#2193);
#1377=LINE('',#9770,#2194);
#1378=LINE('',#9772,#2195);
#1379=LINE('',#9773,#2196);
#1380=LINE('',#9774,#2197);
#1381=LINE('',#9777,#2198);
#1382=LINE('',#9779,#2199);
#1383=LINE('',#9780,#2200);
#1384=LINE('',#9782,#2201);
#1385=LINE('',#9784,#2202);
#1386=LINE('',#9786,#2203);
#1387=LINE('',#9788,#2204);
#1388=LINE('',#9790,#2205);
#1389=LINE('',#9792,#2206);
#1390=LINE('',#9795,#2207);
#1391=LINE('',#9796,#2208);
#1392=LINE('',#9800,#2209);
#1393=LINE('',#9802,#2210);
#1394=LINE('',#9804,#2211);
#1395=LINE('',#9805,#2212);
#1396=LINE('',#9808,#2213);
#1397=LINE('',#9810,#2214);
#1398=LINE('',#9811,#2215);
#1399=LINE('',#9817,#2216);
#1400=LINE('',#9820,#2217);
#1401=LINE('',#9822,#2218);
#1402=LINE('',#9823,#2219);
#1403=LINE('',#9826,#2220);
#1404=LINE('',#9828,#2221);
#1405=LINE('',#9829,#2222);
#1406=LINE('',#9832,#2223);
#1407=LINE('',#9834,#2224);
#1408=LINE('',#9835,#2225);
#1409=LINE('',#9841,#2226);
#1410=LINE('',#9843,#2227);
#1411=LINE('',#9844,#2228);
#1412=LINE('',#9848,#2229);
#1413=LINE('',#9852,#2230);
#1414=LINE('',#9854,#2231);
#1415=LINE('',#9858,#2232);
#1416=LINE('',#9862,#2233);
#1417=LINE('',#9864,#2234);
#1418=LINE('',#9868,#2235);
#1419=LINE('',#9870,#2236);
#1420=LINE('',#9872,#2237);
#1421=LINE('',#9873,#2238);
#1422=LINE('',#9876,#2239);
#1423=LINE('',#9878,#2240);
#1424=LINE('',#9880,#2241);
#1425=LINE('',#9884,#2242);
#1426=LINE('',#9888,#2243);
#1427=LINE('',#9892,#2244);
#1428=LINE('',#9896,#2245);
#1429=LINE('',#9900,#2246);
#1430=LINE('',#9904,#2247);
#1431=LINE('',#9906,#2248);
#1432=LINE('',#9907,#2249);
#1433=LINE('',#9911,#2250);
#1434=LINE('',#9913,#2251);
#1435=LINE('',#9914,#2252);
#1436=LINE('',#9916,#2253);
#1437=LINE('',#9918,#2254);
#1438=LINE('',#9919,#2255);
#1439=LINE('',#9921,#2256);
#1440=LINE('',#9924,#2257);
#1441=LINE('',#9925,#2258);
#1442=LINE('',#9927,#2259);
#1443=LINE('',#9929,#2260);
#1444=LINE('',#9930,#2261);
#1445=LINE('',#9933,#2262);
#1446=LINE('',#9934,#2263);
#1447=LINE('',#9937,#2264);
#1448=LINE('',#9938,#2265);
#1449=LINE('',#9941,#2266);
#1450=LINE('',#9942,#2267);
#1451=LINE('',#9943,#2268);
#1452=LINE('',#9946,#2269);
#1453=LINE('',#9947,#2270);
#1454=LINE('',#9950,#2271);
#1455=LINE('',#9951,#2272);
#1456=LINE('',#9955,#2273);
#1457=LINE('',#9961,#2274);
#1458=LINE('',#9965,#2275);
#1459=LINE('',#9967,#2276);
#1460=LINE('',#9971,#2277);
#1461=LINE('',#9975,#2278);
#1462=LINE('',#9977,#2279);
#1463=LINE('',#9981,#2280);
#1464=LINE('',#9984,#2281);
#1465=LINE('',#9988,#2282);
#1466=LINE('',#9992,#2283);
#1467=LINE('',#9996,#2284);
#1468=LINE('',#10000,#2285);
#1469=LINE('',#10003,#2286);
#1470=LINE('',#10005,#2287);
#1471=LINE('',#10007,#2288);
#1472=LINE('',#10008,#2289);
#1473=LINE('',#10010,#2290);
#1474=LINE('',#10012,#2291);
#1475=LINE('',#10014,#2292);
#1476=LINE('',#10017,#2293);
#1477=LINE('',#10019,#2294);
#1478=LINE('',#10022,#2295);
#1479=LINE('',#10023,#2296);
#1480=LINE('',#10025,#2297);
#1481=LINE('',#10027,#2298);
#1482=LINE('',#10029,#2299);
#1483=LINE('',#10031,#2300);
#1484=LINE('',#10033,#2301);
#1485=LINE('',#10037,#2302);
#1486=LINE('',#10039,#2303);
#1487=LINE('',#10041,#2304);
#1488=LINE('',#10042,#2305);
#1489=LINE('',#10048,#2306);
#1490=LINE('',#10050,#2307);
#1491=LINE('',#10052,#2308);
#1492=LINE('',#10053,#2309);
#1493=LINE('',#10056,#2310);
#1494=LINE('',#10060,#2311);
#1495=LINE('',#10062,#2312);
#1496=LINE('',#10063,#2313);
#1497=LINE('',#10066,#2314);
#1498=LINE('',#10068,#2315);
#1499=LINE('',#10069,#2316);
#1500=LINE('',#10073,#2317);
#1501=LINE('',#10075,#2318);
#1502=LINE('',#10077,#2319);
#1503=LINE('',#10078,#2320);
#1504=LINE('',#10082,#2321);
#1505=LINE('',#10084,#2322);
#1506=LINE('',#10086,#2323);
#1507=LINE('',#10087,#2324);
#1508=LINE('',#10089,#2325);
#1509=LINE('',#10090,#2326);
#1510=LINE('',#10093,#2327);
#1511=LINE('',#10095,#2328);
#1512=LINE('',#10096,#2329);
#1513=LINE('',#10100,#2330);
#1514=LINE('',#10101,#2331);
#1515=LINE('',#10103,#2332);
#1516=LINE('',#10104,#2333);
#1517=LINE('',#10107,#2334);
#1518=LINE('',#10109,#2335);
#1519=LINE('',#10110,#2336);
#1520=LINE('',#10113,#2337);
#1521=LINE('',#10114,#2338);
#1522=LINE('',#10115,#2339);
#1523=LINE('',#10117,#2340);
#1524=LINE('',#10121,#2341);
#1525=LINE('',#10122,#2342);
#1526=LINE('',#10124,#2343);
#1527=LINE('',#10126,#2344);
#1528=LINE('',#10128,#2345);
#1529=LINE('',#10132,#2346);
#1530=LINE('',#10134,#2347);
#1531=LINE('',#10136,#2348);
#1532=LINE('',#10139,#2349);
#1533=LINE('',#10140,#2350);
#1534=LINE('',#10142,#2351);
#1535=LINE('',#10144,#2352);
#1536=LINE('',#10146,#2353);
#1537=LINE('',#10148,#2354);
#1538=LINE('',#10150,#2355);
#1539=LINE('',#10151,#2356);
#1540=LINE('',#10155,#2357);
#1541=LINE('',#10157,#2358);
#1542=LINE('',#10159,#2359);
#1543=LINE('',#10160,#2360);
#1544=LINE('',#10164,#2361);
#1545=LINE('',#10166,#2362);
#1546=LINE('',#10168,#2363);
#1547=LINE('',#10169,#2364);
#1548=LINE('',#10171,#2365);
#1549=LINE('',#10172,#2366);
#1550=LINE('',#10175,#2367);
#1551=LINE('',#10177,#2368);
#1552=LINE('',#10178,#2369);
#1553=LINE('',#10180,#2370);
#1554=LINE('',#10181,#2371);
#1555=LINE('',#10183,#2372);
#1556=LINE('',#10184,#2373);
#1557=LINE('',#10187,#2374);
#1558=LINE('',#10188,#2375);
#1559=LINE('',#10190,#2376);
#1560=LINE('',#10191,#2377);
#1561=LINE('',#10197,#2378);
#1562=LINE('',#10199,#2379);
#1563=LINE('',#10201,#2380);
#1564=LINE('',#10202,#2381);
#1565=LINE('',#10206,#2382);
#1566=LINE('',#10208,#2383);
#1567=LINE('',#10210,#2384);
#1568=LINE('',#10211,#2385);
#1569=LINE('',#10213,#2386);
#1570=LINE('',#10214,#2387);
#1571=LINE('',#10217,#2388);
#1572=LINE('',#10219,#2389);
#1573=LINE('',#10220,#2390);
#1574=LINE('',#10224,#2391);
#1575=LINE('',#10225,#2392);
#1576=LINE('',#10227,#2393);
#1577=LINE('',#10228,#2394);
#1578=LINE('',#10231,#2395);
#1579=LINE('',#10233,#2396);
#1580=LINE('',#10234,#2397);
#1581=LINE('',#10237,#2398);
#1582=LINE('',#10238,#2399);
#1583=LINE('',#10239,#2400);
#1584=LINE('',#10241,#2401);
#1585=LINE('',#10246,#2402);
#1586=LINE('',#10248,#2403);
#1587=LINE('',#10250,#2404);
#1588=LINE('',#10251,#2405);
#1589=LINE('',#10255,#2406);
#1590=LINE('',#10257,#2407);
#1591=LINE('',#10259,#2408);
#1592=LINE('',#10260,#2409);
#1593=LINE('',#10262,#2410);
#1594=LINE('',#10263,#2411);
#1595=LINE('',#10266,#2412);
#1596=LINE('',#10268,#2413);
#1597=LINE('',#10269,#2414);
#1598=LINE('',#10273,#2415);
#1599=LINE('',#10274,#2416);
#1600=LINE('',#10276,#2417);
#1601=LINE('',#10277,#2418);
#1602=LINE('',#10280,#2419);
#1603=LINE('',#10282,#2420);
#1604=LINE('',#10283,#2421);
#1605=LINE('',#10286,#2422);
#1606=LINE('',#10287,#2423);
#1607=LINE('',#10288,#2424);
#1608=LINE('',#10290,#2425);
#1609=LINE('',#10294,#2426);
#1610=LINE('',#10295,#2427);
#1611=LINE('',#10298,#2428);
#1612=LINE('',#10300,#2429);
#1613=LINE('',#10302,#2430);
#1614=LINE('',#10303,#2431);
#1615=LINE('',#10306,#2432);
#1616=LINE('',#10308,#2433);
#1617=LINE('',#10309,#2434);
#1618=LINE('',#10312,#2435);
#1619=LINE('',#10314,#2436);
#1620=LINE('',#10315,#2437);
#1621=LINE('',#10317,#2438);
#1622=LINE('',#10320,#2439);
#1623=LINE('',#10321,#2440);
#1624=LINE('',#10324,#2441);
#1625=LINE('',#10326,#2442);
#1626=LINE('',#10328,#2443);
#1627=LINE('',#10329,#2444);
#1628=LINE('',#10331,#2445);
#1629=LINE('',#10333,#2446);
#1630=LINE('',#10336,#2447);
#1631=LINE('',#10338,#2448);
#1632=LINE('',#10339,#2449);
#1633=LINE('',#10341,#2450);
#1634=LINE('',#10342,#2451);
#1635=LINE('',#10343,#2452);
#1636=LINE('',#10344,#2453);
#1637=LINE('',#10347,#2454);
#1638=LINE('',#10349,#2455);
#1639=LINE('',#10350,#2456);
#1640=LINE('',#10352,#2457);
#1641=LINE('',#10354,#2458);
#1642=LINE('',#10357,#2459);
#1643=LINE('',#10359,#2460);
#1644=LINE('',#10362,#2461);
#1645=LINE('',#10363,#2462);
#1646=LINE('',#10365,#2463);
#1647=LINE('',#10367,#2464);
#1648=LINE('',#10371,#2465);
#1649=LINE('',#10374,#2466);
#1650=LINE('',#10375,#2467);
#1651=LINE('',#10377,#2468);
#1652=LINE('',#10382,#2469);
#1653=LINE('',#10383,#2470);
#1654=LINE('',#10386,#2471);
#1655=LINE('',#10388,#2472);
#1656=LINE('',#10390,#2473);
#1657=LINE('',#10392,#2474);
#1658=LINE('',#10393,#2475);
#1659=LINE('',#10395,#2476);
#1660=LINE('',#10397,#2477);
#1661=LINE('',#10399,#2478);
#1662=LINE('',#10401,#2479);
#1663=LINE('',#10403,#2480);
#1664=LINE('',#10405,#2481);
#1665=LINE('',#10407,#2482);
#1666=LINE('',#10408,#2483);
#1667=LINE('',#10410,#2484);
#1668=LINE('',#10412,#2485);
#1669=LINE('',#10414,#2486);
#1670=LINE('',#10415,#2487);
#1671=LINE('',#10418,#2488);
#1672=LINE('',#10419,#2489);
#1673=LINE('',#10422,#2490);
#1674=LINE('',#10424,#2491);
#1675=LINE('',#10426,#2492);
#1676=LINE('',#10427,#2493);
#1677=LINE('',#10429,#2494);
#1678=LINE('',#10430,#2495);
#1679=LINE('',#10432,#2496);
#1680=LINE('',#10433,#2497);
#1681=LINE('',#10436,#2498);
#1682=LINE('',#10438,#2499);
#1683=LINE('',#10439,#2500);
#1684=LINE('',#10441,#2501);
#1685=LINE('',#10445,#2502);
#1686=LINE('',#10446,#2503);
#1687=LINE('',#10449,#2504);
#1688=LINE('',#10450,#2505);
#1689=LINE('',#10452,#2506);
#1690=LINE('',#10453,#2507);
#1691=LINE('',#10455,#2508);
#1692=LINE('',#10457,#2509);
#1693=LINE('',#10461,#2510);
#1694=LINE('',#10463,#2511);
#1695=LINE('',#10467,#2512);
#1696=LINE('',#10470,#2513);
#1697=LINE('',#10471,#2514);
#1698=LINE('',#10473,#2515);
#1699=LINE('',#10476,#2516);
#1700=LINE('',#10477,#2517);
#1701=LINE('',#10481,#2518);
#1702=LINE('',#10482,#2519);
#1703=LINE('',#10483,#2520);
#1704=LINE('',#10486,#2521);
#1705=LINE('',#10487,#2522);
#1706=LINE('',#10489,#2523);
#1707=LINE('',#10492,#2524);
#1708=LINE('',#10493,#2525);
#1709=LINE('',#10496,#2526);
#1710=LINE('',#10497,#2527);
#1711=LINE('',#10500,#2528);
#1712=LINE('',#10501,#2529);
#1713=LINE('',#10503,#2530);
#1714=LINE('',#10506,#2531);
#1715=LINE('',#10507,#2532);
#1716=LINE('',#10509,#2533);
#1717=VECTOR('',#6973,10.);
#1718=VECTOR('',#6974,10.);
#1719=VECTOR('',#6975,10.);
#1720=VECTOR('',#6976,10.);
#1721=VECTOR('',#6979,10.);
#1722=VECTOR('',#6980,10.);
#1723=VECTOR('',#6981,10.);
#1724=VECTOR('',#6984,10.);
#1725=VECTOR('',#6985,10.);
#1726=VECTOR('',#6988,10.);
#1727=VECTOR('',#6989,10.);
#1728=VECTOR('',#6990,10.);
#1729=VECTOR('',#6991,10.);
#1730=VECTOR('',#6994,10.);
#1731=VECTOR('',#6995,10.);
#1732=VECTOR('',#6996,10.);
#1733=VECTOR('',#7001,10.);
#1734=VECTOR('',#7004,10.);
#1735=VECTOR('',#7005,10.);
#1736=VECTOR('',#7006,10.);
#1737=VECTOR('',#7009,10.);
#1738=VECTOR('',#7010,10.);
#1739=VECTOR('',#7011,10.);
#1740=VECTOR('',#7012,10.);
#1741=VECTOR('',#7013,10.);
#1742=VECTOR('',#7014,10.);
#1743=VECTOR('',#7017,10.);
#1744=VECTOR('',#7018,10.);
#1745=VECTOR('',#7019,10.);
#1746=VECTOR('',#7024,10.);
#1747=VECTOR('',#7027,10.);
#1748=VECTOR('',#7028,10.);
#1749=VECTOR('',#7029,10.);
#1750=VECTOR('',#7030,10.);
#1751=VECTOR('',#7033,10.);
#1752=VECTOR('',#7036,10.);
#1753=VECTOR('',#7037,10.);
#1754=VECTOR('',#7038,10.);
#1755=VECTOR('',#7041,10.);
#1756=VECTOR('',#7042,10.);
#1757=VECTOR('',#7045,10.);
#1758=VECTOR('',#7048,10.);
#1759=VECTOR('',#7051,10.);
#1760=VECTOR('',#7054,10.);
#1761=VECTOR('',#7057,10.);
#1762=VECTOR('',#7058,10.);
#1763=VECTOR('',#7059,10.);
#1764=VECTOR('',#7062,10.);
#1765=VECTOR('',#7063,10.);
#1766=VECTOR('',#7064,10.);
#1767=VECTOR('',#7067,10.);
#1768=VECTOR('',#7068,10.);
#1769=VECTOR('',#7069,10.);
#1770=VECTOR('',#7070,10.);
#1771=VECTOR('',#7071,10.);
#1772=VECTOR('',#7072,10.);
#1773=VECTOR('',#7073,10.);
#1774=VECTOR('',#7074,10.);
#1775=VECTOR('',#7075,10.);
#1776=VECTOR('',#7076,10.);
#1777=VECTOR('',#7079,10.);
#1778=VECTOR('',#7080,10.);
#1779=VECTOR('',#7081,10.);
#1780=VECTOR('',#7082,10.);
#1781=VECTOR('',#7083,10.);
#1782=VECTOR('',#7084,10.);
#1783=VECTOR('',#7085,10.);
#1784=VECTOR('',#7086,10.);
#1785=VECTOR('',#7089,10.);
#1786=VECTOR('',#7090,10.);
#1787=VECTOR('',#7091,10.);
#1788=VECTOR('',#7094,10.);
#1789=VECTOR('',#7095,10.);
#1790=VECTOR('',#7096,10.);
#1791=VECTOR('',#7099,10.);
#1792=VECTOR('',#7100,10.);
#1793=VECTOR('',#7101,10.);
#1794=VECTOR('',#7104,10.);
#1795=VECTOR('',#7105,10.);
#1796=VECTOR('',#7106,10.);
#1797=VECTOR('',#7107,10.);
#1798=VECTOR('',#7108,10.);
#1799=VECTOR('',#7111,10.);
#1800=VECTOR('',#7112,10.);
#1801=VECTOR('',#7113,10.);
#1802=VECTOR('',#7114,10.);
#1803=VECTOR('',#7115,10.);
#1804=VECTOR('',#7116,10.);
#1805=VECTOR('',#7119,10.);
#1806=VECTOR('',#7120,10.);
#1807=VECTOR('',#7121,10.);
#1808=VECTOR('',#7122,10.);
#1809=VECTOR('',#7125,10.);
#1810=VECTOR('',#7126,10.);
#1811=VECTOR('',#7127,10.);
#1812=VECTOR('',#7128,10.);
#1813=VECTOR('',#7129,10.);
#1814=VECTOR('',#7130,10.);
#1815=VECTOR('',#7133,10.);
#1816=VECTOR('',#7134,10.);
#1817=VECTOR('',#7135,10.);
#1818=VECTOR('',#7138,10.);
#1819=VECTOR('',#7139,10.);
#1820=VECTOR('',#7140,10.);
#1821=VECTOR('',#7141,10.);
#1822=VECTOR('',#7144,10.);
#1823=VECTOR('',#7145,10.);
#1824=VECTOR('',#7146,10.);
#1825=VECTOR('',#7147,10.);
#1826=VECTOR('',#7148,10.);
#1827=VECTOR('',#7149,10.);
#1828=VECTOR('',#7150,10.);
#1829=VECTOR('',#7153,10.);
#1830=VECTOR('',#7154,10.);
#1831=VECTOR('',#7155,10.);
#1832=VECTOR('',#7158,10.);
#1833=VECTOR('',#7159,10.);
#1834=VECTOR('',#7160,10.);
#1835=VECTOR('',#7163,10.);
#1836=VECTOR('',#7164,10.);
#1837=VECTOR('',#7165,10.);
#1838=VECTOR('',#7166,10.);
#1839=VECTOR('',#7169,10.);
#1840=VECTOR('',#7170,10.);
#1841=VECTOR('',#7171,10.);
#1842=VECTOR('',#7172,10.);
#1843=VECTOR('',#7173,10.);
#1844=VECTOR('',#7176,10.);
#1845=VECTOR('',#7177,10.);
#1846=VECTOR('',#7178,10.);
#1847=VECTOR('',#7181,10.);
#1848=VECTOR('',#7182,10.);
#1849=VECTOR('',#7185,10.);
#1850=VECTOR('',#7190,10.);
#1851=VECTOR('',#7195,10.);
#1852=VECTOR('',#7198,10.);
#1853=VECTOR('',#7199,10.);
#1854=VECTOR('',#7200,10.);
#1855=VECTOR('',#7201,10.);
#1856=VECTOR('',#7202,10.);
#1857=VECTOR('',#7203,10.);
#1858=VECTOR('',#7204,10.);
#1859=VECTOR('',#7207,10.);
#1860=VECTOR('',#7208,10.);
#1861=VECTOR('',#7209,10.);
#1862=VECTOR('',#7210,10.);
#1863=VECTOR('',#7211,10.);
#1864=VECTOR('',#7218,10.);
#1865=VECTOR('',#7221,10.);
#1866=VECTOR('',#7224,10.);
#1867=VECTOR('',#7227,10.);
#1868=VECTOR('',#7228,10.);
#1869=VECTOR('',#7233,10.);
#1870=VECTOR('',#7236,10.);
#1871=VECTOR('',#7239,10.);
#1872=VECTOR('',#7240,10.);
#1873=VECTOR('',#7243,10.);
#1874=VECTOR('',#7246,10.);
#1875=VECTOR('',#7247,10.);
#1876=VECTOR('',#7250,10.);
#1877=VECTOR('',#7253,10.);
#1878=VECTOR('',#7254,10.);
#1879=VECTOR('',#7257,10.);
#1880=VECTOR('',#7258,10.);
#1881=VECTOR('',#7261,10.);
#1882=VECTOR('',#7262,10.);
#1883=VECTOR('',#7263,10.);
#1884=VECTOR('',#7266,10.);
#1885=VECTOR('',#7267,10.);
#1886=VECTOR('',#7268,10.);
#1887=VECTOR('',#7269,10.);
#1888=VECTOR('',#7270,10.);
#1889=VECTOR('',#7271,10.);
#1890=VECTOR('',#7272,10.);
#1891=VECTOR('',#7273,10.);
#1892=VECTOR('',#7274,10.);
#1893=VECTOR('',#7275,10.);
#1894=VECTOR('',#7276,10.);
#1895=VECTOR('',#7277,10.);
#1896=VECTOR('',#7278,10.);
#1897=VECTOR('',#7279,10.);
#1898=VECTOR('',#7280,10.);
#1899=VECTOR('',#7281,10.);
#1900=VECTOR('',#7282,10.);
#1901=VECTOR('',#7283,10.);
#1902=VECTOR('',#7286,10.);
#1903=VECTOR('',#7287,10.);
#1904=VECTOR('',#7288,10.);
#1905=VECTOR('',#7291,10.);
#1906=VECTOR('',#7292,10.);
#1907=VECTOR('',#7293,10.);
#1908=VECTOR('',#7294,10.);
#1909=VECTOR('',#7295,10.);
#1910=VECTOR('',#7296,10.);
#1911=VECTOR('',#7297,10.);
#1912=VECTOR('',#7298,10.);
#1913=VECTOR('',#7299,10.);
#1914=VECTOR('',#7302,10.);
#1915=VECTOR('',#7305,10.);
#1916=VECTOR('',#7308,10.);
#1917=VECTOR('',#7309,10.);
#1918=VECTOR('',#7310,10.);
#1919=VECTOR('',#7313,10.);
#1920=VECTOR('',#7316,10.);
#1921=VECTOR('',#7319,10.);
#1922=VECTOR('',#7320,10.);
#1923=VECTOR('',#7325,10.);
#1924=VECTOR('',#7328,10.);
#1925=VECTOR('',#7329,10.);
#1926=VECTOR('',#7334,10.);
#1927=VECTOR('',#7335,10.);
#1928=VECTOR('',#7338,10.);
#1929=VECTOR('',#7339,10.);
#1930=VECTOR('',#7344,10.);
#1931=VECTOR('',#7347,10.);
#1932=VECTOR('',#7348,10.);
#1933=VECTOR('',#7353,10.);
#1934=VECTOR('',#7356,10.);
#1935=VECTOR('',#7357,10.);
#1936=VECTOR('',#7362,10.);
#1937=VECTOR('',#7365,10.);
#1938=VECTOR('',#7366,10.);
#1939=VECTOR('',#7369,10.);
#1940=VECTOR('',#7370,10.);
#1941=VECTOR('',#7373,10.);
#1942=VECTOR('',#7374,10.);
#1943=VECTOR('',#7379,10.);
#1944=VECTOR('',#7382,10.);
#1945=VECTOR('',#7383,10.);
#1946=VECTOR('',#7388,10.);
#1947=VECTOR('',#7391,10.);
#1948=VECTOR('',#7392,10.);
#1949=VECTOR('',#7399,10.);
#1950=VECTOR('',#7400,10.);
#1951=VECTOR('',#7403,10.);
#1952=VECTOR('',#7404,10.);
#1953=VECTOR('',#7405,10.);
#1954=VECTOR('',#7406,10.);
#1955=VECTOR('',#7409,10.);
#1956=VECTOR('',#7410,10.);
#1957=VECTOR('',#7411,10.);
#1958=VECTOR('',#7414,10.);
#1959=VECTOR('',#7415,10.);
#1960=VECTOR('',#7416,10.);
#1961=VECTOR('',#7417,10.);
#1962=VECTOR('',#7420,10.);
#1963=VECTOR('',#7421,10.);
#1964=VECTOR('',#7422,10.);
#1965=VECTOR('',#7425,10.);
#1966=VECTOR('',#7426,10.);
#1967=VECTOR('',#7427,10.);
#1968=VECTOR('',#7428,10.);
#1969=VECTOR('',#7431,10.);
#1970=VECTOR('',#7432,10.);
#1971=VECTOR('',#7433,10.);
#1972=VECTOR('',#7436,10.);
#1973=VECTOR('',#7439,10.);
#1974=VECTOR('',#7440,10.);
#1975=VECTOR('',#7443,10.);
#1976=VECTOR('',#7444,10.);
#1977=VECTOR('',#7447,10.);
#1978=VECTOR('',#7448,10.);
#1979=VECTOR('',#7449,10.);
#1980=VECTOR('',#7450,10.);
#1981=VECTOR('',#7453,10.);
#1982=VECTOR('',#7454,10.);
#1983=VECTOR('',#7455,10.);
#1984=VECTOR('',#7456,10.);
#1985=VECTOR('',#7459,10.);
#1986=VECTOR('',#7460,10.);
#1987=VECTOR('',#7465,10.);
#1988=VECTOR('',#7468,10.);
#1989=VECTOR('',#7471,10.);
#1990=VECTOR('',#7472,10.);
#1991=VECTOR('',#7473,10.);
#1992=VECTOR('',#7476,10.);
#1993=VECTOR('',#7477,10.);
#1994=VECTOR('',#7478,10.);
#1995=VECTOR('',#7481,10.);
#1996=VECTOR('',#7482,10.);
#1997=VECTOR('',#7483,10.);
#1998=VECTOR('',#7490,10.);
#1999=VECTOR('',#7493,10.);
#2000=VECTOR('',#7494,10.);
#2001=VECTOR('',#7501,10.);
#2002=VECTOR('',#7504,10.);
#2003=VECTOR('',#7505,10.);
#2004=VECTOR('',#7506,10.);
#2005=VECTOR('',#7507,10.);
#2006=VECTOR('',#7508,10.);
#2007=VECTOR('',#7511,10.);
#2008=VECTOR('',#7512,10.);
#2009=VECTOR('',#7513,10.);
#2010=VECTOR('',#7518,10.);
#2011=VECTOR('',#7519,10.);
#2012=VECTOR('',#7524,10.);
#2013=VECTOR('',#7525,10.);
#2014=VECTOR('',#7528,10.);
#2015=VECTOR('',#7529,10.);
#2016=VECTOR('',#7530,10.);
#2017=VECTOR('',#7531,10.);
#2018=VECTOR('',#7532,10.);
#2019=VECTOR('',#7533,10.);
#2020=VECTOR('',#7534,10.);
#2021=VECTOR('',#7535,10.);
#2022=VECTOR('',#7538,10.);
#2023=VECTOR('',#7541,10.);
#2024=VECTOR('',#7544,10.);
#2025=VECTOR('',#7547,10.);
#2026=VECTOR('',#7548,10.);
#2027=VECTOR('',#7549,10.);
#2028=VECTOR('',#7550,10.);
#2029=VECTOR('',#7551,10.);
#2030=VECTOR('',#7552,10.);
#2031=VECTOR('',#7553,10.);
#2032=VECTOR('',#7556,10.);
#2033=VECTOR('',#7559,10.);
#2034=VECTOR('',#7562,10.);
#2035=VECTOR('',#7565,10.);
#2036=VECTOR('',#7566,10.);
#2037=VECTOR('',#7567,10.);
#2038=VECTOR('',#7570,10.);
#2039=VECTOR('',#7571,10.);
#2040=VECTOR('',#7574,10.);
#2041=VECTOR('',#7575,10.);
#2042=VECTOR('',#7576,10.);
#2043=VECTOR('',#7579,10.);
#2044=VECTOR('',#7582,10.);
#2045=VECTOR('',#7583,10.);
#2046=VECTOR('',#7584,10.);
#2047=VECTOR('',#7589,10.);
#2048=VECTOR('',#7590,10.);
#2049=VECTOR('',#7593,10.);
#2050=VECTOR('',#7594,10.);
#2051=VECTOR('',#7597,10.);
#2052=VECTOR('',#7598,10.);
#2053=VECTOR('',#7607,10.);
#2054=VECTOR('',#7608,10.);
#2055=VECTOR('',#7613,10.);
#2056=VECTOR('',#7616,10.);
#2057=VECTOR('',#7619,10.);
#2058=VECTOR('',#7620,10.);
#2059=VECTOR('',#7621,10.);
#2060=VECTOR('',#7624,10.);
#2061=VECTOR('',#7625,10.);
#2062=VECTOR('',#7626,10.);
#2063=VECTOR('',#7627,10.);
#2064=VECTOR('',#7630,10.);
#2065=VECTOR('',#7633,10.);
#2066=VECTOR('',#7638,10.);
#2067=VECTOR('',#7643,10.);
#2068=VECTOR('',#7648,10.);
#2069=VECTOR('',#7651,10.);
#2070=VECTOR('',#7654,10.);
#2071=VECTOR('',#7657,10.);
#2072=VECTOR('',#7658,10.);
#2073=VECTOR('',#7661,10.);
#2074=VECTOR('',#7664,10.);
#2075=VECTOR('',#7669,10.);
#2076=VECTOR('',#7670,10.);
#2077=VECTOR('',#7675,10.);
#2078=VECTOR('',#7678,10.);
#2079=VECTOR('',#7681,10.);
#2080=VECTOR('',#7684,10.);
#2081=VECTOR('',#7687,10.);
#2082=VECTOR('',#7694,10.);
#2083=VECTOR('',#7695,10.);
#2084=VECTOR('',#7698,10.);
#2085=VECTOR('',#7699,10.);
#2086=VECTOR('',#7702,10.);
#2087=VECTOR('',#7703,10.);
#2088=VECTOR('',#7708,10.);
#2089=VECTOR('',#7711,10.);
#2090=VECTOR('',#7714,10.);
#2091=VECTOR('',#7715,10.);
#2092=VECTOR('',#7716,10.);
#2093=VECTOR('',#7719,10.);
#2094=VECTOR('',#7720,10.);
#2095=VECTOR('',#7721,10.);
#2096=VECTOR('',#7728,10.);
#2097=VECTOR('',#7731,10.);
#2098=VECTOR('',#7732,10.);
#2099=VECTOR('',#7737,10.);
#2100=VECTOR('',#7746,10.);
#2101=VECTOR('',#7749,10.);
#2102=VECTOR('',#7752,10.);
#2103=VECTOR('',#7755,10.);
#2104=VECTOR('',#7756,10.);
#2105=VECTOR('',#7757,10.);
#2106=VECTOR('',#7760,10.);
#2107=VECTOR('',#7761,10.);
#2108=VECTOR('',#7766,10.);
#2109=VECTOR('',#7775,10.);
#2110=VECTOR('',#7776,10.);
#2111=VECTOR('',#7779,10.);
#2112=VECTOR('',#7782,10.);
#2113=VECTOR('',#7785,10.);
#2114=VECTOR('',#7788,10.);
#2115=VECTOR('',#7789,10.);
#2116=VECTOR('',#7790,10.);
#2117=VECTOR('',#7797,10.);
#2118=VECTOR('',#7800,10.);
#2119=VECTOR('',#7801,10.);
#2120=VECTOR('',#7804,10.);
#2121=VECTOR('',#7805,10.);
#2122=VECTOR('',#7806,10.);
#2123=VECTOR('',#7813,10.);
#2124=VECTOR('',#7816,10.);
#2125=VECTOR('',#7817,10.);
#2126=VECTOR('',#7820,10.);
#2127=VECTOR('',#7823,10.);
#2128=VECTOR('',#7824,10.);
#2129=VECTOR('',#7825,10.);
#2130=VECTOR('',#7832,10.);
#2131=VECTOR('',#7835,10.);
#2132=VECTOR('',#7836,10.);
#2133=VECTOR('',#7839,10.);
#2134=VECTOR('',#7842,10.);
#2135=VECTOR('',#7843,10.);
#2136=VECTOR('',#7844,10.);
#2137=VECTOR('',#7851,10.);
#2138=VECTOR('',#7854,10.);
#2139=VECTOR('',#7855,10.);
#2140=VECTOR('',#7858,10.);
#2141=VECTOR('',#7861,10.);
#2142=VECTOR('',#7862,10.);
#2143=VECTOR('',#7865,10.);
#2144=VECTOR('',#7870,10.);
#2145=VECTOR('',#7873,10.);
#2146=VECTOR('',#7878,10.);
#2147=VECTOR('',#7879,10.);
#2148=VECTOR('',#7880,10.);
#2149=VECTOR('',#7881,10.);
#2150=VECTOR('',#7884,10.);
#2151=VECTOR('',#7885,10.);
#2152=VECTOR('',#7886,10.);
#2153=VECTOR('',#7887,10.);
#2154=VECTOR('',#7890,10.);
#2155=VECTOR('',#7891,10.);
#2156=VECTOR('',#7892,10.);
#2157=VECTOR('',#7893,10.);
#2158=VECTOR('',#7896,10.);
#2159=VECTOR('',#7897,10.);
#2160=VECTOR('',#7898,10.);
#2161=VECTOR('',#7899,10.);
#2162=VECTOR('',#7902,9.99999999999999);
#2163=VECTOR('',#7903,10.);
#2164=VECTOR('',#7906,10.);
#2165=VECTOR('',#7907,10.);
#2166=VECTOR('',#7908,10.);
#2167=VECTOR('',#7911,10.);
#2168=VECTOR('',#7914,10.);
#2169=VECTOR('',#7915,10.);
#2170=VECTOR('',#7916,10.);
#2171=VECTOR('',#7917,10.);
#2172=VECTOR('',#7918,10.);
#2173=VECTOR('',#7921,10.);
#2174=VECTOR('',#7922,9.99999999999999);
#2175=VECTOR('',#7925,10.);
#2176=VECTOR('',#7926,10.);
#2177=VECTOR('',#7927,10.);
#2178=VECTOR('',#7928,10.);
#2179=VECTOR('',#7931,10.);
#2180=VECTOR('',#7932,9.99999999999999);
#2181=VECTOR('',#7935,10.);
#2182=VECTOR('',#7938,10.);
#2183=VECTOR('',#7939,10.);
#2184=VECTOR('',#7940,10.);
#2185=VECTOR('',#7941,10.);
#2186=VECTOR('',#7944,10.);
#2187=VECTOR('',#7945,10.);
#2188=VECTOR('',#7948,10.);
#2189=VECTOR('',#7949,10.);
#2190=VECTOR('',#7950,10.);
#2191=VECTOR('',#7953,10.);
#2192=VECTOR('',#7956,10.);
#2193=VECTOR('',#7957,10.);
#2194=VECTOR('',#7958,10.);
#2195=VECTOR('',#7959,10.);
#2196=VECTOR('',#7960,10.);
#2197=VECTOR('',#7961,10.);
#2198=VECTOR('',#7964,10.);
#2199=VECTOR('',#7965,10.);
#2200=VECTOR('',#7966,10.);
#2201=VECTOR('',#7969,10.);
#2202=VECTOR('',#7972,10.);
#2203=VECTOR('',#7973,10.);
#2204=VECTOR('',#7974,10.);
#2205=VECTOR('',#7975,10.);
#2206=VECTOR('',#7976,10.);
#2207=VECTOR('',#7979,10.);
#2208=VECTOR('',#7980,10.);
#2209=VECTOR('',#7983,10.);
#2210=VECTOR('',#7984,10.);
#2211=VECTOR('',#7985,10.);
#2212=VECTOR('',#7986,10.);
#2213=VECTOR('',#7989,10.);
#2214=VECTOR('',#7990,10.);
#2215=VECTOR('',#7991,10.);
#2216=VECTOR('',#7998,10.);
#2217=VECTOR('',#8001,10.);
#2218=VECTOR('',#8002,10.);
#2219=VECTOR('',#8003,10.);
#2220=VECTOR('',#8006,10.);
#2221=VECTOR('',#8007,10.);
#2222=VECTOR('',#8008,10.);
#2223=VECTOR('',#8011,10.);
#2224=VECTOR('',#8012,10.);
#2225=VECTOR('',#8013,10.);
#2226=VECTOR('',#8020,10.);
#2227=VECTOR('',#8023,10.);
#2228=VECTOR('',#8024,10.);
#2229=VECTOR('',#8029,10.);
#2230=VECTOR('',#8032,10.);
#2231=VECTOR('',#8033,10.);
#2232=VECTOR('',#8036,10.);
#2233=VECTOR('',#8039,10.);
#2234=VECTOR('',#8040,10.);
#2235=VECTOR('',#8043,10.);
#2236=VECTOR('',#8044,10.);
#2237=VECTOR('',#8045,10.);
#2238=VECTOR('',#8046,10.);
#2239=VECTOR('',#8049,10.);
#2240=VECTOR('',#8050,10.);
#2241=VECTOR('',#8051,10.);
#2242=VECTOR('',#8054,10.);
#2243=VECTOR('',#8057,10.);
#2244=VECTOR('',#8060,10.);
#2245=VECTOR('',#8063,10.);
#2246=VECTOR('',#8066,10.);
#2247=VECTOR('',#8069,10.);
#2248=VECTOR('',#8070,10.);
#2249=VECTOR('',#8071,10.);
#2250=VECTOR('',#8074,10.);
#2251=VECTOR('',#8075,10.);
#2252=VECTOR('',#8076,10.);
#2253=VECTOR('',#8079,10.);
#2254=VECTOR('',#8080,10.);
#2255=VECTOR('',#8081,10.);
#2256=VECTOR('',#8084,10.);
#2257=VECTOR('',#8087,10.);
#2258=VECTOR('',#8088,10.);
#2259=VECTOR('',#8091,10.);
#2260=VECTOR('',#8092,10.);
#2261=VECTOR('',#8093,10.);
#2262=VECTOR('',#8096,10.);
#2263=VECTOR('',#8097,10.);
#2264=VECTOR('',#8100,10.);
#2265=VECTOR('',#8101,10.);
#2266=VECTOR('',#8104,10.);
#2267=VECTOR('',#8105,10.);
#2268=VECTOR('',#8106,10.);
#2269=VECTOR('',#8109,10.);
#2270=VECTOR('',#8110,10.);
#2271=VECTOR('',#8113,10.);
#2272=VECTOR('',#8114,10.);
#2273=VECTOR('',#8119,10.);
#2274=VECTOR('',#8126,10.);
#2275=VECTOR('',#8129,10.);
#2276=VECTOR('',#8130,10.);
#2277=VECTOR('',#8133,10.);
#2278=VECTOR('',#8136,10.);
#2279=VECTOR('',#8137,10.);
#2280=VECTOR('',#8140,10.);
#2281=VECTOR('',#8143,10.);
#2282=VECTOR('',#8146,10.);
#2283=VECTOR('',#8149,10.);
#2284=VECTOR('',#8152,10.);
#2285=VECTOR('',#8155,10.);
#2286=VECTOR('',#8160,10.);
#2287=VECTOR('',#8163,10.);
#2288=VECTOR('',#8166,10.);
#2289=VECTOR('',#8167,10.);
#2290=VECTOR('',#8170,10.);
#2291=VECTOR('',#8173,10.);
#2292=VECTOR('',#8176,10.);
#2293=VECTOR('',#8181,10.);
#2294=VECTOR('',#8184,10.);
#2295=VECTOR('',#8189,10.);
#2296=VECTOR('',#8190,10.);
#2297=VECTOR('',#8193,10.);
#2298=VECTOR('',#8196,10.);
#2299=VECTOR('',#8199,10.);
#2300=VECTOR('',#8202,10.);
#2301=VECTOR('',#8205,10.);
#2302=VECTOR('',#8210,10.);
#2303=VECTOR('',#8213,10.);
#2304=VECTOR('',#8214,10.);
#2305=VECTOR('',#8215,10.);
#2306=VECTOR('',#8224,10.);
#2307=VECTOR('',#8227,10.);
#2308=VECTOR('',#8228,10.);
#2309=VECTOR('',#8229,10.);
#2310=VECTOR('',#8234,10.);
#2311=VECTOR('',#8239,10.);
#2312=VECTOR('',#8240,10.);
#2313=VECTOR('',#8241,10.);
#2314=VECTOR('',#8244,10.);
#2315=VECTOR('',#8245,10.);
#2316=VECTOR('',#8246,10.);
#2317=VECTOR('',#8249,10.);
#2318=VECTOR('',#8250,10.);
#2319=VECTOR('',#8251,10.);
#2320=VECTOR('',#8252,10.);
#2321=VECTOR('',#8255,10.);
#2322=VECTOR('',#8256,10.);
#2323=VECTOR('',#8257,10.);
#2324=VECTOR('',#8258,10.);
#2325=VECTOR('',#8261,10.);
#2326=VECTOR('',#8262,10.);
#2327=VECTOR('',#8265,10.);
#2328=VECTOR('',#8266,10.);
#2329=VECTOR('',#8267,10.);
#2330=VECTOR('',#8270,10.);
#2331=VECTOR('',#8271,10.);
#2332=VECTOR('',#8272,10.);
#2333=VECTOR('',#8273,10.);
#2334=VECTOR('',#8276,10.);
#2335=VECTOR('',#8277,10.);
#2336=VECTOR('',#8278,10.);
#2337=VECTOR('',#8281,10.);
#2338=VECTOR('',#8282,10.);
#2339=VECTOR('',#8283,10.);
#2340=VECTOR('',#8286,10.);
#2341=VECTOR('',#8291,10.);
#2342=VECTOR('',#8292,10.);
#2343=VECTOR('',#8293,10.);
#2344=VECTOR('',#8294,9.99999999999999);
#2345=VECTOR('',#8295,10.);
#2346=VECTOR('',#8298,10.);
#2347=VECTOR('',#8299,10.);
#2348=VECTOR('',#8300,10.);
#2349=VECTOR('',#8303,10.);
#2350=VECTOR('',#8304,10.);
#2351=VECTOR('',#8305,10.);
#2352=VECTOR('',#8306,10.);
#2353=VECTOR('',#8307,10.);
#2354=VECTOR('',#8308,10.);
#2355=VECTOR('',#8309,10.);
#2356=VECTOR('',#8310,10.);
#2357=VECTOR('',#8313,10.);
#2358=VECTOR('',#8314,10.);
#2359=VECTOR('',#8315,10.);
#2360=VECTOR('',#8316,10.);
#2361=VECTOR('',#8319,10.);
#2362=VECTOR('',#8320,10.);
#2363=VECTOR('',#8321,10.);
#2364=VECTOR('',#8322,10.);
#2365=VECTOR('',#8325,10.);
#2366=VECTOR('',#8326,10.);
#2367=VECTOR('',#8329,10.);
#2368=VECTOR('',#8330,10.);
#2369=VECTOR('',#8331,10.);
#2370=VECTOR('',#8334,10.);
#2371=VECTOR('',#8335,10.);
#2372=VECTOR('',#8336,10.);
#2373=VECTOR('',#8337,10.);
#2374=VECTOR('',#8340,10.);
#2375=VECTOR('',#8341,10.);
#2376=VECTOR('',#8344,10.);
#2377=VECTOR('',#8345,10.);
#2378=VECTOR('',#8352,10.);
#2379=VECTOR('',#8353,10.);
#2380=VECTOR('',#8354,10.);
#2381=VECTOR('',#8355,10.);
#2382=VECTOR('',#8358,10.);
#2383=VECTOR('',#8359,10.);
#2384=VECTOR('',#8360,10.);
#2385=VECTOR('',#8361,10.);
#2386=VECTOR('',#8364,10.);
#2387=VECTOR('',#8365,10.);
#2388=VECTOR('',#8368,10.);
#2389=VECTOR('',#8369,10.);
#2390=VECTOR('',#8370,10.);
#2391=VECTOR('',#8373,10.);
#2392=VECTOR('',#8374,10.);
#2393=VECTOR('',#8375,10.);
#2394=VECTOR('',#8376,10.);
#2395=VECTOR('',#8379,10.);
#2396=VECTOR('',#8380,10.);
#2397=VECTOR('',#8381,10.);
#2398=VECTOR('',#8384,10.);
#2399=VECTOR('',#8385,10.);
#2400=VECTOR('',#8386,10.);
#2401=VECTOR('',#8389,10.);
#2402=VECTOR('',#8394,10.);
#2403=VECTOR('',#8395,10.);
#2404=VECTOR('',#8396,10.);
#2405=VECTOR('',#8397,10.);
#2406=VECTOR('',#8400,10.);
#2407=VECTOR('',#8401,10.);
#2408=VECTOR('',#8402,10.);
#2409=VECTOR('',#8403,10.);
#2410=VECTOR('',#8406,10.);
#2411=VECTOR('',#8407,10.);
#2412=VECTOR('',#8410,10.);
#2413=VECTOR('',#8411,10.);
#2414=VECTOR('',#8412,10.);
#2415=VECTOR('',#8415,10.);
#2416=VECTOR('',#8416,10.);
#2417=VECTOR('',#8417,10.);
#2418=VECTOR('',#8418,10.);
#2419=VECTOR('',#8421,10.);
#2420=VECTOR('',#8422,10.);
#2421=VECTOR('',#8423,10.);
#2422=VECTOR('',#8426,10.);
#2423=VECTOR('',#8427,10.);
#2424=VECTOR('',#8428,10.);
#2425=VECTOR('',#8431,10.);
#2426=VECTOR('',#8436,10.);
#2427=VECTOR('',#8437,10.);
#2428=VECTOR('',#8440,10.);
#2429=VECTOR('',#8441,10.);
#2430=VECTOR('',#8442,10.);
#2431=VECTOR('',#8443,10.);
#2432=VECTOR('',#8446,10.);
#2433=VECTOR('',#8447,10.);
#2434=VECTOR('',#8448,10.);
#2435=VECTOR('',#8451,10.);
#2436=VECTOR('',#8452,10.);
#2437=VECTOR('',#8453,10.);
#2438=VECTOR('',#8456,10.);
#2439=VECTOR('',#8459,10.);
#2440=VECTOR('',#8460,10.);
#2441=VECTOR('',#8463,10.);
#2442=VECTOR('',#8464,10.);
#2443=VECTOR('',#8465,10.);
#2444=VECTOR('',#8466,10.);
#2445=VECTOR('',#8469,10.);
#2446=VECTOR('',#8472,10.);
#2447=VECTOR('',#8475,10.);
#2448=VECTOR('',#8476,10.);
#2449=VECTOR('',#8477,10.);
#2450=VECTOR('',#8480,10.);
#2451=VECTOR('',#8481,10.);
#2452=VECTOR('',#8482,10.);
#2453=VECTOR('',#8483,10.);
#2454=VECTOR('',#8486,10.);
#2455=VECTOR('',#8487,10.);
#2456=VECTOR('',#8488,10.);
#2457=VECTOR('',#8491,10.);
#2458=VECTOR('',#8492,10.);
#2459=VECTOR('',#8495,10.);
#2460=VECTOR('',#8496,10.);
#2461=VECTOR('',#8499,10.);
#2462=VECTOR('',#8500,10.);
#2463=VECTOR('',#8503,10.);
#2464=VECTOR('',#8506,10.);
#2465=VECTOR('',#8513,10.);
#2466=VECTOR('',#8516,10.);
#2467=VECTOR('',#8517,10.);
#2468=VECTOR('',#8520,10.);
#2469=VECTOR('',#8527,10.);
#2470=VECTOR('',#8528,10.);
#2471=VECTOR('',#8531,10.);
#2472=VECTOR('',#8532,10.);
#2473=VECTOR('',#8533,10.);
#2474=VECTOR('',#8534,10.);
#2475=VECTOR('',#8535,10.);
#2476=VECTOR('',#8536,10.);
#2477=VECTOR('',#8537,10.);
#2478=VECTOR('',#8538,10.);
#2479=VECTOR('',#8539,10.);
#2480=VECTOR('',#8540,10.);
#2481=VECTOR('',#8541,10.);
#2482=VECTOR('',#8542,10.);
#2483=VECTOR('',#8543,10.);
#2484=VECTOR('',#8544,10.);
#2485=VECTOR('',#8545,10.);
#2486=VECTOR('',#8546,10.);
#2487=VECTOR('',#8547,10.);
#2488=VECTOR('',#8550,9.99999999999999);
#2489=VECTOR('',#8551,10.);
#2490=VECTOR('',#8554,10.);
#2491=VECTOR('',#8555,10.);
#2492=VECTOR('',#8556,10.);
#2493=VECTOR('',#8557,10.);
#2494=VECTOR('',#8560,10.);
#2495=VECTOR('',#8561,10.);
#2496=VECTOR('',#8564,10.);
#2497=VECTOR('',#8565,10.);
#2498=VECTOR('',#8570,10.);
#2499=VECTOR('',#8573,10.);
#2500=VECTOR('',#8574,10.);
#2501=VECTOR('',#8577,10.);
#2502=VECTOR('',#8582,10.);
#2503=VECTOR('',#8583,10.);
#2504=VECTOR('',#8586,10.);
#2505=VECTOR('',#8587,10.);
#2506=VECTOR('',#8590,10.);
#2507=VECTOR('',#8591,10.);
#2508=VECTOR('',#8594,10.);
#2509=VECTOR('',#8597,10.);
#2510=VECTOR('',#8604,10.);
#2511=VECTOR('',#8607,10.);
#2512=VECTOR('',#8614,10.);
#2513=VECTOR('',#8617,9.99999999999999);
#2514=VECTOR('',#8618,10.);
#2515=VECTOR('',#8621,9.99999999999999);
#2516=VECTOR('',#8624,10.);
#2517=VECTOR('',#8625,10.);
#2518=VECTOR('',#8628,10.);
#2519=VECTOR('',#8629,10.);
#2520=VECTOR('',#8630,10.);
#2521=VECTOR('',#8633,10.);
#2522=VECTOR('',#8634,10.);
#2523=VECTOR('',#8637,10.);
#2524=VECTOR('',#8640,10.);
#2525=VECTOR('',#8641,10.);
#2526=VECTOR('',#8644,10.);
#2527=VECTOR('',#8645,10.);
#2528=VECTOR('',#8648,10.);
#2529=VECTOR('',#8649,10.);
#2530=VECTOR('',#8652,10.);
#2531=VECTOR('',#8655,10.);
#2532=VECTOR('',#8656,10.);
#2533=VECTOR('',#8659,10.);
#2534=VERTEX_POINT('',#8664);
#2535=VERTEX_POINT('',#8665);
#2536=VERTEX_POINT('',#8667);
#2537=VERTEX_POINT('',#8669);
#2538=VERTEX_POINT('',#8673);
#2539=VERTEX_POINT('',#8675);
#2540=VERTEX_POINT('',#8679);
#2541=VERTEX_POINT('',#8683);
#2542=VERTEX_POINT('',#8684);
#2543=VERTEX_POINT('',#8686);
#2544=VERTEX_POINT('',#8688);
#2545=VERTEX_POINT('',#8692);
#2546=VERTEX_POINT('',#8694);
#2547=VERTEX_POINT('',#8696);
#2548=VERTEX_POINT('',#8700);
#2549=VERTEX_POINT('',#8701);
#2550=VERTEX_POINT('',#8703);
#2551=VERTEX_POINT('',#8705);
#2552=VERTEX_POINT('',#8707);
#2553=VERTEX_POINT('',#8711);
#2554=VERTEX_POINT('',#8712);
#2555=VERTEX_POINT('',#8714);
#2556=VERTEX_POINT('',#8716);
#2557=VERTEX_POINT('',#8720);
#2558=VERTEX_POINT('',#8722);
#2559=VERTEX_POINT('',#8724);
#2560=VERTEX_POINT('',#8726);
#2561=VERTEX_POINT('',#8728);
#2562=VERTEX_POINT('',#8735);
#2563=VERTEX_POINT('',#8737);
#2564=VERTEX_POINT('',#8743);
#2565=VERTEX_POINT('',#8745);
#2566=VERTEX_POINT('',#8760);
#2567=VERTEX_POINT('',#8762);
#2568=VERTEX_POINT('',#8766);
#2569=VERTEX_POINT('',#8768);
#2570=VERTEX_POINT('',#8772);
#2571=VERTEX_POINT('',#8774);
#2572=VERTEX_POINT('',#8776);
#2573=VERTEX_POINT('',#8778);
#2574=VERTEX_POINT('',#8781);
#2575=VERTEX_POINT('',#8783);
#2576=VERTEX_POINT('',#8785);
#2577=VERTEX_POINT('',#8787);
#2578=VERTEX_POINT('',#8791);
#2579=VERTEX_POINT('',#8792);
#2580=VERTEX_POINT('',#8794);
#2581=VERTEX_POINT('',#8796);
#2582=VERTEX_POINT('',#8798);
#2583=VERTEX_POINT('',#8800);
#2584=VERTEX_POINT('',#8802);
#2585=VERTEX_POINT('',#8804);
#2586=VERTEX_POINT('',#8808);
#2587=VERTEX_POINT('',#8810);
#2588=VERTEX_POINT('',#8814);
#2589=VERTEX_POINT('',#8816);
#2590=VERTEX_POINT('',#8820);
#2591=VERTEX_POINT('',#8821);
#2592=VERTEX_POINT('',#8823);
#2593=VERTEX_POINT('',#8827);
#2594=VERTEX_POINT('',#8828);
#2595=VERTEX_POINT('',#8830);
#2596=VERTEX_POINT('',#8832);
#2597=VERTEX_POINT('',#8834);
#2598=VERTEX_POINT('',#8838);
#2599=VERTEX_POINT('',#8839);
#2600=VERTEX_POINT('',#8841);
#2601=VERTEX_POINT('',#8843);
#2602=VERTEX_POINT('',#8845);
#2603=VERTEX_POINT('',#8847);
#2604=VERTEX_POINT('',#8851);
#2605=VERTEX_POINT('',#8852);
#2606=VERTEX_POINT('',#8854);
#2607=VERTEX_POINT('',#8856);
#2608=VERTEX_POINT('',#8860);
#2609=VERTEX_POINT('',#8862);
#2610=VERTEX_POINT('',#8864);
#2611=VERTEX_POINT('',#8866);
#2612=VERTEX_POINT('',#8871);
#2613=VERTEX_POINT('',#8873);
#2614=VERTEX_POINT('',#8877);
#2615=VERTEX_POINT('',#8878);
#2616=VERTEX_POINT('',#8880);
#2617=VERTEX_POINT('',#8882);
#2618=VERTEX_POINT('',#8886);
#2619=VERTEX_POINT('',#8888);
#2620=VERTEX_POINT('',#8890);
#2621=VERTEX_POINT('',#8892);
#2622=VERTEX_POINT('',#8894);
#2623=VERTEX_POINT('',#8896);
#2624=VERTEX_POINT('',#8900);
#2625=VERTEX_POINT('',#8902);
#2626=VERTEX_POINT('',#8906);
#2627=VERTEX_POINT('',#8907);
#2628=VERTEX_POINT('',#8909);
#2629=VERTEX_POINT('',#8913);
#2630=VERTEX_POINT('',#8914);
#2631=VERTEX_POINT('',#8916);
#2632=VERTEX_POINT('',#8918);
#2633=VERTEX_POINT('',#8922);
#2634=VERTEX_POINT('',#8923);
#2635=VERTEX_POINT('',#8925);
#2636=VERTEX_POINT('',#8927);
#2637=VERTEX_POINT('',#8929);
#2638=VERTEX_POINT('',#8933);
#2639=VERTEX_POINT('',#8935);
#2640=VERTEX_POINT('',#8939);
#2641=VERTEX_POINT('',#8940);
#2642=VERTEX_POINT('',#8942);
#2643=VERTEX_POINT('',#8944);
#2644=VERTEX_POINT('',#8946);
#2645=VERTEX_POINT('',#8948);
#2646=VERTEX_POINT('',#8950);
#2647=VERTEX_POINT('',#8952);
#2648=VERTEX_POINT('',#8954);
#2649=VERTEX_POINT('',#8956);
#2650=VERTEX_POINT('',#8958);
#2651=VERTEX_POINT('',#8960);
#2652=VERTEX_POINT('',#8962);
#2653=VERTEX_POINT('',#8964);
#2654=VERTEX_POINT('',#8966);
#2655=VERTEX_POINT('',#8968);
#2656=VERTEX_POINT('',#8970);
#2657=VERTEX_POINT('',#8972);
#2658=VERTEX_POINT('',#8976);
#2659=VERTEX_POINT('',#8977);
#2660=VERTEX_POINT('',#8979);
#2661=VERTEX_POINT('',#8981);
#2662=VERTEX_POINT('',#8984);
#2663=VERTEX_POINT('',#8985);
#2664=VERTEX_POINT('',#8989);
#2665=VERTEX_POINT('',#8990);
#2666=VERTEX_POINT('',#8992);
#2667=VERTEX_POINT('',#8994);
#2668=VERTEX_POINT('',#8998);
#2669=VERTEX_POINT('',#9000);
#2670=VERTEX_POINT('',#9002);
#2671=VERTEX_POINT('',#9006);
#2672=VERTEX_POINT('',#9007);
#2673=VERTEX_POINT('',#9009);
#2674=VERTEX_POINT('',#9011);
#2675=VERTEX_POINT('',#9015);
#2676=VERTEX_POINT('',#9017);
#2677=VERTEX_POINT('',#9019);
#2678=VERTEX_POINT('',#9023);
#2679=VERTEX_POINT('',#9025);
#2680=VERTEX_POINT('',#9030);
#2681=VERTEX_POINT('',#9034);
#2682=VERTEX_POINT('',#9035);
#2683=VERTEX_POINT('',#9037);
#2684=VERTEX_POINT('',#9039);
#2685=VERTEX_POINT('',#9041);
#2686=VERTEX_POINT('',#9043);
#2687=VERTEX_POINT('',#9045);
#2688=VERTEX_POINT('',#9047);
#2689=VERTEX_POINT('',#9049);
#2690=VERTEX_POINT('',#9051);
#2691=VERTEX_POINT('',#9053);
#2692=VERTEX_POINT('',#9055);
#2693=VERTEX_POINT('',#9057);
#2694=VERTEX_POINT('',#9059);
#2695=VERTEX_POINT('',#9061);
#2696=VERTEX_POINT('',#9063);
#2697=VERTEX_POINT('',#9065);
#2698=VERTEX_POINT('',#9067);
#2699=VERTEX_POINT('',#9069);
#2700=VERTEX_POINT('',#9071);
#2701=VERTEX_POINT('',#9074);
#2702=VERTEX_POINT('',#9076);
#2703=VERTEX_POINT('',#9078);
#2704=VERTEX_POINT('',#9080);
#2705=VERTEX_POINT('',#9082);
#2706=VERTEX_POINT('',#9084);
#2707=VERTEX_POINT('',#9086);
#2708=VERTEX_POINT('',#9088);
#2709=VERTEX_POINT('',#9090);
#2710=VERTEX_POINT('',#9092);
#2711=VERTEX_POINT('',#9094);
#2712=VERTEX_POINT('',#9096);
#2713=VERTEX_POINT('',#9098);
#2714=VERTEX_POINT('',#9100);
#2715=VERTEX_POINT('',#9103);
#2716=VERTEX_POINT('',#9105);
#2717=VERTEX_POINT('',#9108);
#2718=VERTEX_POINT('',#9110);
#2719=VERTEX_POINT('',#9112);
#2720=VERTEX_POINT('',#9114);
#2721=VERTEX_POINT('',#9116);
#2722=VERTEX_POINT('',#9118);
#2723=VERTEX_POINT('',#9120);
#2724=VERTEX_POINT('',#9122);
#2725=VERTEX_POINT('',#9124);
#2726=VERTEX_POINT('',#9126);
#2727=VERTEX_POINT('',#9128);
#2728=VERTEX_POINT('',#9130);
#2729=VERTEX_POINT('',#9132);
#2730=VERTEX_POINT('',#9134);
#2731=VERTEX_POINT('',#9139);
#2732=VERTEX_POINT('',#9147);
#2733=VERTEX_POINT('',#9151);
#2734=VERTEX_POINT('',#9155);
#2735=VERTEX_POINT('',#9159);
#2736=VERTEX_POINT('',#9163);
#2737=VERTEX_POINT('',#9167);
#2738=VERTEX_POINT('',#9171);
#2739=VERTEX_POINT('',#9175);
#2740=VERTEX_POINT('',#9179);
#2741=VERTEX_POINT('',#9183);
#2742=VERTEX_POINT('',#9187);
#2743=VERTEX_POINT('',#9191);
#2744=VERTEX_POINT('',#9195);
#2745=VERTEX_POINT('',#9199);
#2746=VERTEX_POINT('',#9205);
#2747=VERTEX_POINT('',#9209);
#2748=VERTEX_POINT('',#9211);
#2749=VERTEX_POINT('',#9216);
#2750=VERTEX_POINT('',#9217);
#2751=VERTEX_POINT('',#9222);
#2752=VERTEX_POINT('',#9223);
#2753=VERTEX_POINT('',#9225);
#2754=VERTEX_POINT('',#9227);
#2755=VERTEX_POINT('',#9232);
#2756=VERTEX_POINT('',#9238);
#2757=VERTEX_POINT('',#9242);
#2758=VERTEX_POINT('',#9247);
#2759=VERTEX_POINT('',#9249);
#2760=VERTEX_POINT('',#9254);
#2761=VERTEX_POINT('',#9258);
#2762=VERTEX_POINT('',#9260);
#2763=VERTEX_POINT('',#9265);
#2764=VERTEX_POINT('',#9267);
#2765=VERTEX_POINT('',#9269);
#2766=VERTEX_POINT('',#9276);
#2767=VERTEX_POINT('',#9277);
#2768=VERTEX_POINT('',#9279);
#2769=VERTEX_POINT('',#9281);
#2770=VERTEX_POINT('',#9285);
#2771=VERTEX_POINT('',#9291);
#2772=VERTEX_POINT('',#9295);
#2773=VERTEX_POINT('',#9300);
#2774=VERTEX_POINT('',#9302);
#2775=VERTEX_POINT('',#9306);
#2776=VERTEX_POINT('',#9310);
#2777=VERTEX_POINT('',#9312);
#2778=VERTEX_POINT('',#9316);
#2779=VERTEX_POINT('',#9317);
#2780=VERTEX_POINT('',#9319);
#2781=VERTEX_POINT('',#9322);
#2782=VERTEX_POINT('',#9326);
#2783=VERTEX_POINT('',#9331);
#2784=VERTEX_POINT('',#9333);
#2785=VERTEX_POINT('',#9337);
#2786=VERTEX_POINT('',#9338);
#2787=VERTEX_POINT('',#9343);
#2788=VERTEX_POINT('',#9345);
#2789=VERTEX_POINT('',#9347);
#2790=VERTEX_POINT('',#9349);
#2791=VERTEX_POINT('',#9352);
#2792=VERTEX_POINT('',#9354);
#2793=VERTEX_POINT('',#9356);
#2794=VERTEX_POINT('',#9358);
#2795=VERTEX_POINT('',#9360);
#2796=VERTEX_POINT('',#9362);
#2797=VERTEX_POINT('',#9364);
#2798=VERTEX_POINT('',#9366);
#2799=VERTEX_POINT('',#9368);
#2800=VERTEX_POINT('',#9370);
#2801=VERTEX_POINT('',#9372);
#2802=VERTEX_POINT('',#9374);
#2803=VERTEX_POINT('',#9377);
#2804=VERTEX_POINT('',#9379);
#2805=VERTEX_POINT('',#9381);
#2806=VERTEX_POINT('',#9383);
#2807=VERTEX_POINT('',#9385);
#2808=VERTEX_POINT('',#9387);
#2809=VERTEX_POINT('',#9389);
#2810=VERTEX_POINT('',#9391);
#2811=VERTEX_POINT('',#9393);
#2812=VERTEX_POINT('',#9395);
#2813=VERTEX_POINT('',#9397);
#2814=VERTEX_POINT('',#9399);
#2815=VERTEX_POINT('',#9401);
#2816=VERTEX_POINT('',#9405);
#2817=VERTEX_POINT('',#9409);
#2818=VERTEX_POINT('',#9411);
#2819=VERTEX_POINT('',#9434);
#2820=VERTEX_POINT('',#9438);
#2821=VERTEX_POINT('',#9439);
#2822=VERTEX_POINT('',#9441);
#2823=VERTEX_POINT('',#9443);
#2824=VERTEX_POINT('',#9447);
#2825=VERTEX_POINT('',#9453);
#2826=VERTEX_POINT('',#9456);
#2827=VERTEX_POINT('',#9458);
#2828=VERTEX_POINT('',#9460);
#2829=VERTEX_POINT('',#9462);
#2830=VERTEX_POINT('',#9464);
#2831=VERTEX_POINT('',#9466);
#2832=VERTEX_POINT('',#9468);
#2833=VERTEX_POINT('',#9470);
#2834=VERTEX_POINT('',#9472);
#2835=VERTEX_POINT('',#9474);
#2836=VERTEX_POINT('',#9476);
#2837=VERTEX_POINT('',#9480);
#2838=VERTEX_POINT('',#9482);
#2839=VERTEX_POINT('',#9515);
#2840=VERTEX_POINT('',#9519);
#2841=VERTEX_POINT('',#9523);
#2842=VERTEX_POINT('',#9524);
#2843=VERTEX_POINT('',#9526);
#2844=VERTEX_POINT('',#9528);
#2845=VERTEX_POINT('',#9532);
#2846=VERTEX_POINT('',#9534);
#2847=VERTEX_POINT('',#9538);
#2848=VERTEX_POINT('',#9540);
#2849=VERTEX_POINT('',#9542);
#2850=VERTEX_POINT('',#9546);
#2851=VERTEX_POINT('',#9558);
#2852=VERTEX_POINT('',#9559);
#2853=VERTEX_POINT('',#9561);
#2854=VERTEX_POINT('',#9563);
#2855=VERTEX_POINT('',#9567);
#2856=VERTEX_POINT('',#9569);
#2857=VERTEX_POINT('',#9571);
#2858=VERTEX_POINT('',#9573);
#2859=VERTEX_POINT('',#9577);
#2860=VERTEX_POINT('',#9581);
#2861=VERTEX_POINT('',#9597);
#2862=VERTEX_POINT('',#9603);
#2863=VERTEX_POINT('',#9607);
#2864=VERTEX_POINT('',#9612);
#2865=VERTEX_POINT('',#9617);
#2866=VERTEX_POINT('',#9621);
#2867=VERTEX_POINT('',#9628);
#2868=VERTEX_POINT('',#9633);
#2869=VERTEX_POINT('',#9637);
#2870=VERTEX_POINT('',#9643);
#2871=VERTEX_POINT('',#9649);
#2872=VERTEX_POINT('',#9653);
#2873=VERTEX_POINT('',#9659);
#2874=VERTEX_POINT('',#9665);
#2875=VERTEX_POINT('',#9667);
#2876=VERTEX_POINT('',#9669);
#2877=VERTEX_POINT('',#9671);
#2878=VERTEX_POINT('',#9675);
#2879=VERTEX_POINT('',#9677);
#2880=VERTEX_POINT('',#9679);
#2881=VERTEX_POINT('',#9683);
#2882=VERTEX_POINT('',#9685);
#2883=VERTEX_POINT('',#9687);
#2884=VERTEX_POINT('',#9691);
#2885=VERTEX_POINT('',#9693);
#2886=VERTEX_POINT('',#9695);
#2887=VERTEX_POINT('',#9700);
#2888=VERTEX_POINT('',#9702);
#2889=VERTEX_POINT('',#9706);
#2890=VERTEX_POINT('',#9710);
#2891=VERTEX_POINT('',#9712);
#2892=VERTEX_POINT('',#9719);
#2893=VERTEX_POINT('',#9721);
#2894=VERTEX_POINT('',#9723);
#2895=VERTEX_POINT('',#9725);
#2896=VERTEX_POINT('',#9728);
#2897=VERTEX_POINT('',#9732);
#2898=VERTEX_POINT('',#9734);
#2899=VERTEX_POINT('',#9736);
#2900=VERTEX_POINT('',#9740);
#2901=VERTEX_POINT('',#9747);
#2902=VERTEX_POINT('',#9749);
#2903=VERTEX_POINT('',#9753);
#2904=VERTEX_POINT('',#9757);
#2905=VERTEX_POINT('',#9759);
#2906=VERTEX_POINT('',#9765);
#2907=VERTEX_POINT('',#9767);
#2908=VERTEX_POINT('',#9769);
#2909=VERTEX_POINT('',#9771);
#2910=VERTEX_POINT('',#9776);
#2911=VERTEX_POINT('',#9778);
#2912=VERTEX_POINT('',#9785);
#2913=VERTEX_POINT('',#9787);
#2914=VERTEX_POINT('',#9789);
#2915=VERTEX_POINT('',#9791);
#2916=VERTEX_POINT('',#9794);
#2917=VERTEX_POINT('',#9798);
#2918=VERTEX_POINT('',#9799);
#2919=VERTEX_POINT('',#9801);
#2920=VERTEX_POINT('',#9803);
#2921=VERTEX_POINT('',#9807);
#2922=VERTEX_POINT('',#9809);
#2923=VERTEX_POINT('',#9813);
#2924=VERTEX_POINT('',#9815);
#2925=VERTEX_POINT('',#9819);
#2926=VERTEX_POINT('',#9821);
#2927=VERTEX_POINT('',#9825);
#2928=VERTEX_POINT('',#9827);
#2929=VERTEX_POINT('',#9831);
#2930=VERTEX_POINT('',#9833);
#2931=VERTEX_POINT('',#9837);
#2932=VERTEX_POINT('',#9839);
#2933=VERTEX_POINT('',#9847);
#2934=VERTEX_POINT('',#9849);
#2935=VERTEX_POINT('',#9851);
#2936=VERTEX_POINT('',#9853);
#2937=VERTEX_POINT('',#9855);
#2938=VERTEX_POINT('',#9857);
#2939=VERTEX_POINT('',#9859);
#2940=VERTEX_POINT('',#9861);
#2941=VERTEX_POINT('',#9863);
#2942=VERTEX_POINT('',#9865);
#2943=VERTEX_POINT('',#9867);
#2944=VERTEX_POINT('',#9869);
#2945=VERTEX_POINT('',#9871);
#2946=VERTEX_POINT('',#9875);
#2947=VERTEX_POINT('',#9877);
#2948=VERTEX_POINT('',#9879);
#2949=VERTEX_POINT('',#9881);
#2950=VERTEX_POINT('',#9883);
#2951=VERTEX_POINT('',#9885);
#2952=VERTEX_POINT('',#9887);
#2953=VERTEX_POINT('',#9889);
#2954=VERTEX_POINT('',#9891);
#2955=VERTEX_POINT('',#9893);
#2956=VERTEX_POINT('',#9895);
#2957=VERTEX_POINT('',#9897);
#2958=VERTEX_POINT('',#9899);
#2959=VERTEX_POINT('',#9901);
#2960=VERTEX_POINT('',#9903);
#2961=VERTEX_POINT('',#9905);
#2962=VERTEX_POINT('',#9908);
#2963=VERTEX_POINT('',#9910);
#2964=VERTEX_POINT('',#9912);
#2965=VERTEX_POINT('',#9917);
#2966=VERTEX_POINT('',#9923);
#2967=VERTEX_POINT('',#9928);
#2968=VERTEX_POINT('',#9932);
#2969=VERTEX_POINT('',#9936);
#2970=VERTEX_POINT('',#9940);
#2971=VERTEX_POINT('',#9945);
#2972=VERTEX_POINT('',#9949);
#2973=VERTEX_POINT('',#9954);
#2974=VERTEX_POINT('',#9958);
#2975=VERTEX_POINT('',#9960);
#2976=VERTEX_POINT('',#9962);
#2977=VERTEX_POINT('',#9964);
#2978=VERTEX_POINT('',#9966);
#2979=VERTEX_POINT('',#9968);
#2980=VERTEX_POINT('',#9970);
#2981=VERTEX_POINT('',#9972);
#2982=VERTEX_POINT('',#9974);
#2983=VERTEX_POINT('',#9976);
#2984=VERTEX_POINT('',#9978);
#2985=VERTEX_POINT('',#9980);
#2986=VERTEX_POINT('',#9983);
#2987=VERTEX_POINT('',#9985);
#2988=VERTEX_POINT('',#9987);
#2989=VERTEX_POINT('',#9989);
#2990=VERTEX_POINT('',#9991);
#2991=VERTEX_POINT('',#9993);
#2992=VERTEX_POINT('',#9995);
#2993=VERTEX_POINT('',#9997);
#2994=VERTEX_POINT('',#9999);
#2995=VERTEX_POINT('',#10035);
#2996=VERTEX_POINT('',#10040);
#2997=VERTEX_POINT('',#10046);
#2998=VERTEX_POINT('',#10051);
#2999=VERTEX_POINT('',#10059);
#3000=VERTEX_POINT('',#10061);
#3001=VERTEX_POINT('',#10065);
#3002=VERTEX_POINT('',#10067);
#3003=VERTEX_POINT('',#10071);
#3004=VERTEX_POINT('',#10072);
#3005=VERTEX_POINT('',#10074);
#3006=VERTEX_POINT('',#10076);
#3007=VERTEX_POINT('',#10080);
#3008=VERTEX_POINT('',#10081);
#3009=VERTEX_POINT('',#10083);
#3010=VERTEX_POINT('',#10085);
#3011=VERTEX_POINT('',#10092);
#3012=VERTEX_POINT('',#10094);
#3013=VERTEX_POINT('',#10098);
#3014=VERTEX_POINT('',#10099);
#3015=VERTEX_POINT('',#10102);
#3016=VERTEX_POINT('',#10106);
#3017=VERTEX_POINT('',#10108);
#3018=VERTEX_POINT('',#10112);
#3019=VERTEX_POINT('',#10120);
#3020=VERTEX_POINT('',#10123);
#3021=VERTEX_POINT('',#10125);
#3022=VERTEX_POINT('',#10127);
#3023=VERTEX_POINT('',#10129);
#3024=VERTEX_POINT('',#10131);
#3025=VERTEX_POINT('',#10133);
#3026=VERTEX_POINT('',#10135);
#3027=VERTEX_POINT('',#10138);
#3028=VERTEX_POINT('',#10141);
#3029=VERTEX_POINT('',#10143);
#3030=VERTEX_POINT('',#10145);
#3031=VERTEX_POINT('',#10147);
#3032=VERTEX_POINT('',#10149);
#3033=VERTEX_POINT('',#10153);
#3034=VERTEX_POINT('',#10154);
#3035=VERTEX_POINT('',#10156);
#3036=VERTEX_POINT('',#10158);
#3037=VERTEX_POINT('',#10162);
#3038=VERTEX_POINT('',#10163);
#3039=VERTEX_POINT('',#10165);
#3040=VERTEX_POINT('',#10167);
#3041=VERTEX_POINT('',#10174);
#3042=VERTEX_POINT('',#10176);
#3043=VERTEX_POINT('',#10182);
#3044=VERTEX_POINT('',#10186);
#3045=VERTEX_POINT('',#10195);
#3046=VERTEX_POINT('',#10196);
#3047=VERTEX_POINT('',#10198);
#3048=VERTEX_POINT('',#10200);
#3049=VERTEX_POINT('',#10204);
#3050=VERTEX_POINT('',#10205);
#3051=VERTEX_POINT('',#10207);
#3052=VERTEX_POINT('',#10209);
#3053=VERTEX_POINT('',#10216);
#3054=VERTEX_POINT('',#10218);
#3055=VERTEX_POINT('',#10222);
#3056=VERTEX_POINT('',#10223);
#3057=VERTEX_POINT('',#10226);
#3058=VERTEX_POINT('',#10230);
#3059=VERTEX_POINT('',#10232);
#3060=VERTEX_POINT('',#10236);
#3061=VERTEX_POINT('',#10244);
#3062=VERTEX_POINT('',#10245);
#3063=VERTEX_POINT('',#10247);
#3064=VERTEX_POINT('',#10249);
#3065=VERTEX_POINT('',#10253);
#3066=VERTEX_POINT('',#10254);
#3067=VERTEX_POINT('',#10256);
#3068=VERTEX_POINT('',#10258);
#3069=VERTEX_POINT('',#10265);
#3070=VERTEX_POINT('',#10267);
#3071=VERTEX_POINT('',#10271);
#3072=VERTEX_POINT('',#10272);
#3073=VERTEX_POINT('',#10275);
#3074=VERTEX_POINT('',#10279);
#3075=VERTEX_POINT('',#10281);
#3076=VERTEX_POINT('',#10285);
#3077=VERTEX_POINT('',#10293);
#3078=VERTEX_POINT('',#10297);
#3079=VERTEX_POINT('',#10299);
#3080=VERTEX_POINT('',#10301);
#3081=VERTEX_POINT('',#10305);
#3082=VERTEX_POINT('',#10307);
#3083=VERTEX_POINT('',#10311);
#3084=VERTEX_POINT('',#10313);
#3085=VERTEX_POINT('',#10319);
#3086=VERTEX_POINT('',#10323);
#3087=VERTEX_POINT('',#10325);
#3088=VERTEX_POINT('',#10327);
#3089=VERTEX_POINT('',#10335);
#3090=VERTEX_POINT('',#10337);
#3091=VERTEX_POINT('',#10346);
#3092=VERTEX_POINT('',#10348);
#3093=VERTEX_POINT('',#10353);
#3094=VERTEX_POINT('',#10356);
#3095=VERTEX_POINT('',#10358);
#3096=VERTEX_POINT('',#10361);
#3097=VERTEX_POINT('',#10373);
#3098=VERTEX_POINT('',#10381);
#3099=VERTEX_POINT('',#10385);
#3100=VERTEX_POINT('',#10387);
#3101=VERTEX_POINT('',#10389);
#3102=VERTEX_POINT('',#10391);
#3103=VERTEX_POINT('',#10394);
#3104=VERTEX_POINT('',#10396);
#3105=VERTEX_POINT('',#10398);
#3106=VERTEX_POINT('',#10400);
#3107=VERTEX_POINT('',#10402);
#3108=VERTEX_POINT('',#10404);
#3109=VERTEX_POINT('',#10406);
#3110=VERTEX_POINT('',#10409);
#3111=VERTEX_POINT('',#10411);
#3112=VERTEX_POINT('',#10413);
#3113=VERTEX_POINT('',#10417);
#3114=VERTEX_POINT('',#10421);
#3115=VERTEX_POINT('',#10423);
#3116=VERTEX_POINT('',#10425);
#3117=VERTEX_POINT('',#10444);
#3118=VERTEX_POINT('',#10448);
#3119=VERTEX_POINT('',#10469);
#3120=VERTEX_POINT('',#10475);
#3121=VERTEX_POINT('',#10479);
#3122=VERTEX_POINT('',#10480);
#3123=VERTEX_POINT('',#10485);
#3124=VERTEX_POINT('',#10491);
#3125=VERTEX_POINT('',#10495);
#3126=VERTEX_POINT('',#10499);
#3127=VERTEX_POINT('',#10505);
#3128=EDGE_CURVE('',#2534,#2535,#900,.T.);
#3129=EDGE_CURVE('',#2536,#2534,#901,.T.);
#3130=EDGE_CURVE('',#2537,#2536,#902,.T.);
#3131=EDGE_CURVE('',#2535,#2537,#903,.T.);
#3132=EDGE_CURVE('',#2538,#2537,#904,.T.);
#3133=EDGE_CURVE('',#2539,#2538,#905,.T.);
#3134=EDGE_CURVE('',#2535,#2539,#906,.T.);
#3135=EDGE_CURVE('',#2536,#2540,#907,.T.);
#3136=EDGE_CURVE('',#2538,#2540,#908,.T.);
#3137=EDGE_CURVE('',#2541,#2542,#909,.T.);
#3138=EDGE_CURVE('',#2543,#2541,#910,.T.);
#3139=EDGE_CURVE('',#2543,#2544,#911,.T.);
#3140=EDGE_CURVE('',#2542,#2544,#912,.T.);
#3141=EDGE_CURVE('',#2545,#2542,#913,.T.);
#3142=EDGE_CURVE('',#2544,#2546,#914,.T.);
#3143=EDGE_CURVE('',#2547,#2546,#915,.T.);
#3144=EDGE_CURVE('',#2545,#2547,#78,.T.);
#3145=EDGE_CURVE('',#2548,#2549,#916,.T.);
#3146=EDGE_CURVE('',#2550,#2548,#79,.T.);
#3147=EDGE_CURVE('',#2551,#2550,#917,.T.);
#3148=EDGE_CURVE('',#2551,#2552,#918,.T.);
#3149=EDGE_CURVE('',#2552,#2549,#919,.T.);
#3150=EDGE_CURVE('',#2553,#2554,#920,.T.);
#3151=EDGE_CURVE('',#2553,#2555,#921,.T.);
#3152=EDGE_CURVE('',#2555,#2556,#922,.T.);
#3153=EDGE_CURVE('',#2556,#2534,#923,.T.);
#3154=EDGE_CURVE('',#2539,#2543,#924,.T.);
#3155=EDGE_CURVE('',#2557,#2541,#925,.T.);
#3156=EDGE_CURVE('',#2557,#2558,#80,.T.);
#3157=EDGE_CURVE('',#2558,#2559,#926,.T.);
#3158=EDGE_CURVE('',#2559,#2560,#927,.T.);
#3159=EDGE_CURVE('',#2560,#2561,#928,.T.);
#3160=EDGE_CURVE('',#2561,#2554,#81,.T.);
#3161=EDGE_CURVE('',#2540,#2556,#929,.T.);
#3162=EDGE_CURVE('',#2555,#2552,#930,.T.);
#3163=EDGE_CURVE('',#2551,#2562,#931,.T.);
#3164=EDGE_CURVE('',#2563,#2562,#932,.T.);
#3165=EDGE_CURVE('',#2546,#2563,#933,.T.);
#3166=EDGE_CURVE('',#2549,#2553,#934,.T.);
#3167=EDGE_CURVE('',#2562,#2564,#935,.T.);
#3168=EDGE_CURVE('',#2564,#2565,#936,.T.);
#3169=EDGE_CURVE('',#2565,#2563,#937,.T.);
#3170=EDGE_CURVE('',#2554,#2548,#938,.T.);
#3171=EDGE_CURVE('',#2550,#2561,#939,.T.);
#3172=EDGE_CURVE('',#2564,#2560,#940,.T.);
#3173=EDGE_CURVE('',#2565,#2559,#941,.T.);
#3174=EDGE_CURVE('',#2547,#2558,#942,.T.);
#3175=EDGE_CURVE('',#2557,#2545,#943,.T.);
#3176=EDGE_CURVE('',#2566,#2548,#944,.T.);
#3177=EDGE_CURVE('',#2566,#2567,#945,.T.);
#3178=EDGE_CURVE('',#2554,#2567,#946,.T.);
#3179=EDGE_CURVE('',#2568,#2557,#947,.T.);
#3180=EDGE_CURVE('',#2569,#2568,#948,.T.);
#3181=EDGE_CURVE('',#2569,#2545,#949,.T.);
#3182=EDGE_CURVE('',#2542,#2570,#950,.T.);
#3183=EDGE_CURVE('',#2571,#2570,#951,.T.);
#3184=EDGE_CURVE('',#2572,#2571,#952,.T.);
#3185=EDGE_CURVE('',#2573,#2572,#953,.T.);
#3186=EDGE_CURVE('',#2549,#2573,#954,.T.);
#3187=EDGE_CURVE('',#2574,#2553,#955,.T.);
#3188=EDGE_CURVE('',#2575,#2574,#956,.T.);
#3189=EDGE_CURVE('',#2576,#2575,#957,.T.);
#3190=EDGE_CURVE('',#2577,#2576,#958,.T.);
#3191=EDGE_CURVE('',#2541,#2577,#959,.T.);
#3192=EDGE_CURVE('',#2578,#2579,#960,.T.);
#3193=EDGE_CURVE('',#2578,#2580,#961,.T.);
#3194=EDGE_CURVE('',#2580,#2581,#962,.T.);
#3195=EDGE_CURVE('',#2581,#2582,#963,.T.);
#3196=EDGE_CURVE('',#2582,#2583,#964,.T.);
#3197=EDGE_CURVE('',#2584,#2583,#965,.T.);
#3198=EDGE_CURVE('',#2584,#2585,#966,.T.);
#3199=EDGE_CURVE('',#2585,#2579,#967,.T.);
#3200=EDGE_CURVE('',#2586,#2584,#968,.T.);
#3201=EDGE_CURVE('',#2587,#2586,#969,.T.);
#3202=EDGE_CURVE('',#2585,#2587,#970,.T.);
#3203=EDGE_CURVE('',#2588,#2578,#971,.T.);
#3204=EDGE_CURVE('',#2589,#2588,#972,.T.);
#3205=EDGE_CURVE('',#2580,#2589,#973,.T.);
#3206=EDGE_CURVE('',#2590,#2591,#974,.T.);
#3207=EDGE_CURVE('',#2592,#2590,#975,.T.);
#3208=EDGE_CURVE('',#2591,#2592,#976,.T.);
#3209=EDGE_CURVE('',#2593,#2594,#977,.T.);
#3210=EDGE_CURVE('',#2595,#2593,#978,.T.);
#3211=EDGE_CURVE('',#2596,#2595,#979,.T.);
#3212=EDGE_CURVE('',#2597,#2596,#980,.T.);
#3213=EDGE_CURVE('',#2594,#2597,#981,.T.);
#3214=EDGE_CURVE('',#2598,#2599,#982,.T.);
#3215=EDGE_CURVE('',#2600,#2598,#983,.T.);
#3216=EDGE_CURVE('',#2601,#2600,#984,.T.);
#3217=EDGE_CURVE('',#2602,#2601,#985,.T.);
#3218=EDGE_CURVE('',#2603,#2602,#986,.T.);
#3219=EDGE_CURVE('',#2603,#2599,#987,.T.);
#3220=EDGE_CURVE('',#2604,#2605,#988,.T.);
#3221=EDGE_CURVE('',#2606,#2604,#989,.T.);
#3222=EDGE_CURVE('',#2607,#2606,#990,.T.);
#3223=EDGE_CURVE('',#2605,#2607,#991,.T.);
#3224=EDGE_CURVE('',#2594,#2608,#992,.T.);
#3225=EDGE_CURVE('',#2597,#2609,#993,.T.);
#3226=EDGE_CURVE('',#2609,#2610,#994,.T.);
#3227=EDGE_CURVE('',#2610,#2611,#995,.T.);
#3228=EDGE_CURVE('',#2605,#2611,#996,.T.);
#3229=EDGE_CURVE('',#2607,#2608,#997,.T.);
#3230=EDGE_CURVE('',#2612,#2595,#998,.T.);
#3231=EDGE_CURVE('',#2612,#2613,#999,.T.);
#3232=EDGE_CURVE('',#2595,#2613,#1000,.T.);
#3233=EDGE_CURVE('',#2614,#2615,#1001,.T.);
#3234=EDGE_CURVE('',#2616,#2614,#1002,.T.);
#3235=EDGE_CURVE('',#2617,#2616,#1003,.T.);
#3236=EDGE_CURVE('',#2615,#2617,#1004,.T.);
#3237=EDGE_CURVE('',#2615,#2618,#1005,.T.);
#3238=EDGE_CURVE('',#2617,#2619,#1006,.T.);
#3239=EDGE_CURVE('',#2619,#2620,#1007,.T.);
#3240=EDGE_CURVE('',#2620,#2621,#1008,.T.);
#3241=EDGE_CURVE('',#2622,#2621,#1009,.T.);
#3242=EDGE_CURVE('',#2622,#2623,#1010,.T.);
#3243=EDGE_CURVE('',#2623,#2618,#1011,.T.);
#3244=EDGE_CURVE('',#2624,#2622,#1012,.T.);
#3245=EDGE_CURVE('',#2625,#2624,#1013,.T.);
#3246=EDGE_CURVE('',#2623,#2625,#1014,.T.);
#3247=EDGE_CURVE('',#2626,#2627,#1015,.T.);
#3248=EDGE_CURVE('',#2628,#2626,#1016,.T.);
#3249=EDGE_CURVE('',#2627,#2628,#1017,.T.);
#3250=EDGE_CURVE('',#2629,#2630,#1018,.T.);
#3251=EDGE_CURVE('',#2631,#2629,#1019,.T.);
#3252=EDGE_CURVE('',#2632,#2631,#1020,.T.);
#3253=EDGE_CURVE('',#2630,#2632,#1021,.T.);
#3254=EDGE_CURVE('',#2633,#2634,#1022,.T.);
#3255=EDGE_CURVE('',#2635,#2633,#1023,.T.);
#3256=EDGE_CURVE('',#2636,#2635,#1024,.T.);
#3257=EDGE_CURVE('',#2637,#2636,#1025,.T.);
#3258=EDGE_CURVE('',#2634,#2637,#1026,.T.);
#3259=EDGE_CURVE('',#2638,#2635,#1027,.T.);
#3260=EDGE_CURVE('',#2638,#2639,#1028,.T.);
#3261=EDGE_CURVE('',#2635,#2639,#1029,.T.);
#3262=EDGE_CURVE('',#2640,#2641,#1030,.T.);
#3263=EDGE_CURVE('',#2640,#2642,#1031,.T.);
#3264=EDGE_CURVE('',#2643,#2642,#82,.T.);
#3265=EDGE_CURVE('',#2643,#2644,#1032,.T.);
#3266=EDGE_CURVE('',#2645,#2644,#83,.T.);
#3267=EDGE_CURVE('',#2646,#2645,#84,.T.);
#3268=EDGE_CURVE('',#2646,#2647,#1033,.T.);
#3269=EDGE_CURVE('',#2648,#2647,#85,.T.);
#3270=EDGE_CURVE('',#2649,#2648,#86,.T.);
#3271=EDGE_CURVE('',#2649,#2650,#1034,.T.);
#3272=EDGE_CURVE('',#2651,#2650,#87,.T.);
#3273=EDGE_CURVE('',#2651,#2652,#1035,.T.);
#3274=EDGE_CURVE('',#2653,#2652,#1036,.T.);
#3275=EDGE_CURVE('',#2654,#2653,#1037,.T.);
#3276=EDGE_CURVE('',#2655,#2654,#1038,.T.);
#3277=EDGE_CURVE('',#2655,#2656,#1039,.T.);
#3278=EDGE_CURVE('',#2657,#2656,#1040,.T.);
#3279=EDGE_CURVE('',#2641,#2657,#1041,.T.);
#3280=EDGE_CURVE('',#2658,#2659,#1042,.T.);
#3281=EDGE_CURVE('',#2659,#2660,#1043,.T.);
#3282=EDGE_CURVE('',#2660,#2661,#1044,.T.);
#3283=EDGE_CURVE('',#2658,#2661,#1045,.T.);
#3284=EDGE_CURVE('',#2662,#2663,#1046,.T.);
#3285=EDGE_CURVE('',#2663,#2662,#18,.T.);
#3286=EDGE_CURVE('',#2664,#2665,#88,.T.);
#3287=EDGE_CURVE('',#2665,#2666,#1047,.T.);
#3288=EDGE_CURVE('',#2666,#2667,#89,.T.);
#3289=EDGE_CURVE('',#2667,#2664,#1048,.T.);
#3290=EDGE_CURVE('',#2665,#2668,#1049,.T.);
#3291=EDGE_CURVE('',#2669,#2668,#90,.T.);
#3292=EDGE_CURVE('',#2669,#2670,#1050,.T.);
#3293=EDGE_CURVE('',#2670,#2666,#1051,.T.);
#3294=EDGE_CURVE('',#2671,#2672,#91,.T.);
#3295=EDGE_CURVE('',#2672,#2673,#1052,.T.);
#3296=EDGE_CURVE('',#2673,#2674,#92,.T.);
#3297=EDGE_CURVE('',#2674,#2671,#1053,.T.);
#3298=EDGE_CURVE('',#2672,#2675,#1054,.T.);
#3299=EDGE_CURVE('',#2675,#2676,#1055,.T.);
#3300=EDGE_CURVE('',#2677,#2676,#93,.T.);
#3301=EDGE_CURVE('',#2677,#2673,#1056,.T.);
#3302=EDGE_CURVE('',#2678,#2658,#1057,.T.);
#3303=EDGE_CURVE('',#2679,#2678,#1058,.T.);
#3304=EDGE_CURVE('',#2676,#2679,#19,.T.);
#3305=EDGE_CURVE('',#2659,#2675,#1059,.T.);
#3306=EDGE_CURVE('',#2661,#2680,#1060,.T.);
#3307=EDGE_CURVE('',#2678,#2680,#1061,.T.);
#3308=EDGE_CURVE('',#2681,#2682,#1062,.T.);
#3309=EDGE_CURVE('',#2681,#2683,#1063,.T.);
#3310=EDGE_CURVE('',#2683,#2684,#94,.T.);
#3311=EDGE_CURVE('',#2685,#2684,#1064,.T.);
#3312=EDGE_CURVE('',#2685,#2686,#1065,.T.);
#3313=EDGE_CURVE('',#2686,#2687,#1066,.T.);
#3314=EDGE_CURVE('',#2687,#2688,#95,.T.);
#3315=EDGE_CURVE('',#2688,#2689,#1067,.T.);
#3316=EDGE_CURVE('',#2690,#2689,#1068,.T.);
#3317=EDGE_CURVE('',#2691,#2690,#1069,.T.);
#3318=EDGE_CURVE('',#2692,#2691,#1070,.T.);
#3319=EDGE_CURVE('',#2692,#2693,#1071,.T.);
#3320=EDGE_CURVE('',#2694,#2693,#1072,.T.);
#3321=EDGE_CURVE('',#2694,#2695,#1073,.T.);
#3322=EDGE_CURVE('',#2695,#2696,#1074,.T.);
#3323=EDGE_CURVE('',#2696,#2697,#1075,.T.);
#3324=EDGE_CURVE('',#2697,#2698,#1076,.T.);
#3325=EDGE_CURVE('',#2698,#2699,#1077,.T.);
#3326=EDGE_CURVE('',#2699,#2700,#1078,.T.);
#3327=EDGE_CURVE('',#2700,#2602,#1079,.T.);
#3328=EDGE_CURVE('',#2701,#2601,#1080,.T.);
#3329=EDGE_CURVE('',#2702,#2701,#1081,.T.);
#3330=EDGE_CURVE('',#2703,#2702,#1082,.T.);
#3331=EDGE_CURVE('',#2704,#2703,#1083,.T.);
#3332=EDGE_CURVE('',#2704,#2705,#1084,.T.);
#3333=EDGE_CURVE('',#2705,#2706,#96,.T.);
#3334=EDGE_CURVE('',#2706,#2707,#1085,.T.);
#3335=EDGE_CURVE('',#2708,#2707,#1086,.T.);
#3336=EDGE_CURVE('',#2708,#2709,#1087,.T.);
#3337=EDGE_CURVE('',#2709,#2710,#97,.T.);
#3338=EDGE_CURVE('',#2710,#2711,#1088,.T.);
#3339=EDGE_CURVE('',#2712,#2711,#1089,.T.);
#3340=EDGE_CURVE('',#2713,#2712,#1090,.T.);
#3341=EDGE_CURVE('',#2714,#2713,#1091,.T.);
#3342=EDGE_CURVE('',#2656,#2714,#1092,.T.);
#3343=EDGE_CURVE('',#2715,#2655,#1093,.T.);
#3344=EDGE_CURVE('',#2716,#2715,#1094,.T.);
#3345=EDGE_CURVE('',#2682,#2716,#1095,.T.);
#3346=EDGE_CURVE('',#2671,#2717,#1096,.T.);
#3347=EDGE_CURVE('',#2717,#2718,#98,.T.);
#3348=EDGE_CURVE('',#2718,#2719,#1097,.T.);
#3349=EDGE_CURVE('',#2719,#2720,#99,.T.);
#3350=EDGE_CURVE('',#2720,#2721,#1098,.T.);
#3351=EDGE_CURVE('',#2721,#2722,#100,.T.);
#3352=EDGE_CURVE('',#2722,#2723,#1099,.T.);
#3353=EDGE_CURVE('',#2723,#2724,#1100,.T.);
#3354=EDGE_CURVE('',#2724,#2725,#1101,.T.);
#3355=EDGE_CURVE('',#2725,#2726,#101,.T.);
#3356=EDGE_CURVE('',#2726,#2727,#1102,.T.);
#3357=EDGE_CURVE('',#2727,#2728,#102,.T.);
#3358=EDGE_CURVE('',#2728,#2729,#1103,.T.);
#3359=EDGE_CURVE('',#2729,#2730,#103,.T.);
#3360=EDGE_CURVE('',#2730,#2667,#1104,.T.);
#3361=EDGE_CURVE('',#2670,#2660,#1105,.T.);
#3362=EDGE_CURVE('',#2731,#2669,#20,.T.);
#3363=EDGE_CURVE('',#2680,#2731,#1106,.T.);
#3364=EDGE_CURVE('',#2679,#2731,#1107,.T.);
#3365=EDGE_CURVE('',#2668,#2677,#1108,.T.);
#3366=EDGE_CURVE('',#2732,#2674,#1109,.T.);
#3367=EDGE_CURVE('',#2732,#2717,#1110,.T.);
#3368=EDGE_CURVE('',#2733,#2730,#1111,.T.);
#3369=EDGE_CURVE('',#2664,#2733,#1112,.T.);
#3370=EDGE_CURVE('',#2734,#2732,#104,.T.);
#3371=EDGE_CURVE('',#2734,#2718,#1113,.T.);
#3372=EDGE_CURVE('',#2735,#2734,#1114,.T.);
#3373=EDGE_CURVE('',#2735,#2719,#1115,.T.);
#3374=EDGE_CURVE('',#2736,#2735,#105,.T.);
#3375=EDGE_CURVE('',#2736,#2720,#1116,.T.);
#3376=EDGE_CURVE('',#2737,#2736,#1117,.T.);
#3377=EDGE_CURVE('',#2737,#2721,#1118,.T.);
#3378=EDGE_CURVE('',#2738,#2737,#106,.T.);
#3379=EDGE_CURVE('',#2738,#2722,#1119,.T.);
#3380=EDGE_CURVE('',#2739,#2738,#1120,.T.);
#3381=EDGE_CURVE('',#2739,#2723,#1121,.T.);
#3382=EDGE_CURVE('',#2740,#2739,#1122,.T.);
#3383=EDGE_CURVE('',#2740,#2724,#1123,.T.);
#3384=EDGE_CURVE('',#2741,#2740,#1124,.T.);
#3385=EDGE_CURVE('',#2741,#2725,#1125,.T.);
#3386=EDGE_CURVE('',#2742,#2741,#107,.T.);
#3387=EDGE_CURVE('',#2742,#2726,#1126,.T.);
#3388=EDGE_CURVE('',#2743,#2742,#1127,.T.);
#3389=EDGE_CURVE('',#2743,#2727,#1128,.T.);
#3390=EDGE_CURVE('',#2744,#2743,#108,.T.);
#3391=EDGE_CURVE('',#2744,#2728,#1129,.T.);
#3392=EDGE_CURVE('',#2745,#2744,#1130,.T.);
#3393=EDGE_CURVE('',#2745,#2729,#1131,.T.);
#3394=EDGE_CURVE('',#2733,#2745,#109,.T.);
#3395=EDGE_CURVE('',#2618,#2746,#1132,.T.);
#3396=EDGE_CURVE('',#2746,#2625,#1133,.T.);
#3397=EDGE_CURVE('',#2621,#2747,#1134,.T.);
#3398=EDGE_CURVE('',#2620,#2748,#1135,.T.);
#3399=EDGE_CURVE('',#2748,#2626,#1136,.T.);
#3400=EDGE_CURVE('',#2747,#2626,#1137,.T.);
#3401=EDGE_CURVE('',#2749,#2750,#1138,.T.);
#3402=EDGE_CURVE('',#2632,#2749,#1139,.T.);
#3403=EDGE_CURVE('',#2750,#2631,#1140,.T.);
#3404=EDGE_CURVE('',#2751,#2752,#1141,.T.);
#3405=EDGE_CURVE('',#2753,#2751,#1142,.T.);
#3406=EDGE_CURVE('',#2753,#2754,#1143,.T.);
#3407=EDGE_CURVE('',#2752,#2754,#1144,.T.);
#3408=EDGE_CURVE('',#2627,#2616,#1145,.T.);
#3409=EDGE_CURVE('',#2628,#2755,#1146,.T.);
#3410=EDGE_CURVE('',#2755,#2619,#1147,.T.);
#3411=EDGE_CURVE('',#2630,#2751,#1148,.T.);
#3412=EDGE_CURVE('',#2634,#2749,#1149,.T.);
#3413=EDGE_CURVE('',#2637,#2756,#1150,.T.);
#3414=EDGE_CURVE('',#2756,#2753,#1151,.T.);
#3415=EDGE_CURVE('',#2757,#2756,#1152,.T.);
#3416=EDGE_CURVE('',#2757,#2639,#1153,.T.);
#3417=EDGE_CURVE('',#2754,#2638,#1154,.T.);
#3418=EDGE_CURVE('',#2639,#2758,#1155,.T.);
#3419=EDGE_CURVE('',#2758,#2759,#110,.T.);
#3420=EDGE_CURVE('',#2715,#2759,#1156,.T.);
#3421=EDGE_CURVE('',#2635,#2653,#1157,.T.);
#3422=EDGE_CURVE('',#2579,#2760,#1158,.T.);
#3423=EDGE_CURVE('',#2760,#2587,#1159,.T.);
#3424=EDGE_CURVE('',#2583,#2761,#1160,.T.);
#3425=EDGE_CURVE('',#2582,#2762,#1161,.T.);
#3426=EDGE_CURVE('',#2762,#2590,#1162,.T.);
#3427=EDGE_CURVE('',#2761,#2590,#1163,.T.);
#3428=EDGE_CURVE('',#2763,#2581,#1164,.T.);
#3429=EDGE_CURVE('',#2764,#2763,#1165,.T.);
#3430=EDGE_CURVE('',#2765,#2764,#1166,.T.);
#3431=EDGE_CURVE('',#2762,#2765,#1167,.T.);
#3432=EDGE_CURVE('',#2591,#2589,#1168,.T.);
#3433=EDGE_CURVE('',#2763,#2592,#1169,.T.);
#3434=EDGE_CURVE('',#2766,#2767,#111,.T.);
#3435=EDGE_CURVE('',#2767,#2768,#1170,.T.);
#3436=EDGE_CURVE('',#2769,#2768,#112,.T.);
#3437=EDGE_CURVE('',#2769,#2766,#1171,.T.);
#3438=EDGE_CURVE('',#2767,#2770,#1172,.T.);
#3439=EDGE_CURVE('',#2770,#2609,#1173,.T.);
#3440=EDGE_CURVE('',#2768,#2596,#1174,.T.);
#3441=EDGE_CURVE('',#2599,#2769,#1175,.T.);
#3442=EDGE_CURVE('',#2771,#2603,#1176,.T.);
#3443=EDGE_CURVE('',#2766,#2771,#1177,.T.);
#3444=EDGE_CURVE('',#2772,#2771,#1178,.T.);
#3445=EDGE_CURVE('',#2613,#2772,#1179,.T.);
#3446=EDGE_CURVE('',#2770,#2613,#1180,.T.);
#3447=EDGE_CURVE('',#2773,#2772,#113,.T.);
#3448=EDGE_CURVE('',#2771,#2774,#114,.T.);
#3449=EDGE_CURVE('',#2774,#2773,#1181,.T.);
#3450=EDGE_CURVE('',#2775,#2700,#1182,.T.);
#3451=EDGE_CURVE('',#2775,#2774,#1183,.T.);
#3452=EDGE_CURVE('',#2765,#2776,#115,.T.);
#3453=EDGE_CURVE('',#2764,#2777,#116,.T.);
#3454=EDGE_CURVE('',#2777,#2776,#1184,.T.);
#3455=EDGE_CURVE('',#2778,#2779,#1185,.T.);
#3456=EDGE_CURVE('',#2778,#2780,#1186,.T.);
#3457=EDGE_CURVE('',#2780,#2694,#1187,.T.);
#3458=EDGE_CURVE('',#2693,#2781,#1188,.T.);
#3459=EDGE_CURVE('',#2779,#2781,#1189,.T.);
#3460=EDGE_CURVE('',#2782,#2777,#1190,.T.);
#3461=EDGE_CURVE('',#2780,#2782,#1191,.T.);
#3462=EDGE_CURVE('',#2776,#2778,#1192,.T.);
#3463=EDGE_CURVE('',#2783,#2782,#117,.T.);
#3464=EDGE_CURVE('',#2784,#2783,#1193,.T.);
#3465=EDGE_CURVE('',#2784,#2695,#1194,.T.);
#3466=EDGE_CURVE('',#2785,#2786,#118,.T.);
#3467=EDGE_CURVE('',#2786,#2783,#1195,.T.);
#3468=EDGE_CURVE('',#2782,#2785,#1196,.T.);
#3469=EDGE_CURVE('',#2775,#2787,#1197,.T.);
#3470=EDGE_CURVE('',#2787,#2788,#1198,.T.);
#3471=EDGE_CURVE('',#2788,#2789,#1199,.T.);
#3472=EDGE_CURVE('',#2789,#2790,#1200,.T.);
#3473=EDGE_CURVE('',#2790,#2784,#1201,.T.);
#3474=EDGE_CURVE('',#2786,#2791,#1202,.T.);
#3475=EDGE_CURVE('',#2791,#2792,#1203,.T.);
#3476=EDGE_CURVE('',#2792,#2793,#1204,.T.);
#3477=EDGE_CURVE('',#2793,#2794,#119,.T.);
#3478=EDGE_CURVE('',#2794,#2795,#1205,.T.);
#3479=EDGE_CURVE('',#2795,#2796,#120,.T.);
#3480=EDGE_CURVE('',#2797,#2796,#1206,.T.);
#3481=EDGE_CURVE('',#2797,#2798,#121,.T.);
#3482=EDGE_CURVE('',#2798,#2799,#1207,.T.);
#3483=EDGE_CURVE('',#2799,#2800,#122,.T.);
#3484=EDGE_CURVE('',#2800,#2801,#1208,.T.);
#3485=EDGE_CURVE('',#2801,#2802,#1209,.T.);
#3486=EDGE_CURVE('',#2802,#2759,#1210,.T.);
#3487=EDGE_CURVE('',#2759,#2803,#1211,.T.);
#3488=EDGE_CURVE('',#2803,#2804,#1212,.T.);
#3489=EDGE_CURVE('',#2804,#2805,#1213,.T.);
#3490=EDGE_CURVE('',#2805,#2806,#1214,.T.);
#3491=EDGE_CURVE('',#2806,#2807,#123,.T.);
#3492=EDGE_CURVE('',#2807,#2808,#1215,.T.);
#3493=EDGE_CURVE('',#2808,#2809,#124,.T.);
#3494=EDGE_CURVE('',#2810,#2809,#1216,.T.);
#3495=EDGE_CURVE('',#2810,#2811,#125,.T.);
#3496=EDGE_CURVE('',#2811,#2812,#1217,.T.);
#3497=EDGE_CURVE('',#2812,#2813,#126,.T.);
#3498=EDGE_CURVE('',#2813,#2814,#1218,.T.);
#3499=EDGE_CURVE('',#2814,#2815,#1219,.T.);
#3500=EDGE_CURVE('',#2815,#2773,#1220,.T.);
#3501=EDGE_CURVE('',#2608,#2816,#1221,.T.);
#3502=EDGE_CURVE('',#2816,#2606,#1222,.T.);
#3503=EDGE_CURVE('',#2611,#2817,#1223,.T.);
#3504=EDGE_CURVE('',#2610,#2818,#1224,.T.);
#3505=EDGE_CURVE('',#2817,#2818,#1225,.T.);
#3506=EDGE_CURVE('',#2818,#2612,#1226,.T.);
#3507=EDGE_CURVE('',#2590,#2779,#1227,.T.);
#3508=EDGE_CURVE('',#2786,#2692,#1228,.T.);
#3509=EDGE_CURVE('',#2592,#2785,#1229,.T.);
#3510=EDGE_CURVE('',#2701,#2773,#1230,.T.);
#3511=EDGE_CURVE('',#2595,#2598,#1231,.T.);
#3512=EDGE_CURVE('',#2789,#2697,#1232,.T.);
#3513=EDGE_CURVE('',#2790,#2696,#1233,.T.);
#3514=EDGE_CURVE('',#2699,#2787,#1234,.T.);
#3515=EDGE_CURVE('',#2788,#2698,#1235,.T.);
#3516=EDGE_CURVE('',#2819,#2691,#1236,.T.);
#3517=EDGE_CURVE('',#2819,#2791,#1237,.T.);
#3518=EDGE_CURVE('',#2820,#2821,#127,.T.);
#3519=EDGE_CURVE('',#2820,#2822,#1238,.T.);
#3520=EDGE_CURVE('',#2822,#2823,#128,.T.);
#3521=EDGE_CURVE('',#2823,#2821,#1239,.T.);
#3522=EDGE_CURVE('',#2824,#2823,#1240,.T.);
#3523=EDGE_CURVE('',#2642,#2824,#1241,.T.);
#3524=EDGE_CURVE('',#2821,#2640,#1242,.T.);
#3525=EDGE_CURVE('',#2822,#2755,#1243,.T.);
#3526=EDGE_CURVE('',#2825,#2628,#1244,.T.);
#3527=EDGE_CURVE('',#2758,#2825,#1245,.T.);
#3528=EDGE_CURVE('',#2757,#2826,#1246,.T.);
#3529=EDGE_CURVE('',#2827,#2826,#129,.T.);
#3530=EDGE_CURVE('',#2827,#2828,#1247,.T.);
#3531=EDGE_CURVE('',#2829,#2828,#130,.T.);
#3532=EDGE_CURVE('',#2829,#2830,#1248,.T.);
#3533=EDGE_CURVE('',#2831,#2830,#131,.T.);
#3534=EDGE_CURVE('',#2832,#2831,#132,.T.);
#3535=EDGE_CURVE('',#2832,#2833,#1249,.T.);
#3536=EDGE_CURVE('',#2834,#2833,#133,.T.);
#3537=EDGE_CURVE('',#2835,#2834,#134,.T.);
#3538=EDGE_CURVE('',#2835,#2836,#1250,.T.);
#3539=EDGE_CURVE('',#2824,#2836,#135,.T.);
#3540=EDGE_CURVE('',#2826,#2837,#1251,.T.);
#3541=EDGE_CURVE('',#2838,#2837,#136,.T.);
#3542=EDGE_CURVE('',#2838,#2827,#1252,.T.);
#3543=EDGE_CURVE('',#2837,#2636,#1253,.T.);
#3544=EDGE_CURVE('',#2834,#2645,#1254,.T.);
#3545=EDGE_CURVE('',#2833,#2646,#1255,.T.);
#3546=EDGE_CURVE('',#2644,#2835,#1256,.T.);
#3547=EDGE_CURVE('',#2836,#2643,#1257,.T.);
#3548=EDGE_CURVE('',#2647,#2832,#1258,.T.);
#3549=EDGE_CURVE('',#2648,#2831,#1259,.T.);
#3550=EDGE_CURVE('',#2830,#2649,#1260,.T.);
#3551=EDGE_CURVE('',#2650,#2829,#1261,.T.);
#3552=EDGE_CURVE('',#2828,#2651,#1262,.T.);
#3553=EDGE_CURVE('',#2652,#2838,#1263,.T.);
#3554=EDGE_CURVE('',#2748,#2820,#1264,.T.);
#3555=EDGE_CURVE('',#2803,#2825,#137,.T.);
#3556=EDGE_CURVE('',#2626,#2641,#1265,.T.);
#3557=EDGE_CURVE('',#2803,#2714,#1266,.T.);
#3558=EDGE_CURVE('',#2839,#2802,#1267,.T.);
#3559=EDGE_CURVE('',#2716,#2839,#1268,.T.);
#3560=EDGE_CURVE('',#2840,#2713,#1269,.T.);
#3561=EDGE_CURVE('',#2840,#2804,#1270,.T.);
#3562=EDGE_CURVE('',#2841,#2842,#138,.T.);
#3563=EDGE_CURVE('',#2842,#2843,#1271,.T.);
#3564=EDGE_CURVE('',#2843,#2844,#139,.T.);
#3565=EDGE_CURVE('',#2844,#2841,#1272,.T.);
#3566=EDGE_CURVE('',#2845,#2842,#1273,.T.);
#3567=EDGE_CURVE('',#2846,#2845,#1274,.T.);
#3568=EDGE_CURVE('',#2843,#2846,#1275,.T.);
#3569=EDGE_CURVE('',#2841,#2847,#1276,.T.);
#3570=EDGE_CURVE('',#2848,#2847,#1277,.T.);
#3571=EDGE_CURVE('',#2848,#2849,#1278,.T.);
#3572=EDGE_CURVE('',#2845,#2849,#140,.T.);
#3573=EDGE_CURVE('',#2850,#2846,#141,.T.);
#3574=EDGE_CURVE('',#2849,#2850,#1279,.T.);
#3575=EDGE_CURVE('',#2850,#2708,#1280,.T.);
#3576=EDGE_CURVE('',#2707,#2844,#1281,.T.);
#3577=EDGE_CURVE('',#2809,#2848,#142,.T.);
#3578=EDGE_CURVE('',#2809,#2709,#1282,.T.);
#3579=EDGE_CURVE('',#2847,#2810,#143,.T.);
#3580=EDGE_CURVE('',#2851,#2852,#144,.T.);
#3581=EDGE_CURVE('',#2852,#2853,#1283,.T.);
#3582=EDGE_CURVE('',#2853,#2854,#145,.T.);
#3583=EDGE_CURVE('',#2854,#2851,#1284,.T.);
#3584=EDGE_CURVE('',#2855,#2851,#1285,.T.);
#3585=EDGE_CURVE('',#2856,#2855,#146,.T.);
#3586=EDGE_CURVE('',#2857,#2856,#1286,.T.);
#3587=EDGE_CURVE('',#2858,#2857,#1287,.T.);
#3588=EDGE_CURVE('',#2852,#2858,#1288,.T.);
#3589=EDGE_CURVE('',#2854,#2859,#1289,.T.);
#3590=EDGE_CURVE('',#2855,#2859,#1290,.T.);
#3591=EDGE_CURVE('',#2859,#2860,#147,.T.);
#3592=EDGE_CURVE('',#2860,#2856,#1291,.T.);
#3593=EDGE_CURVE('',#2796,#2858,#148,.T.);
#3594=EDGE_CURVE('',#2857,#2797,#149,.T.);
#3595=EDGE_CURVE('',#2796,#2687,#1292,.T.);
#3596=EDGE_CURVE('',#2686,#2853,#1293,.T.);
#3597=EDGE_CURVE('',#2860,#2685,#1294,.T.);
#3598=EDGE_CURVE('',#2810,#2706,#1295,.T.);
#3599=EDGE_CURVE('',#2797,#2684,#1296,.T.);
#3600=EDGE_CURVE('',#2861,#2704,#1297,.T.);
#3601=EDGE_CURVE('',#2812,#2861,#1298,.T.);
#3602=EDGE_CURVE('',#2811,#2705,#1299,.T.);
#3603=EDGE_CURVE('',#2862,#2861,#150,.T.);
#3604=EDGE_CURVE('',#2813,#2862,#1300,.T.);
#3605=EDGE_CURVE('',#2863,#2862,#1301,.T.);
#3606=EDGE_CURVE('',#2814,#2863,#1302,.T.);
#3607=EDGE_CURVE('',#2808,#2710,#1303,.T.);
#3608=EDGE_CURVE('',#2807,#2864,#1304,.T.);
#3609=EDGE_CURVE('',#2711,#2864,#1305,.T.);
#3610=EDGE_CURVE('',#2864,#2865,#151,.T.);
#3611=EDGE_CURVE('',#2806,#2865,#1306,.T.);
#3612=EDGE_CURVE('',#2865,#2866,#1307,.T.);
#3613=EDGE_CURVE('',#2866,#2805,#1308,.T.);
#3614=EDGE_CURVE('',#2866,#2840,#1309,.T.);
#3615=EDGE_CURVE('',#2795,#2688,#1310,.T.);
#3616=EDGE_CURVE('',#2794,#2867,#1311,.T.);
#3617=EDGE_CURVE('',#2689,#2867,#1312,.T.);
#3618=EDGE_CURVE('',#2867,#2868,#152,.T.);
#3619=EDGE_CURVE('',#2793,#2868,#1313,.T.);
#3620=EDGE_CURVE('',#2868,#2869,#1314,.T.);
#3621=EDGE_CURVE('',#2869,#2792,#1315,.T.);
#3622=EDGE_CURVE('',#2869,#2819,#1316,.T.);
#3623=EDGE_CURVE('',#2870,#2681,#1317,.T.);
#3624=EDGE_CURVE('',#2799,#2870,#1318,.T.);
#3625=EDGE_CURVE('',#2798,#2683,#1319,.T.);
#3626=EDGE_CURVE('',#2871,#2870,#153,.T.);
#3627=EDGE_CURVE('',#2800,#2871,#1320,.T.);
#3628=EDGE_CURVE('',#2872,#2871,#1321,.T.);
#3629=EDGE_CURVE('',#2801,#2872,#1322,.T.);
#3630=EDGE_CURVE('',#2839,#2872,#1323,.T.);
#3631=EDGE_CURVE('',#2873,#2815,#1324,.T.);
#3632=EDGE_CURVE('',#2702,#2873,#1325,.T.);
#3633=EDGE_CURVE('',#2873,#2863,#1326,.T.);
#3634=EDGE_CURVE('',#2874,#2662,#154,.T.);
#3635=EDGE_CURVE('',#2875,#2874,#1327,.T.);
#3636=EDGE_CURVE('',#2876,#2875,#155,.T.);
#3637=EDGE_CURVE('',#2877,#2876,#1328,.T.);
#3638=EDGE_CURVE('',#2663,#2877,#156,.T.);
#3639=EDGE_CURVE('',#2878,#2691,#1329,.T.);
#3640=EDGE_CURVE('',#2878,#2879,#1330,.T.);
#3641=EDGE_CURVE('',#2880,#2879,#1331,.T.);
#3642=EDGE_CURVE('',#2689,#2880,#1332,.T.);
#3643=EDGE_CURVE('',#2881,#2713,#1333,.T.);
#3644=EDGE_CURVE('',#2881,#2882,#1334,.T.);
#3645=EDGE_CURVE('',#2883,#2882,#1335,.T.);
#3646=EDGE_CURVE('',#2711,#2883,#1336,.T.);
#3647=EDGE_CURVE('',#2884,#2778,#1337,.T.);
#3648=EDGE_CURVE('',#2885,#2884,#1338,.T.);
#3649=EDGE_CURVE('',#2885,#2886,#1339,.T.);
#3650=EDGE_CURVE('',#2886,#2762,#1340,.T.);
#3651=EDGE_CURVE('',#2779,#2781,#1341,.T.);
#3652=EDGE_CURVE('',#2591,#2887,#1342,.T.);
#3653=EDGE_CURVE('',#2887,#2888,#1343,.T.);
#3654=EDGE_CURVE('',#2888,#2781,#1344,.T.);
#3655=EDGE_CURVE('',#2889,#2590,#1345,.T.);
#3656=EDGE_CURVE('',#2761,#2889,#1346,.T.);
#3657=EDGE_CURVE('',#2890,#2588,#1347,.T.);
#3658=EDGE_CURVE('',#2891,#2890,#1348,.T.);
#3659=EDGE_CURVE('',#2891,#2887,#1349,.T.);
#3660=EDGE_CURVE('',#2760,#2586,#1350,.T.);
#3661=EDGE_CURVE('',#2600,#2598,#1351,.T.);
#3662=EDGE_CURVE('',#2892,#2598,#1352,.T.);
#3663=EDGE_CURVE('',#2892,#2893,#1353,.T.);
#3664=EDGE_CURVE('',#2893,#2894,#1354,.T.);
#3665=EDGE_CURVE('',#2894,#2895,#1355,.T.);
#3666=EDGE_CURVE('',#2703,#2895,#157,.T.);
#3667=EDGE_CURVE('',#2702,#2896,#1356,.T.);
#3668=EDGE_CURVE('',#2896,#2600,#1357,.T.);
#3669=EDGE_CURVE('',#2897,#2612,#1358,.T.);
#3670=EDGE_CURVE('',#2898,#2897,#1359,.T.);
#3671=EDGE_CURVE('',#2899,#2898,#1360,.T.);
#3672=EDGE_CURVE('',#2899,#2817,#1361,.T.);
#3673=EDGE_CURVE('',#2593,#2900,#1362,.T.);
#3674=EDGE_CURVE('',#2595,#2900,#1363,.T.);
#3675=EDGE_CURVE('',#2604,#2816,#1364,.T.);
#3676=EDGE_CURVE('',#2641,#2657,#1365,.T.);
#3677=EDGE_CURVE('',#2627,#2901,#1366,.T.);
#3678=EDGE_CURVE('',#2901,#2902,#1367,.T.);
#3679=EDGE_CURVE('',#2902,#2657,#1368,.T.);
#3680=EDGE_CURVE('',#2903,#2626,#1369,.T.);
#3681=EDGE_CURVE('',#2747,#2903,#1370,.T.);
#3682=EDGE_CURVE('',#2904,#2614,#1371,.T.);
#3683=EDGE_CURVE('',#2905,#2904,#1372,.T.);
#3684=EDGE_CURVE('',#2905,#2901,#1373,.T.);
#3685=EDGE_CURVE('',#2746,#2624,#1374,.T.);
#3686=EDGE_CURVE('',#2906,#2752,#1375,.T.);
#3687=EDGE_CURVE('',#2907,#2906,#1376,.T.);
#3688=EDGE_CURVE('',#2907,#2908,#1377,.T.);
#3689=EDGE_CURVE('',#2909,#2908,#1378,.T.);
#3690=EDGE_CURVE('',#2633,#2909,#1379,.T.);
#3691=EDGE_CURVE('',#2629,#2750,#1380,.T.);
#3692=EDGE_CURVE('',#2910,#2638,#1381,.T.);
#3693=EDGE_CURVE('',#2911,#2910,#1382,.T.);
#3694=EDGE_CURVE('',#2906,#2911,#1383,.T.);
#3695=EDGE_CURVE('',#2635,#2909,#1384,.T.);
#3696=EDGE_CURVE('',#2654,#2653,#1385,.T.);
#3697=EDGE_CURVE('',#2912,#2653,#1386,.T.);
#3698=EDGE_CURVE('',#2912,#2913,#1387,.T.);
#3699=EDGE_CURVE('',#2913,#2914,#1388,.T.);
#3700=EDGE_CURVE('',#2914,#2915,#1389,.T.);
#3701=EDGE_CURVE('',#2682,#2915,#158,.T.);
#3702=EDGE_CURVE('',#2716,#2916,#1390,.T.);
#3703=EDGE_CURVE('',#2916,#2654,#1391,.T.);
#3704=EDGE_CURVE('',#2917,#2918,#1392,.T.);
#3705=EDGE_CURVE('',#2917,#2919,#1393,.T.);
#3706=EDGE_CURVE('',#2920,#2919,#1394,.T.);
#3707=EDGE_CURVE('',#2918,#2920,#1395,.T.);
#3708=EDGE_CURVE('',#2918,#2921,#1396,.T.);
#3709=EDGE_CURVE('',#2922,#2920,#1397,.T.);
#3710=EDGE_CURVE('',#2921,#2922,#1398,.T.);
#3711=EDGE_CURVE('',#2921,#2923,#159,.T.);
#3712=EDGE_CURVE('',#2924,#2922,#160,.T.);
#3713=EDGE_CURVE('',#2923,#2924,#1399,.T.);
#3714=EDGE_CURVE('',#2923,#2925,#1400,.T.);
#3715=EDGE_CURVE('',#2926,#2924,#1401,.T.);
#3716=EDGE_CURVE('',#2925,#2926,#1402,.T.);
#3717=EDGE_CURVE('',#2925,#2927,#1403,.T.);
#3718=EDGE_CURVE('',#2928,#2926,#1404,.T.);
#3719=EDGE_CURVE('',#2927,#2928,#1405,.T.);
#3720=EDGE_CURVE('',#2927,#2929,#1406,.T.);
#3721=EDGE_CURVE('',#2930,#2928,#1407,.T.);
#3722=EDGE_CURVE('',#2929,#2930,#1408,.T.);
#3723=EDGE_CURVE('',#2929,#2931,#161,.T.);
#3724=EDGE_CURVE('',#2932,#2930,#162,.T.);
#3725=EDGE_CURVE('',#2931,#2932,#1409,.T.);
#3726=EDGE_CURVE('',#2931,#2917,#1410,.T.);
#3727=EDGE_CURVE('',#2919,#2932,#1411,.T.);
#3728=EDGE_CURVE('',#2915,#2933,#1412,.T.);
#3729=EDGE_CURVE('',#2914,#2934,#163,.T.);
#3730=EDGE_CURVE('',#2934,#2935,#1413,.T.);
#3731=EDGE_CURVE('',#2935,#2936,#1414,.T.);
#3732=EDGE_CURVE('',#2936,#2937,#164,.T.);
#3733=EDGE_CURVE('',#2937,#2938,#1415,.T.);
#3734=EDGE_CURVE('',#2938,#2939,#165,.T.);
#3735=EDGE_CURVE('',#2939,#2940,#1416,.T.);
#3736=EDGE_CURVE('',#2940,#2941,#1417,.T.);
#3737=EDGE_CURVE('',#2941,#2942,#166,.T.);
#3738=EDGE_CURVE('',#2943,#2942,#1418,.T.);
#3739=EDGE_CURVE('',#2944,#2943,#1419,.T.);
#3740=EDGE_CURVE('',#2944,#2945,#1420,.T.);
#3741=EDGE_CURVE('',#2895,#2945,#1421,.T.);
#3742=EDGE_CURVE('',#2894,#2568,#167,.T.);
#3743=EDGE_CURVE('',#2946,#2577,#1422,.T.);
#3744=EDGE_CURVE('',#2946,#2947,#1423,.T.);
#3745=EDGE_CURVE('',#2947,#2948,#1424,.T.);
#3746=EDGE_CURVE('',#2949,#2948,#168,.T.);
#3747=EDGE_CURVE('',#2949,#2950,#1425,.T.);
#3748=EDGE_CURVE('',#2950,#2951,#169,.T.);
#3749=EDGE_CURVE('',#2951,#2952,#1426,.T.);
#3750=EDGE_CURVE('',#2952,#2953,#170,.T.);
#3751=EDGE_CURVE('',#2953,#2954,#1427,.T.);
#3752=EDGE_CURVE('',#2954,#2955,#171,.T.);
#3753=EDGE_CURVE('',#2955,#2956,#1428,.T.);
#3754=EDGE_CURVE('',#2956,#2957,#172,.T.);
#3755=EDGE_CURVE('',#2957,#2958,#1429,.T.);
#3756=EDGE_CURVE('',#2959,#2958,#173,.T.);
#3757=EDGE_CURVE('',#2959,#2960,#1430,.T.);
#3758=EDGE_CURVE('',#2961,#2960,#1431,.T.);
#3759=EDGE_CURVE('',#2574,#2961,#1432,.T.);
#3760=EDGE_CURVE('',#2567,#2962,#174,.T.);
#3761=EDGE_CURVE('',#2963,#2962,#1433,.T.);
#3762=EDGE_CURVE('',#2964,#2963,#1434,.T.);
#3763=EDGE_CURVE('',#2964,#2933,#1435,.T.);
#3764=EDGE_CURVE('',#2877,#2576,#1436,.T.);
#3765=EDGE_CURVE('',#2965,#2876,#1437,.T.);
#3766=EDGE_CURVE('',#2965,#2946,#1438,.T.);
#3767=EDGE_CURVE('',#2575,#2874,#1439,.T.);
#3768=EDGE_CURVE('',#2961,#2966,#1440,.T.);
#3769=EDGE_CURVE('',#2875,#2966,#1441,.T.);
#3770=EDGE_CURVE('',#2966,#2572,#1442,.T.);
#3771=EDGE_CURVE('',#2967,#2966,#1443,.T.);
#3772=EDGE_CURVE('',#2967,#2573,#1444,.T.);
#3773=EDGE_CURVE('',#2968,#2967,#1445,.T.);
#3774=EDGE_CURVE('',#2968,#2960,#1446,.T.);
#3775=EDGE_CURVE('',#2969,#2959,#1447,.T.);
#3776=EDGE_CURVE('',#2968,#2969,#1448,.T.);
#3777=EDGE_CURVE('',#2970,#2570,#1449,.T.);
#3778=EDGE_CURVE('',#2970,#2965,#1450,.T.);
#3779=EDGE_CURVE('',#2571,#2965,#1451,.T.);
#3780=EDGE_CURVE('',#2971,#2970,#1452,.T.);
#3781=EDGE_CURVE('',#2947,#2971,#1453,.T.);
#3782=EDGE_CURVE('',#2972,#2971,#1454,.T.);
#3783=EDGE_CURVE('',#2948,#2972,#1455,.T.);
#3784=EDGE_CURVE('',#2958,#2973,#1456,.T.);
#3785=EDGE_CURVE('',#2973,#2969,#175,.T.);
#3786=EDGE_CURVE('',#2974,#2569,#176,.T.);
#3787=EDGE_CURVE('',#2975,#2974,#1457,.T.);
#3788=EDGE_CURVE('',#2976,#2975,#177,.T.);
#3789=EDGE_CURVE('',#2977,#2976,#1458,.T.);
#3790=EDGE_CURVE('',#2978,#2977,#1459,.T.);
#3791=EDGE_CURVE('',#2979,#2978,#178,.T.);
#3792=EDGE_CURVE('',#2980,#2979,#1460,.T.);
#3793=EDGE_CURVE('',#2981,#2980,#179,.T.);
#3794=EDGE_CURVE('',#2982,#2981,#1461,.T.);
#3795=EDGE_CURVE('',#2983,#2982,#1462,.T.);
#3796=EDGE_CURVE('',#2984,#2983,#180,.T.);
#3797=EDGE_CURVE('',#2985,#2984,#1463,.T.);
#3798=EDGE_CURVE('',#2566,#2985,#181,.T.);
#3799=EDGE_CURVE('',#2973,#2986,#1464,.T.);
#3800=EDGE_CURVE('',#2986,#2987,#182,.T.);
#3801=EDGE_CURVE('',#2987,#2988,#1465,.T.);
#3802=EDGE_CURVE('',#2988,#2989,#183,.T.);
#3803=EDGE_CURVE('',#2989,#2990,#1466,.T.);
#3804=EDGE_CURVE('',#2990,#2991,#184,.T.);
#3805=EDGE_CURVE('',#2991,#2992,#1467,.T.);
#3806=EDGE_CURVE('',#2992,#2993,#185,.T.);
#3807=EDGE_CURVE('',#2993,#2994,#1468,.T.);
#3808=EDGE_CURVE('',#2972,#2994,#186,.T.);
#3809=EDGE_CURVE('',#2994,#2949,#1469,.T.);
#3810=EDGE_CURVE('',#2957,#2986,#1470,.T.);
#3811=EDGE_CURVE('',#2954,#2989,#1471,.T.);
#3812=EDGE_CURVE('',#2953,#2990,#1472,.T.);
#3813=EDGE_CURVE('',#2952,#2991,#1473,.T.);
#3814=EDGE_CURVE('',#2951,#2992,#1474,.T.);
#3815=EDGE_CURVE('',#2950,#2993,#1475,.T.);
#3816=EDGE_CURVE('',#2956,#2987,#1476,.T.);
#3817=EDGE_CURVE('',#2955,#2988,#1477,.T.);
#3818=EDGE_CURVE('',#2977,#2940,#1478,.T.);
#3819=EDGE_CURVE('',#2978,#2939,#1479,.T.);
#3820=EDGE_CURVE('',#2979,#2938,#1480,.T.);
#3821=EDGE_CURVE('',#2980,#2937,#1481,.T.);
#3822=EDGE_CURVE('',#2981,#2936,#1482,.T.);
#3823=EDGE_CURVE('',#2982,#2935,#1483,.T.);
#3824=EDGE_CURVE('',#2983,#2934,#1484,.T.);
#3825=EDGE_CURVE('',#2995,#2914,#187,.T.);
#3826=EDGE_CURVE('',#2984,#2995,#1485,.T.);
#3827=EDGE_CURVE('',#2933,#2995,#1486,.T.);
#3828=EDGE_CURVE('',#2996,#2964,#1487,.T.);
#3829=EDGE_CURVE('',#2985,#2996,#1488,.T.);
#3830=EDGE_CURVE('',#2962,#2996,#188,.T.);
#3831=EDGE_CURVE('',#2997,#2894,#189,.T.);
#3832=EDGE_CURVE('',#2974,#2997,#1489,.T.);
#3833=EDGE_CURVE('',#2945,#2997,#1490,.T.);
#3834=EDGE_CURVE('',#2998,#2944,#1491,.T.);
#3835=EDGE_CURVE('',#2975,#2998,#1492,.T.);
#3836=EDGE_CURVE('',#2942,#2998,#190,.T.);
#3837=EDGE_CURVE('',#2976,#2941,#1493,.T.);
#3838=EDGE_CURVE('',#2913,#2999,#1494,.T.);
#3839=EDGE_CURVE('',#2999,#3000,#1495,.T.);
#3840=EDGE_CURVE('',#2933,#3000,#1496,.T.);
#3841=EDGE_CURVE('',#2893,#3001,#1497,.T.);
#3842=EDGE_CURVE('',#3001,#3002,#1498,.T.);
#3843=EDGE_CURVE('',#2945,#3002,#1499,.T.);
#3844=EDGE_CURVE('',#3003,#3004,#1500,.T.);
#3845=EDGE_CURVE('',#3003,#3005,#1501,.T.);
#3846=EDGE_CURVE('',#3006,#3005,#1502,.T.);
#3847=EDGE_CURVE('',#3004,#3006,#1503,.T.);
#3848=EDGE_CURVE('',#3007,#3008,#1504,.T.);
#3849=EDGE_CURVE('',#3007,#3009,#1505,.T.);
#3850=EDGE_CURVE('',#3010,#3009,#1506,.T.);
#3851=EDGE_CURVE('',#3008,#3010,#1507,.T.);
#3852=EDGE_CURVE('',#3009,#3006,#1508,.T.);
#3853=EDGE_CURVE('',#3005,#3010,#1509,.T.);
#3854=EDGE_CURVE('',#3008,#3011,#1510,.T.);
#3855=EDGE_CURVE('',#3011,#3012,#1511,.T.);
#3856=EDGE_CURVE('',#3012,#3007,#1512,.T.);
#3857=EDGE_CURVE('',#3013,#3014,#1513,.T.);
#3858=EDGE_CURVE('',#3014,#3011,#1514,.T.);
#3859=EDGE_CURVE('',#3015,#3003,#1515,.T.);
#3860=EDGE_CURVE('',#3013,#3015,#1516,.T.);
#3861=EDGE_CURVE('',#3013,#3016,#1517,.T.);
#3862=EDGE_CURVE('',#3017,#3015,#1518,.T.);
#3863=EDGE_CURVE('',#3016,#3017,#1519,.T.);
#3864=EDGE_CURVE('',#3016,#3018,#1520,.T.);
#3865=EDGE_CURVE('',#3004,#3017,#1521,.T.);
#3866=EDGE_CURVE('',#3018,#3012,#1522,.T.);
#3867=EDGE_CURVE('',#3018,#3014,#1523,.T.);
#3868=EDGE_CURVE('',#3014,#3019,#1524,.T.);
#3869=EDGE_CURVE('',#3019,#2899,#1525,.T.);
#3870=EDGE_CURVE('',#2898,#3020,#1526,.T.);
#3871=EDGE_CURVE('',#3020,#3021,#1527,.T.);
#3872=EDGE_CURVE('',#3021,#3022,#1528,.T.);
#3873=EDGE_CURVE('',#3023,#3022,#191,.T.);
#3874=EDGE_CURVE('',#3023,#3024,#1529,.T.);
#3875=EDGE_CURVE('',#3024,#3025,#1530,.T.);
#3876=EDGE_CURVE('',#3025,#3026,#1531,.T.);
#3877=EDGE_CURVE('',#2883,#3026,#192,.T.);
#3878=EDGE_CURVE('',#2882,#3027,#1532,.T.);
#3879=EDGE_CURVE('',#3027,#2905,#1533,.T.);
#3880=EDGE_CURVE('',#2904,#3028,#1534,.T.);
#3881=EDGE_CURVE('',#3028,#3029,#1535,.T.);
#3882=EDGE_CURVE('',#3029,#3030,#1536,.T.);
#3883=EDGE_CURVE('',#3030,#3031,#1537,.T.);
#3884=EDGE_CURVE('',#3031,#3032,#1538,.T.);
#3885=EDGE_CURVE('',#3032,#3013,#1539,.T.);
#3886=EDGE_CURVE('',#3033,#3034,#1540,.T.);
#3887=EDGE_CURVE('',#3033,#3035,#1541,.T.);
#3888=EDGE_CURVE('',#3036,#3035,#1542,.T.);
#3889=EDGE_CURVE('',#3034,#3036,#1543,.T.);
#3890=EDGE_CURVE('',#3037,#3038,#1544,.T.);
#3891=EDGE_CURVE('',#3037,#3039,#1545,.T.);
#3892=EDGE_CURVE('',#3040,#3039,#1546,.T.);
#3893=EDGE_CURVE('',#3038,#3040,#1547,.T.);
#3894=EDGE_CURVE('',#3039,#3036,#1548,.T.);
#3895=EDGE_CURVE('',#3035,#3040,#1549,.T.);
#3896=EDGE_CURVE('',#3038,#3041,#1550,.T.);
#3897=EDGE_CURVE('',#3041,#3042,#1551,.T.);
#3898=EDGE_CURVE('',#3042,#3037,#1552,.T.);
#3899=EDGE_CURVE('',#3029,#3032,#1553,.T.);
#3900=EDGE_CURVE('',#3032,#3041,#1554,.T.);
#3901=EDGE_CURVE('',#3043,#3033,#1555,.T.);
#3902=EDGE_CURVE('',#3029,#3043,#1556,.T.);
#3903=EDGE_CURVE('',#3044,#3043,#1557,.T.);
#3904=EDGE_CURVE('',#3030,#3044,#1558,.T.);
#3905=EDGE_CURVE('',#3034,#3044,#1559,.T.);
#3906=EDGE_CURVE('',#3031,#3042,#1560,.T.);
#3907=EDGE_CURVE('',#3045,#3046,#1561,.T.);
#3908=EDGE_CURVE('',#3045,#3047,#1562,.T.);
#3909=EDGE_CURVE('',#3048,#3047,#1563,.T.);
#3910=EDGE_CURVE('',#3046,#3048,#1564,.T.);
#3911=EDGE_CURVE('',#3049,#3050,#1565,.T.);
#3912=EDGE_CURVE('',#3049,#3051,#1566,.T.);
#3913=EDGE_CURVE('',#3052,#3051,#1567,.T.);
#3914=EDGE_CURVE('',#3050,#3052,#1568,.T.);
#3915=EDGE_CURVE('',#3051,#3048,#1569,.T.);
#3916=EDGE_CURVE('',#3047,#3052,#1570,.T.);
#3917=EDGE_CURVE('',#3050,#3053,#1571,.T.);
#3918=EDGE_CURVE('',#3053,#3054,#1572,.T.);
#3919=EDGE_CURVE('',#3054,#3049,#1573,.T.);
#3920=EDGE_CURVE('',#3055,#3056,#1574,.T.);
#3921=EDGE_CURVE('',#3055,#3053,#1575,.T.);
#3922=EDGE_CURVE('',#3057,#3045,#1576,.T.);
#3923=EDGE_CURVE('',#3056,#3057,#1577,.T.);
#3924=EDGE_CURVE('',#3056,#3058,#1578,.T.);
#3925=EDGE_CURVE('',#3059,#3057,#1579,.T.);
#3926=EDGE_CURVE('',#3058,#3059,#1580,.T.);
#3927=EDGE_CURVE('',#3060,#3058,#1581,.T.);
#3928=EDGE_CURVE('',#3046,#3059,#1582,.T.);
#3929=EDGE_CURVE('',#3060,#3054,#1583,.T.);
#3930=EDGE_CURVE('',#3060,#3055,#1584,.T.);
#3931=EDGE_CURVE('',#3061,#3062,#1585,.T.);
#3932=EDGE_CURVE('',#3061,#3063,#1586,.T.);
#3933=EDGE_CURVE('',#3064,#3063,#1587,.T.);
#3934=EDGE_CURVE('',#3062,#3064,#1588,.T.);
#3935=EDGE_CURVE('',#3065,#3066,#1589,.T.);
#3936=EDGE_CURVE('',#3065,#3067,#1590,.T.);
#3937=EDGE_CURVE('',#3068,#3067,#1591,.T.);
#3938=EDGE_CURVE('',#3066,#3068,#1592,.T.);
#3939=EDGE_CURVE('',#3067,#3064,#1593,.T.);
#3940=EDGE_CURVE('',#3063,#3068,#1594,.T.);
#3941=EDGE_CURVE('',#3066,#3069,#1595,.T.);
#3942=EDGE_CURVE('',#3069,#3070,#1596,.T.);
#3943=EDGE_CURVE('',#3070,#3065,#1597,.T.);
#3944=EDGE_CURVE('',#3071,#3072,#1598,.T.);
#3945=EDGE_CURVE('',#3071,#3069,#1599,.T.);
#3946=EDGE_CURVE('',#3073,#3061,#1600,.T.);
#3947=EDGE_CURVE('',#3072,#3073,#1601,.T.);
#3948=EDGE_CURVE('',#3072,#3074,#1602,.T.);
#3949=EDGE_CURVE('',#3075,#3073,#1603,.T.);
#3950=EDGE_CURVE('',#3074,#3075,#1604,.T.);
#3951=EDGE_CURVE('',#3076,#3074,#1605,.T.);
#3952=EDGE_CURVE('',#3062,#3075,#1606,.T.);
#3953=EDGE_CURVE('',#3076,#3070,#1607,.T.);
#3954=EDGE_CURVE('',#3076,#3071,#1608,.T.);
#3955=EDGE_CURVE('',#2654,#3077,#1609,.T.);
#3956=EDGE_CURVE('',#3077,#2910,#1610,.T.);
#3957=EDGE_CURVE('',#3078,#2964,#1611,.T.);
#3958=EDGE_CURVE('',#3078,#3079,#1612,.T.);
#3959=EDGE_CURVE('',#3080,#3079,#1613,.T.);
#3960=EDGE_CURVE('',#2962,#3080,#1614,.T.);
#3961=EDGE_CURVE('',#3081,#3078,#1615,.T.);
#3962=EDGE_CURVE('',#3082,#3081,#1616,.T.);
#3963=EDGE_CURVE('',#3079,#3082,#1617,.T.);
#3964=EDGE_CURVE('',#3000,#3083,#1618,.T.);
#3965=EDGE_CURVE('',#3084,#2999,#1619,.T.);
#3966=EDGE_CURVE('',#3083,#3084,#1620,.T.);
#3967=EDGE_CURVE('',#3084,#2912,#1621,.T.);
#3968=EDGE_CURVE('',#3085,#3082,#1622,.T.);
#3969=EDGE_CURVE('',#3080,#3085,#1623,.T.);
#3970=EDGE_CURVE('',#3086,#3083,#1624,.T.);
#3971=EDGE_CURVE('',#3087,#3086,#1625,.T.);
#3972=EDGE_CURVE('',#3088,#3087,#1626,.T.);
#3973=EDGE_CURVE('',#3000,#3088,#1627,.T.);
#3974=EDGE_CURVE('',#2781,#2878,#1628,.T.);
#3975=EDGE_CURVE('',#2963,#2690,#193,.T.);
#3976=EDGE_CURVE('',#2779,#3085,#1629,.T.);
#3977=EDGE_CURVE('',#2889,#3089,#1630,.T.);
#3978=EDGE_CURVE('',#3090,#3089,#1631,.T.);
#3979=EDGE_CURVE('',#2890,#3090,#1632,.T.);
#3980=EDGE_CURVE('',#3089,#2908,#1633,.T.);
#3981=EDGE_CURVE('',#3074,#2907,#1634,.T.);
#3982=EDGE_CURVE('',#3058,#3076,#1635,.T.);
#3983=EDGE_CURVE('',#3090,#3060,#1636,.T.);
#3984=EDGE_CURVE('',#3091,#2916,#1637,.T.);
#3985=EDGE_CURVE('',#3092,#3091,#1638,.T.);
#3986=EDGE_CURVE('',#3077,#3092,#1639,.T.);
#3987=EDGE_CURVE('',#2911,#3092,#1640,.T.);
#3988=EDGE_CURVE('',#3091,#3093,#1641,.T.);
#3989=EDGE_CURVE('',#3088,#3093,#194,.T.);
#3990=EDGE_CURVE('',#3087,#3094,#1642,.T.);
#3991=EDGE_CURVE('',#3094,#3095,#1643,.T.);
#3992=EDGE_CURVE('',#2880,#3095,#195,.T.);
#3993=EDGE_CURVE('',#2879,#3096,#1644,.T.);
#3994=EDGE_CURVE('',#3096,#2891,#1645,.T.);
#3995=EDGE_CURVE('',#3093,#2681,#1646,.T.);
#3996=EDGE_CURVE('',#3096,#2888,#1647,.T.);
#3997=EDGE_CURVE('',#3095,#3078,#1648,.T.);
#3998=EDGE_CURVE('',#3094,#3097,#1649,.T.);
#3999=EDGE_CURVE('',#3081,#3097,#1650,.T.);
#4000=EDGE_CURVE('',#3086,#3097,#1651,.T.);
#4001=EDGE_CURVE('',#2908,#3098,#1652,.T.);
#4002=EDGE_CURVE('',#3098,#2636,#1653,.T.);
#4003=EDGE_CURVE('',#2652,#3099,#1654,.T.);
#4004=EDGE_CURVE('',#3099,#3100,#1655,.T.);
#4005=EDGE_CURVE('',#3100,#3101,#1656,.T.);
#4006=EDGE_CURVE('',#3101,#3102,#1657,.T.);
#4007=EDGE_CURVE('',#3102,#2640,#1658,.T.);
#4008=EDGE_CURVE('',#2641,#3103,#1659,.T.);
#4009=EDGE_CURVE('',#3103,#3104,#1660,.T.);
#4010=EDGE_CURVE('',#3104,#3105,#1661,.T.);
#4011=EDGE_CURVE('',#3105,#3106,#1662,.T.);
#4012=EDGE_CURVE('',#3106,#3107,#1663,.T.);
#4013=EDGE_CURVE('',#3107,#3108,#1664,.T.);
#4014=EDGE_CURVE('',#3108,#3109,#1665,.T.);
#4015=EDGE_CURVE('',#3109,#2892,#1666,.T.);
#4016=EDGE_CURVE('',#2599,#3110,#1667,.T.);
#4017=EDGE_CURVE('',#3110,#3111,#1668,.T.);
#4018=EDGE_CURVE('',#3111,#3112,#1669,.T.);
#4019=EDGE_CURVE('',#3112,#2884,#1670,.T.);
#4020=EDGE_CURVE('',#2600,#3113,#1671,.T.);
#4021=EDGE_CURVE('',#3113,#2897,#1672,.T.);
#4022=EDGE_CURVE('',#3114,#2944,#1673,.T.);
#4023=EDGE_CURVE('',#3114,#3115,#1674,.T.);
#4024=EDGE_CURVE('',#3116,#3115,#1675,.T.);
#4025=EDGE_CURVE('',#2942,#3116,#1676,.T.);
#4026=EDGE_CURVE('',#3105,#3114,#1677,.T.);
#4027=EDGE_CURVE('',#3115,#3104,#1678,.T.);
#4028=EDGE_CURVE('',#3002,#3108,#1679,.T.);
#4029=EDGE_CURVE('',#3109,#3001,#1680,.T.);
#4030=EDGE_CURVE('',#3116,#3103,#1681,.T.);
#4031=EDGE_CURVE('',#3024,#3107,#1682,.T.);
#4032=EDGE_CURVE('',#3002,#3023,#1683,.T.);
#4033=EDGE_CURVE('',#2657,#2881,#1684,.T.);
#4034=EDGE_CURVE('',#2943,#2712,#196,.T.);
#4035=EDGE_CURVE('',#2903,#3117,#1685,.T.);
#4036=EDGE_CURVE('',#3028,#3117,#1686,.T.);
#4037=EDGE_CURVE('',#3118,#3117,#1687,.T.);
#4038=EDGE_CURVE('',#3019,#3118,#1688,.T.);
#4039=EDGE_CURVE('',#3021,#2896,#1689,.T.);
#4040=EDGE_CURVE('',#3113,#3020,#1690,.T.);
#4041=EDGE_CURVE('',#3022,#2704,#1691,.T.);
#4042=EDGE_CURVE('',#3027,#2902,#1692,.T.);
#4043=EDGE_CURVE('',#3026,#3114,#1693,.T.);
#4044=EDGE_CURVE('',#3025,#3106,#1694,.T.);
#4045=EDGE_CURVE('',#2900,#3118,#1695,.T.);
#4046=EDGE_CURVE('',#3119,#3118,#1696,.T.);
#4047=EDGE_CURVE('',#3119,#2596,#1697,.T.);
#4048=EDGE_CURVE('',#2886,#3089,#1698,.T.);
#4049=EDGE_CURVE('',#3120,#2748,#1699,.T.);
#4050=EDGE_CURVE('',#3117,#3120,#1700,.T.);
#4051=EDGE_CURVE('',#3121,#3122,#1701,.T.);
#4052=EDGE_CURVE('',#3122,#3101,#1702,.T.);
#4053=EDGE_CURVE('',#3121,#3100,#1703,.T.);
#4054=EDGE_CURVE('',#3123,#3121,#1704,.T.);
#4055=EDGE_CURVE('',#3123,#3099,#1705,.T.);
#4056=EDGE_CURVE('',#3098,#3123,#1706,.T.);
#4057=EDGE_CURVE('',#3124,#2885,#1707,.T.);
#4058=EDGE_CURVE('',#3124,#3112,#1708,.T.);
#4059=EDGE_CURVE('',#3125,#3124,#1709,.T.);
#4060=EDGE_CURVE('',#3125,#3111,#1710,.T.);
#4061=EDGE_CURVE('',#3126,#3125,#1711,.T.);
#4062=EDGE_CURVE('',#3126,#3110,#1712,.T.);
#4063=EDGE_CURVE('',#3119,#3126,#1713,.T.);
#4064=EDGE_CURVE('',#3127,#3102,#1714,.T.);
#4065=EDGE_CURVE('',#3127,#3120,#1715,.T.);
#4066=EDGE_CURVE('',#3122,#3127,#1716,.T.);
#4067=ORIENTED_EDGE('',*,*,#3128,.F.);
#4068=ORIENTED_EDGE('',*,*,#3129,.F.);
#4069=ORIENTED_EDGE('',*,*,#3130,.F.);
#4070=ORIENTED_EDGE('',*,*,#3131,.F.);
#4071=ORIENTED_EDGE('',*,*,#3131,.T.);
#4072=ORIENTED_EDGE('',*,*,#3132,.F.);
#4073=ORIENTED_EDGE('',*,*,#3133,.F.);
#4074=ORIENTED_EDGE('',*,*,#3134,.F.);
#4075=ORIENTED_EDGE('',*,*,#3130,.T.);
#4076=ORIENTED_EDGE('',*,*,#3135,.T.);
#4077=ORIENTED_EDGE('',*,*,#3136,.F.);
#4078=ORIENTED_EDGE('',*,*,#3132,.T.);
#4079=ORIENTED_EDGE('',*,*,#3137,.F.);
#4080=ORIENTED_EDGE('',*,*,#3138,.F.);
#4081=ORIENTED_EDGE('',*,*,#3139,.T.);
#4082=ORIENTED_EDGE('',*,*,#3140,.F.);
#4083=ORIENTED_EDGE('',*,*,#3141,.T.);
#4084=ORIENTED_EDGE('',*,*,#3140,.T.);
#4085=ORIENTED_EDGE('',*,*,#3142,.T.);
#4086=ORIENTED_EDGE('',*,*,#3143,.F.);
#4087=ORIENTED_EDGE('',*,*,#3144,.F.);
#4088=ORIENTED_EDGE('',*,*,#3145,.F.);
#4089=ORIENTED_EDGE('',*,*,#3146,.F.);
#4090=ORIENTED_EDGE('',*,*,#3147,.F.);
#4091=ORIENTED_EDGE('',*,*,#3148,.T.);
#4092=ORIENTED_EDGE('',*,*,#3149,.T.);
#4093=ORIENTED_EDGE('',*,*,#3150,.F.);
#4094=ORIENTED_EDGE('',*,*,#3151,.T.);
#4095=ORIENTED_EDGE('',*,*,#3152,.T.);
#4096=ORIENTED_EDGE('',*,*,#3153,.T.);
#4097=ORIENTED_EDGE('',*,*,#3128,.T.);
#4098=ORIENTED_EDGE('',*,*,#3134,.T.);
#4099=ORIENTED_EDGE('',*,*,#3154,.T.);
#4100=ORIENTED_EDGE('',*,*,#3138,.T.);
#4101=ORIENTED_EDGE('',*,*,#3155,.F.);
#4102=ORIENTED_EDGE('',*,*,#3156,.T.);
#4103=ORIENTED_EDGE('',*,*,#3157,.T.);
#4104=ORIENTED_EDGE('',*,*,#3158,.T.);
#4105=ORIENTED_EDGE('',*,*,#3159,.T.);
#4106=ORIENTED_EDGE('',*,*,#3160,.T.);
#4107=ORIENTED_EDGE('',*,*,#3129,.T.);
#4108=ORIENTED_EDGE('',*,*,#3153,.F.);
#4109=ORIENTED_EDGE('',*,*,#3161,.F.);
#4110=ORIENTED_EDGE('',*,*,#3135,.F.);
#4111=ORIENTED_EDGE('',*,*,#3133,.T.);
#4112=ORIENTED_EDGE('',*,*,#3136,.T.);
#4113=ORIENTED_EDGE('',*,*,#3161,.T.);
#4114=ORIENTED_EDGE('',*,*,#3152,.F.);
#4115=ORIENTED_EDGE('',*,*,#3162,.T.);
#4116=ORIENTED_EDGE('',*,*,#3148,.F.);
#4117=ORIENTED_EDGE('',*,*,#3163,.T.);
#4118=ORIENTED_EDGE('',*,*,#3164,.F.);
#4119=ORIENTED_EDGE('',*,*,#3165,.F.);
#4120=ORIENTED_EDGE('',*,*,#3142,.F.);
#4121=ORIENTED_EDGE('',*,*,#3139,.F.);
#4122=ORIENTED_EDGE('',*,*,#3154,.F.);
#4123=ORIENTED_EDGE('',*,*,#3166,.F.);
#4124=ORIENTED_EDGE('',*,*,#3149,.F.);
#4125=ORIENTED_EDGE('',*,*,#3162,.F.);
#4126=ORIENTED_EDGE('',*,*,#3151,.F.);
#4127=ORIENTED_EDGE('',*,*,#3167,.T.);
#4128=ORIENTED_EDGE('',*,*,#3168,.T.);
#4129=ORIENTED_EDGE('',*,*,#3169,.T.);
#4130=ORIENTED_EDGE('',*,*,#3164,.T.);
#4131=ORIENTED_EDGE('',*,*,#3146,.T.);
#4132=ORIENTED_EDGE('',*,*,#3170,.F.);
#4133=ORIENTED_EDGE('',*,*,#3160,.F.);
#4134=ORIENTED_EDGE('',*,*,#3171,.F.);
#4135=ORIENTED_EDGE('',*,*,#3147,.T.);
#4136=ORIENTED_EDGE('',*,*,#3171,.T.);
#4137=ORIENTED_EDGE('',*,*,#3159,.F.);
#4138=ORIENTED_EDGE('',*,*,#3172,.F.);
#4139=ORIENTED_EDGE('',*,*,#3167,.F.);
#4140=ORIENTED_EDGE('',*,*,#3163,.F.);
#4141=ORIENTED_EDGE('',*,*,#3172,.T.);
#4142=ORIENTED_EDGE('',*,*,#3158,.F.);
#4143=ORIENTED_EDGE('',*,*,#3173,.F.);
#4144=ORIENTED_EDGE('',*,*,#3168,.F.);
#4145=ORIENTED_EDGE('',*,*,#3143,.T.);
#4146=ORIENTED_EDGE('',*,*,#3165,.T.);
#4147=ORIENTED_EDGE('',*,*,#3169,.F.);
#4148=ORIENTED_EDGE('',*,*,#3173,.T.);
#4149=ORIENTED_EDGE('',*,*,#3157,.F.);
#4150=ORIENTED_EDGE('',*,*,#3174,.F.);
#4151=ORIENTED_EDGE('',*,*,#3144,.T.);
#4152=ORIENTED_EDGE('',*,*,#3174,.T.);
#4153=ORIENTED_EDGE('',*,*,#3156,.F.);
#4154=ORIENTED_EDGE('',*,*,#3175,.T.);
#4155=ORIENTED_EDGE('',*,*,#3170,.T.);
#4156=ORIENTED_EDGE('',*,*,#3176,.F.);
#4157=ORIENTED_EDGE('',*,*,#3177,.T.);
#4158=ORIENTED_EDGE('',*,*,#3178,.F.);
#4159=ORIENTED_EDGE('',*,*,#3175,.F.);
#4160=ORIENTED_EDGE('',*,*,#3179,.F.);
#4161=ORIENTED_EDGE('',*,*,#3180,.F.);
#4162=ORIENTED_EDGE('',*,*,#3181,.T.);
#4163=ORIENTED_EDGE('',*,*,#3137,.T.);
#4164=ORIENTED_EDGE('',*,*,#3182,.T.);
#4165=ORIENTED_EDGE('',*,*,#3183,.F.);
#4166=ORIENTED_EDGE('',*,*,#3184,.F.);
#4167=ORIENTED_EDGE('',*,*,#3185,.F.);
#4168=ORIENTED_EDGE('',*,*,#3186,.F.);
#4169=ORIENTED_EDGE('',*,*,#3166,.T.);
#4170=ORIENTED_EDGE('',*,*,#3187,.F.);
#4171=ORIENTED_EDGE('',*,*,#3188,.F.);
#4172=ORIENTED_EDGE('',*,*,#3189,.F.);
#4173=ORIENTED_EDGE('',*,*,#3190,.F.);
#4174=ORIENTED_EDGE('',*,*,#3191,.F.);
#4175=ORIENTED_EDGE('',*,*,#3192,.F.);
#4176=ORIENTED_EDGE('',*,*,#3193,.T.);
#4177=ORIENTED_EDGE('',*,*,#3194,.T.);
#4178=ORIENTED_EDGE('',*,*,#3195,.T.);
#4179=ORIENTED_EDGE('',*,*,#3196,.T.);
#4180=ORIENTED_EDGE('',*,*,#3197,.F.);
#4181=ORIENTED_EDGE('',*,*,#3198,.T.);
#4182=ORIENTED_EDGE('',*,*,#3199,.T.);
#4183=ORIENTED_EDGE('',*,*,#3200,.F.);
#4184=ORIENTED_EDGE('',*,*,#3201,.F.);
#4185=ORIENTED_EDGE('',*,*,#3202,.F.);
#4186=ORIENTED_EDGE('',*,*,#3198,.F.);
#4187=ORIENTED_EDGE('',*,*,#3203,.F.);
#4188=ORIENTED_EDGE('',*,*,#3204,.F.);
#4189=ORIENTED_EDGE('',*,*,#3205,.F.);
#4190=ORIENTED_EDGE('',*,*,#3193,.F.);
#4191=ORIENTED_EDGE('',*,*,#3206,.F.);
#4192=ORIENTED_EDGE('',*,*,#3207,.F.);
#4193=ORIENTED_EDGE('',*,*,#3208,.F.);
#4194=ORIENTED_EDGE('',*,*,#3209,.F.);
#4195=ORIENTED_EDGE('',*,*,#3210,.F.);
#4196=ORIENTED_EDGE('',*,*,#3211,.F.);
#4197=ORIENTED_EDGE('',*,*,#3212,.F.);
#4198=ORIENTED_EDGE('',*,*,#3213,.F.);
#4199=ORIENTED_EDGE('',*,*,#3214,.F.);
#4200=ORIENTED_EDGE('',*,*,#3215,.F.);
#4201=ORIENTED_EDGE('',*,*,#3216,.F.);
#4202=ORIENTED_EDGE('',*,*,#3217,.F.);
#4203=ORIENTED_EDGE('',*,*,#3218,.F.);
#4204=ORIENTED_EDGE('',*,*,#3219,.T.);
#4205=ORIENTED_EDGE('',*,*,#3220,.F.);
#4206=ORIENTED_EDGE('',*,*,#3221,.F.);
#4207=ORIENTED_EDGE('',*,*,#3222,.F.);
#4208=ORIENTED_EDGE('',*,*,#3223,.F.);
#4209=ORIENTED_EDGE('',*,*,#3224,.F.);
#4210=ORIENTED_EDGE('',*,*,#3213,.T.);
#4211=ORIENTED_EDGE('',*,*,#3225,.T.);
#4212=ORIENTED_EDGE('',*,*,#3226,.T.);
#4213=ORIENTED_EDGE('',*,*,#3227,.T.);
#4214=ORIENTED_EDGE('',*,*,#3228,.F.);
#4215=ORIENTED_EDGE('',*,*,#3223,.T.);
#4216=ORIENTED_EDGE('',*,*,#3229,.T.);
#4217=ORIENTED_EDGE('',*,*,#3230,.F.);
#4218=ORIENTED_EDGE('',*,*,#3231,.T.);
#4219=ORIENTED_EDGE('',*,*,#3232,.F.);
#4220=ORIENTED_EDGE('',*,*,#3233,.F.);
#4221=ORIENTED_EDGE('',*,*,#3234,.F.);
#4222=ORIENTED_EDGE('',*,*,#3235,.F.);
#4223=ORIENTED_EDGE('',*,*,#3236,.F.);
#4224=ORIENTED_EDGE('',*,*,#3237,.F.);
#4225=ORIENTED_EDGE('',*,*,#3236,.T.);
#4226=ORIENTED_EDGE('',*,*,#3238,.T.);
#4227=ORIENTED_EDGE('',*,*,#3239,.T.);
#4228=ORIENTED_EDGE('',*,*,#3240,.T.);
#4229=ORIENTED_EDGE('',*,*,#3241,.F.);
#4230=ORIENTED_EDGE('',*,*,#3242,.T.);
#4231=ORIENTED_EDGE('',*,*,#3243,.T.);
#4232=ORIENTED_EDGE('',*,*,#3244,.F.);
#4233=ORIENTED_EDGE('',*,*,#3245,.F.);
#4234=ORIENTED_EDGE('',*,*,#3246,.F.);
#4235=ORIENTED_EDGE('',*,*,#3242,.F.);
#4236=ORIENTED_EDGE('',*,*,#3247,.F.);
#4237=ORIENTED_EDGE('',*,*,#3248,.F.);
#4238=ORIENTED_EDGE('',*,*,#3249,.F.);
#4239=ORIENTED_EDGE('',*,*,#3250,.F.);
#4240=ORIENTED_EDGE('',*,*,#3251,.F.);
#4241=ORIENTED_EDGE('',*,*,#3252,.F.);
#4242=ORIENTED_EDGE('',*,*,#3253,.F.);
#4243=ORIENTED_EDGE('',*,*,#3254,.F.);
#4244=ORIENTED_EDGE('',*,*,#3255,.F.);
#4245=ORIENTED_EDGE('',*,*,#3256,.F.);
#4246=ORIENTED_EDGE('',*,*,#3257,.F.);
#4247=ORIENTED_EDGE('',*,*,#3258,.F.);
#4248=ORIENTED_EDGE('',*,*,#3259,.F.);
#4249=ORIENTED_EDGE('',*,*,#3260,.T.);
#4250=ORIENTED_EDGE('',*,*,#3261,.F.);
#4251=ORIENTED_EDGE('',*,*,#3262,.F.);
#4252=ORIENTED_EDGE('',*,*,#3263,.T.);
#4253=ORIENTED_EDGE('',*,*,#3264,.F.);
#4254=ORIENTED_EDGE('',*,*,#3265,.T.);
#4255=ORIENTED_EDGE('',*,*,#3266,.F.);
#4256=ORIENTED_EDGE('',*,*,#3267,.F.);
#4257=ORIENTED_EDGE('',*,*,#3268,.T.);
#4258=ORIENTED_EDGE('',*,*,#3269,.F.);
#4259=ORIENTED_EDGE('',*,*,#3270,.F.);
#4260=ORIENTED_EDGE('',*,*,#3271,.T.);
#4261=ORIENTED_EDGE('',*,*,#3272,.F.);
#4262=ORIENTED_EDGE('',*,*,#3273,.T.);
#4263=ORIENTED_EDGE('',*,*,#3274,.F.);
#4264=ORIENTED_EDGE('',*,*,#3275,.F.);
#4265=ORIENTED_EDGE('',*,*,#3276,.F.);
#4266=ORIENTED_EDGE('',*,*,#3277,.T.);
#4267=ORIENTED_EDGE('',*,*,#3278,.F.);
#4268=ORIENTED_EDGE('',*,*,#3279,.F.);
#4269=ORIENTED_EDGE('',*,*,#3280,.T.);
#4270=ORIENTED_EDGE('',*,*,#3281,.T.);
#4271=ORIENTED_EDGE('',*,*,#3282,.T.);
#4272=ORIENTED_EDGE('',*,*,#3283,.F.);
#4273=ORIENTED_EDGE('',*,*,#3284,.F.);
#4274=ORIENTED_EDGE('',*,*,#3285,.F.);
#4275=ORIENTED_EDGE('',*,*,#3286,.T.);
#4276=ORIENTED_EDGE('',*,*,#3287,.T.);
#4277=ORIENTED_EDGE('',*,*,#3288,.T.);
#4278=ORIENTED_EDGE('',*,*,#3289,.T.);
#4279=ORIENTED_EDGE('',*,*,#3287,.F.);
#4280=ORIENTED_EDGE('',*,*,#3290,.T.);
#4281=ORIENTED_EDGE('',*,*,#3291,.F.);
#4282=ORIENTED_EDGE('',*,*,#3292,.T.);
#4283=ORIENTED_EDGE('',*,*,#3293,.T.);
#4284=ORIENTED_EDGE('',*,*,#3294,.T.);
#4285=ORIENTED_EDGE('',*,*,#3295,.T.);
#4286=ORIENTED_EDGE('',*,*,#3296,.T.);
#4287=ORIENTED_EDGE('',*,*,#3297,.T.);
#4288=ORIENTED_EDGE('',*,*,#3295,.F.);
#4289=ORIENTED_EDGE('',*,*,#3298,.T.);
#4290=ORIENTED_EDGE('',*,*,#3299,.T.);
#4291=ORIENTED_EDGE('',*,*,#3300,.F.);
#4292=ORIENTED_EDGE('',*,*,#3301,.T.);
#4293=ORIENTED_EDGE('',*,*,#3302,.F.);
#4294=ORIENTED_EDGE('',*,*,#3303,.F.);
#4295=ORIENTED_EDGE('',*,*,#3304,.F.);
#4296=ORIENTED_EDGE('',*,*,#3299,.F.);
#4297=ORIENTED_EDGE('',*,*,#3305,.F.);
#4298=ORIENTED_EDGE('',*,*,#3280,.F.);
#4299=ORIENTED_EDGE('',*,*,#3302,.T.);
#4300=ORIENTED_EDGE('',*,*,#3283,.T.);
#4301=ORIENTED_EDGE('',*,*,#3306,.T.);
#4302=ORIENTED_EDGE('',*,*,#3307,.F.);
#4303=ORIENTED_EDGE('',*,*,#3308,.F.);
#4304=ORIENTED_EDGE('',*,*,#3309,.T.);
#4305=ORIENTED_EDGE('',*,*,#3310,.T.);
#4306=ORIENTED_EDGE('',*,*,#3311,.F.);
#4307=ORIENTED_EDGE('',*,*,#3312,.T.);
#4308=ORIENTED_EDGE('',*,*,#3313,.T.);
#4309=ORIENTED_EDGE('',*,*,#3314,.T.);
#4310=ORIENTED_EDGE('',*,*,#3315,.T.);
#4311=ORIENTED_EDGE('',*,*,#3316,.F.);
#4312=ORIENTED_EDGE('',*,*,#3317,.F.);
#4313=ORIENTED_EDGE('',*,*,#3318,.F.);
#4314=ORIENTED_EDGE('',*,*,#3319,.T.);
#4315=ORIENTED_EDGE('',*,*,#3320,.F.);
#4316=ORIENTED_EDGE('',*,*,#3321,.T.);
#4317=ORIENTED_EDGE('',*,*,#3322,.T.);
#4318=ORIENTED_EDGE('',*,*,#3323,.T.);
#4319=ORIENTED_EDGE('',*,*,#3324,.T.);
#4320=ORIENTED_EDGE('',*,*,#3325,.T.);
#4321=ORIENTED_EDGE('',*,*,#3326,.T.);
#4322=ORIENTED_EDGE('',*,*,#3327,.T.);
#4323=ORIENTED_EDGE('',*,*,#3217,.T.);
#4324=ORIENTED_EDGE('',*,*,#3328,.F.);
#4325=ORIENTED_EDGE('',*,*,#3329,.F.);
#4326=ORIENTED_EDGE('',*,*,#3330,.F.);
#4327=ORIENTED_EDGE('',*,*,#3331,.F.);
#4328=ORIENTED_EDGE('',*,*,#3332,.T.);
#4329=ORIENTED_EDGE('',*,*,#3333,.T.);
#4330=ORIENTED_EDGE('',*,*,#3334,.T.);
#4331=ORIENTED_EDGE('',*,*,#3335,.F.);
#4332=ORIENTED_EDGE('',*,*,#3336,.T.);
#4333=ORIENTED_EDGE('',*,*,#3337,.T.);
#4334=ORIENTED_EDGE('',*,*,#3338,.T.);
#4335=ORIENTED_EDGE('',*,*,#3339,.F.);
#4336=ORIENTED_EDGE('',*,*,#3340,.F.);
#4337=ORIENTED_EDGE('',*,*,#3341,.F.);
#4338=ORIENTED_EDGE('',*,*,#3342,.F.);
#4339=ORIENTED_EDGE('',*,*,#3277,.F.);
#4340=ORIENTED_EDGE('',*,*,#3343,.F.);
#4341=ORIENTED_EDGE('',*,*,#3344,.F.);
#4342=ORIENTED_EDGE('',*,*,#3345,.F.);
#4343=ORIENTED_EDGE('',*,*,#3305,.T.);
#4344=ORIENTED_EDGE('',*,*,#3298,.F.);
#4345=ORIENTED_EDGE('',*,*,#3294,.F.);
#4346=ORIENTED_EDGE('',*,*,#3346,.T.);
#4347=ORIENTED_EDGE('',*,*,#3347,.T.);
#4348=ORIENTED_EDGE('',*,*,#3348,.T.);
#4349=ORIENTED_EDGE('',*,*,#3349,.T.);
#4350=ORIENTED_EDGE('',*,*,#3350,.T.);
#4351=ORIENTED_EDGE('',*,*,#3351,.T.);
#4352=ORIENTED_EDGE('',*,*,#3352,.T.);
#4353=ORIENTED_EDGE('',*,*,#3353,.T.);
#4354=ORIENTED_EDGE('',*,*,#3354,.T.);
#4355=ORIENTED_EDGE('',*,*,#3355,.T.);
#4356=ORIENTED_EDGE('',*,*,#3356,.T.);
#4357=ORIENTED_EDGE('',*,*,#3357,.T.);
#4358=ORIENTED_EDGE('',*,*,#3358,.T.);
#4359=ORIENTED_EDGE('',*,*,#3359,.T.);
#4360=ORIENTED_EDGE('',*,*,#3360,.T.);
#4361=ORIENTED_EDGE('',*,*,#3288,.F.);
#4362=ORIENTED_EDGE('',*,*,#3293,.F.);
#4363=ORIENTED_EDGE('',*,*,#3361,.T.);
#4364=ORIENTED_EDGE('',*,*,#3281,.F.);
#4365=ORIENTED_EDGE('',*,*,#3362,.F.);
#4366=ORIENTED_EDGE('',*,*,#3363,.F.);
#4367=ORIENTED_EDGE('',*,*,#3306,.F.);
#4368=ORIENTED_EDGE('',*,*,#3282,.F.);
#4369=ORIENTED_EDGE('',*,*,#3361,.F.);
#4370=ORIENTED_EDGE('',*,*,#3292,.F.);
#4371=ORIENTED_EDGE('',*,*,#3304,.T.);
#4372=ORIENTED_EDGE('',*,*,#3364,.T.);
#4373=ORIENTED_EDGE('',*,*,#3362,.T.);
#4374=ORIENTED_EDGE('',*,*,#3291,.T.);
#4375=ORIENTED_EDGE('',*,*,#3365,.T.);
#4376=ORIENTED_EDGE('',*,*,#3300,.T.);
#4377=ORIENTED_EDGE('',*,*,#3303,.T.);
#4378=ORIENTED_EDGE('',*,*,#3307,.T.);
#4379=ORIENTED_EDGE('',*,*,#3363,.T.);
#4380=ORIENTED_EDGE('',*,*,#3364,.F.);
#4381=ORIENTED_EDGE('',*,*,#3297,.F.);
#4382=ORIENTED_EDGE('',*,*,#3366,.F.);
#4383=ORIENTED_EDGE('',*,*,#3367,.T.);
#4384=ORIENTED_EDGE('',*,*,#3346,.F.);
#4385=ORIENTED_EDGE('',*,*,#3289,.F.);
#4386=ORIENTED_EDGE('',*,*,#3360,.F.);
#4387=ORIENTED_EDGE('',*,*,#3368,.F.);
#4388=ORIENTED_EDGE('',*,*,#3369,.F.);
#4389=ORIENTED_EDGE('',*,*,#3347,.F.);
#4390=ORIENTED_EDGE('',*,*,#3367,.F.);
#4391=ORIENTED_EDGE('',*,*,#3370,.F.);
#4392=ORIENTED_EDGE('',*,*,#3371,.T.);
#4393=ORIENTED_EDGE('',*,*,#3348,.F.);
#4394=ORIENTED_EDGE('',*,*,#3371,.F.);
#4395=ORIENTED_EDGE('',*,*,#3372,.F.);
#4396=ORIENTED_EDGE('',*,*,#3373,.T.);
#4397=ORIENTED_EDGE('',*,*,#3349,.F.);
#4398=ORIENTED_EDGE('',*,*,#3373,.F.);
#4399=ORIENTED_EDGE('',*,*,#3374,.F.);
#4400=ORIENTED_EDGE('',*,*,#3375,.T.);
#4401=ORIENTED_EDGE('',*,*,#3350,.F.);
#4402=ORIENTED_EDGE('',*,*,#3375,.F.);
#4403=ORIENTED_EDGE('',*,*,#3376,.F.);
#4404=ORIENTED_EDGE('',*,*,#3377,.T.);
#4405=ORIENTED_EDGE('',*,*,#3351,.F.);
#4406=ORIENTED_EDGE('',*,*,#3377,.F.);
#4407=ORIENTED_EDGE('',*,*,#3378,.F.);
#4408=ORIENTED_EDGE('',*,*,#3379,.T.);
#4409=ORIENTED_EDGE('',*,*,#3352,.F.);
#4410=ORIENTED_EDGE('',*,*,#3379,.F.);
#4411=ORIENTED_EDGE('',*,*,#3380,.F.);
#4412=ORIENTED_EDGE('',*,*,#3381,.T.);
#4413=ORIENTED_EDGE('',*,*,#3353,.F.);
#4414=ORIENTED_EDGE('',*,*,#3381,.F.);
#4415=ORIENTED_EDGE('',*,*,#3382,.F.);
#4416=ORIENTED_EDGE('',*,*,#3383,.T.);
#4417=ORIENTED_EDGE('',*,*,#3354,.F.);
#4418=ORIENTED_EDGE('',*,*,#3383,.F.);
#4419=ORIENTED_EDGE('',*,*,#3384,.F.);
#4420=ORIENTED_EDGE('',*,*,#3385,.T.);
#4421=ORIENTED_EDGE('',*,*,#3355,.F.);
#4422=ORIENTED_EDGE('',*,*,#3385,.F.);
#4423=ORIENTED_EDGE('',*,*,#3386,.F.);
#4424=ORIENTED_EDGE('',*,*,#3387,.T.);
#4425=ORIENTED_EDGE('',*,*,#3356,.F.);
#4426=ORIENTED_EDGE('',*,*,#3387,.F.);
#4427=ORIENTED_EDGE('',*,*,#3388,.F.);
#4428=ORIENTED_EDGE('',*,*,#3389,.T.);
#4429=ORIENTED_EDGE('',*,*,#3357,.F.);
#4430=ORIENTED_EDGE('',*,*,#3389,.F.);
#4431=ORIENTED_EDGE('',*,*,#3390,.F.);
#4432=ORIENTED_EDGE('',*,*,#3391,.T.);
#4433=ORIENTED_EDGE('',*,*,#3358,.F.);
#4434=ORIENTED_EDGE('',*,*,#3391,.F.);
#4435=ORIENTED_EDGE('',*,*,#3392,.F.);
#4436=ORIENTED_EDGE('',*,*,#3393,.T.);
#4437=ORIENTED_EDGE('',*,*,#3359,.F.);
#4438=ORIENTED_EDGE('',*,*,#3393,.F.);
#4439=ORIENTED_EDGE('',*,*,#3394,.F.);
#4440=ORIENTED_EDGE('',*,*,#3368,.T.);
#4441=ORIENTED_EDGE('',*,*,#3395,.F.);
#4442=ORIENTED_EDGE('',*,*,#3243,.F.);
#4443=ORIENTED_EDGE('',*,*,#3246,.T.);
#4444=ORIENTED_EDGE('',*,*,#3396,.F.);
#4445=ORIENTED_EDGE('',*,*,#3397,.F.);
#4446=ORIENTED_EDGE('',*,*,#3240,.F.);
#4447=ORIENTED_EDGE('',*,*,#3398,.T.);
#4448=ORIENTED_EDGE('',*,*,#3399,.T.);
#4449=ORIENTED_EDGE('',*,*,#3400,.F.);
#4450=ORIENTED_EDGE('',*,*,#3401,.F.);
#4451=ORIENTED_EDGE('',*,*,#3402,.F.);
#4452=ORIENTED_EDGE('',*,*,#3252,.T.);
#4453=ORIENTED_EDGE('',*,*,#3403,.F.);
#4454=ORIENTED_EDGE('',*,*,#3404,.F.);
#4455=ORIENTED_EDGE('',*,*,#3405,.F.);
#4456=ORIENTED_EDGE('',*,*,#3406,.T.);
#4457=ORIENTED_EDGE('',*,*,#3407,.F.);
#4458=ORIENTED_EDGE('',*,*,#3238,.F.);
#4459=ORIENTED_EDGE('',*,*,#3235,.T.);
#4460=ORIENTED_EDGE('',*,*,#3408,.F.);
#4461=ORIENTED_EDGE('',*,*,#3249,.T.);
#4462=ORIENTED_EDGE('',*,*,#3409,.T.);
#4463=ORIENTED_EDGE('',*,*,#3410,.T.);
#4464=ORIENTED_EDGE('',*,*,#3411,.F.);
#4465=ORIENTED_EDGE('',*,*,#3253,.T.);
#4466=ORIENTED_EDGE('',*,*,#3402,.T.);
#4467=ORIENTED_EDGE('',*,*,#3412,.F.);
#4468=ORIENTED_EDGE('',*,*,#3258,.T.);
#4469=ORIENTED_EDGE('',*,*,#3413,.T.);
#4470=ORIENTED_EDGE('',*,*,#3414,.T.);
#4471=ORIENTED_EDGE('',*,*,#3405,.T.);
#4472=ORIENTED_EDGE('',*,*,#3414,.F.);
#4473=ORIENTED_EDGE('',*,*,#3415,.F.);
#4474=ORIENTED_EDGE('',*,*,#3416,.T.);
#4475=ORIENTED_EDGE('',*,*,#3260,.F.);
#4476=ORIENTED_EDGE('',*,*,#3417,.F.);
#4477=ORIENTED_EDGE('',*,*,#3406,.F.);
#4478=ORIENTED_EDGE('',*,*,#3261,.T.);
#4479=ORIENTED_EDGE('',*,*,#3418,.T.);
#4480=ORIENTED_EDGE('',*,*,#3419,.T.);
#4481=ORIENTED_EDGE('',*,*,#3420,.F.);
#4482=ORIENTED_EDGE('',*,*,#3343,.T.);
#4483=ORIENTED_EDGE('',*,*,#3276,.T.);
#4484=ORIENTED_EDGE('',*,*,#3275,.T.);
#4485=ORIENTED_EDGE('',*,*,#3421,.F.);
#4486=ORIENTED_EDGE('',*,*,#3422,.F.);
#4487=ORIENTED_EDGE('',*,*,#3199,.F.);
#4488=ORIENTED_EDGE('',*,*,#3202,.T.);
#4489=ORIENTED_EDGE('',*,*,#3423,.F.);
#4490=ORIENTED_EDGE('',*,*,#3424,.F.);
#4491=ORIENTED_EDGE('',*,*,#3196,.F.);
#4492=ORIENTED_EDGE('',*,*,#3425,.T.);
#4493=ORIENTED_EDGE('',*,*,#3426,.T.);
#4494=ORIENTED_EDGE('',*,*,#3427,.F.);
#4495=ORIENTED_EDGE('',*,*,#3195,.F.);
#4496=ORIENTED_EDGE('',*,*,#3428,.F.);
#4497=ORIENTED_EDGE('',*,*,#3429,.F.);
#4498=ORIENTED_EDGE('',*,*,#3430,.F.);
#4499=ORIENTED_EDGE('',*,*,#3431,.F.);
#4500=ORIENTED_EDGE('',*,*,#3425,.F.);
#4501=ORIENTED_EDGE('',*,*,#3194,.F.);
#4502=ORIENTED_EDGE('',*,*,#3205,.T.);
#4503=ORIENTED_EDGE('',*,*,#3432,.F.);
#4504=ORIENTED_EDGE('',*,*,#3208,.T.);
#4505=ORIENTED_EDGE('',*,*,#3433,.F.);
#4506=ORIENTED_EDGE('',*,*,#3428,.T.);
#4507=ORIENTED_EDGE('',*,*,#3434,.T.);
#4508=ORIENTED_EDGE('',*,*,#3435,.T.);
#4509=ORIENTED_EDGE('',*,*,#3436,.F.);
#4510=ORIENTED_EDGE('',*,*,#3437,.T.);
#4511=ORIENTED_EDGE('',*,*,#3435,.F.);
#4512=ORIENTED_EDGE('',*,*,#3438,.T.);
#4513=ORIENTED_EDGE('',*,*,#3439,.T.);
#4514=ORIENTED_EDGE('',*,*,#3225,.F.);
#4515=ORIENTED_EDGE('',*,*,#3212,.T.);
#4516=ORIENTED_EDGE('',*,*,#3440,.F.);
#4517=ORIENTED_EDGE('',*,*,#3437,.F.);
#4518=ORIENTED_EDGE('',*,*,#3441,.F.);
#4519=ORIENTED_EDGE('',*,*,#3219,.F.);
#4520=ORIENTED_EDGE('',*,*,#3442,.F.);
#4521=ORIENTED_EDGE('',*,*,#3443,.F.);
#4522=ORIENTED_EDGE('',*,*,#3434,.F.);
#4523=ORIENTED_EDGE('',*,*,#3443,.T.);
#4524=ORIENTED_EDGE('',*,*,#3444,.F.);
#4525=ORIENTED_EDGE('',*,*,#3445,.F.);
#4526=ORIENTED_EDGE('',*,*,#3446,.F.);
#4527=ORIENTED_EDGE('',*,*,#3438,.F.);
#4528=ORIENTED_EDGE('',*,*,#3447,.T.);
#4529=ORIENTED_EDGE('',*,*,#3444,.T.);
#4530=ORIENTED_EDGE('',*,*,#3448,.T.);
#4531=ORIENTED_EDGE('',*,*,#3449,.T.);
#4532=ORIENTED_EDGE('',*,*,#3442,.T.);
#4533=ORIENTED_EDGE('',*,*,#3218,.T.);
#4534=ORIENTED_EDGE('',*,*,#3327,.F.);
#4535=ORIENTED_EDGE('',*,*,#3450,.F.);
#4536=ORIENTED_EDGE('',*,*,#3451,.T.);
#4537=ORIENTED_EDGE('',*,*,#3448,.F.);
#4538=ORIENTED_EDGE('',*,*,#3452,.F.);
#4539=ORIENTED_EDGE('',*,*,#3430,.T.);
#4540=ORIENTED_EDGE('',*,*,#3453,.T.);
#4541=ORIENTED_EDGE('',*,*,#3454,.T.);
#4542=ORIENTED_EDGE('',*,*,#3455,.F.);
#4543=ORIENTED_EDGE('',*,*,#3456,.T.);
#4544=ORIENTED_EDGE('',*,*,#3457,.T.);
#4545=ORIENTED_EDGE('',*,*,#3320,.T.);
#4546=ORIENTED_EDGE('',*,*,#3458,.T.);
#4547=ORIENTED_EDGE('',*,*,#3459,.F.);
#4548=ORIENTED_EDGE('',*,*,#3454,.F.);
#4549=ORIENTED_EDGE('',*,*,#3460,.F.);
#4550=ORIENTED_EDGE('',*,*,#3461,.F.);
#4551=ORIENTED_EDGE('',*,*,#3456,.F.);
#4552=ORIENTED_EDGE('',*,*,#3462,.F.);
#4553=ORIENTED_EDGE('',*,*,#3461,.T.);
#4554=ORIENTED_EDGE('',*,*,#3463,.F.);
#4555=ORIENTED_EDGE('',*,*,#3464,.F.);
#4556=ORIENTED_EDGE('',*,*,#3465,.T.);
#4557=ORIENTED_EDGE('',*,*,#3321,.F.);
#4558=ORIENTED_EDGE('',*,*,#3457,.F.);
#4559=ORIENTED_EDGE('',*,*,#3466,.T.);
#4560=ORIENTED_EDGE('',*,*,#3467,.T.);
#4561=ORIENTED_EDGE('',*,*,#3463,.T.);
#4562=ORIENTED_EDGE('',*,*,#3468,.T.);
#4563=ORIENTED_EDGE('',*,*,#3449,.F.);
#4564=ORIENTED_EDGE('',*,*,#3451,.F.);
#4565=ORIENTED_EDGE('',*,*,#3469,.T.);
#4566=ORIENTED_EDGE('',*,*,#3470,.T.);
#4567=ORIENTED_EDGE('',*,*,#3471,.T.);
#4568=ORIENTED_EDGE('',*,*,#3472,.T.);
#4569=ORIENTED_EDGE('',*,*,#3473,.T.);
#4570=ORIENTED_EDGE('',*,*,#3464,.T.);
#4571=ORIENTED_EDGE('',*,*,#3467,.F.);
#4572=ORIENTED_EDGE('',*,*,#3474,.T.);
#4573=ORIENTED_EDGE('',*,*,#3475,.T.);
#4574=ORIENTED_EDGE('',*,*,#3476,.T.);
#4575=ORIENTED_EDGE('',*,*,#3477,.T.);
#4576=ORIENTED_EDGE('',*,*,#3478,.T.);
#4577=ORIENTED_EDGE('',*,*,#3479,.T.);
#4578=ORIENTED_EDGE('',*,*,#3480,.F.);
#4579=ORIENTED_EDGE('',*,*,#3481,.T.);
#4580=ORIENTED_EDGE('',*,*,#3482,.T.);
#4581=ORIENTED_EDGE('',*,*,#3483,.T.);
#4582=ORIENTED_EDGE('',*,*,#3484,.T.);
#4583=ORIENTED_EDGE('',*,*,#3485,.T.);
#4584=ORIENTED_EDGE('',*,*,#3486,.T.);
#4585=ORIENTED_EDGE('',*,*,#3487,.T.);
#4586=ORIENTED_EDGE('',*,*,#3488,.T.);
#4587=ORIENTED_EDGE('',*,*,#3489,.T.);
#4588=ORIENTED_EDGE('',*,*,#3490,.T.);
#4589=ORIENTED_EDGE('',*,*,#3491,.T.);
#4590=ORIENTED_EDGE('',*,*,#3492,.T.);
#4591=ORIENTED_EDGE('',*,*,#3493,.T.);
#4592=ORIENTED_EDGE('',*,*,#3494,.F.);
#4593=ORIENTED_EDGE('',*,*,#3495,.T.);
#4594=ORIENTED_EDGE('',*,*,#3496,.T.);
#4595=ORIENTED_EDGE('',*,*,#3497,.T.);
#4596=ORIENTED_EDGE('',*,*,#3498,.T.);
#4597=ORIENTED_EDGE('',*,*,#3499,.T.);
#4598=ORIENTED_EDGE('',*,*,#3500,.T.);
#4599=ORIENTED_EDGE('',*,*,#3365,.F.);
#4600=ORIENTED_EDGE('',*,*,#3290,.F.);
#4601=ORIENTED_EDGE('',*,*,#3286,.F.);
#4602=ORIENTED_EDGE('',*,*,#3369,.T.);
#4603=ORIENTED_EDGE('',*,*,#3394,.T.);
#4604=ORIENTED_EDGE('',*,*,#3392,.T.);
#4605=ORIENTED_EDGE('',*,*,#3390,.T.);
#4606=ORIENTED_EDGE('',*,*,#3388,.T.);
#4607=ORIENTED_EDGE('',*,*,#3386,.T.);
#4608=ORIENTED_EDGE('',*,*,#3384,.T.);
#4609=ORIENTED_EDGE('',*,*,#3382,.T.);
#4610=ORIENTED_EDGE('',*,*,#3380,.T.);
#4611=ORIENTED_EDGE('',*,*,#3378,.T.);
#4612=ORIENTED_EDGE('',*,*,#3376,.T.);
#4613=ORIENTED_EDGE('',*,*,#3374,.T.);
#4614=ORIENTED_EDGE('',*,*,#3372,.T.);
#4615=ORIENTED_EDGE('',*,*,#3370,.T.);
#4616=ORIENTED_EDGE('',*,*,#3366,.T.);
#4617=ORIENTED_EDGE('',*,*,#3296,.F.);
#4618=ORIENTED_EDGE('',*,*,#3301,.F.);
#4619=ORIENTED_EDGE('',*,*,#3501,.F.);
#4620=ORIENTED_EDGE('',*,*,#3229,.F.);
#4621=ORIENTED_EDGE('',*,*,#3222,.T.);
#4622=ORIENTED_EDGE('',*,*,#3502,.F.);
#4623=ORIENTED_EDGE('',*,*,#3503,.F.);
#4624=ORIENTED_EDGE('',*,*,#3227,.F.);
#4625=ORIENTED_EDGE('',*,*,#3504,.T.);
#4626=ORIENTED_EDGE('',*,*,#3505,.F.);
#4627=ORIENTED_EDGE('',*,*,#3226,.F.);
#4628=ORIENTED_EDGE('',*,*,#3439,.F.);
#4629=ORIENTED_EDGE('',*,*,#3446,.T.);
#4630=ORIENTED_EDGE('',*,*,#3231,.F.);
#4631=ORIENTED_EDGE('',*,*,#3506,.F.);
#4632=ORIENTED_EDGE('',*,*,#3504,.F.);
#4633=ORIENTED_EDGE('',*,*,#3207,.T.);
#4634=ORIENTED_EDGE('',*,*,#3507,.T.);
#4635=ORIENTED_EDGE('',*,*,#3459,.T.);
#4636=ORIENTED_EDGE('',*,*,#3458,.F.);
#4637=ORIENTED_EDGE('',*,*,#3319,.F.);
#4638=ORIENTED_EDGE('',*,*,#3508,.F.);
#4639=ORIENTED_EDGE('',*,*,#3466,.F.);
#4640=ORIENTED_EDGE('',*,*,#3509,.F.);
#4641=ORIENTED_EDGE('',*,*,#3453,.F.);
#4642=ORIENTED_EDGE('',*,*,#3429,.T.);
#4643=ORIENTED_EDGE('',*,*,#3433,.T.);
#4644=ORIENTED_EDGE('',*,*,#3509,.T.);
#4645=ORIENTED_EDGE('',*,*,#3468,.F.);
#4646=ORIENTED_EDGE('',*,*,#3460,.T.);
#4647=ORIENTED_EDGE('',*,*,#3447,.F.);
#4648=ORIENTED_EDGE('',*,*,#3510,.F.);
#4649=ORIENTED_EDGE('',*,*,#3328,.T.);
#4650=ORIENTED_EDGE('',*,*,#3216,.T.);
#4651=ORIENTED_EDGE('',*,*,#3215,.T.);
#4652=ORIENTED_EDGE('',*,*,#3511,.F.);
#4653=ORIENTED_EDGE('',*,*,#3232,.T.);
#4654=ORIENTED_EDGE('',*,*,#3445,.T.);
#4655=ORIENTED_EDGE('',*,*,#3472,.F.);
#4656=ORIENTED_EDGE('',*,*,#3512,.T.);
#4657=ORIENTED_EDGE('',*,*,#3323,.F.);
#4658=ORIENTED_EDGE('',*,*,#3513,.F.);
#4659=ORIENTED_EDGE('',*,*,#3470,.F.);
#4660=ORIENTED_EDGE('',*,*,#3514,.F.);
#4661=ORIENTED_EDGE('',*,*,#3325,.F.);
#4662=ORIENTED_EDGE('',*,*,#3515,.F.);
#4663=ORIENTED_EDGE('',*,*,#3471,.F.);
#4664=ORIENTED_EDGE('',*,*,#3515,.T.);
#4665=ORIENTED_EDGE('',*,*,#3324,.F.);
#4666=ORIENTED_EDGE('',*,*,#3512,.F.);
#4667=ORIENTED_EDGE('',*,*,#3513,.T.);
#4668=ORIENTED_EDGE('',*,*,#3322,.F.);
#4669=ORIENTED_EDGE('',*,*,#3465,.F.);
#4670=ORIENTED_EDGE('',*,*,#3473,.F.);
#4671=ORIENTED_EDGE('',*,*,#3514,.T.);
#4672=ORIENTED_EDGE('',*,*,#3469,.F.);
#4673=ORIENTED_EDGE('',*,*,#3450,.T.);
#4674=ORIENTED_EDGE('',*,*,#3326,.F.);
#4675=ORIENTED_EDGE('',*,*,#3508,.T.);
#4676=ORIENTED_EDGE('',*,*,#3318,.T.);
#4677=ORIENTED_EDGE('',*,*,#3516,.F.);
#4678=ORIENTED_EDGE('',*,*,#3517,.T.);
#4679=ORIENTED_EDGE('',*,*,#3474,.F.);
#4680=ORIENTED_EDGE('',*,*,#3518,.F.);
#4681=ORIENTED_EDGE('',*,*,#3519,.T.);
#4682=ORIENTED_EDGE('',*,*,#3520,.T.);
#4683=ORIENTED_EDGE('',*,*,#3521,.T.);
#4684=ORIENTED_EDGE('',*,*,#3521,.F.);
#4685=ORIENTED_EDGE('',*,*,#3522,.F.);
#4686=ORIENTED_EDGE('',*,*,#3523,.F.);
#4687=ORIENTED_EDGE('',*,*,#3263,.F.);
#4688=ORIENTED_EDGE('',*,*,#3524,.F.);
#4689=ORIENTED_EDGE('',*,*,#3520,.F.);
#4690=ORIENTED_EDGE('',*,*,#3525,.T.);
#4691=ORIENTED_EDGE('',*,*,#3409,.F.);
#4692=ORIENTED_EDGE('',*,*,#3526,.F.);
#4693=ORIENTED_EDGE('',*,*,#3527,.F.);
#4694=ORIENTED_EDGE('',*,*,#3418,.F.);
#4695=ORIENTED_EDGE('',*,*,#3416,.F.);
#4696=ORIENTED_EDGE('',*,*,#3528,.T.);
#4697=ORIENTED_EDGE('',*,*,#3529,.F.);
#4698=ORIENTED_EDGE('',*,*,#3530,.T.);
#4699=ORIENTED_EDGE('',*,*,#3531,.F.);
#4700=ORIENTED_EDGE('',*,*,#3532,.T.);
#4701=ORIENTED_EDGE('',*,*,#3533,.F.);
#4702=ORIENTED_EDGE('',*,*,#3534,.F.);
#4703=ORIENTED_EDGE('',*,*,#3535,.T.);
#4704=ORIENTED_EDGE('',*,*,#3536,.F.);
#4705=ORIENTED_EDGE('',*,*,#3537,.F.);
#4706=ORIENTED_EDGE('',*,*,#3538,.T.);
#4707=ORIENTED_EDGE('',*,*,#3539,.F.);
#4708=ORIENTED_EDGE('',*,*,#3522,.T.);
#4709=ORIENTED_EDGE('',*,*,#3529,.T.);
#4710=ORIENTED_EDGE('',*,*,#3540,.T.);
#4711=ORIENTED_EDGE('',*,*,#3541,.F.);
#4712=ORIENTED_EDGE('',*,*,#3542,.T.);
#4713=ORIENTED_EDGE('',*,*,#3413,.F.);
#4714=ORIENTED_EDGE('',*,*,#3257,.T.);
#4715=ORIENTED_EDGE('',*,*,#3543,.F.);
#4716=ORIENTED_EDGE('',*,*,#3540,.F.);
#4717=ORIENTED_EDGE('',*,*,#3528,.F.);
#4718=ORIENTED_EDGE('',*,*,#3415,.T.);
#4719=ORIENTED_EDGE('',*,*,#3267,.T.);
#4720=ORIENTED_EDGE('',*,*,#3544,.F.);
#4721=ORIENTED_EDGE('',*,*,#3536,.T.);
#4722=ORIENTED_EDGE('',*,*,#3545,.T.);
#4723=ORIENTED_EDGE('',*,*,#3537,.T.);
#4724=ORIENTED_EDGE('',*,*,#3544,.T.);
#4725=ORIENTED_EDGE('',*,*,#3266,.T.);
#4726=ORIENTED_EDGE('',*,*,#3546,.T.);
#4727=ORIENTED_EDGE('',*,*,#3539,.T.);
#4728=ORIENTED_EDGE('',*,*,#3547,.T.);
#4729=ORIENTED_EDGE('',*,*,#3264,.T.);
#4730=ORIENTED_EDGE('',*,*,#3523,.T.);
#4731=ORIENTED_EDGE('',*,*,#3546,.F.);
#4732=ORIENTED_EDGE('',*,*,#3265,.F.);
#4733=ORIENTED_EDGE('',*,*,#3547,.F.);
#4734=ORIENTED_EDGE('',*,*,#3538,.F.);
#4735=ORIENTED_EDGE('',*,*,#3269,.T.);
#4736=ORIENTED_EDGE('',*,*,#3548,.T.);
#4737=ORIENTED_EDGE('',*,*,#3534,.T.);
#4738=ORIENTED_EDGE('',*,*,#3549,.F.);
#4739=ORIENTED_EDGE('',*,*,#3545,.F.);
#4740=ORIENTED_EDGE('',*,*,#3535,.F.);
#4741=ORIENTED_EDGE('',*,*,#3548,.F.);
#4742=ORIENTED_EDGE('',*,*,#3268,.F.);
#4743=ORIENTED_EDGE('',*,*,#3533,.T.);
#4744=ORIENTED_EDGE('',*,*,#3550,.T.);
#4745=ORIENTED_EDGE('',*,*,#3270,.T.);
#4746=ORIENTED_EDGE('',*,*,#3549,.T.);
#4747=ORIENTED_EDGE('',*,*,#3550,.F.);
#4748=ORIENTED_EDGE('',*,*,#3532,.F.);
#4749=ORIENTED_EDGE('',*,*,#3551,.F.);
#4750=ORIENTED_EDGE('',*,*,#3271,.F.);
#4751=ORIENTED_EDGE('',*,*,#3531,.T.);
#4752=ORIENTED_EDGE('',*,*,#3552,.T.);
#4753=ORIENTED_EDGE('',*,*,#3272,.T.);
#4754=ORIENTED_EDGE('',*,*,#3551,.T.);
#4755=ORIENTED_EDGE('',*,*,#3542,.F.);
#4756=ORIENTED_EDGE('',*,*,#3553,.F.);
#4757=ORIENTED_EDGE('',*,*,#3273,.F.);
#4758=ORIENTED_EDGE('',*,*,#3552,.F.);
#4759=ORIENTED_EDGE('',*,*,#3530,.F.);
#4760=ORIENTED_EDGE('',*,*,#3239,.F.);
#4761=ORIENTED_EDGE('',*,*,#3410,.F.);
#4762=ORIENTED_EDGE('',*,*,#3525,.F.);
#4763=ORIENTED_EDGE('',*,*,#3519,.F.);
#4764=ORIENTED_EDGE('',*,*,#3554,.F.);
#4765=ORIENTED_EDGE('',*,*,#3398,.F.);
#4766=ORIENTED_EDGE('',*,*,#3527,.T.);
#4767=ORIENTED_EDGE('',*,*,#3555,.F.);
#4768=ORIENTED_EDGE('',*,*,#3487,.F.);
#4769=ORIENTED_EDGE('',*,*,#3419,.F.);
#4770=ORIENTED_EDGE('',*,*,#3248,.T.);
#4771=ORIENTED_EDGE('',*,*,#3556,.T.);
#4772=ORIENTED_EDGE('',*,*,#3279,.T.);
#4773=ORIENTED_EDGE('',*,*,#3278,.T.);
#4774=ORIENTED_EDGE('',*,*,#3342,.T.);
#4775=ORIENTED_EDGE('',*,*,#3557,.F.);
#4776=ORIENTED_EDGE('',*,*,#3555,.T.);
#4777=ORIENTED_EDGE('',*,*,#3526,.T.);
#4778=ORIENTED_EDGE('',*,*,#3420,.T.);
#4779=ORIENTED_EDGE('',*,*,#3486,.F.);
#4780=ORIENTED_EDGE('',*,*,#3558,.F.);
#4781=ORIENTED_EDGE('',*,*,#3559,.F.);
#4782=ORIENTED_EDGE('',*,*,#3344,.T.);
#4783=ORIENTED_EDGE('',*,*,#3557,.T.);
#4784=ORIENTED_EDGE('',*,*,#3341,.T.);
#4785=ORIENTED_EDGE('',*,*,#3560,.F.);
#4786=ORIENTED_EDGE('',*,*,#3561,.T.);
#4787=ORIENTED_EDGE('',*,*,#3488,.F.);
#4788=ORIENTED_EDGE('',*,*,#3562,.T.);
#4789=ORIENTED_EDGE('',*,*,#3563,.T.);
#4790=ORIENTED_EDGE('',*,*,#3564,.T.);
#4791=ORIENTED_EDGE('',*,*,#3565,.T.);
#4792=ORIENTED_EDGE('',*,*,#3563,.F.);
#4793=ORIENTED_EDGE('',*,*,#3566,.F.);
#4794=ORIENTED_EDGE('',*,*,#3567,.F.);
#4795=ORIENTED_EDGE('',*,*,#3568,.F.);
#4796=ORIENTED_EDGE('',*,*,#3562,.F.);
#4797=ORIENTED_EDGE('',*,*,#3569,.T.);
#4798=ORIENTED_EDGE('',*,*,#3570,.F.);
#4799=ORIENTED_EDGE('',*,*,#3571,.T.);
#4800=ORIENTED_EDGE('',*,*,#3572,.F.);
#4801=ORIENTED_EDGE('',*,*,#3566,.T.);
#4802=ORIENTED_EDGE('',*,*,#3573,.T.);
#4803=ORIENTED_EDGE('',*,*,#3567,.T.);
#4804=ORIENTED_EDGE('',*,*,#3572,.T.);
#4805=ORIENTED_EDGE('',*,*,#3574,.T.);
#4806=ORIENTED_EDGE('',*,*,#3564,.F.);
#4807=ORIENTED_EDGE('',*,*,#3568,.T.);
#4808=ORIENTED_EDGE('',*,*,#3573,.F.);
#4809=ORIENTED_EDGE('',*,*,#3575,.T.);
#4810=ORIENTED_EDGE('',*,*,#3335,.T.);
#4811=ORIENTED_EDGE('',*,*,#3576,.T.);
#4812=ORIENTED_EDGE('',*,*,#3574,.F.);
#4813=ORIENTED_EDGE('',*,*,#3571,.F.);
#4814=ORIENTED_EDGE('',*,*,#3577,.F.);
#4815=ORIENTED_EDGE('',*,*,#3578,.T.);
#4816=ORIENTED_EDGE('',*,*,#3336,.F.);
#4817=ORIENTED_EDGE('',*,*,#3575,.F.);
#4818=ORIENTED_EDGE('',*,*,#3579,.T.);
#4819=ORIENTED_EDGE('',*,*,#3494,.T.);
#4820=ORIENTED_EDGE('',*,*,#3577,.T.);
#4821=ORIENTED_EDGE('',*,*,#3570,.T.);
#4822=ORIENTED_EDGE('',*,*,#3580,.T.);
#4823=ORIENTED_EDGE('',*,*,#3581,.T.);
#4824=ORIENTED_EDGE('',*,*,#3582,.T.);
#4825=ORIENTED_EDGE('',*,*,#3583,.T.);
#4826=ORIENTED_EDGE('',*,*,#3580,.F.);
#4827=ORIENTED_EDGE('',*,*,#3584,.F.);
#4828=ORIENTED_EDGE('',*,*,#3585,.F.);
#4829=ORIENTED_EDGE('',*,*,#3586,.F.);
#4830=ORIENTED_EDGE('',*,*,#3587,.F.);
#4831=ORIENTED_EDGE('',*,*,#3588,.F.);
#4832=ORIENTED_EDGE('',*,*,#3583,.F.);
#4833=ORIENTED_EDGE('',*,*,#3589,.T.);
#4834=ORIENTED_EDGE('',*,*,#3590,.F.);
#4835=ORIENTED_EDGE('',*,*,#3584,.T.);
#4836=ORIENTED_EDGE('',*,*,#3591,.T.);
#4837=ORIENTED_EDGE('',*,*,#3592,.T.);
#4838=ORIENTED_EDGE('',*,*,#3585,.T.);
#4839=ORIENTED_EDGE('',*,*,#3590,.T.);
#4840=ORIENTED_EDGE('',*,*,#3593,.T.);
#4841=ORIENTED_EDGE('',*,*,#3587,.T.);
#4842=ORIENTED_EDGE('',*,*,#3594,.T.);
#4843=ORIENTED_EDGE('',*,*,#3480,.T.);
#4844=ORIENTED_EDGE('',*,*,#3581,.F.);
#4845=ORIENTED_EDGE('',*,*,#3588,.T.);
#4846=ORIENTED_EDGE('',*,*,#3593,.F.);
#4847=ORIENTED_EDGE('',*,*,#3595,.T.);
#4848=ORIENTED_EDGE('',*,*,#3313,.F.);
#4849=ORIENTED_EDGE('',*,*,#3596,.T.);
#4850=ORIENTED_EDGE('',*,*,#3582,.F.);
#4851=ORIENTED_EDGE('',*,*,#3596,.F.);
#4852=ORIENTED_EDGE('',*,*,#3312,.F.);
#4853=ORIENTED_EDGE('',*,*,#3597,.F.);
#4854=ORIENTED_EDGE('',*,*,#3591,.F.);
#4855=ORIENTED_EDGE('',*,*,#3589,.F.);
#4856=ORIENTED_EDGE('',*,*,#3565,.F.);
#4857=ORIENTED_EDGE('',*,*,#3576,.F.);
#4858=ORIENTED_EDGE('',*,*,#3334,.F.);
#4859=ORIENTED_EDGE('',*,*,#3598,.F.);
#4860=ORIENTED_EDGE('',*,*,#3579,.F.);
#4861=ORIENTED_EDGE('',*,*,#3569,.F.);
#4862=ORIENTED_EDGE('',*,*,#3592,.F.);
#4863=ORIENTED_EDGE('',*,*,#3597,.T.);
#4864=ORIENTED_EDGE('',*,*,#3311,.T.);
#4865=ORIENTED_EDGE('',*,*,#3599,.F.);
#4866=ORIENTED_EDGE('',*,*,#3594,.F.);
#4867=ORIENTED_EDGE('',*,*,#3586,.T.);
#4868=ORIENTED_EDGE('',*,*,#3600,.F.);
#4869=ORIENTED_EDGE('',*,*,#3601,.F.);
#4870=ORIENTED_EDGE('',*,*,#3496,.F.);
#4871=ORIENTED_EDGE('',*,*,#3602,.T.);
#4872=ORIENTED_EDGE('',*,*,#3332,.F.);
#4873=ORIENTED_EDGE('',*,*,#3333,.F.);
#4874=ORIENTED_EDGE('',*,*,#3602,.F.);
#4875=ORIENTED_EDGE('',*,*,#3495,.F.);
#4876=ORIENTED_EDGE('',*,*,#3598,.T.);
#4877=ORIENTED_EDGE('',*,*,#3603,.F.);
#4878=ORIENTED_EDGE('',*,*,#3604,.F.);
#4879=ORIENTED_EDGE('',*,*,#3497,.F.);
#4880=ORIENTED_EDGE('',*,*,#3601,.T.);
#4881=ORIENTED_EDGE('',*,*,#3605,.F.);
#4882=ORIENTED_EDGE('',*,*,#3606,.F.);
#4883=ORIENTED_EDGE('',*,*,#3498,.F.);
#4884=ORIENTED_EDGE('',*,*,#3604,.T.);
#4885=ORIENTED_EDGE('',*,*,#3338,.F.);
#4886=ORIENTED_EDGE('',*,*,#3607,.F.);
#4887=ORIENTED_EDGE('',*,*,#3492,.F.);
#4888=ORIENTED_EDGE('',*,*,#3608,.T.);
#4889=ORIENTED_EDGE('',*,*,#3609,.F.);
#4890=ORIENTED_EDGE('',*,*,#3337,.F.);
#4891=ORIENTED_EDGE('',*,*,#3578,.F.);
#4892=ORIENTED_EDGE('',*,*,#3493,.F.);
#4893=ORIENTED_EDGE('',*,*,#3607,.T.);
#4894=ORIENTED_EDGE('',*,*,#3610,.F.);
#4895=ORIENTED_EDGE('',*,*,#3608,.F.);
#4896=ORIENTED_EDGE('',*,*,#3491,.F.);
#4897=ORIENTED_EDGE('',*,*,#3611,.T.);
#4898=ORIENTED_EDGE('',*,*,#3612,.F.);
#4899=ORIENTED_EDGE('',*,*,#3611,.F.);
#4900=ORIENTED_EDGE('',*,*,#3490,.F.);
#4901=ORIENTED_EDGE('',*,*,#3613,.F.);
#4902=ORIENTED_EDGE('',*,*,#3613,.T.);
#4903=ORIENTED_EDGE('',*,*,#3489,.F.);
#4904=ORIENTED_EDGE('',*,*,#3561,.F.);
#4905=ORIENTED_EDGE('',*,*,#3614,.F.);
#4906=ORIENTED_EDGE('',*,*,#3315,.F.);
#4907=ORIENTED_EDGE('',*,*,#3615,.F.);
#4908=ORIENTED_EDGE('',*,*,#3478,.F.);
#4909=ORIENTED_EDGE('',*,*,#3616,.T.);
#4910=ORIENTED_EDGE('',*,*,#3617,.F.);
#4911=ORIENTED_EDGE('',*,*,#3314,.F.);
#4912=ORIENTED_EDGE('',*,*,#3595,.F.);
#4913=ORIENTED_EDGE('',*,*,#3479,.F.);
#4914=ORIENTED_EDGE('',*,*,#3615,.T.);
#4915=ORIENTED_EDGE('',*,*,#3618,.F.);
#4916=ORIENTED_EDGE('',*,*,#3616,.F.);
#4917=ORIENTED_EDGE('',*,*,#3477,.F.);
#4918=ORIENTED_EDGE('',*,*,#3619,.T.);
#4919=ORIENTED_EDGE('',*,*,#3620,.F.);
#4920=ORIENTED_EDGE('',*,*,#3619,.F.);
#4921=ORIENTED_EDGE('',*,*,#3476,.F.);
#4922=ORIENTED_EDGE('',*,*,#3621,.F.);
#4923=ORIENTED_EDGE('',*,*,#3621,.T.);
#4924=ORIENTED_EDGE('',*,*,#3475,.F.);
#4925=ORIENTED_EDGE('',*,*,#3517,.F.);
#4926=ORIENTED_EDGE('',*,*,#3622,.F.);
#4927=ORIENTED_EDGE('',*,*,#3623,.F.);
#4928=ORIENTED_EDGE('',*,*,#3624,.F.);
#4929=ORIENTED_EDGE('',*,*,#3482,.F.);
#4930=ORIENTED_EDGE('',*,*,#3625,.T.);
#4931=ORIENTED_EDGE('',*,*,#3309,.F.);
#4932=ORIENTED_EDGE('',*,*,#3310,.F.);
#4933=ORIENTED_EDGE('',*,*,#3625,.F.);
#4934=ORIENTED_EDGE('',*,*,#3481,.F.);
#4935=ORIENTED_EDGE('',*,*,#3599,.T.);
#4936=ORIENTED_EDGE('',*,*,#3626,.F.);
#4937=ORIENTED_EDGE('',*,*,#3627,.F.);
#4938=ORIENTED_EDGE('',*,*,#3483,.F.);
#4939=ORIENTED_EDGE('',*,*,#3624,.T.);
#4940=ORIENTED_EDGE('',*,*,#3628,.F.);
#4941=ORIENTED_EDGE('',*,*,#3629,.F.);
#4942=ORIENTED_EDGE('',*,*,#3484,.F.);
#4943=ORIENTED_EDGE('',*,*,#3627,.T.);
#4944=ORIENTED_EDGE('',*,*,#3629,.T.);
#4945=ORIENTED_EDGE('',*,*,#3630,.F.);
#4946=ORIENTED_EDGE('',*,*,#3558,.T.);
#4947=ORIENTED_EDGE('',*,*,#3485,.F.);
#4948=ORIENTED_EDGE('',*,*,#3510,.T.);
#4949=ORIENTED_EDGE('',*,*,#3500,.F.);
#4950=ORIENTED_EDGE('',*,*,#3631,.F.);
#4951=ORIENTED_EDGE('',*,*,#3632,.F.);
#4952=ORIENTED_EDGE('',*,*,#3329,.T.);
#4953=ORIENTED_EDGE('',*,*,#3606,.T.);
#4954=ORIENTED_EDGE('',*,*,#3633,.F.);
#4955=ORIENTED_EDGE('',*,*,#3631,.T.);
#4956=ORIENTED_EDGE('',*,*,#3499,.F.);
#4957=ORIENTED_EDGE('',*,*,#3285,.T.);
#4958=ORIENTED_EDGE('',*,*,#3634,.F.);
#4959=ORIENTED_EDGE('',*,*,#3635,.F.);
#4960=ORIENTED_EDGE('',*,*,#3636,.F.);
#4961=ORIENTED_EDGE('',*,*,#3637,.F.);
#4962=ORIENTED_EDGE('',*,*,#3638,.F.);
#4963=ORIENTED_EDGE('',*,*,#3617,.T.);
#4964=ORIENTED_EDGE('',*,*,#3618,.T.);
#4965=ORIENTED_EDGE('',*,*,#3620,.T.);
#4966=ORIENTED_EDGE('',*,*,#3622,.T.);
#4967=ORIENTED_EDGE('',*,*,#3516,.T.);
#4968=ORIENTED_EDGE('',*,*,#3639,.F.);
#4969=ORIENTED_EDGE('',*,*,#3640,.T.);
#4970=ORIENTED_EDGE('',*,*,#3641,.F.);
#4971=ORIENTED_EDGE('',*,*,#3642,.F.);
#4972=ORIENTED_EDGE('',*,*,#3609,.T.);
#4973=ORIENTED_EDGE('',*,*,#3610,.T.);
#4974=ORIENTED_EDGE('',*,*,#3612,.T.);
#4975=ORIENTED_EDGE('',*,*,#3614,.T.);
#4976=ORIENTED_EDGE('',*,*,#3560,.T.);
#4977=ORIENTED_EDGE('',*,*,#3643,.F.);
#4978=ORIENTED_EDGE('',*,*,#3644,.T.);
#4979=ORIENTED_EDGE('',*,*,#3645,.F.);
#4980=ORIENTED_EDGE('',*,*,#3646,.F.);
#4981=ORIENTED_EDGE('',*,*,#3431,.T.);
#4982=ORIENTED_EDGE('',*,*,#3452,.T.);
#4983=ORIENTED_EDGE('',*,*,#3462,.T.);
#4984=ORIENTED_EDGE('',*,*,#3647,.F.);
#4985=ORIENTED_EDGE('',*,*,#3648,.F.);
#4986=ORIENTED_EDGE('',*,*,#3649,.T.);
#4987=ORIENTED_EDGE('',*,*,#3650,.T.);
#4988=ORIENTED_EDGE('',*,*,#3651,.F.);
#4989=ORIENTED_EDGE('',*,*,#3507,.F.);
#4990=ORIENTED_EDGE('',*,*,#3206,.T.);
#4991=ORIENTED_EDGE('',*,*,#3652,.T.);
#4992=ORIENTED_EDGE('',*,*,#3653,.T.);
#4993=ORIENTED_EDGE('',*,*,#3654,.T.);
#4994=ORIENTED_EDGE('',*,*,#3427,.T.);
#4995=ORIENTED_EDGE('',*,*,#3655,.F.);
#4996=ORIENTED_EDGE('',*,*,#3656,.F.);
#4997=ORIENTED_EDGE('',*,*,#3204,.T.);
#4998=ORIENTED_EDGE('',*,*,#3657,.F.);
#4999=ORIENTED_EDGE('',*,*,#3658,.F.);
#5000=ORIENTED_EDGE('',*,*,#3659,.T.);
#5001=ORIENTED_EDGE('',*,*,#3652,.F.);
#5002=ORIENTED_EDGE('',*,*,#3432,.T.);
#5003=ORIENTED_EDGE('',*,*,#3423,.T.);
#5004=ORIENTED_EDGE('',*,*,#3201,.T.);
#5005=ORIENTED_EDGE('',*,*,#3660,.F.);
#5006=ORIENTED_EDGE('',*,*,#3661,.T.);
#5007=ORIENTED_EDGE('',*,*,#3662,.F.);
#5008=ORIENTED_EDGE('',*,*,#3663,.T.);
#5009=ORIENTED_EDGE('',*,*,#3664,.T.);
#5010=ORIENTED_EDGE('',*,*,#3665,.T.);
#5011=ORIENTED_EDGE('',*,*,#3666,.F.);
#5012=ORIENTED_EDGE('',*,*,#3330,.T.);
#5013=ORIENTED_EDGE('',*,*,#3667,.T.);
#5014=ORIENTED_EDGE('',*,*,#3668,.T.);
#5015=ORIENTED_EDGE('',*,*,#3506,.T.);
#5016=ORIENTED_EDGE('',*,*,#3669,.F.);
#5017=ORIENTED_EDGE('',*,*,#3670,.F.);
#5018=ORIENTED_EDGE('',*,*,#3671,.F.);
#5019=ORIENTED_EDGE('',*,*,#3672,.T.);
#5020=ORIENTED_EDGE('',*,*,#3505,.T.);
#5021=ORIENTED_EDGE('',*,*,#3210,.T.);
#5022=ORIENTED_EDGE('',*,*,#3673,.T.);
#5023=ORIENTED_EDGE('',*,*,#3674,.F.);
#5024=ORIENTED_EDGE('',*,*,#3502,.T.);
#5025=ORIENTED_EDGE('',*,*,#3221,.T.);
#5026=ORIENTED_EDGE('',*,*,#3675,.T.);
#5027=ORIENTED_EDGE('',*,*,#3676,.F.);
#5028=ORIENTED_EDGE('',*,*,#3556,.F.);
#5029=ORIENTED_EDGE('',*,*,#3247,.T.);
#5030=ORIENTED_EDGE('',*,*,#3677,.T.);
#5031=ORIENTED_EDGE('',*,*,#3678,.T.);
#5032=ORIENTED_EDGE('',*,*,#3679,.T.);
#5033=ORIENTED_EDGE('',*,*,#3400,.T.);
#5034=ORIENTED_EDGE('',*,*,#3680,.F.);
#5035=ORIENTED_EDGE('',*,*,#3681,.F.);
#5036=ORIENTED_EDGE('',*,*,#3234,.T.);
#5037=ORIENTED_EDGE('',*,*,#3682,.F.);
#5038=ORIENTED_EDGE('',*,*,#3683,.F.);
#5039=ORIENTED_EDGE('',*,*,#3684,.T.);
#5040=ORIENTED_EDGE('',*,*,#3677,.F.);
#5041=ORIENTED_EDGE('',*,*,#3408,.T.);
#5042=ORIENTED_EDGE('',*,*,#3396,.T.);
#5043=ORIENTED_EDGE('',*,*,#3245,.T.);
#5044=ORIENTED_EDGE('',*,*,#3685,.F.);
#5045=ORIENTED_EDGE('',*,*,#3250,.T.);
#5046=ORIENTED_EDGE('',*,*,#3411,.T.);
#5047=ORIENTED_EDGE('',*,*,#3404,.T.);
#5048=ORIENTED_EDGE('',*,*,#3686,.F.);
#5049=ORIENTED_EDGE('',*,*,#3687,.F.);
#5050=ORIENTED_EDGE('',*,*,#3688,.T.);
#5051=ORIENTED_EDGE('',*,*,#3689,.F.);
#5052=ORIENTED_EDGE('',*,*,#3690,.F.);
#5053=ORIENTED_EDGE('',*,*,#3254,.T.);
#5054=ORIENTED_EDGE('',*,*,#3412,.T.);
#5055=ORIENTED_EDGE('',*,*,#3401,.T.);
#5056=ORIENTED_EDGE('',*,*,#3691,.F.);
#5057=ORIENTED_EDGE('',*,*,#3407,.T.);
#5058=ORIENTED_EDGE('',*,*,#3417,.T.);
#5059=ORIENTED_EDGE('',*,*,#3692,.F.);
#5060=ORIENTED_EDGE('',*,*,#3693,.F.);
#5061=ORIENTED_EDGE('',*,*,#3694,.F.);
#5062=ORIENTED_EDGE('',*,*,#3686,.T.);
#5063=ORIENTED_EDGE('',*,*,#3255,.T.);
#5064=ORIENTED_EDGE('',*,*,#3690,.T.);
#5065=ORIENTED_EDGE('',*,*,#3695,.F.);
#5066=ORIENTED_EDGE('',*,*,#3696,.T.);
#5067=ORIENTED_EDGE('',*,*,#3697,.F.);
#5068=ORIENTED_EDGE('',*,*,#3698,.T.);
#5069=ORIENTED_EDGE('',*,*,#3699,.T.);
#5070=ORIENTED_EDGE('',*,*,#3700,.T.);
#5071=ORIENTED_EDGE('',*,*,#3701,.F.);
#5072=ORIENTED_EDGE('',*,*,#3345,.T.);
#5073=ORIENTED_EDGE('',*,*,#3702,.T.);
#5074=ORIENTED_EDGE('',*,*,#3703,.T.);
#5075=ORIENTED_EDGE('',*,*,#3704,.F.);
#5076=ORIENTED_EDGE('',*,*,#3705,.T.);
#5077=ORIENTED_EDGE('',*,*,#3706,.F.);
#5078=ORIENTED_EDGE('',*,*,#3707,.F.);
#5079=ORIENTED_EDGE('',*,*,#3708,.F.);
#5080=ORIENTED_EDGE('',*,*,#3707,.T.);
#5081=ORIENTED_EDGE('',*,*,#3709,.F.);
#5082=ORIENTED_EDGE('',*,*,#3710,.F.);
#5083=ORIENTED_EDGE('',*,*,#3711,.F.);
#5084=ORIENTED_EDGE('',*,*,#3710,.T.);
#5085=ORIENTED_EDGE('',*,*,#3712,.F.);
#5086=ORIENTED_EDGE('',*,*,#3713,.F.);
#5087=ORIENTED_EDGE('',*,*,#3714,.F.);
#5088=ORIENTED_EDGE('',*,*,#3713,.T.);
#5089=ORIENTED_EDGE('',*,*,#3715,.F.);
#5090=ORIENTED_EDGE('',*,*,#3716,.F.);
#5091=ORIENTED_EDGE('',*,*,#3717,.F.);
#5092=ORIENTED_EDGE('',*,*,#3716,.T.);
#5093=ORIENTED_EDGE('',*,*,#3718,.F.);
#5094=ORIENTED_EDGE('',*,*,#3719,.F.);
#5095=ORIENTED_EDGE('',*,*,#3720,.F.);
#5096=ORIENTED_EDGE('',*,*,#3719,.T.);
#5097=ORIENTED_EDGE('',*,*,#3721,.F.);
#5098=ORIENTED_EDGE('',*,*,#3722,.F.);
#5099=ORIENTED_EDGE('',*,*,#3723,.F.);
#5100=ORIENTED_EDGE('',*,*,#3722,.T.);
#5101=ORIENTED_EDGE('',*,*,#3724,.F.);
#5102=ORIENTED_EDGE('',*,*,#3725,.F.);
#5103=ORIENTED_EDGE('',*,*,#3726,.F.);
#5104=ORIENTED_EDGE('',*,*,#3725,.T.);
#5105=ORIENTED_EDGE('',*,*,#3727,.F.);
#5106=ORIENTED_EDGE('',*,*,#3705,.F.);
#5107=ORIENTED_EDGE('',*,*,#3727,.T.);
#5108=ORIENTED_EDGE('',*,*,#3724,.T.);
#5109=ORIENTED_EDGE('',*,*,#3721,.T.);
#5110=ORIENTED_EDGE('',*,*,#3718,.T.);
#5111=ORIENTED_EDGE('',*,*,#3715,.T.);
#5112=ORIENTED_EDGE('',*,*,#3712,.T.);
#5113=ORIENTED_EDGE('',*,*,#3709,.T.);
#5114=ORIENTED_EDGE('',*,*,#3706,.T.);
#5115=ORIENTED_EDGE('',*,*,#3728,.F.);
#5116=ORIENTED_EDGE('',*,*,#3700,.F.);
#5117=ORIENTED_EDGE('',*,*,#3729,.T.);
#5118=ORIENTED_EDGE('',*,*,#3730,.T.);
#5119=ORIENTED_EDGE('',*,*,#3731,.T.);
#5120=ORIENTED_EDGE('',*,*,#3732,.T.);
#5121=ORIENTED_EDGE('',*,*,#3733,.T.);
#5122=ORIENTED_EDGE('',*,*,#3734,.T.);
#5123=ORIENTED_EDGE('',*,*,#3735,.T.);
#5124=ORIENTED_EDGE('',*,*,#3736,.T.);
#5125=ORIENTED_EDGE('',*,*,#3737,.T.);
#5126=ORIENTED_EDGE('',*,*,#3738,.F.);
#5127=ORIENTED_EDGE('',*,*,#3739,.F.);
#5128=ORIENTED_EDGE('',*,*,#3740,.T.);
#5129=ORIENTED_EDGE('',*,*,#3741,.F.);
#5130=ORIENTED_EDGE('',*,*,#3665,.F.);
#5131=ORIENTED_EDGE('',*,*,#3742,.T.);
#5132=ORIENTED_EDGE('',*,*,#3179,.T.);
#5133=ORIENTED_EDGE('',*,*,#3155,.T.);
#5134=ORIENTED_EDGE('',*,*,#3191,.T.);
#5135=ORIENTED_EDGE('',*,*,#3743,.F.);
#5136=ORIENTED_EDGE('',*,*,#3744,.T.);
#5137=ORIENTED_EDGE('',*,*,#3745,.T.);
#5138=ORIENTED_EDGE('',*,*,#3746,.F.);
#5139=ORIENTED_EDGE('',*,*,#3747,.T.);
#5140=ORIENTED_EDGE('',*,*,#3748,.T.);
#5141=ORIENTED_EDGE('',*,*,#3749,.T.);
#5142=ORIENTED_EDGE('',*,*,#3750,.T.);
#5143=ORIENTED_EDGE('',*,*,#3751,.T.);
#5144=ORIENTED_EDGE('',*,*,#3752,.T.);
#5145=ORIENTED_EDGE('',*,*,#3753,.T.);
#5146=ORIENTED_EDGE('',*,*,#3754,.T.);
#5147=ORIENTED_EDGE('',*,*,#3755,.T.);
#5148=ORIENTED_EDGE('',*,*,#3756,.F.);
#5149=ORIENTED_EDGE('',*,*,#3757,.T.);
#5150=ORIENTED_EDGE('',*,*,#3758,.F.);
#5151=ORIENTED_EDGE('',*,*,#3759,.F.);
#5152=ORIENTED_EDGE('',*,*,#3187,.T.);
#5153=ORIENTED_EDGE('',*,*,#3150,.T.);
#5154=ORIENTED_EDGE('',*,*,#3178,.T.);
#5155=ORIENTED_EDGE('',*,*,#3760,.T.);
#5156=ORIENTED_EDGE('',*,*,#3761,.F.);
#5157=ORIENTED_EDGE('',*,*,#3762,.F.);
#5158=ORIENTED_EDGE('',*,*,#3763,.T.);
#5159=ORIENTED_EDGE('',*,*,#3190,.T.);
#5160=ORIENTED_EDGE('',*,*,#3764,.F.);
#5161=ORIENTED_EDGE('',*,*,#3637,.T.);
#5162=ORIENTED_EDGE('',*,*,#3765,.F.);
#5163=ORIENTED_EDGE('',*,*,#3766,.T.);
#5164=ORIENTED_EDGE('',*,*,#3743,.T.);
#5165=ORIENTED_EDGE('',*,*,#3284,.T.);
#5166=ORIENTED_EDGE('',*,*,#3638,.T.);
#5167=ORIENTED_EDGE('',*,*,#3764,.T.);
#5168=ORIENTED_EDGE('',*,*,#3189,.T.);
#5169=ORIENTED_EDGE('',*,*,#3767,.T.);
#5170=ORIENTED_EDGE('',*,*,#3634,.T.);
#5171=ORIENTED_EDGE('',*,*,#3188,.T.);
#5172=ORIENTED_EDGE('',*,*,#3759,.T.);
#5173=ORIENTED_EDGE('',*,*,#3768,.T.);
#5174=ORIENTED_EDGE('',*,*,#3769,.F.);
#5175=ORIENTED_EDGE('',*,*,#3635,.T.);
#5176=ORIENTED_EDGE('',*,*,#3767,.F.);
#5177=ORIENTED_EDGE('',*,*,#3185,.T.);
#5178=ORIENTED_EDGE('',*,*,#3770,.F.);
#5179=ORIENTED_EDGE('',*,*,#3771,.F.);
#5180=ORIENTED_EDGE('',*,*,#3772,.T.);
#5181=ORIENTED_EDGE('',*,*,#3773,.T.);
#5182=ORIENTED_EDGE('',*,*,#3771,.T.);
#5183=ORIENTED_EDGE('',*,*,#3768,.F.);
#5184=ORIENTED_EDGE('',*,*,#3758,.T.);
#5185=ORIENTED_EDGE('',*,*,#3774,.F.);
#5186=ORIENTED_EDGE('',*,*,#3774,.T.);
#5187=ORIENTED_EDGE('',*,*,#3757,.F.);
#5188=ORIENTED_EDGE('',*,*,#3775,.F.);
#5189=ORIENTED_EDGE('',*,*,#3776,.F.);
#5190=ORIENTED_EDGE('',*,*,#3183,.T.);
#5191=ORIENTED_EDGE('',*,*,#3777,.F.);
#5192=ORIENTED_EDGE('',*,*,#3778,.T.);
#5193=ORIENTED_EDGE('',*,*,#3779,.F.);
#5194=ORIENTED_EDGE('',*,*,#3780,.F.);
#5195=ORIENTED_EDGE('',*,*,#3781,.F.);
#5196=ORIENTED_EDGE('',*,*,#3744,.F.);
#5197=ORIENTED_EDGE('',*,*,#3766,.F.);
#5198=ORIENTED_EDGE('',*,*,#3778,.F.);
#5199=ORIENTED_EDGE('',*,*,#3781,.T.);
#5200=ORIENTED_EDGE('',*,*,#3782,.F.);
#5201=ORIENTED_EDGE('',*,*,#3783,.F.);
#5202=ORIENTED_EDGE('',*,*,#3745,.F.);
#5203=ORIENTED_EDGE('',*,*,#3184,.T.);
#5204=ORIENTED_EDGE('',*,*,#3779,.T.);
#5205=ORIENTED_EDGE('',*,*,#3765,.T.);
#5206=ORIENTED_EDGE('',*,*,#3636,.T.);
#5207=ORIENTED_EDGE('',*,*,#3769,.T.);
#5208=ORIENTED_EDGE('',*,*,#3770,.T.);
#5209=ORIENTED_EDGE('',*,*,#3756,.T.);
#5210=ORIENTED_EDGE('',*,*,#3784,.T.);
#5211=ORIENTED_EDGE('',*,*,#3785,.T.);
#5212=ORIENTED_EDGE('',*,*,#3775,.T.);
#5213=ORIENTED_EDGE('',*,*,#3181,.F.);
#5214=ORIENTED_EDGE('',*,*,#3786,.F.);
#5215=ORIENTED_EDGE('',*,*,#3787,.F.);
#5216=ORIENTED_EDGE('',*,*,#3788,.F.);
#5217=ORIENTED_EDGE('',*,*,#3789,.F.);
#5218=ORIENTED_EDGE('',*,*,#3790,.F.);
#5219=ORIENTED_EDGE('',*,*,#3791,.F.);
#5220=ORIENTED_EDGE('',*,*,#3792,.F.);
#5221=ORIENTED_EDGE('',*,*,#3793,.F.);
#5222=ORIENTED_EDGE('',*,*,#3794,.F.);
#5223=ORIENTED_EDGE('',*,*,#3795,.F.);
#5224=ORIENTED_EDGE('',*,*,#3796,.F.);
#5225=ORIENTED_EDGE('',*,*,#3797,.F.);
#5226=ORIENTED_EDGE('',*,*,#3798,.F.);
#5227=ORIENTED_EDGE('',*,*,#3176,.T.);
#5228=ORIENTED_EDGE('',*,*,#3145,.T.);
#5229=ORIENTED_EDGE('',*,*,#3186,.T.);
#5230=ORIENTED_EDGE('',*,*,#3772,.F.);
#5231=ORIENTED_EDGE('',*,*,#3773,.F.);
#5232=ORIENTED_EDGE('',*,*,#3776,.T.);
#5233=ORIENTED_EDGE('',*,*,#3785,.F.);
#5234=ORIENTED_EDGE('',*,*,#3799,.T.);
#5235=ORIENTED_EDGE('',*,*,#3800,.T.);
#5236=ORIENTED_EDGE('',*,*,#3801,.T.);
#5237=ORIENTED_EDGE('',*,*,#3802,.T.);
#5238=ORIENTED_EDGE('',*,*,#3803,.T.);
#5239=ORIENTED_EDGE('',*,*,#3804,.T.);
#5240=ORIENTED_EDGE('',*,*,#3805,.T.);
#5241=ORIENTED_EDGE('',*,*,#3806,.T.);
#5242=ORIENTED_EDGE('',*,*,#3807,.T.);
#5243=ORIENTED_EDGE('',*,*,#3808,.F.);
#5244=ORIENTED_EDGE('',*,*,#3782,.T.);
#5245=ORIENTED_EDGE('',*,*,#3780,.T.);
#5246=ORIENTED_EDGE('',*,*,#3777,.T.);
#5247=ORIENTED_EDGE('',*,*,#3182,.F.);
#5248=ORIENTED_EDGE('',*,*,#3141,.F.);
#5249=ORIENTED_EDGE('',*,*,#3808,.T.);
#5250=ORIENTED_EDGE('',*,*,#3809,.T.);
#5251=ORIENTED_EDGE('',*,*,#3746,.T.);
#5252=ORIENTED_EDGE('',*,*,#3783,.T.);
#5253=ORIENTED_EDGE('',*,*,#3784,.F.);
#5254=ORIENTED_EDGE('',*,*,#3755,.F.);
#5255=ORIENTED_EDGE('',*,*,#3810,.T.);
#5256=ORIENTED_EDGE('',*,*,#3799,.F.);
#5257=ORIENTED_EDGE('',*,*,#3803,.F.);
#5258=ORIENTED_EDGE('',*,*,#3811,.F.);
#5259=ORIENTED_EDGE('',*,*,#3751,.F.);
#5260=ORIENTED_EDGE('',*,*,#3812,.T.);
#5261=ORIENTED_EDGE('',*,*,#3804,.F.);
#5262=ORIENTED_EDGE('',*,*,#3812,.F.);
#5263=ORIENTED_EDGE('',*,*,#3750,.F.);
#5264=ORIENTED_EDGE('',*,*,#3813,.T.);
#5265=ORIENTED_EDGE('',*,*,#3805,.F.);
#5266=ORIENTED_EDGE('',*,*,#3813,.F.);
#5267=ORIENTED_EDGE('',*,*,#3749,.F.);
#5268=ORIENTED_EDGE('',*,*,#3814,.T.);
#5269=ORIENTED_EDGE('',*,*,#3806,.F.);
#5270=ORIENTED_EDGE('',*,*,#3814,.F.);
#5271=ORIENTED_EDGE('',*,*,#3748,.F.);
#5272=ORIENTED_EDGE('',*,*,#3815,.T.);
#5273=ORIENTED_EDGE('',*,*,#3809,.F.);
#5274=ORIENTED_EDGE('',*,*,#3807,.F.);
#5275=ORIENTED_EDGE('',*,*,#3815,.F.);
#5276=ORIENTED_EDGE('',*,*,#3747,.F.);
#5277=ORIENTED_EDGE('',*,*,#3800,.F.);
#5278=ORIENTED_EDGE('',*,*,#3810,.F.);
#5279=ORIENTED_EDGE('',*,*,#3754,.F.);
#5280=ORIENTED_EDGE('',*,*,#3816,.T.);
#5281=ORIENTED_EDGE('',*,*,#3801,.F.);
#5282=ORIENTED_EDGE('',*,*,#3816,.F.);
#5283=ORIENTED_EDGE('',*,*,#3753,.F.);
#5284=ORIENTED_EDGE('',*,*,#3817,.T.);
#5285=ORIENTED_EDGE('',*,*,#3802,.F.);
#5286=ORIENTED_EDGE('',*,*,#3817,.F.);
#5287=ORIENTED_EDGE('',*,*,#3752,.F.);
#5288=ORIENTED_EDGE('',*,*,#3811,.T.);
#5289=ORIENTED_EDGE('',*,*,#3790,.T.);
#5290=ORIENTED_EDGE('',*,*,#3818,.T.);
#5291=ORIENTED_EDGE('',*,*,#3735,.F.);
#5292=ORIENTED_EDGE('',*,*,#3819,.F.);
#5293=ORIENTED_EDGE('',*,*,#3791,.T.);
#5294=ORIENTED_EDGE('',*,*,#3819,.T.);
#5295=ORIENTED_EDGE('',*,*,#3734,.F.);
#5296=ORIENTED_EDGE('',*,*,#3820,.F.);
#5297=ORIENTED_EDGE('',*,*,#3792,.T.);
#5298=ORIENTED_EDGE('',*,*,#3820,.T.);
#5299=ORIENTED_EDGE('',*,*,#3733,.F.);
#5300=ORIENTED_EDGE('',*,*,#3821,.F.);
#5301=ORIENTED_EDGE('',*,*,#3793,.T.);
#5302=ORIENTED_EDGE('',*,*,#3821,.T.);
#5303=ORIENTED_EDGE('',*,*,#3732,.F.);
#5304=ORIENTED_EDGE('',*,*,#3822,.F.);
#5305=ORIENTED_EDGE('',*,*,#3794,.T.);
#5306=ORIENTED_EDGE('',*,*,#3822,.T.);
#5307=ORIENTED_EDGE('',*,*,#3731,.F.);
#5308=ORIENTED_EDGE('',*,*,#3823,.F.);
#5309=ORIENTED_EDGE('',*,*,#3795,.T.);
#5310=ORIENTED_EDGE('',*,*,#3823,.T.);
#5311=ORIENTED_EDGE('',*,*,#3730,.F.);
#5312=ORIENTED_EDGE('',*,*,#3824,.F.);
#5313=ORIENTED_EDGE('',*,*,#3796,.T.);
#5314=ORIENTED_EDGE('',*,*,#3824,.T.);
#5315=ORIENTED_EDGE('',*,*,#3729,.F.);
#5316=ORIENTED_EDGE('',*,*,#3825,.F.);
#5317=ORIENTED_EDGE('',*,*,#3826,.F.);
#5318=ORIENTED_EDGE('',*,*,#3797,.T.);
#5319=ORIENTED_EDGE('',*,*,#3826,.T.);
#5320=ORIENTED_EDGE('',*,*,#3827,.F.);
#5321=ORIENTED_EDGE('',*,*,#3763,.F.);
#5322=ORIENTED_EDGE('',*,*,#3828,.F.);
#5323=ORIENTED_EDGE('',*,*,#3829,.F.);
#5324=ORIENTED_EDGE('',*,*,#3798,.T.);
#5325=ORIENTED_EDGE('',*,*,#3829,.T.);
#5326=ORIENTED_EDGE('',*,*,#3830,.F.);
#5327=ORIENTED_EDGE('',*,*,#3760,.F.);
#5328=ORIENTED_EDGE('',*,*,#3177,.F.);
#5329=ORIENTED_EDGE('',*,*,#3786,.T.);
#5330=ORIENTED_EDGE('',*,*,#3180,.T.);
#5331=ORIENTED_EDGE('',*,*,#3742,.F.);
#5332=ORIENTED_EDGE('',*,*,#3831,.F.);
#5333=ORIENTED_EDGE('',*,*,#3832,.F.);
#5334=ORIENTED_EDGE('',*,*,#3787,.T.);
#5335=ORIENTED_EDGE('',*,*,#3832,.T.);
#5336=ORIENTED_EDGE('',*,*,#3833,.F.);
#5337=ORIENTED_EDGE('',*,*,#3740,.F.);
#5338=ORIENTED_EDGE('',*,*,#3834,.F.);
#5339=ORIENTED_EDGE('',*,*,#3835,.F.);
#5340=ORIENTED_EDGE('',*,*,#3788,.T.);
#5341=ORIENTED_EDGE('',*,*,#3835,.T.);
#5342=ORIENTED_EDGE('',*,*,#3836,.F.);
#5343=ORIENTED_EDGE('',*,*,#3737,.F.);
#5344=ORIENTED_EDGE('',*,*,#3837,.F.);
#5345=ORIENTED_EDGE('',*,*,#3789,.T.);
#5346=ORIENTED_EDGE('',*,*,#3837,.T.);
#5347=ORIENTED_EDGE('',*,*,#3736,.F.);
#5348=ORIENTED_EDGE('',*,*,#3818,.F.);
#5349=ORIENTED_EDGE('',*,*,#3827,.T.);
#5350=ORIENTED_EDGE('',*,*,#3825,.T.);
#5351=ORIENTED_EDGE('',*,*,#3699,.F.);
#5352=ORIENTED_EDGE('',*,*,#3838,.T.);
#5353=ORIENTED_EDGE('',*,*,#3839,.T.);
#5354=ORIENTED_EDGE('',*,*,#3840,.F.);
#5355=ORIENTED_EDGE('',*,*,#3833,.T.);
#5356=ORIENTED_EDGE('',*,*,#3831,.T.);
#5357=ORIENTED_EDGE('',*,*,#3664,.F.);
#5358=ORIENTED_EDGE('',*,*,#3841,.T.);
#5359=ORIENTED_EDGE('',*,*,#3842,.T.);
#5360=ORIENTED_EDGE('',*,*,#3843,.F.);
#5361=ORIENTED_EDGE('',*,*,#3844,.F.);
#5362=ORIENTED_EDGE('',*,*,#3845,.T.);
#5363=ORIENTED_EDGE('',*,*,#3846,.F.);
#5364=ORIENTED_EDGE('',*,*,#3847,.F.);
#5365=ORIENTED_EDGE('',*,*,#3848,.F.);
#5366=ORIENTED_EDGE('',*,*,#3849,.T.);
#5367=ORIENTED_EDGE('',*,*,#3850,.F.);
#5368=ORIENTED_EDGE('',*,*,#3851,.F.);
#5369=ORIENTED_EDGE('',*,*,#3850,.T.);
#5370=ORIENTED_EDGE('',*,*,#3852,.T.);
#5371=ORIENTED_EDGE('',*,*,#3846,.T.);
#5372=ORIENTED_EDGE('',*,*,#3853,.T.);
#5373=ORIENTED_EDGE('',*,*,#3848,.T.);
#5374=ORIENTED_EDGE('',*,*,#3854,.T.);
#5375=ORIENTED_EDGE('',*,*,#3855,.T.);
#5376=ORIENTED_EDGE('',*,*,#3856,.T.);
#5377=ORIENTED_EDGE('',*,*,#3857,.T.);
#5378=ORIENTED_EDGE('',*,*,#3858,.T.);
#5379=ORIENTED_EDGE('',*,*,#3854,.F.);
#5380=ORIENTED_EDGE('',*,*,#3851,.T.);
#5381=ORIENTED_EDGE('',*,*,#3853,.F.);
#5382=ORIENTED_EDGE('',*,*,#3845,.F.);
#5383=ORIENTED_EDGE('',*,*,#3859,.F.);
#5384=ORIENTED_EDGE('',*,*,#3860,.F.);
#5385=ORIENTED_EDGE('',*,*,#3861,.F.);
#5386=ORIENTED_EDGE('',*,*,#3860,.T.);
#5387=ORIENTED_EDGE('',*,*,#3862,.F.);
#5388=ORIENTED_EDGE('',*,*,#3863,.F.);
#5389=ORIENTED_EDGE('',*,*,#3864,.F.);
#5390=ORIENTED_EDGE('',*,*,#3863,.T.);
#5391=ORIENTED_EDGE('',*,*,#3865,.F.);
#5392=ORIENTED_EDGE('',*,*,#3847,.T.);
#5393=ORIENTED_EDGE('',*,*,#3852,.F.);
#5394=ORIENTED_EDGE('',*,*,#3849,.F.);
#5395=ORIENTED_EDGE('',*,*,#3856,.F.);
#5396=ORIENTED_EDGE('',*,*,#3866,.F.);
#5397=ORIENTED_EDGE('',*,*,#3867,.F.);
#5398=ORIENTED_EDGE('',*,*,#3866,.T.);
#5399=ORIENTED_EDGE('',*,*,#3855,.F.);
#5400=ORIENTED_EDGE('',*,*,#3858,.F.);
#5401=ORIENTED_EDGE('',*,*,#3844,.T.);
#5402=ORIENTED_EDGE('',*,*,#3865,.T.);
#5403=ORIENTED_EDGE('',*,*,#3862,.T.);
#5404=ORIENTED_EDGE('',*,*,#3859,.T.);
#5405=ORIENTED_EDGE('',*,*,#3861,.T.);
#5406=ORIENTED_EDGE('',*,*,#3864,.T.);
#5407=ORIENTED_EDGE('',*,*,#3867,.T.);
#5408=ORIENTED_EDGE('',*,*,#3868,.T.);
#5409=ORIENTED_EDGE('',*,*,#3869,.T.);
#5410=ORIENTED_EDGE('',*,*,#3671,.T.);
#5411=ORIENTED_EDGE('',*,*,#3870,.T.);
#5412=ORIENTED_EDGE('',*,*,#3871,.T.);
#5413=ORIENTED_EDGE('',*,*,#3872,.T.);
#5414=ORIENTED_EDGE('',*,*,#3873,.F.);
#5415=ORIENTED_EDGE('',*,*,#3874,.T.);
#5416=ORIENTED_EDGE('',*,*,#3875,.T.);
#5417=ORIENTED_EDGE('',*,*,#3876,.T.);
#5418=ORIENTED_EDGE('',*,*,#3877,.F.);
#5419=ORIENTED_EDGE('',*,*,#3645,.T.);
#5420=ORIENTED_EDGE('',*,*,#3878,.T.);
#5421=ORIENTED_EDGE('',*,*,#3879,.T.);
#5422=ORIENTED_EDGE('',*,*,#3683,.T.);
#5423=ORIENTED_EDGE('',*,*,#3880,.T.);
#5424=ORIENTED_EDGE('',*,*,#3881,.T.);
#5425=ORIENTED_EDGE('',*,*,#3882,.T.);
#5426=ORIENTED_EDGE('',*,*,#3883,.T.);
#5427=ORIENTED_EDGE('',*,*,#3884,.T.);
#5428=ORIENTED_EDGE('',*,*,#3885,.T.);
#5429=ORIENTED_EDGE('',*,*,#3886,.F.);
#5430=ORIENTED_EDGE('',*,*,#3887,.T.);
#5431=ORIENTED_EDGE('',*,*,#3888,.F.);
#5432=ORIENTED_EDGE('',*,*,#3889,.F.);
#5433=ORIENTED_EDGE('',*,*,#3890,.F.);
#5434=ORIENTED_EDGE('',*,*,#3891,.T.);
#5435=ORIENTED_EDGE('',*,*,#3892,.F.);
#5436=ORIENTED_EDGE('',*,*,#3893,.F.);
#5437=ORIENTED_EDGE('',*,*,#3892,.T.);
#5438=ORIENTED_EDGE('',*,*,#3894,.T.);
#5439=ORIENTED_EDGE('',*,*,#3888,.T.);
#5440=ORIENTED_EDGE('',*,*,#3895,.T.);
#5441=ORIENTED_EDGE('',*,*,#3890,.T.);
#5442=ORIENTED_EDGE('',*,*,#3896,.T.);
#5443=ORIENTED_EDGE('',*,*,#3897,.T.);
#5444=ORIENTED_EDGE('',*,*,#3898,.T.);
#5445=ORIENTED_EDGE('',*,*,#3899,.T.);
#5446=ORIENTED_EDGE('',*,*,#3900,.T.);
#5447=ORIENTED_EDGE('',*,*,#3896,.F.);
#5448=ORIENTED_EDGE('',*,*,#3893,.T.);
#5449=ORIENTED_EDGE('',*,*,#3895,.F.);
#5450=ORIENTED_EDGE('',*,*,#3887,.F.);
#5451=ORIENTED_EDGE('',*,*,#3901,.F.);
#5452=ORIENTED_EDGE('',*,*,#3902,.F.);
#5453=ORIENTED_EDGE('',*,*,#3882,.F.);
#5454=ORIENTED_EDGE('',*,*,#3902,.T.);
#5455=ORIENTED_EDGE('',*,*,#3903,.F.);
#5456=ORIENTED_EDGE('',*,*,#3904,.F.);
#5457=ORIENTED_EDGE('',*,*,#3883,.F.);
#5458=ORIENTED_EDGE('',*,*,#3904,.T.);
#5459=ORIENTED_EDGE('',*,*,#3905,.F.);
#5460=ORIENTED_EDGE('',*,*,#3889,.T.);
#5461=ORIENTED_EDGE('',*,*,#3894,.F.);
#5462=ORIENTED_EDGE('',*,*,#3891,.F.);
#5463=ORIENTED_EDGE('',*,*,#3898,.F.);
#5464=ORIENTED_EDGE('',*,*,#3906,.F.);
#5465=ORIENTED_EDGE('',*,*,#3884,.F.);
#5466=ORIENTED_EDGE('',*,*,#3906,.T.);
#5467=ORIENTED_EDGE('',*,*,#3897,.F.);
#5468=ORIENTED_EDGE('',*,*,#3900,.F.);
#5469=ORIENTED_EDGE('',*,*,#3886,.T.);
#5470=ORIENTED_EDGE('',*,*,#3905,.T.);
#5471=ORIENTED_EDGE('',*,*,#3903,.T.);
#5472=ORIENTED_EDGE('',*,*,#3901,.T.);
#5473=ORIENTED_EDGE('',*,*,#3907,.F.);
#5474=ORIENTED_EDGE('',*,*,#3908,.T.);
#5475=ORIENTED_EDGE('',*,*,#3909,.F.);
#5476=ORIENTED_EDGE('',*,*,#3910,.F.);
#5477=ORIENTED_EDGE('',*,*,#3911,.F.);
#5478=ORIENTED_EDGE('',*,*,#3912,.T.);
#5479=ORIENTED_EDGE('',*,*,#3913,.F.);
#5480=ORIENTED_EDGE('',*,*,#3914,.F.);
#5481=ORIENTED_EDGE('',*,*,#3913,.T.);
#5482=ORIENTED_EDGE('',*,*,#3915,.T.);
#5483=ORIENTED_EDGE('',*,*,#3909,.T.);
#5484=ORIENTED_EDGE('',*,*,#3916,.T.);
#5485=ORIENTED_EDGE('',*,*,#3911,.T.);
#5486=ORIENTED_EDGE('',*,*,#3917,.T.);
#5487=ORIENTED_EDGE('',*,*,#3918,.T.);
#5488=ORIENTED_EDGE('',*,*,#3919,.T.);
#5489=ORIENTED_EDGE('',*,*,#3920,.F.);
#5490=ORIENTED_EDGE('',*,*,#3921,.T.);
#5491=ORIENTED_EDGE('',*,*,#3917,.F.);
#5492=ORIENTED_EDGE('',*,*,#3914,.T.);
#5493=ORIENTED_EDGE('',*,*,#3916,.F.);
#5494=ORIENTED_EDGE('',*,*,#3908,.F.);
#5495=ORIENTED_EDGE('',*,*,#3922,.F.);
#5496=ORIENTED_EDGE('',*,*,#3923,.F.);
#5497=ORIENTED_EDGE('',*,*,#3924,.F.);
#5498=ORIENTED_EDGE('',*,*,#3923,.T.);
#5499=ORIENTED_EDGE('',*,*,#3925,.F.);
#5500=ORIENTED_EDGE('',*,*,#3926,.F.);
#5501=ORIENTED_EDGE('',*,*,#3927,.T.);
#5502=ORIENTED_EDGE('',*,*,#3926,.T.);
#5503=ORIENTED_EDGE('',*,*,#3928,.F.);
#5504=ORIENTED_EDGE('',*,*,#3910,.T.);
#5505=ORIENTED_EDGE('',*,*,#3915,.F.);
#5506=ORIENTED_EDGE('',*,*,#3912,.F.);
#5507=ORIENTED_EDGE('',*,*,#3919,.F.);
#5508=ORIENTED_EDGE('',*,*,#3929,.F.);
#5509=ORIENTED_EDGE('',*,*,#3930,.F.);
#5510=ORIENTED_EDGE('',*,*,#3929,.T.);
#5511=ORIENTED_EDGE('',*,*,#3918,.F.);
#5512=ORIENTED_EDGE('',*,*,#3921,.F.);
#5513=ORIENTED_EDGE('',*,*,#3907,.T.);
#5514=ORIENTED_EDGE('',*,*,#3928,.T.);
#5515=ORIENTED_EDGE('',*,*,#3925,.T.);
#5516=ORIENTED_EDGE('',*,*,#3922,.T.);
#5517=ORIENTED_EDGE('',*,*,#3931,.F.);
#5518=ORIENTED_EDGE('',*,*,#3932,.T.);
#5519=ORIENTED_EDGE('',*,*,#3933,.F.);
#5520=ORIENTED_EDGE('',*,*,#3934,.F.);
#5521=ORIENTED_EDGE('',*,*,#3935,.F.);
#5522=ORIENTED_EDGE('',*,*,#3936,.T.);
#5523=ORIENTED_EDGE('',*,*,#3937,.F.);
#5524=ORIENTED_EDGE('',*,*,#3938,.F.);
#5525=ORIENTED_EDGE('',*,*,#3937,.T.);
#5526=ORIENTED_EDGE('',*,*,#3939,.T.);
#5527=ORIENTED_EDGE('',*,*,#3933,.T.);
#5528=ORIENTED_EDGE('',*,*,#3940,.T.);
#5529=ORIENTED_EDGE('',*,*,#3935,.T.);
#5530=ORIENTED_EDGE('',*,*,#3941,.T.);
#5531=ORIENTED_EDGE('',*,*,#3942,.T.);
#5532=ORIENTED_EDGE('',*,*,#3943,.T.);
#5533=ORIENTED_EDGE('',*,*,#3944,.F.);
#5534=ORIENTED_EDGE('',*,*,#3945,.T.);
#5535=ORIENTED_EDGE('',*,*,#3941,.F.);
#5536=ORIENTED_EDGE('',*,*,#3938,.T.);
#5537=ORIENTED_EDGE('',*,*,#3940,.F.);
#5538=ORIENTED_EDGE('',*,*,#3932,.F.);
#5539=ORIENTED_EDGE('',*,*,#3946,.F.);
#5540=ORIENTED_EDGE('',*,*,#3947,.F.);
#5541=ORIENTED_EDGE('',*,*,#3948,.F.);
#5542=ORIENTED_EDGE('',*,*,#3947,.T.);
#5543=ORIENTED_EDGE('',*,*,#3949,.F.);
#5544=ORIENTED_EDGE('',*,*,#3950,.F.);
#5545=ORIENTED_EDGE('',*,*,#3951,.T.);
#5546=ORIENTED_EDGE('',*,*,#3950,.T.);
#5547=ORIENTED_EDGE('',*,*,#3952,.F.);
#5548=ORIENTED_EDGE('',*,*,#3934,.T.);
#5549=ORIENTED_EDGE('',*,*,#3939,.F.);
#5550=ORIENTED_EDGE('',*,*,#3936,.F.);
#5551=ORIENTED_EDGE('',*,*,#3943,.F.);
#5552=ORIENTED_EDGE('',*,*,#3953,.F.);
#5553=ORIENTED_EDGE('',*,*,#3954,.F.);
#5554=ORIENTED_EDGE('',*,*,#3953,.T.);
#5555=ORIENTED_EDGE('',*,*,#3942,.F.);
#5556=ORIENTED_EDGE('',*,*,#3945,.F.);
#5557=ORIENTED_EDGE('',*,*,#3931,.T.);
#5558=ORIENTED_EDGE('',*,*,#3952,.T.);
#5559=ORIENTED_EDGE('',*,*,#3949,.T.);
#5560=ORIENTED_EDGE('',*,*,#3946,.T.);
#5561=ORIENTED_EDGE('',*,*,#3696,.F.);
#5562=ORIENTED_EDGE('',*,*,#3955,.T.);
#5563=ORIENTED_EDGE('',*,*,#3956,.T.);
#5564=ORIENTED_EDGE('',*,*,#3692,.T.);
#5565=ORIENTED_EDGE('',*,*,#3259,.T.);
#5566=ORIENTED_EDGE('',*,*,#3421,.T.);
#5567=ORIENTED_EDGE('',*,*,#3828,.T.);
#5568=ORIENTED_EDGE('',*,*,#3957,.F.);
#5569=ORIENTED_EDGE('',*,*,#3958,.T.);
#5570=ORIENTED_EDGE('',*,*,#3959,.F.);
#5571=ORIENTED_EDGE('',*,*,#3960,.F.);
#5572=ORIENTED_EDGE('',*,*,#3830,.T.);
#5573=ORIENTED_EDGE('',*,*,#3961,.F.);
#5574=ORIENTED_EDGE('',*,*,#3962,.F.);
#5575=ORIENTED_EDGE('',*,*,#3963,.F.);
#5576=ORIENTED_EDGE('',*,*,#3958,.F.);
#5577=ORIENTED_EDGE('',*,*,#3964,.F.);
#5578=ORIENTED_EDGE('',*,*,#3839,.F.);
#5579=ORIENTED_EDGE('',*,*,#3965,.F.);
#5580=ORIENTED_EDGE('',*,*,#3966,.F.);
#5581=ORIENTED_EDGE('',*,*,#3967,.F.);
#5582=ORIENTED_EDGE('',*,*,#3965,.T.);
#5583=ORIENTED_EDGE('',*,*,#3838,.F.);
#5584=ORIENTED_EDGE('',*,*,#3698,.F.);
#5585=ORIENTED_EDGE('',*,*,#3968,.F.);
#5586=ORIENTED_EDGE('',*,*,#3969,.F.);
#5587=ORIENTED_EDGE('',*,*,#3959,.T.);
#5588=ORIENTED_EDGE('',*,*,#3963,.T.);
#5589=ORIENTED_EDGE('',*,*,#3964,.T.);
#5590=ORIENTED_EDGE('',*,*,#3970,.F.);
#5591=ORIENTED_EDGE('',*,*,#3971,.F.);
#5592=ORIENTED_EDGE('',*,*,#3972,.F.);
#5593=ORIENTED_EDGE('',*,*,#3973,.F.);
#5594=ORIENTED_EDGE('',*,*,#3651,.T.);
#5595=ORIENTED_EDGE('',*,*,#3974,.T.);
#5596=ORIENTED_EDGE('',*,*,#3639,.T.);
#5597=ORIENTED_EDGE('',*,*,#3317,.T.);
#5598=ORIENTED_EDGE('',*,*,#3975,.F.);
#5599=ORIENTED_EDGE('',*,*,#3761,.T.);
#5600=ORIENTED_EDGE('',*,*,#3960,.T.);
#5601=ORIENTED_EDGE('',*,*,#3969,.T.);
#5602=ORIENTED_EDGE('',*,*,#3976,.F.);
#5603=ORIENTED_EDGE('',*,*,#3422,.T.);
#5604=ORIENTED_EDGE('',*,*,#3660,.T.);
#5605=ORIENTED_EDGE('',*,*,#3200,.T.);
#5606=ORIENTED_EDGE('',*,*,#3197,.T.);
#5607=ORIENTED_EDGE('',*,*,#3424,.T.);
#5608=ORIENTED_EDGE('',*,*,#3656,.T.);
#5609=ORIENTED_EDGE('',*,*,#3977,.T.);
#5610=ORIENTED_EDGE('',*,*,#3978,.F.);
#5611=ORIENTED_EDGE('',*,*,#3979,.F.);
#5612=ORIENTED_EDGE('',*,*,#3657,.T.);
#5613=ORIENTED_EDGE('',*,*,#3203,.T.);
#5614=ORIENTED_EDGE('',*,*,#3192,.T.);
#5615=ORIENTED_EDGE('',*,*,#3980,.T.);
#5616=ORIENTED_EDGE('',*,*,#3688,.F.);
#5617=ORIENTED_EDGE('',*,*,#3981,.F.);
#5618=ORIENTED_EDGE('',*,*,#3951,.F.);
#5619=ORIENTED_EDGE('',*,*,#3982,.F.);
#5620=ORIENTED_EDGE('',*,*,#3927,.F.);
#5621=ORIENTED_EDGE('',*,*,#3983,.F.);
#5622=ORIENTED_EDGE('',*,*,#3978,.T.);
#5623=ORIENTED_EDGE('',*,*,#3703,.F.);
#5624=ORIENTED_EDGE('',*,*,#3984,.F.);
#5625=ORIENTED_EDGE('',*,*,#3985,.F.);
#5626=ORIENTED_EDGE('',*,*,#3986,.F.);
#5627=ORIENTED_EDGE('',*,*,#3955,.F.);
#5628=ORIENTED_EDGE('',*,*,#3924,.T.);
#5629=ORIENTED_EDGE('',*,*,#3982,.T.);
#5630=ORIENTED_EDGE('',*,*,#3954,.T.);
#5631=ORIENTED_EDGE('',*,*,#3944,.T.);
#5632=ORIENTED_EDGE('',*,*,#3948,.T.);
#5633=ORIENTED_EDGE('',*,*,#3981,.T.);
#5634=ORIENTED_EDGE('',*,*,#3687,.T.);
#5635=ORIENTED_EDGE('',*,*,#3694,.T.);
#5636=ORIENTED_EDGE('',*,*,#3987,.T.);
#5637=ORIENTED_EDGE('',*,*,#3985,.T.);
#5638=ORIENTED_EDGE('',*,*,#3988,.T.);
#5639=ORIENTED_EDGE('',*,*,#3989,.F.);
#5640=ORIENTED_EDGE('',*,*,#3972,.T.);
#5641=ORIENTED_EDGE('',*,*,#3990,.T.);
#5642=ORIENTED_EDGE('',*,*,#3991,.T.);
#5643=ORIENTED_EDGE('',*,*,#3992,.F.);
#5644=ORIENTED_EDGE('',*,*,#3641,.T.);
#5645=ORIENTED_EDGE('',*,*,#3993,.T.);
#5646=ORIENTED_EDGE('',*,*,#3994,.T.);
#5647=ORIENTED_EDGE('',*,*,#3658,.T.);
#5648=ORIENTED_EDGE('',*,*,#3979,.T.);
#5649=ORIENTED_EDGE('',*,*,#3983,.T.);
#5650=ORIENTED_EDGE('',*,*,#3930,.T.);
#5651=ORIENTED_EDGE('',*,*,#3920,.T.);
#5652=ORIENTED_EDGE('',*,*,#3623,.T.);
#5653=ORIENTED_EDGE('',*,*,#3995,.F.);
#5654=ORIENTED_EDGE('',*,*,#3988,.F.);
#5655=ORIENTED_EDGE('',*,*,#3984,.T.);
#5656=ORIENTED_EDGE('',*,*,#3702,.F.);
#5657=ORIENTED_EDGE('',*,*,#3559,.T.);
#5658=ORIENTED_EDGE('',*,*,#3630,.T.);
#5659=ORIENTED_EDGE('',*,*,#3628,.T.);
#5660=ORIENTED_EDGE('',*,*,#3626,.T.);
#5661=ORIENTED_EDGE('',*,*,#3654,.F.);
#5662=ORIENTED_EDGE('',*,*,#3996,.F.);
#5663=ORIENTED_EDGE('',*,*,#3993,.F.);
#5664=ORIENTED_EDGE('',*,*,#3640,.F.);
#5665=ORIENTED_EDGE('',*,*,#3974,.F.);
#5666=ORIENTED_EDGE('',*,*,#3996,.T.);
#5667=ORIENTED_EDGE('',*,*,#3653,.F.);
#5668=ORIENTED_EDGE('',*,*,#3659,.F.);
#5669=ORIENTED_EDGE('',*,*,#3994,.F.);
#5670=ORIENTED_EDGE('',*,*,#3989,.T.);
#5671=ORIENTED_EDGE('',*,*,#3995,.T.);
#5672=ORIENTED_EDGE('',*,*,#3308,.T.);
#5673=ORIENTED_EDGE('',*,*,#3701,.T.);
#5674=ORIENTED_EDGE('',*,*,#3728,.T.);
#5675=ORIENTED_EDGE('',*,*,#3840,.T.);
#5676=ORIENTED_EDGE('',*,*,#3973,.T.);
#5677=ORIENTED_EDGE('',*,*,#3975,.T.);
#5678=ORIENTED_EDGE('',*,*,#3316,.T.);
#5679=ORIENTED_EDGE('',*,*,#3642,.T.);
#5680=ORIENTED_EDGE('',*,*,#3992,.T.);
#5681=ORIENTED_EDGE('',*,*,#3997,.T.);
#5682=ORIENTED_EDGE('',*,*,#3957,.T.);
#5683=ORIENTED_EDGE('',*,*,#3762,.T.);
#5684=ORIENTED_EDGE('',*,*,#3961,.T.);
#5685=ORIENTED_EDGE('',*,*,#3997,.F.);
#5686=ORIENTED_EDGE('',*,*,#3991,.F.);
#5687=ORIENTED_EDGE('',*,*,#3998,.T.);
#5688=ORIENTED_EDGE('',*,*,#3999,.F.);
#5689=ORIENTED_EDGE('',*,*,#4000,.T.);
#5690=ORIENTED_EDGE('',*,*,#3998,.F.);
#5691=ORIENTED_EDGE('',*,*,#3990,.F.);
#5692=ORIENTED_EDGE('',*,*,#3971,.T.);
#5693=ORIENTED_EDGE('',*,*,#3251,.T.);
#5694=ORIENTED_EDGE('',*,*,#3691,.T.);
#5695=ORIENTED_EDGE('',*,*,#3403,.T.);
#5696=ORIENTED_EDGE('',*,*,#3986,.T.);
#5697=ORIENTED_EDGE('',*,*,#3987,.F.);
#5698=ORIENTED_EDGE('',*,*,#3693,.T.);
#5699=ORIENTED_EDGE('',*,*,#3956,.F.);
#5700=ORIENTED_EDGE('',*,*,#3695,.T.);
#5701=ORIENTED_EDGE('',*,*,#3689,.T.);
#5702=ORIENTED_EDGE('',*,*,#4001,.T.);
#5703=ORIENTED_EDGE('',*,*,#4002,.T.);
#5704=ORIENTED_EDGE('',*,*,#3256,.T.);
#5705=ORIENTED_EDGE('',*,*,#3976,.T.);
#5706=ORIENTED_EDGE('',*,*,#3968,.T.);
#5707=ORIENTED_EDGE('',*,*,#3962,.T.);
#5708=ORIENTED_EDGE('',*,*,#3999,.T.);
#5709=ORIENTED_EDGE('',*,*,#4000,.F.);
#5710=ORIENTED_EDGE('',*,*,#3970,.T.);
#5711=ORIENTED_EDGE('',*,*,#3966,.T.);
#5712=ORIENTED_EDGE('',*,*,#3967,.T.);
#5713=ORIENTED_EDGE('',*,*,#3697,.T.);
#5714=ORIENTED_EDGE('',*,*,#3274,.T.);
#5715=ORIENTED_EDGE('',*,*,#4003,.T.);
#5716=ORIENTED_EDGE('',*,*,#4004,.T.);
#5717=ORIENTED_EDGE('',*,*,#4005,.T.);
#5718=ORIENTED_EDGE('',*,*,#4006,.T.);
#5719=ORIENTED_EDGE('',*,*,#4007,.T.);
#5720=ORIENTED_EDGE('',*,*,#3262,.T.);
#5721=ORIENTED_EDGE('',*,*,#4008,.T.);
#5722=ORIENTED_EDGE('',*,*,#4009,.T.);
#5723=ORIENTED_EDGE('',*,*,#4010,.T.);
#5724=ORIENTED_EDGE('',*,*,#4011,.T.);
#5725=ORIENTED_EDGE('',*,*,#4012,.T.);
#5726=ORIENTED_EDGE('',*,*,#4013,.T.);
#5727=ORIENTED_EDGE('',*,*,#4014,.T.);
#5728=ORIENTED_EDGE('',*,*,#4015,.T.);
#5729=ORIENTED_EDGE('',*,*,#3662,.T.);
#5730=ORIENTED_EDGE('',*,*,#3214,.T.);
#5731=ORIENTED_EDGE('',*,*,#4016,.T.);
#5732=ORIENTED_EDGE('',*,*,#4017,.T.);
#5733=ORIENTED_EDGE('',*,*,#4018,.T.);
#5734=ORIENTED_EDGE('',*,*,#4019,.T.);
#5735=ORIENTED_EDGE('',*,*,#3647,.T.);
#5736=ORIENTED_EDGE('',*,*,#3455,.T.);
#5737=ORIENTED_EDGE('',*,*,#3704,.T.);
#5738=ORIENTED_EDGE('',*,*,#3708,.T.);
#5739=ORIENTED_EDGE('',*,*,#3711,.T.);
#5740=ORIENTED_EDGE('',*,*,#3714,.T.);
#5741=ORIENTED_EDGE('',*,*,#3717,.T.);
#5742=ORIENTED_EDGE('',*,*,#3720,.T.);
#5743=ORIENTED_EDGE('',*,*,#3723,.T.);
#5744=ORIENTED_EDGE('',*,*,#3726,.T.);
#5745=ORIENTED_EDGE('',*,*,#3661,.F.);
#5746=ORIENTED_EDGE('',*,*,#4020,.T.);
#5747=ORIENTED_EDGE('',*,*,#4021,.T.);
#5748=ORIENTED_EDGE('',*,*,#3669,.T.);
#5749=ORIENTED_EDGE('',*,*,#3230,.T.);
#5750=ORIENTED_EDGE('',*,*,#3511,.T.);
#5751=ORIENTED_EDGE('',*,*,#3834,.T.);
#5752=ORIENTED_EDGE('',*,*,#4022,.F.);
#5753=ORIENTED_EDGE('',*,*,#4023,.T.);
#5754=ORIENTED_EDGE('',*,*,#4024,.F.);
#5755=ORIENTED_EDGE('',*,*,#4025,.F.);
#5756=ORIENTED_EDGE('',*,*,#3836,.T.);
#5757=ORIENTED_EDGE('',*,*,#4026,.F.);
#5758=ORIENTED_EDGE('',*,*,#4010,.F.);
#5759=ORIENTED_EDGE('',*,*,#4027,.F.);
#5760=ORIENTED_EDGE('',*,*,#4023,.F.);
#5761=ORIENTED_EDGE('',*,*,#4028,.F.);
#5762=ORIENTED_EDGE('',*,*,#3842,.F.);
#5763=ORIENTED_EDGE('',*,*,#4029,.F.);
#5764=ORIENTED_EDGE('',*,*,#4014,.F.);
#5765=ORIENTED_EDGE('',*,*,#4015,.F.);
#5766=ORIENTED_EDGE('',*,*,#4029,.T.);
#5767=ORIENTED_EDGE('',*,*,#3841,.F.);
#5768=ORIENTED_EDGE('',*,*,#3663,.F.);
#5769=ORIENTED_EDGE('',*,*,#4009,.F.);
#5770=ORIENTED_EDGE('',*,*,#4030,.F.);
#5771=ORIENTED_EDGE('',*,*,#4024,.T.);
#5772=ORIENTED_EDGE('',*,*,#4027,.T.);
#5773=ORIENTED_EDGE('',*,*,#4028,.T.);
#5774=ORIENTED_EDGE('',*,*,#4013,.F.);
#5775=ORIENTED_EDGE('',*,*,#4031,.F.);
#5776=ORIENTED_EDGE('',*,*,#3874,.F.);
#5777=ORIENTED_EDGE('',*,*,#4032,.F.);
#5778=ORIENTED_EDGE('',*,*,#3676,.T.);
#5779=ORIENTED_EDGE('',*,*,#4033,.T.);
#5780=ORIENTED_EDGE('',*,*,#3643,.T.);
#5781=ORIENTED_EDGE('',*,*,#3340,.T.);
#5782=ORIENTED_EDGE('',*,*,#4034,.F.);
#5783=ORIENTED_EDGE('',*,*,#3738,.T.);
#5784=ORIENTED_EDGE('',*,*,#4025,.T.);
#5785=ORIENTED_EDGE('',*,*,#4030,.T.);
#5786=ORIENTED_EDGE('',*,*,#4008,.F.);
#5787=ORIENTED_EDGE('',*,*,#3395,.T.);
#5788=ORIENTED_EDGE('',*,*,#3685,.T.);
#5789=ORIENTED_EDGE('',*,*,#3244,.T.);
#5790=ORIENTED_EDGE('',*,*,#3241,.T.);
#5791=ORIENTED_EDGE('',*,*,#3397,.T.);
#5792=ORIENTED_EDGE('',*,*,#3681,.T.);
#5793=ORIENTED_EDGE('',*,*,#4035,.T.);
#5794=ORIENTED_EDGE('',*,*,#4036,.F.);
#5795=ORIENTED_EDGE('',*,*,#3880,.F.);
#5796=ORIENTED_EDGE('',*,*,#3682,.T.);
#5797=ORIENTED_EDGE('',*,*,#3233,.T.);
#5798=ORIENTED_EDGE('',*,*,#3237,.T.);
#5799=ORIENTED_EDGE('',*,*,#4037,.F.);
#5800=ORIENTED_EDGE('',*,*,#4038,.F.);
#5801=ORIENTED_EDGE('',*,*,#3868,.F.);
#5802=ORIENTED_EDGE('',*,*,#3857,.F.);
#5803=ORIENTED_EDGE('',*,*,#3885,.F.);
#5804=ORIENTED_EDGE('',*,*,#3899,.F.);
#5805=ORIENTED_EDGE('',*,*,#3881,.F.);
#5806=ORIENTED_EDGE('',*,*,#4036,.T.);
#5807=ORIENTED_EDGE('',*,*,#3668,.F.);
#5808=ORIENTED_EDGE('',*,*,#4039,.F.);
#5809=ORIENTED_EDGE('',*,*,#3871,.F.);
#5810=ORIENTED_EDGE('',*,*,#4040,.F.);
#5811=ORIENTED_EDGE('',*,*,#4020,.F.);
#5812=ORIENTED_EDGE('',*,*,#3600,.T.);
#5813=ORIENTED_EDGE('',*,*,#4041,.F.);
#5814=ORIENTED_EDGE('',*,*,#3872,.F.);
#5815=ORIENTED_EDGE('',*,*,#4039,.T.);
#5816=ORIENTED_EDGE('',*,*,#3667,.F.);
#5817=ORIENTED_EDGE('',*,*,#3632,.T.);
#5818=ORIENTED_EDGE('',*,*,#3633,.T.);
#5819=ORIENTED_EDGE('',*,*,#3605,.T.);
#5820=ORIENTED_EDGE('',*,*,#3603,.T.);
#5821=ORIENTED_EDGE('',*,*,#3679,.F.);
#5822=ORIENTED_EDGE('',*,*,#4042,.F.);
#5823=ORIENTED_EDGE('',*,*,#3878,.F.);
#5824=ORIENTED_EDGE('',*,*,#3644,.F.);
#5825=ORIENTED_EDGE('',*,*,#4033,.F.);
#5826=ORIENTED_EDGE('',*,*,#4042,.T.);
#5827=ORIENTED_EDGE('',*,*,#3678,.F.);
#5828=ORIENTED_EDGE('',*,*,#3684,.F.);
#5829=ORIENTED_EDGE('',*,*,#3879,.F.);
#5830=ORIENTED_EDGE('',*,*,#3873,.T.);
#5831=ORIENTED_EDGE('',*,*,#4041,.T.);
#5832=ORIENTED_EDGE('',*,*,#3331,.T.);
#5833=ORIENTED_EDGE('',*,*,#3666,.T.);
#5834=ORIENTED_EDGE('',*,*,#3741,.T.);
#5835=ORIENTED_EDGE('',*,*,#3843,.T.);
#5836=ORIENTED_EDGE('',*,*,#4032,.T.);
#5837=ORIENTED_EDGE('',*,*,#4034,.T.);
#5838=ORIENTED_EDGE('',*,*,#3339,.T.);
#5839=ORIENTED_EDGE('',*,*,#3646,.T.);
#5840=ORIENTED_EDGE('',*,*,#3877,.T.);
#5841=ORIENTED_EDGE('',*,*,#4043,.T.);
#5842=ORIENTED_EDGE('',*,*,#4022,.T.);
#5843=ORIENTED_EDGE('',*,*,#3739,.T.);
#5844=ORIENTED_EDGE('',*,*,#4026,.T.);
#5845=ORIENTED_EDGE('',*,*,#4043,.F.);
#5846=ORIENTED_EDGE('',*,*,#3876,.F.);
#5847=ORIENTED_EDGE('',*,*,#4044,.T.);
#5848=ORIENTED_EDGE('',*,*,#4011,.F.);
#5849=ORIENTED_EDGE('',*,*,#4012,.F.);
#5850=ORIENTED_EDGE('',*,*,#4044,.F.);
#5851=ORIENTED_EDGE('',*,*,#3875,.F.);
#5852=ORIENTED_EDGE('',*,*,#4031,.T.);
#5853=ORIENTED_EDGE('',*,*,#4040,.T.);
#5854=ORIENTED_EDGE('',*,*,#3870,.F.);
#5855=ORIENTED_EDGE('',*,*,#3670,.T.);
#5856=ORIENTED_EDGE('',*,*,#4021,.F.);
#5857=ORIENTED_EDGE('',*,*,#3501,.T.);
#5858=ORIENTED_EDGE('',*,*,#3675,.F.);
#5859=ORIENTED_EDGE('',*,*,#3220,.T.);
#5860=ORIENTED_EDGE('',*,*,#3228,.T.);
#5861=ORIENTED_EDGE('',*,*,#3503,.T.);
#5862=ORIENTED_EDGE('',*,*,#3672,.F.);
#5863=ORIENTED_EDGE('',*,*,#3869,.F.);
#5864=ORIENTED_EDGE('',*,*,#4038,.T.);
#5865=ORIENTED_EDGE('',*,*,#4045,.F.);
#5866=ORIENTED_EDGE('',*,*,#3673,.F.);
#5867=ORIENTED_EDGE('',*,*,#3209,.T.);
#5868=ORIENTED_EDGE('',*,*,#3224,.T.);
#5869=ORIENTED_EDGE('',*,*,#3674,.T.);
#5870=ORIENTED_EDGE('',*,*,#4045,.T.);
#5871=ORIENTED_EDGE('',*,*,#4046,.F.);
#5872=ORIENTED_EDGE('',*,*,#4047,.T.);
#5873=ORIENTED_EDGE('',*,*,#3211,.T.);
#5874=ORIENTED_EDGE('',*,*,#3655,.T.);
#5875=ORIENTED_EDGE('',*,*,#3426,.F.);
#5876=ORIENTED_EDGE('',*,*,#3650,.F.);
#5877=ORIENTED_EDGE('',*,*,#4048,.T.);
#5878=ORIENTED_EDGE('',*,*,#3977,.F.);
#5879=ORIENTED_EDGE('',*,*,#3680,.T.);
#5880=ORIENTED_EDGE('',*,*,#3399,.F.);
#5881=ORIENTED_EDGE('',*,*,#4049,.F.);
#5882=ORIENTED_EDGE('',*,*,#4050,.F.);
#5883=ORIENTED_EDGE('',*,*,#4035,.F.);
#5884=ORIENTED_EDGE('',*,*,#4051,.T.);
#5885=ORIENTED_EDGE('',*,*,#4052,.T.);
#5886=ORIENTED_EDGE('',*,*,#4005,.F.);
#5887=ORIENTED_EDGE('',*,*,#4053,.F.);
#5888=ORIENTED_EDGE('',*,*,#4054,.T.);
#5889=ORIENTED_EDGE('',*,*,#4053,.T.);
#5890=ORIENTED_EDGE('',*,*,#4004,.F.);
#5891=ORIENTED_EDGE('',*,*,#4055,.F.);
#5892=ORIENTED_EDGE('',*,*,#3543,.T.);
#5893=ORIENTED_EDGE('',*,*,#4002,.F.);
#5894=ORIENTED_EDGE('',*,*,#4056,.T.);
#5895=ORIENTED_EDGE('',*,*,#4055,.T.);
#5896=ORIENTED_EDGE('',*,*,#4003,.F.);
#5897=ORIENTED_EDGE('',*,*,#3553,.T.);
#5898=ORIENTED_EDGE('',*,*,#3541,.T.);
#5899=ORIENTED_EDGE('',*,*,#4057,.T.);
#5900=ORIENTED_EDGE('',*,*,#3648,.T.);
#5901=ORIENTED_EDGE('',*,*,#4019,.F.);
#5902=ORIENTED_EDGE('',*,*,#4058,.F.);
#5903=ORIENTED_EDGE('',*,*,#4059,.T.);
#5904=ORIENTED_EDGE('',*,*,#4058,.T.);
#5905=ORIENTED_EDGE('',*,*,#4018,.F.);
#5906=ORIENTED_EDGE('',*,*,#4060,.F.);
#5907=ORIENTED_EDGE('',*,*,#4061,.T.);
#5908=ORIENTED_EDGE('',*,*,#4060,.T.);
#5909=ORIENTED_EDGE('',*,*,#4017,.F.);
#5910=ORIENTED_EDGE('',*,*,#4062,.F.);
#5911=ORIENTED_EDGE('',*,*,#3440,.T.);
#5912=ORIENTED_EDGE('',*,*,#4047,.F.);
#5913=ORIENTED_EDGE('',*,*,#4063,.T.);
#5914=ORIENTED_EDGE('',*,*,#4062,.T.);
#5915=ORIENTED_EDGE('',*,*,#4016,.F.);
#5916=ORIENTED_EDGE('',*,*,#3441,.T.);
#5917=ORIENTED_EDGE('',*,*,#3436,.T.);
#5918=ORIENTED_EDGE('',*,*,#3524,.T.);
#5919=ORIENTED_EDGE('',*,*,#4007,.F.);
#5920=ORIENTED_EDGE('',*,*,#4064,.F.);
#5921=ORIENTED_EDGE('',*,*,#4065,.T.);
#5922=ORIENTED_EDGE('',*,*,#4049,.T.);
#5923=ORIENTED_EDGE('',*,*,#3554,.T.);
#5924=ORIENTED_EDGE('',*,*,#3518,.T.);
#5925=ORIENTED_EDGE('',*,*,#4066,.T.);
#5926=ORIENTED_EDGE('',*,*,#4064,.T.);
#5927=ORIENTED_EDGE('',*,*,#4006,.F.);
#5928=ORIENTED_EDGE('',*,*,#4052,.F.);
#5929=ORIENTED_EDGE('',*,*,#4066,.F.);
#5930=ORIENTED_EDGE('',*,*,#4051,.F.);
#5931=ORIENTED_EDGE('',*,*,#4054,.F.);
#5932=ORIENTED_EDGE('',*,*,#4056,.F.);
#5933=ORIENTED_EDGE('',*,*,#4001,.F.);
#5934=ORIENTED_EDGE('',*,*,#3980,.F.);
#5935=ORIENTED_EDGE('',*,*,#4048,.F.);
#5936=ORIENTED_EDGE('',*,*,#3649,.F.);
#5937=ORIENTED_EDGE('',*,*,#4057,.F.);
#5938=ORIENTED_EDGE('',*,*,#4059,.F.);
#5939=ORIENTED_EDGE('',*,*,#4061,.F.);
#5940=ORIENTED_EDGE('',*,*,#4063,.F.);
#5941=ORIENTED_EDGE('',*,*,#4046,.T.);
#5942=ORIENTED_EDGE('',*,*,#4037,.T.);
#5943=ORIENTED_EDGE('',*,*,#4050,.T.);
#5944=ORIENTED_EDGE('',*,*,#4065,.F.);
#5945=PLANE('',#6532);
#5946=PLANE('',#6533);
#5947=PLANE('',#6534);
#5948=PLANE('',#6535);
#5949=PLANE('',#6536);
#5950=PLANE('',#6538);
#5951=PLANE('',#6540);
#5952=PLANE('',#6543);
#5953=PLANE('',#6544);
#5954=PLANE('',#6545);
#5955=PLANE('',#6546);
#5956=PLANE('',#6548);
#5957=PLANE('',#6549);
#5958=PLANE('',#6550);
#5959=PLANE('',#6552);
#5960=PLANE('',#6553);
#5961=PLANE('',#6554);
#5962=PLANE('',#6555);
#5963=PLANE('',#6556);
#5964=PLANE('',#6557);
#5965=PLANE('',#6558);
#5966=PLANE('',#6559);
#5967=PLANE('',#6560);
#5968=PLANE('',#6561);
#5969=PLANE('',#6562);
#5970=PLANE('',#6563);
#5971=PLANE('',#6564);
#5972=PLANE('',#6565);
#5973=PLANE('',#6566);
#5974=PLANE('',#6567);
#5975=PLANE('',#6568);
#5976=PLANE('',#6569);
#5977=PLANE('',#6570);
#5978=PLANE('',#6571);
#5979=PLANE('',#6578);
#5980=PLANE('',#6583);
#5981=PLANE('',#6588);
#5982=PLANE('',#6590);
#5983=PLANE('',#6592);
#5984=PLANE('',#6593);
#5985=PLANE('',#6604);
#5986=PLANE('',#6607);
#5987=PLANE('',#6608);
#5988=PLANE('',#6609);
#5989=PLANE('',#6612);
#5990=PLANE('',#6615);
#5991=PLANE('',#6618);
#5992=PLANE('',#6619);
#5993=PLANE('',#6620);
#5994=PLANE('',#6623);
#5995=PLANE('',#6626);
#5996=PLANE('',#6629);
#5997=PLANE('',#6630);
#5998=PLANE('',#6631);
#5999=PLANE('',#6632);
#6000=PLANE('',#6633);
#6001=PLANE('',#6634);
#6002=PLANE('',#6635);
#6003=PLANE('',#6636);
#6004=PLANE('',#6638);
#6005=PLANE('',#6639);
#6006=PLANE('',#6640);
#6007=PLANE('',#6641);
#6008=PLANE('',#6645);
#6009=PLANE('',#6646);
#6010=PLANE('',#6647);
#6011=PLANE('',#6651);
#6012=PLANE('',#6655);
#6013=PLANE('',#6656);
#6014=PLANE('',#6657);
#6015=PLANE('',#6661);
#6016=PLANE('',#6670);
#6017=PLANE('',#6671);
#6018=PLANE('',#6672);
#6019=PLANE('',#6673);
#6020=PLANE('',#6674);
#6021=PLANE('',#6675);
#6022=PLANE('',#6676);
#6023=PLANE('',#6677);
#6024=PLANE('',#6678);
#6025=PLANE('',#6679);
#6026=PLANE('',#6680);
#6027=PLANE('',#6681);
#6028=PLANE('',#6685);
#6029=PLANE('',#6686);
#6030=PLANE('',#6696);
#6031=PLANE('',#6700);
#6032=PLANE('',#6702);
#6033=PLANE('',#6704);
#6034=PLANE('',#6706);
#6035=PLANE('',#6707);
#6036=PLANE('',#6710);
#6037=PLANE('',#6711);
#6038=PLANE('',#6712);
#6039=PLANE('',#6716);
#6040=PLANE('',#6717);
#6041=PLANE('',#6721);
#6042=PLANE('',#6722);
#6043=PLANE('',#6729);
#6044=PLANE('',#6731);
#6045=PLANE('',#6737);
#6046=PLANE('',#6738);
#6047=PLANE('',#6739);
#6048=PLANE('',#6740);
#6049=PLANE('',#6741);
#6050=PLANE('',#6745);
#6051=PLANE('',#6746);
#6052=PLANE('',#6750);
#6053=PLANE('',#6751);
#6054=PLANE('',#6752);
#6055=PLANE('',#6756);
#6056=PLANE('',#6757);
#6057=PLANE('',#6758);
#6058=PLANE('',#6762);
#6059=PLANE('',#6763);
#6060=PLANE('',#6764);
#6061=PLANE('',#6765);
#6062=PLANE('',#6770);
#6063=PLANE('',#6771);
#6064=PLANE('',#6772);
#6065=PLANE('',#6773);
#6066=PLANE('',#6774);
#6067=PLANE('',#6775);
#6068=PLANE('',#6776);
#6069=PLANE('',#6777);
#6070=PLANE('',#6779);
#6071=PLANE('',#6780);
#6072=PLANE('',#6781);
#6073=PLANE('',#6782);
#6074=PLANE('',#6783);
#6075=PLANE('',#6784);
#6076=PLANE('',#6785);
#6077=PLANE('',#6786);
#6078=PLANE('',#6787);
#6079=PLANE('',#6788);
#6080=PLANE('',#6789);
#6081=PLANE('',#6791);
#6082=PLANE('',#6792);
#6083=PLANE('',#6796);
#6084=PLANE('',#6797);
#6085=PLANE('',#6798);
#6086=PLANE('',#6802);
#6087=PLANE('',#6803);
#6088=PLANE('',#6804);
#6089=PLANE('',#6817);
#6090=PLANE('',#6818);
#6091=PLANE('',#6819);
#6092=PLANE('',#6820);
#6093=PLANE('',#6821);
#6094=PLANE('',#6822);
#6095=PLANE('',#6823);
#6096=PLANE('',#6824);
#6097=PLANE('',#6825);
#6098=PLANE('',#6826);
#6099=PLANE('',#6829);
#6100=PLANE('',#6842);
#6101=PLANE('',#6843);
#6102=PLANE('',#6845);
#6103=PLANE('',#6847);
#6104=PLANE('',#6849);
#6105=PLANE('',#6851);
#6106=PLANE('',#6853);
#6107=PLANE('',#6855);
#6108=PLANE('',#6856);
#6109=PLANE('',#6859);
#6110=PLANE('',#6864);
#6111=PLANE('',#6867);
#6112=PLANE('',#6868);
#6113=PLANE('',#6869);
#6114=PLANE('',#6870);
#6115=PLANE('',#6871);
#6116=PLANE('',#6872);
#6117=PLANE('',#6873);
#6118=PLANE('',#6874);
#6119=PLANE('',#6875);
#6120=PLANE('',#6876);
#6121=PLANE('',#6877);
#6122=PLANE('',#6878);
#6123=PLANE('',#6879);
#6124=PLANE('',#6882);
#6125=PLANE('',#6883);
#6126=PLANE('',#6884);
#6127=PLANE('',#6885);
#6128=PLANE('',#6886);
#6129=PLANE('',#6887);
#6130=PLANE('',#6888);
#6131=PLANE('',#6889);
#6132=PLANE('',#6890);
#6133=PLANE('',#6891);
#6134=PLANE('',#6892);
#6135=PLANE('',#6893);
#6136=PLANE('',#6894);
#6137=PLANE('',#6895);
#6138=PLANE('',#6896);
#6139=PLANE('',#6897);
#6140=PLANE('',#6898);
#6141=PLANE('',#6899);
#6142=PLANE('',#6900);
#6143=PLANE('',#6901);
#6144=PLANE('',#6902);
#6145=PLANE('',#6903);
#6146=PLANE('',#6904);
#6147=PLANE('',#6905);
#6148=PLANE('',#6906);
#6149=PLANE('',#6907);
#6150=PLANE('',#6908);
#6151=PLANE('',#6909);
#6152=PLANE('',#6910);
#6153=PLANE('',#6911);
#6154=PLANE('',#6912);
#6155=PLANE('',#6913);
#6156=PLANE('',#6914);
#6157=PLANE('',#6915);
#6158=PLANE('',#6916);
#6159=PLANE('',#6918);
#6160=PLANE('',#6919);
#6161=PLANE('',#6920);
#6162=PLANE('',#6921);
#6163=PLANE('',#6924);
#6164=PLANE('',#6925);
#6165=PLANE('',#6926);
#6166=PLANE('',#6929);
#6167=PLANE('',#6930);
#6168=PLANE('',#6931);
#6169=PLANE('',#6932);
#6170=PLANE('',#6933);
#6171=PLANE('',#6934);
#6172=PLANE('',#6935);
#6173=PLANE('',#6936);
#6174=PLANE('',#6937);
#6175=PLANE('',#6938);
#6176=PLANE('',#6939);
#6177=PLANE('',#6940);
#6178=PLANE('',#6941);
#6179=PLANE('',#6942);
#6180=PLANE('',#6944);
#6181=PLANE('',#6945);
#6182=PLANE('',#6946);
#6183=PLANE('',#6947);
#6184=PLANE('',#6948);
#6185=PLANE('',#6949);
#6186=PLANE('',#6952);
#6187=PLANE('',#6953);
#6188=PLANE('',#6954);
#6189=PLANE('',#6955);
#6190=PLANE('',#6956);
#6191=PLANE('',#6957);
#6192=PLANE('',#6958);
#6193=PLANE('',#6959);
#6194=PLANE('',#6960);
#6195=PLANE('',#6961);
#6196=PLANE('',#6962);
#6197=PLANE('',#6963);
#6198=PLANE('',#6964);
#6199=PLANE('',#6965);
#6200=PLANE('',#6966);
#6201=PLANE('',#6967);
#6202=PLANE('',#6968);
#6203=ADVANCED_FACE('',(#266),#5945,.F.);
#6204=ADVANCED_FACE('',(#267),#5946,.T.);
#6205=ADVANCED_FACE('',(#268),#5947,.F.);
#6206=ADVANCED_FACE('',(#269),#5948,.F.);
#6207=ADVANCED_FACE('',(#270),#5949,.F.);
#6208=ADVANCED_FACE('',(#271),#5950,.F.);
#6209=ADVANCED_FACE('',(#272),#5951,.T.);
#6210=ADVANCED_FACE('',(#273),#5952,.T.);
#6211=ADVANCED_FACE('',(#274),#5953,.F.);
#6212=ADVANCED_FACE('',(#275),#5954,.T.);
#6213=ADVANCED_FACE('',(#276),#5955,.T.);
#6214=ADVANCED_FACE('',(#277),#21,.F.);
#6215=ADVANCED_FACE('',(#278),#5956,.T.);
#6216=ADVANCED_FACE('',(#279),#5957,.T.);
#6217=ADVANCED_FACE('',(#280),#5958,.T.);
#6218=ADVANCED_FACE('',(#281),#22,.F.);
#6219=ADVANCED_FACE('',(#282),#5959,.T.);
#6220=ADVANCED_FACE('',(#283),#5960,.T.);
#6221=ADVANCED_FACE('',(#284),#5961,.T.);
#6222=ADVANCED_FACE('',(#285),#5962,.T.);
#6223=ADVANCED_FACE('',(#286),#5963,.T.);
#6224=ADVANCED_FACE('',(#287),#5964,.F.);
#6225=ADVANCED_FACE('',(#288),#5965,.F.);
#6226=ADVANCED_FACE('',(#289),#5966,.T.);
#6227=ADVANCED_FACE('',(#290),#5967,.T.);
#6228=ADVANCED_FACE('',(#291),#5968,.F.);
#6229=ADVANCED_FACE('',(#292),#5969,.T.);
#6230=ADVANCED_FACE('',(#293),#5970,.T.);
#6231=ADVANCED_FACE('',(#294),#5971,.F.);
#6232=ADVANCED_FACE('',(#295),#5972,.T.);
#6233=ADVANCED_FACE('',(#296),#5973,.T.);
#6234=ADVANCED_FACE('',(#297),#5974,.F.);
#6235=ADVANCED_FACE('',(#298),#5975,.F.);
#6236=ADVANCED_FACE('',(#299),#5976,.T.);
#6237=ADVANCED_FACE('',(#300),#5977,.T.);
#6238=ADVANCED_FACE('',(#301),#5978,.T.);
#6239=ADVANCED_FACE('',(#302,#14),#5979,.T.);
#6240=ADVANCED_FACE('',(#303),#23,.F.);
#6241=ADVANCED_FACE('',(#304),#5980,.T.);
#6242=ADVANCED_FACE('',(#305),#24,.F.);
#6243=ADVANCED_FACE('',(#306),#5981,.T.);
#6244=ADVANCED_FACE('',(#307),#5982,.T.);
#6245=ADVANCED_FACE('',(#308),#5983,.T.);
#6246=ADVANCED_FACE('',(#309,#15),#5984,.F.);
#6247=ADVANCED_FACE('',(#310),#5985,.F.);
#6248=ADVANCED_FACE('',(#311),#25,.T.);
#6249=ADVANCED_FACE('',(#312),#5986,.T.);
#6250=ADVANCED_FACE('',(#313),#5987,.F.);
#6251=ADVANCED_FACE('',(#314),#5988,.F.);
#6252=ADVANCED_FACE('',(#315),#26,.F.);
#6253=ADVANCED_FACE('',(#316),#5989,.F.);
#6254=ADVANCED_FACE('',(#317),#27,.F.);
#6255=ADVANCED_FACE('',(#318),#5990,.F.);
#6256=ADVANCED_FACE('',(#319),#28,.F.);
#6257=ADVANCED_FACE('',(#320),#5991,.F.);
#6258=ADVANCED_FACE('',(#321),#5992,.F.);
#6259=ADVANCED_FACE('',(#322),#5993,.F.);
#6260=ADVANCED_FACE('',(#323),#29,.F.);
#6261=ADVANCED_FACE('',(#324),#5994,.F.);
#6262=ADVANCED_FACE('',(#325),#30,.F.);
#6263=ADVANCED_FACE('',(#326),#5995,.F.);
#6264=ADVANCED_FACE('',(#327),#31,.F.);
#6265=ADVANCED_FACE('',(#328),#5996,.T.);
#6266=ADVANCED_FACE('',(#329),#5997,.F.);
#6267=ADVANCED_FACE('',(#330),#5998,.F.);
#6268=ADVANCED_FACE('',(#331),#5999,.T.);
#6269=ADVANCED_FACE('',(#332),#6000,.F.);
#6270=ADVANCED_FACE('',(#333),#6001,.T.);
#6271=ADVANCED_FACE('',(#334),#6002,.T.);
#6272=ADVANCED_FACE('',(#335),#6003,.F.);
#6273=ADVANCED_FACE('',(#336),#6004,.T.);
#6274=ADVANCED_FACE('',(#337),#6005,.F.);
#6275=ADVANCED_FACE('',(#338),#6006,.F.);
#6276=ADVANCED_FACE('',(#339),#6007,.F.);
#6277=ADVANCED_FACE('',(#340),#32,.T.);
#6278=ADVANCED_FACE('',(#341),#6008,.T.);
#6279=ADVANCED_FACE('',(#342),#6009,.F.);
#6280=ADVANCED_FACE('',(#343),#6010,.T.);
#6281=ADVANCED_FACE('',(#344),#33,.T.);
#6282=ADVANCED_FACE('',(#345),#6011,.F.);
#6283=ADVANCED_FACE('',(#346),#34,.T.);
#6284=ADVANCED_FACE('',(#347),#6012,.F.);
#6285=ADVANCED_FACE('',(#348),#6013,.T.);
#6286=ADVANCED_FACE('',(#349),#6014,.F.);
#6287=ADVANCED_FACE('',(#350),#35,.T.);
#6288=ADVANCED_FACE('',(#351,#16),#6015,.T.);
#6289=ADVANCED_FACE('',(#352),#6016,.F.);
#6290=ADVANCED_FACE('',(#353),#6017,.T.);
#6291=ADVANCED_FACE('',(#354),#6018,.T.);
#6292=ADVANCED_FACE('',(#355),#6019,.F.);
#6293=ADVANCED_FACE('',(#356),#6020,.F.);
#6294=ADVANCED_FACE('',(#357),#6021,.T.);
#6295=ADVANCED_FACE('',(#358),#6022,.T.);
#6296=ADVANCED_FACE('',(#359),#6023,.T.);
#6297=ADVANCED_FACE('',(#360),#6024,.T.);
#6298=ADVANCED_FACE('',(#361),#6025,.F.);
#6299=ADVANCED_FACE('',(#362),#6026,.F.);
#6300=ADVANCED_FACE('',(#363),#6027,.T.);
#6301=ADVANCED_FACE('',(#364),#36,.T.);
#6302=ADVANCED_FACE('',(#365),#6028,.F.);
#6303=ADVANCED_FACE('',(#366),#6029,.T.);
#6304=ADVANCED_FACE('',(#367),#37,.T.);
#6305=ADVANCED_FACE('',(#368),#6030,.T.);
#6306=ADVANCED_FACE('',(#369),#38,.T.);
#6307=ADVANCED_FACE('',(#370),#39,.F.);
#6308=ADVANCED_FACE('',(#371),#40,.F.);
#6309=ADVANCED_FACE('',(#372),#6031,.F.);
#6310=ADVANCED_FACE('',(#373),#41,.T.);
#6311=ADVANCED_FACE('',(#374),#6032,.F.);
#6312=ADVANCED_FACE('',(#375),#42,.F.);
#6313=ADVANCED_FACE('',(#376),#6033,.F.);
#6314=ADVANCED_FACE('',(#377),#43,.F.);
#6315=ADVANCED_FACE('',(#378),#6034,.F.);
#6316=ADVANCED_FACE('',(#379),#6035,.T.);
#6317=ADVANCED_FACE('',(#380),#44,.T.);
#6318=ADVANCED_FACE('',(#381),#6036,.T.);
#6319=ADVANCED_FACE('',(#382),#6037,.T.);
#6320=ADVANCED_FACE('',(#383),#6038,.T.);
#6321=ADVANCED_FACE('',(#384),#45,.T.);
#6322=ADVANCED_FACE('',(#385),#6039,.F.);
#6323=ADVANCED_FACE('',(#386),#6040,.F.);
#6324=ADVANCED_FACE('',(#387),#46,.T.);
#6325=ADVANCED_FACE('',(#388),#6041,.F.);
#6326=ADVANCED_FACE('',(#389),#6042,.T.);
#6327=ADVANCED_FACE('',(#390),#47,.T.);
#6328=ADVANCED_FACE('',(#391),#48,.T.);
#6329=ADVANCED_FACE('',(#392),#6043,.T.);
#6330=ADVANCED_FACE('',(#393),#6044,.T.);
#6331=ADVANCED_FACE('',(#394),#49,.T.);
#6332=ADVANCED_FACE('',(#395),#50,.T.);
#6333=ADVANCED_FACE('',(#396),#6045,.T.);
#6334=ADVANCED_FACE('',(#397),#6046,.T.);
#6335=ADVANCED_FACE('',(#398),#6047,.F.);
#6336=ADVANCED_FACE('',(#399),#6048,.F.);
#6337=ADVANCED_FACE('',(#400),#6049,.F.);
#6338=ADVANCED_FACE('',(#401),#51,.F.);
#6339=ADVANCED_FACE('',(#402),#52,.F.);
#6340=ADVANCED_FACE('',(#403),#6050,.F.);
#6341=ADVANCED_FACE('',(#404),#6051,.T.);
#6342=ADVANCED_FACE('',(#405),#53,.F.);
#6343=ADVANCED_FACE('',(#406),#54,.F.);
#6344=ADVANCED_FACE('',(#407),#6052,.T.);
#6345=ADVANCED_FACE('',(#408),#6053,.T.);
#6346=ADVANCED_FACE('',(#409),#6054,.T.);
#6347=ADVANCED_FACE('',(#410),#55,.F.);
#6348=ADVANCED_FACE('',(#411),#56,.F.);
#6349=ADVANCED_FACE('',(#412),#6055,.T.);
#6350=ADVANCED_FACE('',(#413),#6056,.T.);
#6351=ADVANCED_FACE('',(#414),#6057,.F.);
#6352=ADVANCED_FACE('',(#415),#57,.F.);
#6353=ADVANCED_FACE('',(#416),#58,.F.);
#6354=ADVANCED_FACE('',(#417),#6058,.F.);
#6355=ADVANCED_FACE('',(#418),#6059,.T.);
#6356=ADVANCED_FACE('',(#419),#6060,.T.);
#6357=ADVANCED_FACE('',(#420),#6061,.T.);
#6358=ADVANCED_FACE('',(#421),#59,.T.);
#6359=ADVANCED_FACE('',(#422),#6062,.T.);
#6360=ADVANCED_FACE('',(#423),#6063,.T.);
#6361=ADVANCED_FACE('',(#424),#6064,.T.);
#6362=ADVANCED_FACE('',(#425),#6065,.T.);
#6363=ADVANCED_FACE('',(#426),#6066,.T.);
#6364=ADVANCED_FACE('',(#427),#6067,.T.);
#6365=ADVANCED_FACE('',(#428),#6068,.T.);
#6366=ADVANCED_FACE('',(#429),#6069,.T.);
#6367=ADVANCED_FACE('',(#430),#6070,.T.);
#6368=ADVANCED_FACE('',(#431),#6071,.T.);
#6369=ADVANCED_FACE('',(#432),#6072,.T.);
#6370=ADVANCED_FACE('',(#433),#6073,.T.);
#6371=ADVANCED_FACE('',(#434),#6074,.T.);
#6372=ADVANCED_FACE('',(#435),#6075,.T.);
#6373=ADVANCED_FACE('',(#436),#6076,.T.);
#6374=ADVANCED_FACE('',(#437),#6077,.T.);
#6375=ADVANCED_FACE('',(#438),#6078,.T.);
#6376=ADVANCED_FACE('',(#439),#6079,.T.);
#6377=ADVANCED_FACE('',(#440),#6080,.T.);
#6378=ADVANCED_FACE('',(#441),#6081,.T.);
#6379=ADVANCED_FACE('',(#442),#6082,.T.);
#6380=ADVANCED_FACE('',(#443),#60,.T.);
#6381=ADVANCED_FACE('',(#444),#6083,.T.);
#6382=ADVANCED_FACE('',(#445),#6084,.T.);
#6383=ADVANCED_FACE('',(#446),#6085,.T.);
#6384=ADVANCED_FACE('',(#447),#61,.T.);
#6385=ADVANCED_FACE('',(#448),#6086,.T.);
#6386=ADVANCED_FACE('',(#449),#6087,.T.);
#6387=ADVANCED_FACE('',(#450),#6088,.T.);
#6388=ADVANCED_FACE('',(#451),#6089,.T.);
#6389=ADVANCED_FACE('',(#452),#6090,.T.);
#6390=ADVANCED_FACE('',(#453),#6091,.T.);
#6391=ADVANCED_FACE('',(#454),#6092,.F.);
#6392=ADVANCED_FACE('',(#455),#6093,.F.);
#6393=ADVANCED_FACE('',(#456),#6094,.T.);
#6394=ADVANCED_FACE('',(#457),#6095,.T.);
#6395=ADVANCED_FACE('',(#458),#6096,.T.);
#6396=ADVANCED_FACE('',(#459),#6097,.F.);
#6397=ADVANCED_FACE('',(#460),#6098,.F.);
#6398=ADVANCED_FACE('',(#461),#62,.T.);
#6399=ADVANCED_FACE('',(#462),#6099,.F.);
#6400=ADVANCED_FACE('',(#463),#63,.T.);
#6401=ADVANCED_FACE('',(#464),#6100,.F.);
#6402=ADVANCED_FACE('',(#465),#6101,.F.);
#6403=ADVANCED_FACE('',(#466),#64,.F.);
#6404=ADVANCED_FACE('',(#467),#6102,.F.);
#6405=ADVANCED_FACE('',(#468),#65,.F.);
#6406=ADVANCED_FACE('',(#469),#6103,.F.);
#6407=ADVANCED_FACE('',(#470),#66,.F.);
#6408=ADVANCED_FACE('',(#471),#6104,.F.);
#6409=ADVANCED_FACE('',(#472),#67,.F.);
#6410=ADVANCED_FACE('',(#473),#6105,.T.);
#6411=ADVANCED_FACE('',(#474),#68,.T.);
#6412=ADVANCED_FACE('',(#475),#6106,.T.);
#6413=ADVANCED_FACE('',(#476),#69,.T.);
#6414=ADVANCED_FACE('',(#477),#6107,.T.);
#6415=ADVANCED_FACE('',(#478),#6108,.T.);
#6416=ADVANCED_FACE('',(#479),#70,.T.);
#6417=ADVANCED_FACE('',(#480),#6109,.T.);
#6418=ADVANCED_FACE('',(#481),#71,.T.);
#6419=ADVANCED_FACE('',(#482),#72,.T.);
#6420=ADVANCED_FACE('',(#483),#6110,.T.);
#6421=ADVANCED_FACE('',(#484),#73,.T.);
#6422=ADVANCED_FACE('',(#485),#6111,.T.);
#6423=ADVANCED_FACE('',(#486),#6112,.F.);
#6424=ADVANCED_FACE('',(#487),#6113,.F.);
#6425=ADVANCED_FACE('',(#488),#6114,.T.);
#6426=ADVANCED_FACE('',(#489),#6115,.T.);
#6427=ADVANCED_FACE('',(#490),#6116,.T.);
#6428=ADVANCED_FACE('',(#491),#6117,.T.);
#6429=ADVANCED_FACE('',(#492),#6118,.T.);
#6430=ADVANCED_FACE('',(#493),#6119,.T.);
#6431=ADVANCED_FACE('',(#494),#6120,.T.);
#6432=ADVANCED_FACE('',(#495),#6121,.T.);
#6433=ADVANCED_FACE('',(#496),#6122,.T.);
#6434=ADVANCED_FACE('',(#497),#6123,.T.);
#6435=ADVANCED_FACE('',(#498),#6124,.T.);
#6436=ADVANCED_FACE('',(#499),#6125,.T.);
#6437=ADVANCED_FACE('',(#500),#6126,.T.);
#6438=ADVANCED_FACE('',(#501),#6127,.T.);
#6439=ADVANCED_FACE('',(#502),#6128,.T.);
#6440=ADVANCED_FACE('',(#503),#6129,.T.);
#6441=ADVANCED_FACE('',(#504),#6130,.T.);
#6442=ADVANCED_FACE('',(#505),#6131,.T.);
#6443=ADVANCED_FACE('',(#506),#6132,.T.);
#6444=ADVANCED_FACE('',(#507),#6133,.T.);
#6445=ADVANCED_FACE('',(#508),#6134,.T.);
#6446=ADVANCED_FACE('',(#509),#6135,.T.);
#6447=ADVANCED_FACE('',(#510),#6136,.T.);
#6448=ADVANCED_FACE('',(#511),#6137,.T.);
#6449=ADVANCED_FACE('',(#512),#6138,.T.);
#6450=ADVANCED_FACE('',(#513),#6139,.T.);
#6451=ADVANCED_FACE('',(#514),#6140,.T.);
#6452=ADVANCED_FACE('',(#515),#6141,.T.);
#6453=ADVANCED_FACE('',(#516),#6142,.T.);
#6454=ADVANCED_FACE('',(#517),#6143,.T.);
#6455=ADVANCED_FACE('',(#518),#6144,.T.);
#6456=ADVANCED_FACE('',(#519),#6145,.T.);
#6457=ADVANCED_FACE('',(#520),#6146,.T.);
#6458=ADVANCED_FACE('',(#521),#6147,.T.);
#6459=ADVANCED_FACE('',(#522),#6148,.T.);
#6460=ADVANCED_FACE('',(#523),#6149,.T.);
#6461=ADVANCED_FACE('',(#524),#6150,.T.);
#6462=ADVANCED_FACE('',(#525),#6151,.T.);
#6463=ADVANCED_FACE('',(#526),#6152,.F.);
#6464=ADVANCED_FACE('',(#527),#6153,.F.);
#6465=ADVANCED_FACE('',(#528),#6154,.F.);
#6466=ADVANCED_FACE('',(#529),#6155,.F.);
#6467=ADVANCED_FACE('',(#530),#6156,.F.);
#6468=ADVANCED_FACE('',(#531),#6157,.F.);
#6469=ADVANCED_FACE('',(#532),#6158,.T.);
#6470=ADVANCED_FACE('',(#533),#6159,.T.);
#6471=ADVANCED_FACE('',(#534),#6160,.T.);
#6472=ADVANCED_FACE('',(#535),#6161,.T.);
#6473=ADVANCED_FACE('',(#536),#6162,.T.);
#6474=ADVANCED_FACE('',(#537),#6163,.T.);
#6475=ADVANCED_FACE('',(#538),#6164,.F.);
#6476=ADVANCED_FACE('',(#539),#6165,.T.);
#6477=ADVANCED_FACE('',(#540),#74,.T.);
#6478=ADVANCED_FACE('',(#541),#75,.T.);
#6479=ADVANCED_FACE('',(#542),#6166,.F.);
#6480=ADVANCED_FACE('',(#543),#6167,.F.);
#6481=ADVANCED_FACE('',(#544),#6168,.T.);
#6482=ADVANCED_FACE('',(#545),#6169,.T.);
#6483=ADVANCED_FACE('',(#546),#6170,.F.);
#6484=ADVANCED_FACE('',(#547,#17),#6171,.T.);
#6485=ADVANCED_FACE('',(#548),#6172,.T.);
#6486=ADVANCED_FACE('',(#549),#6173,.F.);
#6487=ADVANCED_FACE('',(#550),#6174,.F.);
#6488=ADVANCED_FACE('',(#551),#6175,.F.);
#6489=ADVANCED_FACE('',(#552),#6176,.F.);
#6490=ADVANCED_FACE('',(#553),#6177,.F.);
#6491=ADVANCED_FACE('',(#554),#6178,.F.);
#6492=ADVANCED_FACE('',(#555),#6179,.T.);
#6493=ADVANCED_FACE('',(#556),#6180,.T.);
#6494=ADVANCED_FACE('',(#557),#6181,.T.);
#6495=ADVANCED_FACE('',(#558),#6182,.T.);
#6496=ADVANCED_FACE('',(#559),#6183,.T.);
#6497=ADVANCED_FACE('',(#560),#6184,.F.);
#6498=ADVANCED_FACE('',(#561),#6185,.T.);
#6499=ADVANCED_FACE('',(#562),#76,.T.);
#6500=ADVANCED_FACE('',(#563),#77,.T.);
#6501=ADVANCED_FACE('',(#564),#6186,.F.);
#6502=ADVANCED_FACE('',(#565),#6187,.F.);
#6503=ADVANCED_FACE('',(#566),#6188,.T.);
#6504=ADVANCED_FACE('',(#567),#6189,.T.);
#6505=ADVANCED_FACE('',(#568),#6190,.T.);
#6506=ADVANCED_FACE('',(#569),#6191,.F.);
#6507=ADVANCED_FACE('',(#570),#6192,.T.);
#6508=ADVANCED_FACE('',(#571),#6193,.T.);
#6509=ADVANCED_FACE('',(#572),#6194,.T.);
#6510=ADVANCED_FACE('',(#573),#6195,.T.);
#6511=ADVANCED_FACE('',(#574),#6196,.T.);
#6512=ADVANCED_FACE('',(#575),#6197,.T.);
#6513=ADVANCED_FACE('',(#576),#6198,.T.);
#6514=ADVANCED_FACE('',(#577),#6199,.T.);
#6515=ADVANCED_FACE('',(#578),#6200,.T.);
#6516=ADVANCED_FACE('',(#579),#6201,.T.);
#6517=ADVANCED_FACE('',(#580),#6202,.F.);
#6518=CLOSED_SHELL('',(#6203,#6204,#6205,#6206,#6207,#6208,#6209,#6210,
#6211,#6212,#6213,#6214,#6215,#6216,#6217,#6218,#6219,#6220,#6221,#6222,
#6223,#6224,#6225,#6226,#6227,#6228,#6229,#6230,#6231,#6232,#6233,#6234,
#6235,#6236,#6237,#6238,#6239,#6240,#6241,#6242,#6243,#6244,#6245,#6246,
#6247,#6248,#6249,#6250,#6251,#6252,#6253,#6254,#6255,#6256,#6257,#6258,
#6259,#6260,#6261,#6262,#6263,#6264,#6265,#6266,#6267,#6268,#6269,#6270,
#6271,#6272,#6273,#6274,#6275,#6276,#6277,#6278,#6279,#6280,#6281,#6282,
#6283,#6284,#6285,#6286,#6287,#6288,#6289,#6290,#6291,#6292,#6293,#6294,
#6295,#6296,#6297,#6298,#6299,#6300,#6301,#6302,#6303,#6304,#6305,#6306,
#6307,#6308,#6309,#6310,#6311,#6312,#6313,#6314,#6315,#6316,#6317,#6318,
#6319,#6320,#6321,#6322,#6323,#6324,#6325,#6326,#6327,#6328,#6329,#6330,
#6331,#6332,#6333,#6334,#6335,#6336,#6337,#6338,#6339,#6340,#6341,#6342,
#6343,#6344,#6345,#6346,#6347,#6348,#6349,#6350,#6351,#6352,#6353,#6354,
#6355,#6356,#6357,#6358,#6359,#6360,#6361,#6362,#6363,#6364,#6365,#6366,
#6367,#6368,#6369,#6370,#6371,#6372,#6373,#6374,#6375,#6376,#6377,#6378,
#6379,#6380,#6381,#6382,#6383,#6384,#6385,#6386,#6387,#6388,#6389,#6390,
#6391,#6392,#6393,#6394,#6395,#6396,#6397,#6398,#6399,#6400,#6401,#6402,
#6403,#6404,#6405,#6406,#6407,#6408,#6409,#6410,#6411,#6412,#6413,#6414,
#6415,#6416,#6417,#6418,#6419,#6420,#6421,#6422,#6423,#6424,#6425,#6426,
#6427,#6428,#6429,#6430,#6431,#6432,#6433,#6434,#6435,#6436,#6437,#6438,
#6439,#6440,#6441,#6442,#6443,#6444,#6445,#6446,#6447,#6448,#6449,#6450,
#6451,#6452,#6453,#6454,#6455,#6456,#6457,#6458,#6459,#6460,#6461,#6462,
#6463,#6464,#6465,#6466,#6467,#6468,#6469,#6470,#6471,#6472,#6473,#6474,
#6475,#6476,#6477,#6478,#6479,#6480,#6481,#6482,#6483,#6484,#6485,#6486,
#6487,#6488,#6489,#6490,#6491,#6492,#6493,#6494,#6495,#6496,#6497,#6498,
#6499,#6500,#6501,#6502,#6503,#6504,#6505,#6506,#6507,#6508,#6509,#6510,
#6511,#6512,#6513,#6514,#6515,#6516,#6517));
#6519=DERIVED_UNIT_ELEMENT(#6521,1.);
#6520=DERIVED_UNIT_ELEMENT(#10516,-3.);
#6521=(
MASS_UNIT()
NAMED_UNIT(*)
SI_UNIT(.KILO.,.GRAM.)
);
#6522=DERIVED_UNIT((#6519,#6520));
#6523=MEASURE_REPRESENTATION_ITEM('density measure',
POSITIVE_RATIO_MEASURE(1000.),#6522);
#6524=PROPERTY_DEFINITION_REPRESENTATION(#6529,#6526);
#6525=PROPERTY_DEFINITION_REPRESENTATION(#6530,#6527);
#6526=REPRESENTATION('material name',(#6528),#10513);
#6527=REPRESENTATION('density',(#6523),#10513);
#6528=DESCRIPTIVE_REPRESENTATION_ITEM('Generic','Generic');
#6529=PROPERTY_DEFINITION('material property','material name',#10523);
#6530=PROPERTY_DEFINITION('material property','density of part',#10523);
#6531=AXIS2_PLACEMENT_3D('',#8662,#6969,#6970);
#6532=AXIS2_PLACEMENT_3D('',#8663,#6971,#6972);
#6533=AXIS2_PLACEMENT_3D('',#8672,#6977,#6978);
#6534=AXIS2_PLACEMENT_3D('',#8678,#6982,#6983);
#6535=AXIS2_PLACEMENT_3D('',#8682,#6986,#6987);
#6536=AXIS2_PLACEMENT_3D('',#8691,#6992,#6993);
#6537=AXIS2_PLACEMENT_3D('',#8698,#6997,#6998);
#6538=AXIS2_PLACEMENT_3D('',#8699,#6999,#7000);
#6539=AXIS2_PLACEMENT_3D('',#8704,#7002,#7003);
#6540=AXIS2_PLACEMENT_3D('',#8710,#7007,#7008);
#6541=AXIS2_PLACEMENT_3D('',#8723,#7015,#7016);
#6542=AXIS2_PLACEMENT_3D('',#8730,#7020,#7021);
#6543=AXIS2_PLACEMENT_3D('',#8731,#7022,#7023);
#6544=AXIS2_PLACEMENT_3D('',#8733,#7025,#7026);
#6545=AXIS2_PLACEMENT_3D('',#8740,#7031,#7032);
#6546=AXIS2_PLACEMENT_3D('',#8742,#7034,#7035);
#6547=AXIS2_PLACEMENT_3D('',#8748,#7039,#7040);
#6548=AXIS2_PLACEMENT_3D('',#8751,#7043,#7044);
#6549=AXIS2_PLACEMENT_3D('',#8753,#7046,#7047);
#6550=AXIS2_PLACEMENT_3D('',#8755,#7049,#7050);
#6551=AXIS2_PLACEMENT_3D('',#8757,#7052,#7053);
#6552=AXIS2_PLACEMENT_3D('',#8759,#7055,#7056);
#6553=AXIS2_PLACEMENT_3D('',#8765,#7060,#7061);
#6554=AXIS2_PLACEMENT_3D('',#8771,#7065,#7066);
#6555=AXIS2_PLACEMENT_3D('',#8790,#7077,#7078);
#6556=AXIS2_PLACEMENT_3D('',#8807,#7087,#7088);
#6557=AXIS2_PLACEMENT_3D('',#8813,#7092,#7093);
#6558=AXIS2_PLACEMENT_3D('',#8819,#7097,#7098);
#6559=AXIS2_PLACEMENT_3D('',#8826,#7102,#7103);
#6560=AXIS2_PLACEMENT_3D('',#8837,#7109,#7110);
#6561=AXIS2_PLACEMENT_3D('',#8850,#7117,#7118);
#6562=AXIS2_PLACEMENT_3D('',#8859,#7123,#7124);
#6563=AXIS2_PLACEMENT_3D('',#8870,#7131,#7132);
#6564=AXIS2_PLACEMENT_3D('',#8876,#7136,#7137);
#6565=AXIS2_PLACEMENT_3D('',#8885,#7142,#7143);
#6566=AXIS2_PLACEMENT_3D('',#8899,#7151,#7152);
#6567=AXIS2_PLACEMENT_3D('',#8905,#7156,#7157);
#6568=AXIS2_PLACEMENT_3D('',#8912,#7161,#7162);
#6569=AXIS2_PLACEMENT_3D('',#8921,#7167,#7168);
#6570=AXIS2_PLACEMENT_3D('',#8932,#7174,#7175);
#6571=AXIS2_PLACEMENT_3D('',#8938,#7179,#7180);
#6572=AXIS2_PLACEMENT_3D('',#8945,#7183,#7184);
#6573=AXIS2_PLACEMENT_3D('',#8949,#7186,#7187);
#6574=AXIS2_PLACEMENT_3D('',#8951,#7188,#7189);
#6575=AXIS2_PLACEMENT_3D('',#8955,#7191,#7192);
#6576=AXIS2_PLACEMENT_3D('',#8957,#7193,#7194);
#6577=AXIS2_PLACEMENT_3D('',#8961,#7196,#7197);
#6578=AXIS2_PLACEMENT_3D('',#8975,#7205,#7206);
#6579=AXIS2_PLACEMENT_3D('',#8987,#7212,#7213);
#6580=AXIS2_PLACEMENT_3D('',#8988,#7214,#7215);
#6581=AXIS2_PLACEMENT_3D('',#8991,#7216,#7217);
#6582=AXIS2_PLACEMENT_3D('',#8995,#7219,#7220);
#6583=AXIS2_PLACEMENT_3D('',#8997,#7222,#7223);
#6584=AXIS2_PLACEMENT_3D('',#9001,#7225,#7226);
#6585=AXIS2_PLACEMENT_3D('',#9005,#7229,#7230);
#6586=AXIS2_PLACEMENT_3D('',#9008,#7231,#7232);
#6587=AXIS2_PLACEMENT_3D('',#9012,#7234,#7235);
#6588=AXIS2_PLACEMENT_3D('',#9014,#7237,#7238);
#6589=AXIS2_PLACEMENT_3D('',#9020,#7241,#7242);
#6590=AXIS2_PLACEMENT_3D('',#9022,#7244,#7245);
#6591=AXIS2_PLACEMENT_3D('',#9027,#7248,#7249);
#6592=AXIS2_PLACEMENT_3D('',#9029,#7251,#7252);
#6593=AXIS2_PLACEMENT_3D('',#9033,#7255,#7256);
#6594=AXIS2_PLACEMENT_3D('',#9040,#7259,#7260);
#6595=AXIS2_PLACEMENT_3D('',#9048,#7264,#7265);
#6596=AXIS2_PLACEMENT_3D('',#9085,#7284,#7285);
#6597=AXIS2_PLACEMENT_3D('',#9093,#7289,#7290);
#6598=AXIS2_PLACEMENT_3D('',#9111,#7300,#7301);
#6599=AXIS2_PLACEMENT_3D('',#9115,#7303,#7304);
#6600=AXIS2_PLACEMENT_3D('',#9119,#7306,#7307);
#6601=AXIS2_PLACEMENT_3D('',#9127,#7311,#7312);
#6602=AXIS2_PLACEMENT_3D('',#9131,#7314,#7315);
#6603=AXIS2_PLACEMENT_3D('',#9135,#7317,#7318);
#6604=AXIS2_PLACEMENT_3D('',#9138,#7321,#7322);
#6605=AXIS2_PLACEMENT_3D('',#9140,#7323,#7324);
#6606=AXIS2_PLACEMENT_3D('',#9142,#7326,#7327);
#6607=AXIS2_PLACEMENT_3D('',#9145,#7330,#7331);
#6608=AXIS2_PLACEMENT_3D('',#9146,#7332,#7333);
#6609=AXIS2_PLACEMENT_3D('',#9150,#7336,#7337);
#6610=AXIS2_PLACEMENT_3D('',#9154,#7340,#7341);
#6611=AXIS2_PLACEMENT_3D('',#9156,#7342,#7343);
#6612=AXIS2_PLACEMENT_3D('',#9158,#7345,#7346);
#6613=AXIS2_PLACEMENT_3D('',#9162,#7349,#7350);
#6614=AXIS2_PLACEMENT_3D('',#9164,#7351,#7352);
#6615=AXIS2_PLACEMENT_3D('',#9166,#7354,#7355);
#6616=AXIS2_PLACEMENT_3D('',#9170,#7358,#7359);
#6617=AXIS2_PLACEMENT_3D('',#9172,#7360,#7361);
#6618=AXIS2_PLACEMENT_3D('',#9174,#7363,#7364);
#6619=AXIS2_PLACEMENT_3D('',#9178,#7367,#7368);
#6620=AXIS2_PLACEMENT_3D('',#9182,#7371,#7372);
#6621=AXIS2_PLACEMENT_3D('',#9186,#7375,#7376);
#6622=AXIS2_PLACEMENT_3D('',#9188,#7377,#7378);
#6623=AXIS2_PLACEMENT_3D('',#9190,#7380,#7381);
#6624=AXIS2_PLACEMENT_3D('',#9194,#7384,#7385);
#6625=AXIS2_PLACEMENT_3D('',#9196,#7386,#7387);
#6626=AXIS2_PLACEMENT_3D('',#9198,#7389,#7390);
#6627=AXIS2_PLACEMENT_3D('',#9202,#7393,#7394);
#6628=AXIS2_PLACEMENT_3D('',#9203,#7395,#7396);
#6629=AXIS2_PLACEMENT_3D('',#9204,#7397,#7398);
#6630=AXIS2_PLACEMENT_3D('',#9208,#7401,#7402);
#6631=AXIS2_PLACEMENT_3D('',#9215,#7407,#7408);
#6632=AXIS2_PLACEMENT_3D('',#9221,#7412,#7413);
#6633=AXIS2_PLACEMENT_3D('',#9230,#7418,#7419);
#6634=AXIS2_PLACEMENT_3D('',#9235,#7423,#7424);
#6635=AXIS2_PLACEMENT_3D('',#9241,#7429,#7430);
#6636=AXIS2_PLACEMENT_3D('',#9246,#7434,#7435);
#6637=AXIS2_PLACEMENT_3D('',#9250,#7437,#7438);
#6638=AXIS2_PLACEMENT_3D('',#9253,#7441,#7442);
#6639=AXIS2_PLACEMENT_3D('',#9257,#7445,#7446);
#6640=AXIS2_PLACEMENT_3D('',#9264,#7451,#7452);
#6641=AXIS2_PLACEMENT_3D('',#9272,#7457,#7458);
#6642=AXIS2_PLACEMENT_3D('',#9275,#7461,#7462);
#6643=AXIS2_PLACEMENT_3D('',#9278,#7463,#7464);
#6644=AXIS2_PLACEMENT_3D('',#9282,#7466,#7467);
#6645=AXIS2_PLACEMENT_3D('',#9284,#7469,#7470);
#6646=AXIS2_PLACEMENT_3D('',#9289,#7474,#7475);
#6647=AXIS2_PLACEMENT_3D('',#9294,#7479,#7480);
#6648=AXIS2_PLACEMENT_3D('',#9299,#7484,#7485);
#6649=AXIS2_PLACEMENT_3D('',#9301,#7486,#7487);
#6650=AXIS2_PLACEMENT_3D('',#9303,#7488,#7489);
#6651=AXIS2_PLACEMENT_3D('',#9305,#7491,#7492);
#6652=AXIS2_PLACEMENT_3D('',#9309,#7495,#7496);
#6653=AXIS2_PLACEMENT_3D('',#9311,#7497,#7498);
#6654=AXIS2_PLACEMENT_3D('',#9313,#7499,#7500);
#6655=AXIS2_PLACEMENT_3D('',#9315,#7502,#7503);
#6656=AXIS2_PLACEMENT_3D('',#9325,#7509,#7510);
#6657=AXIS2_PLACEMENT_3D('',#9330,#7514,#7515);
#6658=AXIS2_PLACEMENT_3D('',#9332,#7516,#7517);
#6659=AXIS2_PLACEMENT_3D('',#9336,#7520,#7521);
#6660=AXIS2_PLACEMENT_3D('',#9339,#7522,#7523);
#6661=AXIS2_PLACEMENT_3D('',#9342,#7526,#7527);
#6662=AXIS2_PLACEMENT_3D('',#9359,#7536,#7537);
#6663=AXIS2_PLACEMENT_3D('',#9363,#7539,#7540);
#6664=AXIS2_PLACEMENT_3D('',#9367,#7542,#7543);
#6665=AXIS2_PLACEMENT_3D('',#9371,#7545,#7546);
#6666=AXIS2_PLACEMENT_3D('',#9386,#7554,#7555);
#6667=AXIS2_PLACEMENT_3D('',#9390,#7557,#7558);
#6668=AXIS2_PLACEMENT_3D('',#9394,#7560,#7561);
#6669=AXIS2_PLACEMENT_3D('',#9398,#7563,#7564);
#6670=AXIS2_PLACEMENT_3D('',#9404,#7568,#7569);
#6671=AXIS2_PLACEMENT_3D('',#9408,#7572,#7573);
#6672=AXIS2_PLACEMENT_3D('',#9414,#7577,#7578);
#6673=AXIS2_PLACEMENT_3D('',#9416,#7580,#7581);
#6674=AXIS2_PLACEMENT_3D('',#9420,#7585,#7586);
#6675=AXIS2_PLACEMENT_3D('',#9421,#7587,#7588);
#6676=AXIS2_PLACEMENT_3D('',#9424,#7591,#7592);
#6677=AXIS2_PLACEMENT_3D('',#9427,#7595,#7596);
#6678=AXIS2_PLACEMENT_3D('',#9430,#7599,#7600);
#6679=AXIS2_PLACEMENT_3D('',#9431,#7601,#7602);
#6680=AXIS2_PLACEMENT_3D('',#9432,#7603,#7604);
#6681=AXIS2_PLACEMENT_3D('',#9433,#7605,#7606);
#6682=AXIS2_PLACEMENT_3D('',#9437,#7609,#7610);
#6683=AXIS2_PLACEMENT_3D('',#9440,#7611,#7612);
#6684=AXIS2_PLACEMENT_3D('',#9444,#7614,#7615);
#6685=AXIS2_PLACEMENT_3D('',#9446,#7617,#7618);
#6686=AXIS2_PLACEMENT_3D('',#9451,#7622,#7623);
#6687=AXIS2_PLACEMENT_3D('',#9459,#7628,#7629);
#6688=AXIS2_PLACEMENT_3D('',#9463,#7631,#7632);
#6689=AXIS2_PLACEMENT_3D('',#9467,#7634,#7635);
#6690=AXIS2_PLACEMENT_3D('',#9469,#7636,#7637);
#6691=AXIS2_PLACEMENT_3D('',#9473,#7639,#7640);
#6692=AXIS2_PLACEMENT_3D('',#9475,#7641,#7642);
#6693=AXIS2_PLACEMENT_3D('',#9478,#7644,#7645);
#6694=AXIS2_PLACEMENT_3D('',#9479,#7646,#7647);
#6695=AXIS2_PLACEMENT_3D('',#9483,#7649,#7650);
#6696=AXIS2_PLACEMENT_3D('',#9485,#7652,#7653);
#6697=AXIS2_PLACEMENT_3D('',#9487,#7655,#7656);
#6698=AXIS2_PLACEMENT_3D('',#9490,#7659,#7660);
#6699=AXIS2_PLACEMENT_3D('',#9492,#7662,#7663);
#6700=AXIS2_PLACEMENT_3D('',#9494,#7665,#7666);
#6701=AXIS2_PLACEMENT_3D('',#9495,#7667,#7668);
#6702=AXIS2_PLACEMENT_3D('',#9498,#7671,#7672);
#6703=AXIS2_PLACEMENT_3D('',#9499,#7673,#7674);
#6704=AXIS2_PLACEMENT_3D('',#9501,#7676,#7677);
#6705=AXIS2_PLACEMENT_3D('',#9503,#7679,#7680);
#6706=AXIS2_PLACEMENT_3D('',#9505,#7682,#7683);
#6707=AXIS2_PLACEMENT_3D('',#9507,#7685,#7686);
#6708=AXIS2_PLACEMENT_3D('',#9509,#7688,#7689);
#6709=AXIS2_PLACEMENT_3D('',#9510,#7690,#7691);
#6710=AXIS2_PLACEMENT_3D('',#9511,#7692,#7693);
#6711=AXIS2_PLACEMENT_3D('',#9514,#7696,#7697);
#6712=AXIS2_PLACEMENT_3D('',#9518,#7700,#7701);
#6713=AXIS2_PLACEMENT_3D('',#9522,#7704,#7705);
#6714=AXIS2_PLACEMENT_3D('',#9525,#7706,#7707);
#6715=AXIS2_PLACEMENT_3D('',#9529,#7709,#7710);
#6716=AXIS2_PLACEMENT_3D('',#9531,#7712,#7713);
#6717=AXIS2_PLACEMENT_3D('',#9537,#7717,#7718);
#6718=AXIS2_PLACEMENT_3D('',#9544,#7722,#7723);
#6719=AXIS2_PLACEMENT_3D('',#9545,#7724,#7725);
#6720=AXIS2_PLACEMENT_3D('',#9547,#7726,#7727);
#6721=AXIS2_PLACEMENT_3D('',#9549,#7729,#7730);
#6722=AXIS2_PLACEMENT_3D('',#9552,#7733,#7734);
#6723=AXIS2_PLACEMENT_3D('',#9553,#7735,#7736);
#6724=AXIS2_PLACEMENT_3D('',#9555,#7738,#7739);
#6725=AXIS2_PLACEMENT_3D('',#9556,#7740,#7741);
#6726=AXIS2_PLACEMENT_3D('',#9557,#7742,#7743);
#6727=AXIS2_PLACEMENT_3D('',#9560,#7744,#7745);
#6728=AXIS2_PLACEMENT_3D('',#9564,#7747,#7748);
#6729=AXIS2_PLACEMENT_3D('',#9566,#7750,#7751);
#6730=AXIS2_PLACEMENT_3D('',#9570,#7753,#7754);
#6731=AXIS2_PLACEMENT_3D('',#9576,#7758,#7759);
#6732=AXIS2_PLACEMENT_3D('',#9580,#7762,#7763);
#6733=AXIS2_PLACEMENT_3D('',#9582,#7764,#7765);
#6734=AXIS2_PLACEMENT_3D('',#9584,#7767,#7768);
#6735=AXIS2_PLACEMENT_3D('',#9585,#7769,#7770);
#6736=AXIS2_PLACEMENT_3D('',#9586,#7771,#7772);
#6737=AXIS2_PLACEMENT_3D('',#9587,#7773,#7774);
#6738=AXIS2_PLACEMENT_3D('',#9590,#7777,#7778);
#6739=AXIS2_PLACEMENT_3D('',#9592,#7780,#7781);
#6740=AXIS2_PLACEMENT_3D('',#9594,#7783,#7784);
#6741=AXIS2_PLACEMENT_3D('',#9596,#7786,#7787);
#6742=AXIS2_PLACEMENT_3D('',#9601,#7791,#7792);
#6743=AXIS2_PLACEMENT_3D('',#9602,#7793,#7794);
#6744=AXIS2_PLACEMENT_3D('',#9604,#7795,#7796);
#6745=AXIS2_PLACEMENT_3D('',#9606,#7798,#7799);
#6746=AXIS2_PLACEMENT_3D('',#9610,#7802,#7803);
#6747=AXIS2_PLACEMENT_3D('',#9615,#7807,#7808);
#6748=AXIS2_PLACEMENT_3D('',#9616,#7809,#7810);
#6749=AXIS2_PLACEMENT_3D('',#9618,#7811,#7812);
#6750=AXIS2_PLACEMENT_3D('',#9620,#7814,#7815);
#6751=AXIS2_PLACEMENT_3D('',#9624,#7818,#7819);
#6752=AXIS2_PLACEMENT_3D('',#9626,#7821,#7822);
#6753=AXIS2_PLACEMENT_3D('',#9631,#7826,#7827);
#6754=AXIS2_PLACEMENT_3D('',#9632,#7828,#7829);
#6755=AXIS2_PLACEMENT_3D('',#9634,#7830,#7831);
#6756=AXIS2_PLACEMENT_3D('',#9636,#7833,#7834);
#6757=AXIS2_PLACEMENT_3D('',#9640,#7837,#7838);
#6758=AXIS2_PLACEMENT_3D('',#9642,#7840,#7841);
#6759=AXIS2_PLACEMENT_3D('',#9647,#7845,#7846);
#6760=AXIS2_PLACEMENT_3D('',#9648,#7847,#7848);
#6761=AXIS2_PLACEMENT_3D('',#9650,#7849,#7850);
#6762=AXIS2_PLACEMENT_3D('',#9652,#7852,#7853);
#6763=AXIS2_PLACEMENT_3D('',#9656,#7856,#7857);
#6764=AXIS2_PLACEMENT_3D('',#9658,#7859,#7860);
#6765=AXIS2_PLACEMENT_3D('',#9662,#7863,#7864);
#6766=AXIS2_PLACEMENT_3D('',#9664,#7866,#7867);
#6767=AXIS2_PLACEMENT_3D('',#9666,#7868,#7869);
#6768=AXIS2_PLACEMENT_3D('',#9670,#7871,#7872);
#6769=AXIS2_PLACEMENT_3D('',#9673,#7874,#7875);
#6770=AXIS2_PLACEMENT_3D('',#9674,#7876,#7877);
#6771=AXIS2_PLACEMENT_3D('',#9682,#7882,#7883);
#6772=AXIS2_PLACEMENT_3D('',#9690,#7888,#7889);
#6773=AXIS2_PLACEMENT_3D('',#9698,#7894,#7895);
#6774=AXIS2_PLACEMENT_3D('',#9705,#7900,#7901);
#6775=AXIS2_PLACEMENT_3D('',#9709,#7904,#7905);
#6776=AXIS2_PLACEMENT_3D('',#9715,#7909,#7910);
#6777=AXIS2_PLACEMENT_3D('',#9717,#7912,#7913);
#6778=AXIS2_PLACEMENT_3D('',#9727,#7919,#7920);
#6779=AXIS2_PLACEMENT_3D('',#9731,#7923,#7924);
#6780=AXIS2_PLACEMENT_3D('',#9739,#7929,#7930);
#6781=AXIS2_PLACEMENT_3D('',#9743,#7933,#7934);
#6782=AXIS2_PLACEMENT_3D('',#9745,#7936,#7937);
#6783=AXIS2_PLACEMENT_3D('',#9752,#7942,#7943);
#6784=AXIS2_PLACEMENT_3D('',#9756,#7946,#7947);
#6785=AXIS2_PLACEMENT_3D('',#9762,#7951,#7952);
#6786=AXIS2_PLACEMENT_3D('',#9764,#7954,#7955);
#6787=AXIS2_PLACEMENT_3D('',#9775,#7962,#7963);
#6788=AXIS2_PLACEMENT_3D('',#9781,#7967,#7968);
#6789=AXIS2_PLACEMENT_3D('',#9783,#7970,#7971);
#6790=AXIS2_PLACEMENT_3D('',#9793,#7977,#7978);
#6791=AXIS2_PLACEMENT_3D('',#9797,#7981,#7982);
#6792=AXIS2_PLACEMENT_3D('',#9806,#7987,#7988);
#6793=AXIS2_PLACEMENT_3D('',#9812,#7992,#7993);
#6794=AXIS2_PLACEMENT_3D('',#9814,#7994,#7995);
#6795=AXIS2_PLACEMENT_3D('',#9816,#7996,#7997);
#6796=AXIS2_PLACEMENT_3D('',#9818,#7999,#8000);
#6797=AXIS2_PLACEMENT_3D('',#9824,#8004,#8005);
#6798=AXIS2_PLACEMENT_3D('',#9830,#8009,#8010);
#6799=AXIS2_PLACEMENT_3D('',#9836,#8014,#8015);
#6800=AXIS2_PLACEMENT_3D('',#9838,#8016,#8017);
#6801=AXIS2_PLACEMENT_3D('',#9840,#8018,#8019);
#6802=AXIS2_PLACEMENT_3D('',#9842,#8021,#8022);
#6803=AXIS2_PLACEMENT_3D('',#9845,#8025,#8026);
#6804=AXIS2_PLACEMENT_3D('',#9846,#8027,#8028);
#6805=AXIS2_PLACEMENT_3D('',#9850,#8030,#8031);
#6806=AXIS2_PLACEMENT_3D('',#9856,#8034,#8035);
#6807=AXIS2_PLACEMENT_3D('',#9860,#8037,#8038);
#6808=AXIS2_PLACEMENT_3D('',#9866,#8041,#8042);
#6809=AXIS2_PLACEMENT_3D('',#9874,#8047,#8048);
#6810=AXIS2_PLACEMENT_3D('',#9882,#8052,#8053);
#6811=AXIS2_PLACEMENT_3D('',#9886,#8055,#8056);
#6812=AXIS2_PLACEMENT_3D('',#9890,#8058,#8059);
#6813=AXIS2_PLACEMENT_3D('',#9894,#8061,#8062);
#6814=AXIS2_PLACEMENT_3D('',#9898,#8064,#8065);
#6815=AXIS2_PLACEMENT_3D('',#9902,#8067,#8068);
#6816=AXIS2_PLACEMENT_3D('',#9909,#8072,#8073);
#6817=AXIS2_PLACEMENT_3D('',#9915,#8077,#8078);
#6818=AXIS2_PLACEMENT_3D('',#9920,#8082,#8083);
#6819=AXIS2_PLACEMENT_3D('',#9922,#8085,#8086);
#6820=AXIS2_PLACEMENT_3D('',#9926,#8089,#8090);
#6821=AXIS2_PLACEMENT_3D('',#9931,#8094,#8095);
#6822=AXIS2_PLACEMENT_3D('',#9935,#8098,#8099);
#6823=AXIS2_PLACEMENT_3D('',#9939,#8102,#8103);
#6824=AXIS2_PLACEMENT_3D('',#9944,#8107,#8108);
#6825=AXIS2_PLACEMENT_3D('',#9948,#8111,#8112);
#6826=AXIS2_PLACEMENT_3D('',#9952,#8115,#8116);
#6827=AXIS2_PLACEMENT_3D('',#9953,#8117,#8118);
#6828=AXIS2_PLACEMENT_3D('',#9956,#8120,#8121);
#6829=AXIS2_PLACEMENT_3D('',#9957,#8122,#8123);
#6830=AXIS2_PLACEMENT_3D('',#9959,#8124,#8125);
#6831=AXIS2_PLACEMENT_3D('',#9963,#8127,#8128);
#6832=AXIS2_PLACEMENT_3D('',#9969,#8131,#8132);
#6833=AXIS2_PLACEMENT_3D('',#9973,#8134,#8135);
#6834=AXIS2_PLACEMENT_3D('',#9979,#8138,#8139);
#6835=AXIS2_PLACEMENT_3D('',#9982,#8141,#8142);
#6836=AXIS2_PLACEMENT_3D('',#9986,#8144,#8145);
#6837=AXIS2_PLACEMENT_3D('',#9990,#8147,#8148);
#6838=AXIS2_PLACEMENT_3D('',#9994,#8150,#8151);
#6839=AXIS2_PLACEMENT_3D('',#9998,#8153,#8154);
#6840=AXIS2_PLACEMENT_3D('',#10001,#8156,#8157);
#6841=AXIS2_PLACEMENT_3D('',#10002,#8158,#8159);
#6842=AXIS2_PLACEMENT_3D('',#10004,#8161,#8162);
#6843=AXIS2_PLACEMENT_3D('',#10006,#8164,#8165);
#6844=AXIS2_PLACEMENT_3D('',#10009,#8168,#8169);
#6845=AXIS2_PLACEMENT_3D('',#10011,#8171,#8172);
#6846=AXIS2_PLACEMENT_3D('',#10013,#8174,#8175);
#6847=AXIS2_PLACEMENT_3D('',#10015,#8177,#8178);
#6848=AXIS2_PLACEMENT_3D('',#10016,#8179,#8180);
#6849=AXIS2_PLACEMENT_3D('',#10018,#8182,#8183);
#6850=AXIS2_PLACEMENT_3D('',#10020,#8185,#8186);
#6851=AXIS2_PLACEMENT_3D('',#10021,#8187,#8188);
#6852=AXIS2_PLACEMENT_3D('',#10024,#8191,#8192);
#6853=AXIS2_PLACEMENT_3D('',#10026,#8194,#8195);
#6854=AXIS2_PLACEMENT_3D('',#10028,#8197,#8198);
#6855=AXIS2_PLACEMENT_3D('',#10030,#8200,#8201);
#6856=AXIS2_PLACEMENT_3D('',#10032,#8203,#8204);
#6857=AXIS2_PLACEMENT_3D('',#10034,#8206,#8207);
#6858=AXIS2_PLACEMENT_3D('',#10036,#8208,#8209);
#6859=AXIS2_PLACEMENT_3D('',#10038,#8211,#8212);
#6860=AXIS2_PLACEMENT_3D('',#10043,#8216,#8217);
#6861=AXIS2_PLACEMENT_3D('',#10044,#8218,#8219);
#6862=AXIS2_PLACEMENT_3D('',#10045,#8220,#8221);
#6863=AXIS2_PLACEMENT_3D('',#10047,#8222,#8223);
#6864=AXIS2_PLACEMENT_3D('',#10049,#8225,#8226);
#6865=AXIS2_PLACEMENT_3D('',#10054,#8230,#8231);
#6866=AXIS2_PLACEMENT_3D('',#10055,#8232,#8233);
#6867=AXIS2_PLACEMENT_3D('',#10057,#8235,#8236);
#6868=AXIS2_PLACEMENT_3D('',#10058,#8237,#8238);
#6869=AXIS2_PLACEMENT_3D('',#10064,#8242,#8243);
#6870=AXIS2_PLACEMENT_3D('',#10070,#8247,#8248);
#6871=AXIS2_PLACEMENT_3D('',#10079,#8253,#8254);
#6872=AXIS2_PLACEMENT_3D('',#10088,#8259,#8260);
#6873=AXIS2_PLACEMENT_3D('',#10091,#8263,#8264);
#6874=AXIS2_PLACEMENT_3D('',#10097,#8268,#8269);
#6875=AXIS2_PLACEMENT_3D('',#10105,#8274,#8275);
#6876=AXIS2_PLACEMENT_3D('',#10111,#8279,#8280);
#6877=AXIS2_PLACEMENT_3D('',#10116,#8284,#8285);
#6878=AXIS2_PLACEMENT_3D('',#10118,#8287,#8288);
#6879=AXIS2_PLACEMENT_3D('',#10119,#8289,#8290);
#6880=AXIS2_PLACEMENT_3D('',#10130,#8296,#8297);
#6881=AXIS2_PLACEMENT_3D('',#10137,#8301,#8302);
#6882=AXIS2_PLACEMENT_3D('',#10152,#8311,#8312);
#6883=AXIS2_PLACEMENT_3D('',#10161,#8317,#8318);
#6884=AXIS2_PLACEMENT_3D('',#10170,#8323,#8324);
#6885=AXIS2_PLACEMENT_3D('',#10173,#8327,#8328);
#6886=AXIS2_PLACEMENT_3D('',#10179,#8332,#8333);
#6887=AXIS2_PLACEMENT_3D('',#10185,#8338,#8339);
#6888=AXIS2_PLACEMENT_3D('',#10189,#8342,#8343);
#6889=AXIS2_PLACEMENT_3D('',#10192,#8346,#8347);
#6890=AXIS2_PLACEMENT_3D('',#10193,#8348,#8349);
#6891=AXIS2_PLACEMENT_3D('',#10194,#8350,#8351);
#6892=AXIS2_PLACEMENT_3D('',#10203,#8356,#8357);
#6893=AXIS2_PLACEMENT_3D('',#10212,#8362,#8363);
#6894=AXIS2_PLACEMENT_3D('',#10215,#8366,#8367);
#6895=AXIS2_PLACEMENT_3D('',#10221,#8371,#8372);
#6896=AXIS2_PLACEMENT_3D('',#10229,#8377,#8378);
#6897=AXIS2_PLACEMENT_3D('',#10235,#8382,#8383);
#6898=AXIS2_PLACEMENT_3D('',#10240,#8387,#8388);
#6899=AXIS2_PLACEMENT_3D('',#10242,#8390,#8391);
#6900=AXIS2_PLACEMENT_3D('',#10243,#8392,#8393);
#6901=AXIS2_PLACEMENT_3D('',#10252,#8398,#8399);
#6902=AXIS2_PLACEMENT_3D('',#10261,#8404,#8405);
#6903=AXIS2_PLACEMENT_3D('',#10264,#8408,#8409);
#6904=AXIS2_PLACEMENT_3D('',#10270,#8413,#8414);
#6905=AXIS2_PLACEMENT_3D('',#10278,#8419,#8420);
#6906=AXIS2_PLACEMENT_3D('',#10284,#8424,#8425);
#6907=AXIS2_PLACEMENT_3D('',#10289,#8429,#8430);
#6908=AXIS2_PLACEMENT_3D('',#10291,#8432,#8433);
#6909=AXIS2_PLACEMENT_3D('',#10292,#8434,#8435);
#6910=AXIS2_PLACEMENT_3D('',#10296,#8438,#8439);
#6911=AXIS2_PLACEMENT_3D('',#10304,#8444,#8445);
#6912=AXIS2_PLACEMENT_3D('',#10310,#8449,#8450);
#6913=AXIS2_PLACEMENT_3D('',#10316,#8454,#8455);
#6914=AXIS2_PLACEMENT_3D('',#10318,#8457,#8458);
#6915=AXIS2_PLACEMENT_3D('',#10322,#8461,#8462);
#6916=AXIS2_PLACEMENT_3D('',#10330,#8467,#8468);
#6917=AXIS2_PLACEMENT_3D('',#10332,#8470,#8471);
#6918=AXIS2_PLACEMENT_3D('',#10334,#8473,#8474);
#6919=AXIS2_PLACEMENT_3D('',#10340,#8478,#8479);
#6920=AXIS2_PLACEMENT_3D('',#10345,#8484,#8485);
#6921=AXIS2_PLACEMENT_3D('',#10351,#8489,#8490);
#6922=AXIS2_PLACEMENT_3D('',#10355,#8493,#8494);
#6923=AXIS2_PLACEMENT_3D('',#10360,#8497,#8498);
#6924=AXIS2_PLACEMENT_3D('',#10364,#8501,#8502);
#6925=AXIS2_PLACEMENT_3D('',#10366,#8504,#8505);
#6926=AXIS2_PLACEMENT_3D('',#10368,#8507,#8508);
#6927=AXIS2_PLACEMENT_3D('',#10369,#8509,#8510);
#6928=AXIS2_PLACEMENT_3D('',#10370,#8511,#8512);
#6929=AXIS2_PLACEMENT_3D('',#10372,#8514,#8515);
#6930=AXIS2_PLACEMENT_3D('',#10376,#8518,#8519);
#6931=AXIS2_PLACEMENT_3D('',#10378,#8521,#8522);
#6932=AXIS2_PLACEMENT_3D('',#10379,#8523,#8524);
#6933=AXIS2_PLACEMENT_3D('',#10380,#8525,#8526);
#6934=AXIS2_PLACEMENT_3D('',#10384,#8529,#8530);
#6935=AXIS2_PLACEMENT_3D('',#10416,#8548,#8549);
#6936=AXIS2_PLACEMENT_3D('',#10420,#8552,#8553);
#6937=AXIS2_PLACEMENT_3D('',#10428,#8558,#8559);
#6938=AXIS2_PLACEMENT_3D('',#10431,#8562,#8563);
#6939=AXIS2_PLACEMENT_3D('',#10434,#8566,#8567);
#6940=AXIS2_PLACEMENT_3D('',#10435,#8568,#8569);
#6941=AXIS2_PLACEMENT_3D('',#10437,#8571,#8572);
#6942=AXIS2_PLACEMENT_3D('',#10440,#8575,#8576);
#6943=AXIS2_PLACEMENT_3D('',#10442,#8578,#8579);
#6944=AXIS2_PLACEMENT_3D('',#10443,#8580,#8581);
#6945=AXIS2_PLACEMENT_3D('',#10447,#8584,#8585);
#6946=AXIS2_PLACEMENT_3D('',#10451,#8588,#8589);
#6947=AXIS2_PLACEMENT_3D('',#10454,#8592,#8593);
#6948=AXIS2_PLACEMENT_3D('',#10456,#8595,#8596);
#6949=AXIS2_PLACEMENT_3D('',#10458,#8598,#8599);
#6950=AXIS2_PLACEMENT_3D('',#10459,#8600,#8601);
#6951=AXIS2_PLACEMENT_3D('',#10460,#8602,#8603);
#6952=AXIS2_PLACEMENT_3D('',#10462,#8605,#8606);
#6953=AXIS2_PLACEMENT_3D('',#10464,#8608,#8609);
#6954=AXIS2_PLACEMENT_3D('',#10465,#8610,#8611);
#6955=AXIS2_PLACEMENT_3D('',#10466,#8612,#8613);
#6956=AXIS2_PLACEMENT_3D('',#10468,#8615,#8616);
#6957=AXIS2_PLACEMENT_3D('',#10472,#8619,#8620);
#6958=AXIS2_PLACEMENT_3D('',#10474,#8622,#8623);
#6959=AXIS2_PLACEMENT_3D('',#10478,#8626,#8627);
#6960=AXIS2_PLACEMENT_3D('',#10484,#8631,#8632);
#6961=AXIS2_PLACEMENT_3D('',#10488,#8635,#8636);
#6962=AXIS2_PLACEMENT_3D('',#10490,#8638,#8639);
#6963=AXIS2_PLACEMENT_3D('',#10494,#8642,#8643);
#6964=AXIS2_PLACEMENT_3D('',#10498,#8646,#8647);
#6965=AXIS2_PLACEMENT_3D('',#10502,#8650,#8651);
#6966=AXIS2_PLACEMENT_3D('',#10504,#8653,#8654);
#6967=AXIS2_PLACEMENT_3D('',#10508,#8657,#8658);
#6968=AXIS2_PLACEMENT_3D('',#10510,#8660,#8661);
#6969=DIRECTION('axis',(0.,0.,1.));
#6970=DIRECTION('refdir',(1.,0.,0.));
#6971=DIRECTION('center_axis',(6.93889390390728E-17,-1.,1.30193077840626E-49));
#6972=DIRECTION('ref_axis',(-1.,-6.93889390390728E-17,-1.87627998991762E-33));
#6973=DIRECTION('',(-1.,-6.93889390390728E-17,-1.87627998991762E-33));
#6974=DIRECTION('',(-1.87627998991762E-33,-1.70920219423676E-64,1.));
#6975=DIRECTION('',(1.,6.93889390390728E-17,1.87627998991762E-33));
#6976=DIRECTION('',(1.87627998991762E-33,1.70920219423676E-64,-1.));
#6977=DIRECTION('center_axis',(-1.,-2.12952261188878E-16,-1.87627998991762E-33));
#6978=DIRECTION('ref_axis',(-2.12952261188878E-16,1.,-3.99558066476402E-49));
#6979=DIRECTION('',(-2.12952261188878E-16,1.,-3.99558066476402E-49));
#6980=DIRECTION('',(1.87627998991762E-33,1.70920219423676E-64,-1.));
#6981=DIRECTION('',(2.12952261188878E-16,-1.,3.99558066476402E-49));
#6982=DIRECTION('center_axis',(-1.87627998991762E-33,-1.70920219423676E-64,
1.));
#6983=DIRECTION('ref_axis',(1.,6.93889390390728E-17,1.87627998991762E-33));
#6984=DIRECTION('',(-7.41743831107319E-17,-1.,-1.3917191079515E-49));
#6985=DIRECTION('',(1.,6.93889390390728E-17,1.87627998991762E-33));
#6986=DIRECTION('center_axis',(-1.,-2.67643050579279E-16,-1.87627998991762E-33));
#6987=DIRECTION('ref_axis',(-2.67643050579279E-16,1.,-5.02173300242412E-49));
#6988=DIRECTION('',(1.87627998991762E-33,7.70371977754893E-34,-1.));
#6989=DIRECTION('',(-2.67643050579279E-16,1.,-5.02173300242412E-49));
#6990=DIRECTION('',(1.87627998991762E-33,1.70920219423676E-64,-1.));
#6991=DIRECTION('',(2.67643050579279E-16,-1.,5.02173300242412E-49));
#6992=DIRECTION('center_axis',(-1.87627998991762E-33,-1.70920219423676E-64,
1.));
#6993=DIRECTION('ref_axis',(1.,6.93889390390728E-17,1.87627998991762E-33));
#6994=DIRECTION('',(1.,-5.55111512312577E-17,-2.47291998405558E-32));
#6995=DIRECTION('',(-1.,-6.93889390390728E-17,-1.87627998991762E-33));
#6996=DIRECTION('',(6.93889390390728E-17,-1.,1.30193077840626E-49));
#6997=DIRECTION('center_axis',(1.87627998991762E-33,1.70920219423676E-64,
-1.));
#6998=DIRECTION('ref_axis',(-1.,-9.94574792893369E-16,-1.87627998991762E-33));
#6999=DIRECTION('center_axis',(-1.87627998991762E-33,-1.70920219423676E-64,
1.));
#7000=DIRECTION('ref_axis',(1.,6.93889390390728E-17,1.87627998991762E-33));
#7001=DIRECTION('',(-1.,-1.29526019539602E-16,2.47291998405558E-32));
#7002=DIRECTION('center_axis',(1.87627998991762E-33,1.70920219423676E-64,
-1.));
#7003=DIRECTION('ref_axis',(5.31981865966221E-16,-1.,9.98146930111458E-49));
#7004=DIRECTION('',(-2.67643050579279E-16,1.,-5.02173300242412E-49));
#7005=DIRECTION('',(-1.,-6.93889390390728E-17,-1.87627998991762E-33));
#7006=DIRECTION('',(1.28865172501134E-16,1.,2.4178714456116E-49));
#7007=DIRECTION('center_axis',(-1.87627998991762E-33,-1.70920219423676E-64,
1.));
#7008=DIRECTION('ref_axis',(1.,6.93889390390728E-17,1.87627998991762E-33));
#7009=DIRECTION('',(1.,1.29526019539602E-16,-2.47291998405558E-32));
#7010=DIRECTION('',(-1.28865172501134E-16,-1.,-2.4178714456116E-49));
#7011=DIRECTION('',(-1.,-6.93889390390728E-17,-1.87627998991762E-33));
#7012=DIRECTION('',(7.41743831107319E-17,1.,1.3917191079515E-49));
#7013=DIRECTION('',(-1.,-6.93889390390728E-17,-1.87627998991762E-33));
#7014=DIRECTION('',(1.,-5.55111512312577E-17,-2.47291998405558E-32));
#7015=DIRECTION('center_axis',(1.87627998991762E-33,1.70920219423676E-64,
-1.));
#7016=DIRECTION('ref_axis',(-1.,-9.94574792893369E-16,-1.87627998991762E-33));
#7017=DIRECTION('',(6.93889390390728E-17,-1.,1.30193077840626E-49));
#7018=DIRECTION('',(1.,6.93889390390728E-17,1.87627998991762E-33));
#7019=DIRECTION('',(-2.67643050579279E-16,1.,-5.02173300242412E-49));
#7020=DIRECTION('center_axis',(1.87627998991762E-33,1.70920219423676E-64,
-1.));
#7021=DIRECTION('ref_axis',(5.31981865966221E-16,-1.,9.98146930111458E-49));
#7022=DIRECTION('center_axis',(1.,-7.41743831107319E-17,1.87627998991762E-33));
#7023=DIRECTION('ref_axis',(-7.41743831107319E-17,-1.,-1.3917191079515E-49));
#7024=DIRECTION('',(-1.87627998991762E-33,-1.70920219423676E-64,1.));
#7025=DIRECTION('center_axis',(6.93889390390728E-17,-1.,1.30193077840626E-49));
#7026=DIRECTION('ref_axis',(-1.,-6.93889390390728E-17,-1.87627998991762E-33));
#7027=DIRECTION('',(1.87627998991762E-33,1.70920219423676E-64,-1.));
#7028=DIRECTION('',(1.87627998991762E-33,1.70920219423676E-64,-1.));
#7029=DIRECTION('',(1.,6.93889390390728E-17,1.87627998991762E-33));
#7030=DIRECTION('',(1.87627998991762E-33,1.70920219423676E-64,-1.));
#7031=DIRECTION('center_axis',(-1.,1.28865172501134E-16,-1.87627998991762E-33));
#7032=DIRECTION('ref_axis',(1.28865172501134E-16,1.,2.4178714456116E-49));
#7033=DIRECTION('',(-1.87627998991762E-33,-7.70371977754893E-34,1.));
#7034=DIRECTION('center_axis',(1.87627998991762E-33,1.70920219423676E-64,
-1.));
#7035=DIRECTION('ref_axis',(-1.,-6.93889390390728E-17,-1.87627998991762E-33));
#7036=DIRECTION('',(6.93889390390728E-17,-1.,1.30193077840626E-49));
#7037=DIRECTION('',(-1.,-6.93889390390728E-17,-1.87627998991762E-33));
#7038=DIRECTION('',(-6.93889390390728E-17,1.,-1.30193077840626E-49));
#7039=DIRECTION('center_axis',(-1.87627998991762E-33,-1.70920219423676E-64,
1.));
#7040=DIRECTION('ref_axis',(5.31981865966221E-16,-1.,9.98146930111458E-49));
#7041=DIRECTION('',(1.87627998991762E-33,1.70920219423676E-64,-1.));
#7042=DIRECTION('',(-1.87627998991762E-33,-1.70920219423676E-64,1.));
#7043=DIRECTION('center_axis',(1.,2.67643050579279E-16,1.87627998991762E-33));
#7044=DIRECTION('ref_axis',(-2.67643050579279E-16,1.,-5.02173300242412E-49));
#7045=DIRECTION('',(-1.87627998991762E-33,-1.70920219423676E-64,1.));
#7046=DIRECTION('center_axis',(6.93889390390728E-17,-1.,1.30193077840626E-49));
#7047=DIRECTION('ref_axis',(1.,6.93889390390728E-17,1.87627998991762E-33));
#7048=DIRECTION('',(-1.87627998991762E-33,-1.70920219423676E-64,1.));
#7049=DIRECTION('center_axis',(-1.,-6.93889390390728E-17,-1.87627998991762E-33));
#7050=DIRECTION('ref_axis',(6.93889390390728E-17,-1.,1.30193077840626E-49));
#7051=DIRECTION('',(-1.87627998991762E-33,-1.70920219423676E-64,1.));
#7052=DIRECTION('center_axis',(-1.87627998991762E-33,-1.70920219423676E-64,
1.));
#7053=DIRECTION('ref_axis',(-1.,-9.94574792893369E-16,-1.87627998991762E-33));
#7054=DIRECTION('',(1.87627998991762E-33,1.70920219423676E-64,-1.));
#7055=DIRECTION('center_axis',(-5.55111512312577E-17,-1.,-7.70371977754894E-34));
#7056=DIRECTION('ref_axis',(1.,-5.55111512312577E-17,-2.47291998405558E-32));
#7057=DIRECTION('',(-1.,-1.29526019539602E-16,2.47291998405558E-32));
#7058=DIRECTION('',(2.47291998405558E-32,-7.70371977754895E-34,1.));
#7059=DIRECTION('',(1.,1.29526019539602E-16,-2.47291998405558E-32));
#7060=DIRECTION('center_axis',(-5.55111512312577E-17,-1.,-7.70371977754894E-34));
#7061=DIRECTION('ref_axis',(1.,-5.55111512312577E-17,-2.47291998405558E-32));
#7062=DIRECTION('',(1.,-5.55111512312577E-17,-2.47291998405558E-32));
#7063=DIRECTION('',(2.47291998405558E-32,-7.70371977754895E-34,1.));
#7064=DIRECTION('',(1.,-5.55111512312577E-17,-2.47291998405558E-32));
#7065=DIRECTION('center_axis',(-5.55111512312577E-17,-1.,-7.70371977754894E-34));
#7066=DIRECTION('ref_axis',(1.,-5.55111512312577E-17,-2.47291998405558E-32));
#7067=DIRECTION('',(1.,-5.55111512312577E-17,-2.47291998405558E-32));
#7068=DIRECTION('',(-5.49938132523552E-32,-1.32169407693471E-16,-1.));
#7069=DIRECTION('',(-1.,-1.29526019539602E-16,2.47291998405558E-32));
#7070=DIRECTION('',(9.13833838599245E-33,1.32169407693471E-16,1.));
#7071=DIRECTION('',(-1.,-1.29526019539602E-16,2.47291998405558E-32));
#7072=DIRECTION('',(1.,1.29526019539602E-16,-2.47291998405558E-32));
#7073=DIRECTION('',(-5.10407550742205E-32,-1.32169407693471E-16,-1.));
#7074=DIRECTION('',(1.,1.29526019539602E-16,-2.47291998405558E-32));
#7075=DIRECTION('',(1.30913965641272E-32,1.32169407693471E-16,1.));
#7076=DIRECTION('',(1.,-5.55111512312577E-17,-2.47291998405558E-32));
#7077=DIRECTION('center_axis',(0.672498511963957,0.21850801222441,-0.707106781186548));
#7078=DIRECTION('ref_axis',(0.724617040067448,-1.62370117351429E-15,0.689151757774651));
#7079=DIRECTION('',(-0.724617040067448,3.58235635934152E-16,-0.689151757774651));
#7080=DIRECTION('',(0.309016994374946,-0.951056516295154,-7.13678639775884E-16));
#7081=DIRECTION('',(-0.672498511963959,-0.218508012224409,-0.707106781186547));
#7082=DIRECTION('',(-0.309016994374946,0.951056516295154,7.13678639775884E-16));
#7083=DIRECTION('',(0.672498511963959,0.218508012224409,0.707106781186547));
#7084=DIRECTION('',(-0.724617040067448,3.58235635934152E-16,-0.689151757774651));
#7085=DIRECTION('',(0.309016994374947,-0.951056516295154,2.28376835434379E-16));
#7086=DIRECTION('',(0.672498511963958,0.21850801222441,0.707106781186547));
#7087=DIRECTION('center_axis',(0.951056516295154,0.309016994374947,-6.31914902859651E-16));
#7088=DIRECTION('ref_axis',(8.21525614321835E-16,-4.83476276917091E-16,
1.));
#7089=DIRECTION('',(-8.52299641816371E-16,5.78188994709604E-16,-1.));
#7090=DIRECTION('',(-0.309016994374947,0.951056516295154,3.71131683261282E-16));
#7091=DIRECTION('',(8.21525614321835E-16,-4.83476276917091E-16,1.));
#7092=DIRECTION('center_axis',(-0.951056516295154,-0.309016994374946,1.15233194565269E-15));
#7093=DIRECTION('ref_axis',(0.309016994374946,-0.951056516295154,-7.13678639775884E-16));
#7094=DIRECTION('',(-1.39949850316304E-15,5.78188994709604E-16,-1.));
#7095=DIRECTION('',(-0.309016994374946,0.951056516295154,3.71131683261283E-16));
#7096=DIRECTION('',(1.31647163406121E-15,-3.22658566531688E-16,1.));
#7097=DIRECTION('center_axis',(-1.31647163406121E-15,3.22658566531688E-16,
-1.));
#7098=DIRECTION('ref_axis',(1.,-1.80534275952871E-15,-1.31647163406121E-15));
#7099=DIRECTION('',(5.55111512312577E-17,-1.,-5.78188994709604E-16));
#7100=DIRECTION('',(1.80534275952872E-15,1.,3.22658566531686E-16));
#7101=DIRECTION('',(-0.951056516295154,-0.309016994374946,1.15233194565269E-15));
#7102=DIRECTION('center_axis',(0.309016994374949,0.951056516295153,-9.99455752990589E-17));
#7103=DIRECTION('ref_axis',(-0.951056516295153,0.309016994374949,1.3517459065306E-15));
#7104=DIRECTION('',(2.61223226961147E-15,-9.53854712438681E-16,-1.));
#7105=DIRECTION('',(-0.951056516295153,0.309016994374949,1.90979476994408E-16));
#7106=DIRECTION('',(0.,0.,1.));
#7107=DIRECTION('',(0.951056516295153,-0.309016994374949,-1.3517459065306E-15));
#7108=DIRECTION('',(0.672498511963956,-0.218508012224412,-0.707106781186549));
#7109=DIRECTION('center_axis',(1.80534275952872E-15,1.,3.22658566531686E-16));
#7110=DIRECTION('ref_axis',(-1.31647163406121E-15,3.22658566531688E-16,
-1.));
#7111=DIRECTION('',(1.,-1.46081976924363E-15,0.));
#7112=DIRECTION('',(-5.55825555069304E-16,3.22658566531687E-16,-1.));
#7113=DIRECTION('',(-1.31647163406121E-15,3.22658566531688E-16,-1.));
#7114=DIRECTION('',(-1.,1.80534275952871E-15,1.31647163406121E-15));
#7115=DIRECTION('',(1.31647163406121E-15,-3.22658566531688E-16,1.));
#7116=DIRECTION('',(-0.0904587642009999,4.84644806513094E-16,-0.995900201817043));
#7117=DIRECTION('center_axis',(-0.30901699437495,-0.951056516295153,9.99455752990601E-17));
#7118=DIRECTION('ref_axis',(1.31647163406121E-15,-3.22658566531687E-16,
1.));
#7119=DIRECTION('',(2.61223226961146E-15,-9.53854712438681E-16,-1.));
#7120=DIRECTION('',(-0.951056516295153,0.30901699437495,1.90979476994407E-16));
#7121=DIRECTION('',(1.81141765380059E-15,-4.83476276917093E-16,1.));
#7122=DIRECTION('',(0.672498511963956,-0.218508012224412,-0.707106781186548));
#7123=DIRECTION('center_axis',(-0.672498511963958,0.218508012224412,-0.707106781186547));
#7124=DIRECTION('ref_axis',(0.724617040067446,-1.1518563880486E-15,-0.689151757774653));
#7125=DIRECTION('',(-0.724617040067446,5.86958081070875E-16,0.689151757774653));
#7126=DIRECTION('',(-0.309016994374949,-0.951056516295153,9.99455752990587E-17));
#7127=DIRECTION('',(-0.672498511963956,0.218508012224412,0.707106781186549));
#7128=DIRECTION('',(0.309016994374949,0.951056516295153,-9.99455752990587E-17));
#7129=DIRECTION('',(-0.724617040067446,5.86958081070875E-16,0.689151757774653));
#7130=DIRECTION('',(0.30901699437495,0.951056516295153,-1.04200105050932E-15));
#7131=DIRECTION('center_axis',(1.31647163406121E-15,-3.22658566531688E-16,
1.));
#7132=DIRECTION('ref_axis',(-1.,1.80534275952871E-15,1.31647163406121E-15));
#7133=DIRECTION('',(-9.71445146547014E-17,1.,-1.09263259051683E-15));
#7134=DIRECTION('',(0.951056516295153,-0.309016994374949,-1.3517459065306E-15));
#7135=DIRECTION('',(-1.80534275952872E-15,-1.,-3.22658566531686E-16));
#7136=DIRECTION('center_axis',(0.951056516295154,0.309016994374946,-1.3667555594999E-15));
#7137=DIRECTION('ref_axis',(-0.309016994374946,0.951056516295154,-1.6622539531634E-16));
#7138=DIRECTION('',(-1.12716565716588E-15,-9.53854712438682E-16,-1.));
#7139=DIRECTION('',(0.309016994374946,-0.951056516295154,7.35410197439346E-16));
#7140=DIRECTION('',(1.31647163406121E-15,3.71230823859035E-16,1.));
#7141=DIRECTION('',(-0.309016994374946,0.951056516295154,-1.6622539531634E-16));
#7142=DIRECTION('center_axis',(-0.672498511963959,-0.21850801222441,-0.707106781186546));
#7143=DIRECTION('ref_axis',(0.724617040067446,-1.20736753927986E-15,-0.689151757774653));
#7144=DIRECTION('',(0.724617040067446,-5.86958081070875E-16,-0.689151757774653));
#7145=DIRECTION('',(0.672498511963957,0.218508012224409,-0.707106781186549));
#7146=DIRECTION('',(0.309016994374946,-0.951056516295154,1.6622539531634E-16));
#7147=DIRECTION('',(-0.672498511963957,-0.218508012224409,0.707106781186549));
#7148=DIRECTION('',(0.724617040067446,-5.86958081070875E-16,-0.689151757774653));
#7149=DIRECTION('',(-0.309016994374947,0.951056516295154,7.5293095124298E-16));
#7150=DIRECTION('',(-0.672498511963956,-0.21850801222441,0.707106781186549));
#7151=DIRECTION('center_axis',(-0.951056516295154,-0.309016994374947,1.71370025469526E-15));
#7152=DIRECTION('ref_axis',(1.6464356472208E-15,4.78442630782636E-16,1.));
#7153=DIRECTION('',(-1.49196489806366E-15,-9.53854712438682E-16,-1.));
#7154=DIRECTION('',(0.309016994374947,-0.951056516295154,7.35410197439345E-16));
#7155=DIRECTION('',(1.6464356472208E-15,4.78442630782637E-16,1.));
#7156=DIRECTION('center_axis',(-1.31647163406121E-15,-3.71230823859035E-16,
-1.));
#7157=DIRECTION('ref_axis',(1.,-1.80534275952871E-15,-1.31647163406121E-15));
#7158=DIRECTION('',(-9.71445146547013E-17,1.,-9.53854712438681E-16));
#7159=DIRECTION('',(-1.80534275952871E-15,-1.,3.71230823859037E-16));
#7160=DIRECTION('',(0.951056516295154,0.309016994374946,-1.43823009744897E-15));
#7161=DIRECTION('center_axis',(0.30901699437495,0.951056516295153,-9.99455752990601E-17));
#7162=DIRECTION('ref_axis',(-1.31647163406121E-15,3.22658566531687E-16,
-1.));
#7163=DIRECTION('',(-2.10291342611172E-15,5.78188994709604E-16,-1.));
#7164=DIRECTION('',(0.951056516295153,-0.30901699437495,3.28607845604046E-16));
#7165=DIRECTION('',(9.86507620901629E-16,4.78442630782639E-16,1.));
#7166=DIRECTION('',(-0.672498511963957,0.218508012224412,-0.707106781186547));
#7167=DIRECTION('center_axis',(-0.309016994374949,-0.951056516295153,7.59873601618227E-16));
#7168=DIRECTION('ref_axis',(0.951056516295153,-0.309016994374949,-1.06584775473432E-15));
#7169=DIRECTION('',(-4.23848537953781E-15,5.78188994709604E-16,-1.));
#7170=DIRECTION('',(0.951056516295153,-0.309016994374949,3.28607845604047E-16));
#7171=DIRECTION('',(0.,0.,1.));
#7172=DIRECTION('',(-0.951056516295153,0.309016994374949,1.06584775473432E-15));
#7173=DIRECTION('',(-0.672498511963957,0.218508012224411,-0.707106781186547));
#7174=DIRECTION('center_axis',(1.31647163406121E-15,3.71230823859035E-16,
1.));
#7175=DIRECTION('ref_axis',(-1.,1.80534275952871E-15,1.31647163406121E-15));
#7176=DIRECTION('',(5.55111512312578E-17,-1.,-7.16966872787749E-16));
#7177=DIRECTION('',(-0.951056516295153,0.309016994374949,1.06584775473432E-15));
#7178=DIRECTION('',(1.80534275952871E-15,1.,-3.71230823859037E-16));
#7179=DIRECTION('center_axis',(-1.80534275952872E-15,-1.,-3.22658566531686E-16));
#7180=DIRECTION('ref_axis',(1.31647163406121E-15,-3.22658566531688E-16,
1.));
#7181=DIRECTION('',(-1.,0.,0.));
#7182=DIRECTION('',(1.66341632925657E-15,-3.22658566531689E-16,1.));
#7183=DIRECTION('center_axis',(-1.80534275952872E-15,-1.,-3.22658566531686E-16));
#7184=DIRECTION('ref_axis',(-0.707106781186547,1.04841604722631E-15,0.707106781186548));
#7185=DIRECTION('',(1.,-1.80534275952871E-15,-1.31647163406121E-15));
#7186=DIRECTION('center_axis',(-1.80534275952872E-15,-1.,-3.22658566531686E-16));
#7187=DIRECTION('ref_axis',(0.707106781186548,-1.50472416803128E-15,0.707106781186547));
#7188=DIRECTION('center_axis',(1.80534275952872E-15,1.,3.22658566531686E-16));
#7189=DIRECTION('ref_axis',(-0.707106781186549,1.50472416803128E-15,-0.707106781186546));
#7190=DIRECTION('',(1.,-1.80534275952871E-15,-1.36273092675393E-15));
#7191=DIRECTION('center_axis',(1.80534275952872E-15,1.,3.22658566531686E-16));
#7192=DIRECTION('ref_axis',(0.707106781186547,-1.04841604722631E-15,-0.707106781186548));
#7193=DIRECTION('center_axis',(-1.80534275952872E-15,-1.,-3.22658566531686E-16));
#7194=DIRECTION('ref_axis',(-0.707106781186547,1.04841604722631E-15,0.707106781186548));
#7195=DIRECTION('',(1.,-1.80534275952871E-15,-1.31647163406121E-15));
#7196=DIRECTION('center_axis',(-1.80534275952872E-15,-1.,-3.22658566531686E-16));
#7197=DIRECTION('ref_axis',(0.707106781186548,-1.50472416803128E-15,0.707106781186547));
#7198=DIRECTION('',(-1.48994398165889E-15,3.22658566531688E-16,-1.));
#7199=DIRECTION('',(-1.,0.,0.));
#7200=DIRECTION('',(5.7847539475623E-16,3.22658566531684E-16,-1.));
#7201=DIRECTION('',(-1.31647163406121E-15,3.22658566531688E-16,-1.));
#7202=DIRECTION('',(-1.,1.80534275952871E-15,1.31647163406121E-15));
#7203=DIRECTION('',(1.31647163406121E-15,-3.22658566531688E-16,1.));
#7204=DIRECTION('',(5.55825555069304E-16,-3.22658566531687E-16,1.));
#7205=DIRECTION('center_axis',(-2.22252259271046E-15,-0.743144825477394,
-0.669130606358859));
#7206=DIRECTION('ref_axis',(-2.29681012628665E-16,-0.669130606358859,0.743144825477394));
#7207=DIRECTION('',(0.144570083941597,-0.662101097139482,0.735337764565246));
#7208=DIRECTION('',(-1.,1.80534275952871E-15,1.31647163406121E-15));
#7209=DIRECTION('',(0.144570083941598,0.662101097139481,-0.735337764565247));
#7210=DIRECTION('',(-1.,1.80534275952871E-15,1.31647163406121E-15));
#7211=DIRECTION('',(-1.,2.99069914304082E-15,2.47291998405558E-32));
#7212=DIRECTION('center_axis',(-2.22252259271046E-15,-0.743144825477394,
-0.669130606358859));
#7213=DIRECTION('ref_axis',(9.55136835849854E-17,-0.669130606358859,0.743144825477394));
#7214=DIRECTION('center_axis',(-1.31647163406121E-15,3.22658566531688E-16,
-1.));
#7215=DIRECTION('ref_axis',(0.707106781186547,-0.707106781186548,-1.1590400800869E-15));
#7216=DIRECTION('center_axis',(1.31647163406121E-15,-3.22658566531688E-16,
1.));
#7217=DIRECTION('ref_axis',(0.707106781186547,-0.707106781186548,-1.1590400800869E-15));
#7218=DIRECTION('',(-1.31647163406121E-15,3.22658566531688E-16,-1.));
#7219=DIRECTION('center_axis',(-1.31647163406121E-15,3.22658566531688E-16,
-1.));
#7220=DIRECTION('ref_axis',(0.707106781186547,-0.707106781186548,-1.1590400800869E-15));
#7221=DIRECTION('',(1.31647163406121E-15,-3.22658566531688E-16,1.));
#7222=DIRECTION('center_axis',(-1.,1.80534275952871E-15,1.31647163406121E-15));
#7223=DIRECTION('ref_axis',(-1.31647163406121E-15,3.22658566531688E-16,
-1.));
#7224=DIRECTION('',(1.80534275952872E-15,1.,1.92611674132513E-16));
#7225=DIRECTION('center_axis',(1.,-1.80534275952871E-15,-1.31647163406121E-15));
#7226=DIRECTION('ref_axis',(1.93695573502386E-15,0.4067366430758,0.913545457642601));
#7227=DIRECTION('',(-2.22252259271046E-15,-0.743144825477394,-0.669130606358859));
#7228=DIRECTION('',(-1.80534275952871E-15,-1.,-1.38961546659583E-16));
#7229=DIRECTION('center_axis',(1.31647163406121E-15,-3.22658566531688E-16,
1.));
#7230=DIRECTION('ref_axis',(-0.707106781186548,-0.707106781186547,7.0273195928193E-16));
#7231=DIRECTION('center_axis',(-1.31647163406121E-15,3.22658566531688E-16,
-1.));
#7232=DIRECTION('ref_axis',(-0.707106781186548,-0.707106781186547,7.0273195928193E-16));
#7233=DIRECTION('',(1.31647163406121E-15,-3.22658566531688E-16,1.));
#7234=DIRECTION('center_axis',(1.31647163406121E-15,-3.22658566531688E-16,
1.));
#7235=DIRECTION('ref_axis',(-0.707106781186548,-0.707106781186547,7.0273195928193E-16));
#7236=DIRECTION('',(-1.31647163406121E-15,3.22658566531688E-16,-1.));
#7237=DIRECTION('center_axis',(1.,-1.80534275952871E-15,-1.31647163406121E-15));
#7238=DIRECTION('ref_axis',(1.31647163406121E-15,-3.22658566531688E-16,
1.));
#7239=DIRECTION('',(1.80534275952871E-15,1.,1.38961546659583E-16));
#7240=DIRECTION('',(2.22252259271046E-15,0.743144825477394,0.669130606358859));
#7241=DIRECTION('center_axis',(-1.,1.80534275952871E-15,1.31647163406121E-15));
#7242=DIRECTION('ref_axis',(1.93695573502386E-15,0.4067366430758,0.913545457642601));
#7243=DIRECTION('',(-1.80534275952872E-15,-1.,-1.92611674132513E-16));
#7244=DIRECTION('center_axis',(0.989494563314584,0.0967362679291904,-0.107436509800032));
#7245=DIRECTION('ref_axis',(0.144570083941597,-0.662101097139482,0.735337764565246));
#7246=DIRECTION('',(0.0969039347090571,-0.995286968210403,-0.00367128702862651));
#7247=DIRECTION('',(-0.144570083941597,0.662101097139482,-0.735337764565246));
#7248=DIRECTION('center_axis',(-0.989494563314584,-0.0967362679291904,0.107436509800032));
#7249=DIRECTION('ref_axis',(0.144570083941597,-0.662101097139482,0.735337764565246));
#7250=DIRECTION('',(0.0972994422182556,-0.995255152483029,-4.49219556523762E-16));
#7251=DIRECTION('center_axis',(-1.3098034062743E-15,0.00368864676201476,
-0.999993196919392));
#7252=DIRECTION('ref_axis',(-1.81018647646666E-15,-0.999993196919392,-0.00368864676201476));
#7253=DIRECTION('',(0.0969039347090607,0.995286968210403,0.00367128702862626));
#7254=DIRECTION('',(-1.,1.80534275952871E-15,1.31647163406121E-15));
#7255=DIRECTION('center_axis',(1.31647163406121E-15,-3.22658566531688E-16,
1.));
#7256=DIRECTION('ref_axis',(-1.,1.80534275952871E-15,1.31647163406121E-15));
#7257=DIRECTION('',(-1.,-5.55111512312574E-17,-5.7847539475623E-16));
#7258=DIRECTION('',(-6.95119734903559E-16,-1.,-3.22658566531687E-16));
#7259=DIRECTION('center_axis',(1.31647163406121E-15,-3.22658566531688E-16,
1.));
#7260=DIRECTION('ref_axis',(-1.,4.17563978747271E-16,1.31647163406121E-15));
#7261=DIRECTION('',(-1.,1.80534275952872E-15,-7.13071467202324E-17));
#7262=DIRECTION('',(-1.80534275952872E-15,-1.,-3.22658566531686E-16));
#7263=DIRECTION('',(-1.,1.9788151071264E-15,1.31647163406121E-15));
#7264=DIRECTION('center_axis',(1.31647163406121E-15,-3.22658566531688E-16,
1.));
#7265=DIRECTION('ref_axis',(-1.,3.19312154031016E-15,1.31647163406121E-15));
#7266=DIRECTION('',(-2.91556578415387E-15,-1.,-3.22658566531684E-16));
#7267=DIRECTION('',(1.,5.55111512312574E-17,5.7847539475623E-16));
#7268=DIRECTION('',(-5.55111512312577E-17,1.,5.78188994709604E-16));
#7269=DIRECTION('',(1.,-1.80534275952871E-15,-1.31647163406121E-15));
#7270=DIRECTION('',(-2.09750671337744E-15,-1.,-3.22658566531685E-16));
#7271=DIRECTION('',(1.,-1.80534275952871E-15,-1.31647163406121E-15));
#7272=DIRECTION('',(1.51317880567999E-15,1.,3.22658566531686E-16));
#7273=DIRECTION('',(-1.,1.80534275952871E-15,1.31647163406121E-15));
#7274=DIRECTION('',(-0.178885438199985,-0.983869910099907,-8.19564497096067E-17));
#7275=DIRECTION('',(-1.,1.80534275952871E-15,1.31647163406121E-15));
#7276=DIRECTION('',(-0.178885438199981,0.983869910099908,5.52951659983382E-16));
#7277=DIRECTION('',(-1.,1.80534275952871E-15,1.31647163406121E-15));
#7278=DIRECTION('',(-1.51317880567999E-15,-1.,-3.22658566531686E-16));
#7279=DIRECTION('',(-1.51317880567999E-15,-1.,-3.22658566531686E-16));
#7280=DIRECTION('',(1.,-1.80534275952871E-15,-1.31647163406121E-15));
#7281=DIRECTION('',(9.71445146547013E-17,-1.,9.53854712438681E-16));
#7282=DIRECTION('',(1.,9.71445146547008E-17,-5.55825555069304E-16));
#7283=DIRECTION('',(6.95119734903559E-16,1.,3.22658566531687E-16));
#7284=DIRECTION('center_axis',(1.31647163406121E-15,-3.22658566531688E-16,
1.));
#7285=DIRECTION('ref_axis',(1.,-4.17563978747271E-16,-1.31647163406121E-15));
#7286=DIRECTION('',(-1.,1.80534275952871E-15,2.70425041484266E-15));
#7287=DIRECTION('',(-1.80534275952872E-15,-1.,-3.22658566531686E-16));
#7288=DIRECTION('',(1.,-1.9788151071264E-15,-1.31647163406121E-15));
#7289=DIRECTION('center_axis',(1.31647163406121E-15,-3.22658566531688E-16,
1.));
#7290=DIRECTION('ref_axis',(1.,-3.19312154031016E-15,-1.31647163406121E-15));
#7291=DIRECTION('',(2.91556578415387E-15,1.,3.22658566531684E-16));
#7292=DIRECTION('',(-1.,-9.71445146547008E-17,5.55825555069304E-16));
#7293=DIRECTION('',(9.71445146547013E-17,-1.,9.53854712438681E-16));
#7294=DIRECTION('',(-1.,1.15227039210215E-15,1.31647163406121E-15));
#7295=DIRECTION('',(-1.80534275952872E-15,-1.,-3.22658566531686E-16));
#7296=DIRECTION('',(1.80534275952872E-15,1.,3.22658566531686E-16));
#7297=DIRECTION('',(-1.,1.15227039210215E-15,1.31647163406121E-15));
#7298=DIRECTION('',(-5.55111512312577E-17,1.,5.78188994709604E-16));
#7299=DIRECTION('',(1.,-1.5079615922184E-15,-1.31647163406121E-15));
#7300=DIRECTION('center_axis',(1.31647163406121E-15,-3.22658566531688E-16,
1.));
#7301=DIRECTION('ref_axis',(-3.19312154031016E-15,-1.,-3.22658566531684E-16));
#7302=DIRECTION('',(1.67918105218495E-15,1.,3.22658566531686E-16));
#7303=DIRECTION('center_axis',(1.31647163406121E-15,-3.22658566531688E-16,
1.));
#7304=DIRECTION('ref_axis',(1.,-4.17563978747271E-16,-1.31647163406121E-15));
#7305=DIRECTION('',(-1.,1.11145336913799E-15,1.31647163406121E-15));
#7306=DIRECTION('center_axis',(1.31647163406121E-15,-3.22658566531688E-16,
1.));
#7307=DIRECTION('ref_axis',(3.19312154031016E-15,1.,3.22658566531684E-16));
#7308=DIRECTION('',(-1.11145336913799E-15,-1.,-3.22658566531686E-16));
#7309=DIRECTION('',(-1.,1.63187041193103E-15,1.31647163406121E-15));
#7310=DIRECTION('',(1.80534275952872E-15,1.,3.22658566531686E-16));
#7311=DIRECTION('center_axis',(1.31647163406121E-15,-3.22658566531688E-16,
1.));
#7312=DIRECTION('ref_axis',(1.,-1.80534275952871E-15,-1.31647163406121E-15));
#7313=DIRECTION('',(-1.,1.11145336913799E-15,1.31647163406121E-15));
#7314=DIRECTION('center_axis',(1.31647163406121E-15,-3.22658566531688E-16,
1.));
#7315=DIRECTION('ref_axis',(4.58090032109162E-15,1.,3.22658566531682E-16));
#7316=DIRECTION('',(-1.55301934484118E-15,-1.,-3.22658566531686E-16));
#7317=DIRECTION('center_axis',(1.31647163406121E-15,-3.22658566531688E-16,
1.));
#7318=DIRECTION('ref_axis',(-1.,7.06192835519118E-17,1.31647163406121E-15));
#7319=DIRECTION('',(1.,-1.5079615922184E-15,-1.31647163406121E-15));
#7320=DIRECTION('',(0.0972994422182592,0.995255152483028,1.93035645143134E-16));
#7321=DIRECTION('center_axis',(0.989494563314584,-0.096736267929194,0.107436509800029));
#7322=DIRECTION('ref_axis',(-0.144570083941597,-0.662101097139481,0.735337764565247));
#7323=DIRECTION('center_axis',(0.989494563314584,-0.096736267929194,0.107436509800029));
#7324=DIRECTION('ref_axis',(-0.144570083941597,-0.662101097139482,0.735337764565246));
#7325=DIRECTION('',(-0.144570083941598,-0.662101097139481,0.735337764565247));
#7326=DIRECTION('center_axis',(-1.,1.80534275952871E-15,1.31647163406121E-15));
#7327=DIRECTION('ref_axis',(1.93695573502386E-15,0.4067366430758,0.913545457642601));
#7328=DIRECTION('',(-1.,1.80534275952871E-15,1.31647163406121E-15));
#7329=DIRECTION('',(1.,-1.80534275952871E-15,-1.31647163406121E-15));
#7330=DIRECTION('center_axis',(2.22252259271046E-15,0.743144825477394,0.669130606358859));
#7331=DIRECTION('ref_axis',(2.29681012628665E-16,0.669130606358859,-0.743144825477394));
#7332=DIRECTION('center_axis',(-1.50796159221841E-15,-1.,-3.22658566531686E-16));
#7333=DIRECTION('ref_axis',(-1.,1.50796159221841E-15,1.31647163406121E-15));
#7334=DIRECTION('',(-1.,1.5079615922184E-15,1.31647163406121E-15));
#7335=DIRECTION('',(-1.31647163406121E-15,3.22658566531688E-16,-1.));
#7336=DIRECTION('center_axis',(-1.50796159221841E-15,-1.,-3.22658566531686E-16));
#7337=DIRECTION('ref_axis',(-1.,1.50796159221841E-15,1.31647163406121E-15));
#7338=DIRECTION('',(-1.31647163406121E-15,3.22658566531688E-16,-1.));
#7339=DIRECTION('',(-1.,1.5079615922184E-15,1.31647163406121E-15));
#7340=DIRECTION('center_axis',(-1.31647163406121E-15,3.22658566531688E-16,
-1.));
#7341=DIRECTION('ref_axis',(-3.19312154031016E-15,-1.,-3.22658566531684E-16));
#7342=DIRECTION('center_axis',(-1.31647163406121E-15,3.22658566531688E-16,
-1.));
#7343=DIRECTION('ref_axis',(-3.19312154031016E-15,-1.,-3.22658566531684E-16));
#7344=DIRECTION('',(-1.31647163406121E-15,3.22658566531688E-16,-1.));
#7345=DIRECTION('center_axis',(1.,-1.67918105218495E-15,-1.31647163406121E-15));
#7346=DIRECTION('ref_axis',(-1.67918105218495E-15,-1.,-3.22658566531686E-16));
#7347=DIRECTION('',(-1.67918105218495E-15,-1.,-3.22658566531686E-16));
#7348=DIRECTION('',(-1.31647163406121E-15,3.22658566531688E-16,-1.));
#7349=DIRECTION('center_axis',(-1.31647163406121E-15,3.22658566531688E-16,
-1.));
#7350=DIRECTION('ref_axis',(1.,-4.17563978747271E-16,-1.31647163406121E-15));
#7351=DIRECTION('center_axis',(-1.31647163406121E-15,3.22658566531688E-16,
-1.));
#7352=DIRECTION('ref_axis',(1.,-4.17563978747271E-16,-1.31647163406121E-15));
#7353=DIRECTION('',(-1.31647163406121E-15,3.22658566531688E-16,-1.));
#7354=DIRECTION('center_axis',(1.11145336913799E-15,1.,3.22658566531686E-16));
#7355=DIRECTION('ref_axis',(1.,-1.11145336913799E-15,-1.31647163406121E-15));
#7356=DIRECTION('',(1.,-1.11145336913799E-15,-1.31647163406121E-15));
#7357=DIRECTION('',(-1.31647163406121E-15,3.22658566531688E-16,-1.));
#7358=DIRECTION('center_axis',(-1.31647163406121E-15,3.22658566531688E-16,
-1.));
#7359=DIRECTION('ref_axis',(3.19312154031016E-15,1.,3.22658566531684E-16));
#7360=DIRECTION('center_axis',(-1.31647163406121E-15,3.22658566531688E-16,
-1.));
#7361=DIRECTION('ref_axis',(3.19312154031016E-15,1.,3.22658566531684E-16));
#7362=DIRECTION('',(-1.31647163406121E-15,3.22658566531688E-16,-1.));
#7363=DIRECTION('center_axis',(-1.,1.11145336913799E-15,1.31647163406121E-15));
#7364=DIRECTION('ref_axis',(1.11145336913799E-15,1.,3.22658566531686E-16));
#7365=DIRECTION('',(1.11145336913799E-15,1.,3.22658566531686E-16));
#7366=DIRECTION('',(-1.31647163406121E-15,3.22658566531688E-16,-1.));
#7367=DIRECTION('center_axis',(1.63187041193103E-15,1.,3.22658566531686E-16));
#7368=DIRECTION('ref_axis',(1.,-1.63187041193103E-15,-1.31647163406121E-15));
#7369=DIRECTION('',(1.,-1.63187041193103E-15,-1.31647163406121E-15));
#7370=DIRECTION('',(-1.31647163406121E-15,3.22658566531688E-16,-1.));
#7371=DIRECTION('center_axis',(1.,-1.80534275952871E-15,-1.31647163406121E-15));
#7372=DIRECTION('ref_axis',(-1.80534275952871E-15,-1.,-3.22658566531686E-16));
#7373=DIRECTION('',(-1.80534275952872E-15,-1.,-3.22658566531686E-16));
#7374=DIRECTION('',(-1.31647163406121E-15,3.22658566531688E-16,-1.));
#7375=DIRECTION('center_axis',(-1.31647163406121E-15,3.22658566531688E-16,
-1.));
#7376=DIRECTION('ref_axis',(1.,-1.80534275952871E-15,-1.31647163406121E-15));
#7377=DIRECTION('center_axis',(-1.31647163406121E-15,3.22658566531688E-16,
-1.));
#7378=DIRECTION('ref_axis',(1.,-1.80534275952871E-15,-1.31647163406121E-15));
#7379=DIRECTION('',(-1.31647163406121E-15,3.22658566531688E-16,-1.));
#7380=DIRECTION('center_axis',(1.11145336913799E-15,1.,3.22658566531686E-16));
#7381=DIRECTION('ref_axis',(1.,-1.11145336913799E-15,-1.31647163406121E-15));
#7382=DIRECTION('',(1.,-1.11145336913799E-15,-1.31647163406121E-15));
#7383=DIRECTION('',(-1.31647163406121E-15,3.22658566531688E-16,-1.));
#7384=DIRECTION('center_axis',(-1.31647163406121E-15,3.22658566531688E-16,
-1.));
#7385=DIRECTION('ref_axis',(4.58090032109162E-15,1.,3.22658566531682E-16));
#7386=DIRECTION('center_axis',(-1.31647163406121E-15,3.22658566531688E-16,
-1.));
#7387=DIRECTION('ref_axis',(4.58090032109162E-15,1.,3.22658566531682E-16));
#7388=DIRECTION('',(-1.31647163406121E-15,3.22658566531688E-16,-1.));
#7389=DIRECTION('center_axis',(-1.,1.55301934484118E-15,1.31647163406121E-15));
#7390=DIRECTION('ref_axis',(1.55301934484118E-15,1.,3.22658566531686E-16));
#7391=DIRECTION('',(1.55301934484118E-15,1.,3.22658566531686E-16));
#7392=DIRECTION('',(-1.31647163406121E-15,3.22658566531688E-16,-1.));
#7393=DIRECTION('center_axis',(-1.31647163406121E-15,3.22658566531688E-16,
-1.));
#7394=DIRECTION('ref_axis',(-1.,7.06192835519118E-17,1.31647163406121E-15));
#7395=DIRECTION('center_axis',(-1.31647163406121E-15,3.22658566531688E-16,
-1.));
#7396=DIRECTION('ref_axis',(-1.,7.06192835519118E-17,1.31647163406121E-15));
#7397=DIRECTION('center_axis',(0.309016994374947,-0.951056516295154,-7.13678639775886E-16));
#7398=DIRECTION('ref_axis',(-1.31647163406121E-15,3.22658566531688E-16,
-1.));
#7399=DIRECTION('',(5.24517553773393E-15,9.53854712438682E-16,1.));
#7400=DIRECTION('',(0.951056516295154,0.309016994374947,-8.23378832380213E-16));
#7401=DIRECTION('center_axis',(-0.309016994374946,0.951056516295154,5.37506134567157E-17));
#7402=DIRECTION('ref_axis',(-0.951056516295154,-0.309016994374946,1.43823009744897E-15));
#7403=DIRECTION('',(3.10960358430783E-15,9.53854712438682E-16,1.));
#7404=DIRECTION('',(0.951056516295154,0.309016994374946,-1.43823009744897E-15));
#7405=DIRECTION('',(0.,0.,1.));
#7406=DIRECTION('',(0.951056516295154,0.309016994374946,-8.23378832380212E-16));
#7407=DIRECTION('center_axis',(-0.951056516295153,0.30901699437495,7.90377597488027E-16));
#7408=DIRECTION('ref_axis',(9.86507620901628E-16,4.78442630782638E-16,1.));
#7409=DIRECTION('',(6.43187194116603E-16,-5.78188994709604E-16,1.));
#7410=DIRECTION('',(-0.30901699437495,-0.951056516295153,-1.78113591022232E-17));
#7411=DIRECTION('',(0.30901699437495,0.951056516295153,8.60634744139979E-16));
#7412=DIRECTION('center_axis',(0.951056516295153,-0.309016994374949,-1.13732229268339E-15));
#7413=DIRECTION('ref_axis',(0.309016994374949,0.951056516295153,-9.79849610391283E-16));
#7414=DIRECTION('',(1.00798643501439E-15,-5.78188994709604E-16,1.));
#7415=DIRECTION('',(-0.309016994374949,-0.951056516295153,9.79849610391283E-16));
#7416=DIRECTION('',(1.31647163406121E-15,3.71230823859035E-16,1.));
#7417=DIRECTION('',(0.309016994374949,0.951056516295153,8.60634744139979E-16));
#7418=DIRECTION('center_axis',(0.309016994374946,-0.951056516295154,-5.37506134567158E-17));
#7419=DIRECTION('ref_axis',(0.951056516295154,0.309016994374946,-1.43823009744897E-15));
#7420=DIRECTION('',(-0.951056516295154,-0.309016994374946,8.23378832380212E-16));
#7421=DIRECTION('',(-1.31647163406121E-15,3.22658566531688E-16,-1.));
#7422=DIRECTION('',(-0.951056516295154,-0.309016994374946,1.43823009744897E-15));
#7423=DIRECTION('center_axis',(0.672498511963956,-0.218508012224412,-0.707106781186548));
#7424=DIRECTION('ref_axis',(0.724617040067448,-1.60982338570648E-15,0.689151757774651));
#7425=DIRECTION('',(0.724617040067447,-3.58235635934152E-16,0.689151757774651));
#7426=DIRECTION('',(0.724617040067447,-3.58235635934152E-16,0.689151757774651));
#7427=DIRECTION('',(0.309016994374949,0.951056516295153,-9.79849610391283E-16));
#7428=DIRECTION('',(0.672498511963957,-0.218508012224411,0.707106781186547));
#7429=DIRECTION('center_axis',(0.309016994374949,0.951056516295153,-7.59873601618227E-16));
#7430=DIRECTION('ref_axis',(-0.951056516295153,0.309016994374949,1.06584775473432E-15));
#7431=DIRECTION('',(0.951056516295153,-0.309016994374949,-1.06584775473432E-15));
#7432=DIRECTION('',(1.31647163406121E-15,-3.22658566531688E-16,1.));
#7433=DIRECTION('',(-0.951056516295153,0.309016994374949,-3.28607845604047E-16));
#7434=DIRECTION('center_axis',(-1.,1.80534275952871E-15,1.31647163406121E-15));
#7435=DIRECTION('ref_axis',(-1.31647163406121E-15,3.22658566531688E-16,
-1.));
#7436=DIRECTION('',(1.31647163406121E-15,-3.22658566531688E-16,1.));
#7437=DIRECTION('center_axis',(1.,-1.80534275952871E-15,-1.31647163406121E-15));
#7438=DIRECTION('ref_axis',(1.31647163406121E-15,-1.01654795692241E-15,
1.));
#7439=DIRECTION('',(1.31647163406121E-15,-3.22658566531688E-16,1.));
#7440=DIRECTION('',(0.,0.,1.));
#7441=DIRECTION('center_axis',(-0.309016994374947,0.951056516295154,7.13678639775886E-16));
#7442=DIRECTION('ref_axis',(1.31647163406121E-15,-3.22658566531688E-16,
1.));
#7443=DIRECTION('',(5.30029842010693E-16,-5.78188994709604E-16,1.));
#7444=DIRECTION('',(-0.951056516295154,-0.309016994374947,-7.28833019025158E-16));
#7445=DIRECTION('center_axis',(0.309016994374946,-0.951056516295154,-7.13678639775885E-16));
#7446=DIRECTION('ref_axis',(0.951056516295154,0.309016994374946,-1.15233194565269E-15));
#7447=DIRECTION('',(5.30029842010691E-16,-5.78188994709604E-16,1.));
#7448=DIRECTION('',(-0.951056516295154,-0.309016994374946,1.15233194565269E-15));
#7449=DIRECTION('',(0.,0.,1.));
#7450=DIRECTION('',(-0.951056516295154,-0.309016994374946,-7.28833019025158E-16));
#7451=DIRECTION('center_axis',(1.31647163406121E-15,-3.22658566531688E-16,
1.));
#7452=DIRECTION('ref_axis',(-2.09750671337744E-15,-1.,-3.22658566531685E-16));
#7453=DIRECTION('',(0.951056516295154,0.309016994374946,-1.15233194565269E-15));
#7454=DIRECTION('',(1.,-1.80534275952871E-15,-1.31647163406121E-15));
#7455=DIRECTION('',(-1.80534275952872E-15,-1.,-3.22658566531686E-16));
#7456=DIRECTION('',(-1.,0.,1.31647163406121E-15));
#7457=DIRECTION('center_axis',(-0.309016994374946,0.951056516295154,7.13678639775885E-16));
#7458=DIRECTION('ref_axis',(-0.951056516295154,-0.309016994374946,1.15233194565269E-15));
#7459=DIRECTION('',(0.951056516295154,0.309016994374946,7.28833019025158E-16));
#7460=DIRECTION('',(1.31647163406121E-15,-3.22658566531688E-16,1.));
#7461=DIRECTION('center_axis',(-1.80534275952872E-15,-1.,-3.22658566531686E-16));
#7462=DIRECTION('ref_axis',(0.674366827401452,-9.79213314884341E-16,-0.738396493830043));
#7463=DIRECTION('center_axis',(1.80534275952872E-15,1.,3.22658566531686E-16));
#7464=DIRECTION('ref_axis',(0.674366827401452,-9.79213314884341E-16,-0.738396493830043));
#7465=DIRECTION('',(1.80534275952872E-15,1.,3.22658566531686E-16));
#7466=DIRECTION('center_axis',(1.46081976924363E-15,1.,0.));
#7467=DIRECTION('ref_axis',(0.674366827401452,-9.85128393190148E-16,-0.738396493830043));
#7468=DIRECTION('',(-1.80534275952872E-15,-1.,-3.22658566531686E-16));
#7469=DIRECTION('center_axis',(-1.31647163406121E-15,3.22658566531688E-16,
-1.));
#7470=DIRECTION('ref_axis',(-1.51317880567999E-15,-1.,-3.22658566531686E-16));
#7471=DIRECTION('',(-1.,1.80534275952871E-15,1.31647163406121E-15));
#7472=DIRECTION('',(-0.951056516295153,0.309016994374949,1.3517459065306E-15));
#7473=DIRECTION('',(-1.,1.46081976924363E-15,1.31647163406121E-15));
#7474=DIRECTION('center_axis',(-0.995900201817044,1.76875392337626E-15,
0.0904587642009999));
#7475=DIRECTION('ref_axis',(0.0904587642009999,-4.84644806513094E-16,0.995900201817044));
#7476=DIRECTION('',(-0.0904587642009999,1.32143951046168E-16,-0.995900201817043));
#7477=DIRECTION('',(1.51317880567999E-15,1.,-2.89390251709186E-15));
#7478=DIRECTION('',(0.0904587642009999,-4.84644806513094E-16,0.995900201817043));
#7479=DIRECTION('center_axis',(-1.80534275952872E-15,-1.,-3.22658566531686E-16));
#7480=DIRECTION('ref_axis',(1.31647163406121E-15,-3.22658566531688E-16,
1.));
#7481=DIRECTION('',(1.,-1.80534275952871E-15,-1.31647163406121E-15));
#7482=DIRECTION('',(1.31647163406121E-15,-3.22658566531688E-16,1.));
#7483=DIRECTION('',(1.31647163406121E-15,-3.22658566531688E-16,1.));
#7484=DIRECTION('center_axis',(-1.,1.80534275952871E-15,1.31647163406121E-15));
#7485=DIRECTION('ref_axis',(-3.4568408794437E-16,-0.707106781186548,0.707106781186547));
#7486=DIRECTION('center_axis',(1.,-1.80534275952871E-15,-1.31647163406121E-15));
#7487=DIRECTION('ref_axis',(-3.4568408794437E-16,-0.707106781186548,0.707106781186547));
#7488=DIRECTION('center_axis',(-1.,1.51317880567999E-15,1.31647163406121E-15));
#7489=DIRECTION('ref_axis',(-1.39092974959667E-16,-0.707106781186548,0.707106781186547));
#7490=DIRECTION('',(-1.,1.80534275952871E-15,1.31647163406121E-15));
#7491=DIRECTION('center_axis',(-1.,1.51317880567999E-15,1.31647163406121E-15));
#7492=DIRECTION('ref_axis',(1.51317880567999E-15,1.,3.22658566531686E-16));
#7493=DIRECTION('',(-1.31647163406121E-15,3.22658566531688E-16,-1.));
#7494=DIRECTION('',(-1.51317880567999E-15,-1.,-3.22658566531686E-16));
#7495=DIRECTION('center_axis',(1.80534275952872E-15,1.,3.22658566531686E-16));
#7496=DIRECTION('ref_axis',(-0.674366827401454,1.45571322334679E-15,-0.738396493830041));
#7497=DIRECTION('center_axis',(0.,1.,0.));
#7498=DIRECTION('ref_axis',(-0.674366827401454,0.,-0.738396493830041));
#7499=DIRECTION('center_axis',(1.80534275952872E-15,1.,3.22658566531686E-16));
#7500=DIRECTION('ref_axis',(-0.674366827401454,1.45571322334679E-15,-0.738396493830041));
#7501=DIRECTION('',(1.80534275952872E-15,1.,3.22658566531686E-16));
#7502=DIRECTION('center_axis',(-1.80534275952872E-15,-1.,-3.22658566531686E-16));
#7503=DIRECTION('ref_axis',(-1.31647163406121E-15,3.22658566531688E-16,
-1.));
#7504=DIRECTION('',(1.,0.,0.));
#7505=DIRECTION('',(-0.0904587642009973,-1.58026656540718E-16,0.995900201817044));
#7506=DIRECTION('',(1.31647163406121E-15,-3.22658566531688E-16,1.));
#7507=DIRECTION('',(-1.31647163406121E-15,3.22658566531688E-16,-1.));
#7508=DIRECTION('',(-5.7847539475623E-16,-3.22658566531684E-16,1.));
#7509=DIRECTION('center_axis',(-0.995900201817044,1.82712851375091E-15,
-0.0904587642009973));
#7510=DIRECTION('ref_axis',(-0.0904587642009973,-1.58026656540718E-16,0.995900201817044));
#7511=DIRECTION('',(0.0904587642009973,1.58026656540718E-16,-0.995900201817044));
#7512=DIRECTION('',(-1.51317880567999E-15,-1.,-3.53921965015524E-15));
#7513=DIRECTION('',(-0.0904587642009973,0.,0.995900201817044));
#7514=DIRECTION('center_axis',(1.,-1.51317880567999E-15,-1.31647163406121E-15));
#7515=DIRECTION('ref_axis',(-1.51317880567999E-15,-1.,-3.22658566531686E-16));
#7516=DIRECTION('center_axis',(1.,-1.51317880567999E-15,-1.31647163406121E-15));
#7517=DIRECTION('ref_axis',(-1.39092974959667E-16,-0.707106781186548,0.707106781186547));
#7518=DIRECTION('',(-2.09750671337744E-15,-1.,-3.22658566531685E-16));
#7519=DIRECTION('',(-1.31647163406121E-15,3.22658566531688E-16,-1.));
#7520=DIRECTION('center_axis',(1.,-1.80534275952871E-15,-1.31647163406121E-15));
#7521=DIRECTION('ref_axis',(-3.4568408794437E-16,-0.707106781186548,0.707106781186547));
#7522=DIRECTION('center_axis',(-1.,1.80534275952871E-15,1.31647163406121E-15));
#7523=DIRECTION('ref_axis',(-3.4568408794437E-16,-0.707106781186548,0.707106781186547));
#7524=DIRECTION('',(-1.,1.80534275952871E-15,1.31647163406121E-15));
#7525=DIRECTION('',(1.,-1.80534275952871E-15,-1.31647163406121E-15));
#7526=DIRECTION('center_axis',(1.31647163406121E-15,-3.22658566531688E-16,
1.));
#7527=DIRECTION('ref_axis',(-1.,1.80534275952871E-15,1.31647163406121E-15));
#7528=DIRECTION('',(1.,-1.80534275952871E-15,-1.31647163406121E-15));
#7529=DIRECTION('',(0.178885438199981,-0.983869910099908,-5.52951659983382E-16));
#7530=DIRECTION('',(1.,-1.80534275952871E-15,-1.31647163406121E-15));
#7531=DIRECTION('',(0.178885438199985,0.983869910099907,8.19564497096067E-17));
#7532=DIRECTION('',(1.,-1.80534275952871E-15,-1.31647163406121E-15));
#7533=DIRECTION('',(1.,-1.80534275952871E-15,-1.31647163406121E-15));
#7534=DIRECTION('',(1.80534275952872E-15,1.,3.22658566531686E-16));
#7535=DIRECTION('',(-1.,1.11145336913799E-15,1.31647163406121E-15));
#7536=DIRECTION('center_axis',(-1.31647163406121E-15,3.22658566531688E-16,
-1.));
#7537=DIRECTION('ref_axis',(-1.80534275952872E-15,-1.,-3.22658566531686E-16));
#7538=DIRECTION('',(2.91556578415387E-15,1.,3.22658566531684E-16));
#7539=DIRECTION('center_axis',(-1.31647163406121E-15,3.22658566531688E-16,
-1.));
#7540=DIRECTION('ref_axis',(-1.,3.19312154031016E-15,1.31647163406121E-15));
#7541=DIRECTION('',(-1.80534275952872E-15,-1.,-3.22658566531686E-16));
#7542=DIRECTION('center_axis',(-1.31647163406121E-15,3.22658566531688E-16,
-1.));
#7543=DIRECTION('ref_axis',(-1.,4.17563978747271E-16,1.31647163406121E-15));
#7544=DIRECTION('',(6.95119734903559E-16,1.,3.22658566531687E-16));
#7545=DIRECTION('center_axis',(-1.31647163406121E-15,3.22658566531688E-16,
-1.));
#7546=DIRECTION('ref_axis',(1.80534275952872E-15,1.,3.22658566531686E-16));
#7547=DIRECTION('',(1.,-2.49923214991944E-15,-1.31647163406121E-15));
#7548=DIRECTION('',(1.80534275952872E-15,1.,3.22658566531686E-16));
#7549=DIRECTION('',(-1.,1.15227039210215E-15,1.31647163406121E-15));
#7550=DIRECTION('',(-1.,1.15227039210215E-15,1.31647163406121E-15));
#7551=DIRECTION('',(-1.,1.15227039210215E-15,1.31647163406121E-15));
#7552=DIRECTION('',(-1.80534275952872E-15,-1.,-3.22658566531686E-16));
#7553=DIRECTION('',(1.,-1.11145336913799E-15,-1.31647163406121E-15));
#7554=DIRECTION('center_axis',(-1.31647163406121E-15,3.22658566531688E-16,
-1.));
#7555=DIRECTION('ref_axis',(1.80534275952872E-15,1.,3.22658566531686E-16));
#7556=DIRECTION('',(-2.91556578415387E-15,-1.,-3.22658566531684E-16));
#7557=DIRECTION('center_axis',(-1.31647163406121E-15,3.22658566531688E-16,
-1.));
#7558=DIRECTION('ref_axis',(1.,-3.19312154031016E-15,-1.31647163406121E-15));
#7559=DIRECTION('',(1.80534275952872E-15,1.,3.22658566531686E-16));
#7560=DIRECTION('center_axis',(-1.31647163406121E-15,3.22658566531688E-16,
-1.));
#7561=DIRECTION('ref_axis',(1.,-4.17563978747271E-16,-1.31647163406121E-15));
#7562=DIRECTION('',(-6.95119734903559E-16,-1.,-3.22658566531687E-16));
#7563=DIRECTION('center_axis',(-1.31647163406121E-15,3.22658566531688E-16,
-1.));
#7564=DIRECTION('ref_axis',(-1.80534275952872E-15,-1.,-3.22658566531686E-16));
#7565=DIRECTION('',(-1.,2.49923214991944E-15,1.31647163406121E-15));
#7566=DIRECTION('',(-1.80534275952872E-15,-1.,-3.22658566531686E-16));
#7567=DIRECTION('',(1.,-1.80534275952871E-15,-1.31647163406121E-15));
#7568=DIRECTION('center_axis',(0.951056516295153,-0.30901699437495,-1.87216294932364E-15));
#7569=DIRECTION('ref_axis',(1.81141765380059E-15,-4.83476276917093E-16,
1.));
#7570=DIRECTION('',(2.27843480224821E-15,9.53854712438682E-16,1.));
#7571=DIRECTION('',(-0.30901699437495,-0.951056516295153,1.21091488755179E-15));
#7572=DIRECTION('center_axis',(-0.951056516295153,0.309016994374949,1.3517459065306E-15));
#7573=DIRECTION('ref_axis',(-0.309016994374949,-0.951056516295153,9.99455752990587E-17));
#7574=DIRECTION('',(1.73123594090154E-15,9.53854712438682E-16,1.));
#7575=DIRECTION('',(1.31647163406121E-15,-3.22658566531688E-16,1.));
#7576=DIRECTION('',(-0.309016994374949,-0.951056516295153,1.21091488755179E-15));
#7577=DIRECTION('center_axis',(-0.309016994374949,-0.951056516295153,9.99455752990588E-17));
#7578=DIRECTION('ref_axis',(0.951056516295153,-0.309016994374949,-1.3517459065306E-15));
#7579=DIRECTION('',(0.951056516295153,-0.309016994374949,-1.90979476994408E-16));
#7580=DIRECTION('center_axis',(-1.,1.80534275952871E-15,1.31647163406121E-15));
#7581=DIRECTION('ref_axis',(-1.31647163406121E-15,3.22658566531688E-16,
-1.));
#7582=DIRECTION('',(0.,0.,1.));
#7583=DIRECTION('',(-1.31647163406121E-15,3.22658566531688E-16,-1.));
#7584=DIRECTION('',(1.31647163406121E-15,-3.22658566531688E-16,1.));
#7585=DIRECTION('center_axis',(1.80534275952872E-15,1.,3.22658566531686E-16));
#7586=DIRECTION('ref_axis',(1.31647163406121E-15,-3.22658566531688E-16,
1.));
#7587=DIRECTION('center_axis',(-1.,1.80534275952871E-15,1.31647163406121E-15));
#7588=DIRECTION('ref_axis',(-1.31647163406121E-15,3.22658566531688E-16,
-1.));
#7589=DIRECTION('',(1.31647163406121E-15,-3.22658566531688E-16,1.));
#7590=DIRECTION('',(0.,0.,1.));
#7591=DIRECTION('center_axis',(0.983869910099907,-0.178885438199985,-1.35295574731588E-15));
#7592=DIRECTION('ref_axis',(-0.178885438199985,-0.983869910099907,-8.19564497096067E-17));
#7593=DIRECTION('',(-1.31647163406121E-15,3.22658566531688E-16,-1.));
#7594=DIRECTION('',(-1.31647163406121E-15,3.22658566531688E-16,-1.));
#7595=DIRECTION('center_axis',(-0.983869910099908,-0.178885438199981,1.23751790918988E-15));
#7596=DIRECTION('ref_axis',(-0.178885438199981,0.983869910099908,5.52951659983382E-16));
#7597=DIRECTION('',(1.31647163406121E-15,-3.22658566531688E-16,1.));
#7598=DIRECTION('',(-1.31647163406121E-15,3.22658566531688E-16,-1.));
#7599=DIRECTION('center_axis',(-1.80534275952872E-15,-1.,-3.22658566531686E-16));
#7600=DIRECTION('ref_axis',(-1.,1.80534275952872E-15,1.31647163406121E-15));
#7601=DIRECTION('center_axis',(1.80534275952872E-15,1.,3.22658566531686E-16));
#7602=DIRECTION('ref_axis',(1.,-1.80534275952872E-15,-1.31647163406121E-15));
#7603=DIRECTION('center_axis',(1.80534275952872E-15,1.,3.22658566531686E-16));
#7604=DIRECTION('ref_axis',(1.,-1.80534275952872E-15,-1.31647163406121E-15));
#7605=DIRECTION('center_axis',(-1.80534275952872E-15,-1.,-3.22658566531686E-16));
#7606=DIRECTION('ref_axis',(1.,-1.80534275952872E-15,-1.31647163406121E-15));
#7607=DIRECTION('',(-1.,1.80534275952872E-15,-5.78475394756229E-16));
#7608=DIRECTION('',(1.31647163406121E-15,-3.22658566531688E-16,1.));
#7609=DIRECTION('center_axis',(-1.80534275952871E-15,-1.,6.02527287322611E-16));
#7610=DIRECTION('ref_axis',(0.707106781186547,-1.70262123834454E-15,-0.707106781186548));
#7611=DIRECTION('center_axis',(0.,-1.,0.));
#7612=DIRECTION('ref_axis',(0.707106781186547,0.,-0.707106781186548));
#7613=DIRECTION('',(1.80534275952871E-15,1.,-6.02527287322611E-16));
#7614=DIRECTION('center_axis',(-1.80534275952872E-15,-1.,-3.22658566531686E-16));
#7615=DIRECTION('ref_axis',(0.707106781186547,-1.04841604722631E-15,-0.707106781186548));
#7616=DIRECTION('',(-1.80534275952871E-15,-1.,6.02527287322611E-16));
#7617=DIRECTION('center_axis',(-1.,1.80534275952871E-15,1.66341632925657E-15));
#7618=DIRECTION('ref_axis',(-1.66341632925657E-15,3.22658566531689E-16,
-1.));
#7619=DIRECTION('',(-1.66341632925657E-15,3.22658566531689E-16,-1.));
#7620=DIRECTION('',(1.80534275952872E-15,1.,3.22658566531686E-16));
#7621=DIRECTION('',(1.66341632925657E-15,0.,1.));
#7622=DIRECTION('center_axis',(1.80534275952872E-15,1.,3.22658566531686E-16));
#7623=DIRECTION('ref_axis',(-1.31647163406121E-15,3.22658566531688E-16,
-1.));
#7624=DIRECTION('',(-1.,1.80534275952871E-15,1.31647163406121E-15));
#7625=DIRECTION('',(-1.31647163406121E-15,3.22658566531688E-16,-1.));
#7626=DIRECTION('',(-1.,1.80534275952871E-15,1.31647163406121E-15));
#7627=DIRECTION('',(-1.,1.80534275952871E-15,1.31647163406121E-15));
#7628=DIRECTION('center_axis',(-1.80534275952872E-15,-1.,-3.22658566531686E-16));
#7629=DIRECTION('ref_axis',(-0.707106781186549,1.50472416803128E-15,-0.707106781186546));
#7630=DIRECTION('',(1.48994398165889E-15,-3.22658566531688E-16,1.));
#7631=DIRECTION('center_axis',(1.80534275952872E-15,1.,3.22658566531686E-16));
#7632=DIRECTION('ref_axis',(0.707106781186548,-1.50472416803128E-15,0.707106781186547));
#7633=DIRECTION('',(-1.,1.80534275952871E-15,1.31647163406121E-15));
#7634=DIRECTION('center_axis',(1.80534275952872E-15,1.,3.22658566531686E-16));
#7635=DIRECTION('ref_axis',(-0.707106781186547,1.04841604722631E-15,0.707106781186548));
#7636=DIRECTION('center_axis',(-1.80534275952872E-15,-1.,-3.22658566531686E-16));
#7637=DIRECTION('ref_axis',(0.707106781186547,-1.04841604722631E-15,-0.707106781186548));
#7638=DIRECTION('',(-1.,1.80534275952871E-15,1.36273092675393E-15));
#7639=DIRECTION('center_axis',(-1.80534275952872E-15,-1.,-3.22658566531686E-16));
#7640=DIRECTION('ref_axis',(-0.707106781186549,1.50472416803128E-15,-0.707106781186546));
#7641=DIRECTION('center_axis',(1.80534275952872E-15,1.,3.22658566531686E-16));
#7642=DIRECTION('ref_axis',(0.707106781186548,-1.50472416803128E-15,0.707106781186547));
#7643=DIRECTION('',(-1.,1.80534275952871E-15,1.31647163406121E-15));
#7644=DIRECTION('center_axis',(1.80534275952872E-15,1.,3.22658566531686E-16));
#7645=DIRECTION('ref_axis',(-0.707106781186547,1.04841604722631E-15,0.707106781186548));
#7646=DIRECTION('center_axis',(1.80534275952871E-15,1.,-6.02527287322611E-16));
#7647=DIRECTION('ref_axis',(-0.707106781186549,8.50518976913035E-16,-0.707106781186546));
#7648=DIRECTION('',(-1.80534275952871E-15,-1.,6.02527287322611E-16));
#7649=DIRECTION('center_axis',(0.,-1.,0.));
#7650=DIRECTION('ref_axis',(-0.707106781186549,0.,-0.707106781186546));
#7651=DIRECTION('',(1.80534275952871E-15,1.,-6.02527287322611E-16));
#7652=DIRECTION('center_axis',(-1.31647163406121E-15,-6.02527287322608E-16,
-1.));
#7653=DIRECTION('ref_axis',(-1.80534275952871E-15,-1.,6.0252728732261E-16));
#7654=DIRECTION('',(1.,0.,-1.31647163406121E-15));
#7655=DIRECTION('center_axis',(-1.80534275952872E-15,-1.,-3.22658566531686E-16));
#7656=DIRECTION('ref_axis',(-0.707106781186549,1.50472416803128E-15,-0.707106781186546));
#7657=DIRECTION('',(-1.80534275952872E-15,-1.,-3.22658566531686E-16));
#7658=DIRECTION('',(-1.80534275952872E-15,-1.,-3.22658566531686E-16));
#7659=DIRECTION('center_axis',(-1.80534275952872E-15,-1.,-3.22658566531686E-16));
#7660=DIRECTION('ref_axis',(0.707106781186548,-1.50472416803128E-15,0.707106781186547));
#7661=DIRECTION('',(1.80534275952872E-15,1.,3.22658566531686E-16));
#7662=DIRECTION('center_axis',(-1.80534275952872E-15,-1.,-3.22658566531686E-16));
#7663=DIRECTION('ref_axis',(-0.707106781186547,1.04841604722631E-15,0.707106781186548));
#7664=DIRECTION('',(-1.80534275952872E-15,-1.,-3.22658566531686E-16));
#7665=DIRECTION('center_axis',(1.31647163406121E-15,-3.22658566531688E-16,
1.));
#7666=DIRECTION('ref_axis',(-1.,1.80534275952871E-15,1.31647163406121E-15));
#7667=DIRECTION('center_axis',(-1.80534275952872E-15,-1.,-3.22658566531686E-16));
#7668=DIRECTION('ref_axis',(0.707106781186547,-1.04841604722631E-15,-0.707106781186548));
#7669=DIRECTION('',(1.80534275952872E-15,1.,3.22658566531686E-16));
#7670=DIRECTION('',(1.80534275952872E-15,1.,3.22658566531686E-16));
#7671=DIRECTION('center_axis',(1.36273092675393E-15,-3.22658566531688E-16,
1.));
#7672=DIRECTION('ref_axis',(-1.,1.80534275952871E-15,1.36273092675393E-15));
#7673=DIRECTION('center_axis',(-1.80534275952872E-15,-1.,-3.22658566531686E-16));
#7674=DIRECTION('ref_axis',(-0.707106781186547,1.04841604722631E-15,0.707106781186548));
#7675=DIRECTION('',(-1.80534275952872E-15,-1.,-3.22658566531686E-16));
#7676=DIRECTION('center_axis',(1.31647163406121E-15,-3.22658566531688E-16,
1.));
#7677=DIRECTION('ref_axis',(-1.,1.80534275952871E-15,1.31647163406121E-15));
#7678=DIRECTION('',(1.80534275952872E-15,1.,3.22658566531686E-16));
#7679=DIRECTION('center_axis',(-1.80534275952872E-15,-1.,-3.22658566531686E-16));
#7680=DIRECTION('ref_axis',(0.707106781186548,-1.50472416803128E-15,0.707106781186547));
#7681=DIRECTION('',(-1.80534275952872E-15,-1.,-3.22658566531686E-16));
#7682=DIRECTION('center_axis',(1.,-1.80534275952871E-15,-1.48994398165889E-15));
#7683=DIRECTION('ref_axis',(1.48994398165889E-15,-3.22658566531688E-16,
1.));
#7684=DIRECTION('',(-1.48994398165889E-15,0.,-1.));
#7685=DIRECTION('center_axis',(-1.31647163406121E-15,-6.02527287322608E-16,
-1.));
#7686=DIRECTION('ref_axis',(-1.80534275952871E-15,-1.,6.0252728732261E-16));
#7687=DIRECTION('',(1.,0.,-1.31647163406121E-15));
#7688=DIRECTION('center_axis',(-1.,1.80534275952871E-15,1.31647163406121E-15));
#7689=DIRECTION('ref_axis',(1.31647163406121E-15,-1.01654795692241E-15,
1.));
#7690=DIRECTION('center_axis',(-1.,1.80534275952871E-15,1.31647163406121E-15));
#7691=DIRECTION('ref_axis',(1.31647163406121E-15,-1.01654795692241E-15,
1.));
#7692=DIRECTION('center_axis',(-1.,1.80534275952871E-15,1.31647163406121E-15));
#7693=DIRECTION('ref_axis',(-1.31647163406121E-15,3.22658566531688E-16,
-1.));
#7694=DIRECTION('',(0.,0.,1.));
#7695=DIRECTION('',(-1.31647163406121E-15,3.22658566531688E-16,-1.));
#7696=DIRECTION('center_axis',(1.15227039210215E-15,1.,3.22658566531686E-16));
#7697=DIRECTION('ref_axis',(-1.,1.15227039210215E-15,1.31647163406121E-15));
#7698=DIRECTION('',(1.31647163406121E-15,-3.22658566531688E-16,1.));
#7699=DIRECTION('',(1.,-1.15227039210215E-15,5.78475394756229E-16));
#7700=DIRECTION('center_axis',(1.15227039210215E-15,1.,3.22658566531686E-16));
#7701=DIRECTION('ref_axis',(-1.,1.15227039210215E-15,1.31647163406121E-15));
#7702=DIRECTION('',(1.,-1.15227039210215E-15,-5.55825555069303E-16));
#7703=DIRECTION('',(1.31647163406121E-15,-3.22658566531688E-16,1.));
#7704=DIRECTION('center_axis',(-1.,1.63187041193103E-15,6.2258224367049E-16));
#7705=DIRECTION('ref_axis',(-1.59413876063985E-15,-0.707106781186547,-0.707106781186548));
#7706=DIRECTION('center_axis',(1.,-1.80534275952871E-15,-1.31647163406121E-15));
#7707=DIRECTION('ref_axis',(-2.2074561273132E-15,-0.707106781186547,-0.707106781186548));
#7708=DIRECTION('',(1.,-1.63187041193103E-15,-6.2258224367049E-16));
#7709=DIRECTION('center_axis',(-1.,1.80534275952871E-15,1.31647163406121E-15));
#7710=DIRECTION('ref_axis',(-2.2074561273132E-15,-0.707106781186547,-0.707106781186548));
#7711=DIRECTION('',(-1.,1.63187041193103E-15,6.2258224367049E-16));
#7712=DIRECTION('center_axis',(6.22582243670489E-16,-3.22658566531687E-16,
1.));
#7713=DIRECTION('ref_axis',(-1.,1.80534275952872E-15,6.2258224367049E-16));
#7714=DIRECTION('',(-1.80534275952872E-15,-1.,-3.22658566531686E-16));
#7715=DIRECTION('',(-1.,1.9788151071264E-15,6.2258224367049E-16));
#7716=DIRECTION('',(1.80534275952872E-15,1.,3.22658566531686E-16));
#7717=DIRECTION('center_axis',(1.,-1.80534275952871E-15,-1.31647163406121E-15));
#7718=DIRECTION('ref_axis',(1.31647163406121E-15,-3.22658566531688E-16,
1.));
#7719=DIRECTION('',(1.31647163406121E-15,-3.22658566531688E-16,1.));
#7720=DIRECTION('',(-1.80534275952872E-15,-1.,-3.22658566531686E-16));
#7721=DIRECTION('',(-1.31647163406121E-15,3.22658566531688E-16,-1.));
#7722=DIRECTION('center_axis',(1.,-1.80534275952871E-15,-1.31647163406121E-15));
#7723=DIRECTION('ref_axis',(3.4568408794437E-16,0.707106781186548,-0.707106781186547));
#7724=DIRECTION('center_axis',(1.,-1.9788151071264E-15,-6.2258224367049E-16));
#7725=DIRECTION('ref_axis',(9.59001454617724E-16,0.707106781186548,-0.707106781186547));
#7726=DIRECTION('center_axis',(-1.,1.80534275952871E-15,1.31647163406121E-15));
#7727=DIRECTION('ref_axis',(3.4568408794437E-16,0.707106781186548,-0.707106781186547));
#7728=DIRECTION('',(1.,-1.9788151071264E-15,-6.2258224367049E-16));
#7729=DIRECTION('center_axis',(-1.,1.80534275952871E-15,1.31647163406121E-15));
#7730=DIRECTION('ref_axis',(-1.31647163406121E-15,3.22658566531688E-16,
-1.));
#7731=DIRECTION('',(1.31647163406121E-15,-3.22658566531688E-16,1.));
#7732=DIRECTION('',(-1.31647163406121E-15,3.22658566531688E-16,-1.));
#7733=DIRECTION('center_axis',(1.9788151071264E-15,1.,3.22658566531685E-16));
#7734=DIRECTION('ref_axis',(1.,-1.9788151071264E-15,-1.31647163406121E-15));
#7735=DIRECTION('center_axis',(-1.9788151071264E-15,-1.,-3.22658566531685E-16));
#7736=DIRECTION('ref_axis',(-0.707106781186547,1.17107952056098E-15,0.707106781186548));
#7737=DIRECTION('',(-1.31647163406121E-15,3.22658566531688E-16,-1.));
#7738=DIRECTION('center_axis',(-1.80534275952872E-15,-1.,-3.22658566531686E-16));
#7739=DIRECTION('ref_axis',(-0.707106781186547,1.04841604722631E-15,0.707106781186548));
#7740=DIRECTION('center_axis',(1.63187041193103E-15,1.,3.22658566531686E-16));
#7741=DIRECTION('ref_axis',(-0.707106781186547,9.25752573891629E-16,0.707106781186548));
#7742=DIRECTION('center_axis',(1.,-1.9788151071264E-15,-2.01036102445193E-15));
#7743=DIRECTION('ref_axis',(-2.82077349398656E-15,-0.707106781186547,-0.707106781186548));
#7744=DIRECTION('center_axis',(-1.,1.80534275952871E-15,1.31647163406121E-15));
#7745=DIRECTION('ref_axis',(-2.2074561273132E-15,-0.707106781186547,-0.707106781186548));
#7746=DIRECTION('',(-1.,1.9788151071264E-15,2.01036102445193E-15));
#7747=DIRECTION('center_axis',(1.,-1.80534275952871E-15,-1.31647163406121E-15));
#7748=DIRECTION('ref_axis',(-2.2074561273132E-15,-0.707106781186547,-0.707106781186548));
#7749=DIRECTION('',(1.,-1.9788151071264E-15,-2.01036102445193E-15));
#7750=DIRECTION('center_axis',(1.,-1.80534275952871E-15,-1.31647163406121E-15));
#7751=DIRECTION('ref_axis',(1.31647163406121E-15,-3.22658566531688E-16,
1.));
#7752=DIRECTION('',(-1.80534275952872E-15,-1.,-3.22658566531686E-16));
#7753=DIRECTION('center_axis',(-1.,1.80534275952871E-15,1.31647163406121E-15));
#7754=DIRECTION('ref_axis',(3.4568408794437E-16,0.707106781186548,-0.707106781186547));
#7755=DIRECTION('',(-1.31647163406121E-15,3.22658566531688E-16,-1.));
#7756=DIRECTION('',(1.80534275952872E-15,1.,3.22658566531686E-16));
#7757=DIRECTION('',(1.31647163406121E-15,-3.22658566531688E-16,1.));
#7758=DIRECTION('center_axis',(-2.01036102445193E-15,3.22658566531689E-16,
-1.));
#7759=DIRECTION('ref_axis',(1.,-1.80534275952871E-15,-2.01036102445193E-15));
#7760=DIRECTION('',(1.80534275952872E-15,1.,3.22658566531686E-16));
#7761=DIRECTION('',(-1.,1.63187041193103E-15,2.01036102445193E-15));
#7762=DIRECTION('center_axis',(-1.,1.63187041193103E-15,2.01036102445193E-15));
#7763=DIRECTION('ref_axis',(-2.67633278728976E-16,0.707106781186548,-0.707106781186547));
#7764=DIRECTION('center_axis',(1.,-1.80534275952871E-15,-1.31647163406121E-15));
#7765=DIRECTION('ref_axis',(3.4568408794437E-16,0.707106781186548,-0.707106781186547));
#7766=DIRECTION('',(1.,-1.63187041193103E-15,-2.01036102445193E-15));
#7767=DIRECTION('center_axis',(-1.80534275952872E-15,-1.,-3.22658566531686E-16));
#7768=DIRECTION('ref_axis',(0.707106781186549,-1.50472416803128E-15,0.707106781186546));
#7769=DIRECTION('center_axis',(1.9788151071264E-15,1.,3.22658566531685E-16));
#7770=DIRECTION('ref_axis',(0.707106781186549,-1.62738764136595E-15,0.707106781186546));
#7771=DIRECTION('center_axis',(-1.63187041193103E-15,-1.,-3.22658566531686E-16));
#7772=DIRECTION('ref_axis',(0.707106781186549,-1.3820606946966E-15,0.707106781186546));
#7773=DIRECTION('center_axis',(-1.9788151071264E-15,-1.,-3.22658566531685E-16));
#7774=DIRECTION('ref_axis',(-1.,1.9788151071264E-15,1.31647163406121E-15));
#7775=DIRECTION('',(-1.31647163406121E-15,3.22658566531688E-16,-1.));
#7776=DIRECTION('',(-1.31647163406121E-15,3.22658566531688E-16,-1.));
#7777=DIRECTION('center_axis',(-1.,1.80534275952871E-15,1.31647163406121E-15));
#7778=DIRECTION('ref_axis',(-1.31647163406121E-15,3.22658566531688E-16,
-1.));
#7779=DIRECTION('',(1.31647163406121E-15,-3.22658566531688E-16,1.));
#7780=DIRECTION('center_axis',(1.63187041193103E-15,1.,3.22658566531686E-16));
#7781=DIRECTION('ref_axis',(1.,-1.63187041193103E-15,-1.31647163406121E-15));
#7782=DIRECTION('',(-1.31647163406121E-15,3.22658566531688E-16,-1.));
#7783=DIRECTION('center_axis',(-1.63187041193103E-15,-1.,-3.22658566531686E-16));
#7784=DIRECTION('ref_axis',(-1.,1.63187041193103E-15,1.31647163406121E-15));
#7785=DIRECTION('',(-1.31647163406121E-15,3.22658566531688E-16,-1.));
#7786=DIRECTION('center_axis',(1.,-6.95119734903558E-16,-1.31647163406121E-15));
#7787=DIRECTION('ref_axis',(-6.95119734903558E-16,-1.,-3.22658566531687E-16));
#7788=DIRECTION('',(6.95119734903557E-16,1.,-9.53854712438682E-16));
#7789=DIRECTION('',(-1.31647163406121E-15,3.22658566531688E-16,-1.));
#7790=DIRECTION('',(-1.31647163406121E-15,3.22658566531688E-16,-1.));
#7791=DIRECTION('center_axis',(-1.31647163406121E-15,3.22658566531688E-16,
-1.));
#7792=DIRECTION('ref_axis',(1.,-4.17563978747271E-16,-1.31647163406121E-15));
#7793=DIRECTION('center_axis',(-1.31647163406121E-15,3.22658566531688E-16,
-1.));
#7794=DIRECTION('ref_axis',(-1.80534275952872E-15,-1.,-3.22658566531686E-16));
#7795=DIRECTION('center_axis',(5.55825555069304E-16,9.53854712438681E-16,
1.));
#7796=DIRECTION('ref_axis',(-1.80534275952872E-15,-1.,9.53854712438682E-16));
#7797=DIRECTION('',(-1.31647163406121E-15,3.22658566531688E-16,-1.));
#7798=DIRECTION('center_axis',(-2.49923214991944E-15,-1.,-3.22658566531685E-16));
#7799=DIRECTION('ref_axis',(-1.,2.49923214991944E-15,1.31647163406121E-15));
#7800=DIRECTION('',(1.,-2.49923214991944E-15,-5.55825555069302E-16));
#7801=DIRECTION('',(-1.31647163406121E-15,3.22658566531688E-16,-1.));
#7802=DIRECTION('center_axis',(-1.,2.91556578415387E-15,1.31647163406121E-15));
#7803=DIRECTION('ref_axis',(2.91556578415387E-15,1.,3.22658566531684E-16));
#7804=DIRECTION('',(-1.31647163406121E-15,3.22658566531688E-16,-1.));
#7805=DIRECTION('',(-1.31647163406121E-15,3.22658566531688E-16,-1.));
#7806=DIRECTION('',(2.91556578415387E-15,1.,-9.53854712438683E-16));
#7807=DIRECTION('center_axis',(1.31647163406121E-15,-3.22658566531688E-16,
1.));
#7808=DIRECTION('ref_axis',(1.,-3.19312154031016E-15,-1.31647163406121E-15));
#7809=DIRECTION('center_axis',(1.31647163406121E-15,-3.22658566531688E-16,
1.));
#7810=DIRECTION('ref_axis',(1.80534275952872E-15,1.,3.22658566531686E-16));
#7811=DIRECTION('center_axis',(5.55825555069304E-16,9.53854712438681E-16,
1.));
#7812=DIRECTION('ref_axis',(1.80534275952872E-15,1.,-9.53854712438682E-16));
#7813=DIRECTION('',(-1.31647163406121E-15,3.22658566531688E-16,-1.));
#7814=DIRECTION('center_axis',(-1.11145336913799E-15,-1.,-3.22658566531686E-16));
#7815=DIRECTION('ref_axis',(-1.,1.11145336913799E-15,1.31647163406121E-15));
#7816=DIRECTION('',(-1.,1.11145336913799E-15,5.55825555069303E-16));
#7817=DIRECTION('',(1.31647163406121E-15,-3.22658566531688E-16,1.));
#7818=DIRECTION('center_axis',(-1.,1.80534275952871E-15,1.31647163406121E-15));
#7819=DIRECTION('ref_axis',(-1.80534275952871E-15,-1.,-3.22658566531686E-16));
#7820=DIRECTION('',(1.80534275952871E-15,1.,-9.53854712438682E-16));
#7821=DIRECTION('center_axis',(1.,-2.91556578415387E-15,-1.31647163406121E-15));
#7822=DIRECTION('ref_axis',(-2.91556578415387E-15,-1.,-3.22658566531684E-16));
#7823=DIRECTION('',(-1.31647163406121E-15,3.22658566531688E-16,-1.));
#7824=DIRECTION('',(-1.31647163406121E-15,3.22658566531688E-16,-1.));
#7825=DIRECTION('',(-2.91556578415387E-15,-1.,-5.78188994709606E-16));
#7826=DIRECTION('center_axis',(1.31647163406121E-15,-3.22658566531688E-16,
1.));
#7827=DIRECTION('ref_axis',(-1.,3.19312154031016E-15,1.31647163406121E-15));
#7828=DIRECTION('center_axis',(1.31647163406121E-15,-3.22658566531688E-16,
1.));
#7829=DIRECTION('ref_axis',(-1.80534275952872E-15,-1.,-3.22658566531686E-16));
#7830=DIRECTION('center_axis',(-5.7847539475623E-16,-5.78188994709604E-16,
1.));
#7831=DIRECTION('ref_axis',(-1.80534275952872E-15,-1.,-5.78188994709605E-16));
#7832=DIRECTION('',(-1.31647163406121E-15,3.22658566531688E-16,-1.));
#7833=DIRECTION('center_axis',(1.11145336913799E-15,1.,3.22658566531686E-16));
#7834=DIRECTION('ref_axis',(1.,-1.11145336913799E-15,-1.31647163406121E-15));
#7835=DIRECTION('',(1.,-1.11145336913799E-15,5.78475394756229E-16));
#7836=DIRECTION('',(1.31647163406121E-15,-3.22658566531688E-16,1.));
#7837=DIRECTION('center_axis',(1.,-1.80534275952871E-15,-1.31647163406121E-15));
#7838=DIRECTION('ref_axis',(1.80534275952871E-15,1.,3.22658566531686E-16));
#7839=DIRECTION('',(-1.80534275952872E-15,-1.,-5.78188994709605E-16));
#7840=DIRECTION('center_axis',(-1.,6.95119734903558E-16,1.31647163406121E-15));
#7841=DIRECTION('ref_axis',(6.95119734903558E-16,1.,3.22658566531687E-16));
#7842=DIRECTION('',(-6.95119734903559E-16,-1.,-5.78188994709605E-16));
#7843=DIRECTION('',(-1.31647163406121E-15,3.22658566531688E-16,-1.));
#7844=DIRECTION('',(-1.31647163406121E-15,3.22658566531688E-16,-1.));
#7845=DIRECTION('center_axis',(-1.31647163406121E-15,3.22658566531688E-16,
-1.));
#7846=DIRECTION('ref_axis',(-1.,4.17563978747271E-16,1.31647163406121E-15));
#7847=DIRECTION('center_axis',(-1.31647163406121E-15,3.22658566531688E-16,
-1.));
#7848=DIRECTION('ref_axis',(1.80534275952872E-15,1.,3.22658566531686E-16));
#7849=DIRECTION('center_axis',(-5.7847539475623E-16,-5.78188994709604E-16,
1.));
#7850=DIRECTION('ref_axis',(1.80534275952872E-15,1.,5.78188994709605E-16));
#7851=DIRECTION('',(-1.31647163406121E-15,3.22658566531688E-16,-1.));
#7852=DIRECTION('center_axis',(2.49923214991944E-15,1.,3.22658566531685E-16));
#7853=DIRECTION('ref_axis',(1.,-2.49923214991944E-15,-1.31647163406121E-15));
#7854=DIRECTION('',(-1.,2.49923214991944E-15,-5.78475394756228E-16));
#7855=DIRECTION('',(-1.31647163406121E-15,3.22658566531688E-16,-1.));
#7856=DIRECTION('center_axis',(1.,-1.80534275952871E-15,-1.31647163406121E-15));
#7857=DIRECTION('ref_axis',(1.80534275952871E-15,1.,3.22658566531686E-16));
#7858=DIRECTION('',(-1.80534275952872E-15,-1.,-5.78188994709605E-16));
#7859=DIRECTION('center_axis',(-1.80534275952872E-15,-1.,-3.22658566531686E-16));
#7860=DIRECTION('ref_axis',(1.,-1.80534275952872E-15,-1.31647163406121E-15));
#7861=DIRECTION('',(1.31647163406121E-15,-3.22658566531688E-16,1.));
#7862=DIRECTION('',(-1.,1.80534275952872E-15,5.55825555069303E-16));
#7863=DIRECTION('center_axis',(-1.,1.80534275952871E-15,1.31647163406121E-15));
#7864=DIRECTION('ref_axis',(-1.80534275952871E-15,-1.,-3.22658566531686E-16));
#7865=DIRECTION('',(1.80534275952871E-15,1.,-9.53854712438682E-16));
#7866=DIRECTION('center_axis',(-2.47291998405558E-32,7.70371977754895E-34,
-1.));
#7867=DIRECTION('ref_axis',(1.,1.42742960308949E-16,-2.47291998405558E-32));
#7868=DIRECTION('center_axis',(2.47291998405558E-32,-7.70371977754895E-34,
1.));
#7869=DIRECTION('ref_axis',(1.,1.42742960308949E-16,-2.47291998405558E-32));
#7870=DIRECTION('',(2.47291998405558E-32,-7.70371977754895E-34,1.));
#7871=DIRECTION('center_axis',(-2.47291998405558E-32,7.70371977754895E-34,
-1.));
#7872=DIRECTION('ref_axis',(1.,1.42742960308949E-16,-2.47291998405558E-32));
#7873=DIRECTION('',(-2.47291998405558E-32,7.70371977754895E-34,-1.));
#7874=DIRECTION('center_axis',(2.47291998405558E-32,-7.70371977754895E-34,
1.));
#7875=DIRECTION('ref_axis',(1.,1.42742960308949E-16,-2.47291998405558E-32));
#7876=DIRECTION('center_axis',(-5.7847539475623E-16,-5.78188994709604E-16,
1.));
#7877=DIRECTION('ref_axis',(-5.55111512312577E-17,1.,5.78188994709604E-16));
#7878=DIRECTION('',(-5.55111512312577E-17,1.,5.78188994709604E-16));
#7879=DIRECTION('',(1.,5.55111512312574E-17,5.7847539475623E-16));
#7880=DIRECTION('',(5.55111512312577E-17,-1.,-5.78188994709604E-16));
#7881=DIRECTION('',(1.,5.55111512312574E-17,5.7847539475623E-16));
#7882=DIRECTION('center_axis',(5.55825555069304E-16,9.53854712438681E-16,
1.));
#7883=DIRECTION('ref_axis',(9.71445146547013E-17,-1.,9.53854712438681E-16));
#7884=DIRECTION('',(9.71445146547013E-17,-1.,9.53854712438681E-16));
#7885=DIRECTION('',(-1.,-9.71445146547008E-17,5.55825555069304E-16));
#7886=DIRECTION('',(-9.71445146547013E-17,1.,-9.53854712438681E-16));
#7887=DIRECTION('',(-1.,-9.71445146547008E-17,5.55825555069304E-16));
#7888=DIRECTION('center_axis',(0.,-1.,0.));
#7889=DIRECTION('ref_axis',(1.,0.,0.));
#7890=DIRECTION('',(1.,0.,0.));
#7891=DIRECTION('',(0.,0.,1.));
#7892=DIRECTION('',(1.,0.,0.));
#7893=DIRECTION('',(0.,0.,1.));
#7894=DIRECTION('center_axis',(-1.,-5.55111512312574E-17,-5.7847539475623E-16));
#7895=DIRECTION('ref_axis',(5.55111512312577E-17,-1.,-5.78188994709604E-16));
#7896=DIRECTION('',(-5.7847539475623E-16,-3.22658566531684E-16,1.));
#7897=DIRECTION('',(5.55111512312577E-17,-1.,-5.78188994709604E-16));
#7898=DIRECTION('',(-5.7847539475623E-16,-5.78188994709604E-16,1.));
#7899=DIRECTION('',(-5.42211898495961E-16,0.447288739503065,0.8943896150525));
#7900=DIRECTION('center_axis',(5.7847539475623E-16,5.78188994709604E-16,
-1.));
#7901=DIRECTION('ref_axis',(5.55111512312577E-17,-1.,-5.78188994709604E-16));
#7902=DIRECTION('',(-0.948710608132913,-0.316145823973807,-7.31597779694165E-16));
#7903=DIRECTION('',(-1.,-5.55111512312574E-17,-5.7847539475623E-16));
#7904=DIRECTION('center_axis',(5.7847539475623E-16,5.78188994709604E-16,
-1.));
#7905=DIRECTION('ref_axis',(5.55111512312577E-17,-1.,-5.78188994709604E-16));
#7906=DIRECTION('',(-1.,-5.55111512312574E-17,-5.7847539475623E-16));
#7907=DIRECTION('',(-5.55111512312577E-17,1.,5.78188994709604E-16));
#7908=DIRECTION('',(-1.,-5.55111512312574E-17,-5.7847539475623E-16));
#7909=DIRECTION('center_axis',(5.7847539475623E-16,5.78188994709604E-16,
-1.));
#7910=DIRECTION('ref_axis',(5.55111512312577E-17,-1.,-5.78188994709604E-16));
#7911=DIRECTION('',(-1.,-5.55111512312574E-17,-5.7847539475623E-16));
#7912=DIRECTION('center_axis',(1.,9.71445146547008E-17,-5.55825555069304E-16));
#7913=DIRECTION('ref_axis',(-9.71445146547013E-17,1.,-9.53854712438681E-16));
#7914=DIRECTION('',(-5.55825555069304E-16,3.22658566531687E-16,-1.));
#7915=DIRECTION('',(9.71445146547008E-17,-1.,0.));
#7916=DIRECTION('',(5.55825555069304E-16,7.22558248975107E-16,1.));
#7917=DIRECTION('',(-9.71445146547013E-17,1.,-9.53854712438681E-16));
#7918=DIRECTION('',(-9.71445146547013E-17,1.,-9.53854712438681E-16));
#7919=DIRECTION('center_axis',(-1.,-9.71445146547008E-17,5.55825555069304E-16));
#7920=DIRECTION('ref_axis',(3.24336474078866E-16,0.707106781186548,0.707106781186547));
#7921=DIRECTION('',(9.71445146547013E-17,-1.,9.53854712438681E-16));
#7922=DIRECTION('',(-4.53672956725239E-16,-0.447288739503066,-0.894389615052499));
#7923=DIRECTION('center_axis',(-5.55825555069304E-16,-1.09263259051683E-15,
-1.));
#7924=DIRECTION('ref_axis',(-9.71445146547014E-17,1.,-1.09263259051683E-15));
#7925=DIRECTION('',(-9.71445146547014E-17,1.,-1.09263259051683E-15));
#7926=DIRECTION('',(1.,9.71445146547008E-17,-5.55825555069304E-16));
#7927=DIRECTION('',(9.71445146547014E-17,-1.,1.09263259051683E-15));
#7928=DIRECTION('',(1.,9.71445146547008E-17,-5.55825555069304E-16));
#7929=DIRECTION('center_axis',(-5.55825555069304E-16,-1.09263259051683E-15,
-1.));
#7930=DIRECTION('ref_axis',(-9.71445146547014E-17,1.,-1.09263259051683E-15));
#7931=DIRECTION('',(1.,9.71445146547008E-17,-5.55825555069304E-16));
#7932=DIRECTION('',(-0.948710608132913,0.316145823973807,1.81886369736036E-16));
#7933=DIRECTION('center_axis',(-5.55825555069304E-16,-1.09263259051683E-15,
-1.));
#7934=DIRECTION('ref_axis',(-9.71445146547014E-17,1.,-1.09263259051683E-15));
#7935=DIRECTION('',(1.,9.71445146547008E-17,-5.55825555069304E-16));
#7936=DIRECTION('center_axis',(1.,9.71445146547008E-17,-5.55825555069304E-16));
#7937=DIRECTION('ref_axis',(-9.71445146547013E-17,1.,-9.53854712438681E-16));
#7938=DIRECTION('',(5.55825555069304E-16,-3.22658566531687E-16,1.));
#7939=DIRECTION('',(-9.71445146547013E-17,1.,-9.53854712438681E-16));
#7940=DIRECTION('',(5.55825555069304E-16,9.53854712438681E-16,1.));
#7941=DIRECTION('',(5.40576251744316E-16,-0.447288739503065,0.8943896150525));
#7942=DIRECTION('center_axis',(-5.55825555069304E-16,-9.53854712438681E-16,
-1.));
#7943=DIRECTION('ref_axis',(-9.71445146547013E-17,1.,-9.53854712438681E-16));
#7944=DIRECTION('',(0.948710608132901,0.316145823973845,-8.28874784380869E-16));
#7945=DIRECTION('',(1.,9.71445146547008E-17,-5.55825555069304E-16));
#7946=DIRECTION('center_axis',(-5.55825555069304E-16,-9.53854712438681E-16,
-1.));
#7947=DIRECTION('ref_axis',(-9.71445146547013E-17,1.,-9.53854712438681E-16));
#7948=DIRECTION('',(1.,9.71445146547008E-17,-5.55825555069304E-16));
#7949=DIRECTION('',(9.71445146547013E-17,-1.,9.53854712438681E-16));
#7950=DIRECTION('',(1.,9.71445146547008E-17,-5.55825555069304E-16));
#7951=DIRECTION('center_axis',(-5.55825555069304E-16,-9.53854712438681E-16,
-1.));
#7952=DIRECTION('ref_axis',(-9.71445146547013E-17,1.,-9.53854712438681E-16));
#7953=DIRECTION('',(1.,9.71445146547008E-17,-5.55825555069304E-16));
#7954=DIRECTION('center_axis',(-5.55111512312577E-17,1.,5.78188994709604E-16));
#7955=DIRECTION('ref_axis',(5.7847539475623E-16,5.78188994709604E-16,-1.));
#7956=DIRECTION('',(-1.,-5.55111512312574E-17,-5.7847539475623E-16));
#7957=DIRECTION('',(-5.7847539475623E-16,-5.78188994709604E-16,1.));
#7958=DIRECTION('',(-1.,-5.55111512312574E-17,-5.7847539475623E-16));
#7959=DIRECTION('',(-1.73506651421744E-15,5.78188994709604E-16,-1.));
#7960=DIRECTION('',(-1.,-5.55111512312574E-17,-5.7847539475623E-16));
#7961=DIRECTION('',(-1.,-5.55111512312574E-17,-5.7847539475623E-16));
#7962=DIRECTION('center_axis',(5.7847539475623E-16,7.16966872787749E-16,
-1.));
#7963=DIRECTION('ref_axis',(5.55111512312578E-17,-1.,-7.16966872787749E-16));
#7964=DIRECTION('',(5.55111512312578E-17,-1.,-7.16966872787749E-16));
#7965=DIRECTION('',(-1.,-5.55111512312574E-17,-5.7847539475623E-16));
#7966=DIRECTION('',(-5.55111512312578E-17,1.,7.16966872787749E-16));
#7967=DIRECTION('center_axis',(5.7847539475623E-16,7.16966872787749E-16,
-1.));
#7968=DIRECTION('ref_axis',(5.55111512312578E-17,-1.,-7.16966872787749E-16));
#7969=DIRECTION('',(0.948710608132901,-0.316145823973845,3.22139660789669E-16));
#7970=DIRECTION('center_axis',(-1.,-5.55111512312574E-17,-5.7847539475623E-16));
#7971=DIRECTION('ref_axis',(5.55111512312577E-17,-1.,-5.78188994709604E-16));
#7972=DIRECTION('',(5.7847539475623E-16,3.22658566531684E-16,-1.));
#7973=DIRECTION('',(-5.55111512312574E-17,1.,0.));
#7974=DIRECTION('',(-5.7847539475623E-16,-3.4689253124603E-16,1.));
#7975=DIRECTION('',(5.55111512312577E-17,-1.,-5.78188994709604E-16));
#7976=DIRECTION('',(5.55111512312577E-17,-1.,-5.78188994709604E-16));
#7977=DIRECTION('center_axis',(1.,5.55111512312574E-17,5.7847539475623E-16));
#7978=DIRECTION('ref_axis',(-3.69791562914601E-16,-0.707106781186548,0.707106781186547));
#7979=DIRECTION('',(-5.55111512312577E-17,1.,5.78188994709604E-16));
#7980=DIRECTION('',(4.92552872770774E-16,0.447288739503066,-0.8943896150525));
#7981=DIRECTION('center_axis',(5.55111512312578E-17,-1.,-8.02079807872879E-18));
#7982=DIRECTION('ref_axis',(1.,5.55111512312578E-17,-2.99936977415056E-18));
#7983=DIRECTION('',(-1.,-5.55111512312578E-17,0.));
#7984=DIRECTION('',(2.99936977415056E-18,-8.02079807872879E-18,1.));
#7985=DIRECTION('',(1.,5.55111512312579E-17,-2.99936977415056E-18));
#7986=DIRECTION('',(2.99936977415056E-18,-8.02079807872879E-18,1.));
#7987=DIRECTION('center_axis',(-0.934683683637503,-0.355480536094213,-4.77756118359137E-20));
#7988=DIRECTION('ref_axis',(0.355480536094213,-0.934683683637503,-8.56312666919864E-18));
#7989=DIRECTION('',(-0.355480536094213,0.934683683637503,0.));
#7990=DIRECTION('',(0.355480536094213,-0.934683683637503,-8.56312666919864E-18));
#7991=DIRECTION('',(2.99936977415056E-18,-8.02079807872879E-18,1.));
#7992=DIRECTION('center_axis',(2.99936977415056E-18,-8.02079807872879E-18,
1.));
#7993=DIRECTION('ref_axis',(-0.934683683637503,0.355480536094213,5.65469959002397E-18));
#7994=DIRECTION('center_axis',(0.,0.,-1.));
#7995=DIRECTION('ref_axis',(-0.934683683637503,0.355480536094213,0.));
#7996=DIRECTION('center_axis',(2.99936977415056E-18,-8.02079807872879E-18,
1.));
#7997=DIRECTION('ref_axis',(-0.934683683637503,0.355480536094213,5.65469959002397E-18));
#7998=DIRECTION('',(2.99936977415056E-18,-8.02079807872879E-18,1.));
#7999=DIRECTION('center_axis',(-0.934683683637503,0.355480536094213,5.65469959002397E-18));
#8000=DIRECTION('ref_axis',(-0.355480536094213,-0.934683683637503,-6.43069151867901E-18));
#8001=DIRECTION('',(0.355480536094213,0.934683683637503,0.));
#8002=DIRECTION('',(-0.355480536094213,-0.934683683637503,-6.43069151867901E-18));
#8003=DIRECTION('',(2.99936977415056E-18,-8.02079807872879E-18,1.));
#8004=DIRECTION('center_axis',(-5.55111512312578E-17,1.,8.02079807872879E-18));
#8005=DIRECTION('ref_axis',(-1.,-5.55111512312578E-17,2.99936977415056E-18));
#8006=DIRECTION('',(1.,5.55111512312578E-17,0.));
#8007=DIRECTION('',(-1.,-5.55111512312579E-17,2.99936977415056E-18));
#8008=DIRECTION('',(2.99936977415056E-18,-8.02079807872879E-18,1.));
#8009=DIRECTION('center_axis',(0.934683683637503,0.355480536094213,4.77756118359141E-20));
#8010=DIRECTION('ref_axis',(-0.355480536094213,0.934683683637503,8.56312666919864E-18));
#8011=DIRECTION('',(0.355480536094213,-0.934683683637503,0.));
#8012=DIRECTION('',(-0.355480536094213,0.934683683637503,8.56312666919864E-18));
#8013=DIRECTION('',(2.99936977415056E-18,-8.02079807872879E-18,1.));
#8014=DIRECTION('center_axis',(2.99936977415056E-18,-8.02079807872879E-18,
1.));
#8015=DIRECTION('ref_axis',(0.934683683637503,-0.355480536094212,-5.65469959002397E-18));
#8016=DIRECTION('center_axis',(0.,0.,-1.));
#8017=DIRECTION('ref_axis',(0.934683683637503,-0.355480536094212,0.));
#8018=DIRECTION('center_axis',(2.99936977415056E-18,-8.02079807872879E-18,
1.));
#8019=DIRECTION('ref_axis',(0.934683683637503,-0.355480536094212,-5.65469959002397E-18));
#8020=DIRECTION('',(2.99936977415056E-18,-8.02079807872879E-18,1.));
#8021=DIRECTION('center_axis',(0.934683683637503,-0.355480536094213,-5.65469959002397E-18));
#8022=DIRECTION('ref_axis',(0.355480536094213,0.934683683637503,6.43069151867901E-18));
#8023=DIRECTION('',(-0.355480536094213,-0.934683683637503,0.));
#8024=DIRECTION('',(0.355480536094213,0.934683683637503,6.43069151867901E-18));
#8025=DIRECTION('center_axis',(2.99936977415056E-18,-8.02079807872879E-18,
1.));
#8026=DIRECTION('ref_axis',(1.,5.55111512312579E-17,-2.99936977415056E-18));
#8027=DIRECTION('center_axis',(2.47291998405558E-32,-7.70371977754895E-34,
1.));
#8028=DIRECTION('ref_axis',(1.,-5.55111512312577E-17,-2.47291998405558E-32));
#8029=DIRECTION('',(1.,5.55111512312574E-17,5.7847539475623E-16));
#8030=DIRECTION('center_axis',(2.47291998405558E-32,-7.70371977754895E-34,
1.));
#8031=DIRECTION('ref_axis',(1.,-1.44328993201271E-15,-2.47291998405558E-32));
#8032=DIRECTION('',(-1.,1.4432899320127E-15,2.47291998405558E-32));
#8033=DIRECTION('',(5.55111512312577E-17,1.,7.70371977754894E-34));
#8034=DIRECTION('center_axis',(2.47291998405558E-32,-7.70371977754895E-34,
1.));
#8035=DIRECTION('ref_axis',(1.,1.33226762955018E-15,-2.47291998405558E-32));
#8036=DIRECTION('',(-1.,-2.22044604925031E-16,2.47291998405558E-32));
#8037=DIRECTION('center_axis',(2.47291998405558E-32,-7.70371977754895E-34,
1.));
#8038=DIRECTION('ref_axis',(-1.33226762955018E-15,1.,7.70371977754928E-34));
#8039=DIRECTION('',(-5.55111512312577E-17,-1.,-7.70371977754894E-34));
#8040=DIRECTION('',(-1.,5.55111512312577E-17,2.47291998405558E-32));
#8041=DIRECTION('center_axis',(2.47291998405558E-32,-7.70371977754895E-34,
1.));
#8042=DIRECTION('ref_axis',(-1.33226762955019E-15,1.,7.70371977754928E-34));
#8043=DIRECTION('',(-9.71445146547013E-17,1.,-9.53854712438681E-16));
#8044=DIRECTION('',(1.,9.71445146547008E-17,-5.55825555069304E-16));
#8045=DIRECTION('',(1.29526019539602E-16,-1.,-7.70371977754898E-34));
#8046=DIRECTION('',(-1.,-9.71445146547008E-17,5.55825555069304E-16));
#8047=DIRECTION('center_axis',(2.47291998405558E-32,-7.70371977754895E-34,
1.));
#8048=DIRECTION('ref_axis',(-1.,-1.33226762955018E-15,2.47291998405558E-32));
#8049=DIRECTION('',(8.8052170918547E-17,-1.,-7.70371977754897E-34));
#8050=DIRECTION('',(-1.,5.55111512312577E-17,2.47291998405558E-32));
#8051=DIRECTION('',(-1.42742960308949E-16,1.,7.70371977754899E-34));
#8052=DIRECTION('center_axis',(-2.47291998405558E-32,7.70371977754895E-34,
-1.));
#8053=DIRECTION('ref_axis',(0.707106781186548,0.707106781186547,-1.69414496510677E-32));
#8054=DIRECTION('',(-1.,5.55111512312577E-17,2.47291998405558E-32));
#8055=DIRECTION('center_axis',(-2.47291998405558E-32,7.70371977754895E-34,
-1.));
#8056=DIRECTION('ref_axis',(-1.,5.55111512312577E-17,2.47291998405558E-32));
#8057=DIRECTION('',(5.55111512312577E-17,1.,7.70371977754894E-34));
#8058=DIRECTION('center_axis',(-2.47291998405558E-32,7.70371977754895E-34,
-1.));
#8059=DIRECTION('ref_axis',(5.55111512312577E-17,1.,7.70371977754894E-34));
#8060=DIRECTION('',(1.,-1.54638207001361E-16,-2.47291998405558E-32));
#8061=DIRECTION('center_axis',(-2.47291998405558E-32,7.70371977754895E-34,
-1.));
#8062=DIRECTION('ref_axis',(1.,-5.55111512312577E-17,-2.47291998405558E-32));
#8063=DIRECTION('',(-5.55111512312577E-17,-1.,-7.70371977754894E-34));
#8064=DIRECTION('center_axis',(-2.47291998405558E-32,7.70371977754895E-34,
-1.));
#8065=DIRECTION('ref_axis',(-5.55111512312577E-17,-1.,-7.70371977754894E-34));
#8066=DIRECTION('',(-1.,5.55111512312577E-17,2.47291998405558E-32));
#8067=DIRECTION('center_axis',(-2.47291998405558E-32,7.70371977754895E-34,
-1.));
#8068=DIRECTION('ref_axis',(-0.707106781186548,0.707106781186547,1.80309201500809E-32));
#8069=DIRECTION('',(-2.53765262771464E-16,-1.,-7.70371977754889E-34));
#8070=DIRECTION('',(1.,-5.55111512312577E-17,-2.47291998405558E-32));
#8071=DIRECTION('',(1.99074473381062E-16,1.,7.7037197775489E-34));
#8072=DIRECTION('center_axis',(2.47291998405558E-32,-7.70371977754895E-34,
1.));
#8073=DIRECTION('ref_axis',(-1.44328993201271E-15,-1.,-7.70371977754859E-34));
#8074=DIRECTION('',(5.55111512312577E-17,-1.,-5.78188994709604E-16));
#8075=DIRECTION('',(-1.,-5.55111512312574E-17,-5.7847539475623E-16));
#8076=DIRECTION('',(5.55111512312577E-17,1.,7.70371977754894E-34));
#8077=DIRECTION('center_axis',(-1.,-8.8052170918547E-17,2.47291998405558E-32));
#8078=DIRECTION('ref_axis',(-8.8052170918547E-17,1.,7.70371977754897E-34));
#8079=DIRECTION('',(7.66582564622133E-17,-1.,-7.70371977754897E-34));
#8080=DIRECTION('',(-8.8052170918547E-17,1.,7.70371977754897E-34));
#8081=DIRECTION('',(2.47291998405558E-32,-7.70371977754895E-34,1.));
#8082=DIRECTION('center_axis',(2.47291998405558E-32,-7.70371977754895E-34,
1.));
#8083=DIRECTION('ref_axis',(1.,-5.55111512312577E-17,-2.47291998405558E-32));
#8084=DIRECTION('',(5.84188782005142E-16,1.,7.7037197775488E-34));
#8085=DIRECTION('center_axis',(1.,-1.99074473381062E-16,-2.47291998405558E-32));
#8086=DIRECTION('ref_axis',(-1.99074473381062E-16,-1.,-7.7037197775489E-34));
#8087=DIRECTION('',(-2.47291998405558E-32,7.70371977754895E-34,-1.));
#8088=DIRECTION('',(-1.99074473381062E-16,-1.,-7.7037197775489E-34));
#8089=DIRECTION('center_axis',(1.,1.17961196366423E-16,-2.47291998405558E-32));
#8090=DIRECTION('ref_axis',(-1.17961196366423E-16,1.,7.70371977754898E-34));
#8091=DIRECTION('',(-1.99074473381062E-16,-1.,-7.7037197775489E-34));
#8092=DIRECTION('',(2.47291998405558E-32,-7.70371977754895E-34,1.));
#8093=DIRECTION('',(1.17961196366423E-16,-1.,-7.70371977754898E-34));
#8094=DIRECTION('center_axis',(-5.55111512312577E-17,-1.,-7.70371977754894E-34));
#8095=DIRECTION('ref_axis',(1.,-5.55111512312577E-17,-2.47291998405558E-32));
#8096=DIRECTION('',(-1.,5.55111512312577E-17,2.47291998405558E-32));
#8097=DIRECTION('',(2.47291998405558E-32,-7.70371977754895E-34,1.));
#8098=DIRECTION('center_axis',(-1.,2.53765262771464E-16,2.47291998405558E-32));
#8099=DIRECTION('ref_axis',(2.53765262771464E-16,1.,7.70371977754889E-34));
#8100=DIRECTION('',(2.47291998405558E-32,-7.70371977754895E-34,1.));
#8101=DIRECTION('',(2.53765262771464E-16,1.,7.70371977754889E-34));
#8102=DIRECTION('center_axis',(1.,-2.28983498828938E-16,-2.47291998405558E-32));
#8103=DIRECTION('ref_axis',(2.28983498828938E-16,1.,7.70371977754889E-34));
#8104=DIRECTION('',(-2.28983498828938E-16,-1.,-7.70371977754889E-34));
#8105=DIRECTION('',(2.47291998405558E-32,-7.70371977754895E-34,1.));
#8106=DIRECTION('',(-8.8052170918547E-17,1.,7.70371977754897E-34));
#8107=DIRECTION('center_axis',(5.55111512312577E-17,1.,7.70371977754894E-34));
#8108=DIRECTION('ref_axis',(-1.,5.55111512312577E-17,2.47291998405558E-32));
#8109=DIRECTION('',(1.,-5.55111512312577E-17,-2.47291998405558E-32));
#8110=DIRECTION('',(-2.47291998405558E-32,7.70371977754895E-34,-1.));
#8111=DIRECTION('center_axis',(-1.,-1.42742960308949E-16,2.47291998405558E-32));
#8112=DIRECTION('ref_axis',(-1.42742960308949E-16,1.,7.70371977754899E-34));
#8113=DIRECTION('',(1.42742960308949E-16,-1.,-7.70371977754899E-34));
#8114=DIRECTION('',(-2.47291998405558E-32,7.70371977754895E-34,-1.));
#8115=DIRECTION('center_axis',(2.47291998405558E-32,-7.70371977754895E-34,
1.));
#8116=DIRECTION('ref_axis',(1.,-5.55111512312577E-17,-2.47291998405558E-32));
#8117=DIRECTION('center_axis',(2.47291998405558E-32,-7.70371977754895E-34,
1.));
#8118=DIRECTION('ref_axis',(-0.707106781186548,0.707106781186547,1.80309201500809E-32));
#8119=DIRECTION('',(-2.47291998405558E-32,7.70371977754895E-34,-1.));
#8120=DIRECTION('center_axis',(2.47291998405558E-32,-7.70371977754895E-34,
1.));
#8121=DIRECTION('ref_axis',(-0.707106781186548,0.707106781186547,1.80309201500809E-32));
#8122=DIRECTION('center_axis',(2.47291998405558E-32,-7.70371977754895E-34,
1.));
#8123=DIRECTION('ref_axis',(1.,-5.55111512312577E-17,-2.47291998405558E-32));
#8124=DIRECTION('center_axis',(2.47291998405558E-32,-7.70371977754895E-34,
1.));
#8125=DIRECTION('ref_axis',(-1.,-1.33226762955018E-15,2.47291998405558E-32));
#8126=DIRECTION('',(1.29526019539602E-16,-1.,-7.70371977754898E-34));
#8127=DIRECTION('center_axis',(2.47291998405558E-32,-7.70371977754895E-34,
1.));
#8128=DIRECTION('ref_axis',(-1.33226762955019E-15,1.,7.70371977754928E-34));
#8129=DIRECTION('',(-1.,5.55111512312577E-17,2.47291998405558E-32));
#8130=DIRECTION('',(-5.55111512312577E-17,-1.,-7.70371977754894E-34));
#8131=DIRECTION('center_axis',(2.47291998405558E-32,-7.70371977754895E-34,
1.));
#8132=DIRECTION('ref_axis',(-1.33226762955018E-15,1.,7.70371977754928E-34));
#8133=DIRECTION('',(-1.,-2.22044604925031E-16,2.47291998405558E-32));
#8134=DIRECTION('center_axis',(2.47291998405558E-32,-7.70371977754895E-34,
1.));
#8135=DIRECTION('ref_axis',(1.,1.33226762955018E-15,-2.47291998405558E-32));
#8136=DIRECTION('',(5.55111512312577E-17,1.,7.70371977754894E-34));
#8137=DIRECTION('',(-1.,1.4432899320127E-15,2.47291998405558E-32));
#8138=DIRECTION('center_axis',(2.47291998405558E-32,-7.70371977754895E-34,
1.));
#8139=DIRECTION('ref_axis',(1.,-1.44328993201271E-15,-2.47291998405558E-32));
#8140=DIRECTION('',(5.55111512312577E-17,1.,7.70371977754894E-34));
#8141=DIRECTION('center_axis',(2.47291998405558E-32,-7.70371977754895E-34,
1.));
#8142=DIRECTION('ref_axis',(-1.44328993201271E-15,-1.,-7.70371977754859E-34));
#8143=DIRECTION('',(1.,-5.55111512312577E-17,-2.47291998405558E-32));
#8144=DIRECTION('center_axis',(2.47291998405558E-32,-7.70371977754895E-34,
1.));
#8145=DIRECTION('ref_axis',(-5.55111512312577E-17,-1.,-7.70371977754894E-34));
#8146=DIRECTION('',(5.55111512312577E-17,1.,7.70371977754894E-34));
#8147=DIRECTION('center_axis',(2.47291998405558E-32,-7.70371977754895E-34,
1.));
#8148=DIRECTION('ref_axis',(1.,-5.55111512312577E-17,-2.47291998405558E-32));
#8149=DIRECTION('',(-1.,1.54638207001361E-16,2.47291998405558E-32));
#8150=DIRECTION('center_axis',(2.47291998405558E-32,-7.70371977754895E-34,
1.));
#8151=DIRECTION('ref_axis',(5.55111512312577E-17,1.,7.70371977754894E-34));
#8152=DIRECTION('',(-5.55111512312577E-17,-1.,-7.70371977754894E-34));
#8153=DIRECTION('center_axis',(2.47291998405558E-32,-7.70371977754895E-34,
1.));
#8154=DIRECTION('ref_axis',(-1.,5.55111512312577E-17,2.47291998405558E-32));
#8155=DIRECTION('',(1.,-5.55111512312577E-17,-2.47291998405558E-32));
#8156=DIRECTION('center_axis',(2.47291998405558E-32,-7.70371977754895E-34,
1.));
#8157=DIRECTION('ref_axis',(0.707106781186548,0.707106781186547,-1.69414496510677E-32));
#8158=DIRECTION('center_axis',(-2.47291998405558E-32,7.70371977754895E-34,
-1.));
#8159=DIRECTION('ref_axis',(0.707106781186548,0.707106781186547,-1.69414496510677E-32));
#8160=DIRECTION('',(2.47291998405558E-32,-7.70371977754895E-34,1.));
#8161=DIRECTION('center_axis',(-5.55111512312577E-17,-1.,-7.70371977754894E-34));
#8162=DIRECTION('ref_axis',(-1.,5.55111512312577E-17,2.47291998405558E-32));
#8163=DIRECTION('',(-2.47291998405558E-32,7.70371977754895E-34,-1.));
#8164=DIRECTION('center_axis',(1.54638207001361E-16,1.,7.70371977754891E-34));
#8165=DIRECTION('ref_axis',(1.,-1.54638207001361E-16,-2.47291998405558E-32));
#8166=DIRECTION('',(-2.47291998405558E-32,7.70371977754895E-34,-1.));
#8167=DIRECTION('',(-2.47291998405558E-32,7.70371977754895E-34,-1.));
#8168=DIRECTION('center_axis',(-2.47291998405558E-32,7.70371977754895E-34,
-1.));
#8169=DIRECTION('ref_axis',(5.55111512312577E-17,1.,7.70371977754894E-34));
#8170=DIRECTION('',(-2.47291998405558E-32,7.70371977754895E-34,-1.));
#8171=DIRECTION('center_axis',(-1.,5.55111512312577E-17,2.47291998405558E-32));
#8172=DIRECTION('ref_axis',(5.55111512312577E-17,1.,7.70371977754894E-34));
#8173=DIRECTION('',(-2.47291998405558E-32,7.70371977754895E-34,-1.));
#8174=DIRECTION('center_axis',(-2.47291998405558E-32,7.70371977754895E-34,
-1.));
#8175=DIRECTION('ref_axis',(-1.,5.55111512312577E-17,2.47291998405558E-32));
#8176=DIRECTION('',(-2.47291998405558E-32,7.70371977754895E-34,-1.));
#8177=DIRECTION('center_axis',(-5.55111512312577E-17,-1.,-7.70371977754894E-34));
#8178=DIRECTION('ref_axis',(-1.,5.55111512312577E-17,2.47291998405558E-32));
#8179=DIRECTION('center_axis',(-2.47291998405558E-32,7.70371977754895E-34,
-1.));
#8180=DIRECTION('ref_axis',(-5.55111512312577E-17,-1.,-7.70371977754894E-34));
#8181=DIRECTION('',(-2.47291998405558E-32,7.70371977754895E-34,-1.));
#8182=DIRECTION('center_axis',(1.,-5.55111512312577E-17,-2.47291998405558E-32));
#8183=DIRECTION('ref_axis',(-5.55111512312577E-17,-1.,-7.70371977754894E-34));
#8184=DIRECTION('',(-2.47291998405558E-32,7.70371977754895E-34,-1.));
#8185=DIRECTION('center_axis',(-2.47291998405558E-32,7.70371977754895E-34,
-1.));
#8186=DIRECTION('ref_axis',(1.,-5.55111512312577E-17,-2.47291998405558E-32));
#8187=DIRECTION('center_axis',(-1.,5.55111512312577E-17,2.47291998405558E-32));
#8188=DIRECTION('ref_axis',(-5.55111512312577E-17,-1.,-7.70371977754894E-34));
#8189=DIRECTION('',(2.47291998405558E-32,-7.70371977754895E-34,1.));
#8190=DIRECTION('',(2.47291998405558E-32,-7.70371977754895E-34,1.));
#8191=DIRECTION('center_axis',(2.47291998405558E-32,-7.70371977754895E-34,
1.));
#8192=DIRECTION('ref_axis',(-1.33226762955018E-15,1.,7.70371977754928E-34));
#8193=DIRECTION('',(2.47291998405558E-32,-7.70371977754895E-34,1.));
#8194=DIRECTION('center_axis',(-2.22044604925031E-16,1.,7.703719777549E-34));
#8195=DIRECTION('ref_axis',(-1.,-2.22044604925031E-16,2.47291998405558E-32));
#8196=DIRECTION('',(2.47291998405558E-32,-7.70371977754895E-34,1.));
#8197=DIRECTION('center_axis',(2.47291998405558E-32,-7.70371977754895E-34,
1.));
#8198=DIRECTION('ref_axis',(1.,1.33226762955018E-15,-2.47291998405558E-32));
#8199=DIRECTION('',(2.47291998405558E-32,-7.70371977754895E-34,1.));
#8200=DIRECTION('center_axis',(1.,-5.55111512312577E-17,-2.47291998405558E-32));
#8201=DIRECTION('ref_axis',(5.55111512312577E-17,1.,7.70371977754894E-34));
#8202=DIRECTION('',(2.47291998405558E-32,-7.70371977754895E-34,1.));
#8203=DIRECTION('center_axis',(1.4432899320127E-15,1.,7.70371977754859E-34));
#8204=DIRECTION('ref_axis',(-1.,1.4432899320127E-15,2.47291998405558E-32));
#8205=DIRECTION('',(2.47291998405558E-32,-7.70371977754895E-34,1.));
#8206=DIRECTION('center_axis',(2.47291998405558E-32,-7.70371977754895E-34,
1.));
#8207=DIRECTION('ref_axis',(1.,-1.44328993201271E-15,-2.47291998405558E-32));
#8208=DIRECTION('center_axis',(-5.7847539475623E-16,-5.78188994709604E-16,
1.));
#8209=DIRECTION('ref_axis',(1.,-1.44328993201271E-15,5.78475394756229E-16));
#8210=DIRECTION('',(2.47291998405558E-32,-7.70371977754895E-34,1.));
#8211=DIRECTION('center_axis',(1.,-5.55111512312577E-17,-2.47291998405558E-32));
#8212=DIRECTION('ref_axis',(5.55111512312577E-17,1.,7.70371977754894E-34));
#8213=DIRECTION('',(5.55111512312577E-17,1.,5.78188994709604E-16));
#8214=DIRECTION('',(5.55111512312577E-17,1.,5.78188994709604E-16));
#8215=DIRECTION('',(2.47291998405558E-32,-7.70371977754895E-34,1.));
#8216=DIRECTION('center_axis',(2.47291998405558E-32,-7.70371977754895E-34,
1.));
#8217=DIRECTION('ref_axis',(-1.44328993201271E-15,-1.,-7.70371977754859E-34));
#8218=DIRECTION('center_axis',(-5.7847539475623E-16,-5.78188994709604E-16,
1.));
#8219=DIRECTION('ref_axis',(-1.44328993201271E-15,-1.,-5.78188994709605E-16));
#8220=DIRECTION('center_axis',(2.47291998405558E-32,-7.70371977754895E-34,
1.));
#8221=DIRECTION('ref_axis',(-1.,-1.33226762955018E-15,2.47291998405558E-32));
#8222=DIRECTION('center_axis',(5.55825555069304E-16,9.53854712438681E-16,
1.));
#8223=DIRECTION('ref_axis',(-1.,-1.33226762955018E-15,5.55825555069305E-16));
#8224=DIRECTION('',(2.47291998405558E-32,-7.70371977754895E-34,1.));
#8225=DIRECTION('center_axis',(-1.,-1.29526019539602E-16,2.47291998405558E-32));
#8226=DIRECTION('ref_axis',(1.29526019539602E-16,-1.,-7.70371977754898E-34));
#8227=DIRECTION('',(1.29526019539602E-16,-1.,9.53854712438681E-16));
#8228=DIRECTION('',(1.29526019539602E-16,-1.,9.53854712438681E-16));
#8229=DIRECTION('',(2.47291998405558E-32,-7.70371977754895E-34,1.));
#8230=DIRECTION('center_axis',(2.47291998405558E-32,-7.70371977754895E-34,
1.));
#8231=DIRECTION('ref_axis',(-1.33226762955019E-15,1.,7.70371977754928E-34));
#8232=DIRECTION('center_axis',(5.55825555069304E-16,9.53854712438681E-16,
1.));
#8233=DIRECTION('ref_axis',(-1.33226762955019E-15,1.,-9.5385471243868E-16));
#8234=DIRECTION('',(2.47291998405558E-32,-7.70371977754895E-34,1.));
#8235=DIRECTION('center_axis',(5.55111512312577E-17,1.,7.70371977754894E-34));
#8236=DIRECTION('ref_axis',(-1.,5.55111512312577E-17,2.47291998405558E-32));
#8237=DIRECTION('center_axis',(-5.7847539475623E-16,-5.78188994709604E-16,
1.));
#8238=DIRECTION('ref_axis',(5.55111512312577E-17,-1.,-5.78188994709604E-16));
#8239=DIRECTION('',(1.,5.55111512312574E-17,5.7847539475623E-16));
#8240=DIRECTION('',(5.55111512312577E-17,-1.,-5.78188994709604E-16));
#8241=DIRECTION('',(1.,5.55111512312574E-17,5.7847539475623E-16));
#8242=DIRECTION('center_axis',(5.55825555069304E-16,9.53854712438681E-16,
1.));
#8243=DIRECTION('ref_axis',(-9.71445146547013E-17,1.,-9.53854712438681E-16));
#8244=DIRECTION('',(-1.,-9.71445146547008E-17,5.55825555069304E-16));
#8245=DIRECTION('',(-9.71445146547013E-17,1.,-9.53854712438681E-16));
#8246=DIRECTION('',(-1.,-9.71445146547008E-17,5.55825555069304E-16));
#8247=DIRECTION('center_axis',(-9.71445146547003E-17,1.,-1.06950294417047E-15));
#8248=DIRECTION('ref_axis',(8.17529160645018E-16,-1.06950294417047E-15,
-1.));
#8249=DIRECTION('',(-8.17529160645018E-16,1.06950294417047E-15,1.));
#8250=DIRECTION('',(-1.,-9.71445146547011E-17,-8.17529160645018E-16));
#8251=DIRECTION('',(8.17529160645018E-16,-1.06950294417047E-15,-1.));
#8252=DIRECTION('',(-1.,-9.71445146547011E-17,-8.17529160645018E-16));
#8253=DIRECTION('center_axis',(9.71445146547003E-17,-1.,1.06950294417047E-15));
#8254=DIRECTION('ref_axis',(-8.17529160645018E-16,1.06950294417047E-15,
1.));
#8255=DIRECTION('',(8.17529160645018E-16,-1.06950294417047E-15,-1.));
#8256=DIRECTION('',(-1.,-9.71445146547011E-17,-8.17529160645018E-16));
#8257=DIRECTION('',(-8.17529160645018E-16,1.06950294417047E-15,1.));
#8258=DIRECTION('',(-1.,-9.71445146547011E-17,-8.17529160645018E-16));
#8259=DIRECTION('center_axis',(-1.,-9.71445146547011E-17,-8.17529160645018E-16));
#8260=DIRECTION('ref_axis',(9.71445146547004E-17,-1.,8.38206480706895E-16));
#8261=DIRECTION('',(-9.71445146547003E-17,1.,-9.76984358785039E-16));
#8262=DIRECTION('',(9.71445146547004E-17,-1.,8.38206480706895E-16));
#8263=DIRECTION('center_axis',(-1.,-9.71445146547011E-17,-8.17529160645018E-16));
#8264=DIRECTION('ref_axis',(9.71445146547004E-17,-1.,8.38206480706895E-16));
#8265=DIRECTION('',(9.71445146547003E-17,-1.,9.53854712438682E-16));
#8266=DIRECTION('',(-8.17529160645018E-16,6.0691001724332E-16,1.));
#8267=DIRECTION('',(-9.71445146547004E-17,1.,-8.38206480706895E-16));
#8268=DIRECTION('center_axis',(8.17529160645018E-16,-9.53854712438682E-16,
-1.));
#8269=DIRECTION('ref_axis',(9.71445146547003E-17,-1.,9.53854712438682E-16));
#8270=DIRECTION('',(9.71445146547013E-17,-1.,9.53854712438681E-16));
#8271=DIRECTION('',(-1.,-9.71445146547011E-17,-8.17529160645018E-16));
#8272=DIRECTION('',(9.71445146547003E-17,-1.,9.53854712438682E-16));
#8273=DIRECTION('',(-1.,-9.71445146547011E-17,-8.17529160645018E-16));
#8274=DIRECTION('center_axis',(-9.71445146547003E-17,1.,-1.06950294417047E-15));
#8275=DIRECTION('ref_axis',(8.17529160645018E-16,-1.06950294417047E-15,
-1.));
#8276=DIRECTION('',(5.55825555069304E-16,1.06950294417047E-15,1.));
#8277=DIRECTION('',(8.17529160645018E-16,-1.06950294417047E-15,-1.));
#8278=DIRECTION('',(-1.,-9.71445146547011E-17,-8.17529160645018E-16));
#8279=DIRECTION('center_axis',(-8.17529160645018E-16,8.38206480706895E-16,
1.));
#8280=DIRECTION('ref_axis',(-9.71445146547004E-17,1.,-8.38206480706895E-16));
#8281=DIRECTION('',(9.71445146547012E-17,-1.,8.38206480706895E-16));
#8282=DIRECTION('',(-9.71445146547004E-17,1.,-8.38206480706895E-16));
#8283=DIRECTION('',(-1.,-9.71445146547011E-17,-8.17529160645018E-16));
#8284=DIRECTION('center_axis',(9.71445146547006E-17,-1.,6.0691001724332E-16));
#8285=DIRECTION('ref_axis',(-8.17529160645018E-16,6.0691001724332E-16,1.));
#8286=DIRECTION('',(-5.55825555069304E-16,-6.0691001724332E-16,-1.));
#8287=DIRECTION('center_axis',(-1.,-9.71445146547011E-17,-8.17529160645018E-16));
#8288=DIRECTION('ref_axis',(9.71445146547004E-17,-1.,8.38206480706895E-16));
#8289=DIRECTION('center_axis',(-1.,-9.71445146547008E-17,5.55825555069304E-16));
#8290=DIRECTION('ref_axis',(9.71445146547013E-17,-1.,9.53854712438681E-16));
#8291=DIRECTION('',(9.71445146547013E-17,-1.,9.53854712438681E-16));
#8292=DIRECTION('',(5.55825555069304E-16,9.53854712438681E-16,1.));
#8293=DIRECTION('',(5.55825555069304E-16,9.53854712438681E-16,1.));
#8294=DIRECTION('',(4.53672956725239E-16,0.447288739503066,0.894389615052499));
#8295=DIRECTION('',(-9.71445146547013E-17,1.,-9.53854712438681E-16));
#8296=DIRECTION('center_axis',(1.,9.71445146547008E-17,-5.55825555069304E-16));
#8297=DIRECTION('ref_axis',(3.24336474078866E-16,0.707106781186548,0.707106781186547));
#8298=DIRECTION('',(-5.55825555069304E-16,-1.30079940763404E-15,-1.));
#8299=DIRECTION('',(-9.71445146547014E-17,1.,-1.05298176820878E-15));
#8300=DIRECTION('',(5.55825555069304E-16,1.18515117590226E-15,1.));
#8301=DIRECTION('center_axis',(1.,9.71445146547008E-17,-5.55825555069304E-16));
#8302=DIRECTION('ref_axis',(4.61719564213697E-16,-0.707106781186547,0.707106781186548));
#8303=DIRECTION('',(-5.40576251744316E-16,0.447288739503065,-0.8943896150525));
#8304=DIRECTION('',(-5.55825555069304E-16,-9.53854712438681E-16,-1.));
#8305=DIRECTION('',(-5.55825555069304E-16,-9.53854712438681E-16,-1.));
#8306=DIRECTION('',(9.71445146547013E-17,-1.,9.53854712438681E-16));
#8307=DIRECTION('',(5.55825555069304E-16,1.06950294417047E-15,1.));
#8308=DIRECTION('',(9.71445146547012E-17,-1.,8.38206480706894E-16));
#8309=DIRECTION('',(-5.55825555069304E-16,-6.0691001724332E-16,-1.));
#8310=DIRECTION('',(9.71445146547013E-17,-1.,9.53854712438681E-16));
#8311=DIRECTION('center_axis',(-9.71445146547011E-17,1.,-1.06950294417047E-15));
#8312=DIRECTION('ref_axis',(7.88599473971543E-16,-1.06950294417047E-15,
-1.));
#8313=DIRECTION('',(-7.88599473971543E-16,1.06950294417047E-15,1.));
#8314=DIRECTION('',(-1.,-9.7144514654702E-17,-7.88599473971543E-16));
#8315=DIRECTION('',(7.88599473971543E-16,-1.06950294417047E-15,-1.));
#8316=DIRECTION('',(-1.,-9.7144514654702E-17,-7.88599473971543E-16));
#8317=DIRECTION('center_axis',(9.71445146547011E-17,-1.,1.06950294417047E-15));
#8318=DIRECTION('ref_axis',(-7.88599473971543E-16,1.06950294417047E-15,
1.));
#8319=DIRECTION('',(7.88599473971543E-16,-1.06950294417047E-15,-1.));
#8320=DIRECTION('',(-1.,-9.7144514654702E-17,-7.88599473971543E-16));
#8321=DIRECTION('',(-7.88599473971543E-16,1.06950294417047E-15,1.));
#8322=DIRECTION('',(-1.,-9.7144514654702E-17,-7.88599473971543E-16));
#8323=DIRECTION('center_axis',(-1.,-9.7144514654702E-17,-7.88599473971543E-16));
#8324=DIRECTION('ref_axis',(9.71445146547013E-17,-1.,8.38206480706894E-16));
#8325=DIRECTION('',(-9.71445146547012E-17,1.,-9.76984358785038E-16));
#8326=DIRECTION('',(9.71445146547013E-17,-1.,8.38206480706894E-16));
#8327=DIRECTION('center_axis',(-1.,-9.7144514654702E-17,-7.88599473971543E-16));
#8328=DIRECTION('ref_axis',(9.71445146547013E-17,-1.,8.38206480706894E-16));
#8329=DIRECTION('',(9.71445146547012E-17,-1.,9.53854712438681E-16));
#8330=DIRECTION('',(-7.88599473971543E-16,6.06910017243319E-16,1.));
#8331=DIRECTION('',(-9.71445146547013E-17,1.,-8.38206480706894E-16));
#8332=DIRECTION('center_axis',(7.88599473971543E-16,-9.53854712438681E-16,
-1.));
#8333=DIRECTION('ref_axis',(9.71445146547012E-17,-1.,9.53854712438681E-16));
#8334=DIRECTION('',(9.71445146547013E-17,-1.,9.53854712438681E-16));
#8335=DIRECTION('',(-1.,-9.7144514654702E-17,-7.88599473971543E-16));
#8336=DIRECTION('',(9.71445146547012E-17,-1.,9.53854712438681E-16));
#8337=DIRECTION('',(-1.,-9.7144514654702E-17,-7.88599473971543E-16));
#8338=DIRECTION('center_axis',(-9.71445146547011E-17,1.,-1.06950294417047E-15));
#8339=DIRECTION('ref_axis',(7.88599473971543E-16,-1.06950294417047E-15,
-1.));
#8340=DIRECTION('',(7.88599473971543E-16,-1.06950294417047E-15,-1.));
#8341=DIRECTION('',(-1.,-9.7144514654702E-17,-7.88599473971543E-16));
#8342=DIRECTION('center_axis',(-7.88599473971543E-16,8.38206480706894E-16,
1.));
#8343=DIRECTION('ref_axis',(-9.71445146547013E-17,1.,-8.38206480706894E-16));
#8344=DIRECTION('',(-9.71445146547013E-17,1.,-8.38206480706894E-16));
#8345=DIRECTION('',(-1.,-9.7144514654702E-17,-7.88599473971543E-16));
#8346=DIRECTION('center_axis',(9.71445146547015E-17,-1.,6.06910017243319E-16));
#8347=DIRECTION('ref_axis',(-7.88599473971543E-16,6.06910017243319E-16,
1.));
#8348=DIRECTION('center_axis',(-1.,-9.7144514654702E-17,-7.88599473971543E-16));
#8349=DIRECTION('ref_axis',(9.71445146547013E-17,-1.,8.38206480706894E-16));
#8350=DIRECTION('center_axis',(-5.55111512312578E-17,1.,8.09485458173178E-16));
#8351=DIRECTION('ref_axis',(-1.10427510708578E-15,-8.09485458173178E-16,
1.));
#8352=DIRECTION('',(1.10427510708578E-15,8.09485458173179E-16,-1.));
#8353=DIRECTION('',(1.,5.55111512312569E-17,1.10427510708578E-15));
#8354=DIRECTION('',(-1.10427510708578E-15,-8.09485458173179E-16,1.));
#8355=DIRECTION('',(1.,5.55111512312569E-17,1.10427510708578E-15));
#8356=DIRECTION('center_axis',(5.55111512312578E-17,-1.,-8.09485458173178E-16));
#8357=DIRECTION('ref_axis',(1.10427510708578E-15,8.09485458173178E-16,-1.));
#8358=DIRECTION('',(-1.10427510708578E-15,-8.09485458173178E-16,1.));
#8359=DIRECTION('',(1.,5.55111512312569E-17,1.10427510708578E-15));
#8360=DIRECTION('',(1.10427510708578E-15,8.09485458173178E-16,-1.));
#8361=DIRECTION('',(1.,5.55111512312569E-17,1.10427510708578E-15));
#8362=DIRECTION('center_axis',(1.,5.55111512312569E-17,1.10427510708578E-15));
#8363=DIRECTION('ref_axis',(5.55111512312575E-17,-1.,-5.78188994709604E-16));
#8364=DIRECTION('',(-5.55111512312577E-17,1.,7.16966872787749E-16));
#8365=DIRECTION('',(5.55111512312575E-17,-1.,-5.78188994709604E-16));
#8366=DIRECTION('center_axis',(1.,5.55111512312569E-17,1.10427510708578E-15));
#8367=DIRECTION('ref_axis',(5.55111512312575E-17,-1.,-5.78188994709604E-16));
#8368=DIRECTION('',(5.55111512312576E-17,-1.,-6.93837226441391E-16));
#8369=DIRECTION('',(1.10427510708578E-15,3.4689253124603E-16,-1.));
#8370=DIRECTION('',(-5.55111512312575E-17,1.,5.78188994709604E-16));
#8371=DIRECTION('center_axis',(-1.10427510708578E-15,-6.93837226441392E-16,
1.));
#8372=DIRECTION('ref_axis',(5.55111512312576E-17,-1.,-6.93837226441392E-16));
#8373=DIRECTION('',(-5.55111512312578E-17,1.,6.93837226441391E-16));
#8374=DIRECTION('',(1.,5.55111512312569E-17,1.10427510708578E-15));
#8375=DIRECTION('',(5.55111512312576E-17,-1.,-6.93837226441391E-16));
#8376=DIRECTION('',(1.,5.55111512312569E-17,1.10427510708578E-15));
#8377=DIRECTION('center_axis',(-5.55111512312578E-17,1.,8.09485458173178E-16));
#8378=DIRECTION('ref_axis',(-1.10427510708578E-15,-8.09485458173178E-16,
1.));
#8379=DIRECTION('',(5.7847539475623E-16,8.09485458173178E-16,-1.));
#8380=DIRECTION('',(-1.10427510708578E-15,-8.09485458173178E-16,1.));
#8381=DIRECTION('',(1.,5.55111512312569E-17,1.10427510708578E-15));
#8382=DIRECTION('center_axis',(1.10427510708578E-15,5.78188994709604E-16,
-1.));
#8383=DIRECTION('ref_axis',(-5.55111512312575E-17,1.,5.78188994709604E-16));
#8384=DIRECTION('',(-5.55111512312577E-17,1.,5.78188994709604E-16));
#8385=DIRECTION('',(-5.55111512312575E-17,1.,5.78188994709604E-16));
#8386=DIRECTION('',(1.,5.55111512312569E-17,1.10427510708578E-15));
#8387=DIRECTION('center_axis',(5.55111512312573E-17,-1.,-3.4689253124603E-16));
#8388=DIRECTION('ref_axis',(1.10427510708578E-15,3.4689253124603E-16,-1.));
#8389=DIRECTION('',(-5.7847539475623E-16,-3.4689253124603E-16,1.));
#8390=DIRECTION('center_axis',(1.,5.55111512312569E-17,1.10427510708578E-15));
#8391=DIRECTION('ref_axis',(5.55111512312575E-17,-1.,-5.78188994709604E-16));
#8392=DIRECTION('center_axis',(-5.55111512312575E-17,1.,8.09485458173179E-16));
#8393=DIRECTION('ref_axis',(-2.17216047399702E-15,-8.09485458173179E-16,
1.));
#8394=DIRECTION('',(2.17216047399702E-15,8.09485458173179E-16,-1.));
#8395=DIRECTION('',(1.,5.55111512312558E-17,2.17216047399702E-15));
#8396=DIRECTION('',(-2.17216047399702E-15,-8.09485458173179E-16,1.));
#8397=DIRECTION('',(1.,5.55111512312558E-17,2.17216047399702E-15));
#8398=DIRECTION('center_axis',(5.55111512312575E-17,-1.,-8.09485458173179E-16));
#8399=DIRECTION('ref_axis',(2.17216047399702E-15,8.09485458173179E-16,-1.));
#8400=DIRECTION('',(-2.17216047399702E-15,-8.09485458173179E-16,1.));
#8401=DIRECTION('',(1.,5.55111512312558E-17,2.17216047399702E-15));
#8402=DIRECTION('',(2.17216047399702E-15,8.09485458173179E-16,-1.));
#8403=DIRECTION('',(1.,5.55111512312558E-17,2.17216047399702E-15));
#8404=DIRECTION('center_axis',(1.,5.55111512312558E-17,2.17216047399702E-15));
#8405=DIRECTION('ref_axis',(5.55111512312571E-17,-1.,-5.78188994709605E-16));
#8406=DIRECTION('',(-5.55111512312573E-17,1.,7.16966872787749E-16));
#8407=DIRECTION('',(5.5511151231257E-17,-1.,-5.78188994709605E-16));
#8408=DIRECTION('center_axis',(1.,5.55111512312558E-17,2.17216047399702E-15));
#8409=DIRECTION('ref_axis',(5.55111512312571E-17,-1.,-5.78188994709605E-16));
#8410=DIRECTION('',(5.55111512312573E-17,-1.,-6.93837226441392E-16));
#8411=DIRECTION('',(2.17216047399702E-15,3.46892531246031E-16,-1.));
#8412=DIRECTION('',(-5.5511151231257E-17,1.,5.78188994709605E-16));
#8413=DIRECTION('center_axis',(-2.17216047399702E-15,-6.93837226441392E-16,
1.));
#8414=DIRECTION('ref_axis',(5.55111512312573E-17,-1.,-6.93837226441392E-16));
#8415=DIRECTION('',(-5.55111512312578E-17,1.,6.93837226441392E-16));
#8416=DIRECTION('',(1.,5.55111512312558E-17,2.17216047399702E-15));
#8417=DIRECTION('',(5.55111512312573E-17,-1.,-6.93837226441392E-16));
#8418=DIRECTION('',(1.,5.55111512312558E-17,2.17216047399702E-15));
#8419=DIRECTION('center_axis',(-5.55111512312575E-17,1.,8.09485458173179E-16));
#8420=DIRECTION('ref_axis',(-2.17216047399702E-15,-8.09485458173179E-16,
1.));
#8421=DIRECTION('',(5.7847539475623E-16,8.09485458173179E-16,-1.));
#8422=DIRECTION('',(-2.17216047399702E-15,-8.09485458173179E-16,1.));
#8423=DIRECTION('',(1.,5.55111512312558E-17,2.17216047399702E-15));
#8424=DIRECTION('center_axis',(2.17216047399702E-15,5.78188994709605E-16,
-1.));
#8425=DIRECTION('ref_axis',(-5.5511151231257E-17,1.,5.78188994709605E-16));
#8426=DIRECTION('',(-5.55111512312577E-17,1.,5.78188994709604E-16));
#8427=DIRECTION('',(-5.5511151231257E-17,1.,5.78188994709605E-16));
#8428=DIRECTION('',(1.,5.55111512312558E-17,2.17216047399702E-15));
#8429=DIRECTION('center_axis',(5.55111512312565E-17,-1.,-3.4689253124603E-16));
#8430=DIRECTION('ref_axis',(2.17216047399702E-15,3.4689253124603E-16,-1.));
#8431=DIRECTION('',(-5.7847539475623E-16,-3.4689253124603E-16,1.));
#8432=DIRECTION('center_axis',(1.,5.55111512312558E-17,2.17216047399702E-15));
#8433=DIRECTION('ref_axis',(5.55111512312571E-17,-1.,-5.78188994709605E-16));
#8434=DIRECTION('center_axis',(-1.,-5.55111512312574E-17,-5.7847539475623E-16));
#8435=DIRECTION('ref_axis',(5.55111512312577E-17,-1.,-5.78188994709604E-16));
#8436=DIRECTION('',(4.92552872770774E-16,0.447288739503066,-0.8943896150525));
#8437=DIRECTION('',(5.7847539475623E-16,5.78188994709604E-16,-1.));
#8438=DIRECTION('center_axis',(-5.7847539475623E-16,-5.78188994709604E-16,
1.));
#8439=DIRECTION('ref_axis',(5.55111512312577E-17,-1.,-5.78188994709604E-16));
#8440=DIRECTION('',(-1.,-5.55111512312574E-17,-5.7847539475623E-16));
#8441=DIRECTION('',(5.55111512312577E-17,-1.,-5.78188994709604E-16));
#8442=DIRECTION('',(1.,5.55111512312574E-17,5.7847539475623E-16));
#8443=DIRECTION('',(5.55111512312577E-17,-1.,-5.78188994709604E-16));
#8444=DIRECTION('center_axis',(1.,5.55111512312574E-17,5.7847539475623E-16));
#8445=DIRECTION('ref_axis',(-5.55111512312577E-17,1.,5.78188994709604E-16));
#8446=DIRECTION('',(-5.7847539475623E-16,-8.09485458173178E-16,1.));
#8447=DIRECTION('',(-5.55111512312574E-17,1.,0.));
#8448=DIRECTION('',(5.7847539475623E-16,5.78188994709604E-16,-1.));
#8449=DIRECTION('center_axis',(1.,5.55111512312574E-17,5.7847539475623E-16));
#8450=DIRECTION('ref_axis',(-5.55111512312577E-17,1.,5.78188994709604E-16));
#8451=DIRECTION('',(5.7847539475623E-16,9.25133689904966E-16,-1.));
#8452=DIRECTION('',(-5.7847539475623E-16,-3.4689253124603E-16,1.));
#8453=DIRECTION('',(-5.55111512312574E-17,1.,0.));
#8454=DIRECTION('center_axis',(-5.55111512312576E-17,1.,3.4689253124603E-16));
#8455=DIRECTION('ref_axis',(-5.7847539475623E-16,-3.4689253124603E-16,1.));
#8456=DIRECTION('',(-1.,-5.55111512312576E-17,0.));
#8457=DIRECTION('center_axis',(5.55111512312577E-17,-1.,-5.78188994709604E-16));
#8458=DIRECTION('ref_axis',(5.7847539475623E-16,5.78188994709604E-16,-1.));
#8459=DIRECTION('',(1.,5.55111512312577E-17,0.));
#8460=DIRECTION('',(5.7847539475623E-16,5.78188994709604E-16,-1.));
#8461=DIRECTION('center_axis',(-5.55111512312579E-17,1.,9.25133689904966E-16));
#8462=DIRECTION('ref_axis',(5.7847539475623E-16,9.25133689904966E-16,-1.));
#8463=DIRECTION('',(-1.,-5.55111512312579E-17,0.));
#8464=DIRECTION('',(-1.,-5.55111512312574E-17,-5.7847539475623E-16));
#8465=DIRECTION('',(5.7847539475623E-16,9.25133689904966E-16,-1.));
#8466=DIRECTION('',(1.,5.55111512312574E-17,5.7847539475623E-16));
#8467=DIRECTION('center_axis',(-1.,-5.55111512312574E-17,-5.7847539475623E-16));
#8468=DIRECTION('ref_axis',(5.55111512312577E-17,-1.,-5.78188994709604E-16));
#8469=DIRECTION('',(-5.42211898495961E-16,0.447288739503065,0.8943896150525));
#8470=DIRECTION('center_axis',(1.,5.55111512312574E-17,5.7847539475623E-16));
#8471=DIRECTION('ref_axis',(-4.48296185848789E-16,0.707106781186548,0.707106781186548));
#8472=DIRECTION('',(-5.55111512312574E-17,1.,0.));
#8473=DIRECTION('center_axis',(5.55111512312577E-17,-1.,-5.78188994709604E-16));
#8474=DIRECTION('ref_axis',(-5.7847539475623E-16,-5.78188994709604E-16,
1.));
#8475=DIRECTION('',(1.73506651421767E-15,5.78188994709604E-16,-1.));
#8476=DIRECTION('',(-1.,-5.55111512312574E-17,-5.7847539475623E-16));
#8477=DIRECTION('',(5.7847539475623E-16,5.78188994709604E-16,-1.));
#8478=DIRECTION('center_axis',(5.7847539475623E-16,5.78188994709604E-16,
-1.));
#8479=DIRECTION('ref_axis',(5.55111512312577E-17,-1.,-5.78188994709604E-16));
#8480=DIRECTION('',(-1.38779893829131E-15,1.,0.));
#8481=DIRECTION('',(-5.55111512312577E-17,1.,5.78188994709604E-16));
#8482=DIRECTION('',(-5.55111512312577E-17,1.,5.78188994709604E-16));
#8483=DIRECTION('',(-5.55111512312577E-17,1.,5.78188994709604E-16));
#8484=DIRECTION('center_axis',(-3.08394127334898E-16,0.8943896150525,0.447288739503066));
#8485=DIRECTION('ref_axis',(4.92552872770774E-16,0.447288739503066,-0.8943896150525));
#8486=DIRECTION('',(-1.,-5.55111512312574E-17,-5.7847539475623E-16));
#8487=DIRECTION('',(-4.92552872770774E-16,-0.447288739503066,0.8943896150525));
#8488=DIRECTION('',(1.,5.55111512312574E-17,5.7847539475623E-16));
#8489=DIRECTION('center_axis',(1.,5.55111512312574E-17,5.7847539475623E-16));
#8490=DIRECTION('ref_axis',(-5.55111512312577E-17,1.,5.78188994709604E-16));
#8491=DIRECTION('',(-5.7847539475623E-16,-5.78188994709604E-16,1.));
#8492=DIRECTION('',(5.55111512312577E-17,-1.,-5.78188994709604E-16));
#8493=DIRECTION('center_axis',(-1.,-5.55111512312574E-17,-5.7847539475623E-16));
#8494=DIRECTION('ref_axis',(-3.69791562914601E-16,-0.707106781186548,0.707106781186547));
#8495=DIRECTION('',(5.55111512312578E-17,-1.,-6.77316050479708E-16));
#8496=DIRECTION('',(-5.7847539475623E-16,-8.09485458173178E-16,1.));
#8497=DIRECTION('center_axis',(-1.,-5.55111512312574E-17,-5.7847539475623E-16));
#8498=DIRECTION('ref_axis',(-4.48296185848789E-16,0.707106781186548,0.707106781186548));
#8499=DIRECTION('',(5.42211898495961E-16,-0.447288739503065,-0.8943896150525));
#8500=DIRECTION('',(5.7847539475623E-16,5.78188994709604E-16,-1.));
#8501=DIRECTION('center_axis',(-5.7847539475623E-16,-5.78188994709604E-16,
1.));
#8502=DIRECTION('ref_axis',(-5.55111512312577E-17,1.,5.78188994709604E-16));
#8503=DIRECTION('',(-1.,-5.55111512312574E-17,-5.7847539475623E-16));
#8504=DIRECTION('center_axis',(2.09096932973207E-16,0.8943896150525,-0.447288739503065));
#8505=DIRECTION('ref_axis',(5.42211898495961E-16,-0.447288739503065,-0.8943896150525));
#8506=DIRECTION('',(-1.,-5.55111512312574E-17,-5.7847539475623E-16));
#8507=DIRECTION('center_axis',(5.55111512312577E-17,-1.,-5.78188994709604E-16));
#8508=DIRECTION('ref_axis',(-5.7847539475623E-16,-5.78188994709604E-16,
1.));
#8509=DIRECTION('center_axis',(1.,5.55111512312574E-17,5.7847539475623E-16));
#8510=DIRECTION('ref_axis',(-3.69791562914601E-16,-0.707106781186548,0.707106781186547));
#8511=DIRECTION('center_axis',(-1.,-5.55111512312574E-17,-5.7847539475623E-16));
#8512=DIRECTION('ref_axis',(-4.48296185848789E-16,0.707106781186548,0.707106781186548));
#8513=DIRECTION('',(-1.,-5.55111512312574E-17,-5.7847539475623E-16));
#8514=DIRECTION('center_axis',(5.55111512312578E-17,-1.,-8.09485458173178E-16));
#8515=DIRECTION('ref_axis',(-5.7847539475623E-16,-8.09485458173178E-16,
1.));
#8516=DIRECTION('',(-1.,-5.55111512312574E-17,-5.7847539475623E-16));
#8517=DIRECTION('',(1.,5.55111512312578E-17,0.));
#8518=DIRECTION('center_axis',(5.7847539475623E-16,6.77316050479708E-16,
-1.));
#8519=DIRECTION('ref_axis',(5.55111512312578E-17,-1.,-6.77316050479708E-16));
#8520=DIRECTION('',(1.38779893829131E-15,-1.,0.));
#8521=DIRECTION('center_axis',(5.7847539475623E-16,7.16966872787749E-16,
-1.));
#8522=DIRECTION('ref_axis',(5.55111512312578E-17,-1.,-7.16966872787749E-16));
#8523=DIRECTION('center_axis',(-5.55111512312577E-17,1.,5.78188994709604E-16));
#8524=DIRECTION('ref_axis',(5.7847539475623E-16,5.78188994709604E-16,-1.));
#8525=DIRECTION('center_axis',(-0.316145823973845,-0.948710608132901,0.));
#8526=DIRECTION('ref_axis',(-0.948710608132901,0.316145823973845,0.));
#8527=DIRECTION('',(-0.948710608132901,0.316145823973845,0.));
#8528=DIRECTION('',(0.,0.,1.));
#8529=DIRECTION('center_axis',(0.,0.,1.));
#8530=DIRECTION('ref_axis',(1.,0.,0.));
#8531=DIRECTION('',(-1.,0.,0.));
#8532=DIRECTION('',(0.,1.,0.));
#8533=DIRECTION('',(-1.,1.43069977400149E-16,0.));
#8534=DIRECTION('',(-0.015509521393651,-0.999879720139448,0.));
#8535=DIRECTION('',(-1.,0.,0.));
#8536=DIRECTION('',(9.71445146547008E-17,-1.,0.));
#8537=DIRECTION('',(-1.,-9.71445146547013E-17,0.));
#8538=DIRECTION('',(9.71445146547008E-17,-1.,0.));
#8539=DIRECTION('',(-1.,-9.71445146547014E-17,0.));
#8540=DIRECTION('',(-1.38779893829131E-15,-1.,0.));
#8541=DIRECTION('',(1.,9.71445146547015E-17,0.));
#8542=DIRECTION('',(9.71445146547008E-17,-1.,0.));
#8543=DIRECTION('',(1.,9.71445146547012E-17,0.));
#8544=DIRECTION('',(1.,-1.46081976924363E-15,0.));
#8545=DIRECTION('',(0.,-1.,0.));
#8546=DIRECTION('',(1.,0.,0.));
#8547=DIRECTION('',(0.,1.,0.));
#8548=DIRECTION('center_axis',(1.,9.71445146547008E-17,-5.55825555069304E-16));
#8549=DIRECTION('ref_axis',(-9.71445146547013E-17,1.,-9.53854712438681E-16));
#8550=DIRECTION('',(-4.53672956725239E-16,-0.447288739503066,-0.894389615052499));
#8551=DIRECTION('',(-5.55825555069304E-16,-9.53854712438681E-16,-1.));
#8552=DIRECTION('center_axis',(5.55825555069304E-16,9.53854712438681E-16,
1.));
#8553=DIRECTION('ref_axis',(-9.71445146547013E-17,1.,-9.53854712438681E-16));
#8554=DIRECTION('',(1.,9.71445146547008E-17,-5.55825555069304E-16));
#8555=DIRECTION('',(-9.71445146547013E-17,1.,-9.53854712438681E-16));
#8556=DIRECTION('',(-1.,-9.71445146547008E-17,5.55825555069304E-16));
#8557=DIRECTION('',(-9.71445146547013E-17,1.,-9.53854712438681E-16));
#8558=DIRECTION('center_axis',(-1.,-9.71445146547008E-17,5.55825555069304E-16));
#8559=DIRECTION('ref_axis',(9.71445146547013E-17,-1.,9.53854712438681E-16));
#8560=DIRECTION('',(5.55825555069304E-16,1.18515117590226E-15,1.));
#8561=DIRECTION('',(-5.55825555069304E-16,-9.53854712438681E-16,-1.));
#8562=DIRECTION('center_axis',(-1.,-9.71445146547008E-17,5.55825555069304E-16));
#8563=DIRECTION('ref_axis',(9.71445146547013E-17,-1.,9.53854712438681E-16));
#8564=DIRECTION('',(-5.55825555069304E-16,-1.30079940763404E-15,-1.));
#8565=DIRECTION('',(5.55825555069304E-16,7.22558248975107E-16,1.));
#8566=DIRECTION('center_axis',(9.71445146547012E-17,-1.,7.22558248975107E-16));
#8567=DIRECTION('ref_axis',(5.55825555069304E-16,7.22558248975107E-16,1.));
#8568=DIRECTION('center_axis',(-9.71445146547013E-17,1.,-9.53854712438681E-16));
#8569=DIRECTION('ref_axis',(-5.55825555069304E-16,-9.53854712438681E-16,
-1.));
#8570=DIRECTION('',(-5.55825555069304E-16,-9.53854712438681E-16,-1.));
#8571=DIRECTION('center_axis',(9.71445146547015E-17,-1.,1.30079940763404E-15));
#8572=DIRECTION('ref_axis',(-5.55825555069304E-16,-1.30079940763404E-15,
-1.));
#8573=DIRECTION('',(1.,9.71445146547008E-17,-5.55825555069304E-16));
#8574=DIRECTION('',(-1.,-9.71445146547008E-17,5.55825555069304E-16));
#8575=DIRECTION('center_axis',(1.,9.71445146547008E-17,-5.55825555069304E-16));
#8576=DIRECTION('ref_axis',(-9.71445146547013E-17,1.,-9.53854712438681E-16));
#8577=DIRECTION('',(5.40576251744316E-16,-0.447288739503065,0.8943896150525));
#8578=DIRECTION('center_axis',(-1.,-9.71445146547008E-17,5.55825555069304E-16));
#8579=DIRECTION('ref_axis',(4.61719564213697E-16,-0.707106781186547,0.707106781186548));
#8580=DIRECTION('center_axis',(-9.71445146547013E-17,1.,-9.53854712438681E-16));
#8581=DIRECTION('ref_axis',(5.55825555069304E-16,9.53854712438681E-16,1.));
#8582=DIRECTION('',(-2.86238822620982E-15,-9.53854712438681E-16,-1.));
#8583=DIRECTION('',(1.,9.71445146547008E-17,-5.55825555069304E-16));
#8584=DIRECTION('center_axis',(-5.55825555069304E-16,-9.53854712438681E-16,
-1.));
#8585=DIRECTION('ref_axis',(-9.71445146547013E-17,1.,-9.53854712438681E-16));
#8586=DIRECTION('',(1.38779893829131E-15,1.,0.));
#8587=DIRECTION('',(1.,9.71445146547008E-17,-5.55825555069304E-16));
#8588=DIRECTION('center_axis',(3.35499556977021E-16,-0.894389615052499,
0.447288739503066));
#8589=DIRECTION('ref_axis',(-4.53672956725239E-16,-0.447288739503066,-0.894389615052499));
#8590=DIRECTION('',(1.,9.71445146547008E-17,-5.55825555069304E-16));
#8591=DIRECTION('',(-1.,-9.71445146547008E-17,5.55825555069304E-16));
#8592=DIRECTION('center_axis',(5.55825555069304E-16,9.53854712438681E-16,
1.));
#8593=DIRECTION('ref_axis',(9.71445146547013E-17,-1.,9.53854712438681E-16));
#8594=DIRECTION('',(1.,9.71445146547008E-17,-5.55825555069304E-16));
#8595=DIRECTION('center_axis',(-1.61729466844061E-16,-0.8943896150525,-0.447288739503065));
#8596=DIRECTION('ref_axis',(-5.40576251744316E-16,0.447288739503065,-0.8943896150525));
#8597=DIRECTION('',(1.,9.71445146547008E-17,-5.55825555069304E-16));
#8598=DIRECTION('center_axis',(-9.71445146547013E-17,1.,-9.53854712438681E-16));
#8599=DIRECTION('ref_axis',(5.55825555069304E-16,9.53854712438681E-16,1.));
#8600=DIRECTION('center_axis',(-1.,-9.71445146547008E-17,5.55825555069304E-16));
#8601=DIRECTION('ref_axis',(3.24336474078866E-16,0.707106781186548,0.707106781186547));
#8602=DIRECTION('center_axis',(1.,9.71445146547008E-17,-5.55825555069304E-16));
#8603=DIRECTION('ref_axis',(4.61719564213697E-16,-0.707106781186547,0.707106781186548));
#8604=DIRECTION('',(1.,9.71445146547008E-17,-5.55825555069304E-16));
#8605=DIRECTION('center_axis',(-9.71445146547014E-17,1.,-1.18515117590226E-15));
#8606=DIRECTION('ref_axis',(5.55825555069304E-16,1.18515117590226E-15,1.));
#8607=DIRECTION('',(1.,9.71445146547008E-17,-5.55825555069304E-16));
#8608=DIRECTION('center_axis',(-5.55825555069304E-16,-1.05298176820878E-15,
-1.));
#8609=DIRECTION('ref_axis',(-9.71445146547014E-17,1.,-1.05298176820878E-15));
#8610=DIRECTION('center_axis',(9.71445146547013E-17,-1.,9.53854712438681E-16));
#8611=DIRECTION('ref_axis',(-5.55825555069304E-16,-9.53854712438681E-16,
-1.));
#8612=DIRECTION('center_axis',(9.71445146547013E-17,-1.,9.53854712438681E-16));
#8613=DIRECTION('ref_axis',(-5.55825555069304E-16,-9.53854712438681E-16,
-1.));
#8614=DIRECTION('',(2.8623882262102E-15,-9.53854712438681E-16,-1.));
#8615=DIRECTION('center_axis',(-0.316145823973807,-0.948710608132914,0.));
#8616=DIRECTION('ref_axis',(-0.948710608132914,0.316145823973807,0.));
#8617=DIRECTION('',(-0.948710608132913,0.316145823973807,0.));
#8618=DIRECTION('',(0.,0.,1.));
#8619=DIRECTION('center_axis',(-0.316145823973807,0.948710608132914,0.));
#8620=DIRECTION('ref_axis',(0.948710608132914,0.316145823973807,0.));
#8621=DIRECTION('',(0.948710608132913,0.316145823973807,0.));
#8622=DIRECTION('center_axis',(-0.316145823973845,0.948710608132901,0.));
#8623=DIRECTION('ref_axis',(0.948710608132901,0.316145823973845,0.));
#8624=DIRECTION('',(0.,0.,1.));
#8625=DIRECTION('',(0.948710608132901,0.316145823973845,0.));
#8626=DIRECTION('center_axis',(1.43069977400149E-16,1.,0.));
#8627=DIRECTION('ref_axis',(-1.,1.43069977400149E-16,0.));
#8628=DIRECTION('',(-1.,1.43069977400149E-16,0.));
#8629=DIRECTION('',(0.,0.,1.));
#8630=DIRECTION('',(0.,0.,1.));
#8631=DIRECTION('center_axis',(1.,0.,0.));
#8632=DIRECTION('ref_axis',(0.,1.,0.));
#8633=DIRECTION('',(0.,1.,0.));
#8634=DIRECTION('',(0.,0.,1.));
#8635=DIRECTION('center_axis',(0.,1.,0.));
#8636=DIRECTION('ref_axis',(-1.,0.,0.));
#8637=DIRECTION('',(-1.,0.,0.));
#8638=DIRECTION('center_axis',(1.,0.,0.));
#8639=DIRECTION('ref_axis',(0.,1.,0.));
#8640=DIRECTION('',(0.,1.,0.));
#8641=DIRECTION('',(0.,0.,1.));
#8642=DIRECTION('center_axis',(0.,-1.,0.));
#8643=DIRECTION('ref_axis',(1.,0.,0.));
#8644=DIRECTION('',(1.,0.,0.));
#8645=DIRECTION('',(0.,0.,1.));
#8646=DIRECTION('center_axis',(-1.,0.,0.));
#8647=DIRECTION('ref_axis',(0.,-1.,0.));
#8648=DIRECTION('',(0.,-1.,0.));
#8649=DIRECTION('',(0.,0.,1.));
#8650=DIRECTION('center_axis',(-1.46081976924363E-15,-1.,0.));
#8651=DIRECTION('ref_axis',(1.,-1.46081976924363E-15,0.));
#8652=DIRECTION('',(1.,-1.46081976924363E-15,0.));
#8653=DIRECTION('center_axis',(0.,1.,0.));
#8654=DIRECTION('ref_axis',(-1.,0.,0.));
#8655=DIRECTION('',(0.,0.,1.));
#8656=DIRECTION('',(-1.,0.,0.));
#8657=DIRECTION('center_axis',(-0.999879720139448,0.015509521393651,0.));
#8658=DIRECTION('ref_axis',(-0.015509521393651,-0.999879720139447,0.));
#8659=DIRECTION('',(-0.015509521393651,-0.999879720139448,0.));
#8660=DIRECTION('center_axis',(0.,0.,1.));
#8661=DIRECTION('ref_axis',(1.,0.,0.));
#8662=CARTESIAN_POINT('',(0.,0.,0.));
#8663=CARTESIAN_POINT('Origin',(0.882943445710084,-1.1435034528877,0.654403993645733));
#8664=CARTESIAN_POINT('',(0.882943445710083,-1.1435034528877,0.604403993645733));
#8665=CARTESIAN_POINT('',(0.182943445710084,-1.1435034528877,0.604403993645733));
#8666=CARTESIAN_POINT('',(0.357943445710084,-1.1435034528877,0.604403993645733));
#8667=CARTESIAN_POINT('',(0.882943445710084,-1.1435034528877,0.267403993645733));
#8668=CARTESIAN_POINT('',(0.882943445710084,-1.1435034528877,0.629403993645733));
#8669=CARTESIAN_POINT('',(0.182943445710084,-1.1435034528877,0.267403993645733));
#8670=CARTESIAN_POINT('',(0.707943445710084,-1.1435034528877,0.267403993645733));
#8671=CARTESIAN_POINT('',(0.182943445710084,-1.1435034528877,0.629403993645733));
#8672=CARTESIAN_POINT('Origin',(0.182943445710084,-1.5435034528877,0.604403993645733));
#8673=CARTESIAN_POINT('',(0.182943445710084,-1.5435034528877,0.267403993645733));
#8674=CARTESIAN_POINT('',(0.182943445710084,-0.0935034528876972,0.267403993645733));
#8675=CARTESIAN_POINT('',(0.182943445710084,-1.5435034528877,0.604403993645733));
#8676=CARTESIAN_POINT('',(0.182943445710084,-1.5435034528877,0.604403993645733));
#8677=CARTESIAN_POINT('',(0.182943445710084,-0.0935034528876972,0.604403993645733));
#8678=CARTESIAN_POINT('Origin',(0.532943445710084,-0.643503452887697,0.267403993645733));
#8679=CARTESIAN_POINT('',(0.882943445710084,-1.5435034528877,0.267403993645733));
#8680=CARTESIAN_POINT('',(0.882943445710084,-1.5435034528877,0.267403993645733));
#8681=CARTESIAN_POINT('',(0.357943445710083,-1.5435034528877,0.267403993645733));
#8682=CARTESIAN_POINT('Origin',(0.0329434457100836,-1.5435034528877,0.604403993645733));
#8683=CARTESIAN_POINT('',(0.0329434457100834,-0.893503452887697,0.604403993645733));
#8684=CARTESIAN_POINT('',(0.0329434457100834,-0.893503452887697,0.204403993645733));
#8685=CARTESIAN_POINT('',(0.0329434457100834,-0.8935034528877,0.404403993645733));
#8686=CARTESIAN_POINT('',(0.0329434457100836,-1.5435034528877,0.604403993645733));
#8687=CARTESIAN_POINT('',(0.0329434457100834,-0.956003452887697,0.604403993645733));
#8688=CARTESIAN_POINT('',(0.0329434457100836,-1.5435034528877,0.204403993645733));
#8689=CARTESIAN_POINT('',(0.0329434457100836,-1.5435034528877,0.604403993645733));
#8690=CARTESIAN_POINT('',(0.0329434457100834,-0.956003452887697,0.204403993645733));
#8691=CARTESIAN_POINT('Origin',(0.532943445710083,-0.368503452887697,0.204403993645733));
#8692=CARTESIAN_POINT('',(-0.617056554289917,-0.893503452887697,0.204403993645733));
#8693=CARTESIAN_POINT('',(-0.767056554289917,-0.8935034528877,0.204403993645733));
#8694=CARTESIAN_POINT('',(-0.317056554289917,-1.5435034528877,0.204403993645733));
#8695=CARTESIAN_POINT('',(0.107943445710083,-1.5435034528877,0.204403993645733));
#8696=CARTESIAN_POINT('',(-0.317056554289917,-1.1935034528877,0.204403993645733));
#8697=CARTESIAN_POINT('',(-0.317056554289917,-1.1935034528877,0.204403993645733));
#8698=CARTESIAN_POINT('Origin',(-0.617056554289917,-1.1935034528877,0.204403993645733));
#8699=CARTESIAN_POINT('Origin',(0.532943445710083,-0.368503452887697,0.204403993645733));
#8700=CARTESIAN_POINT('',(1.68294344571008,-0.893503452887697,0.204403993645733));
#8701=CARTESIAN_POINT('',(1.03294344571008,-0.893503452887697,0.204403993645733));
#8702=CARTESIAN_POINT('',(-0.217056554289917,-0.893503452887701,0.204403993645733));
#8703=CARTESIAN_POINT('',(1.38294344571008,-1.1935034528877,0.204403993645733));
#8704=CARTESIAN_POINT('Origin',(1.68294344571008,-1.1935034528877,0.204403993645733));
#8705=CARTESIAN_POINT('',(1.38294344571008,-1.5435034528877,0.204403993645733));
#8706=CARTESIAN_POINT('',(1.38294344571008,-1.8935034528877,0.204403993645733));
#8707=CARTESIAN_POINT('',(1.03294344571008,-1.5435034528877,0.204403993645733));
#8708=CARTESIAN_POINT('',(0.107943445710083,-1.5435034528877,0.204403993645733));
#8709=CARTESIAN_POINT('',(1.03294344571008,-0.956003452887697,0.204403993645733));
#8710=CARTESIAN_POINT('Origin',(0.532943445710083,-0.368503452887697,0.604403993645733));
#8711=CARTESIAN_POINT('',(1.03294344571008,-0.893503452887697,0.604403993645733));
#8712=CARTESIAN_POINT('',(1.68294344571008,-0.893503452887697,0.604403993645733));
#8713=CARTESIAN_POINT('',(-0.217056554289917,-0.893503452887701,0.604403993645733));
#8714=CARTESIAN_POINT('',(1.03294344571008,-1.5435034528877,0.604403993645733));
#8715=CARTESIAN_POINT('',(1.03294344571008,-0.956003452887697,0.604403993645733));
#8716=CARTESIAN_POINT('',(0.882943445710084,-1.5435034528877,0.604403993645733));
#8717=CARTESIAN_POINT('',(0.707943445710083,-1.5435034528877,0.604403993645733));
#8718=CARTESIAN_POINT('',(0.882943445710084,-1.5435034528877,0.604403993645733));
#8719=CARTESIAN_POINT('',(0.707943445710083,-1.5435034528877,0.604403993645733));
#8720=CARTESIAN_POINT('',(-0.617056554289917,-0.893503452887698,0.604403993645733));
#8721=CARTESIAN_POINT('',(-0.767056554289917,-0.8935034528877,0.604403993645733));
#8722=CARTESIAN_POINT('',(-0.317056554289917,-1.1935034528877,0.604403993645733));
#8723=CARTESIAN_POINT('Origin',(-0.617056554289917,-1.1935034528877,0.604403993645733));
#8724=CARTESIAN_POINT('',(-0.317056554289917,-1.8935034528877,0.604403993645733));
#8725=CARTESIAN_POINT('',(-0.317056554289917,-1.1935034528877,0.604403993645733));
#8726=CARTESIAN_POINT('',(1.38294344571008,-1.8935034528877,0.604403993645733));
#8727=CARTESIAN_POINT('',(-0.317056554289917,-1.8935034528877,0.604403993645733));
#8728=CARTESIAN_POINT('',(1.38294344571008,-1.1935034528877,0.604403993645733));
#8729=CARTESIAN_POINT('',(1.38294344571008,-1.8935034528877,0.604403993645733));
#8730=CARTESIAN_POINT('Origin',(1.68294344571008,-1.1935034528877,0.604403993645733));
#8731=CARTESIAN_POINT('Origin',(0.882943445710084,-0.0935034528876968,0.604403993645733));
#8732=CARTESIAN_POINT('',(0.882943445710083,-1.5435034528877,0.604403993645733));
#8733=CARTESIAN_POINT('Origin',(0.182943445710083,-1.5435034528877,0.604403993645733));
#8734=CARTESIAN_POINT('',(1.03294344571008,-1.5435034528877,0.604403993645733));
#8735=CARTESIAN_POINT('',(1.38294344571008,-1.5435034528877,-0.395596006354267));
#8736=CARTESIAN_POINT('',(1.38294344571008,-1.5435034528877,0.204403993645733));
#8737=CARTESIAN_POINT('',(-0.317056554289917,-1.5435034528877,-0.395596006354267));
#8738=CARTESIAN_POINT('',(-0.317056554289917,-1.5435034528877,-0.395596006354267));
#8739=CARTESIAN_POINT('',(-0.317056554289917,-1.5435034528877,0.204403993645733));
#8740=CARTESIAN_POINT('Origin',(1.03294344571008,-1.5435034528877,0.604403993645733));
#8741=CARTESIAN_POINT('',(1.03294344571008,-0.8935034528877,0.404403993645733));
#8742=CARTESIAN_POINT('Origin',(0.532943445710084,-1.7185034528877,-0.395596006354267));
#8743=CARTESIAN_POINT('',(1.38294344571008,-1.8935034528877,-0.395596006354267));
#8744=CARTESIAN_POINT('',(1.38294344571008,-1.5435034528877,-0.395596006354267));
#8745=CARTESIAN_POINT('',(-0.317056554289917,-1.8935034528877,-0.395596006354267));
#8746=CARTESIAN_POINT('',(1.38294344571008,-1.8935034528877,-0.395596006354267));
#8747=CARTESIAN_POINT('',(-0.317056554289917,-1.8935034528877,-0.395596006354267));
#8748=CARTESIAN_POINT('Origin',(1.68294344571008,-1.1935034528877,0.204403993645733));
#8749=CARTESIAN_POINT('',(1.68294344571008,-0.8935034528877,0.204403993645733));
#8750=CARTESIAN_POINT('',(1.38294344571008,-1.1935034528877,0.204403993645733));
#8751=CARTESIAN_POINT('Origin',(1.38294344571008,-1.8935034528877,0.204403993645733));
#8752=CARTESIAN_POINT('',(1.38294344571008,-1.8935034528877,0.204403993645733));
#8753=CARTESIAN_POINT('Origin',(-0.317056554289917,-1.8935034528877,0.204403993645733));
#8754=CARTESIAN_POINT('',(-0.317056554289917,-1.8935034528877,0.204403993645733));
#8755=CARTESIAN_POINT('Origin',(-0.317056554289917,-1.1935034528877,0.204403993645733));
#8756=CARTESIAN_POINT('',(-0.317056554289917,-1.1935034528877,0.204403993645733));
#8757=CARTESIAN_POINT('Origin',(-0.617056554289917,-1.1935034528877,0.204403993645733));
#8758=CARTESIAN_POINT('',(-0.617056554289917,-0.8935034528877,0.204403993645733));
#8759=CARTESIAN_POINT('Origin',(-0.767056554289917,-0.8935034528877,0.204403993645733));
#8760=CARTESIAN_POINT('',(1.83294344571008,-0.8935034528877,0.204403993645733));
#8761=CARTESIAN_POINT('',(-0.217056554289917,-0.893503452887701,0.204403993645733));
#8762=CARTESIAN_POINT('',(1.83294344571008,-0.8935034528877,0.604403993645733));
#8763=CARTESIAN_POINT('',(1.83294344571008,-0.8935034528877,0.204403993645733));
#8764=CARTESIAN_POINT('',(-0.217056554289917,-0.893503452887701,0.604403993645733));
#8765=CARTESIAN_POINT('Origin',(-0.767056554289917,-0.8935034528877,0.204403993645733));
#8766=CARTESIAN_POINT('',(-0.767056554289917,-0.893503452887701,0.604403993645733));
#8767=CARTESIAN_POINT('',(-0.767056554289917,-0.8935034528877,0.604403993645733));
#8768=CARTESIAN_POINT('',(-0.767056554289917,-0.8935034528877,0.204403993645733));
#8769=CARTESIAN_POINT('',(-0.767056554289917,-0.8935034528877,0.204403993645733));
#8770=CARTESIAN_POINT('',(-0.767056554289917,-0.8935034528877,0.204403993645733));
#8771=CARTESIAN_POINT('Origin',(-0.767056554289917,-0.8935034528877,0.204403993645733));
#8772=CARTESIAN_POINT('',(0.182943445710083,-0.8935034528877,0.204403993645733));
#8773=CARTESIAN_POINT('',(-0.767056554289917,-0.8935034528877,0.204403993645733));
#8774=CARTESIAN_POINT('',(0.182943445710083,-0.8935034528877,0.267403993645733));
#8775=CARTESIAN_POINT('',(0.182943445710083,-0.8935034528877,-0.0955960063542674));
#8776=CARTESIAN_POINT('',(0.882943445710083,-0.8935034528877,0.267403993645733));
#8777=CARTESIAN_POINT('',(-0.217056554289917,-0.8935034528877,0.267403993645733));
#8778=CARTESIAN_POINT('',(0.882943445710082,-0.8935034528877,0.204403993645733));
#8779=CARTESIAN_POINT('',(0.882943445710082,-0.8935034528877,-0.0955960063542674));
#8780=CARTESIAN_POINT('',(-0.217056554289917,-0.893503452887701,0.204403993645733));
#8781=CARTESIAN_POINT('',(0.882943445710083,-0.8935034528877,0.604403993645733));
#8782=CARTESIAN_POINT('',(-0.217056554289917,-0.893503452887701,0.604403993645733));
#8783=CARTESIAN_POINT('',(0.882943445710083,-0.8935034528877,0.654403993645733));
#8784=CARTESIAN_POINT('',(0.882943445710083,-0.8935034528877,0.104403993645733));
#8785=CARTESIAN_POINT('',(0.182943445710083,-0.8935034528877,0.654403993645733));
#8786=CARTESIAN_POINT('',(-0.217056554289917,-0.8935034528877,0.654403993645733));
#8787=CARTESIAN_POINT('',(0.182943445710083,-0.8935034528877,0.604403993645733));
#8788=CARTESIAN_POINT('',(0.182943445710083,-0.8935034528877,0.104403993645733));
#8789=CARTESIAN_POINT('',(-0.767056554289917,-0.8935034528877,0.604403993645733));
#8790=CARTESIAN_POINT('Origin',(2.12457486469823,-0.950008706383156,-0.320096006354274));
#8791=CARTESIAN_POINT('',(2.21809256245021,-0.993503452887692,-0.244596006354274));
#8792=CARTESIAN_POINT('',(2.19718393538261,-0.993503452887692,-0.264481292373693));
#8793=CARTESIAN_POINT('',(2.12908060278629,-0.993503452887692,-0.329251410620837));
#8794=CARTESIAN_POINT('',(2.25956182616296,-1.12113272311522,-0.244596006354274));
#8795=CARTESIAN_POINT('',(2.19637963167852,-0.926677923307847,-0.244596006354274));
#8796=CARTESIAN_POINT('',(2.11595229220239,-1.16779428926583,-0.395596006354273));
#8797=CARTESIAN_POINT('',(2.18775705918268,-1.14446350619052,-0.320096006354274));
#8798=CARTESIAN_POINT('',(2.07186839828046,-1.03211801468771,-0.395596006354273));
#8799=CARTESIAN_POINT('',(2.05277009771795,-0.973339489458464,-0.395596006354273));
#8800=CARTESIAN_POINT('',(2.19071179942761,-0.993503452887692,-0.270636659448043));
#8801=CARTESIAN_POINT('',(2.060539543628,-1.03579898270005,-0.407507869065213));
#8802=CARTESIAN_POINT('',(2.19075454462001,-0.993503452887692,-0.270596006354273));
#8803=CARTESIAN_POINT('',(2.12908060278629,-0.993503452887692,-0.329251410620837));
#8804=CARTESIAN_POINT('',(2.1913684968061,-0.995393003423434,-0.270596006354273));
#8805=CARTESIAN_POINT('',(2.1812013125361,-0.96410162777622,-0.270596006354273));
#8806=CARTESIAN_POINT('',(2.18875309138629,-0.996242800157965,-0.273346006354274));
#8807=CARTESIAN_POINT('Origin',(2.19075046281735,-0.993490890390843,-0.395596006354274));
#8808=CARTESIAN_POINT('',(2.19075454462001,-0.993503452887692,0.00440399364572647));
#8809=CARTESIAN_POINT('',(2.19075454462001,-0.993503452887692,-0.445596006354271));
#8810=CARTESIAN_POINT('',(2.1913684968061,-0.995393003423434,0.00440399364572644));
#8811=CARTESIAN_POINT('',(2.19516075440826,-1.00706437221434,0.00440399364573185));
#8812=CARTESIAN_POINT('',(2.1913684968061,-0.995393003423434,0.00440399364572644));
#8813=CARTESIAN_POINT('Origin',(2.21547793224102,-0.985456448537095,-0.395596006354274));
#8814=CARTESIAN_POINT('',(2.21809256245021,-0.993503452887692,0.00440399364572654));
#8815=CARTESIAN_POINT('',(2.21809256245021,-0.993503452887692,-0.445596006354271));
#8816=CARTESIAN_POINT('',(2.25956182616296,-1.12113272311522,0.00440399364572644));
#8817=CARTESIAN_POINT('',(2.21988822383194,-0.999029930360591,0.00440399364573189));
#8818=CARTESIAN_POINT('',(2.25956182616296,-1.12113272311522,-0.395596006354274));
#8819=CARTESIAN_POINT('Origin',(2.07125263593652,-1.11447995071239,0.00440399364572658));
#8820=CARTESIAN_POINT('',(1.8829443817762,-1.09350329751203,0.00440399364573284));
#8821=CARTESIAN_POINT('',(1.88308214571008,-1.24345838652583,0.00440399364572686));
#8822=CARTESIAN_POINT('',(1.88308214571008,-1.24350345288769,0.00440399364573156));
#8823=CARTESIAN_POINT('',(1.88294344571008,-1.24350345288769,0.00440399364572686));
#8824=CARTESIAN_POINT('',(1.88294344571008,-1.10399170180004,0.00440399364572686));
#8825=CARTESIAN_POINT('',(1.88294344571008,-1.24350345288769,0.00440399364572686));
#8826=CARTESIAN_POINT('Origin',(-0.817056554289921,-1.09350345288769,-0.39559600635427));
#8827=CARTESIAN_POINT('',(-1.12482490800744,-0.993503452887692,0.004403993645733));
#8828=CARTESIAN_POINT('',(-1.12482490800743,-0.993503452887693,-0.27063665944806));
#8829=CARTESIAN_POINT('',(-1.12482490800743,-0.993503452887692,-0.195596006354269));
#8830=CARTESIAN_POINT('',(-0.817057490356042,-1.09350329751203,0.00440399364573358));
#8831=CARTESIAN_POINT('',(-0.975979034430727,-1.04186640891576,0.004403993645733));
#8832=CARTESIAN_POINT('',(-0.817056554289921,-1.09350345288769,-0.39559600635427));
#8833=CARTESIAN_POINT('',(-0.817056554289918,-1.09350345288769,-0.495596006354267));
#8834=CARTESIAN_POINT('',(-1.0059815068603,-1.03211801468771,-0.395596006354269));
#8835=CARTESIAN_POINT('',(-1.14959104082087,-0.985456448537089,-0.395596006354269));
#8836=CARTESIAN_POINT('',(-0.994652652207846,-1.03579898270005,-0.407507869065209));
#8837=CARTESIAN_POINT('Origin',(-0.41705655428992,-1.09350345288769,0.70440399364573));
#8838=CARTESIAN_POINT('',(-0.817056554289918,-1.09350345288769,0.104403993645733));
#8839=CARTESIAN_POINT('',(-0.467013688769635,-1.09350345288769,0.104403993645733));
#8840=CARTESIAN_POINT('',(-0.817056554289918,-1.09350345288769,0.104403993645733));
#8841=CARTESIAN_POINT('',(-0.817125904289919,-1.09350345288769,0.704340992745969));
#8842=CARTESIAN_POINT('',(-0.817195254289919,-1.09350345288769,0.404403993645731));
#8843=CARTESIAN_POINT('',(-0.81705655428992,-1.09350345288769,0.70440399364573));
#8844=CARTESIAN_POINT('',(-0.817056554289921,-1.09350345288769,-0.39559600635427));
#8845=CARTESIAN_POINT('',(-0.41705655428992,-1.09350345288769,0.70440399364573));
#8846=CARTESIAN_POINT('',(-0.41705655428992,-1.09350345288769,0.70440399364573));
#8847=CARTESIAN_POINT('',(-0.41705655428992,-1.09350345288769,0.65440399364573));
#8848=CARTESIAN_POINT('',(-0.417056554289921,-1.09350345288769,-0.39559600635427));
#8849=CARTESIAN_POINT('',(-0.462490712391551,-1.09350345288769,0.154199423945211));
#8850=CARTESIAN_POINT('Origin',(-1.13784534009778,-0.991375782496553,-0.195596006354269));
#8851=CARTESIAN_POINT('',(-1.13129704396244,-0.993503452887692,0.004403993645733));
#8852=CARTESIAN_POINT('',(-1.13129704396243,-0.993503452887693,-0.26448129237371));
#8853=CARTESIAN_POINT('',(-1.13129704396243,-0.993503452887692,-0.0955960063542679));
#8854=CARTESIAN_POINT('',(-1.12548160538594,-0.995393003423428,0.00440399364573088));
#8855=CARTESIAN_POINT('',(-1.13668244432903,-0.991753630236486,0.00440399364573301));
#8856=CARTESIAN_POINT('',(-1.12548160538594,-0.995393003423428,-0.270596006354269));
#8857=CARTESIAN_POINT('',(-1.12548160538594,-0.995393003423428,0.00440399364573088));
#8858=CARTESIAN_POINT('',(-1.12286619996613,-0.996242800157959,-0.273346006354269));
#8859=CARTESIAN_POINT('Origin',(-1.05868797327808,-0.95000870638315,-0.320096006354269));
#8860=CARTESIAN_POINT('',(-1.12486765319985,-0.993503452887693,-0.270596006354269));
#8861=CARTESIAN_POINT('',(-1.18803648808512,-0.993503452887692,-0.210518874309863));
#8862=CARTESIAN_POINT('',(-1.05006540078223,-1.16779428926583,-0.395596006354269));
#8863=CARTESIAN_POINT('',(-0.986883206297793,-0.973339489458458,-0.395596006354269));
#8864=CARTESIAN_POINT('',(-1.1936749347428,-1.12113272311521,-0.244596006354269));
#8865=CARTESIAN_POINT('',(-1.12187016776252,-1.14446350619052,-0.320096006354269));
#8866=CARTESIAN_POINT('',(-1.15220567103005,-0.993503452887693,-0.244596006354269));
#8867=CARTESIAN_POINT('',(-1.13049274025836,-0.926677923307841,-0.244596006354269));
#8868=CARTESIAN_POINT('',(-1.18803648808512,-0.993503452887692,-0.210518874309863));
#8869=CARTESIAN_POINT('',(-1.11531442111594,-0.964101627776214,-0.270596006354269));
#8870=CARTESIAN_POINT('Origin',(-1.00536574451636,-1.11447995071239,0.00440399364573074));
#8871=CARTESIAN_POINT('',(-0.817195254289919,-1.24345838652582,0.00440399364573033));
#8872=CARTESIAN_POINT('',(-0.817195254289919,-0.993503452887692,0.00440399364573282));
#8873=CARTESIAN_POINT('',(-0.817056554289921,-1.24350345288769,0.00440399364573033));
#8874=CARTESIAN_POINT('',(-0.817056554289921,-1.24350345288769,0.00440399364573033));
#8875=CARTESIAN_POINT('',(-0.817056554289921,-1.10399170180004,0.00440399364573046));
#8876=CARTESIAN_POINT('Origin',(-1.14959104082086,1.39844954276171,-0.395596006354269));
#8877=CARTESIAN_POINT('',(-1.15220567103004,1.40649654711231,0.00440399364573146));
#8878=CARTESIAN_POINT('',(-1.15220567103004,1.40649654711231,-0.244596006354269));
#8879=CARTESIAN_POINT('',(-1.15220567103004,1.40649654711231,-0.445596006354269));
#8880=CARTESIAN_POINT('',(-1.1936749347428,1.53412581733983,0.00440399364573144));
#8881=CARTESIAN_POINT('',(-1.15400133241178,1.41202302458521,0.00440399364573074));
#8882=CARTESIAN_POINT('',(-1.1936749347428,1.53412581733983,-0.244596006354269));
#8883=CARTESIAN_POINT('',(-1.1936749347428,1.53412581733983,-0.395596006354269));
#8884=CARTESIAN_POINT('',(-1.10717622338338,1.26791015740206,-0.244596006354269));
#8885=CARTESIAN_POINT('Origin',(-1.03537145640309,1.29124094047737,-0.320096006354269));
#8886=CARTESIAN_POINT('',(-1.13129704396245,1.40649654711231,-0.264481292373693));
#8887=CARTESIAN_POINT('',(-1.05707231130165,1.40649654711231,-0.335073208041011));
#8888=CARTESIAN_POINT('',(-1.05006540078223,1.58078738349045,-0.395596006354269));
#8889=CARTESIAN_POINT('',(-1.12187016776251,1.55745660041514,-0.320096006354269));
#8890=CARTESIAN_POINT('',(-1.00598150686029,1.44511110891233,-0.395596006354269));
#8891=CARTESIAN_POINT('',(-0.963566689422807,1.31457172355268,-0.395596006354269));
#8892=CARTESIAN_POINT('',(-1.12482490800745,1.40649654711231,-0.270636659448044));
#8893=CARTESIAN_POINT('',(-0.994652652207842,1.44879207692467,-0.407507869065208));
#8894=CARTESIAN_POINT('',(-1.12486765319985,1.40649654711231,-0.270596006354268));
#8895=CARTESIAN_POINT('',(-1.05707231130165,1.40649654711231,-0.335073208041011));
#8896=CARTESIAN_POINT('',(-1.12548160538594,1.40838609764805,-0.270596006354268));
#8897=CARTESIAN_POINT('',(-1.10365616267845,1.34121429193563,-0.270596006354268));
#8898=CARTESIAN_POINT('',(-1.12286619996613,1.40923589438258,-0.273346006354269));
#8899=CARTESIAN_POINT('Origin',(-1.12486357139719,1.40648398461546,-0.395596006354269));
#8900=CARTESIAN_POINT('',(-1.12486765319985,1.40649654711231,0.00440399364573129));
#8901=CARTESIAN_POINT('',(-1.12486765319985,1.40649654711231,-0.445596006354269));
#8902=CARTESIAN_POINT('',(-1.12548160538594,1.40838609764805,0.00440399364573171));
#8903=CARTESIAN_POINT('',(-1.1292738629881,1.42005746643895,0.00440399364573071));
#8904=CARTESIAN_POINT('',(-1.12548160538594,1.40838609764805,0.00440399364573157));
#8905=CARTESIAN_POINT('Origin',(-1.00536574451636,1.52747304493701,0.00440399364573116));
#8906=CARTESIAN_POINT('',(-0.817057490356043,1.50649639173665,0.00440399364573067));
#8907=CARTESIAN_POINT('',(-0.81719525428992,1.65645148075044,0.00440399364573088));
#8908=CARTESIAN_POINT('',(-0.81719525428992,1.65649654711231,0.00440399364573031));
#8909=CARTESIAN_POINT('',(-0.817056554289916,1.65649654711231,0.00440399364573088));
#8910=CARTESIAN_POINT('',(-0.817056554289916,1.54198479602466,0.00440399364573088));
#8911=CARTESIAN_POINT('',(-0.817056554289916,1.65649654711231,0.00440399364573088));
#8912=CARTESIAN_POINT('Origin',(2.20373223151794,1.40436887672117,-0.195596006354273));
#8913=CARTESIAN_POINT('',(2.19718393538259,1.40649654711231,0.00440399364573324));
#8914=CARTESIAN_POINT('',(2.19718393538259,1.40649654711231,-0.264481292373718));
#8915=CARTESIAN_POINT('',(2.19718393538259,1.40649654711231,-0.0955960063542697));
#8916=CARTESIAN_POINT('',(2.19136849680611,1.40838609764804,0.00440399364572727));
#8917=CARTESIAN_POINT('',(2.20256933574919,1.4047467244611,0.00440399364573324));
#8918=CARTESIAN_POINT('',(2.19136849680611,1.40838609764804,-0.270596006354273));
#8919=CARTESIAN_POINT('',(2.19136849680611,1.40838609764804,0.00440399364572713));
#8920=CARTESIAN_POINT('',(2.18875309138629,1.40923589438257,-0.273346006354273));
#8921=CARTESIAN_POINT('Origin',(1.88294344571008,1.5064965471123,-0.395596006354273));
#8922=CARTESIAN_POINT('',(2.1907117994276,1.40649654711231,0.00440399364572716));
#8923=CARTESIAN_POINT('',(2.19071179942759,1.40649654711231,-0.270636659448068));
#8924=CARTESIAN_POINT('',(2.19071179942759,1.40649654711231,-0.19559600635427));
#8925=CARTESIAN_POINT('',(1.88294438177621,1.50649639173665,0.00440399364573464));
#8926=CARTESIAN_POINT('',(2.04186592585089,1.45485950314037,0.00440399364573314));
#8927=CARTESIAN_POINT('',(1.88294344571008,1.5064965471123,-0.395596006354273));
#8928=CARTESIAN_POINT('',(1.88294344571008,1.50649654711231,-0.495596006354267));
#8929=CARTESIAN_POINT('',(2.07186839828046,1.44511110891232,-0.395596006354273));
#8930=CARTESIAN_POINT('',(2.21547793224103,1.3984495427617,-0.395596006354273));
#8931=CARTESIAN_POINT('',(2.06053954362801,1.44879207692466,-0.407507869065212));
#8932=CARTESIAN_POINT('Origin',(2.07125263593653,1.527473044937,0.00440399364572699));
#8933=CARTESIAN_POINT('',(1.88308214571008,1.65645148075044,0.00440399364572741));
#8934=CARTESIAN_POINT('',(1.88308214571008,1.40649654711231,0.00440399364573307));
#8935=CARTESIAN_POINT('',(1.88294344571008,1.6564965471123,0.00440399364572741));
#8936=CARTESIAN_POINT('',(1.88294344571008,1.6564965471123,0.00440399364572741));
#8937=CARTESIAN_POINT('',(1.88294344571008,1.54198479602465,0.00440399364572727));
#8938=CARTESIAN_POINT('Origin',(0.532943445710084,1.50649654711231,-0.395596006354271));
#8939=CARTESIAN_POINT('',(-0.467056554289916,1.50649654711231,0.104403993645733));
#8940=CARTESIAN_POINT('',(-0.817056554289918,1.50649654711231,0.104403993645733));
#8941=CARTESIAN_POINT('',(-0.417008436558103,1.50649654711231,0.104403993645733));
#8942=CARTESIAN_POINT('',(-0.467056554289915,1.50649654711231,0.304403993645731));
#8943=CARTESIAN_POINT('',(-0.467056554289916,1.50649654711231,0.00440399364573074));
#8944=CARTESIAN_POINT('',(-0.367056554289915,1.50649654711231,0.40440399364573));
#8945=CARTESIAN_POINT('Origin',(-0.367056554289915,1.50649654711231,0.30440399364573));
#8946=CARTESIAN_POINT('',(-0.317056554289916,1.50649654711231,0.40440399364573));
#8947=CARTESIAN_POINT('',(0.157943445710085,1.50649654711231,0.40440399364573));
#8948=CARTESIAN_POINT('',(-0.217056554289916,1.50649654711231,0.30440399364573));
#8949=CARTESIAN_POINT('Origin',(-0.317056554289916,1.50649654711231,0.30440399364573));
#8950=CARTESIAN_POINT('',(-0.117056554289916,1.50649654711231,0.20440399364573));
#8951=CARTESIAN_POINT('Origin',(-0.117056554289916,1.50649654711231,0.30440399364573));
#8952=CARTESIAN_POINT('',(1.18294344571008,1.5064965471123,0.204403993645729));
#8953=CARTESIAN_POINT('',(0.907943445710084,1.50649654711231,0.204403993645729));
#8954=CARTESIAN_POINT('',(1.28294344571008,1.5064965471123,0.304403993645728));
#8955=CARTESIAN_POINT('Origin',(1.18294344571008,1.5064965471123,0.304403993645729));
#8956=CARTESIAN_POINT('',(1.38294344571008,1.5064965471123,0.404403993645728));
#8957=CARTESIAN_POINT('Origin',(1.38294344571008,1.5064965471123,0.304403993645728));
#8958=CARTESIAN_POINT('',(1.43294344571008,1.5064965471123,0.404403993645728));
#8959=CARTESIAN_POINT('',(1.03294344571008,1.5064965471123,0.404403993645729));
#8960=CARTESIAN_POINT('',(1.53294344571008,1.5064965471123,0.304403993645728));
#8961=CARTESIAN_POINT('Origin',(1.43294344571008,1.5064965471123,0.304403993645728));
#8962=CARTESIAN_POINT('',(1.53294344571008,1.5064965471123,0.104403993645733));
#8963=CARTESIAN_POINT('',(1.53294344571008,1.5064965471123,-0.395596006354272));
#8964=CARTESIAN_POINT('',(1.88294344571008,1.50649654711231,0.104403993645733));
#8965=CARTESIAN_POINT('',(1.88294344571008,1.50649654711231,0.104403993645733));
#8966=CARTESIAN_POINT('',(1.88301279571008,1.5064965471123,0.704340992745974));
#8967=CARTESIAN_POINT('',(1.88308214571008,1.5064965471123,-0.145596006354269));
#8968=CARTESIAN_POINT('',(1.88294344571008,1.5064965471123,0.704403993645728));
#8969=CARTESIAN_POINT('',(1.88294344571008,1.5064965471123,-0.395596006354273));
#8970=CARTESIAN_POINT('',(-0.817056554289915,1.50649654711231,0.704403993645731));
#8971=CARTESIAN_POINT('',(0.532943445710085,1.50649654711231,0.704403993645729));
#8972=CARTESIAN_POINT('',(-0.817125904289918,1.50649654711231,0.704340992745962));
#8973=CARTESIAN_POINT('',(-0.817056554289917,1.50649654711231,-0.395596006354269));
#8974=CARTESIAN_POINT('',(-0.81719525428992,1.50649654711231,-0.145596006354269));
#8975=CARTESIAN_POINT('Origin',(0.532943445710082,0.417326332150743,0.303661918658913));
#8976=CARTESIAN_POINT('',(0.952530578372526,0.417326332150742,0.303661918658913));
#8977=CARTESIAN_POINT('',(1.03131793054126,0.0564965471123048,0.704403993645728));
#8978=CARTESIAN_POINT('',(0.938352219684207,0.482260283817848,0.231545459300111));
#8979=CARTESIAN_POINT('',(0.0345689608789021,0.0564965471123066,0.70440399364573));
#8980=CARTESIAN_POINT('',(0.532943445710082,0.0564965471123057,0.704403993645729));
#8981=CARTESIAN_POINT('',(0.113356313047639,0.417326332150744,0.303661918658914));
#8982=CARTESIAN_POINT('',(0.127534671735958,0.48226028381785,0.231545459300112));
#8983=CARTESIAN_POINT('',(0.532943445710082,0.417326332150743,0.303661918658913));
#8984=CARTESIAN_POINT('',(0.823575723215631,0.101516749327193,0.654403993645733));
#8985=CARTESIAN_POINT('',(0.242311168204536,0.101516749327195,0.654403993645733));
#8986=CARTESIAN_POINT('',(0.532943445710083,0.101516749327194,0.654403993645733));
#8987=CARTESIAN_POINT('Origin',(0.532943445710083,-0.0935034528877002,0.870995870870114));
#8988=CARTESIAN_POINT('Origin',(-0.067056554289918,-0.0435034528876936,
0.716718474899026));
#8989=CARTESIAN_POINT('',(-0.0670565542899178,-0.143503452887694,0.85440399364573));
#8990=CARTESIAN_POINT('',(0.0329434457100823,-0.0435034528876939,0.854403993645729));
#8991=CARTESIAN_POINT('Origin',(-0.0670565542899178,-0.0435034528876937,
0.85440399364573));
#8992=CARTESIAN_POINT('',(0.0329434457100821,-0.0435034528876938,0.70440399364573));
#8993=CARTESIAN_POINT('',(0.0329434457100821,-0.0435034528876938,0.716718474899026));
#8994=CARTESIAN_POINT('',(-0.0670565542899181,-0.143503452887694,0.70440399364573));
#8995=CARTESIAN_POINT('Origin',(-0.067056554289918,-0.0435034528876936,
0.70440399364573));
#8996=CARTESIAN_POINT('',(-0.0670565542899181,-0.143503452887694,0.716718474899026));
#8997=CARTESIAN_POINT('Origin',(0.0329434457100825,0.237499810692353,0.579032956152322));
#8998=CARTESIAN_POINT('',(0.0329434457100825,0.0564965471123064,0.854403993645729));
#8999=CARTESIAN_POINT('',(0.0329434457100822,-0.143503452887694,0.854403993645729));
#9000=CARTESIAN_POINT('',(0.0329434457100827,0.160216701996077,0.812765100464028));
#9001=CARTESIAN_POINT('Origin',(0.0329434457100823,0.0564965471123065,0.70440399364573));
#9002=CARTESIAN_POINT('',(0.0329434457100823,0.0398695006429313,0.70440399364573));
#9003=CARTESIAN_POINT('',(0.0329434457100825,0.123597639280552,0.779793148296574));
#9004=CARTESIAN_POINT('',(0.0329434457100823,0.0564965471123066,0.70440399364573));
#9005=CARTESIAN_POINT('Origin',(1.13294344571008,-0.0435034528876954,0.716718474899024));
#9006=CARTESIAN_POINT('',(1.13294344571008,-0.143503452887695,0.704403993645728));
#9007=CARTESIAN_POINT('',(1.03294344571008,-0.0435034528876952,0.704403993645728));
#9008=CARTESIAN_POINT('Origin',(1.13294344571008,-0.0435034528876954,0.704403993645728));
#9009=CARTESIAN_POINT('',(1.03294344571008,-0.0435034528876952,0.854403993645728));
#9010=CARTESIAN_POINT('',(1.03294344571008,-0.0435034528876952,0.716718474899024));
#9011=CARTESIAN_POINT('',(1.13294344571008,-0.143503452887696,0.854403993645728));
#9012=CARTESIAN_POINT('Origin',(1.13294344571008,-0.0435034528876954,0.854403993645728));
#9013=CARTESIAN_POINT('',(1.13294344571008,-0.143503452887696,0.716718474899024));
#9014=CARTESIAN_POINT('Origin',(1.03294344571008,0.237499810692351,0.579032956152321));
#9015=CARTESIAN_POINT('',(1.03294344571008,0.0398695006429295,0.704403993645728));
#9016=CARTESIAN_POINT('',(1.03294344571008,0.0564965471123048,0.704403993645728));
#9017=CARTESIAN_POINT('',(1.03294344571008,0.160216701996075,0.812765100464027));
#9018=CARTESIAN_POINT('',(1.03294344571008,0.12359763928055,0.779793148296573));
#9019=CARTESIAN_POINT('',(1.03294344571008,0.0564965471123046,0.854403993645728));
#9020=CARTESIAN_POINT('Origin',(1.03294344571008,0.0564965471123047,0.704403993645728));
#9021=CARTESIAN_POINT('',(1.03294344571008,-0.143503452887695,0.854403993645728));
#9022=CARTESIAN_POINT('Origin',(0.932943445710083,0.618503074272397,0.304403993645729));
#9023=CARTESIAN_POINT('',(0.932943445710083,0.618503074272398,0.304403993645729));
#9024=CARTESIAN_POINT('',(0.931065371197663,0.637792518949245,0.304475146077433));
#9025=CARTESIAN_POINT('',(1.03131793054126,0.167968270933914,0.804773584599557));
#9026=CARTESIAN_POINT('',(0.981699338950915,0.395211162649717,0.552394785154011));
#9027=CARTESIAN_POINT('Origin',(1.03131793054126,0.0564965471123047,0.704403993645728));
#9028=CARTESIAN_POINT('',(0.994018602565998,0.438023383291548,0.704403993645728));
#9029=CARTESIAN_POINT('Origin',(0.532943445710083,0.618503074272398,0.304403993645729));
#9030=CARTESIAN_POINT('',(0.132943445710083,0.618503074272399,0.30440399364573));
#9031=CARTESIAN_POINT('',(0.134821520222502,0.637792518949246,0.304475146077434));
#9032=CARTESIAN_POINT('',(0.532943445710083,0.618503074272398,0.304403993645729));
#9033=CARTESIAN_POINT('Origin',(0.532943445710083,0.206496547112308,0.704403993645729));
#9034=CARTESIAN_POINT('',(1.93294344571008,0.656496547112307,0.704403993645727));
#9035=CARTESIAN_POINT('',(1.88308214571008,0.656496547112307,0.704403993645733));
#9036=CARTESIAN_POINT('',(2.28308214571008,0.656496547112307,0.704403993645733));
#9037=CARTESIAN_POINT('',(1.93294344571008,0.606496547112305,0.704403993645727));
#9038=CARTESIAN_POINT('',(1.93294344571008,0.406496547112306,0.704403993645727));
#9039=CARTESIAN_POINT('',(2.03294344571008,0.506496547112304,0.704403993645727));
#9040=CARTESIAN_POINT('Origin',(2.03294344571008,0.606496547112305,0.704403993645727));
#9041=CARTESIAN_POINT('',(2.13294344571008,0.506496547112305,0.704403993645727));
#9042=CARTESIAN_POINT('',(2.08294344571008,0.506496547112305,0.704403993645727));
#9043=CARTESIAN_POINT('',(2.13294344571008,-0.0935034528876952,0.704403993645727));
#9044=CARTESIAN_POINT('',(2.13294344571008,0.206496547112305,0.704403993645727));
#9045=CARTESIAN_POINT('',(2.03294344571008,-0.0935034528876944,0.704403993645727));
#9046=CARTESIAN_POINT('',(1.38294344571008,-0.0935034528876931,0.704403993645728));
#9047=CARTESIAN_POINT('',(1.93294344571008,-0.193503452887694,0.704403993645727));
#9048=CARTESIAN_POINT('Origin',(2.03294344571008,-0.193503452887695,0.704403993645727));
#9049=CARTESIAN_POINT('',(1.93294344571008,-0.243503452887693,0.704403993645727));
#9050=CARTESIAN_POINT('',(1.93294344571008,0.00649654711230466,0.704403993645727));
#9051=CARTESIAN_POINT('',(1.88308214571008,-0.243503452887693,0.704403993645732));
#9052=CARTESIAN_POINT('',(2.28308214571008,-0.243503452887693,0.704403993645732));
#9053=CARTESIAN_POINT('',(1.88308214571008,-1.04350345288769,0.704403993645727));
#9054=CARTESIAN_POINT('',(1.88308214571008,1.65649654711231,0.704403993645733));
#9055=CARTESIAN_POINT('',(1.88294344571008,-1.04350345288769,0.704403993645727));
#9056=CARTESIAN_POINT('',(-1.16705655428992,-1.04350345288769,0.704403993645731));
#9057=CARTESIAN_POINT('',(1.88294344571008,-1.09350345288769,0.704403993645727));
#9058=CARTESIAN_POINT('',(1.88294344571008,-1.09350345288769,0.704403993645727));
#9059=CARTESIAN_POINT('',(1.48294344571008,-1.09350345288769,0.704403993645727));
#9060=CARTESIAN_POINT('',(1.48294344571008,-1.09350345288769,0.704403993645727));
#9061=CARTESIAN_POINT('',(1.48294344571008,-0.943503452887694,0.704403993645727));
#9062=CARTESIAN_POINT('',(1.48294344571008,-0.368503452887694,0.704403993645728));
#9063=CARTESIAN_POINT('',(1.18294344571008,-0.943503452887693,0.704403993645728));
#9064=CARTESIAN_POINT('',(0.0579434457100805,-0.943503452887691,0.704403993645729));
#9065=CARTESIAN_POINT('',(1.08294344571008,-1.49350345288769,0.704403993645728));
#9066=CARTESIAN_POINT('',(1.08294344571008,-1.49350345288769,0.704403993645728));
#9067=CARTESIAN_POINT('',(-0.0170565542899205,-1.49350345288769,0.704403993645729));
#9068=CARTESIAN_POINT('',(-0.0170565542899205,-1.49350345288769,0.704403993645729));
#9069=CARTESIAN_POINT('',(-0.117056554289919,-0.943503452887691,0.704403993645729));
#9070=CARTESIAN_POINT('',(-0.117056554289919,-0.943503452887691,0.704403993645729));
#9071=CARTESIAN_POINT('',(-0.41705655428992,-0.943503452887691,0.70440399364573));
#9072=CARTESIAN_POINT('',(0.0579434457100805,-0.943503452887691,0.704403993645729));
#9073=CARTESIAN_POINT('',(-0.417056554289919,-0.606003452887691,0.70440399364573));
#9074=CARTESIAN_POINT('',(-0.81705655428992,-1.04350345288769,0.70440399364573));
#9075=CARTESIAN_POINT('',(-0.81705655428992,-1.09350345288769,0.70440399364573));
#9076=CARTESIAN_POINT('',(-0.817195254289919,-1.04350345288769,0.70440399364573));
#9077=CARTESIAN_POINT('',(-1.16705655428992,-1.04350345288769,0.704403993645731));
#9078=CARTESIAN_POINT('',(-0.817195254289919,-0.243503452887691,0.704403993645732));
#9079=CARTESIAN_POINT('',(-0.817195254289919,-1.24350345288769,0.704403993645733));
#9080=CARTESIAN_POINT('',(-0.867056554289918,-0.243503452887692,0.704403993645731));
#9081=CARTESIAN_POINT('',(-1.21719525428992,-0.243503452887691,0.704403993645732));
#9082=CARTESIAN_POINT('',(-0.867056554289918,-0.193503452887689,0.704403993645731));
#9083=CARTESIAN_POINT('',(-0.867056554289918,0.00649654711230973,0.704403993645731));
#9084=CARTESIAN_POINT('',(-0.967056554289917,-0.093503452887689,0.704403993645731));
#9085=CARTESIAN_POINT('Origin',(-0.967056554289918,-0.193503452887689,0.704403993645731));
#9086=CARTESIAN_POINT('',(-1.06705655428992,-0.0935034528876894,0.704403993645731));
#9087=CARTESIAN_POINT('',(-1.01705655428992,-0.0935034528876895,0.704403993645731));
#9088=CARTESIAN_POINT('',(-1.06705655428992,0.506496547112311,0.704403993645731));
#9089=CARTESIAN_POINT('',(-1.06705655428992,0.206496547112311,0.704403993645731));
#9090=CARTESIAN_POINT('',(-0.967056554289916,0.50649654711231,0.704403993645731));
#9091=CARTESIAN_POINT('',(-0.317056554289916,0.506496547112309,0.70440399364573));
#9092=CARTESIAN_POINT('',(-0.867056554289916,0.60649654711231,0.704403993645731));
#9093=CARTESIAN_POINT('Origin',(-0.967056554289916,0.60649654711231,0.704403993645731));
#9094=CARTESIAN_POINT('',(-0.867056554289916,0.656496547112308,0.704403993645731));
#9095=CARTESIAN_POINT('',(-0.867056554289917,0.406496547112311,0.704403993645731));
#9096=CARTESIAN_POINT('',(-0.817195254289919,0.656496547112309,0.704403993645731));
#9097=CARTESIAN_POINT('',(-1.21719525428992,0.656496547112309,0.704403993645732));
#9098=CARTESIAN_POINT('',(-0.817195254289919,1.45649654711231,0.704403993645731));
#9099=CARTESIAN_POINT('',(-0.817195254289919,-1.24350345288769,0.704403993645733));
#9100=CARTESIAN_POINT('',(-0.817056554289915,1.45649654711231,0.704403993645731));
#9101=CARTESIAN_POINT('',(2.23294344571008,1.4564965471123,0.704403993645727));
#9102=CARTESIAN_POINT('',(-0.817056554289915,1.50649654711231,0.704403993645731));
#9103=CARTESIAN_POINT('',(1.88294344571008,1.4564965471123,0.704403993645728));
#9104=CARTESIAN_POINT('',(1.88294344571008,1.5064965471123,0.704403993645728));
#9105=CARTESIAN_POINT('',(1.88308214571008,1.45649654711231,0.704403993645728));
#9106=CARTESIAN_POINT('',(2.23294344571008,1.4564965471123,0.704403993645727));
#9107=CARTESIAN_POINT('',(1.88308214571008,1.65649654711231,0.704403993645733));
#9108=CARTESIAN_POINT('',(1.23294344571008,-0.143503452887696,0.704403993645728));
#9109=CARTESIAN_POINT('',(0.882943445710082,-0.143503452887695,0.704403993645728));
#9110=CARTESIAN_POINT('',(1.33294344571008,-0.0435034528876956,0.704403993645728));
#9111=CARTESIAN_POINT('Origin',(1.23294344571008,-0.0435034528876958,0.704403993645728));
#9112=CARTESIAN_POINT('',(1.33294344571008,1.0564965471123,0.704403993645728));
#9113=CARTESIAN_POINT('',(1.33294344571008,0.631496547112305,0.704403993645728));
#9114=CARTESIAN_POINT('',(1.23294344571008,1.1564965471123,0.704403993645728));
#9115=CARTESIAN_POINT('Origin',(1.23294344571008,1.0564965471123,0.704403993645728));
#9116=CARTESIAN_POINT('',(1.03294344571008,1.1564965471123,0.704403993645729));
#9117=CARTESIAN_POINT('',(0.782943445710084,1.1564965471123,0.704403993645729));
#9118=CARTESIAN_POINT('',(0.932943445710084,1.0564965471123,0.704403993645729));
#9119=CARTESIAN_POINT('Origin',(1.03294344571008,1.0564965471123,0.704403993645729));
#9120=CARTESIAN_POINT('',(0.932943445710084,0.956496547112305,0.704403993645729));
#9121=CARTESIAN_POINT('',(0.932943445710084,0.581496547112306,0.704403993645729));
#9122=CARTESIAN_POINT('',(0.132943445710084,0.956496547112306,0.70440399364573));
#9123=CARTESIAN_POINT('',(0.332943445710084,0.956496547112306,0.70440399364573));
#9124=CARTESIAN_POINT('',(0.132943445710084,1.05649654711231,0.70440399364573));
#9125=CARTESIAN_POINT('',(0.132943445710083,0.631496547112307,0.70440399364573));
#9126=CARTESIAN_POINT('',(0.0329434457100843,1.15649654711231,0.70440399364573));
#9127=CARTESIAN_POINT('Origin',(0.032943445710084,1.05649654711231,0.70440399364573));
#9128=CARTESIAN_POINT('',(-0.167056554289916,1.15649654711231,0.70440399364573));
#9129=CARTESIAN_POINT('',(0.182943445710084,1.15649654711231,0.70440399364573));
#9130=CARTESIAN_POINT('',(-0.267056554289916,1.05649654711231,0.70440399364573));
#9131=CARTESIAN_POINT('Origin',(-0.167056554289916,1.05649654711231,0.70440399364573));
#9132=CARTESIAN_POINT('',(-0.267056554289918,-0.0435034528876933,0.70440399364573));
#9133=CARTESIAN_POINT('',(-0.267056554289918,0.0814965471123078,0.70440399364573));
#9134=CARTESIAN_POINT('',(-0.167056554289918,-0.143503452887694,0.70440399364573));
#9135=CARTESIAN_POINT('Origin',(-0.167056554289918,-0.0435034528876933,
0.70440399364573));
#9136=CARTESIAN_POINT('',(0.882943445710082,-0.143503452887695,0.704403993645728));
#9137=CARTESIAN_POINT('',(0.0718682888541677,0.43802338329155,0.70440399364573));
#9138=CARTESIAN_POINT('Origin',(0.132943445710083,0.618503074272399,0.30440399364573));
#9139=CARTESIAN_POINT('',(0.0345689608789024,0.167968270933916,0.804773584599558));
#9140=CARTESIAN_POINT('Origin',(0.0345689608789021,0.0564965471123065,0.70440399364573));
#9141=CARTESIAN_POINT('',(0.0841875524692501,0.395211162649718,0.552394785154013));
#9142=CARTESIAN_POINT('Origin',(0.532943445710082,0.0564965471123056,0.704403993645729));
#9143=CARTESIAN_POINT('',(0.532943445710083,0.167968270933915,0.804773584599558));
#9144=CARTESIAN_POINT('',(0.532943445710083,0.0564965471123055,0.854403993645729));
#9145=CARTESIAN_POINT('Origin',(0.532943445710083,0.123280849908586,0.854403993645729));
#9146=CARTESIAN_POINT('Origin',(1.23294344571008,-0.143503452887696,0.854403993645728));
#9147=CARTESIAN_POINT('',(1.23294344571008,-0.143503452887696,0.854403993645728));
#9148=CARTESIAN_POINT('',(0.882943445710082,-0.143503452887695,0.854403993645728));
#9149=CARTESIAN_POINT('',(1.23294344571008,-0.143503452887696,0.854403993645728));
#9150=CARTESIAN_POINT('Origin',(1.23294344571008,-0.143503452887696,0.854403993645728));
#9151=CARTESIAN_POINT('',(-0.167056554289918,-0.143503452887694,0.85440399364573));
#9152=CARTESIAN_POINT('',(-0.167056554289918,-0.143503452887694,0.85440399364573));
#9153=CARTESIAN_POINT('',(0.882943445710082,-0.143503452887695,0.854403993645728));
#9154=CARTESIAN_POINT('Origin',(1.23294344571008,-0.0435034528876958,0.854403993645728));
#9155=CARTESIAN_POINT('',(1.33294344571008,-0.0435034528876957,0.854403993645728));
#9156=CARTESIAN_POINT('Origin',(1.23294344571008,-0.0435034528876958,0.854403993645728));
#9157=CARTESIAN_POINT('',(1.33294344571008,-0.0435034528876957,0.854403993645728));
#9158=CARTESIAN_POINT('Origin',(1.33294344571008,1.0564965471123,0.854403993645728));
#9159=CARTESIAN_POINT('',(1.33294344571008,1.0564965471123,0.854403993645728));
#9160=CARTESIAN_POINT('',(1.33294344571008,0.631496547112305,0.854403993645728));
#9161=CARTESIAN_POINT('',(1.33294344571008,1.0564965471123,0.854403993645728));
#9162=CARTESIAN_POINT('Origin',(1.23294344571008,1.0564965471123,0.854403993645728));
#9163=CARTESIAN_POINT('',(1.23294344571008,1.1564965471123,0.854403993645728));
#9164=CARTESIAN_POINT('Origin',(1.23294344571008,1.0564965471123,0.854403993645728));
#9165=CARTESIAN_POINT('',(1.23294344571008,1.1564965471123,0.854403993645728));
#9166=CARTESIAN_POINT('Origin',(1.03294344571008,1.1564965471123,0.854403993645729));
#9167=CARTESIAN_POINT('',(1.03294344571008,1.1564965471123,0.854403993645729));
#9168=CARTESIAN_POINT('',(0.782943445710084,1.1564965471123,0.854403993645729));
#9169=CARTESIAN_POINT('',(1.03294344571008,1.1564965471123,0.854403993645729));
#9170=CARTESIAN_POINT('Origin',(1.03294344571008,1.0564965471123,0.854403993645729));
#9171=CARTESIAN_POINT('',(0.932943445710084,1.0564965471123,0.854403993645729));
#9172=CARTESIAN_POINT('Origin',(1.03294344571008,1.0564965471123,0.854403993645729));
#9173=CARTESIAN_POINT('',(0.932943445710084,1.0564965471123,0.854403993645729));
#9174=CARTESIAN_POINT('Origin',(0.932943445710084,0.956496547112305,0.854403993645729));
#9175=CARTESIAN_POINT('',(0.932943445710084,0.956496547112305,0.854403993645729));
#9176=CARTESIAN_POINT('',(0.932943445710084,0.581496547112306,0.854403993645729));
#9177=CARTESIAN_POINT('',(0.932943445710084,0.956496547112305,0.854403993645729));
#9178=CARTESIAN_POINT('Origin',(0.132943445710084,0.956496547112306,0.85440399364573));
#9179=CARTESIAN_POINT('',(0.132943445710084,0.956496547112306,0.85440399364573));
#9180=CARTESIAN_POINT('',(0.332943445710084,0.956496547112306,0.854403993645729));
#9181=CARTESIAN_POINT('',(0.132943445710084,0.956496547112306,0.85440399364573));
#9182=CARTESIAN_POINT('Origin',(0.132943445710084,1.05649654711231,0.85440399364573));
#9183=CARTESIAN_POINT('',(0.132943445710084,1.05649654711231,0.85440399364573));
#9184=CARTESIAN_POINT('',(0.132943445710084,0.631496547112307,0.85440399364573));
#9185=CARTESIAN_POINT('',(0.132943445710084,1.05649654711231,0.85440399364573));
#9186=CARTESIAN_POINT('Origin',(0.0329434457100843,1.05649654711231,0.85440399364573));
#9187=CARTESIAN_POINT('',(0.0329434457100845,1.15649654711231,0.85440399364573));
#9188=CARTESIAN_POINT('Origin',(0.0329434457100843,1.05649654711231,0.85440399364573));
#9189=CARTESIAN_POINT('',(0.0329434457100845,1.15649654711231,0.85440399364573));
#9190=CARTESIAN_POINT('Origin',(-0.167056554289916,1.15649654711231,0.85440399364573));
#9191=CARTESIAN_POINT('',(-0.167056554289916,1.15649654711231,0.85440399364573));
#9192=CARTESIAN_POINT('',(0.182943445710084,1.15649654711231,0.85440399364573));
#9193=CARTESIAN_POINT('',(-0.167056554289916,1.15649654711231,0.85440399364573));
#9194=CARTESIAN_POINT('Origin',(-0.167056554289916,1.05649654711231,0.85440399364573));
#9195=CARTESIAN_POINT('',(-0.267056554289916,1.05649654711231,0.85440399364573));
#9196=CARTESIAN_POINT('Origin',(-0.167056554289916,1.05649654711231,0.85440399364573));
#9197=CARTESIAN_POINT('',(-0.267056554289916,1.05649654711231,0.85440399364573));
#9198=CARTESIAN_POINT('Origin',(-0.267056554289918,-0.0435034528876933,
0.85440399364573));
#9199=CARTESIAN_POINT('',(-0.267056554289918,-0.0435034528876933,0.85440399364573));
#9200=CARTESIAN_POINT('',(-0.267056554289918,0.0814965471123078,0.85440399364573));
#9201=CARTESIAN_POINT('',(-0.267056554289918,-0.0435034528876933,0.85440399364573));
#9202=CARTESIAN_POINT('Origin',(-0.167056554289917,-0.0435034528876933,
0.85440399364573));
#9203=CARTESIAN_POINT('Origin',(-0.167056554289917,-0.0435034528876933,
0.85440399364573));
#9204=CARTESIAN_POINT('Origin',(-1.13784534009778,1.40436887672117,-0.195596006354268));
#9205=CARTESIAN_POINT('',(-1.13129704396244,1.40649654711231,0.00440399364573126));
#9206=CARTESIAN_POINT('',(-1.13129704396245,1.40649654711231,-0.345596006354269));
#9207=CARTESIAN_POINT('',(-1.17341902259731,1.39281028660954,0.00440399364573076));
#9208=CARTESIAN_POINT('Origin',(-0.817056554289917,1.50649654711231,-0.395596006354269));
#9209=CARTESIAN_POINT('',(-1.12482490800745,1.40649654711231,0.00440399364573154));
#9210=CARTESIAN_POINT('',(-1.12482490800745,1.40649654711231,-0.445596006354269));
#9211=CARTESIAN_POINT('',(-0.817056554289917,1.50649654711231,-0.395596006354269));
#9212=CARTESIAN_POINT('',(-1.14959104082086,1.39844954276171,-0.395596006354269));
#9213=CARTESIAN_POINT('',(-0.817056554289918,1.50649654711231,-0.495596006354267));
#9214=CARTESIAN_POINT('',(-1.012715612699,1.44292306528881,0.00440399364573064));
#9215=CARTESIAN_POINT('Origin',(2.19075046281736,1.40648398461545,-0.395596006354273));
#9216=CARTESIAN_POINT('',(2.19075454462002,1.40649654711231,-0.270596006354273));
#9217=CARTESIAN_POINT('',(2.19075454462002,1.40649654711231,0.00440399364573324));
#9218=CARTESIAN_POINT('',(2.19075454462002,1.40649654711231,-0.19559600635427));
#9219=CARTESIAN_POINT('',(2.16954305409861,1.34121429193563,-0.270596006354273));
#9220=CARTESIAN_POINT('',(2.23189733267655,1.53312102858738,0.00440399364573338));
#9221=CARTESIAN_POINT('Origin',(2.21547793224103,1.3984495427617,-0.395596006354273));
#9222=CARTESIAN_POINT('',(2.21809256245021,1.40649654711231,-0.244596006354273));
#9223=CARTESIAN_POINT('',(2.21809256245021,1.40649654711231,0.00440399364572713));
#9224=CARTESIAN_POINT('',(2.21809256245021,1.40649654711231,-0.19559600635427));
#9225=CARTESIAN_POINT('',(2.25956182616297,1.53412581733982,-0.244596006354273));
#9226=CARTESIAN_POINT('',(2.17306311480354,1.26791015740205,-0.244596006354273));
#9227=CARTESIAN_POINT('',(2.25956182616297,1.53412581733982,0.00440399364572699));
#9228=CARTESIAN_POINT('',(2.25956182616297,1.53412581733982,-0.395596006354273));
#9229=CARTESIAN_POINT('',(2.25662480210022,1.52508658673364,0.00440399364573338));
#9230=CARTESIAN_POINT('Origin',(-1.1936749347428,1.53412581733983,-0.395596006354269));
#9231=CARTESIAN_POINT('',(-1.22306674988641,1.52457583769163,0.00440399364573067));
#9232=CARTESIAN_POINT('',(-0.817056554289916,1.65649654711231,-0.395596006354269));
#9233=CARTESIAN_POINT('',(-0.817056554289915,1.65649654711231,0.654403993645731));
#9234=CARTESIAN_POINT('',(-0.817056554289916,1.65649654711231,-0.395596006354269));
#9235=CARTESIAN_POINT('Origin',(2.10125834782326,1.29124094047736,-0.320096006354273));
#9236=CARTESIAN_POINT('',(2.2478019794408,1.40649654711231,-0.216340671730042));
#9237=CARTESIAN_POINT('',(2.2478019794408,1.40649654711231,-0.216340671730042));
#9238=CARTESIAN_POINT('',(2.1159522922024,1.58078738349044,-0.395596006354273));
#9239=CARTESIAN_POINT('',(2.02945358084297,1.31457172355267,-0.395596006354273));
#9240=CARTESIAN_POINT('',(2.18775705918268,1.55745660041513,-0.320096006354273));
#9241=CARTESIAN_POINT('Origin',(2.25956182616297,1.53412581733982,-0.395596006354273));
#9242=CARTESIAN_POINT('',(1.88294344571008,1.6564965471123,-0.395596006354273));
#9243=CARTESIAN_POINT('',(1.88294344571008,1.6564965471123,-0.395596006354273));
#9244=CARTESIAN_POINT('',(1.88294344571009,1.6564965471123,0.654403993645728));
#9245=CARTESIAN_POINT('',(2.2522170630383,1.53651227554319,0.00440399364573338));
#9246=CARTESIAN_POINT('Origin',(1.88294344571008,1.5564965471123,0.229403993645728));
#9247=CARTESIAN_POINT('',(1.88294344571009,1.6564965471123,0.654403993645728));
#9248=CARTESIAN_POINT('',(1.88294344571009,1.6564965471123,0.654403993645728));
#9249=CARTESIAN_POINT('',(1.88294344571009,1.4564965471123,0.854403993645728));
#9250=CARTESIAN_POINT('Origin',(1.88294344571008,1.4564965471123,0.654403993645728));
#9251=CARTESIAN_POINT('',(1.88294344571008,1.45649654711231,0.466903993645728));
#9252=CARTESIAN_POINT('',(1.88294344571008,1.50649654711231,-0.495596006354267));
#9253=CARTESIAN_POINT('Origin',(2.20373223151794,-0.991375782496559,-0.195596006354274));
#9254=CARTESIAN_POINT('',(2.19718393538261,-0.993503452887692,0.00440399364572649));
#9255=CARTESIAN_POINT('',(2.19718393538261,-0.993503452887692,-0.345596006354271));
#9256=CARTESIAN_POINT('',(2.23930591401747,-0.979817192384925,0.00440399364573192));
#9257=CARTESIAN_POINT('Origin',(1.88294344571008,-1.09350345288769,-0.395596006354273));
#9258=CARTESIAN_POINT('',(2.19071179942761,-0.993503452887692,0.00440399364572647));
#9259=CARTESIAN_POINT('',(2.19071179942761,-0.993503452887692,-0.445596006354271));
#9260=CARTESIAN_POINT('',(1.88294344571008,-1.09350345288769,-0.395596006354273));
#9261=CARTESIAN_POINT('',(2.21547793224102,-0.985456448537095,-0.395596006354274));
#9262=CARTESIAN_POINT('',(1.88294344571008,-1.09350345288769,-0.495596006354267));
#9263=CARTESIAN_POINT('',(2.07860250411917,-1.0299299710642,0.00440399364573178));
#9264=CARTESIAN_POINT('Origin',(1.48294344571008,-1.09350345288769,-0.395596006354273));
#9265=CARTESIAN_POINT('',(1.88294344571008,-1.24350345288769,-0.395596006354273));
#9266=CARTESIAN_POINT('',(1.88294344571008,-1.24350345288769,-0.395596006354273));
#9267=CARTESIAN_POINT('',(1.715308985308,-1.24350345288769,-0.395596006354273));
#9268=CARTESIAN_POINT('',(1.48294344571008,-1.24350345288769,-0.395596006354273));
#9269=CARTESIAN_POINT('',(1.715308985308,-1.09350345288769,-0.395596006354273));
#9270=CARTESIAN_POINT('',(1.715308985308,-1.16850345288769,-0.395596006354273));
#9271=CARTESIAN_POINT('',(1.49294344571008,-1.09350345288769,-0.395596006354273));
#9272=CARTESIAN_POINT('Origin',(2.25956182616296,-1.12113272311522,-0.395596006354274));
#9273=CARTESIAN_POINT('',(2.28895364130658,-1.11158274346702,0.00440399364573185));
#9274=CARTESIAN_POINT('',(1.88294344571008,-1.24350345288769,0.854403993645727));
#9275=CARTESIAN_POINT('Origin',(-0.649422093887845,-1.16850345288769,-0.24559600635427));
#9276=CARTESIAN_POINT('',(-0.500037063615289,-1.24350345288769,-0.25916482098442));
#9277=CARTESIAN_POINT('',(-0.649422093887845,-1.24350345288769,-0.39559600635427));
#9278=CARTESIAN_POINT('Origin',(-0.649422093887845,-1.24350345288769,-0.24559600635427));
#9279=CARTESIAN_POINT('',(-0.649422093887845,-1.09350345288769,-0.39559600635427));
#9280=CARTESIAN_POINT('',(-0.649422093887845,-1.16850345288769,-0.39559600635427));
#9281=CARTESIAN_POINT('',(-0.500037063615288,-1.09350345288769,-0.25916482098442));
#9282=CARTESIAN_POINT('Origin',(-0.649422093887845,-1.09350345288769,-0.24559600635427));
#9283=CARTESIAN_POINT('',(-0.500037063615289,-1.16850345288769,-0.25916482098442));
#9284=CARTESIAN_POINT('Origin',(-0.417056554289921,-1.09350345288769,-0.39559600635427));
#9285=CARTESIAN_POINT('',(-0.817056554289921,-1.24350345288769,-0.39559600635427));
#9286=CARTESIAN_POINT('',(-0.417056554289921,-1.24350345288769,-0.39559600635427));
#9287=CARTESIAN_POINT('',(-0.817056554289921,-1.24350345288769,-0.39559600635427));
#9288=CARTESIAN_POINT('',(-0.617056554289919,-1.09350345288769,-0.39559600635427));
#9289=CARTESIAN_POINT('Origin',(-0.512429265569377,-1.24350345288769,-0.39559600635427));
#9290=CARTESIAN_POINT('',(-0.518180010910043,-1.09350345288769,-0.458908483547104));
#9291=CARTESIAN_POINT('',(-0.41705655428992,-1.24350345288769,0.65440399364573));
#9292=CARTESIAN_POINT('',(-0.41705655428992,-1.33100345288769,0.654403993645729));
#9293=CARTESIAN_POINT('',(-0.512039058229694,-1.24350345288769,-0.391300042643365));
#9294=CARTESIAN_POINT('Origin',(-0.417056554289921,-1.24350345288769,-0.39559600635427));
#9295=CARTESIAN_POINT('',(-0.81705655428992,-1.24350345288769,0.65440399364573));
#9296=CARTESIAN_POINT('',(0.0579434457100799,-1.24350345288769,0.654403993645729));
#9297=CARTESIAN_POINT('',(-0.81705655428992,-1.24350345288769,0.85440399364573));
#9298=CARTESIAN_POINT('',(-0.81705655428992,-1.24350345288769,0.85440399364573));
#9299=CARTESIAN_POINT('Origin',(0.0579434457100803,-1.04350345288769,0.654403993645729));
#9300=CARTESIAN_POINT('',(-0.817056554289919,-1.04350345288769,0.85440399364573));
#9301=CARTESIAN_POINT('Origin',(-0.81705655428992,-1.04350345288769,0.65440399364573));
#9302=CARTESIAN_POINT('',(-0.41705655428992,-1.04350345288769,0.85440399364573));
#9303=CARTESIAN_POINT('Origin',(-0.41705655428992,-1.04350345288769,0.65440399364573));
#9304=CARTESIAN_POINT('',(0.0579434457100805,-1.04350345288769,0.854403993645729));
#9305=CARTESIAN_POINT('Origin',(-0.41705655428992,-1.41850345288769,0.85440399364573));
#9306=CARTESIAN_POINT('',(-0.41705655428992,-0.943503452887691,0.85440399364573));
#9307=CARTESIAN_POINT('',(-0.41705655428992,-0.943503452887691,0.85440399364573));
#9308=CARTESIAN_POINT('',(-0.41705655428992,-0.943503452887691,0.85440399364573));
#9309=CARTESIAN_POINT('Origin',(1.715308985308,-1.16850345288769,-0.245596006354273));
#9310=CARTESIAN_POINT('',(1.56592395503545,-1.09350345288769,-0.259164820984423));
#9311=CARTESIAN_POINT('Origin',(1.715308985308,-1.09350345288769,-0.245596006354273));
#9312=CARTESIAN_POINT('',(1.56592395503545,-1.24350345288769,-0.259164820984423));
#9313=CARTESIAN_POINT('Origin',(1.715308985308,-1.24350345288769,-0.245596006354273));
#9314=CARTESIAN_POINT('',(1.56592395503545,-1.16850345288769,-0.259164820984423));
#9315=CARTESIAN_POINT('Origin',(1.48294344571008,-1.09350345288769,0.704403993645727));
#9316=CARTESIAN_POINT('',(1.53290058018979,-1.09350345288769,0.104403993645733));
#9317=CARTESIAN_POINT('',(1.88294344571008,-1.09350345288769,0.104403993645733));
#9318=CARTESIAN_POINT('',(1.50294344571008,-1.09350345288769,0.104403993645733));
#9319=CARTESIAN_POINT('',(1.48294344571008,-1.09350345288769,0.654403993645727));
#9320=CARTESIAN_POINT('',(1.52837760381171,-1.09350345288769,0.154199423945208));
#9321=CARTESIAN_POINT('',(1.48294344571008,-1.09350345288769,-0.395596006354273));
#9322=CARTESIAN_POINT('',(1.88301279571008,-1.09350345288769,0.704340992745963));
#9323=CARTESIAN_POINT('',(1.88294344571008,-1.09350345288769,-0.395596006354273));
#9324=CARTESIAN_POINT('',(1.88308214571008,-1.09350345288769,0.40440399364573));
#9325=CARTESIAN_POINT('Origin',(1.57831615698953,-1.24350345288769,-0.395596006354273));
#9326=CARTESIAN_POINT('',(1.48294344571008,-1.24350345288769,0.654403993645727));
#9327=CARTESIAN_POINT('',(1.57792594964985,-1.24350345288769,-0.391300042643368));
#9328=CARTESIAN_POINT('',(1.48294344571008,-1.0935034528877,0.654403993645728));
#9329=CARTESIAN_POINT('',(1.58251217260625,-1.09350345288769,-0.441791782257565));
#9330=CARTESIAN_POINT('Origin',(1.48294344571008,-0.943503452887694,0.854403993645727));
#9331=CARTESIAN_POINT('',(1.48294344571008,-1.04350345288769,0.854403993645727));
#9332=CARTESIAN_POINT('Origin',(1.48294344571008,-1.04350345288769,0.654403993645727));
#9333=CARTESIAN_POINT('',(1.48294344571008,-0.943503452887694,0.854403993645727));
#9334=CARTESIAN_POINT('',(1.48294344571008,-0.943503452887694,0.854403993645727));
#9335=CARTESIAN_POINT('',(1.48294344571008,-0.943503452887694,0.854403993645727));
#9336=CARTESIAN_POINT('Origin',(1.00794344571008,-1.04350345288769,0.654403993645728));
#9337=CARTESIAN_POINT('',(1.88294344571008,-1.24350345288769,0.654403993645727));
#9338=CARTESIAN_POINT('',(1.88294344571008,-1.04350345288769,0.854403993645727));
#9339=CARTESIAN_POINT('Origin',(1.88294344571008,-1.04350345288769,0.654403993645727));
#9340=CARTESIAN_POINT('',(1.00794344571008,-1.04350345288769,0.854403993645728));
#9341=CARTESIAN_POINT('',(1.00794344571008,-1.24350345288769,0.654403993645728));
#9342=CARTESIAN_POINT('Origin',(0.532943445710083,0.206496547112308,0.854403993645729));
#9343=CARTESIAN_POINT('',(-0.117056554289919,-0.943503452887691,0.854403993645729));
#9344=CARTESIAN_POINT('',(0.0579434457100807,-0.943503452887691,0.854403993645729));
#9345=CARTESIAN_POINT('',(-0.0170565542899203,-1.49350345288769,0.854403993645729));
#9346=CARTESIAN_POINT('',(-0.117056554289919,-0.943503452887691,0.854403993645729));
#9347=CARTESIAN_POINT('',(1.08294344571008,-1.49350345288769,0.854403993645728));
#9348=CARTESIAN_POINT('',(-0.0170565542899203,-1.49350345288769,0.854403993645729));
#9349=CARTESIAN_POINT('',(1.18294344571008,-0.943503452887693,0.854403993645728));
#9350=CARTESIAN_POINT('',(1.08294344571008,-1.49350345288769,0.854403993645728));
#9351=CARTESIAN_POINT('',(0.0579434457100807,-0.943503452887691,0.854403993645729));
#9352=CARTESIAN_POINT('',(2.23294344571008,-1.0435034528877,0.854403993645726));
#9353=CARTESIAN_POINT('',(-1.16705655428992,-1.04350345288769,0.854403993645731));
#9354=CARTESIAN_POINT('',(2.23294344571008,-0.543503452887695,0.854403993645727));
#9355=CARTESIAN_POINT('',(2.23294344571008,-1.0435034528877,0.854403993645726));
#9356=CARTESIAN_POINT('',(2.03294344571008,-0.543503452887695,0.854403993645727));
#9357=CARTESIAN_POINT('',(1.28294344571008,-0.543503452887694,0.854403993645728));
#9358=CARTESIAN_POINT('',(1.93294344571008,-0.443503452887694,0.854403993645727));
#9359=CARTESIAN_POINT('Origin',(2.03294344571008,-0.443503452887695,0.854403993645727));
#9360=CARTESIAN_POINT('',(1.93294344571008,-0.193503452887694,0.854403993645727));
#9361=CARTESIAN_POINT('',(1.93294344571008,0.00649654711230463,0.854403993645727));
#9362=CARTESIAN_POINT('',(2.03294344571008,-0.0935034528876945,0.854403993645727));
#9363=CARTESIAN_POINT('Origin',(2.03294344571008,-0.193503452887695,0.854403993645727));
#9364=CARTESIAN_POINT('',(2.03294344571008,0.506496547112304,0.854403993645727));
#9365=CARTESIAN_POINT('',(2.03294344571008,0.206496547112305,0.854403993645727));
#9366=CARTESIAN_POINT('',(1.93294344571008,0.606496547112305,0.854403993645727));
#9367=CARTESIAN_POINT('Origin',(2.03294344571008,0.606496547112305,0.854403993645727));
#9368=CARTESIAN_POINT('',(1.93294344571008,0.856496547112305,0.854403993645727));
#9369=CARTESIAN_POINT('',(1.93294344571008,0.406496547112306,0.854403993645727));
#9370=CARTESIAN_POINT('',(2.03294344571008,0.956496547112304,0.854403993645727));
#9371=CARTESIAN_POINT('Origin',(2.03294344571008,0.856496547112304,0.854403993645727));
#9372=CARTESIAN_POINT('',(2.23294344571008,0.956496547112304,0.854403993645727));
#9373=CARTESIAN_POINT('',(1.28294344571008,0.956496547112306,0.854403993645728));
#9374=CARTESIAN_POINT('',(2.23294344571008,1.4564965471123,0.854403993645727));
#9375=CARTESIAN_POINT('',(2.23294344571008,-1.0435034528877,0.854403993645726));
#9376=CARTESIAN_POINT('',(2.23294344571008,1.4564965471123,0.854403993645727));
#9377=CARTESIAN_POINT('',(-0.817056554289915,1.45649654711231,0.854403993645731));
#9378=CARTESIAN_POINT('',(2.23294344571008,1.4564965471123,0.854403993645727));
#9379=CARTESIAN_POINT('',(-1.16705655428991,1.45649654711231,0.854403993645732));
#9380=CARTESIAN_POINT('',(2.23294344571008,1.4564965471123,0.854403993645727));
#9381=CARTESIAN_POINT('',(-1.16705655428991,0.95649654711231,0.854403993645731));
#9382=CARTESIAN_POINT('',(-1.16705655428991,1.45649654711231,0.854403993645732));
#9383=CARTESIAN_POINT('',(-0.967056554289915,0.95649654711231,0.854403993645731));
#9384=CARTESIAN_POINT('',(-0.217056554289916,0.956496547112309,0.85440399364573));
#9385=CARTESIAN_POINT('',(-0.867056554289915,0.85649654711231,0.854403993645731));
#9386=CARTESIAN_POINT('Origin',(-0.967056554289915,0.85649654711231,0.854403993645731));
#9387=CARTESIAN_POINT('',(-0.867056554289916,0.60649654711231,0.854403993645731));
#9388=CARTESIAN_POINT('',(-0.867056554289917,0.406496547112311,0.854403993645731));
#9389=CARTESIAN_POINT('',(-0.967056554289916,0.50649654711231,0.854403993645731));
#9390=CARTESIAN_POINT('Origin',(-0.967056554289916,0.60649654711231,0.854403993645731));
#9391=CARTESIAN_POINT('',(-0.967056554289917,-0.093503452887689,0.854403993645731));
#9392=CARTESIAN_POINT('',(-0.967056554289916,0.20649654711231,0.854403993645731));
#9393=CARTESIAN_POINT('',(-0.867056554289918,-0.193503452887689,0.854403993645731));
#9394=CARTESIAN_POINT('Origin',(-0.967056554289918,-0.193503452887689,0.854403993645731));
#9395=CARTESIAN_POINT('',(-0.867056554289918,-0.443503452887689,0.854403993645731));
#9396=CARTESIAN_POINT('',(-0.867056554289917,0.00649654711230969,0.854403993645731));
#9397=CARTESIAN_POINT('',(-0.967056554289918,-0.543503452887689,0.854403993645731));
#9398=CARTESIAN_POINT('Origin',(-0.967056554289918,-0.443503452887689,0.854403993645731));
#9399=CARTESIAN_POINT('',(-1.16705655428992,-0.543503452887689,0.854403993645731));
#9400=CARTESIAN_POINT('',(-0.217056554289919,-0.543503452887691,0.85440399364573));
#9401=CARTESIAN_POINT('',(-1.16705655428992,-1.04350345288769,0.854403993645731));
#9402=CARTESIAN_POINT('',(-1.16705655428991,1.45649654711231,0.854403993645732));
#9403=CARTESIAN_POINT('',(-1.16705655428992,-1.04350345288769,0.854403993645731));
#9404=CARTESIAN_POINT('Origin',(-1.12486357139719,-0.993490890390837,-0.395596006354269));
#9405=CARTESIAN_POINT('',(-1.12486765319985,-0.993503452887692,0.004403993645733));
#9406=CARTESIAN_POINT('',(-1.12486765319985,-0.993503452887692,-0.195596006354268));
#9407=CARTESIAN_POINT('',(-1.16601044125639,-1.12012793436277,0.0044039936457332));
#9408=CARTESIAN_POINT('Origin',(-1.14959104082087,-0.985456448537089,-0.395596006354269));
#9409=CARTESIAN_POINT('',(-1.15220567103005,-0.993503452887692,0.00440399364573301));
#9410=CARTESIAN_POINT('',(-1.15220567103005,-0.993503452887692,-0.195596006354268));
#9411=CARTESIAN_POINT('',(-1.1936749347428,-1.12113272311521,0.00440399364573088));
#9412=CARTESIAN_POINT('',(-1.1936749347428,-1.12113272311521,-0.395596006354269));
#9413=CARTESIAN_POINT('',(-1.19073791068006,-1.11209349250902,0.0044039936457332));
#9414=CARTESIAN_POINT('Origin',(-1.1936749347428,-1.12113272311521,-0.395596006354269));
#9415=CARTESIAN_POINT('',(-1.18633017161813,-1.12351918131858,0.00440399364573324));
#9416=CARTESIAN_POINT('Origin',(1.88294344571008,-1.09350345288769,0.229403993645727));
#9417=CARTESIAN_POINT('',(1.88294344571008,-1.09350345288769,-0.495596006354267));
#9418=CARTESIAN_POINT('',(1.88294344571008,-1.04350345288769,0.466903993645727));
#9419=CARTESIAN_POINT('',(1.88294344571008,-1.24350345288769,0.854403993645727));
#9420=CARTESIAN_POINT('Origin',(1.48294344571008,-1.24350345288769,-0.395596006354273));
#9421=CARTESIAN_POINT('Origin',(-0.81705655428992,-1.09350345288769,0.22940399364573));
#9422=CARTESIAN_POINT('',(-0.81705655428992,-1.04350345288769,0.46690399364573));
#9423=CARTESIAN_POINT('',(-0.817056554289918,-1.09350345288769,-0.495596006354267));
#9424=CARTESIAN_POINT('Origin',(1.18294344571008,-0.943503452887693,0.854403993645728));
#9425=CARTESIAN_POINT('',(1.08294344571008,-1.49350345288769,0.854403993645728));
#9426=CARTESIAN_POINT('',(1.18294344571008,-0.943503452887693,0.854403993645728));
#9427=CARTESIAN_POINT('Origin',(-0.0170565542899203,-1.49350345288769,0.854403993645729));
#9428=CARTESIAN_POINT('',(-0.117056554289919,-0.943503452887691,0.854403993645729));
#9429=CARTESIAN_POINT('',(-0.0170565542899203,-1.49350345288769,0.854403993645729));
#9430=CARTESIAN_POINT('Origin',(1.08294344571008,-1.49350345288769,0.854403993645728));
#9431=CARTESIAN_POINT('Origin',(-0.41705655428992,-0.943503452887691,0.85440399364573));
#9432=CARTESIAN_POINT('Origin',(-0.41705655428992,-0.943503452887691,0.85440399364573));
#9433=CARTESIAN_POINT('Origin',(-1.16705655428992,-1.04350345288769,0.704403993645731));
#9434=CARTESIAN_POINT('',(2.23294344571008,-1.0435034528877,0.704403993645726));
#9435=CARTESIAN_POINT('',(0.558012795710082,-1.04350345288769,0.704403993645731));
#9436=CARTESIAN_POINT('',(2.23294344571008,-1.0435034528877,0.704403993645726));
#9437=CARTESIAN_POINT('Origin',(-0.667056554289916,1.65649654711231,-0.195596006354269));
#9438=CARTESIAN_POINT('',(-0.667056554289916,1.50649654711231,-0.395596006354269));
#9439=CARTESIAN_POINT('',(-0.467056554289916,1.50649654711231,-0.195596006354269));
#9440=CARTESIAN_POINT('Origin',(-0.667056554289916,1.50649654711231,-0.195596006354269));
#9441=CARTESIAN_POINT('',(-0.667056554289916,1.65649654711231,-0.395596006354269));
#9442=CARTESIAN_POINT('',(-0.667056554289916,1.65649654711231,-0.395596006354269));
#9443=CARTESIAN_POINT('',(-0.467056554289916,1.65649654711231,-0.19559600635427));
#9444=CARTESIAN_POINT('Origin',(-0.667056554289916,1.65649654711231,-0.195596006354269));
#9445=CARTESIAN_POINT('',(-0.467056554289916,1.65649654711231,-0.19559600635427));
#9446=CARTESIAN_POINT('Origin',(-0.467056554289915,1.65649654711231,0.404403993645731));
#9447=CARTESIAN_POINT('',(-0.467056554289915,1.65649654711231,0.304403993645731));
#9448=CARTESIAN_POINT('',(-0.467056554289915,1.65649654711231,0.529403993645731));
#9449=CARTESIAN_POINT('',(-0.467056554289915,1.65649654711231,0.304403993645731));
#9450=CARTESIAN_POINT('',(-0.467056554289916,1.50649654711231,-0.0455960063542683));
#9451=CARTESIAN_POINT('Origin',(0.532943445710085,1.65649654711231,0.654403993645729));
#9452=CARTESIAN_POINT('',(0.532943445710084,1.65649654711231,-0.395596006354271));
#9453=CARTESIAN_POINT('',(-0.817056554289915,1.65649654711231,0.654403993645731));
#9454=CARTESIAN_POINT('',(-0.817056554289915,1.65649654711231,0.654403993645731));
#9455=CARTESIAN_POINT('',(0.532943445710085,1.65649654711231,0.654403993645729));
#9456=CARTESIAN_POINT('',(1.73294344571008,1.6564965471123,-0.395596006354273));
#9457=CARTESIAN_POINT('',(0.532943445710084,1.65649654711231,-0.395596006354271));
#9458=CARTESIAN_POINT('',(1.53294344571008,1.6564965471123,-0.195596006354272));
#9459=CARTESIAN_POINT('Origin',(1.73294344571008,1.6564965471123,-0.195596006354272));
#9460=CARTESIAN_POINT('',(1.53294344571008,1.6564965471123,0.304403993645728));
#9461=CARTESIAN_POINT('',(1.53294344571008,1.6564965471123,0.129403993645728));
#9462=CARTESIAN_POINT('',(1.43294344571009,1.6564965471123,0.404403993645728));
#9463=CARTESIAN_POINT('Origin',(1.43294344571009,1.6564965471123,0.304403993645728));
#9464=CARTESIAN_POINT('',(1.38294344571009,1.6564965471123,0.404403993645728));
#9465=CARTESIAN_POINT('',(1.03294344571009,1.6564965471123,0.404403993645729));
#9466=CARTESIAN_POINT('',(1.28294344571008,1.6564965471123,0.304403993645728));
#9467=CARTESIAN_POINT('Origin',(1.38294344571008,1.6564965471123,0.304403993645728));
#9468=CARTESIAN_POINT('',(1.18294344571008,1.6564965471123,0.204403993645729));
#9469=CARTESIAN_POINT('Origin',(1.18294344571008,1.6564965471123,0.304403993645729));
#9470=CARTESIAN_POINT('',(-0.117056554289915,1.65649654711231,0.20440399364573));
#9471=CARTESIAN_POINT('',(0.907943445710085,1.65649654711231,0.204403993645729));
#9472=CARTESIAN_POINT('',(-0.217056554289915,1.65649654711231,0.30440399364573));
#9473=CARTESIAN_POINT('Origin',(-0.117056554289915,1.65649654711231,0.30440399364573));
#9474=CARTESIAN_POINT('',(-0.317056554289915,1.65649654711231,0.40440399364573));
#9475=CARTESIAN_POINT('Origin',(-0.317056554289916,1.65649654711231,0.30440399364573));
#9476=CARTESIAN_POINT('',(-0.367056554289915,1.65649654711231,0.404403993645731));
#9477=CARTESIAN_POINT('',(0.157943445710085,1.65649654711231,0.40440399364573));
#9478=CARTESIAN_POINT('Origin',(-0.367056554289915,1.65649654711231,0.304403993645731));
#9479=CARTESIAN_POINT('Origin',(1.73294344571008,1.6564965471123,-0.195596006354272));
#9480=CARTESIAN_POINT('',(1.73294344571008,1.5064965471123,-0.395596006354272));
#9481=CARTESIAN_POINT('',(1.73294344571008,1.6564965471123,-0.395596006354273));
#9482=CARTESIAN_POINT('',(1.53294344571008,1.5064965471123,-0.195596006354272));
#9483=CARTESIAN_POINT('Origin',(1.73294344571008,1.50649654711231,-0.195596006354272));
#9484=CARTESIAN_POINT('',(1.53294344571008,1.6564965471123,-0.195596006354272));
#9485=CARTESIAN_POINT('Origin',(0.532943445710084,1.65649654711231,-0.395596006354271));
#9486=CARTESIAN_POINT('',(1.20794344571008,1.50649654711231,-0.395596006354272));
#9487=CARTESIAN_POINT('Origin',(-0.117056554289915,1.65649654711231,0.30440399364573));
#9488=CARTESIAN_POINT('',(-0.217056554289915,1.65649654711231,0.30440399364573));
#9489=CARTESIAN_POINT('',(-0.117056554289915,1.65649654711231,0.20440399364573));
#9490=CARTESIAN_POINT('Origin',(-0.317056554289916,1.65649654711231,0.30440399364573));
#9491=CARTESIAN_POINT('',(-0.317056554289915,1.65649654711231,0.40440399364573));
#9492=CARTESIAN_POINT('Origin',(-0.367056554289915,1.65649654711231,0.304403993645731));
#9493=CARTESIAN_POINT('',(-0.367056554289915,1.65649654711231,0.404403993645731));
#9494=CARTESIAN_POINT('Origin',(-0.217056554289915,1.65649654711231,0.40440399364573));
#9495=CARTESIAN_POINT('Origin',(1.18294344571008,1.6564965471123,0.304403993645729));
#9496=CARTESIAN_POINT('',(1.18294344571008,1.6564965471123,0.204403993645728));
#9497=CARTESIAN_POINT('',(1.28294344571008,1.6564965471123,0.304403993645728));
#9498=CARTESIAN_POINT('Origin',(1.28294344571008,1.6564965471123,0.204403993645728));
#9499=CARTESIAN_POINT('Origin',(1.38294344571008,1.6564965471123,0.304403993645728));
#9500=CARTESIAN_POINT('',(1.38294344571009,1.6564965471123,0.404403993645728));
#9501=CARTESIAN_POINT('Origin',(1.53294344571009,1.6564965471123,0.404403993645728));
#9502=CARTESIAN_POINT('',(1.43294344571009,1.6564965471123,0.404403993645728));
#9503=CARTESIAN_POINT('Origin',(1.43294344571009,1.6564965471123,0.304403993645728));
#9504=CARTESIAN_POINT('',(1.53294344571009,1.6564965471123,0.304403993645728));
#9505=CARTESIAN_POINT('Origin',(1.53294344571008,1.6564965471123,-0.395596006354272));
#9506=CARTESIAN_POINT('',(1.53294344571008,1.50649654711231,-0.44559600635427));
#9507=CARTESIAN_POINT('Origin',(0.532943445710084,1.65649654711231,-0.395596006354271));
#9508=CARTESIAN_POINT('',(0.0579675045759907,1.50649654711231,-0.39559600635427));
#9509=CARTESIAN_POINT('Origin',(0.532943445710085,1.45649654711231,0.654403993645729));
#9510=CARTESIAN_POINT('Origin',(-0.817056554289915,1.45649654711231,0.654403993645731));
#9511=CARTESIAN_POINT('Origin',(-0.817056554289916,1.55649654711231,0.229403993645731));
#9512=CARTESIAN_POINT('',(-0.817056554289918,1.50649654711231,-0.495596006354267));
#9513=CARTESIAN_POINT('',(-0.817056554289916,1.45649654711231,0.466903993645731));
#9514=CARTESIAN_POINT('Origin',(2.23294344571008,1.4564965471123,0.704403993645727));
#9515=CARTESIAN_POINT('',(2.23294344571008,1.4564965471123,0.704403993645727));
#9516=CARTESIAN_POINT('',(2.23294344571008,1.4564965471123,0.704403993645727));
#9517=CARTESIAN_POINT('',(2.25801279571009,1.4564965471123,0.704403993645733));
#9518=CARTESIAN_POINT('Origin',(2.23294344571008,1.4564965471123,0.704403993645727));
#9519=CARTESIAN_POINT('',(-1.16705655428991,1.45649654711231,0.704403993645732));
#9520=CARTESIAN_POINT('',(0.507874095710082,1.45649654711231,0.70440399364573));
#9521=CARTESIAN_POINT('',(-1.16705655428991,1.45649654711231,0.704403993645732));
#9522=CARTESIAN_POINT('Origin',(-1.11705655428992,0.106496547112311,0.354403993645731));
#9523=CARTESIAN_POINT('',(-1.16705655428992,-0.0935034528876891,0.354403993645731));
#9524=CARTESIAN_POINT('',(-1.16705655428992,0.106496547112312,0.154403993645731));
#9525=CARTESIAN_POINT('Origin',(-1.16705655428992,0.106496547112311,0.354403993645731));
#9526=CARTESIAN_POINT('',(-1.06705655428992,0.106496547112311,0.154403993645731));
#9527=CARTESIAN_POINT('',(-1.11705655428992,0.106496547112311,0.154403993645731));
#9528=CARTESIAN_POINT('',(-1.06705655428992,-0.0935034528876893,0.354403993645731));
#9529=CARTESIAN_POINT('Origin',(-1.06705655428992,0.106496547112311,0.354403993645731));
#9530=CARTESIAN_POINT('',(-1.11705655428992,-0.0935034528876887,0.354403993645731));
#9531=CARTESIAN_POINT('Origin',(-1.06705655428992,0.206496547112311,0.154403993645731));
#9532=CARTESIAN_POINT('',(-1.16705655428992,0.30649654711231,0.154403993645731));
#9533=CARTESIAN_POINT('',(-1.16705655428992,0.206496547112311,0.154403993645731));
#9534=CARTESIAN_POINT('',(-1.06705655428992,0.30649654711231,0.154403993645731));
#9535=CARTESIAN_POINT('',(-1.11705655428992,0.30649654711231,0.154403993645731));
#9536=CARTESIAN_POINT('',(-1.06705655428992,0.206496547112311,0.154403993645731));
#9537=CARTESIAN_POINT('Origin',(-1.16705655428992,0.206496547112311,0.154403993645731));
#9538=CARTESIAN_POINT('',(-1.16705655428992,-0.0935034528876892,0.654403993645731));
#9539=CARTESIAN_POINT('',(-1.16705655428992,-0.093503452887689,0.154403993645731));
#9540=CARTESIAN_POINT('',(-1.16705655428992,0.506496547112311,0.654403993645731));
#9541=CARTESIAN_POINT('',(-1.16705655428992,0.206496547112311,0.654403993645731));
#9542=CARTESIAN_POINT('',(-1.16705655428992,0.506496547112311,0.354403993645731));
#9543=CARTESIAN_POINT('',(-1.16705655428992,0.506496547112311,0.154403993645731));
#9544=CARTESIAN_POINT('Origin',(-1.16705655428992,0.30649654711231,0.354403993645731));
#9545=CARTESIAN_POINT('Origin',(-1.11705655428992,0.30649654711231,0.354403993645731));
#9546=CARTESIAN_POINT('',(-1.06705655428992,0.506496547112311,0.354403993645731));
#9547=CARTESIAN_POINT('Origin',(-1.06705655428992,0.30649654711231,0.354403993645731));
#9548=CARTESIAN_POINT('',(-1.11705655428992,0.50649654711231,0.354403993645731));
#9549=CARTESIAN_POINT('Origin',(-1.06705655428992,0.206496547112311,0.704403993645731));
#9550=CARTESIAN_POINT('',(-1.06705655428992,0.506496547112311,0.704403993645731));
#9551=CARTESIAN_POINT('',(-1.06705655428992,-0.0935034528876894,0.704403993645731));
#9552=CARTESIAN_POINT('Origin',(-1.16705655428992,0.50649654711231,0.854403993645731));
#9553=CARTESIAN_POINT('Origin',(-0.967056554289916,0.50649654711231,0.654403993645731));
#9554=CARTESIAN_POINT('',(-0.967056554289916,0.50649654711231,0.854403993645731));
#9555=CARTESIAN_POINT('Origin',(-0.967056554289917,0.20649654711231,0.654403993645731));
#9556=CARTESIAN_POINT('Origin',(-0.967056554289917,-0.093503452887689,0.654403993645731));
#9557=CARTESIAN_POINT('Origin',(2.18294344571008,0.106496547112305,0.354403993645727));
#9558=CARTESIAN_POINT('',(2.23294344571008,0.106496547112305,0.154403993645727));
#9559=CARTESIAN_POINT('',(2.23294344571008,-0.0935034528876952,0.354403993645727));
#9560=CARTESIAN_POINT('Origin',(2.23294344571008,0.106496547112305,0.354403993645727));
#9561=CARTESIAN_POINT('',(2.13294344571008,-0.093503452887695,0.354403993645727));
#9562=CARTESIAN_POINT('',(2.18294344571008,-0.0935034528876946,0.354403993645727));
#9563=CARTESIAN_POINT('',(2.13294344571008,0.106496547112306,0.154403993645727));
#9564=CARTESIAN_POINT('Origin',(2.13294344571008,0.106496547112306,0.354403993645727));
#9565=CARTESIAN_POINT('',(2.18294344571008,0.106496547112305,0.154403993645727));
#9566=CARTESIAN_POINT('Origin',(2.23294344571008,0.206496547112305,0.154403993645727));
#9567=CARTESIAN_POINT('',(2.23294344571008,0.306496547112304,0.154403993645727));
#9568=CARTESIAN_POINT('',(2.23294344571008,0.206496547112305,0.154403993645727));
#9569=CARTESIAN_POINT('',(2.23294344571008,0.506496547112305,0.354403993645727));
#9570=CARTESIAN_POINT('Origin',(2.23294344571008,0.306496547112304,0.354403993645727));
#9571=CARTESIAN_POINT('',(2.23294344571008,0.506496547112305,0.654403993645727));
#9572=CARTESIAN_POINT('',(2.23294344571008,0.506496547112305,0.154403993645727));
#9573=CARTESIAN_POINT('',(2.23294344571008,-0.0935034528876953,0.654403993645727));
#9574=CARTESIAN_POINT('',(2.23294344571008,0.206496547112305,0.654403993645727));
#9575=CARTESIAN_POINT('',(2.23294344571008,-0.0935034528876952,0.154403993645727));
#9576=CARTESIAN_POINT('Origin',(2.13294344571008,0.206496547112305,0.154403993645727));
#9577=CARTESIAN_POINT('',(2.13294344571008,0.306496547112304,0.154403993645727));
#9578=CARTESIAN_POINT('',(2.13294344571008,0.206496547112305,0.154403993645727));
#9579=CARTESIAN_POINT('',(2.18294344571008,0.306496547112304,0.154403993645727));
#9580=CARTESIAN_POINT('Origin',(2.18294344571008,0.306496547112304,0.354403993645727));
#9581=CARTESIAN_POINT('',(2.13294344571008,0.506496547112305,0.354403993645727));
#9582=CARTESIAN_POINT('Origin',(2.13294344571008,0.306496547112304,0.354403993645727));
#9583=CARTESIAN_POINT('',(2.18294344571008,0.506496547112304,0.354403993645727));
#9584=CARTESIAN_POINT('Origin',(2.03294344571008,0.206496547112305,0.654403993645727));
#9585=CARTESIAN_POINT('Origin',(2.03294344571008,-0.0935034528876945,0.654403993645727));
#9586=CARTESIAN_POINT('Origin',(2.03294344571008,0.506496547112305,0.654403993645727));
#9587=CARTESIAN_POINT('Origin',(2.23294344571008,-0.0935034528876948,0.854403993645727));
#9588=CARTESIAN_POINT('',(2.03294344571008,-0.0935034528876945,0.854403993645727));
#9589=CARTESIAN_POINT('',(2.13294344571008,-0.0935034528876952,0.704403993645727));
#9590=CARTESIAN_POINT('Origin',(2.13294344571008,0.206496547112305,0.704403993645727));
#9591=CARTESIAN_POINT('',(2.13294344571008,0.506496547112305,0.704403993645727));
#9592=CARTESIAN_POINT('Origin',(-1.16705655428992,-0.0935034528876887,0.854403993645731));
#9593=CARTESIAN_POINT('',(-0.967056554289917,-0.093503452887689,0.854403993645731));
#9594=CARTESIAN_POINT('Origin',(2.23294344571008,0.506496547112304,0.854403993645727));
#9595=CARTESIAN_POINT('',(2.03294344571008,0.506496547112304,0.854403993645727));
#9596=CARTESIAN_POINT('Origin',(-0.867056554289918,-0.193503452887689,0.854403993645731));
#9597=CARTESIAN_POINT('',(-0.867056554289918,-0.443503452887689,0.704403993645731));
#9598=CARTESIAN_POINT('',(-0.867056554289917,0.731496547112309,0.704403993645731));
#9599=CARTESIAN_POINT('',(-0.867056554289918,-0.443503452887689,0.854403993645731));
#9600=CARTESIAN_POINT('',(-0.867056554289918,-0.193503452887689,0.854403993645731));
#9601=CARTESIAN_POINT('Origin',(-0.967056554289918,-0.193503452887689,0.854403993645731));
#9602=CARTESIAN_POINT('Origin',(-0.967056554289918,-0.443503452887689,0.854403993645731));
#9603=CARTESIAN_POINT('',(-0.967056554289918,-0.543503452887689,0.704403993645731));
#9604=CARTESIAN_POINT('Origin',(-0.967056554289918,-0.443503452887689,0.70440399364573));
#9605=CARTESIAN_POINT('',(-0.967056554289918,-0.543503452887689,0.854403993645731));
#9606=CARTESIAN_POINT('Origin',(-0.967056554289918,-0.543503452887689,0.854403993645731));
#9607=CARTESIAN_POINT('',(-1.16705655428992,-0.543503452887689,0.704403993645731));
#9608=CARTESIAN_POINT('',(-1.09212590428992,-0.543503452887689,0.704403993645733));
#9609=CARTESIAN_POINT('',(-1.16705655428992,-0.543503452887689,0.779403993645731));
#9610=CARTESIAN_POINT('Origin',(-0.867056554289916,0.60649654711231,0.854403993645731));
#9611=CARTESIAN_POINT('',(-0.867056554289916,0.60649654711231,0.854403993645731));
#9612=CARTESIAN_POINT('',(-0.867056554289916,0.85649654711231,0.704403993645731));
#9613=CARTESIAN_POINT('',(-0.867056554289915,0.85649654711231,0.854403993645731));
#9614=CARTESIAN_POINT('',(-0.867056554289915,1.13149654711231,0.704403993645731));
#9615=CARTESIAN_POINT('Origin',(-0.967056554289916,0.60649654711231,0.854403993645731));
#9616=CARTESIAN_POINT('Origin',(-0.967056554289915,0.85649654711231,0.854403993645731));
#9617=CARTESIAN_POINT('',(-0.967056554289915,0.95649654711231,0.704403993645731));
#9618=CARTESIAN_POINT('Origin',(-0.967056554289916,0.85649654711231,0.70440399364573));
#9619=CARTESIAN_POINT('',(-0.967056554289915,0.95649654711231,0.854403993645731));
#9620=CARTESIAN_POINT('Origin',(-0.967056554289915,0.95649654711231,0.854403993645731));
#9621=CARTESIAN_POINT('',(-1.16705655428992,0.95649654711231,0.704403993645731));
#9622=CARTESIAN_POINT('',(-1.09212590428992,0.95649654711231,0.704403993645731));
#9623=CARTESIAN_POINT('',(-1.16705655428992,0.95649654711231,0.779403993645731));
#9624=CARTESIAN_POINT('Origin',(-1.16705655428991,1.45649654711231,0.704403993645732));
#9625=CARTESIAN_POINT('',(-1.16705655428991,1.55649654711231,0.70440399364573));
#9626=CARTESIAN_POINT('Origin',(1.93294344571008,-0.193503452887694,0.854403993645727));
#9627=CARTESIAN_POINT('',(1.93294344571008,-0.193503452887694,0.854403993645727));
#9628=CARTESIAN_POINT('',(1.93294344571008,-0.443503452887694,0.704403993645727));
#9629=CARTESIAN_POINT('',(1.93294344571008,-0.443503452887694,0.854403993645727));
#9630=CARTESIAN_POINT('',(1.93294344571008,-0.718503452887693,0.704403993645732));
#9631=CARTESIAN_POINT('Origin',(2.03294344571008,-0.193503452887695,0.854403993645727));
#9632=CARTESIAN_POINT('Origin',(2.03294344571008,-0.443503452887695,0.854403993645727));
#9633=CARTESIAN_POINT('',(2.03294344571008,-0.543503452887695,0.704403993645727));
#9634=CARTESIAN_POINT('Origin',(2.03294344571008,-0.443503452887694,0.704403993645732));
#9635=CARTESIAN_POINT('',(2.03294344571008,-0.543503452887695,0.854403993645727));
#9636=CARTESIAN_POINT('Origin',(2.03294344571008,-0.543503452887695,0.854403993645727));
#9637=CARTESIAN_POINT('',(2.23294344571008,-0.543503452887695,0.704403993645726));
#9638=CARTESIAN_POINT('',(2.15801279571008,-0.543503452887695,0.704403993645732));
#9639=CARTESIAN_POINT('',(2.23294344571008,-0.543503452887695,0.779403993645727));
#9640=CARTESIAN_POINT('Origin',(2.23294344571008,-1.0435034528877,0.704403993645726));
#9641=CARTESIAN_POINT('',(2.23294344571008,-1.14350345288769,0.704403993645732));
#9642=CARTESIAN_POINT('Origin',(1.93294344571008,0.606496547112305,0.854403993645727));
#9643=CARTESIAN_POINT('',(1.93294344571008,0.856496547112305,0.704403993645727));
#9644=CARTESIAN_POINT('',(1.93294344571008,-0.318503452887694,0.704403993645732));
#9645=CARTESIAN_POINT('',(1.93294344571008,0.856496547112305,0.854403993645727));
#9646=CARTESIAN_POINT('',(1.93294344571008,0.606496547112305,0.854403993645727));
#9647=CARTESIAN_POINT('Origin',(2.03294344571008,0.606496547112305,0.854403993645727));
#9648=CARTESIAN_POINT('Origin',(2.03294344571008,0.856496547112304,0.854403993645727));
#9649=CARTESIAN_POINT('',(2.03294344571008,0.956496547112304,0.704403993645727));
#9650=CARTESIAN_POINT('Origin',(2.03294344571008,0.856496547112304,0.704403993645733));
#9651=CARTESIAN_POINT('',(2.03294344571008,0.956496547112304,0.854403993645727));
#9652=CARTESIAN_POINT('Origin',(2.03294344571008,0.956496547112304,0.854403993645727));
#9653=CARTESIAN_POINT('',(2.23294344571008,0.956496547112304,0.704403993645727));
#9654=CARTESIAN_POINT('',(2.15801279571009,0.956496547112304,0.704403993645733));
#9655=CARTESIAN_POINT('',(2.23294344571008,0.956496547112304,0.779403993645727));
#9656=CARTESIAN_POINT('Origin',(2.23294344571008,-1.0435034528877,0.704403993645726));
#9657=CARTESIAN_POINT('',(2.23294344571008,-1.14350345288769,0.704403993645732));
#9658=CARTESIAN_POINT('Origin',(-1.16705655428992,-1.04350345288769,0.704403993645731));
#9659=CARTESIAN_POINT('',(-1.16705655428992,-1.04350345288769,0.704403993645731));
#9660=CARTESIAN_POINT('',(-1.16705655428992,-1.04350345288769,0.704403993645731));
#9661=CARTESIAN_POINT('',(-1.19212590428992,-1.04350345288769,0.704403993645733));
#9662=CARTESIAN_POINT('Origin',(-1.16705655428991,1.45649654711231,0.704403993645732));
#9663=CARTESIAN_POINT('',(-1.16705655428991,1.55649654711231,0.70440399364573));
#9664=CARTESIAN_POINT('Origin',(0.532943445710083,-0.0935034528877002,0.604403993645733));
#9665=CARTESIAN_POINT('',(0.882943445710083,-0.0935034528877002,0.654403993645733));
#9666=CARTESIAN_POINT('Origin',(0.532943445710083,-0.0935034528877002,0.654403993645733));
#9667=CARTESIAN_POINT('',(0.882943445710083,-0.0935034528877002,0.267403993645733));
#9668=CARTESIAN_POINT('',(0.882943445710083,-0.0935034528877002,0.604403993645733));
#9669=CARTESIAN_POINT('',(0.182943445710083,-0.0935034528877003,0.267403993645733));
#9670=CARTESIAN_POINT('Origin',(0.532943445710083,-0.0935034528877002,0.267403993645733));
#9671=CARTESIAN_POINT('',(0.182943445710083,-0.0935034528877003,0.654403993645733));
#9672=CARTESIAN_POINT('',(0.182943445710083,-0.0935034528877003,0.604403993645733));
#9673=CARTESIAN_POINT('Origin',(0.532943445710083,-0.0935034528877002,0.654403993645733));
#9674=CARTESIAN_POINT('Origin',(2.28308214571008,-1.24350345288769,0.704403993645732));
#9675=CARTESIAN_POINT('',(1.88308214571008,-1.09347194582123,0.704403993645732));
#9676=CARTESIAN_POINT('',(1.88308214571008,1.65649654711231,0.704403993645733));
#9677=CARTESIAN_POINT('',(2.28308214571008,-1.09347194582123,0.704403993645732));
#9678=CARTESIAN_POINT('',(2.28308214571008,-1.09347194582123,0.704403993645732));
#9679=CARTESIAN_POINT('',(2.28308214571008,-0.243503452887693,0.704403993645732));
#9680=CARTESIAN_POINT('',(2.28308214571008,1.65649654711231,0.704403993645734));
#9681=CARTESIAN_POINT('',(2.28308214571008,-0.243503452887693,0.704403993645732));
#9682=CARTESIAN_POINT('Origin',(-1.21719525428992,1.65649654711231,0.70440399364573));
#9683=CARTESIAN_POINT('',(-0.817195254289919,1.50646504004585,0.70440399364573));
#9684=CARTESIAN_POINT('',(-0.817195254289919,-1.24350345288769,0.704403993645733));
#9685=CARTESIAN_POINT('',(-1.21719525428992,1.50646504004585,0.704403993645731));
#9686=CARTESIAN_POINT('',(-1.21719525428992,1.50646504004585,0.704403993645731));
#9687=CARTESIAN_POINT('',(-1.21719525428992,0.656496547112309,0.704403993645732));
#9688=CARTESIAN_POINT('',(-1.21719525428992,-1.24350345288769,0.704403993645733));
#9689=CARTESIAN_POINT('',(-1.21719525428992,0.656496547112309,0.704403993645732));
#9690=CARTESIAN_POINT('Origin',(1.50294344571008,-1.09350345288769,-0.495596006354267));
#9691=CARTESIAN_POINT('',(1.50294344571008,-1.09350345288769,0.104403993645733));
#9692=CARTESIAN_POINT('',(1.50294344571008,-1.09350345288769,0.104403993645733));
#9693=CARTESIAN_POINT('',(1.50294344571008,-1.09350345288769,-0.495596006354267));
#9694=CARTESIAN_POINT('',(1.50294344571008,-1.09350345288769,-0.495596006354267));
#9695=CARTESIAN_POINT('',(1.88294344571008,-1.09350345288769,-0.495596006354267));
#9696=CARTESIAN_POINT('',(1.50294344571008,-1.09350345288769,-0.495596006354267));
#9697=CARTESIAN_POINT('',(1.88294344571008,-1.09350345288769,-0.495596006354267));
#9698=CARTESIAN_POINT('Origin',(1.88308214571008,0.206496547112308,0.104403993645732));
#9699=CARTESIAN_POINT('',(1.88308214571008,-1.09350345288769,0.40440399364573));
#9700=CARTESIAN_POINT('',(1.88308214571008,-1.24350345288769,0.00440399364573156));
#9701=CARTESIAN_POINT('',(1.88308214571008,-1.24350345288769,0.00440399364573156));
#9702=CARTESIAN_POINT('',(1.88308214571008,-1.24350345288769,0.404403993645732));
#9703=CARTESIAN_POINT('',(1.88308214571008,-1.24350345288769,0.704403993645732));
#9704=CARTESIAN_POINT('',(1.88308214571008,-1.08344652793316,0.72445061868623));
#9705=CARTESIAN_POINT('Origin',(2.28308214571008,-0.993503452887692,0.00440399364573192));
#9706=CARTESIAN_POINT('',(2.18302984135119,-0.993503452887692,0.00440399364573185));
#9707=CARTESIAN_POINT('',(2.07801277274649,-1.02849906419501,0.00440399364573178));
#9708=CARTESIAN_POINT('',(2.28308214571008,-0.993503452887692,0.00440399364573192));
#9709=CARTESIAN_POINT('Origin',(2.28308214571008,-0.993503452887692,0.00440399364573192));
#9710=CARTESIAN_POINT('',(2.28308214571008,-0.993503452887692,0.00440399364573192));
#9711=CARTESIAN_POINT('',(2.28308214571008,-0.993503452887692,0.00440399364573192));
#9712=CARTESIAN_POINT('',(2.28308214571008,-1.24350345288769,0.00440399364573178));
#9713=CARTESIAN_POINT('',(2.28308214571008,-1.24350345288769,0.00440399364573178));
#9714=CARTESIAN_POINT('',(2.28308214571008,-1.24350345288769,0.00440399364573178));
#9715=CARTESIAN_POINT('Origin',(2.28308214571008,-0.993503452887692,0.00440399364573192));
#9716=CARTESIAN_POINT('',(2.28308214571008,-0.993503452887692,0.00440399364573192));
#9717=CARTESIAN_POINT('Origin',(-0.81719525428992,0.206496547112308,0.104403993645732));
#9718=CARTESIAN_POINT('',(-0.817195254289919,-1.09350345288769,0.404403993645731));
#9719=CARTESIAN_POINT('',(-0.817195254289919,-0.893503452887692,0.104403993645732));
#9720=CARTESIAN_POINT('',(-0.817195254289919,0.206496547112308,0.104403993645733));
#9721=CARTESIAN_POINT('',(-0.817195254289919,-0.893503452887692,0.604403993645733));
#9722=CARTESIAN_POINT('',(-0.817195254289919,-0.893503452887692,0.0544039936457326));
#9723=CARTESIAN_POINT('',(-0.817195254289919,-0.88711675501932,0.604403993645733));
#9724=CARTESIAN_POINT('',(-0.817195254289919,-0.343503452887692,0.604403993645732));
#9725=CARTESIAN_POINT('',(-0.817195254289919,-0.143503452887691,0.604403993645732));
#9726=CARTESIAN_POINT('',(-0.817195254289919,-0.343503452887692,0.604403993645732));
#9727=CARTESIAN_POINT('Origin',(-0.817195254289919,-0.243503452887691,0.604403993645732));
#9728=CARTESIAN_POINT('',(-0.817195254289919,-1.09347194582123,0.704403993645733));
#9729=CARTESIAN_POINT('',(-0.817195254289919,-1.24350345288769,0.704403993645733));
#9730=CARTESIAN_POINT('',(-0.817195254289919,-1.08344652793316,0.724450618686231));
#9731=CARTESIAN_POINT('Origin',(-1.21719525428992,-1.24350345288769,0.00440399364573333));
#9732=CARTESIAN_POINT('',(-0.817195254289919,-1.24350345288769,0.00440399364573308));
#9733=CARTESIAN_POINT('',(-0.817195254289919,-0.993503452887692,0.00440399364573282));
#9734=CARTESIAN_POINT('',(-1.21719525428992,-1.24350345288769,0.00440399364573333));
#9735=CARTESIAN_POINT('',(-1.21719525428992,-1.24350345288769,0.00440399364573333));
#9736=CARTESIAN_POINT('',(-1.21719525428992,-0.993503452887692,0.00440399364573305));
#9737=CARTESIAN_POINT('',(-1.21719525428992,-0.993503452887692,0.00440399364573305));
#9738=CARTESIAN_POINT('',(-1.21719525428992,-0.993503452887692,0.00440399364573305));
#9739=CARTESIAN_POINT('Origin',(-1.21719525428992,-1.24350345288769,0.00440399364573333));
#9740=CARTESIAN_POINT('',(-1.11714294993103,-0.993503452887692,0.00440399364573294));
#9741=CARTESIAN_POINT('',(-1.21719525428992,-0.993503452887692,0.00440399364573305));
#9742=CARTESIAN_POINT('',(-0.974634519211215,-1.04099258694702,0.00440399364573297));
#9743=CARTESIAN_POINT('Origin',(-1.21719525428992,-1.24350345288769,0.00440399364573333));
#9744=CARTESIAN_POINT('',(-1.21719525428992,-0.993503452887692,0.00440399364573305));
#9745=CARTESIAN_POINT('Origin',(-0.81719525428992,0.206496547112308,0.104403993645732));
#9746=CARTESIAN_POINT('',(-0.81719525428992,1.50649654711231,-0.145596006354269));
#9747=CARTESIAN_POINT('',(-0.81719525428992,1.65649654711231,0.00440399364573031));
#9748=CARTESIAN_POINT('',(-0.81719525428992,1.65649654711231,0.00440399364573031));
#9749=CARTESIAN_POINT('',(-0.81719525428992,1.65649654711231,0.40440399364573));
#9750=CARTESIAN_POINT('',(-0.817195254289919,1.65649654711231,0.70440399364573));
#9751=CARTESIAN_POINT('',(-0.817195254289919,1.49643962215777,0.724450618686229));
#9752=CARTESIAN_POINT('Origin',(-1.21719525428992,1.40649654711231,0.00440399364573078));
#9753=CARTESIAN_POINT('',(-1.11714294993099,1.40649654711231,0.00440399364573083));
#9754=CARTESIAN_POINT('',(-1.16219523132632,1.39148344353623,0.00440399364573076));
#9755=CARTESIAN_POINT('',(-1.21719525428992,1.40649654711231,0.00440399364573078));
#9756=CARTESIAN_POINT('Origin',(-1.21719525428992,1.40649654711231,0.00440399364573078));
#9757=CARTESIAN_POINT('',(-1.21719525428992,1.40649654711231,0.00440399364573078));
#9758=CARTESIAN_POINT('',(-1.21719525428992,1.40649654711231,0.00440399364573078));
#9759=CARTESIAN_POINT('',(-1.21719525428992,1.65649654711231,0.00440399364573053));
#9760=CARTESIAN_POINT('',(-1.21719525428992,1.65649654711231,0.00440399364573053));
#9761=CARTESIAN_POINT('',(-1.21719525428992,1.65649654711231,0.00440399364573053));
#9762=CARTESIAN_POINT('Origin',(-1.21719525428992,1.40649654711231,0.00440399364573078));
#9763=CARTESIAN_POINT('',(-1.21719525428992,1.40649654711231,0.00440399364573078));
#9764=CARTESIAN_POINT('Origin',(2.28308214571008,1.40649654711231,0.00440399364573331));
#9765=CARTESIAN_POINT('',(2.28308214571008,1.40649654711231,0.00440399364573329));
#9766=CARTESIAN_POINT('',(2.28308214571008,1.40649654711231,0.00440399364573329));
#9767=CARTESIAN_POINT('',(2.28308214571008,1.40649654711231,-0.495596006354267));
#9768=CARTESIAN_POINT('',(2.28308214571008,1.40649654711231,-0.495596006354267));
#9769=CARTESIAN_POINT('',(2.18305611320856,1.40649654711231,-0.495596006354267));
#9770=CARTESIAN_POINT('',(2.28308214571008,1.40649654711231,-0.495596006354267));
#9771=CARTESIAN_POINT('',(2.18302984135115,1.40649654711231,0.00440399364573316));
#9772=CARTESIAN_POINT('',(2.18302984135115,1.40649654711231,0.0544039936457332));
#9773=CARTESIAN_POINT('',(2.28308214571008,1.40649654711231,0.00440399364573329));
#9774=CARTESIAN_POINT('',(2.28308214571008,1.40649654711231,0.00440399364573329));
#9775=CARTESIAN_POINT('Origin',(2.28308214571008,1.65649654711231,0.00440399364573347));
#9776=CARTESIAN_POINT('',(1.88308214571008,1.65649654711231,0.00440399364573322));
#9777=CARTESIAN_POINT('',(1.88308214571008,1.40649654711231,0.00440399364573307));
#9778=CARTESIAN_POINT('',(2.28308214571008,1.65649654711231,0.00440399364573347));
#9779=CARTESIAN_POINT('',(2.28308214571008,1.65649654711231,0.00440399364573347));
#9780=CARTESIAN_POINT('',(2.28308214571008,1.40649654711231,0.00440399364573329));
#9781=CARTESIAN_POINT('Origin',(2.28308214571008,1.65649654711231,0.00440399364573347));
#9782=CARTESIAN_POINT('',(2.19059076063137,1.40397696628824,0.00440399364573323));
#9783=CARTESIAN_POINT('Origin',(1.88308214571008,0.206496547112308,0.104403993645732));
#9784=CARTESIAN_POINT('',(1.88308214571008,1.5064965471123,-0.145596006354269));
#9785=CARTESIAN_POINT('',(1.88308214571008,1.30649654711231,0.104403993645733));
#9786=CARTESIAN_POINT('',(1.88308214571008,0.206496547112308,0.104403993645733));
#9787=CARTESIAN_POINT('',(1.88308214571008,1.30649654711231,0.604403993645733));
#9788=CARTESIAN_POINT('',(1.88308214571008,1.30649654711231,0.0544039936457329));
#9789=CARTESIAN_POINT('',(1.88308214571008,1.00010984924392,0.604403993645733));
#9790=CARTESIAN_POINT('',(1.88308214571008,0.756496547112308,0.604403993645733));
#9791=CARTESIAN_POINT('',(1.88308214571008,0.556496547112307,0.604403993645733));
#9792=CARTESIAN_POINT('',(1.88308214571008,0.756496547112308,0.604403993645733));
#9793=CARTESIAN_POINT('Origin',(1.88308214571008,0.656496547112307,0.604403993645733));
#9794=CARTESIAN_POINT('',(1.88308214571008,1.50646504004585,0.704403993645733));
#9795=CARTESIAN_POINT('',(1.88308214571008,1.65649654711231,0.704403993645733));
#9796=CARTESIAN_POINT('',(1.88308214571008,1.49643962215777,0.724450618686231));
#9797=CARTESIAN_POINT('Origin',(-0.267056554289918,-1.14350345288769,0.104403993645733));
#9798=CARTESIAN_POINT('',(1.33294344571008,-1.14350345288769,0.104403993645733));
#9799=CARTESIAN_POINT('',(-0.267056554289918,-1.14350345288769,0.104403993645733));
#9800=CARTESIAN_POINT('',(0.132943445710082,-1.14350345288769,0.104403993645733));
#9801=CARTESIAN_POINT('',(1.33294344571008,-1.14350345288769,0.149403993645733));
#9802=CARTESIAN_POINT('',(1.33294344571008,-1.14350345288769,0.104403993645733));
#9803=CARTESIAN_POINT('',(-0.267056554289918,-1.14350345288769,0.149403993645733));
#9804=CARTESIAN_POINT('',(-0.267056554289918,-1.14350345288769,0.149403993645733));
#9805=CARTESIAN_POINT('',(-0.267056554289918,-1.14350345288769,0.104403993645733));
#9806=CARTESIAN_POINT('Origin',(-0.712892429304386,0.0287562790652016,0.104403993645733));
#9807=CARTESIAN_POINT('',(-0.712892429304386,0.0287562790652016,0.104403993645733));
#9808=CARTESIAN_POINT('',(-0.663704680613552,-0.100575657477169,0.104403993645733));
#9809=CARTESIAN_POINT('',(-0.712892429304386,0.0287562790652016,0.149403993645733));
#9810=CARTESIAN_POINT('',(-0.718516835129568,0.043544825331936,0.149403993645733));
#9811=CARTESIAN_POINT('',(-0.712892429304386,0.0287562790652016,0.104403993645733));
#9812=CARTESIAN_POINT('Origin',(-0.245550587485635,0.206496547112308,0.104403993645733));
#9813=CARTESIAN_POINT('',(-0.712892429304386,0.384236815159414,0.104403993645733));
#9814=CARTESIAN_POINT('Origin',(-0.245550587485635,0.206496547112308,0.104403993645733));
#9815=CARTESIAN_POINT('',(-0.712892429304386,0.384236815159414,0.149403993645733));
#9816=CARTESIAN_POINT('Origin',(-0.245550587485635,0.206496547112308,0.149403993645733));
#9817=CARTESIAN_POINT('',(-0.712892429304386,0.384236815159414,0.104403993645733));
#9818=CARTESIAN_POINT('Origin',(-0.267056554289918,1.55649654711231,0.104403993645733));
#9819=CARTESIAN_POINT('',(-0.267056554289918,1.55649654711231,0.104403993645733));
#9820=CARTESIAN_POINT('',(-0.440786743106318,1.09969861767823,0.104403993645733));
#9821=CARTESIAN_POINT('',(-0.267056554289918,1.55649654711231,0.149403993645733));
#9822=CARTESIAN_POINT('',(-0.267056554289918,1.55649654711231,0.149403993645733));
#9823=CARTESIAN_POINT('',(-0.267056554289918,1.55649654711231,0.104403993645733));
#9824=CARTESIAN_POINT('Origin',(1.33294344571008,1.55649654711231,0.104403993645733));
#9825=CARTESIAN_POINT('',(1.33294344571008,1.55649654711231,0.104403993645733));
#9826=CARTESIAN_POINT('',(0.932943445710082,1.55649654711231,0.104403993645733));
#9827=CARTESIAN_POINT('',(1.33294344571008,1.55649654711231,0.149403993645733));
#9828=CARTESIAN_POINT('',(1.33294344571008,1.55649654711231,0.149403993645733));
#9829=CARTESIAN_POINT('',(1.33294344571008,1.55649654711231,0.104403993645733));
#9830=CARTESIAN_POINT('Origin',(1.77877932072455,0.384236815159414,0.104403993645733));
#9831=CARTESIAN_POINT('',(1.77877932072455,0.384236815159414,0.104403993645733));
#9832=CARTESIAN_POINT('',(1.72959157203372,0.513568751701785,0.104403993645733));
#9833=CARTESIAN_POINT('',(1.77877932072455,0.384236815159414,0.149403993645733));
#9834=CARTESIAN_POINT('',(1.78440372654973,0.36944826889268,0.149403993645733));
#9835=CARTESIAN_POINT('',(1.77877932072455,0.384236815159414,0.104403993645733));
#9836=CARTESIAN_POINT('Origin',(1.3114374789058,0.206496547112308,0.104403993645733));
#9837=CARTESIAN_POINT('',(1.77877932072455,0.0287562790652016,0.104403993645733));
#9838=CARTESIAN_POINT('Origin',(1.3114374789058,0.206496547112308,0.104403993645733));
#9839=CARTESIAN_POINT('',(1.77877932072455,0.0287562790652015,0.149403993645733));
#9840=CARTESIAN_POINT('Origin',(1.3114374789058,0.206496547112308,0.149403993645733));
#9841=CARTESIAN_POINT('',(1.77877932072455,0.0287562790652016,0.104403993645733));
#9842=CARTESIAN_POINT('Origin',(1.33294344571008,-1.14350345288769,0.104403993645733));
#9843=CARTESIAN_POINT('',(1.50667363452648,-0.686705523453616,0.104403993645733));
#9844=CARTESIAN_POINT('',(1.33294344571008,-1.14350345288769,0.149403993645733));
#9845=CARTESIAN_POINT('Origin',(0.532943445710082,0.206496547112308,0.149403993645733));
#9846=CARTESIAN_POINT('Origin',(0.532943445710082,-0.3685034528877,0.604403993645733));
#9847=CARTESIAN_POINT('',(2.03294344571008,0.556496547112307,0.604403993645733));
#9848=CARTESIAN_POINT('',(2.28308214571008,0.556496547112307,0.604403993645733));
#9849=CARTESIAN_POINT('',(1.83294344571008,1.0064965471123,0.604403993645733));
#9850=CARTESIAN_POINT('Origin',(1.83294344571008,0.8064965471123,0.604403993645733));
#9851=CARTESIAN_POINT('',(1.63294344571008,1.0064965471123,0.604403993645733));
#9852=CARTESIAN_POINT('',(1.83294344571008,1.0064965471123,0.604403993645733));
#9853=CARTESIAN_POINT('',(1.63294344571008,1.0564965471123,0.604403993645733));
#9854=CARTESIAN_POINT('',(1.63294344571008,1.0064965471123,0.604403993645733));
#9855=CARTESIAN_POINT('',(1.53294344571008,1.1564965471123,0.604403993645733));
#9856=CARTESIAN_POINT('Origin',(1.53294344571008,1.0564965471123,0.604403993645733));
#9857=CARTESIAN_POINT('',(-0.467056554289917,1.1564965471123,0.604403993645733));
#9858=CARTESIAN_POINT('',(1.53294344571008,1.1564965471123,0.604403993645733));
#9859=CARTESIAN_POINT('',(-0.567056554289918,1.0564965471123,0.604403993645733));
#9860=CARTESIAN_POINT('Origin',(-0.467056554289917,1.0564965471123,0.604403993645733));
#9861=CARTESIAN_POINT('',(-0.567056554289918,1.0064965471123,0.604403993645733));
#9862=CARTESIAN_POINT('',(-0.567056554289918,1.0564965471123,0.604403993645733));
#9863=CARTESIAN_POINT('',(-0.767056554289917,1.0064965471123,0.604403993645733));
#9864=CARTESIAN_POINT('',(-0.567056554289918,1.0064965471123,0.604403993645733));
#9865=CARTESIAN_POINT('',(-0.817195254289919,1.00010984924392,0.604403993645733));
#9866=CARTESIAN_POINT('Origin',(-0.767056554289917,0.806496547112299,0.604403993645733));
#9867=CARTESIAN_POINT('',(-0.817195254289919,0.556496547112308,0.604403993645731));
#9868=CARTESIAN_POINT('',(-0.817195254289919,-0.343503452887692,0.604403993645732));
#9869=CARTESIAN_POINT('',(-0.967056554289917,0.556496547112308,0.604403993645733));
#9870=CARTESIAN_POINT('',(-1.21719525428992,0.556496547112308,0.604403993645732));
#9871=CARTESIAN_POINT('',(-0.967056554289917,-0.143503452887692,0.604403993645733));
#9872=CARTESIAN_POINT('',(-0.967056554289917,0.8064965471123,0.604403993645733));
#9873=CARTESIAN_POINT('',(-1.21719525428992,-0.143503452887692,0.604403993645732));
#9874=CARTESIAN_POINT('Origin',(-0.767056554289917,-0.6935034528877,0.604403993645733));
#9875=CARTESIAN_POINT('',(0.182943445710083,-0.668503452887701,0.604403993645733));
#9876=CARTESIAN_POINT('',(0.182943445710083,-1.2060034528877,0.604403993645733));
#9877=CARTESIAN_POINT('',(0.0329434457100823,-0.668503452887701,0.604403993645733));
#9878=CARTESIAN_POINT('',(0.0329434457100823,-0.668503452887701,0.604403993645733));
#9879=CARTESIAN_POINT('',(0.0329434457100824,-0.6435034528877,0.604403993645733));
#9880=CARTESIAN_POINT('',(0.0329434457100825,-0.956003452887701,0.604403993645733));
#9881=CARTESIAN_POINT('',(-0.117056554289917,-0.4935034528877,0.604403993645733));
#9882=CARTESIAN_POINT('Origin',(-0.117056554289917,-0.6435034528877,0.604403993645733));
#9883=CARTESIAN_POINT('',(-0.167056554289917,-0.4935034528877,0.604403993645733));
#9884=CARTESIAN_POINT('',(0.882943445710083,-0.4935034528877,0.604403993645733));
#9885=CARTESIAN_POINT('',(-0.317056554289918,-0.3435034528877,0.604403993645733));
#9886=CARTESIAN_POINT('Origin',(-0.167056554289917,-0.3435034528877,0.604403993645733));
#9887=CARTESIAN_POINT('',(-0.317056554289918,0.7564965471123,0.604403993645733));
#9888=CARTESIAN_POINT('',(-0.317056554289918,-0.3560034528877,0.604403993645733));
#9889=CARTESIAN_POINT('',(-0.167056554289918,0.9064965471123,0.604403993645733));
#9890=CARTESIAN_POINT('Origin',(-0.167056554289918,0.7564965471123,0.604403993645733));
#9891=CARTESIAN_POINT('',(1.23294344571008,0.906496547112299,0.604403993645733));
#9892=CARTESIAN_POINT('',(0.182943445710083,0.9064965471123,0.604403993645733));
#9893=CARTESIAN_POINT('',(1.38294344571008,0.7564965471123,0.604403993645733));
#9894=CARTESIAN_POINT('Origin',(1.23294344571008,0.7564965471123,0.604403993645733));
#9895=CARTESIAN_POINT('',(1.38294344571008,-0.3435034528877,0.604403993645733));
#9896=CARTESIAN_POINT('',(1.38294344571008,0.193996547112299,0.604403993645733));
#9897=CARTESIAN_POINT('',(1.23294344571008,-0.4935034528877,0.604403993645733));
#9898=CARTESIAN_POINT('Origin',(1.23294344571008,-0.3435034528877,0.604403993645733));
#9899=CARTESIAN_POINT('',(1.18294344571008,-0.4935034528877,0.604403993645733));
#9900=CARTESIAN_POINT('',(0.882943445710083,-0.4935034528877,0.604403993645733));
#9901=CARTESIAN_POINT('',(1.03294344571008,-0.6435034528877,0.604403993645733));
#9902=CARTESIAN_POINT('Origin',(1.18294344571008,-0.6435034528877,0.604403993645733));
#9903=CARTESIAN_POINT('',(1.03294344571008,-0.668503452887701,0.604403993645733));
#9904=CARTESIAN_POINT('',(1.03294344571008,-0.956003452887701,0.604403993645733));
#9905=CARTESIAN_POINT('',(0.882943445710082,-0.668503452887701,0.604403993645733));
#9906=CARTESIAN_POINT('',(1.03294344571008,-0.668503452887701,0.604403993645733));
#9907=CARTESIAN_POINT('',(0.882943445710083,-0.4810034528877,0.604403993645733));
#9908=CARTESIAN_POINT('',(1.88308214571008,-0.88711675501932,0.604403993645733));
#9909=CARTESIAN_POINT('Origin',(1.83294344571008,-0.693503452887701,0.604403993645733));
#9910=CARTESIAN_POINT('',(1.88308214571008,-0.143503452887693,0.604403993645732));
#9911=CARTESIAN_POINT('',(1.88308214571008,0.756496547112308,0.604403993645733));
#9912=CARTESIAN_POINT('',(2.03294344571008,-0.143503452887693,0.604403993645733));
#9913=CARTESIAN_POINT('',(2.28308214571008,-0.143503452887693,0.604403993645732));
#9914=CARTESIAN_POINT('',(2.03294344571008,-0.6935034528877,0.604403993645733));
#9915=CARTESIAN_POINT('Origin',(0.182943445710083,-1.5435034528877,0.604403993645733));
#9916=CARTESIAN_POINT('',(0.182943445710083,-0.0935034528877003,0.654403993645733));
#9917=CARTESIAN_POINT('',(0.182943445710083,-0.668503452887701,0.267403993645733));
#9918=CARTESIAN_POINT('',(0.182943445710083,-0.0935034528877003,0.267403993645733));
#9919=CARTESIAN_POINT('',(0.182943445710083,-0.668503452887701,0.404403993645733));
#9920=CARTESIAN_POINT('Origin',(0.532943445710083,-0.4435034528877,0.654403993645733));
#9921=CARTESIAN_POINT('',(0.882943445710082,-1.1435034528877,0.654403993645733));
#9922=CARTESIAN_POINT('Origin',(0.882943445710083,-0.0935034528877001,0.604403993645733));
#9923=CARTESIAN_POINT('',(0.882943445710082,-0.668503452887701,0.267403993645733));
#9924=CARTESIAN_POINT('',(0.882943445710083,-0.668503452887701,0.404403993645733));
#9925=CARTESIAN_POINT('',(0.882943445710083,-1.5435034528877,0.267403993645733));
#9926=CARTESIAN_POINT('Origin',(0.882943445710082,-1.0685034528877,0.204403993645733));
#9927=CARTESIAN_POINT('',(0.882943445710083,-1.5435034528877,0.267403993645733));
#9928=CARTESIAN_POINT('',(0.882943445710082,-0.668503452887701,0.204403993645733));
#9929=CARTESIAN_POINT('',(0.882943445710082,-0.668503452887701,0.204403993645733));
#9930=CARTESIAN_POINT('',(0.882943445710082,-0.668503452887701,0.204403993645733));
#9931=CARTESIAN_POINT('Origin',(0.882943445710082,-0.668503452887701,0.204403993645733));
#9932=CARTESIAN_POINT('',(1.03294344571008,-0.668503452887701,0.204403993645733));
#9933=CARTESIAN_POINT('',(1.03294344571008,-0.668503452887701,0.204403993645733));
#9934=CARTESIAN_POINT('',(1.03294344571008,-0.668503452887701,0.404403993645733));
#9935=CARTESIAN_POINT('Origin',(1.03294344571008,-1.5435034528877,0.604403993645733));
#9936=CARTESIAN_POINT('',(1.03294344571008,-0.6435034528877,0.204403993645733));
#9937=CARTESIAN_POINT('',(1.03294344571008,-0.6435034528877,0.604403993645733));
#9938=CARTESIAN_POINT('',(1.03294344571008,-0.956003452887701,0.204403993645733));
#9939=CARTESIAN_POINT('Origin',(0.182943445710083,-1.0685034528877,0.204403993645733));
#9940=CARTESIAN_POINT('',(0.182943445710083,-0.668503452887701,0.204403993645733));
#9941=CARTESIAN_POINT('',(0.182943445710083,-0.668503452887701,0.204403993645733));
#9942=CARTESIAN_POINT('',(0.182943445710083,-0.668503452887701,0.204403993645733));
#9943=CARTESIAN_POINT('',(0.182943445710083,-0.0935034528877003,0.267403993645733));
#9944=CARTESIAN_POINT('Origin',(0.182943445710083,-0.668503452887701,0.204403993645733));
#9945=CARTESIAN_POINT('',(0.0329434457100823,-0.668503452887701,0.204403993645733));
#9946=CARTESIAN_POINT('',(0.0329434457100823,-0.668503452887701,0.204403993645733));
#9947=CARTESIAN_POINT('',(0.0329434457100825,-0.668503452887701,0.404403993645733));
#9948=CARTESIAN_POINT('Origin',(0.0329434457100826,-1.5435034528877,0.604403993645733));
#9949=CARTESIAN_POINT('',(0.0329434457100824,-0.6435034528877,0.204403993645733));
#9950=CARTESIAN_POINT('',(0.0329434457100825,-0.956003452887701,0.204403993645733));
#9951=CARTESIAN_POINT('',(0.0329434457100825,-0.6435034528877,0.604403993645733));
#9952=CARTESIAN_POINT('Origin',(0.532943445710083,-0.6435034528877,0.267403993645733));
#9953=CARTESIAN_POINT('Origin',(1.18294344571008,-0.6435034528877,0.604403993645733));
#9954=CARTESIAN_POINT('',(1.18294344571008,-0.4935034528877,0.204403993645733));
#9955=CARTESIAN_POINT('',(1.18294344571008,-0.4935034528877,0.604403993645733));
#9956=CARTESIAN_POINT('Origin',(1.18294344571008,-0.6435034528877,0.204403993645733));
#9957=CARTESIAN_POINT('Origin',(0.532943445710082,-0.3685034528877,0.204403993645733));
#9958=CARTESIAN_POINT('',(-0.967056554289917,-0.6935034528877,0.204403993645733));
#9959=CARTESIAN_POINT('Origin',(-0.767056554289917,-0.6935034528877,0.204403993645733));
#9960=CARTESIAN_POINT('',(-0.967056554289917,0.8064965471123,0.204403993645733));
#9961=CARTESIAN_POINT('',(-0.967056554289917,0.8064965471123,0.204403993645733));
#9962=CARTESIAN_POINT('',(-0.767056554289917,1.0064965471123,0.204403993645733));
#9963=CARTESIAN_POINT('Origin',(-0.767056554289917,0.806496547112299,0.204403993645733));
#9964=CARTESIAN_POINT('',(-0.567056554289918,1.0064965471123,0.204403993645733));
#9965=CARTESIAN_POINT('',(-0.567056554289918,1.0064965471123,0.204403993645733));
#9966=CARTESIAN_POINT('',(-0.567056554289918,1.0564965471123,0.204403993645733));
#9967=CARTESIAN_POINT('',(-0.567056554289918,1.0564965471123,0.204403993645733));
#9968=CARTESIAN_POINT('',(-0.467056554289917,1.1564965471123,0.204403993645733));
#9969=CARTESIAN_POINT('Origin',(-0.467056554289917,1.0564965471123,0.204403993645733));
#9970=CARTESIAN_POINT('',(1.53294344571008,1.1564965471123,0.204403993645733));
#9971=CARTESIAN_POINT('',(1.53294344571008,1.1564965471123,0.204403993645733));
#9972=CARTESIAN_POINT('',(1.63294344571008,1.0564965471123,0.204403993645733));
#9973=CARTESIAN_POINT('Origin',(1.53294344571008,1.0564965471123,0.204403993645733));
#9974=CARTESIAN_POINT('',(1.63294344571008,1.0064965471123,0.204403993645733));
#9975=CARTESIAN_POINT('',(1.63294344571008,1.0064965471123,0.204403993645733));
#9976=CARTESIAN_POINT('',(1.83294344571008,1.0064965471123,0.204403993645733));
#9977=CARTESIAN_POINT('',(1.83294344571008,1.0064965471123,0.204403993645733));
#9978=CARTESIAN_POINT('',(2.03294344571008,0.806496547112299,0.204403993645733));
#9979=CARTESIAN_POINT('Origin',(1.83294344571008,0.8064965471123,0.204403993645733));
#9980=CARTESIAN_POINT('',(2.03294344571008,-0.6935034528877,0.204403993645733));
#9981=CARTESIAN_POINT('',(2.03294344571008,-0.6935034528877,0.204403993645733));
#9982=CARTESIAN_POINT('Origin',(1.83294344571008,-0.693503452887701,0.204403993645733));
#9983=CARTESIAN_POINT('',(1.23294344571008,-0.4935034528877,0.204403993645733));
#9984=CARTESIAN_POINT('',(0.882943445710083,-0.4935034528877,0.204403993645733));
#9985=CARTESIAN_POINT('',(1.38294344571008,-0.3435034528877,0.204403993645733));
#9986=CARTESIAN_POINT('Origin',(1.23294344571008,-0.3435034528877,0.204403993645733));
#9987=CARTESIAN_POINT('',(1.38294344571008,0.7564965471123,0.204403993645733));
#9988=CARTESIAN_POINT('',(1.38294344571008,0.193996547112299,0.204403993645733));
#9989=CARTESIAN_POINT('',(1.23294344571008,0.906496547112299,0.204403993645733));
#9990=CARTESIAN_POINT('Origin',(1.23294344571008,0.7564965471123,0.204403993645733));
#9991=CARTESIAN_POINT('',(-0.167056554289918,0.9064965471123,0.204403993645733));
#9992=CARTESIAN_POINT('',(0.182943445710083,0.9064965471123,0.204403993645733));
#9993=CARTESIAN_POINT('',(-0.317056554289918,0.7564965471123,0.204403993645733));
#9994=CARTESIAN_POINT('Origin',(-0.167056554289918,0.7564965471123,0.204403993645733));
#9995=CARTESIAN_POINT('',(-0.317056554289918,-0.3435034528877,0.204403993645733));
#9996=CARTESIAN_POINT('',(-0.317056554289918,-0.3560034528877,0.204403993645733));
#9997=CARTESIAN_POINT('',(-0.167056554289917,-0.4935034528877,0.204403993645733));
#9998=CARTESIAN_POINT('Origin',(-0.167056554289917,-0.3435034528877,0.204403993645733));
#9999=CARTESIAN_POINT('',(-0.117056554289917,-0.4935034528877,0.204403993645733));
#10000=CARTESIAN_POINT('',(0.882943445710083,-0.4935034528877,0.204403993645733));
#10001=CARTESIAN_POINT('Origin',(-0.117056554289917,-0.6435034528877,0.204403993645733));
#10002=CARTESIAN_POINT('Origin',(-0.117056554289917,-0.6435034528877,0.604403993645733));
#10003=CARTESIAN_POINT('',(-0.117056554289917,-0.4935034528877,0.604403993645733));
#10004=CARTESIAN_POINT('Origin',(1.23294344571008,-0.4935034528877,0.604403993645733));
#10005=CARTESIAN_POINT('',(1.23294344571008,-0.4935034528877,0.604403993645733));
#10006=CARTESIAN_POINT('Origin',(-0.167056554289918,0.9064965471123,0.604403993645733));
#10007=CARTESIAN_POINT('',(1.23294344571008,0.906496547112299,0.604403993645733));
#10008=CARTESIAN_POINT('',(-0.167056554289918,0.9064965471123,0.604403993645733));
#10009=CARTESIAN_POINT('Origin',(-0.167056554289918,0.7564965471123,0.604403993645733));
#10010=CARTESIAN_POINT('',(-0.317056554289918,0.7564965471123,0.604403993645733));
#10011=CARTESIAN_POINT('Origin',(-0.317056554289918,-0.3435034528877,0.604403993645733));
#10012=CARTESIAN_POINT('',(-0.317056554289918,-0.3435034528877,0.604403993645733));
#10013=CARTESIAN_POINT('Origin',(-0.167056554289917,-0.3435034528877,0.604403993645733));
#10014=CARTESIAN_POINT('',(-0.167056554289917,-0.4935034528877,0.604403993645733));
#10015=CARTESIAN_POINT('Origin',(1.23294344571008,-0.4935034528877,0.604403993645733));
#10016=CARTESIAN_POINT('Origin',(1.23294344571008,-0.3435034528877,0.604403993645733));
#10017=CARTESIAN_POINT('',(1.38294344571008,-0.3435034528877,0.604403993645733));
#10018=CARTESIAN_POINT('Origin',(1.38294344571008,0.7564965471123,0.604403993645733));
#10019=CARTESIAN_POINT('',(1.38294344571008,0.7564965471123,0.604403993645733));
#10020=CARTESIAN_POINT('Origin',(1.23294344571008,0.7564965471123,0.604403993645733));
#10021=CARTESIAN_POINT('Origin',(-0.567056554289918,1.0564965471123,0.204403993645733));
#10022=CARTESIAN_POINT('',(-0.567056554289918,1.0064965471123,0.204403993645733));
#10023=CARTESIAN_POINT('',(-0.567056554289918,1.0564965471123,0.204403993645733));
#10024=CARTESIAN_POINT('Origin',(-0.467056554289917,1.0564965471123,0.204403993645733));
#10025=CARTESIAN_POINT('',(-0.467056554289917,1.1564965471123,0.204403993645733));
#10026=CARTESIAN_POINT('Origin',(1.53294344571008,1.1564965471123,0.204403993645733));
#10027=CARTESIAN_POINT('',(1.53294344571008,1.1564965471123,0.204403993645733));
#10028=CARTESIAN_POINT('Origin',(1.53294344571008,1.0564965471123,0.204403993645733));
#10029=CARTESIAN_POINT('',(1.63294344571008,1.0564965471123,0.204403993645733));
#10030=CARTESIAN_POINT('Origin',(1.63294344571008,1.0064965471123,0.204403993645733));
#10031=CARTESIAN_POINT('',(1.63294344571008,1.0064965471123,0.204403993645733));
#10032=CARTESIAN_POINT('Origin',(1.83294344571008,1.0064965471123,0.204403993645733));
#10033=CARTESIAN_POINT('',(1.83294344571008,1.0064965471123,0.204403993645733));
#10034=CARTESIAN_POINT('Origin',(1.83294344571008,0.8064965471123,0.204403993645733));
#10035=CARTESIAN_POINT('',(2.03294344571008,0.806496547112299,0.604403993645733));
#10036=CARTESIAN_POINT('Origin',(1.83294344571008,0.8064965471123,0.604403993645733));
#10037=CARTESIAN_POINT('',(2.03294344571008,0.806496547112299,0.204403993645733));
#10038=CARTESIAN_POINT('Origin',(2.03294344571008,-0.6935034528877,0.204403993645733));
#10039=CARTESIAN_POINT('',(2.03294344571008,0.306496547112304,0.604403993645732));
#10040=CARTESIAN_POINT('',(2.03294344571008,-0.693503452887701,0.604403993645733));
#10041=CARTESIAN_POINT('',(2.03294344571008,0.306496547112304,0.604403993645732));
#10042=CARTESIAN_POINT('',(2.03294344571008,-0.6935034528877,0.204403993645733));
#10043=CARTESIAN_POINT('Origin',(1.83294344571008,-0.693503452887701,0.204403993645733));
#10044=CARTESIAN_POINT('Origin',(1.83294344571008,-0.693503452887701,0.604403993645733));
#10045=CARTESIAN_POINT('Origin',(-0.767056554289917,-0.6935034528877,0.204403993645733));
#10046=CARTESIAN_POINT('',(-0.967056554289917,-0.6935034528877,0.604403993645733));
#10047=CARTESIAN_POINT('Origin',(-0.767056554289917,-0.6935034528877,0.604403993645733));
#10048=CARTESIAN_POINT('',(-0.967056554289917,-0.6935034528877,0.204403993645733));
#10049=CARTESIAN_POINT('Origin',(-0.967056554289917,0.8064965471123,0.204403993645733));
#10050=CARTESIAN_POINT('',(-0.967056554289917,-0.0435034528876961,0.604403993645732));
#10051=CARTESIAN_POINT('',(-0.967056554289917,0.8064965471123,0.604403993645733));
#10052=CARTESIAN_POINT('',(-0.967056554289917,-0.0435034528876961,0.604403993645732));
#10053=CARTESIAN_POINT('',(-0.967056554289917,0.8064965471123,0.204403993645733));
#10054=CARTESIAN_POINT('Origin',(-0.767056554289917,0.806496547112299,0.204403993645733));
#10055=CARTESIAN_POINT('Origin',(-0.767056554289917,0.806496547112299,0.604403993645733));
#10056=CARTESIAN_POINT('',(-0.767056554289917,1.0064965471123,0.204403993645733));
#10057=CARTESIAN_POINT('Origin',(-0.567056554289918,1.0064965471123,0.204403993645733));
#10058=CARTESIAN_POINT('Origin',(1.88308214571008,1.30649654711231,0.604403993645733));
#10059=CARTESIAN_POINT('',(2.03308214571008,1.30649654711231,0.604403993645733));
#10060=CARTESIAN_POINT('',(1.88308214571008,1.30649654711231,0.604403993645733));
#10061=CARTESIAN_POINT('',(2.03308214571008,0.556496547112307,0.604403993645733));
#10062=CARTESIAN_POINT('',(2.03308214571008,-0.893503452887693,0.604403993645732));
#10063=CARTESIAN_POINT('',(2.28308214571008,0.556496547112307,0.604403993645733));
#10064=CARTESIAN_POINT('Origin',(-0.817195254289919,-0.893503452887692,
0.604403993645733));
#10065=CARTESIAN_POINT('',(-0.967195254289919,-0.893503452887692,0.604403993645733));
#10066=CARTESIAN_POINT('',(-0.817195254289919,-0.893503452887692,0.604403993645733));
#10067=CARTESIAN_POINT('',(-0.967195254289919,-0.143503452887692,0.604403993645732));
#10068=CARTESIAN_POINT('',(-0.967195254289919,1.30649654711231,0.604403993645731));
#10069=CARTESIAN_POINT('',(-1.21719525428992,-0.143503452887692,0.604403993645732));
#10070=CARTESIAN_POINT('Origin',(-1.41719525428992,-0.29350345288769,-0.345596006354267));
#10071=CARTESIAN_POINT('',(-1.41719525428992,-0.293503452887691,-0.495596006354267));
#10072=CARTESIAN_POINT('',(-1.41719525428992,-0.29350345288769,-0.345596006354267));
#10073=CARTESIAN_POINT('',(-1.41719525428992,-0.29350345288769,-0.383096006354267));
#10074=CARTESIAN_POINT('',(-1.81719525428992,-0.293503452887691,-0.495596006354267));
#10075=CARTESIAN_POINT('',(-1.41719525428992,-0.293503452887691,-0.495596006354267));
#10076=CARTESIAN_POINT('',(-1.81719525428992,-0.29350345288769,-0.345596006354267));
#10077=CARTESIAN_POINT('',(-1.81719525428992,-0.29350345288769,-0.345596006354267));
#10078=CARTESIAN_POINT('',(-1.41719525428992,-0.29350345288769,-0.345596006354267));
#10079=CARTESIAN_POINT('Origin',(-1.41719525428992,-0.793503452887691,-0.495596006354267));
#10080=CARTESIAN_POINT('',(-1.41719525428992,-0.79350345288769,-0.345596006354267));
#10081=CARTESIAN_POINT('',(-1.41719525428992,-0.793503452887691,-0.495596006354267));
#10082=CARTESIAN_POINT('',(-1.41719525428992,-0.793503452887691,-0.458096006354267));
#10083=CARTESIAN_POINT('',(-1.81719525428992,-0.79350345288769,-0.345596006354267));
#10084=CARTESIAN_POINT('',(-1.41719525428992,-0.79350345288769,-0.345596006354267));
#10085=CARTESIAN_POINT('',(-1.81719525428992,-0.793503452887691,-0.495596006354267));
#10086=CARTESIAN_POINT('',(-1.81719525428992,-0.793503452887691,-0.495596006354267));
#10087=CARTESIAN_POINT('',(-1.41719525428992,-0.793503452887691,-0.495596006354267));
#10088=CARTESIAN_POINT('Origin',(-1.81719525428992,-0.54350345288769,-0.420596006354267));
#10089=CARTESIAN_POINT('',(-1.81719525428992,-0.79350345288769,-0.345596006354267));
#10090=CARTESIAN_POINT('',(-1.81719525428992,-0.293503452887691,-0.495596006354267));
#10091=CARTESIAN_POINT('Origin',(-1.41719525428992,-0.54350345288769,-0.420596006354267));
#10092=CARTESIAN_POINT('',(-1.41719525428992,-0.84350345288769,-0.495596006354267));
#10093=CARTESIAN_POINT('',(-1.41719525428992,-0.24350345288769,-0.495596006354267));
#10094=CARTESIAN_POINT('',(-1.41719525428992,-0.84350345288769,-0.345596006354267));
#10095=CARTESIAN_POINT('',(-1.41719525428992,-0.84350345288769,-0.495596006354267));
#10096=CARTESIAN_POINT('',(-1.41719525428992,-0.84350345288769,-0.345596006354267));
#10097=CARTESIAN_POINT('Origin',(-1.21719525428992,-0.24350345288769,-0.495596006354267));
#10098=CARTESIAN_POINT('',(-1.21719525428992,-0.24350345288769,-0.495596006354267));
#10099=CARTESIAN_POINT('',(-1.21719525428992,-0.84350345288769,-0.495596006354266));
#10100=CARTESIAN_POINT('',(-1.21719525428992,1.40649654711231,-0.495596006354269));
#10101=CARTESIAN_POINT('',(-1.21719525428992,-0.84350345288769,-0.495596006354266));
#10102=CARTESIAN_POINT('',(-1.41719525428992,-0.24350345288769,-0.495596006354267));
#10103=CARTESIAN_POINT('',(-1.41719525428992,-0.24350345288769,-0.495596006354267));
#10104=CARTESIAN_POINT('',(-1.21719525428992,-0.24350345288769,-0.495596006354267));
#10105=CARTESIAN_POINT('Origin',(-1.21719525428992,-0.24350345288769,-0.345596006354267));
#10106=CARTESIAN_POINT('',(-1.21719525428992,-0.24350345288769,-0.345596006354267));
#10107=CARTESIAN_POINT('',(-1.21719525428992,-0.24350345288769,-0.120596006354267));
#10108=CARTESIAN_POINT('',(-1.41719525428992,-0.24350345288769,-0.345596006354267));
#10109=CARTESIAN_POINT('',(-1.41719525428992,-0.24350345288769,-0.345596006354267));
#10110=CARTESIAN_POINT('',(-1.21719525428992,-0.24350345288769,-0.345596006354267));
#10111=CARTESIAN_POINT('Origin',(-1.21719525428992,-0.84350345288769,-0.345596006354266));
#10112=CARTESIAN_POINT('',(-1.21719525428992,-0.84350345288769,-0.345596006354266));
#10113=CARTESIAN_POINT('',(-1.21719525428992,-0.318503452887691,-0.345596006354267));
#10114=CARTESIAN_POINT('',(-1.41719525428992,-0.84350345288769,-0.345596006354267));
#10115=CARTESIAN_POINT('',(-1.21719525428992,-0.84350345288769,-0.345596006354266));
#10116=CARTESIAN_POINT('Origin',(-1.21719525428992,-0.84350345288769,-0.495596006354266));
#10117=CARTESIAN_POINT('',(-1.21719525428992,-0.84350345288769,-0.195596006354267));
#10118=CARTESIAN_POINT('Origin',(-1.41719525428992,-0.54350345288769,-0.420596006354267));
#10119=CARTESIAN_POINT('Origin',(-1.21719525428992,0.206496547112308,0.104403993645732));
#10120=CARTESIAN_POINT('',(-1.21719525428992,-0.993503452887693,-0.495596006354267));
#10121=CARTESIAN_POINT('',(-1.21719525428992,1.40649654711231,-0.495596006354269));
#10122=CARTESIAN_POINT('',(-1.21719525428992,-0.993503452887693,-0.495596006354267));
#10123=CARTESIAN_POINT('',(-1.21719525428992,-1.24350345288769,0.404403993645733));
#10124=CARTESIAN_POINT('',(-1.21719525428992,-1.24350345288769,0.00440399364573331));
#10125=CARTESIAN_POINT('',(-1.21719525428992,-1.09347194582123,0.704403993645733));
#10126=CARTESIAN_POINT('',(-1.21719525428992,-1.08344652793316,0.724450618686231));
#10127=CARTESIAN_POINT('',(-1.21719525428992,-0.243503452887691,0.704403993645732));
#10128=CARTESIAN_POINT('',(-1.21719525428992,-1.24350345288769,0.704403993645733));
#10129=CARTESIAN_POINT('',(-1.21719525428992,-0.143503452887692,0.604403993645732));
#10130=CARTESIAN_POINT('Origin',(-1.21719525428992,-0.243503452887692,0.604403993645732));
#10131=CARTESIAN_POINT('',(-1.21719525428992,-0.143503452887692,0.104403993645732));
#10132=CARTESIAN_POINT('',(-1.21719525428992,-0.143503452887692,0.404403993645732));
#10133=CARTESIAN_POINT('',(-1.21719525428992,0.556496547112308,0.104403993645732));
#10134=CARTESIAN_POINT('',(-1.21719525428992,0.0314965471123078,0.104403993645732));
#10135=CARTESIAN_POINT('',(-1.21719525428992,0.556496547112308,0.604403993645732));
#10136=CARTESIAN_POINT('',(-1.21719525428992,0.556496547112308,0.104403993645732));
#10137=CARTESIAN_POINT('Origin',(-1.21719525428992,0.656496547112308,0.604403993645731));
#10138=CARTESIAN_POINT('',(-1.21719525428992,1.65649654711231,0.404403993645731));
#10139=CARTESIAN_POINT('',(-1.21719525428992,1.49643962215777,0.724450618686229));
#10140=CARTESIAN_POINT('',(-1.21719525428992,1.65649654711231,0.70440399364573));
#10141=CARTESIAN_POINT('',(-1.21719525428992,1.40649654711231,-0.495596006354269));
#10142=CARTESIAN_POINT('',(-1.21719525428992,1.40649654711231,0.00440399364573078));
#10143=CARTESIAN_POINT('',(-1.21719525428992,1.25649654711231,-0.495596006354269));
#10144=CARTESIAN_POINT('',(-1.21719525428992,1.40649654711231,-0.495596006354269));
#10145=CARTESIAN_POINT('',(-1.21719525428992,1.25649654711231,-0.345596006354269));
#10146=CARTESIAN_POINT('',(-1.21719525428992,1.25649654711231,-0.120596006354269));
#10147=CARTESIAN_POINT('',(-1.21719525428992,0.656496547112308,-0.345596006354269));
#10148=CARTESIAN_POINT('',(-1.21719525428992,0.431496547112308,-0.345596006354268));
#10149=CARTESIAN_POINT('',(-1.21719525428992,0.656496547112308,-0.495596006354269));
#10150=CARTESIAN_POINT('',(-1.21719525428992,0.656496547112308,-0.195596006354268));
#10151=CARTESIAN_POINT('',(-1.21719525428992,1.40649654711231,-0.495596006354269));
#10152=CARTESIAN_POINT('Origin',(-1.41719525428992,1.20649654711231,-0.345596006354269));
#10153=CARTESIAN_POINT('',(-1.41719525428992,1.20649654711231,-0.495596006354269));
#10154=CARTESIAN_POINT('',(-1.41719525428992,1.20649654711231,-0.345596006354269));
#10155=CARTESIAN_POINT('',(-1.41719525428992,1.20649654711231,-0.383096006354269));
#10156=CARTESIAN_POINT('',(-1.81719525428992,1.20649654711231,-0.495596006354269));
#10157=CARTESIAN_POINT('',(-1.41719525428992,1.20649654711231,-0.495596006354269));
#10158=CARTESIAN_POINT('',(-1.81719525428992,1.20649654711231,-0.34559600635427));
#10159=CARTESIAN_POINT('',(-1.81719525428992,1.20649654711231,-0.34559600635427));
#10160=CARTESIAN_POINT('',(-1.41719525428992,1.20649654711231,-0.345596006354269));
#10161=CARTESIAN_POINT('Origin',(-1.41719525428992,0.706496547112308,-0.495596006354269));
#10162=CARTESIAN_POINT('',(-1.41719525428992,0.706496547112308,-0.345596006354269));
#10163=CARTESIAN_POINT('',(-1.41719525428992,0.706496547112308,-0.495596006354269));
#10164=CARTESIAN_POINT('',(-1.41719525428992,0.706496547112308,-0.458096006354269));
#10165=CARTESIAN_POINT('',(-1.81719525428992,0.706496547112308,-0.345596006354269));
#10166=CARTESIAN_POINT('',(-1.41719525428992,0.706496547112308,-0.345596006354269));
#10167=CARTESIAN_POINT('',(-1.81719525428992,0.706496547112308,-0.495596006354269));
#10168=CARTESIAN_POINT('',(-1.81719525428992,0.706496547112308,-0.495596006354269));
#10169=CARTESIAN_POINT('',(-1.41719525428992,0.706496547112308,-0.495596006354269));
#10170=CARTESIAN_POINT('Origin',(-1.81719525428992,0.956496547112308,-0.420596006354269));
#10171=CARTESIAN_POINT('',(-1.81719525428992,0.706496547112308,-0.345596006354269));
#10172=CARTESIAN_POINT('',(-1.81719525428992,1.20649654711231,-0.495596006354269));
#10173=CARTESIAN_POINT('Origin',(-1.41719525428992,0.956496547112308,-0.420596006354269));
#10174=CARTESIAN_POINT('',(-1.41719525428992,0.656496547112308,-0.495596006354269));
#10175=CARTESIAN_POINT('',(-1.41719525428992,1.25649654711231,-0.495596006354269));
#10176=CARTESIAN_POINT('',(-1.41719525428992,0.656496547112308,-0.345596006354269));
#10177=CARTESIAN_POINT('',(-1.41719525428992,0.656496547112308,-0.495596006354269));
#10178=CARTESIAN_POINT('',(-1.41719525428992,0.656496547112308,-0.345596006354269));
#10179=CARTESIAN_POINT('Origin',(-1.21719525428992,1.25649654711231,-0.495596006354269));
#10180=CARTESIAN_POINT('',(-1.21719525428992,1.40649654711231,-0.495596006354269));
#10181=CARTESIAN_POINT('',(-1.21719525428992,0.656496547112308,-0.495596006354269));
#10182=CARTESIAN_POINT('',(-1.41719525428992,1.25649654711231,-0.495596006354269));
#10183=CARTESIAN_POINT('',(-1.41719525428992,1.25649654711231,-0.495596006354269));
#10184=CARTESIAN_POINT('',(-1.21719525428992,1.25649654711231,-0.495596006354269));
#10185=CARTESIAN_POINT('Origin',(-1.21719525428992,1.25649654711231,-0.345596006354269));
#10186=CARTESIAN_POINT('',(-1.41719525428992,1.25649654711231,-0.345596006354269));
#10187=CARTESIAN_POINT('',(-1.41719525428992,1.25649654711231,-0.345596006354269));
#10188=CARTESIAN_POINT('',(-1.21719525428992,1.25649654711231,-0.345596006354269));
#10189=CARTESIAN_POINT('Origin',(-1.21719525428992,0.656496547112308,-0.345596006354269));
#10190=CARTESIAN_POINT('',(-1.41719525428992,0.656496547112308,-0.345596006354269));
#10191=CARTESIAN_POINT('',(-1.21719525428992,0.656496547112308,-0.345596006354269));
#10192=CARTESIAN_POINT('Origin',(-1.21719525428992,0.656496547112308,-0.495596006354269));
#10193=CARTESIAN_POINT('Origin',(-1.41719525428992,0.956496547112308,-0.420596006354269));
#10194=CARTESIAN_POINT('Origin',(2.48308214571009,-0.293503452887684,-0.495596006354268));
#10195=CARTESIAN_POINT('',(2.48308214571009,-0.293503452887685,-0.345596006354268));
#10196=CARTESIAN_POINT('',(2.48308214571009,-0.293503452887684,-0.495596006354268));
#10197=CARTESIAN_POINT('',(2.48308214571009,-0.293503452887684,-0.458096006354268));
#10198=CARTESIAN_POINT('',(2.88308214571009,-0.293503452887684,-0.345596006354267));
#10199=CARTESIAN_POINT('',(2.48308214571009,-0.293503452887685,-0.345596006354268));
#10200=CARTESIAN_POINT('',(2.88308214571009,-0.293503452887684,-0.495596006354267));
#10201=CARTESIAN_POINT('',(2.88308214571009,-0.293503452887684,-0.495596006354267));
#10202=CARTESIAN_POINT('',(2.48308214571009,-0.293503452887684,-0.495596006354268));
#10203=CARTESIAN_POINT('Origin',(2.48308214571009,-0.793503452887685,-0.345596006354268));
#10204=CARTESIAN_POINT('',(2.48308214571009,-0.793503452887684,-0.495596006354268));
#10205=CARTESIAN_POINT('',(2.48308214571009,-0.793503452887685,-0.345596006354268));
#10206=CARTESIAN_POINT('',(2.48308214571009,-0.793503452887685,-0.383096006354268));
#10207=CARTESIAN_POINT('',(2.88308214571009,-0.793503452887684,-0.495596006354268));
#10208=CARTESIAN_POINT('',(2.48308214571009,-0.793503452887684,-0.495596006354268));
#10209=CARTESIAN_POINT('',(2.88308214571009,-0.793503452887684,-0.345596006354268));
#10210=CARTESIAN_POINT('',(2.88308214571009,-0.793503452887684,-0.345596006354268));
#10211=CARTESIAN_POINT('',(2.48308214571009,-0.793503452887685,-0.345596006354268));
#10212=CARTESIAN_POINT('Origin',(2.88308214571009,-0.543503452887685,-0.420596006354267));
#10213=CARTESIAN_POINT('',(2.88308214571009,-0.793503452887684,-0.495596006354268));
#10214=CARTESIAN_POINT('',(2.88308214571009,-0.293503452887684,-0.345596006354267));
#10215=CARTESIAN_POINT('Origin',(2.48308214571009,-0.543503452887685,-0.420596006354268));
#10216=CARTESIAN_POINT('',(2.48308214571009,-0.843503452887684,-0.345596006354268));
#10217=CARTESIAN_POINT('',(2.48308214571009,-0.243503452887685,-0.345596006354268));
#10218=CARTESIAN_POINT('',(2.48308214571009,-0.843503452887684,-0.495596006354268));
#10219=CARTESIAN_POINT('',(2.48308214571009,-0.843503452887684,-0.345596006354268));
#10220=CARTESIAN_POINT('',(2.48308214571009,-0.843503452887684,-0.495596006354268));
#10221=CARTESIAN_POINT('Origin',(2.28308214571009,-0.243503452887685,-0.345596006354268));
#10222=CARTESIAN_POINT('',(2.28308214571009,-0.843503452887684,-0.345596006354268));
#10223=CARTESIAN_POINT('',(2.28308214571009,-0.243503452887685,-0.345596006354268));
#10224=CARTESIAN_POINT('',(2.28308214571008,-0.0185034528876883,-0.345596006354268));
#10225=CARTESIAN_POINT('',(2.28308214571009,-0.843503452887684,-0.345596006354268));
#10226=CARTESIAN_POINT('',(2.48308214571009,-0.243503452887685,-0.345596006354268));
#10227=CARTESIAN_POINT('',(2.48308214571009,-0.243503452887685,-0.345596006354268));
#10228=CARTESIAN_POINT('',(2.28308214571009,-0.243503452887685,-0.345596006354268));
#10229=CARTESIAN_POINT('Origin',(2.28308214571009,-0.243503452887684,-0.495596006354268));
#10230=CARTESIAN_POINT('',(2.28308214571009,-0.243503452887684,-0.495596006354268));
#10231=CARTESIAN_POINT('',(2.28308214571008,-0.243503452887685,-0.195596006354268));
#10232=CARTESIAN_POINT('',(2.48308214571009,-0.243503452887684,-0.495596006354268));
#10233=CARTESIAN_POINT('',(2.48308214571009,-0.243503452887684,-0.495596006354268));
#10234=CARTESIAN_POINT('',(2.28308214571009,-0.243503452887684,-0.495596006354268));
#10235=CARTESIAN_POINT('Origin',(2.28308214571009,-0.843503452887684,-0.495596006354268));
#10236=CARTESIAN_POINT('',(2.28308214571009,-0.843503452887684,-0.495596006354268));
#10237=CARTESIAN_POINT('',(2.28308214571008,-0.993503452887692,-0.495596006354268));
#10238=CARTESIAN_POINT('',(2.48308214571009,-0.843503452887684,-0.495596006354268));
#10239=CARTESIAN_POINT('',(2.28308214571009,-0.843503452887684,-0.495596006354268));
#10240=CARTESIAN_POINT('Origin',(2.28308214571009,-0.843503452887684,-0.345596006354268));
#10241=CARTESIAN_POINT('',(2.28308214571008,-0.843503452887684,-0.120596006354268));
#10242=CARTESIAN_POINT('Origin',(2.48308214571009,-0.543503452887685,-0.420596006354268));
#10243=CARTESIAN_POINT('Origin',(2.48308214571009,1.20649654711231,-0.495596006354266));
#10244=CARTESIAN_POINT('',(2.48308214571009,1.20649654711231,-0.345596006354267));
#10245=CARTESIAN_POINT('',(2.48308214571009,1.20649654711231,-0.495596006354266));
#10246=CARTESIAN_POINT('',(2.48308214571009,1.20649654711231,-0.458096006354267));
#10247=CARTESIAN_POINT('',(2.88308214571009,1.20649654711231,-0.345596006354266));
#10248=CARTESIAN_POINT('',(2.48308214571009,1.20649654711231,-0.345596006354267));
#10249=CARTESIAN_POINT('',(2.88308214571009,1.20649654711231,-0.495596006354266));
#10250=CARTESIAN_POINT('',(2.88308214571009,1.20649654711231,-0.495596006354266));
#10251=CARTESIAN_POINT('',(2.48308214571009,1.20649654711231,-0.495596006354266));
#10252=CARTESIAN_POINT('Origin',(2.48308214571009,0.706496547112309,-0.345596006354267));
#10253=CARTESIAN_POINT('',(2.48308214571009,0.706496547112309,-0.495596006354267));
#10254=CARTESIAN_POINT('',(2.48308214571009,0.706496547112309,-0.345596006354267));
#10255=CARTESIAN_POINT('',(2.48308214571009,0.706496547112309,-0.383096006354267));
#10256=CARTESIAN_POINT('',(2.88308214571009,0.706496547112309,-0.495596006354266));
#10257=CARTESIAN_POINT('',(2.48308214571009,0.706496547112309,-0.495596006354267));
#10258=CARTESIAN_POINT('',(2.88308214571009,0.706496547112309,-0.345596006354266));
#10259=CARTESIAN_POINT('',(2.88308214571009,0.706496547112309,-0.345596006354266));
#10260=CARTESIAN_POINT('',(2.48308214571009,0.706496547112309,-0.345596006354267));
#10261=CARTESIAN_POINT('Origin',(2.88308214571009,0.956496547112309,-0.420596006354266));
#10262=CARTESIAN_POINT('',(2.88308214571009,0.706496547112309,-0.495596006354266));
#10263=CARTESIAN_POINT('',(2.88308214571009,1.20649654711231,-0.345596006354266));
#10264=CARTESIAN_POINT('Origin',(2.48308214571009,0.956496547112309,-0.420596006354267));
#10265=CARTESIAN_POINT('',(2.48308214571009,0.656496547112309,-0.345596006354267));
#10266=CARTESIAN_POINT('',(2.48308214571009,1.25649654711231,-0.345596006354266));
#10267=CARTESIAN_POINT('',(2.48308214571009,0.656496547112309,-0.495596006354267));
#10268=CARTESIAN_POINT('',(2.48308214571009,0.656496547112309,-0.345596006354267));
#10269=CARTESIAN_POINT('',(2.48308214571009,0.656496547112309,-0.495596006354267));
#10270=CARTESIAN_POINT('Origin',(2.28308214571009,1.25649654711231,-0.345596006354267));
#10271=CARTESIAN_POINT('',(2.28308214571009,0.656496547112309,-0.345596006354267));
#10272=CARTESIAN_POINT('',(2.28308214571009,1.25649654711231,-0.345596006354267));
#10273=CARTESIAN_POINT('',(2.28308214571008,0.731496547112308,-0.345596006354267));
#10274=CARTESIAN_POINT('',(2.28308214571009,0.656496547112309,-0.345596006354267));
#10275=CARTESIAN_POINT('',(2.48308214571009,1.25649654711231,-0.345596006354266));
#10276=CARTESIAN_POINT('',(2.48308214571009,1.25649654711231,-0.345596006354266));
#10277=CARTESIAN_POINT('',(2.28308214571009,1.25649654711231,-0.345596006354267));
#10278=CARTESIAN_POINT('Origin',(2.28308214571009,1.25649654711231,-0.495596006354267));
#10279=CARTESIAN_POINT('',(2.28308214571009,1.25649654711231,-0.495596006354267));
#10280=CARTESIAN_POINT('',(2.28308214571008,1.25649654711231,-0.195596006354267));
#10281=CARTESIAN_POINT('',(2.48308214571009,1.25649654711231,-0.495596006354266));
#10282=CARTESIAN_POINT('',(2.48308214571009,1.25649654711231,-0.495596006354266));
#10283=CARTESIAN_POINT('',(2.28308214571009,1.25649654711231,-0.495596006354267));
#10284=CARTESIAN_POINT('Origin',(2.28308214571009,0.656496547112309,-0.495596006354267));
#10285=CARTESIAN_POINT('',(2.28308214571009,0.656496547112309,-0.495596006354267));
#10286=CARTESIAN_POINT('',(2.28308214571008,-0.993503452887692,-0.495596006354268));
#10287=CARTESIAN_POINT('',(2.48308214571009,0.656496547112309,-0.495596006354267));
#10288=CARTESIAN_POINT('',(2.28308214571009,0.656496547112309,-0.495596006354267));
#10289=CARTESIAN_POINT('Origin',(2.28308214571009,0.656496547112309,-0.345596006354267));
#10290=CARTESIAN_POINT('',(2.28308214571008,0.656496547112309,-0.120596006354267));
#10291=CARTESIAN_POINT('Origin',(2.48308214571009,0.956496547112309,-0.420596006354267));
#10292=CARTESIAN_POINT('Origin',(1.88308214571008,0.206496547112308,0.104403993645732));
#10293=CARTESIAN_POINT('',(1.88308214571008,1.65649654711231,0.404403993645733));
#10294=CARTESIAN_POINT('',(1.88308214571008,1.49643962215777,0.724450618686231));
#10295=CARTESIAN_POINT('',(1.88308214571008,1.65649654711231,0.00440399364573322));
#10296=CARTESIAN_POINT('Origin',(1.88308214571008,1.30649654711231,0.604403993645733));
#10297=CARTESIAN_POINT('',(2.03308214571008,-0.143503452887693,0.604403993645732));
#10298=CARTESIAN_POINT('',(2.28308214571008,-0.143503452887693,0.604403993645732));
#10299=CARTESIAN_POINT('',(2.03308214571008,-0.893503452887693,0.604403993645732));
#10300=CARTESIAN_POINT('',(2.03308214571008,-0.893503452887693,0.604403993645732));
#10301=CARTESIAN_POINT('',(1.88308214571008,-0.893503452887693,0.604403993645732));
#10302=CARTESIAN_POINT('',(1.88308214571008,-0.893503452887693,0.604403993645732));
#10303=CARTESIAN_POINT('',(1.88308214571008,0.756496547112308,0.604403993645733));
#10304=CARTESIAN_POINT('Origin',(2.03308214571008,0.206496547112308,0.304403993645732));
#10305=CARTESIAN_POINT('',(2.03308214571008,-0.143503452887692,0.104403993645732));
#10306=CARTESIAN_POINT('',(2.03308214571008,-0.143503452887692,0.204403993645732));
#10307=CARTESIAN_POINT('',(2.03308214571008,-0.893503452887692,0.104403993645732));
#10308=CARTESIAN_POINT('',(2.03308214571008,0.206496547112308,0.104403993645733));
#10309=CARTESIAN_POINT('',(2.03308214571008,-0.893503452887692,0.00440399364573197));
#10310=CARTESIAN_POINT('Origin',(2.03308214571008,0.206496547112308,0.304403993645732));
#10311=CARTESIAN_POINT('',(2.03308214571008,0.556496547112308,0.104403993645733));
#10312=CARTESIAN_POINT('',(2.03308214571008,0.556496547112307,0.504403993645733));
#10313=CARTESIAN_POINT('',(2.03308214571008,1.30649654711231,0.104403993645733));
#10314=CARTESIAN_POINT('',(2.03308214571008,1.30649654711231,0.604403993645733));
#10315=CARTESIAN_POINT('',(2.03308214571008,0.206496547112308,0.104403993645733));
#10316=CARTESIAN_POINT('Origin',(1.88308214571008,1.30649654711231,0.00440399364573289));
#10317=CARTESIAN_POINT('',(1.20801279571008,1.30649654711231,0.104403993645733));
#10318=CARTESIAN_POINT('Origin',(1.88308214571008,-0.893503452887693,0.604403993645732));
#10319=CARTESIAN_POINT('',(1.88308214571008,-0.893503452887692,0.104403993645732));
#10320=CARTESIAN_POINT('',(1.20801279571008,-0.893503452887692,0.104403993645733));
#10321=CARTESIAN_POINT('',(1.88308214571008,-0.893503452887693,0.354403993645732));
#10322=CARTESIAN_POINT('Origin',(2.28308214571008,0.556496547112307,0.704403993645733));
#10323=CARTESIAN_POINT('',(2.18308214571008,0.556496547112308,0.104403993645733));
#10324=CARTESIAN_POINT('',(1.40801279571008,0.556496547112308,0.104403993645733));
#10325=CARTESIAN_POINT('',(2.28308214571008,0.556496547112308,0.104403993645733));
#10326=CARTESIAN_POINT('',(2.28308214571008,0.556496547112308,0.104403993645733));
#10327=CARTESIAN_POINT('',(2.28308214571008,0.556496547112307,0.604403993645733));
#10328=CARTESIAN_POINT('',(2.28308214571008,0.556496547112307,0.404403993645733));
#10329=CARTESIAN_POINT('',(2.28308214571008,0.556496547112307,0.604403993645733));
#10330=CARTESIAN_POINT('Origin',(1.88308214571008,0.206496547112308,0.104403993645732));
#10331=CARTESIAN_POINT('',(1.88308214571008,-1.08344652793316,0.72445061868623));
#10332=CARTESIAN_POINT('Origin',(1.88308214571008,-0.243503452887693,0.604403993645732));
#10333=CARTESIAN_POINT('',(1.88308214571008,0.206496547112308,0.104403993645733));
#10334=CARTESIAN_POINT('Origin',(2.28308214571008,-0.993503452887692,-0.495596006354268));
#10335=CARTESIAN_POINT('',(2.18305599353064,-0.993501982979044,-0.495596006354267));
#10336=CARTESIAN_POINT('',(2.18302984135119,-0.993503452887692,-0.195596006354267));
#10337=CARTESIAN_POINT('',(2.28308214571008,-0.993503452887692,-0.495596006354268));
#10338=CARTESIAN_POINT('',(2.28308214571008,-0.993503452887692,-0.495596006354268));
#10339=CARTESIAN_POINT('',(2.28308214571008,-0.993503452887692,0.00440399364573192));
#10340=CARTESIAN_POINT('Origin',(2.28308214571008,1.40649654711231,-0.495596006354267));
#10341=CARTESIAN_POINT('',(2.18308214571008,1.40647911734552,-0.495596006354267));
#10342=CARTESIAN_POINT('',(2.28308214571008,-0.993503452887692,-0.495596006354268));
#10343=CARTESIAN_POINT('',(2.28308214571008,-0.993503452887692,-0.495596006354268));
#10344=CARTESIAN_POINT('',(2.28308214571008,-0.993503452887692,-0.495596006354268));
#10345=CARTESIAN_POINT('Origin',(2.28308214571008,1.50646504004585,0.704403993645733));
#10346=CARTESIAN_POINT('',(2.28308214571008,1.50646504004585,0.704403993645733));
#10347=CARTESIAN_POINT('',(2.28308214571008,1.50646504004585,0.704403993645733));
#10348=CARTESIAN_POINT('',(2.28308214571008,1.65649654711231,0.404403993645734));
#10349=CARTESIAN_POINT('',(2.28308214571008,1.49643962215777,0.724450618686232));
#10350=CARTESIAN_POINT('',(2.28308214571008,1.65649654711231,0.404403993645734));
#10351=CARTESIAN_POINT('Origin',(2.28308214571008,0.206496547112308,0.104403993645733));
#10352=CARTESIAN_POINT('',(2.28308214571008,1.65649654711231,0.00440399364573345));
#10353=CARTESIAN_POINT('',(2.28308214571008,0.656496547112307,0.704403993645733));
#10354=CARTESIAN_POINT('',(2.28308214571008,1.65649654711231,0.704403993645734));
#10355=CARTESIAN_POINT('Origin',(2.28308214571008,0.656496547112307,0.604403993645733));
#10356=CARTESIAN_POINT('',(2.28308214571008,-0.143503452887692,0.104403993645732));
#10357=CARTESIAN_POINT('',(2.28308214571008,0.381496547112308,0.104403993645733));
#10358=CARTESIAN_POINT('',(2.28308214571008,-0.143503452887693,0.604403993645732));
#10359=CARTESIAN_POINT('',(2.28308214571008,-0.143503452887692,0.104403993645732));
#10360=CARTESIAN_POINT('Origin',(2.28308214571008,-0.243503452887693,0.604403993645732));
#10361=CARTESIAN_POINT('',(2.28308214571008,-1.24350345288769,0.404403993645732));
#10362=CARTESIAN_POINT('',(2.28308214571008,-1.08344652793316,0.72445061868623));
#10363=CARTESIAN_POINT('',(2.28308214571008,-1.24350345288769,0.704403993645732));
#10364=CARTESIAN_POINT('Origin',(2.28308214571008,-1.24350345288769,0.704403993645732));
#10365=CARTESIAN_POINT('',(2.28308214571008,0.656496547112307,0.704403993645733));
#10366=CARTESIAN_POINT('Origin',(2.28308214571008,-1.09347194582123,0.704403993645732));
#10367=CARTESIAN_POINT('',(2.28308214571008,-1.24350345288769,0.404403993645732));
#10368=CARTESIAN_POINT('Origin',(2.28308214571008,-1.24350345288769,0.00440399364573178));
#10369=CARTESIAN_POINT('Origin',(2.28308214571008,0.656496547112307,0.604403993645733));
#10370=CARTESIAN_POINT('Origin',(2.28308214571008,-0.243503452887693,0.604403993645732));
#10371=CARTESIAN_POINT('',(2.28308214571008,-0.143503452887693,0.604403993645732));
#10372=CARTESIAN_POINT('Origin',(2.28308214571008,-0.143503452887692,0.104403993645732));
#10373=CARTESIAN_POINT('',(2.18308214571008,-0.143503452887692,0.104403993645733));
#10374=CARTESIAN_POINT('',(2.28308214571008,-0.143503452887692,0.104403993645732));
#10375=CARTESIAN_POINT('',(1.40801279571008,-0.143503452887692,0.104403993645733));
#10376=CARTESIAN_POINT('Origin',(2.28308214571008,0.556496547112308,0.104403993645733));
#10377=CARTESIAN_POINT('',(2.18308214571008,1.40647911734552,0.104403993645733));
#10378=CARTESIAN_POINT('Origin',(2.28308214571008,1.65649654711231,0.00440399364573347));
#10379=CARTESIAN_POINT('Origin',(2.28308214571008,1.65649654711231,0.704403993645734));
#10380=CARTESIAN_POINT('Origin',(2.18308214571008,1.40647911734552,0.104403993645733));
#10381=CARTESIAN_POINT('',(1.88294344571008,1.50649654711231,-0.495596006354267));
#10382=CARTESIAN_POINT('',(1.88294344571008,1.50649654711231,-0.495596006354267));
#10383=CARTESIAN_POINT('',(1.88294344571008,1.50649654711231,-0.495596006354267));
#10384=CARTESIAN_POINT('Origin',(0.532943445710082,0.206496547112308,0.104403993645733));
#10385=CARTESIAN_POINT('',(1.52531827150707,1.50649654711231,0.104403993645733));
#10386=CARTESIAN_POINT('',(1.88294344571008,1.50649654711231,0.104403993645733));
#10387=CARTESIAN_POINT('',(1.52531827150707,1.65649654711231,0.104403993645733));
#10388=CARTESIAN_POINT('',(1.52531827150707,1.50649654711231,0.104403993645733));
#10389=CARTESIAN_POINT('',(-0.414681728492933,1.65649654711231,0.104403993645733));
#10390=CARTESIAN_POINT('',(1.52531827150707,1.65649654711231,0.104403993645733));
#10391=CARTESIAN_POINT('',(-0.417008436558103,1.50649654711231,0.104403993645733));
#10392=CARTESIAN_POINT('',(-0.414681728492933,1.65649654711231,0.104403993645733));
#10393=CARTESIAN_POINT('',(-0.417008436558103,1.50649654711231,0.104403993645733));
#10394=CARTESIAN_POINT('',(-0.81719525428992,1.30649654711231,0.104403993645731));
#10395=CARTESIAN_POINT('',(-0.817195254289919,0.206496547112308,0.104403993645733));
#10396=CARTESIAN_POINT('',(-0.96719525428992,1.30649654711231,0.104403993645731));
#10397=CARTESIAN_POINT('',(-0.142125904289919,1.30649654711231,0.104403993645733));
#10398=CARTESIAN_POINT('',(-0.96719525428992,0.556496547112308,0.104403993645731));
#10399=CARTESIAN_POINT('',(-0.96719525428992,0.206496547112308,0.104403993645733));
#10400=CARTESIAN_POINT('',(-1.11719525428992,0.556496547112308,0.104403993645732));
#10401=CARTESIAN_POINT('',(-0.342125904289919,0.556496547112308,0.104403993645733));
#10402=CARTESIAN_POINT('',(-1.11719525428992,-0.143503452887692,0.104403993645732));
#10403=CARTESIAN_POINT('',(-1.11719525428992,1.40647911734552,0.104403993645733));
#10404=CARTESIAN_POINT('',(-0.96719525428992,-0.143503452887692,0.104403993645732));
#10405=CARTESIAN_POINT('',(-0.342125904289919,-0.143503452887692,0.104403993645733));
#10406=CARTESIAN_POINT('',(-0.967195254289919,-0.893503452887692,0.104403993645733));
#10407=CARTESIAN_POINT('',(-0.96719525428992,0.206496547112308,0.104403993645733));
#10408=CARTESIAN_POINT('',(-0.142125904289919,-0.893503452887692,0.104403993645733));
#10409=CARTESIAN_POINT('',(-0.437056554289917,-1.09350345288769,0.104403993645733));
#10410=CARTESIAN_POINT('',(-0.817056554289918,-1.09350345288769,0.104403993645733));
#10411=CARTESIAN_POINT('',(-0.437056554289917,-1.24350345288769,0.104403993645733));
#10412=CARTESIAN_POINT('',(-0.437056554289917,-1.09350345288769,0.104403993645733));
#10413=CARTESIAN_POINT('',(1.50294344571008,-1.24350345288769,0.104403993645733));
#10414=CARTESIAN_POINT('',(-0.437056554289917,-1.24350345288769,0.104403993645733));
#10415=CARTESIAN_POINT('',(1.50294344571008,-1.24350345288769,0.104403993645733));
#10416=CARTESIAN_POINT('Origin',(-0.81719525428992,0.206496547112308,0.104403993645732));
#10417=CARTESIAN_POINT('',(-0.817195254289919,-1.24350345288769,0.404403993645733));
#10418=CARTESIAN_POINT('',(-0.817195254289919,-1.08344652793316,0.724450618686231));
#10419=CARTESIAN_POINT('',(-0.817195254289919,-1.24350345288769,0.00440399364573308));
#10420=CARTESIAN_POINT('Origin',(-0.817195254289919,-0.893503452887692,
0.604403993645733));
#10421=CARTESIAN_POINT('',(-0.967195254289919,0.556496547112308,0.604403993645731));
#10422=CARTESIAN_POINT('',(-1.21719525428992,0.556496547112308,0.604403993645732));
#10423=CARTESIAN_POINT('',(-0.967195254289919,1.30649654711231,0.604403993645731));
#10424=CARTESIAN_POINT('',(-0.967195254289919,1.30649654711231,0.604403993645731));
#10425=CARTESIAN_POINT('',(-0.817195254289919,1.30649654711231,0.604403993645731));
#10426=CARTESIAN_POINT('',(-0.817195254289919,1.30649654711231,0.604403993645731));
#10427=CARTESIAN_POINT('',(-0.817195254289919,-0.343503452887692,0.604403993645732));
#10428=CARTESIAN_POINT('Origin',(-0.967195254289919,0.206496547112308,0.304403993645732));
#10429=CARTESIAN_POINT('',(-0.96719525428992,0.556496547112308,0.204403993645731));
#10430=CARTESIAN_POINT('',(-0.96719525428992,1.30649654711231,0.00440399364573088));
#10431=CARTESIAN_POINT('Origin',(-0.967195254289919,0.206496547112308,0.304403993645732));
#10432=CARTESIAN_POINT('',(-0.967195254289919,-0.143503452887692,0.504403993645732));
#10433=CARTESIAN_POINT('',(-0.967195254289919,-0.893503452887692,0.604403993645733));
#10434=CARTESIAN_POINT('Origin',(-0.817195254289919,-0.893503452887693,
0.0044039936457326));
#10435=CARTESIAN_POINT('Origin',(-0.817195254289919,1.30649654711231,0.604403993645731));
#10436=CARTESIAN_POINT('',(-0.81719525428992,1.30649654711231,0.354403993645731));
#10437=CARTESIAN_POINT('Origin',(-1.21719525428992,-0.143503452887691,0.704403993645732));
#10438=CARTESIAN_POINT('',(-1.21719525428992,-0.143503452887692,0.104403993645732));
#10439=CARTESIAN_POINT('',(-1.21719525428992,-0.143503452887692,0.604403993645732));
#10440=CARTESIAN_POINT('Origin',(-0.81719525428992,0.206496547112308,0.104403993645732));
#10441=CARTESIAN_POINT('',(-0.817195254289919,1.49643962215777,0.724450618686229));
#10442=CARTESIAN_POINT('Origin',(-0.817195254289919,0.656496547112309,0.604403993645731));
#10443=CARTESIAN_POINT('Origin',(-1.21719525428992,1.40649654711231,-0.495596006354269));
#10444=CARTESIAN_POINT('',(-1.11716910211046,1.40649507720366,-0.495596006354267));
#10445=CARTESIAN_POINT('',(-1.11714294993099,1.40649654711231,-0.195596006354268));
#10446=CARTESIAN_POINT('',(-1.21719525428992,1.40649654711231,-0.495596006354269));
#10447=CARTESIAN_POINT('Origin',(-1.21719525428992,-0.993503452887693,-0.495596006354267));
#10448=CARTESIAN_POINT('',(-1.11716910211048,-0.993501982979045,-0.495596006354267));
#10449=CARTESIAN_POINT('',(-1.11719525428992,1.40647911734552,-0.495596006354267));
#10450=CARTESIAN_POINT('',(-1.21719525428992,-0.993503452887693,-0.495596006354267));
#10451=CARTESIAN_POINT('Origin',(-1.21719525428992,-1.09347194582123,0.704403993645733));
#10452=CARTESIAN_POINT('',(-1.21719525428992,-1.09347194582123,0.704403993645733));
#10453=CARTESIAN_POINT('',(-1.21719525428992,-1.24350345288769,0.404403993645734));
#10454=CARTESIAN_POINT('Origin',(-1.21719525428992,1.65649654711231,0.70440399364573));
#10455=CARTESIAN_POINT('',(-1.21719525428992,-0.243503452887691,0.704403993645732));
#10456=CARTESIAN_POINT('Origin',(-1.21719525428992,1.50646504004585,0.704403993645731));
#10457=CARTESIAN_POINT('',(-1.21719525428992,1.65649654711231,0.404403993645731));
#10458=CARTESIAN_POINT('Origin',(-1.21719525428992,1.65649654711231,0.00440399364573053));
#10459=CARTESIAN_POINT('Origin',(-1.21719525428992,-0.243503452887692,0.604403993645732));
#10460=CARTESIAN_POINT('Origin',(-1.21719525428992,0.656496547112308,0.604403993645731));
#10461=CARTESIAN_POINT('',(-1.21719525428992,0.556496547112308,0.604403993645732));
#10462=CARTESIAN_POINT('Origin',(-1.21719525428992,0.556496547112308,0.104403993645732));
#10463=CARTESIAN_POINT('',(-1.21719525428992,0.556496547112308,0.104403993645732));
#10464=CARTESIAN_POINT('Origin',(-1.21719525428992,-0.143503452887692,0.104403993645732));
#10465=CARTESIAN_POINT('Origin',(-1.21719525428992,-1.24350345288769,0.704403993645733));
#10466=CARTESIAN_POINT('Origin',(-1.21719525428992,-0.993503452887692,0.00440399364573307));
#10467=CARTESIAN_POINT('',(-1.11714294993103,-0.993503452887692,0.0544039936457327));
#10468=CARTESIAN_POINT('Origin',(-0.817056554289918,-1.09350345288769,0.104403993645733));
#10469=CARTESIAN_POINT('',(-0.817056554289918,-1.09350345288769,-0.495596006354267));
#10470=CARTESIAN_POINT('',(-1.11719525428992,-0.993486023120917,-0.495596006354267));
#10471=CARTESIAN_POINT('',(-0.817056554289918,-1.09350345288769,-0.495596006354267));
#10472=CARTESIAN_POINT('Origin',(1.88294344571008,-1.09350345288769,0.104403993645733));
#10473=CARTESIAN_POINT('',(2.18308214571009,-0.993486023120917,-0.495596006354267));
#10474=CARTESIAN_POINT('Origin',(-1.11719525428992,1.40647911734552,0.104403993645733));
#10475=CARTESIAN_POINT('',(-0.817056554289918,1.50649654711231,-0.495596006354267));
#10476=CARTESIAN_POINT('',(-0.817056554289918,1.50649654711231,-0.495596006354267));
#10477=CARTESIAN_POINT('',(-0.817056554289918,1.50649654711231,-0.495596006354267));
#10478=CARTESIAN_POINT('Origin',(1.52531827150707,1.65649654711231,-0.495596006354267));
#10479=CARTESIAN_POINT('',(1.52531827150707,1.65649654711231,-0.495596006354267));
#10480=CARTESIAN_POINT('',(-0.414681728492933,1.65649654711231,-0.495596006354267));
#10481=CARTESIAN_POINT('',(1.52531827150707,1.65649654711231,-0.495596006354267));
#10482=CARTESIAN_POINT('',(-0.414681728492933,1.65649654711231,-0.495596006354267));
#10483=CARTESIAN_POINT('',(1.52531827150707,1.65649654711231,-0.495596006354267));
#10484=CARTESIAN_POINT('Origin',(1.52531827150707,1.50649654711231,-0.495596006354267));
#10485=CARTESIAN_POINT('',(1.52531827150707,1.50649654711231,-0.495596006354267));
#10486=CARTESIAN_POINT('',(1.52531827150707,1.50649654711231,-0.495596006354267));
#10487=CARTESIAN_POINT('',(1.52531827150707,1.50649654711231,-0.495596006354267));
#10488=CARTESIAN_POINT('Origin',(1.88294344571008,1.50649654711231,-0.495596006354267));
#10489=CARTESIAN_POINT('',(1.88294344571008,1.50649654711231,-0.495596006354267));
#10490=CARTESIAN_POINT('Origin',(1.50294344571008,-1.24350345288769,-0.495596006354267));
#10491=CARTESIAN_POINT('',(1.50294344571008,-1.24350345288769,-0.495596006354267));
#10492=CARTESIAN_POINT('',(1.50294344571008,-1.24350345288769,-0.495596006354267));
#10493=CARTESIAN_POINT('',(1.50294344571008,-1.24350345288769,-0.495596006354267));
#10494=CARTESIAN_POINT('Origin',(-0.437056554289917,-1.24350345288769,-0.495596006354267));
#10495=CARTESIAN_POINT('',(-0.437056554289917,-1.24350345288769,-0.495596006354267));
#10496=CARTESIAN_POINT('',(-0.437056554289917,-1.24350345288769,-0.495596006354267));
#10497=CARTESIAN_POINT('',(-0.437056554289917,-1.24350345288769,-0.495596006354267));
#10498=CARTESIAN_POINT('Origin',(-0.437056554289917,-1.09350345288769,-0.495596006354267));
#10499=CARTESIAN_POINT('',(-0.437056554289917,-1.09350345288769,-0.495596006354267));
#10500=CARTESIAN_POINT('',(-0.437056554289917,-1.09350345288769,-0.495596006354267));
#10501=CARTESIAN_POINT('',(-0.437056554289917,-1.09350345288769,-0.495596006354267));
#10502=CARTESIAN_POINT('Origin',(-0.817056554289918,-1.09350345288769,-0.495596006354267));
#10503=CARTESIAN_POINT('',(-0.817056554289918,-1.09350345288769,-0.495596006354267));
#10504=CARTESIAN_POINT('Origin',(-0.417008436558103,1.50649654711231,-0.495596006354267));
#10505=CARTESIAN_POINT('',(-0.417008436558103,1.50649654711231,-0.495596006354267));
#10506=CARTESIAN_POINT('',(-0.417008436558103,1.50649654711231,-0.495596006354267));
#10507=CARTESIAN_POINT('',(-0.417008436558103,1.50649654711231,-0.495596006354267));
#10508=CARTESIAN_POINT('Origin',(-0.414681728492933,1.65649654711231,-0.495596006354267));
#10509=CARTESIAN_POINT('',(-0.414681728492933,1.65649654711231,-0.495596006354267));
#10510=CARTESIAN_POINT('Origin',(0.532943445710082,0.206496547112308,-0.495596006354267));
#10511=UNCERTAINTY_MEASURE_WITH_UNIT(LENGTH_MEASURE(0.01),#10515,
'DISTANCE_ACCURACY_VALUE',
'Maximum model space distance between geometric entities at asserted c
onnectivities');
#10512=UNCERTAINTY_MEASURE_WITH_UNIT(LENGTH_MEASURE(0.01),#10515,
'DISTANCE_ACCURACY_VALUE',
'Maximum model space distance between geometric entities at asserted c
onnectivities');
#10513=(
GEOMETRIC_REPRESENTATION_CONTEXT(3)
GLOBAL_UNCERTAINTY_ASSIGNED_CONTEXT((#10511))
GLOBAL_UNIT_ASSIGNED_CONTEXT((#10515,#10517,#10518))
REPRESENTATION_CONTEXT('','3D')
);
#10514=(
GEOMETRIC_REPRESENTATION_CONTEXT(3)
GLOBAL_UNCERTAINTY_ASSIGNED_CONTEXT((#10512))
GLOBAL_UNIT_ASSIGNED_CONTEXT((#10515,#10517,#10518))
REPRESENTATION_CONTEXT('','3D')
);
#10515=(
LENGTH_UNIT()
NAMED_UNIT(*)
SI_UNIT(.MILLI.,.METRE.)
);
#10516=(
LENGTH_UNIT()
NAMED_UNIT(*)
SI_UNIT($,.METRE.)
);
#10517=(
NAMED_UNIT(*)
PLANE_ANGLE_UNIT()
SI_UNIT($,.RADIAN.)
);
#10518=(
NAMED_UNIT(*)
SI_UNIT($,.STERADIAN.)
SOLID_ANGLE_UNIT()
);
#10519=SHAPE_DEFINITION_REPRESENTATION(#10520,#10521);
#10520=PRODUCT_DEFINITION_SHAPE('',$,#10523);
#10521=SHAPE_REPRESENTATION('',(#6531),#10513);
#10522=PRODUCT_DEFINITION_CONTEXT('part definition',#10527,'design');
#10523=PRODUCT_DEFINITION('TL1016AAFxxxQG','TL1016AAFxxxQG v2',#10524,#10522);
#10524=PRODUCT_DEFINITION_FORMATION('',$,#10529);
#10525=PRODUCT_RELATED_PRODUCT_CATEGORY('TL1016AAFxxxQG v2',
'TL1016AAFxxxQG v2',(#10529));
#10526=APPLICATION_PROTOCOL_DEFINITION('international standard',
'automotive_design',2009,#10527);
#10527=APPLICATION_CONTEXT(
'Core Data for Automotive Mechanical Design Process');
#10528=PRODUCT_CONTEXT('part definition',#10527,'mechanical');
#10529=PRODUCT('TL1016AAFxxxQG','TL1016AAFxxxQG v2',$,(#10528));
#10530=PRESENTATION_STYLE_ASSIGNMENT((#10534));
#10531=PRESENTATION_STYLE_ASSIGNMENT((#10535));
#10532=PRESENTATION_STYLE_ASSIGNMENT((#10536));
#10533=PRESENTATION_STYLE_ASSIGNMENT((#10537));
#10534=SURFACE_STYLE_USAGE(.BOTH.,#10538);
#10535=SURFACE_STYLE_USAGE(.BOTH.,#10539);
#10536=SURFACE_STYLE_USAGE(.BOTH.,#10540);
#10537=SURFACE_STYLE_USAGE(.BOTH.,#10541);
#10538=SURFACE_SIDE_STYLE('',(#10542));
#10539=SURFACE_SIDE_STYLE('',(#10543));
#10540=SURFACE_SIDE_STYLE('',(#10544));
#10541=SURFACE_SIDE_STYLE('',(#10545));
#10542=SURFACE_STYLE_FILL_AREA(#10546);
#10543=SURFACE_STYLE_FILL_AREA(#10547);
#10544=SURFACE_STYLE_FILL_AREA(#10548);
#10545=SURFACE_STYLE_FILL_AREA(#10549);
#10546=FILL_AREA_STYLE('Default',(#10550));
#10547=FILL_AREA_STYLE('Aluminum - Satin',(#10551));
#10548=FILL_AREA_STYLE('Plastic - Translucent Matte (White)',(#10552));
#10549=FILL_AREA_STYLE('Plastic - Matte (Black)',(#10553));
#10550=FILL_AREA_STYLE_COLOUR('Default',#10554);
#10551=FILL_AREA_STYLE_COLOUR('Aluminum - Satin',#10555);
#10552=FILL_AREA_STYLE_COLOUR('Plastic - Translucent Matte (White)',#10556);
#10553=FILL_AREA_STYLE_COLOUR('Plastic - Matte (Black)',#10557);
#10554=COLOUR_RGB('Default',0.749019607843137,0.749019607843137,0.749019607843137);
#10555=COLOUR_RGB('Aluminum - Satin',0.96078431372549,0.96078431372549,
0.964705882352941);
#10556=COLOUR_RGB('Plastic - Translucent Matte (White)',0.964705882352941,
0.964705882352941,0.952941176470588);
#10557=COLOUR_RGB('Plastic - Matte (Black)',0.0980392156862745,0.0980392156862745,
0.0980392156862745);
ENDSEC;
END-ISO-10303-21;
