<?xml version='1.0' encoding='UTF-8'?>
<gpx version="1.1" creator="https://www.komoot.de" xmlns="http://www.topografix.com/GPX/1/1" xmlns:xsi="http://www.w3.org/2001/XMLSchema-instance" xsi:schemaLocation="http://www.topografix.com/GPX/1/1 http://www.topografix.com/GPX/1/1/gpx.xsd">
  <metadata>
    <name>Fahrradtour nach Kandel-Anstieg</name>
    <author>
      <link href="https://www.komoot.de">
        <text>komoot</text>
        <type>text/html</type>
      </link>
    </author>
  </metadata>
  <wpt lat="48.074882" lon="8.002647">
    <name>Kandel-Anstieg</name>
    <sym>Flag, Blue</sym>
  </wpt>
  <trk>
    <name>Fahrradtour nach Kandel-Anstieg</name>
    <type>touring_bicycle</type>
    <trkseg>
      <trkpt lat="48.122290" lon="7.814199">
        <ele>192.611310</ele>
        <time>2026-03-08T09:41:51.584Z</time>
      </trkpt>
      <trkpt lat="48.122693" lon="7.814284">
        <ele>192.611310</ele>
        <time>2026-03-08T09:42:00.804Z</time>
      </trkpt>
      <trkpt lat="48.122858" lon="7.814383">
        <ele>192.611310</ele>
        <time>2026-03-08T09:42:04.837Z</time>
      </trkpt>
      <trkpt lat="48.123066" lon="7.814508">
        <ele>192.611310</ele>
        <time>2026-03-08T09:42:09.913Z</time>
      </trkpt>
      <trkpt lat="48.123544" lon="7.814814">
        <ele>192.640328</ele>
        <time>2026-03-08T09:42:22.018Z</time>
      </trkpt>
      <trkpt lat="48.123372" lon="7.815431">
        <ele>192.670495</ele>
        <time>2026-03-08T09:42:32.036Z</time>
      </trkpt>
      <trkpt lat="48.123324" lon="7.815608">
        <ele>192.679115</ele>
        <time>2026-03-08T09:42:34.935Z</time>
      </trkpt>
      <trkpt lat="48.123318" lon="7.815630">
        <ele>192.680187</ele>
        <time>2026-03-08T09:42:35.281Z</time>
      </trkpt>
      <trkpt lat="48.123291" lon="7.815728">
        <ele>192.684970</ele>
        <time>2026-03-08T09:42:36.829Z</time>
      </trkpt>
      <trkpt lat="48.123139" lon="7.816275">
        <ele>192.711703</ele>
        <time>2026-03-08T09:42:45.776Z</time>
      </trkpt>
      <trkpt lat="48.123120" lon="7.816343">
        <ele>192.715029</ele>
        <time>2026-03-08T09:42:46.929Z</time>
      </trkpt>
      <trkpt lat="48.123080" lon="7.816514">
        <ele>192.723204</ele>
        <time>2026-03-08T09:42:49.802Z</time>
      </trkpt>
      <trkpt lat="48.123098" lon="7.816664">
        <ele>192.730080</ele>
        <time>2026-03-08T09:42:52.220Z</time>
      </trkpt>
      <trkpt lat="48.123292" lon="7.816530">
        <ele>192.714723</ele>
        <time>2026-03-08T09:42:57.225Z</time>
      </trkpt>
      <trkpt lat="48.123549" lon="7.816347">
        <ele>192.684725</ele>
        <time>2026-03-08T09:43:03.765Z</time>
      </trkpt>
      <trkpt lat="48.123702" lon="7.816984">
        <ele>192.637085</ele>
        <time>2026-03-08T09:43:14.095Z</time>
      </trkpt>
      <trkpt lat="48.123783" lon="7.817151">
        <ele>192.622558</ele>
        <time>2026-03-08T09:43:17.166Z</time>
      </trkpt>
      <trkpt lat="48.123932" lon="7.817270">
        <ele>192.604757</ele>
        <time>2026-03-08T09:43:20.895Z</time>
      </trkpt>
      <trkpt lat="48.124480" lon="7.817602">
        <ele>192.542092</ele>
        <time>2026-03-08T09:43:34.027Z</time>
      </trkpt>
      <trkpt lat="48.124856" lon="7.817830">
        <ele>192.481157</ele>
        <time>2026-03-08T09:43:42.800Z</time>
      </trkpt>
      <trkpt lat="48.125066" lon="7.817958">
        <ele>192.447099</ele>
        <time>2026-03-08T09:43:47.679Z</time>
      </trkpt>
      <trkpt lat="48.125340" lon="7.818123">
        <ele>192.402737</ele>
        <time>2026-03-08T09:43:54.175Z</time>
      </trkpt>
      <trkpt lat="48.125536" lon="7.818238">
        <ele>192.371115</ele>
        <time>2026-03-08T09:43:58.942Z</time>
      </trkpt>
      <trkpt lat="48.125961" lon="7.818488">
        <ele>192.302526</ele>
        <time>2026-03-08T09:44:09.469Z</time>
      </trkpt>
      <trkpt lat="48.126788" lon="7.819082">
        <ele>192.407484</ele>
        <time>2026-03-08T09:44:31.825Z</time>
      </trkpt>
      <trkpt lat="48.126615" lon="7.820297">
        <ele>192.562075</ele>
        <time>2026-03-08T09:44:51.810Z</time>
      </trkpt>
      <trkpt lat="48.126551" lon="7.820612">
        <ele>192.603048</ele>
        <time>2026-03-08T09:44:56.980Z</time>
      </trkpt>
      <trkpt lat="48.126153" lon="7.822220">
        <ele>192.714375</ele>
        <time>2026-03-08T09:45:23.387Z</time>
      </trkpt>
      <trkpt lat="48.125816" lon="7.823419">
        <ele>192.831099</ele>
        <time>2026-03-08T09:45:44.345Z</time>
      </trkpt>
      <trkpt lat="48.125475" lon="7.824087">
        <ele>192.987853</ele>
        <time>2026-03-08T09:45:58.072Z</time>
      </trkpt>
      <trkpt lat="48.125116" lon="7.824720">
        <ele>193.142683</ele>
        <time>2026-03-08T09:46:11.569Z</time>
      </trkpt>
      <trkpt lat="48.124785" lon="7.825316">
        <ele>193.286607</ele>
        <time>2026-03-08T09:46:23.490Z</time>
      </trkpt>
      <trkpt lat="48.124372" lon="7.825966">
        <ele>193.436540</ele>
        <time>2026-03-08T09:46:37.190Z</time>
      </trkpt>
      <trkpt lat="48.124406" lon="7.826016">
        <ele>193.448466</ele>
        <time>2026-03-08T09:46:38.628Z</time>
      </trkpt>
      <trkpt lat="48.124450" lon="7.826100">
        <ele>193.466305</ele>
        <time>2026-03-08T09:46:40.796Z</time>
      </trkpt>
      <trkpt lat="48.124595" lon="7.829445">
        <ele>193.891573</ele>
        <time>2026-03-08T09:47:48.867Z</time>
      </trkpt>
      <trkpt lat="48.124569" lon="7.829485">
        <ele>193.896635</ele>
        <time>2026-03-08T09:47:49.698Z</time>
      </trkpt>
      <trkpt lat="48.124516" lon="7.829567">
        <ele>193.906983</ele>
        <time>2026-03-08T09:47:51.389Z</time>
      </trkpt>
      <trkpt lat="48.124500" lon="7.829603">
        <ele>193.910904</ele>
        <time>2026-03-08T09:47:52.022Z</time>
      </trkpt>
      <trkpt lat="48.124472" lon="7.829721">
        <ele>193.922258</ele>
        <time>2026-03-08T09:47:53.863Z</time>
      </trkpt>
      <trkpt lat="48.124439" lon="7.830124">
        <ele>193.959069</ele>
        <time>2026-03-08T09:47:59.766Z</time>
      </trkpt>
      <trkpt lat="48.124399" lon="7.830305">
        <ele>193.976052</ele>
        <time>2026-03-08T09:48:02.545Z</time>
      </trkpt>
      <trkpt lat="48.123975" lon="7.831387">
        <ele>194.004131</ele>
        <time>2026-03-08T09:48:20.567Z</time>
      </trkpt>
      <trkpt lat="48.123205" lon="7.833594">
        <ele>194.434028</ele>
        <time>2026-03-08T09:48:58.970Z</time>
      </trkpt>
      <trkpt lat="48.121600" lon="7.838414">
        <ele>196.888202</ele>
        <time>2026-03-08T09:50:30.125Z</time>
      </trkpt>
      <trkpt lat="48.121481" lon="7.838681">
        <ele>197.022011</ele>
        <time>2026-03-08T09:50:35.393Z</time>
      </trkpt>
      <trkpt lat="48.121374" lon="7.839022">
        <ele>197.179058</ele>
        <time>2026-03-08T09:50:45.243Z</time>
      </trkpt>
      <trkpt lat="48.119590" lon="7.842921">
        <ele>198.720147</ele>
        <time>2026-03-08T09:52:47.812Z</time>
      </trkpt>
      <trkpt lat="48.119002" lon="7.844151">
        <ele>199.195638</ele>
        <time>2026-03-08T09:53:27.226Z</time>
      </trkpt>
      <trkpt lat="48.118712" lon="7.844629">
        <ele>199.470482</ele>
        <time>2026-03-08T09:53:44.086Z</time>
      </trkpt>
      <trkpt lat="48.118526" lon="7.844900">
        <ele>199.643143</ele>
        <time>2026-03-08T09:53:54.164Z</time>
      </trkpt>
      <trkpt lat="48.117546" lon="7.846091">
        <ele>200.494148</ele>
        <time>2026-03-08T09:54:44.782Z</time>
      </trkpt>
      <trkpt lat="48.116678" lon="7.846974">
        <ele>201.320789</ele>
        <time>2026-03-08T09:55:26.884Z</time>
      </trkpt>
      <trkpt lat="48.116939" lon="7.847603">
        <ele>201.710319</ele>
        <time>2026-03-08T09:55:39.754Z</time>
      </trkpt>
      <trkpt lat="48.117025" lon="7.847781">
        <ele>201.825887</ele>
        <time>2026-03-08T09:55:43.575Z</time>
      </trkpt>
      <trkpt lat="48.117154" lon="7.848042">
        <ele>201.986027</ele>
        <time>2026-03-08T09:55:49.104Z</time>
      </trkpt>
      <trkpt lat="48.117243" lon="7.848231">
        <ele>202.099461</ele>
        <time>2026-03-08T09:55:52.969Z</time>
      </trkpt>
      <trkpt lat="48.117327" lon="7.848410">
        <ele>202.206771</ele>
        <time>2026-03-08T09:55:56.546Z</time>
      </trkpt>
      <trkpt lat="48.117427" lon="7.848614">
        <ele>202.330897</ele>
        <time>2026-03-08T09:56:00.835Z</time>
      </trkpt>
      <trkpt lat="48.117465" lon="7.848682">
        <ele>202.374389</ele>
        <time>2026-03-08T09:56:02.377Z</time>
      </trkpt>
      <trkpt lat="48.117521" lon="7.848622">
        <ele>202.424970</ele>
        <time>2026-03-08T09:56:04.092Z</time>
      </trkpt>
      <trkpt lat="48.117672" lon="7.848672">
        <ele>202.538579</ele>
        <time>2026-03-08T09:56:08.109Z</time>
      </trkpt>
      <trkpt lat="48.117694" lon="7.848746">
        <ele>202.578308</ele>
        <time>2026-03-08T09:56:09.562Z</time>
      </trkpt>
      <trkpt lat="48.117799" lon="7.848726">
        <ele>202.656066</ele>
        <time>2026-03-08T09:56:12.337Z</time>
      </trkpt>
      <trkpt lat="48.118289" lon="7.848653">
        <ele>203.017815</ele>
        <time>2026-03-08T09:56:24.692Z</time>
      </trkpt>
      <trkpt lat="48.118393" lon="7.848758">
        <ele>203.109952</ele>
        <time>2026-03-08T09:56:28.449Z</time>
      </trkpt>
      <trkpt lat="48.118726" lon="7.848734">
        <ele>203.280001</ele>
        <time>2026-03-08T09:56:36.535Z</time>
      </trkpt>
      <trkpt lat="48.118773" lon="7.848733">
        <ele>203.301257</ele>
        <time>2026-03-08T09:56:37.634Z</time>
      </trkpt>
      <trkpt lat="48.119041" lon="7.848796">
        <ele>203.423934</ele>
        <time>2026-03-08T09:56:48.260Z</time>
      </trkpt>
      <trkpt lat="48.119260" lon="7.848860">
        <ele>203.524837</ele>
        <time>2026-03-08T09:56:53.565Z</time>
      </trkpt>
      <trkpt lat="48.119393" lon="7.848896">
        <ele>203.585956</ele>
        <time>2026-03-08T09:56:56.763Z</time>
      </trkpt>
      <trkpt lat="48.119496" lon="7.849039">
        <ele>203.649463</ele>
        <time>2026-03-08T09:57:00.082Z</time>
      </trkpt>
      <trkpt lat="48.119462" lon="7.849158">
        <ele>203.688540</ele>
        <time>2026-03-08T09:57:02.131Z</time>
      </trkpt>
      <trkpt lat="48.119446" lon="7.849214">
        <ele>203.706930</ele>
        <time>2026-03-08T09:57:03.070Z</time>
      </trkpt>
      <trkpt lat="48.119308" lon="7.849720">
        <ele>203.871942</ele>
        <time>2026-03-08T09:57:11.939Z</time>
      </trkpt>
      <trkpt lat="48.119213" lon="7.850018">
        <ele>203.971637</ele>
        <time>2026-03-08T09:57:17.187Z</time>
      </trkpt>
      <trkpt lat="48.119188" lon="7.850095">
        <ele>203.974886</ele>
        <time>2026-03-08T09:57:18.564Z</time>
      </trkpt>
      <trkpt lat="48.119174" lon="7.850141">
        <ele>203.975770</ele>
        <time>2026-03-08T09:57:19.438Z</time>
      </trkpt>
      <trkpt lat="48.119155" lon="7.850200">
        <ele>203.976916</ele>
        <time>2026-03-08T09:57:20.504Z</time>
      </trkpt>
      <trkpt lat="48.119064" lon="7.850617">
        <ele>203.984588</ele>
        <time>2026-03-08T09:57:27.644Z</time>
      </trkpt>
      <trkpt lat="48.118995" lon="7.850642">
        <ele>203.986448</ele>
        <time>2026-03-08T09:57:29.298Z</time>
      </trkpt>
      <trkpt lat="48.118947" lon="7.850722">
        <ele>203.988329</ele>
        <time>2026-03-08T09:57:30.990Z</time>
      </trkpt>
      <trkpt lat="48.118938" lon="7.850825">
        <ele>203.990145</ele>
        <time>2026-03-08T09:57:32.511Z</time>
      </trkpt>
      <trkpt lat="48.118991" lon="7.850946">
        <ele>203.992676</ele>
        <time>2026-03-08T09:57:34.699Z</time>
      </trkpt>
      <trkpt lat="48.119073" lon="7.850972">
        <ele>203.994872</ele>
        <time>2026-03-08T09:57:36.477Z</time>
      </trkpt>
      <trkpt lat="48.119121" lon="7.851113">
        <ele>203.997640</ele>
        <time>2026-03-08T09:57:38.698Z</time>
      </trkpt>
      <trkpt lat="48.119138" lon="7.851259">
        <ele>204.000231</ele>
        <time>2026-03-08T09:57:40.801Z</time>
      </trkpt>
      <trkpt lat="48.119127" lon="7.851311">
        <ele>204.001185</ele>
        <time>2026-03-08T09:57:41.564Z</time>
      </trkpt>
      <trkpt lat="48.119091" lon="7.851472">
        <ele>204.004154</ele>
        <time>2026-03-08T09:57:44.023Z</time>
      </trkpt>
      <trkpt lat="48.119005" lon="7.851760">
        <ele>204.009672</ele>
        <time>2026-03-08T09:57:48.474Z</time>
      </trkpt>
      <trkpt lat="48.118745" lon="7.852382">
        <ele>204.025072</ele>
        <time>2026-03-08T09:57:59.006Z</time>
      </trkpt>
      <trkpt lat="48.118713" lon="7.852650">
        <ele>204.036290</ele>
        <time>2026-03-08T09:58:02.937Z</time>
      </trkpt>
      <trkpt lat="48.118748" lon="7.852869">
        <ele>204.045569</ele>
        <time>2026-03-08T09:58:06.233Z</time>
      </trkpt>
      <trkpt lat="48.118809" lon="7.853049">
        <ele>204.053887</ele>
        <time>2026-03-08T09:58:09.165Z</time>
      </trkpt>
      <trkpt lat="48.118561" lon="7.853269">
        <ele>204.071677</ele>
        <time>2026-03-08T09:58:19.725Z</time>
      </trkpt>
      <trkpt lat="48.117920" lon="7.853723">
        <ele>204.115440</ele>
        <time>2026-03-08T09:58:46.096Z</time>
      </trkpt>
      <trkpt lat="48.117821" lon="7.853859">
        <ele>204.123731</ele>
        <time>2026-03-08T09:58:51.303Z</time>
      </trkpt>
      <trkpt lat="48.117767" lon="7.854016">
        <ele>204.131008</ele>
        <time>2026-03-08T09:58:55.930Z</time>
      </trkpt>
      <trkpt lat="48.117727" lon="7.854212">
        <ele>204.207526</ele>
        <time>2026-03-08T09:59:01.311Z</time>
      </trkpt>
      <trkpt lat="48.117728" lon="7.854362">
        <ele>204.267476</ele>
        <time>2026-03-08T09:59:05.249Z</time>
      </trkpt>
      <trkpt lat="48.117714" lon="7.854445">
        <ele>204.301688</ele>
        <time>2026-03-08T09:59:07.554Z</time>
      </trkpt>
      <trkpt lat="48.117701" lon="7.854564">
        <ele>204.349878</ele>
        <time>2026-03-08T09:59:10.728Z</time>
      </trkpt>
      <trkpt lat="48.117651" lon="7.854785">
        <ele>204.443133</ele>
        <time>2026-03-08T09:59:16.969Z</time>
      </trkpt>
      <trkpt lat="48.117630" lon="7.855231">
        <ele>204.621816</ele>
        <time>2026-03-08T09:59:28.872Z</time>
      </trkpt>
      <trkpt lat="48.117791" lon="7.856045">
        <ele>204.961101</ele>
        <time>2026-03-08T09:59:51.233Z</time>
      </trkpt>
      <trkpt lat="48.117705" lon="7.856071">
        <ele>205.013621</ele>
        <time>2026-03-08T09:59:53.433Z</time>
      </trkpt>
      <trkpt lat="48.117625" lon="7.856090">
        <ele>205.062109</ele>
        <time>2026-03-08T09:59:55.426Z</time>
      </trkpt>
      <trkpt lat="48.117548" lon="7.856120">
        <ele>205.109737</ele>
        <time>2026-03-08T09:59:57.466Z</time>
      </trkpt>
      <trkpt lat="48.117604" lon="7.856533">
        <ele>205.279405</ele>
        <time>2026-03-08T10:00:04.610Z</time>
      </trkpt>
      <trkpt lat="48.117674" lon="7.857703">
        <ele>205.757235</ele>
        <time>2026-03-08T10:00:23.986Z</time>
      </trkpt>
      <trkpt lat="48.117666" lon="7.858271">
        <ele>205.988333</ele>
        <time>2026-03-08T10:00:32.533Z</time>
      </trkpt>
      <trkpt lat="48.117650" lon="7.858649">
        <ele>206.142401</ele>
        <time>2026-03-08T10:00:38.800Z</time>
      </trkpt>
      <trkpt lat="48.117646" lon="7.858795">
        <ele>206.201840</ele>
        <time>2026-03-08T10:00:41.355Z</time>
      </trkpt>
      <trkpt lat="48.117609" lon="7.859288">
        <ele>206.435896</ele>
        <time>2026-03-08T10:00:50.077Z</time>
      </trkpt>
      <trkpt lat="48.117621" lon="7.859511">
        <ele>206.556433</ele>
        <time>2026-03-08T10:00:54.005Z</time>
      </trkpt>
      <trkpt lat="48.117625" lon="7.859594">
        <ele>206.601268</ele>
        <time>2026-03-08T10:00:55.439Z</time>
      </trkpt>
      <trkpt lat="48.117596" lon="7.859705">
        <ele>206.665489</ele>
        <time>2026-03-08T10:00:57.495Z</time>
      </trkpt>
      <trkpt lat="48.117552" lon="7.859873">
        <ele>206.762721</ele>
        <time>2026-03-08T10:01:00.590Z</time>
      </trkpt>
      <trkpt lat="48.117403" lon="7.860361">
        <ele>207.051839</ele>
        <time>2026-03-08T10:01:09.706Z</time>
      </trkpt>
      <trkpt lat="48.117068" lon="7.861232">
        <ele>207.593427</ele>
        <time>2026-03-08T10:01:36.796Z</time>
      </trkpt>
      <trkpt lat="48.116599" lon="7.862024">
        <ele>207.868895</ele>
        <time>2026-03-08T10:02:04.739Z</time>
      </trkpt>
      <trkpt lat="48.116104" lon="7.862965">
        <ele>208.047781</ele>
        <time>2026-03-08T10:02:35.229Z</time>
      </trkpt>
      <trkpt lat="48.115815" lon="7.863350">
        <ele>208.134285</ele>
        <time>2026-03-08T10:02:49.269Z</time>
      </trkpt>
      <trkpt lat="48.115345" lon="7.863632">
        <ele>208.257448</ele>
        <time>2026-03-08T10:03:07.518Z</time>
      </trkpt>
      <trkpt lat="48.115188" lon="7.863843">
        <ele>208.309861</ele>
        <time>2026-03-08T10:03:15.173Z</time>
      </trkpt>
      <trkpt lat="48.115120" lon="7.864002">
        <ele>208.341186</ele>
        <time>2026-03-08T10:03:19.790Z</time>
      </trkpt>
      <trkpt lat="48.115047" lon="7.864172">
        <ele>208.374717</ele>
        <time>2026-03-08T10:03:24.762Z</time>
      </trkpt>
      <trkpt lat="48.115010" lon="7.864276">
        <ele>208.394267</ele>
        <time>2026-03-08T10:03:27.714Z</time>
      </trkpt>
      <trkpt lat="48.114711" lon="7.865042">
        <ele>208.541466</ele>
        <time>2026-03-08T10:03:50.513Z</time>
      </trkpt>
      <trkpt lat="48.114097" lon="7.866962">
        <ele>209.583818</ele>
        <time>2026-03-08T10:04:49.692Z</time>
      </trkpt>
      <trkpt lat="48.112893" lon="7.870633">
        <ele>210.847303</ele>
        <time>2026-03-08T10:05:54.615Z</time>
      </trkpt>
      <trkpt lat="48.112095" lon="7.873118">
        <ele>211.257795</ele>
        <time>2026-03-08T10:06:37.167Z</time>
      </trkpt>
      <trkpt lat="48.111837" lon="7.873740">
        <ele>211.330504</ele>
        <time>2026-03-08T10:06:48.117Z</time>
      </trkpt>
      <trkpt lat="48.111489" lon="7.874254">
        <ele>211.403190</ele>
        <time>2026-03-08T10:06:59.032Z</time>
      </trkpt>
      <trkpt lat="48.110923" lon="7.874880">
        <ele>211.564388</ele>
        <time>2026-03-08T10:07:15.091Z</time>
      </trkpt>
      <trkpt lat="48.109442" lon="7.876073">
        <ele>212.213932</ele>
        <time>2026-03-08T10:07:56.049Z</time>
      </trkpt>
      <trkpt lat="48.109286" lon="7.876185">
        <ele>212.242783</ele>
        <time>2026-03-08T10:08:00.052Z</time>
      </trkpt>
      <trkpt lat="48.109111" lon="7.876234">
        <ele>212.272474</ele>
        <time>2026-03-08T10:08:04.090Z</time>
      </trkpt>
      <trkpt lat="48.108975" lon="7.875379">
        <ele>212.370347</ele>
        <time>2026-03-08T10:08:16.872Z</time>
      </trkpt>
      <trkpt lat="48.108905" lon="7.875141">
        <ele>212.399307</ele>
        <time>2026-03-08T10:08:20.715Z</time>
      </trkpt>
      <trkpt lat="48.108630" lon="7.874578">
        <ele>212.476985</ele>
        <time>2026-03-08T10:08:31.071Z</time>
      </trkpt>
      <trkpt lat="48.108496" lon="7.874442">
        <ele>212.526330</ele>
        <time>2026-03-08T10:08:34.846Z</time>
      </trkpt>
      <trkpt lat="48.108429" lon="7.874410">
        <ele>212.571091</ele>
        <time>2026-03-08T10:08:36.530Z</time>
      </trkpt>
      <trkpt lat="48.108202" lon="7.874344">
        <ele>212.718272</ele>
        <time>2026-03-08T10:08:42.384Z</time>
      </trkpt>
      <trkpt lat="48.107972" lon="7.874329">
        <ele>212.864803</ele>
        <time>2026-03-08T10:08:48.215Z</time>
      </trkpt>
      <trkpt lat="48.107710" lon="7.874803">
        <ele>213.126320</ele>
        <time>2026-03-08T10:08:58.607Z</time>
      </trkpt>
      <trkpt lat="48.107484" lon="7.875332">
        <ele>213.393227</ele>
        <time>2026-03-08T10:09:09.433Z</time>
      </trkpt>
      <trkpt lat="48.107211" lon="7.875815">
        <ele>213.652865</ele>
        <time>2026-03-08T10:09:20.126Z</time>
      </trkpt>
      <trkpt lat="48.107048" lon="7.876241">
        <ele>213.770399</ele>
        <time>2026-03-08T10:09:28.043Z</time>
      </trkpt>
      <trkpt lat="48.106872" lon="7.877053">
        <ele>213.974765</ele>
        <time>2026-03-08T10:09:40.854Z</time>
      </trkpt>
      <trkpt lat="48.106836" lon="7.877142">
        <ele>213.999675</ele>
        <time>2026-03-08T10:09:42.429Z</time>
      </trkpt>
      <trkpt lat="48.106503" lon="7.878841">
        <ele>214.471466</ele>
        <time>2026-03-08T10:10:10.637Z</time>
      </trkpt>
      <trkpt lat="48.106347" lon="7.879925">
        <ele>214.829169</ele>
        <time>2026-03-08T10:10:28.708Z</time>
      </trkpt>
      <trkpt lat="48.106269" lon="7.880706">
        <ele>215.083904</ele>
        <time>2026-03-08T10:10:41.446Z</time>
      </trkpt>
      <trkpt lat="48.106206" lon="7.881648">
        <ele>215.368836</ele>
        <time>2026-03-08T10:10:56.854Z</time>
      </trkpt>
      <trkpt lat="48.106150" lon="7.882929">
        <ele>215.746852</ele>
        <time>2026-03-08T10:11:17.391Z</time>
      </trkpt>
      <trkpt lat="48.106161" lon="7.883073">
        <ele>215.789531</ele>
        <time>2026-03-08T10:11:19.723Z</time>
      </trkpt>
      <trkpt lat="48.105221" lon="7.885332">
        <ele>216.552866</ele>
        <time>2026-03-08T10:12:01.914Z</time>
      </trkpt>
      <trkpt lat="48.105250" lon="7.885408">
        <ele>216.577799</ele>
        <time>2026-03-08T10:12:03.293Z</time>
      </trkpt>
      <trkpt lat="48.105197" lon="7.885595">
        <ele>216.635664</ele>
        <time>2026-03-08T10:12:06.542Z</time>
      </trkpt>
      <trkpt lat="48.104995" lon="7.886099">
        <ele>216.887366</ele>
        <time>2026-03-08T10:12:16.074Z</time>
      </trkpt>
      <trkpt lat="48.104905" lon="7.886409">
        <ele>217.075714</ele>
        <time>2026-03-08T10:12:21.650Z</time>
      </trkpt>
      <trkpt lat="48.104900" lon="7.886566">
        <ele>217.163293</ele>
        <time>2026-03-08T10:12:24.274Z</time>
      </trkpt>
      <trkpt lat="48.104989" lon="7.887175">
        <ele>217.510653</ele>
        <time>2026-03-08T10:12:34.883Z</time>
      </trkpt>
      <trkpt lat="48.104941" lon="7.887368">
        <ele>217.625407</ele>
        <time>2026-03-08T10:12:38.463Z</time>
      </trkpt>
      <trkpt lat="48.104569" lon="7.888004">
        <ele>218.096501</ele>
        <time>2026-03-08T10:12:53.499Z</time>
      </trkpt>
      <trkpt lat="48.103621" lon="7.889241">
        <ele>219.116478</ele>
        <time>2026-03-08T10:13:26.364Z</time>
      </trkpt>
      <trkpt lat="48.103315" lon="7.889541">
        <ele>219.412074</ele>
        <time>2026-03-08T10:13:35.359Z</time>
      </trkpt>
      <trkpt lat="48.103113" lon="7.889639">
        <ele>219.583685</ele>
        <time>2026-03-08T10:13:40.484Z</time>
      </trkpt>
      <trkpt lat="48.103036" lon="7.889634">
        <ele>219.645975</ele>
        <time>2026-03-08T10:13:42.373Z</time>
      </trkpt>
      <trkpt lat="48.102826" lon="7.889419">
        <ele>219.791681</ele>
        <time>2026-03-08T10:13:48.542Z</time>
      </trkpt>
      <trkpt lat="48.102699" lon="7.889364">
        <ele>219.863395</ele>
        <time>2026-03-08T10:13:51.741Z</time>
      </trkpt>
      <trkpt lat="48.102600" lon="7.889378">
        <ele>219.917337</ele>
        <time>2026-03-08T10:13:54.115Z</time>
      </trkpt>
      <trkpt lat="48.102296" lon="7.889616">
        <ele>220.103419</ele>
        <time>2026-03-08T10:14:02.435Z</time>
      </trkpt>
      <trkpt lat="48.102172" lon="7.889711">
        <ele>220.178975</ele>
        <time>2026-03-08T10:14:05.872Z</time>
      </trkpt>
      <trkpt lat="48.102119" lon="7.889754">
        <ele>220.211673</ele>
        <time>2026-03-08T10:14:07.369Z</time>
      </trkpt>
      <trkpt lat="48.101813" lon="7.890009">
        <ele>220.401635</ele>
        <time>2026-03-08T10:14:16.002Z</time>
      </trkpt>
      <trkpt lat="48.101270" lon="7.890650">
        <ele>220.778450</ele>
        <time>2026-03-08T10:14:33.078Z</time>
      </trkpt>
      <trkpt lat="48.100629" lon="7.891602">
        <ele>221.274671</ele>
        <time>2026-03-08T10:14:54.598Z</time>
      </trkpt>
      <trkpt lat="48.100555" lon="7.891770">
        <ele>221.348542</ele>
        <time>2026-03-08T10:14:57.804Z</time>
      </trkpt>
      <trkpt lat="48.100233" lon="7.892347">
        <ele>221.624549</ele>
        <time>2026-03-08T10:15:10.088Z</time>
      </trkpt>
      <trkpt lat="48.100128" lon="7.892508">
        <ele>221.757579</ele>
        <time>2026-03-08T10:15:13.894Z</time>
      </trkpt>
      <trkpt lat="48.099617" lon="7.893048">
        <ele>222.337361</ele>
        <time>2026-03-08T10:15:30.351Z</time>
      </trkpt>
      <trkpt lat="48.098796" lon="7.893753">
        <ele>223.214696</ele>
        <time>2026-03-08T10:15:55.548Z</time>
      </trkpt>
      <trkpt lat="48.098648" lon="7.893860">
        <ele>223.335679</ele>
        <time>2026-03-08T10:15:59.812Z</time>
      </trkpt>
      <trkpt lat="48.098446" lon="7.893938">
        <ele>223.437160</ele>
        <time>2026-03-08T10:16:05.073Z</time>
      </trkpt>
      <trkpt lat="48.098006" lon="7.894005">
        <ele>223.652308</ele>
        <time>2026-03-08T10:16:15.732Z</time>
      </trkpt>
      <trkpt lat="48.097872" lon="7.893974">
        <ele>223.718267</ele>
        <time>2026-03-08T10:16:18.870Z</time>
      </trkpt>
      <trkpt lat="48.096877" lon="7.893910">
        <ele>224.214135</ele>
        <time>2026-03-08T10:16:41.921Z</time>
      </trkpt>
      <trkpt lat="48.096770" lon="7.893933">
        <ele>224.289130</ele>
        <time>2026-03-08T10:16:44.544Z</time>
      </trkpt>
      <trkpt lat="48.096660" lon="7.894018">
        <ele>224.375009</ele>
        <time>2026-03-08T10:16:47.566Z</time>
      </trkpt>
      <trkpt lat="48.096579" lon="7.894134">
        <ele>224.452771</ele>
        <time>2026-03-08T10:16:50.337Z</time>
      </trkpt>
      <trkpt lat="48.095735" lon="7.895862">
        <ele>225.443361</ele>
        <time>2026-03-08T10:17:26.889Z</time>
      </trkpt>
      <trkpt lat="48.095684" lon="7.895818">
        <ele>225.481540</ele>
        <time>2026-03-08T10:17:28.397Z</time>
      </trkpt>
      <trkpt lat="48.094796" lon="7.895069">
        <ele>226.142638</ele>
        <time>2026-03-08T10:17:53.663Z</time>
      </trkpt>
      <trkpt lat="48.094779" lon="7.895418">
        <ele>226.294235</ele>
        <time>2026-03-08T10:17:59.257Z</time>
      </trkpt>
      <trkpt lat="48.094735" lon="7.895749">
        <ele>226.440444</ele>
        <time>2026-03-08T10:18:04.749Z</time>
      </trkpt>
      <trkpt lat="48.094637" lon="7.896191">
        <ele>226.643056</ele>
        <time>2026-03-08T10:18:12.444Z</time>
      </trkpt>
      <trkpt lat="48.094821" lon="7.896277">
        <ele>226.770144</ele>
        <time>2026-03-08T10:18:17.246Z</time>
      </trkpt>
      <trkpt lat="48.094948" lon="7.896401">
        <ele>226.870109</ele>
        <time>2026-03-08T10:18:21.092Z</time>
      </trkpt>
      <trkpt lat="48.095069" lon="7.896604">
        <ele>226.989923</ele>
        <time>2026-03-08T10:18:25.834Z</time>
      </trkpt>
      <trkpt lat="48.095121" lon="7.896754">
        <ele>227.064344</ele>
        <time>2026-03-08T10:18:28.786Z</time>
      </trkpt>
      <trkpt lat="48.095159" lon="7.896954">
        <ele>227.155910</ele>
        <time>2026-03-08T10:18:32.466Z</time>
      </trkpt>
      <trkpt lat="48.095174" lon="7.897246">
        <ele>227.284874</ele>
        <time>2026-03-08T10:18:37.477Z</time>
      </trkpt>
      <trkpt lat="48.095131" lon="7.897790">
        <ele>227.526100</ele>
        <time>2026-03-08T10:18:46.596Z</time>
      </trkpt>
      <trkpt lat="48.094987" lon="7.898514">
        <ele>227.795335</ele>
        <time>2026-03-08T10:18:58.795Z</time>
      </trkpt>
      <trkpt lat="48.095740" lon="7.898719">
        <ele>227.911310</ele>
        <time>2026-03-08T10:19:16.061Z</time>
      </trkpt>
      <trkpt lat="48.095917" lon="7.899400">
        <ele>227.985267</ele>
        <time>2026-03-08T10:19:26.520Z</time>
      </trkpt>
      <trkpt lat="48.095984" lon="7.899620">
        <ele>228.009738</ele>
        <time>2026-03-08T10:19:30.062Z</time>
      </trkpt>
      <trkpt lat="48.095991" lon="7.899653">
        <ele>228.013242</ele>
        <time>2026-03-08T10:19:30.576Z</time>
      </trkpt>
      <trkpt lat="48.095997" lon="7.899678">
        <ele>228.015931</ele>
        <time>2026-03-08T10:19:30.972Z</time>
      </trkpt>
      <trkpt lat="48.096010" lon="7.899742">
        <ele>228.022701</ele>
        <time>2026-03-08T10:19:31.984Z</time>
      </trkpt>
      <trkpt lat="48.096010" lon="7.899830">
        <ele>228.031607</ele>
        <time>2026-03-08T10:19:33.356Z</time>
      </trkpt>
      <trkpt lat="48.096009" lon="7.899857">
        <ele>228.034344</ele>
        <time>2026-03-08T10:19:33.773Z</time>
      </trkpt>
      <trkpt lat="48.096002" lon="7.899908">
        <ele>228.039613</ele>
        <time>2026-03-08T10:19:34.573Z</time>
      </trkpt>
      <trkpt lat="48.095993" lon="7.899964">
        <ele>228.045442</ele>
        <time>2026-03-08T10:19:35.476Z</time>
      </trkpt>
      <trkpt lat="48.095980" lon="7.900057">
        <ele>228.073921</ele>
        <time>2026-03-08T10:19:37.011Z</time>
      </trkpt>
      <trkpt lat="48.095973" lon="7.900101">
        <ele>228.092664</ele>
        <time>2026-03-08T10:19:37.738Z</time>
      </trkpt>
      <trkpt lat="48.096234" lon="7.900457">
        <ele>228.311718</ele>
        <time>2026-03-08T10:19:46.429Z</time>
      </trkpt>
      <trkpt lat="48.096125" lon="7.900571">
        <ele>228.394211</ele>
        <time>2026-03-08T10:19:49.728Z</time>
      </trkpt>
      <trkpt lat="48.095470" lon="7.901032">
        <ele>228.843259</ele>
        <time>2026-03-08T10:20:07.880Z</time>
      </trkpt>
      <trkpt lat="48.095342" lon="7.901093">
        <ele>228.926601</ele>
        <time>2026-03-08T10:20:11.330Z</time>
      </trkpt>
      <trkpt lat="48.094902" lon="7.901373">
        <ele>229.251501</ele>
        <time>2026-03-08T10:20:23.595Z</time>
      </trkpt>
      <trkpt lat="48.094863" lon="7.901403">
        <ele>229.291894</ele>
        <time>2026-03-08T10:20:24.699Z</time>
      </trkpt>
      <trkpt lat="48.094693" lon="7.901534">
        <ele>229.468028</ele>
        <time>2026-03-08T10:20:29.477Z</time>
      </trkpt>
      <trkpt lat="48.094145" lon="7.902111">
        <ele>230.085200</ele>
        <time>2026-03-08T10:20:45.900Z</time>
      </trkpt>
      <trkpt lat="48.094060" lon="7.902202">
        <ele>230.181464</ele>
        <time>2026-03-08T10:20:48.535Z</time>
      </trkpt>
      <trkpt lat="48.093770" lon="7.902556">
        <ele>230.526162</ele>
        <time>2026-03-08T10:20:58.392Z</time>
      </trkpt>
      <trkpt lat="48.093066" lon="7.903630">
        <ele>231.659732</ele>
        <time>2026-03-08T10:21:26.885Z</time>
      </trkpt>
      <trkpt lat="48.092950" lon="7.903701">
        <ele>231.813220</ele>
        <time>2026-03-08T10:21:30.321Z</time>
      </trkpt>
      <trkpt lat="48.092945" lon="7.903786">
        <ele>231.883025</ele>
        <time>2026-03-08T10:21:31.870Z</time>
      </trkpt>
      <trkpt lat="48.092917" lon="7.903849">
        <ele>231.944929</ele>
        <time>2026-03-08T10:21:33.252Z</time>
      </trkpt>
      <trkpt lat="48.092746" lon="7.904169">
        <ele>232.280180</ele>
        <time>2026-03-08T10:21:40.417Z</time>
      </trkpt>
      <trkpt lat="48.092603" lon="7.904358">
        <ele>232.513805</ele>
        <time>2026-03-08T10:21:45.487Z</time>
      </trkpt>
      <trkpt lat="48.092464" lon="7.904475">
        <ele>232.709110</ele>
        <time>2026-03-08T10:21:49.773Z</time>
      </trkpt>
      <trkpt lat="48.092219" lon="7.904507">
        <ele>233.010321</ele>
        <time>2026-03-08T10:21:56.522Z</time>
      </trkpt>
      <trkpt lat="48.092028" lon="7.904402">
        <ele>233.257656</ele>
        <time>2026-03-08T10:22:02.262Z</time>
      </trkpt>
      <trkpt lat="48.091805" lon="7.904212">
        <ele>233.569409</ele>
        <time>2026-03-08T10:22:09.532Z</time>
      </trkpt>
      <trkpt lat="48.091726" lon="7.904244">
        <ele>233.668847</ele>
        <time>2026-03-08T10:22:11.819Z</time>
      </trkpt>
      <trkpt lat="48.091554" lon="7.904466">
        <ele>233.944772</ele>
        <time>2026-03-08T10:22:18.278Z</time>
      </trkpt>
      <trkpt lat="48.091635" lon="7.904688">
        <ele>234.150066</ele>
        <time>2026-03-08T10:22:23.247Z</time>
      </trkpt>
      <trkpt lat="48.091636" lon="7.904842">
        <ele>234.275053</ele>
        <time>2026-03-08T10:22:26.354Z</time>
      </trkpt>
      <trkpt lat="48.091545" lon="7.906412">
        <ele>235.210971</ele>
        <time>2026-03-08T10:22:55.934Z</time>
      </trkpt>
      <trkpt lat="48.091385" lon="7.906383">
        <ele>235.211405</ele>
        <time>2026-03-08T10:22:59.748Z</time>
      </trkpt>
      <trkpt lat="48.091189" lon="7.906398">
        <ele>235.211933</ele>
        <time>2026-03-08T10:23:04.120Z</time>
      </trkpt>
      <trkpt lat="48.090641" lon="7.906589">
        <ele>235.213448</ele>
        <time>2026-03-08T10:23:15.734Z</time>
      </trkpt>
      <trkpt lat="48.090396" lon="7.906737">
        <ele>235.214159</ele>
        <time>2026-03-08T10:23:20.840Z</time>
      </trkpt>
      <trkpt lat="48.090217" lon="7.906903">
        <ele>235.214725</ele>
        <time>2026-03-08T10:23:25.006Z</time>
      </trkpt>
      <trkpt lat="48.090010" lon="7.907150">
        <ele>235.337538</ele>
        <time>2026-03-08T10:23:30.534Z</time>
      </trkpt>
      <trkpt lat="48.089642" lon="7.907668">
        <ele>235.767669</ele>
        <time>2026-03-08T10:23:42.168Z</time>
      </trkpt>
      <trkpt lat="48.089456" lon="7.908027">
        <ele>236.026096</ele>
        <time>2026-03-08T10:23:50.145Z</time>
      </trkpt>
      <trkpt lat="48.088999" lon="7.908932">
        <ele>236.671412</ele>
        <time>2026-03-08T10:24:12.754Z</time>
      </trkpt>
      <trkpt lat="48.088464" lon="7.910287">
        <ele>237.412505</ele>
        <time>2026-03-08T10:24:40.639Z</time>
      </trkpt>
      <trkpt lat="48.088241" lon="7.910605">
        <ele>237.625440</ele>
        <time>2026-03-08T10:24:48.119Z</time>
      </trkpt>
      <trkpt lat="48.087856" lon="7.910811">
        <ele>237.908119</ele>
        <time>2026-03-08T10:24:57.333Z</time>
      </trkpt>
      <trkpt lat="48.087617" lon="7.910948">
        <ele>238.098019</ele>
        <time>2026-03-08T10:25:02.759Z</time>
      </trkpt>
      <trkpt lat="48.087377" lon="7.911566">
        <ele>238.473291</ele>
        <time>2026-03-08T10:25:12.509Z</time>
      </trkpt>
      <trkpt lat="48.086919" lon="7.912497">
        <ele>239.080272</ele>
        <time>2026-03-08T10:25:32.857Z</time>
      </trkpt>
      <trkpt lat="48.086862" lon="7.912690">
        <ele>239.191053</ele>
        <time>2026-03-08T10:25:37.030Z</time>
      </trkpt>
      <trkpt lat="48.086761" lon="7.913178">
        <ele>239.514189</ele>
        <time>2026-03-08T10:25:47.169Z</time>
      </trkpt>
      <trkpt lat="48.086745" lon="7.913367">
        <ele>239.713239</ele>
        <time>2026-03-08T10:25:51.003Z</time>
      </trkpt>
      <trkpt lat="48.086768" lon="7.913814">
        <ele>240.181655</ele>
        <time>2026-03-08T10:25:59.975Z</time>
      </trkpt>
      <trkpt lat="48.086764" lon="7.914253">
        <ele>240.640371</ele>
        <time>2026-03-08T10:26:08.536Z</time>
      </trkpt>
      <trkpt lat="48.086637" lon="7.914876">
        <ele>241.320926</ele>
        <time>2026-03-08T10:26:21.068Z</time>
      </trkpt>
      <trkpt lat="48.086461" lon="7.915440">
        <ele>241.971331</ele>
        <time>2026-03-08T10:26:32.775Z</time>
      </trkpt>
      <trkpt lat="48.086417" lon="7.915640">
        <ele>242.191336</ele>
        <time>2026-03-08T10:26:36.581Z</time>
      </trkpt>
      <trkpt lat="48.086419" lon="7.915784">
        <ele>242.311642</ele>
        <time>2026-03-08T10:26:39.150Z</time>
      </trkpt>
      <trkpt lat="48.086401" lon="7.916691">
        <ele>243.030472</ele>
        <time>2026-03-08T10:26:54.958Z</time>
      </trkpt>
      <trkpt lat="48.086317" lon="7.917119">
        <ele>243.383859</ele>
        <time>2026-03-08T10:27:02.755Z</time>
      </trkpt>
      <trkpt lat="48.086199" lon="7.917549">
        <ele>243.752123</ele>
        <time>2026-03-08T10:27:11.425Z</time>
      </trkpt>
      <trkpt lat="48.086170" lon="7.917754">
        <ele>243.918123</ele>
        <time>2026-03-08T10:27:15.377Z</time>
      </trkpt>
      <trkpt lat="48.086286" lon="7.918572">
        <ele>244.384023</ele>
        <time>2026-03-08T10:27:31.059Z</time>
      </trkpt>
      <trkpt lat="48.086335" lon="7.918889">
        <ele>244.422058</ele>
        <time>2026-03-08T10:27:36.768Z</time>
      </trkpt>
      <trkpt lat="48.086379" lon="7.919450">
        <ele>244.488086</ele>
        <time>2026-03-08T10:27:45.106Z</time>
      </trkpt>
      <trkpt lat="48.086363" lon="7.919749">
        <ele>244.523149</ele>
        <time>2026-03-08T10:27:49.506Z</time>
      </trkpt>
      <trkpt lat="48.086275" lon="7.920240">
        <ele>244.582574</ele>
        <time>2026-03-08T10:27:56.814Z</time>
      </trkpt>
      <trkpt lat="48.086219" lon="7.920701">
        <ele>244.637345</ele>
        <time>2026-03-08T10:28:03.339Z</time>
      </trkpt>
      <trkpt lat="48.086165" lon="7.921935">
        <ele>245.369945</ele>
        <time>2026-03-08T10:28:20.584Z</time>
      </trkpt>
      <trkpt lat="48.086091" lon="7.922308">
        <ele>245.643718</ele>
        <time>2026-03-08T10:28:26.830Z</time>
      </trkpt>
      <trkpt lat="48.085941" lon="7.922717">
        <ele>245.972008</ele>
        <time>2026-03-08T10:28:36.043Z</time>
      </trkpt>
      <trkpt lat="48.085891" lon="7.923020">
        <ele>246.191609</ele>
        <time>2026-03-08T10:28:42.545Z</time>
      </trkpt>
      <trkpt lat="48.085833" lon="7.923623">
        <ele>246.777019</ele>
        <time>2026-03-08T10:28:55.739Z</time>
      </trkpt>
      <trkpt lat="48.086109" lon="7.924086">
        <ele>248.334741</ele>
        <time>2026-03-08T10:29:09.177Z</time>
      </trkpt>
      <trkpt lat="48.086239" lon="7.924358">
        <ele>249.174290</ele>
        <time>2026-03-08T10:29:17.151Z</time>
      </trkpt>
      <trkpt lat="48.086381" lon="7.924891">
        <ele>250.614730</ele>
        <time>2026-03-08T10:29:32.643Z</time>
      </trkpt>
      <trkpt lat="48.086481" lon="7.925498">
        <ele>252.184095</ele>
        <time>2026-03-08T10:29:49.696Z</time>
      </trkpt>
      <trkpt lat="48.086639" lon="7.925759">
        <ele>253.068268</ele>
        <time>2026-03-08T10:29:59.128Z</time>
      </trkpt>
      <trkpt lat="48.086810" lon="7.925909">
        <ele>253.543619</ele>
        <time>2026-03-08T10:30:06.941Z</time>
      </trkpt>
      <trkpt lat="48.087259" lon="7.926122">
        <ele>254.350041</ele>
        <time>2026-03-08T10:30:25.027Z</time>
      </trkpt>
      <trkpt lat="48.087747" lon="7.926458">
        <ele>255.269697</ele>
        <time>2026-03-08T10:30:43.398Z</time>
      </trkpt>
      <trkpt lat="48.088081" lon="7.926777">
        <ele>255.948018</ele>
        <time>2026-03-08T10:30:51.641Z</time>
      </trkpt>
      <trkpt lat="48.088155" lon="7.926887">
        <ele>256.126565</ele>
        <time>2026-03-08T10:30:53.522Z</time>
      </trkpt>
      <trkpt lat="48.088182" lon="7.927104">
        <ele>256.379012</ele>
        <time>2026-03-08T10:30:56.127Z</time>
      </trkpt>
      <trkpt lat="48.088191" lon="7.927270">
        <ele>256.119115</ele>
        <time>2026-03-08T10:30:58.048Z</time>
      </trkpt>
      <trkpt lat="48.088192" lon="7.927288">
        <ele>256.085636</ele>
        <time>2026-03-08T10:30:58.259Z</time>
      </trkpt>
      <trkpt lat="48.088193" lon="7.927329">
        <ele>256.009589</ele>
        <time>2026-03-08T10:30:58.713Z</time>
      </trkpt>
      <trkpt lat="48.088179" lon="7.927475">
        <ele>255.736195</ele>
        <time>2026-03-08T10:31:00.382Z</time>
      </trkpt>
      <trkpt lat="48.088035" lon="7.927779">
        <ele>255.045415</ele>
        <time>2026-03-08T10:31:04.453Z</time>
      </trkpt>
      <trkpt lat="48.087814" lon="7.928020">
        <ele>254.286721</ele>
        <time>2026-03-08T10:31:08.810Z</time>
      </trkpt>
      <trkpt lat="48.087596" lon="7.928332">
        <ele>253.449836</ele>
        <time>2026-03-08T10:31:13.555Z</time>
      </trkpt>
      <trkpt lat="48.087144" lon="7.928768">
        <ele>251.957779</ele>
        <time>2026-03-08T10:31:22.195Z</time>
      </trkpt>
      <trkpt lat="48.087066" lon="7.928874">
        <ele>251.665460</ele>
        <time>2026-03-08T10:31:23.958Z</time>
      </trkpt>
      <trkpt lat="48.086882" lon="7.929295">
        <ele>251.442164</ele>
        <time>2026-03-08T10:31:29.944Z</time>
      </trkpt>
      <trkpt lat="48.086668" lon="7.929934">
        <ele>251.511970</ele>
        <time>2026-03-08T10:31:39.849Z</time>
      </trkpt>
      <trkpt lat="48.086535" lon="7.930139">
        <ele>251.539878</ele>
        <time>2026-03-08T10:31:44.481Z</time>
      </trkpt>
      <trkpt lat="48.086263" lon="7.930440">
        <ele>251.589328</ele>
        <time>2026-03-08T10:31:53.319Z</time>
      </trkpt>
      <trkpt lat="48.086251" lon="7.930680">
        <ele>251.612832</ele>
        <time>2026-03-08T10:31:57.804Z</time>
      </trkpt>
      <trkpt lat="48.086162" lon="7.930979">
        <ele>251.644800</ele>
        <time>2026-03-08T10:32:04.128Z</time>
      </trkpt>
      <trkpt lat="48.086149" lon="7.931240">
        <ele>251.674304</ele>
        <time>2026-03-08T10:32:09.232Z</time>
      </trkpt>
      <trkpt lat="48.086194" lon="7.931686">
        <ele>251.952188</ele>
        <time>2026-03-08T10:32:17.887Z</time>
      </trkpt>
      <trkpt lat="48.086192" lon="7.931899">
        <ele>252.083423</ele>
        <time>2026-03-08T10:32:21.985Z</time>
      </trkpt>
      <trkpt lat="48.086113" lon="7.932411">
        <ele>252.407156</ele>
        <time>2026-03-08T10:32:31.980Z</time>
      </trkpt>
      <trkpt lat="48.086118" lon="7.932811">
        <ele>252.653628</ele>
        <time>2026-03-08T10:32:39.089Z</time>
      </trkpt>
      <trkpt lat="48.086169" lon="7.933033">
        <ele>252.798257</ele>
        <time>2026-03-08T10:32:42.933Z</time>
      </trkpt>
      <trkpt lat="48.086428" lon="7.933430">
        <ele>253.140125</ele>
        <time>2026-03-08T10:32:51.644Z</time>
      </trkpt>
      <trkpt lat="48.086481" lon="7.933558">
        <ele>253.232901</ele>
        <time>2026-03-08T10:32:53.940Z</time>
      </trkpt>
      <trkpt lat="48.086959" lon="7.935439">
        <ele>253.846087</ele>
        <time>2026-03-08T10:33:23.295Z</time>
      </trkpt>
      <trkpt lat="48.087471" lon="7.936670">
        <ele>255.048271</ele>
        <time>2026-03-08T10:33:48.842Z</time>
      </trkpt>
      <trkpt lat="48.087575" lon="7.937101">
        <ele>255.770593</ele>
        <time>2026-03-08T10:34:00.024Z</time>
      </trkpt>
      <trkpt lat="48.087573" lon="7.937231">
        <ele>255.975558</ele>
        <time>2026-03-08T10:34:03.119Z</time>
      </trkpt>
      <trkpt lat="48.088248" lon="7.938064">
        <ele>258.039742</ele>
        <time>2026-03-08T10:34:32.560Z</time>
      </trkpt>
      <trkpt lat="48.088266" lon="7.938087">
        <ele>258.095583</ele>
        <time>2026-03-08T10:34:33.331Z</time>
      </trkpt>
      <trkpt lat="48.088755" lon="7.938701">
        <ele>257.961486</ele>
        <time>2026-03-08T10:34:54.056Z</time>
      </trkpt>
      <trkpt lat="48.088981" lon="7.939034">
        <ele>257.749925</ele>
        <time>2026-03-08T10:35:00.370Z</time>
      </trkpt>
      <trkpt lat="48.089072" lon="7.939231">
        <ele>257.643184</ele>
        <time>2026-03-08T10:35:03.149Z</time>
      </trkpt>
      <trkpt lat="48.089157" lon="7.939442">
        <ele>257.533375</ele>
        <time>2026-03-08T10:35:05.890Z</time>
      </trkpt>
      <trkpt lat="48.089215" lon="7.939692">
        <ele>257.415433</ele>
        <time>2026-03-08T10:35:08.797Z</time>
      </trkpt>
      <trkpt lat="48.089221" lon="7.939822">
        <ele>257.357361</ele>
        <time>2026-03-08T10:35:10.232Z</time>
      </trkpt>
      <trkpt lat="48.089265" lon="7.940551">
        <ele>256.885139</ele>
        <time>2026-03-08T10:35:18.498Z</time>
      </trkpt>
      <trkpt lat="48.089279" lon="7.940845">
        <ele>256.544938</ele>
        <time>2026-03-08T10:35:21.855Z</time>
      </trkpt>
      <trkpt lat="48.089332" lon="7.941209">
        <ele>256.114936</ele>
        <time>2026-03-08T10:35:25.952Z</time>
      </trkpt>
      <trkpt lat="48.089407" lon="7.941440">
        <ele>255.818485</ele>
        <time>2026-03-08T10:35:28.791Z</time>
      </trkpt>
      <trkpt lat="48.089529" lon="7.941724">
        <ele>255.428752</ele>
        <time>2026-03-08T10:35:32.657Z</time>
      </trkpt>
      <trkpt lat="48.090207" lon="7.943157">
        <ele>254.209683</ele>
        <time>2026-03-08T10:35:56.177Z</time>
      </trkpt>
      <trkpt lat="48.090515" lon="7.943907">
        <ele>254.532270</ele>
        <time>2026-03-08T10:36:09.586Z</time>
      </trkpt>
      <trkpt lat="48.090950" lon="7.945525">
        <ele>256.012162</ele>
        <time>2026-03-08T10:36:41.191Z</time>
      </trkpt>
      <trkpt lat="48.090997" lon="7.945632">
        <ele>256.291640</ele>
        <time>2026-03-08T10:36:43.795Z</time>
      </trkpt>
      <trkpt lat="48.091574" lon="7.946840">
        <ele>259.532587</ele>
        <time>2026-03-08T10:37:18.837Z</time>
      </trkpt>
      <trkpt lat="48.091588" lon="7.947057">
        <ele>260.008353</ele>
        <time>2026-03-08T10:37:24.926Z</time>
      </trkpt>
      <trkpt lat="48.091571" lon="7.947144">
        <ele>260.206172</ele>
        <time>2026-03-08T10:37:27.520Z</time>
      </trkpt>
      <trkpt lat="48.091646" lon="7.947240">
        <ele>260.528564</ele>
        <time>2026-03-08T10:37:31.780Z</time>
      </trkpt>
      <trkpt lat="48.092044" lon="7.948152">
        <ele>263.390758</ele>
        <time>2026-03-08T10:38:03.386Z</time>
      </trkpt>
      <trkpt lat="48.092473" lon="7.948846">
        <ele>265.947685</ele>
        <time>2026-03-08T10:38:29.585Z</time>
      </trkpt>
      <trkpt lat="48.093078" lon="7.949589">
        <ele>268.059831</ele>
        <time>2026-03-08T10:38:56.275Z</time>
      </trkpt>
      <trkpt lat="48.094064" lon="7.950705">
        <ele>267.536570</ele>
        <time>2026-03-08T10:39:20.229Z</time>
      </trkpt>
      <trkpt lat="48.094360" lon="7.951151">
        <ele>267.192074</ele>
        <time>2026-03-08T10:39:27.617Z</time>
      </trkpt>
      <trkpt lat="48.094503" lon="7.951522">
        <ele>266.560440</ele>
        <time>2026-03-08T10:39:32.896Z</time>
      </trkpt>
      <trkpt lat="48.094615" lon="7.951747">
        <ele>266.146651</ele>
        <time>2026-03-08T10:39:36.289Z</time>
      </trkpt>
      <trkpt lat="48.095126" lon="7.952022">
        <ele>264.947812</ele>
        <time>2026-03-08T10:39:45.835Z</time>
      </trkpt>
      <trkpt lat="48.095325" lon="7.952201">
        <ele>264.435275</ele>
        <time>2026-03-08T10:39:49.885Z</time>
      </trkpt>
      <trkpt lat="48.095447" lon="7.952547">
        <ele>263.858343</ele>
        <time>2026-03-08T10:39:54.681Z</time>
      </trkpt>
      <trkpt lat="48.095638" lon="7.953766">
        <ele>262.817996</ele>
        <time>2026-03-08T10:40:10.456Z</time>
      </trkpt>
      <trkpt lat="48.095752" lon="7.954361">
        <ele>262.425017</ele>
        <time>2026-03-08T10:40:18.342Z</time>
      </trkpt>
      <trkpt lat="48.095802" lon="7.954816">
        <ele>262.132271</ele>
        <time>2026-03-08T10:40:24.709Z</time>
      </trkpt>
      <trkpt lat="48.095663" lon="7.955058">
        <ele>261.929634</ele>
        <time>2026-03-08T10:40:29.531Z</time>
      </trkpt>
      <trkpt lat="48.095486" lon="7.955229">
        <ele>261.729402</ele>
        <time>2026-03-08T10:40:34.708Z</time>
      </trkpt>
      <trkpt lat="48.095273" lon="7.955449">
        <ele>262.002596</ele>
        <time>2026-03-08T10:40:41.493Z</time>
      </trkpt>
      <trkpt lat="48.095173" lon="7.955579">
        <ele>262.155763</ele>
        <time>2026-03-08T10:40:45.114Z</time>
      </trkpt>
      <trkpt lat="48.095123" lon="7.955743">
        <ele>262.295021</ele>
        <time>2026-03-08T10:40:48.437Z</time>
      </trkpt>
      <trkpt lat="48.095119" lon="7.955916">
        <ele>262.428736</ele>
        <time>2026-03-08T10:40:51.491Z</time>
      </trkpt>
      <trkpt lat="48.095140" lon="7.956054">
        <ele>262.538067</ele>
        <time>2026-03-08T10:40:54.005Z</time>
      </trkpt>
      <trkpt lat="48.095382" lon="7.956922">
        <ele>263.264630</ele>
        <time>2026-03-08T10:41:11.414Z</time>
      </trkpt>
      <trkpt lat="48.095410" lon="7.957149">
        <ele>263.442942</ele>
        <time>2026-03-08T10:41:15.705Z</time>
      </trkpt>
      <trkpt lat="48.095401" lon="7.957272">
        <ele>263.538523</ele>
        <time>2026-03-08T10:41:18.004Z</time>
      </trkpt>
      <trkpt lat="48.095345" lon="7.957427">
        <ele>263.674648</ele>
        <time>2026-03-08T10:41:21.315Z</time>
      </trkpt>
      <trkpt lat="48.095434" lon="7.957560">
        <ele>263.822160</ele>
        <time>2026-03-08T10:41:24.941Z</time>
      </trkpt>
      <trkpt lat="48.095452" lon="7.957605">
        <ele>263.866473</ele>
        <time>2026-03-08T10:41:25.946Z</time>
      </trkpt>
      <trkpt lat="48.095505" lon="7.957742">
        <ele>264.000227</ele>
        <time>2026-03-08T10:41:29.031Z</time>
      </trkpt>
      <trkpt lat="48.095520" lon="7.957781">
        <ele>264.038248</ele>
        <time>2026-03-08T10:41:29.916Z</time>
      </trkpt>
      <trkpt lat="48.095592" lon="7.957965">
        <ele>264.218408</ele>
        <time>2026-03-08T10:41:34.160Z</time>
      </trkpt>
      <trkpt lat="48.095513" lon="7.958042">
        <ele>264.337644</ele>
        <time>2026-03-08T10:41:36.782Z</time>
      </trkpt>
      <trkpt lat="48.095398" lon="7.958239">
        <ele>264.558684</ele>
        <time>2026-03-08T10:41:41.381Z</time>
      </trkpt>
      <trkpt lat="48.095244" lon="7.958504">
        <ele>264.855444</ele>
        <time>2026-03-08T10:41:47.288Z</time>
      </trkpt>
      <trkpt lat="48.094987" lon="7.958918">
        <ele>265.332945</ele>
        <time>2026-03-08T10:41:56.810Z</time>
      </trkpt>
      <trkpt lat="48.094812" lon="7.959040">
        <ele>265.577123</ele>
        <time>2026-03-08T10:42:01.977Z</time>
      </trkpt>
      <trkpt lat="48.094853" lon="7.959333">
        <ele>265.830032</ele>
        <time>2026-03-08T10:42:07.487Z</time>
      </trkpt>
      <trkpt lat="48.094794" lon="7.959426">
        <ele>265.938396</ele>
        <time>2026-03-08T10:42:09.905Z</time>
      </trkpt>
      <trkpt lat="48.094542" lon="7.959847">
        <ele>266.619790</ele>
        <time>2026-03-08T10:42:26.683Z</time>
      </trkpt>
      <trkpt lat="48.094515" lon="7.959899">
        <ele>266.708492</ele>
        <time>2026-03-08T10:42:27.984Z</time>
      </trkpt>
      <trkpt lat="48.094460" lon="7.960041">
        <ele>266.929558</ele>
        <time>2026-03-08T10:42:31.175Z</time>
      </trkpt>
      <trkpt lat="48.094424" lon="7.960065">
        <ele>267.009018</ele>
        <time>2026-03-08T10:42:32.331Z</time>
      </trkpt>
      <trkpt lat="48.094327" lon="7.960047">
        <ele>267.206101</ele>
        <time>2026-03-08T10:42:35.134Z</time>
      </trkpt>
      <trkpt lat="48.094251" lon="7.960119">
        <ele>267.387445</ele>
        <time>2026-03-08T10:42:37.763Z</time>
      </trkpt>
      <trkpt lat="48.094166" lon="7.960253">
        <ele>267.636326</ele>
        <time>2026-03-08T10:42:41.405Z</time>
      </trkpt>
      <trkpt lat="48.093903" lon="7.960801">
        <ele>268.545110</ele>
        <time>2026-03-08T10:42:55.793Z</time>
      </trkpt>
      <trkpt lat="48.093872" lon="7.960766">
        <ele>268.623398</ele>
        <time>2026-03-08T10:42:57.066Z</time>
      </trkpt>
      <trkpt lat="48.093846" lon="7.960815">
        <ele>268.707679</ele>
        <time>2026-03-08T10:42:58.445Z</time>
      </trkpt>
      <trkpt lat="48.093444" lon="7.961565">
        <ele>269.993272</ele>
        <time>2026-03-08T10:43:20.299Z</time>
      </trkpt>
      <trkpt lat="48.093227" lon="7.961976">
        <ele>270.676728</ele>
        <time>2026-03-08T10:43:31.064Z</time>
      </trkpt>
      <trkpt lat="48.093046" lon="7.962252">
        <ele>271.181324</ele>
        <time>2026-03-08T10:43:38.696Z</time>
      </trkpt>
      <trkpt lat="48.092970" lon="7.962339">
        <ele>271.368182</ele>
        <time>2026-03-08T10:43:41.590Z</time>
      </trkpt>
      <trkpt lat="48.092721" lon="7.962661">
        <ele>272.010816</ele>
        <time>2026-03-08T10:43:51.770Z</time>
      </trkpt>
      <trkpt lat="48.092738" lon="7.962775">
        <ele>272.163198</ele>
        <time>2026-03-08T10:43:54.091Z</time>
      </trkpt>
      <trkpt lat="48.092694" lon="7.962964">
        <ele>272.424308</ele>
        <time>2026-03-08T10:43:58.133Z</time>
      </trkpt>
      <trkpt lat="48.092714" lon="7.963117">
        <ele>272.627693</ele>
        <time>2026-03-08T10:44:01.270Z</time>
      </trkpt>
      <trkpt lat="48.092519" lon="7.963344">
        <ele>273.110139</ele>
        <time>2026-03-08T10:44:08.624Z</time>
      </trkpt>
      <trkpt lat="48.092155" lon="7.963761">
        <ele>274.231968</ele>
        <time>2026-03-08T10:44:21.487Z</time>
      </trkpt>
      <trkpt lat="48.092017" lon="7.964001">
        <ele>274.763224</ele>
        <time>2026-03-08T10:44:27.667Z</time>
      </trkpt>
      <trkpt lat="48.092011" lon="7.964011">
        <ele>274.785774</ele>
        <time>2026-03-08T10:44:27.941Z</time>
      </trkpt>
      <trkpt lat="48.092072" lon="7.964218">
        <ele>275.165328</ele>
        <time>2026-03-08T10:44:32.587Z</time>
      </trkpt>
      <trkpt lat="48.092129" lon="7.964469">
        <ele>275.610070</ele>
        <time>2026-03-08T10:44:38.278Z</time>
      </trkpt>
      <trkpt lat="48.092109" lon="7.964656">
        <ele>275.927773</ele>
        <time>2026-03-08T10:44:42.574Z</time>
      </trkpt>
      <trkpt lat="48.091862" lon="7.965104">
        <ele>276.902291</ele>
        <time>2026-03-08T10:44:55.955Z</time>
      </trkpt>
      <trkpt lat="48.091470" lon="7.965633">
        <ele>278.586353</ele>
        <time>2026-03-08T10:45:14.416Z</time>
      </trkpt>
      <trkpt lat="48.091377" lon="7.965885">
        <ele>279.417396</ele>
        <time>2026-03-08T10:45:21.475Z</time>
      </trkpt>
      <trkpt lat="48.091121" lon="7.966572">
        <ele>281.688151</ele>
        <time>2026-03-08T10:45:42.592Z</time>
      </trkpt>
      <trkpt lat="48.091056" lon="7.966759">
        <ele>282.296646</ele>
        <time>2026-03-08T10:45:48.455Z</time>
      </trkpt>
      <trkpt lat="48.091033" lon="7.967009">
        <ele>283.025091</ele>
        <time>2026-03-08T10:45:55.502Z</time>
      </trkpt>
      <trkpt lat="48.091049" lon="7.967132">
        <ele>283.386804</ele>
        <time>2026-03-08T10:45:59.016Z</time>
      </trkpt>
      <trkpt lat="48.091076" lon="7.967329">
        <ele>283.967297</ele>
        <time>2026-03-08T10:46:04.529Z</time>
      </trkpt>
      <trkpt lat="48.091117" lon="7.968128">
        <ele>286.665635</ele>
        <time>2026-03-08T10:46:26.725Z</time>
      </trkpt>
      <trkpt lat="48.091165" lon="7.968398">
        <ele>287.871717</ele>
        <time>2026-03-08T10:46:34.980Z</time>
      </trkpt>
      <trkpt lat="48.091310" lon="7.969162">
        <ele>291.300211</ele>
        <time>2026-03-08T10:47:00.163Z</time>
      </trkpt>
      <trkpt lat="48.091465" lon="7.970227">
        <ele>296.005332</ele>
        <time>2026-03-08T10:47:37.982Z</time>
      </trkpt>
      <trkpt lat="48.091583" lon="7.971412">
        <ele>300.816853</ele>
        <time>2026-03-08T10:48:18.741Z</time>
      </trkpt>
      <trkpt lat="48.091577" lon="7.971736">
        <ele>302.091539</ele>
        <time>2026-03-08T10:48:28.765Z</time>
      </trkpt>
      <trkpt lat="48.091563" lon="7.971845">
        <ele>302.528057</ele>
        <time>2026-03-08T10:48:32.085Z</time>
      </trkpt>
      <trkpt lat="48.091522" lon="7.972083">
        <ele>303.494669</ele>
        <time>2026-03-08T10:48:39.476Z</time>
      </trkpt>
      <trkpt lat="48.091449" lon="7.972554">
        <ele>305.396188</ele>
        <time>2026-03-08T10:48:53.642Z</time>
      </trkpt>
      <trkpt lat="48.091444" lon="7.972587">
        <ele>305.529265</ele>
        <time>2026-03-08T10:48:54.646Z</time>
      </trkpt>
      <trkpt lat="48.091418" lon="7.972828">
        <ele>306.489332</ele>
        <time>2026-03-08T10:49:01.608Z</time>
      </trkpt>
      <trkpt lat="48.091478" lon="7.973123">
        <ele>307.702076</ele>
        <time>2026-03-08T10:49:10.014Z</time>
      </trkpt>
      <trkpt lat="48.091637" lon="7.973715">
        <ele>309.519325</ele>
        <time>2026-03-08T10:49:26.257Z</time>
      </trkpt>
      <trkpt lat="48.091839" lon="7.974282">
        <ele>311.345355</ele>
        <time>2026-03-08T10:49:42.271Z</time>
      </trkpt>
      <trkpt lat="48.092236" lon="7.974758">
        <ele>313.509147</ele>
        <time>2026-03-08T10:50:02.913Z</time>
      </trkpt>
      <trkpt lat="48.092357" lon="7.974893">
        <ele>314.151127</ele>
        <time>2026-03-08T10:50:08.999Z</time>
      </trkpt>
      <trkpt lat="48.092629" lon="7.975215">
        <ele>315.630266</ele>
        <time>2026-03-08T10:50:22.589Z</time>
      </trkpt>
      <trkpt lat="48.092775" lon="7.975429">
        <ele>316.512823</ele>
        <time>2026-03-08T10:50:30.135Z</time>
      </trkpt>
      <trkpt lat="48.093300" lon="7.976342">
        <ele>319.988584</ele>
        <time>2026-03-08T10:51:00.523Z</time>
      </trkpt>
      <trkpt lat="48.093364" lon="7.976464">
        <ele>320.436144</ele>
        <time>2026-03-08T10:51:04.653Z</time>
      </trkpt>
      <trkpt lat="48.093671" lon="7.977092">
        <ele>322.681393</ele>
        <time>2026-03-08T10:51:25.754Z</time>
      </trkpt>
      <trkpt lat="48.093773" lon="7.977355">
        <ele>323.680803</ele>
        <time>2026-03-08T10:51:34.446Z</time>
      </trkpt>
      <trkpt lat="48.093858" lon="7.977778">
        <ele>325.324704</ele>
        <time>2026-03-08T10:51:47.176Z</time>
      </trkpt>
      <trkpt lat="48.093868" lon="7.978654">
        <ele>328.585223</ele>
        <time>2026-03-08T10:52:13.670Z</time>
      </trkpt>
      <trkpt lat="48.093814" lon="7.979134">
        <ele>330.396711</ele>
        <time>2026-03-08T10:52:28.624Z</time>
      </trkpt>
      <trkpt lat="48.093824" lon="7.979232">
        <ele>330.765651</ele>
        <time>2026-03-08T10:52:31.628Z</time>
      </trkpt>
      <trkpt lat="48.093917" lon="7.979387">
        <ele>331.541055</ele>
        <time>2026-03-08T10:52:37.759Z</time>
      </trkpt>
      <trkpt lat="48.093833" lon="7.979591">
        <ele>332.432920</ele>
        <time>2026-03-08T10:52:44.918Z</time>
      </trkpt>
      <trkpt lat="48.093561" lon="7.981009">
        <ele>340.858156</ele>
        <time>2026-03-08T10:53:30.255Z</time>
      </trkpt>
      <trkpt lat="48.093422" lon="7.982368">
        <ele>349.126939</ele>
        <time>2026-03-08T10:54:29.160Z</time>
      </trkpt>
      <trkpt lat="48.093413" lon="7.982534">
        <ele>350.728551</ele>
        <time>2026-03-08T10:54:38.088Z</time>
      </trkpt>
      <trkpt lat="48.093371" lon="7.982972">
        <ele>355.456173</ele>
        <time>2026-03-08T10:55:03.676Z</time>
      </trkpt>
      <trkpt lat="48.093291" lon="7.983163">
        <ele>357.864894</ele>
        <time>2026-03-08T10:55:17.579Z</time>
      </trkpt>
      <trkpt lat="48.093183" lon="7.983322">
        <ele>360.287784</ele>
        <time>2026-03-08T10:55:32.162Z</time>
      </trkpt>
      <trkpt lat="48.092726" lon="7.983733">
        <ele>368.815518</ele>
        <time>2026-03-08T10:56:25.317Z</time>
      </trkpt>
      <trkpt lat="48.092507" lon="7.983987">
        <ele>373.246864</ele>
        <time>2026-03-08T10:56:52.276Z</time>
      </trkpt>
      <trkpt lat="48.092273" lon="7.984189">
        <ele>377.567598</ele>
        <time>2026-03-08T10:57:16.219Z</time>
      </trkpt>
      <trkpt lat="48.091839" lon="7.984397">
        <ele>380.880013</ele>
        <time>2026-03-08T10:57:48.921Z</time>
      </trkpt>
      <trkpt lat="48.091764" lon="7.984528">
        <ele>381.634074</ele>
        <time>2026-03-08T10:57:55.825Z</time>
      </trkpt>
      <trkpt lat="48.091735" lon="7.984703">
        <ele>382.422087</ele>
        <time>2026-03-08T10:58:02.460Z</time>
      </trkpt>
      <trkpt lat="48.091840" lon="7.985032">
        <ele>384.015664</ele>
        <time>2026-03-08T10:58:14.272Z</time>
      </trkpt>
      <trkpt lat="48.091970" lon="7.985247">
        <ele>385.283126</ele>
        <time>2026-03-08T10:58:22.021Z</time>
      </trkpt>
      <trkpt lat="48.092180" lon="7.985456">
        <ele>386.933088</ele>
        <time>2026-03-08T10:58:30.367Z</time>
      </trkpt>
      <trkpt lat="48.092663" lon="7.985819">
        <ele>390.197419</ele>
        <time>2026-03-08T10:58:43.223Z</time>
      </trkpt>
      <trkpt lat="48.092982" lon="7.985918">
        <ele>391.318104</ele>
        <time>2026-03-08T10:58:50.022Z</time>
      </trkpt>
      <trkpt lat="48.093880" lon="7.986036">
        <ele>394.419091</ele>
        <time>2026-03-08T10:59:19.272Z</time>
      </trkpt>
      <trkpt lat="48.093956" lon="7.986085">
        <ele>394.703741</ele>
        <time>2026-03-08T10:59:22.972Z</time>
      </trkpt>
      <trkpt lat="48.093994" lon="7.986169">
        <ele>394.936842</ele>
        <time>2026-03-08T10:59:26.064Z</time>
      </trkpt>
      <trkpt lat="48.093987" lon="7.986279">
        <ele>395.190724</ele>
        <time>2026-03-08T10:59:29.587Z</time>
      </trkpt>
      <trkpt lat="48.093941" lon="7.986376">
        <ele>395.464055</ele>
        <time>2026-03-08T10:59:33.420Z</time>
      </trkpt>
      <trkpt lat="48.093670" lon="7.986602">
        <ele>397.320494</ele>
        <time>2026-03-08T10:59:49.579Z</time>
      </trkpt>
      <trkpt lat="48.092960" lon="7.987102">
        <ele>404.777538</ele>
        <time>2026-03-08T11:00:36.454Z</time>
      </trkpt>
      <trkpt lat="48.092676" lon="7.987297">
        <ele>407.746991</ele>
        <time>2026-03-08T11:00:56.916Z</time>
      </trkpt>
      <trkpt lat="48.091959" lon="7.987418">
        <ele>414.770304</ele>
        <time>2026-03-08T11:01:44.972Z</time>
      </trkpt>
      <trkpt lat="48.091091" lon="7.987654">
        <ele>424.128903</ele>
        <time>2026-03-08T11:02:40.242Z</time>
      </trkpt>
      <trkpt lat="48.090391" lon="7.987922">
        <ele>431.793670</ele>
        <time>2026-03-08T11:03:28.160Z</time>
      </trkpt>
      <trkpt lat="48.090139" lon="7.987957">
        <ele>434.507644</ele>
        <time>2026-03-08T11:03:45.213Z</time>
      </trkpt>
      <trkpt lat="48.090015" lon="7.987931">
        <ele>435.853384</ele>
        <time>2026-03-08T11:03:53.693Z</time>
      </trkpt>
      <trkpt lat="48.089908" lon="7.987831">
        <ele>437.209092</ele>
        <time>2026-03-08T11:04:02.009Z</time>
      </trkpt>
      <trkpt lat="48.089606" lon="7.987389">
        <ele>441.748335</ele>
        <time>2026-03-08T11:04:30.219Z</time>
      </trkpt>
      <trkpt lat="48.089438" lon="7.987245">
        <ele>443.828979</ele>
        <time>2026-03-08T11:04:43.257Z</time>
      </trkpt>
      <trkpt lat="48.089100" lon="7.987073">
        <ele>447.665882</ele>
        <time>2026-03-08T11:05:07.498Z</time>
      </trkpt>
      <trkpt lat="48.088768" lon="7.986988">
        <ele>451.285969</ele>
        <time>2026-03-08T11:05:29.572Z</time>
      </trkpt>
      <trkpt lat="48.088430" lon="7.986957">
        <ele>453.783049</ele>
        <time>2026-03-08T11:05:49.854Z</time>
      </trkpt>
      <trkpt lat="48.088186" lon="7.986975">
        <ele>455.509427</ele>
        <time>2026-03-08T11:06:02.990Z</time>
      </trkpt>
      <trkpt lat="48.087927" lon="7.987027">
        <ele>457.356101</ele>
        <time>2026-03-08T11:06:15.783Z</time>
      </trkpt>
      <trkpt lat="48.087619" lon="7.987168">
        <ele>459.632154</ele>
        <time>2026-03-08T11:06:30.478Z</time>
      </trkpt>
      <trkpt lat="48.086407" lon="7.987894">
        <ele>468.607020</ele>
        <time>2026-03-08T11:07:28.813Z</time>
      </trkpt>
      <trkpt lat="48.085792" lon="7.988179">
        <ele>472.906708</ele>
        <time>2026-03-08T11:07:59.144Z</time>
      </trkpt>
      <trkpt lat="48.085188" lon="7.988468">
        <ele>477.487880</ele>
        <time>2026-03-08T11:08:34.442Z</time>
      </trkpt>
      <trkpt lat="48.084590" lon="7.988698">
        <ele>483.333850</ele>
        <time>2026-03-08T11:09:10.560Z</time>
      </trkpt>
      <trkpt lat="48.084411" lon="7.988754">
        <ele>485.065301</ele>
        <time>2026-03-08T11:09:21.569Z</time>
      </trkpt>
      <trkpt lat="48.084191" lon="7.988871">
        <ele>487.275890</ele>
        <time>2026-03-08T11:09:36.301Z</time>
      </trkpt>
      <trkpt lat="48.083603" lon="7.989324">
        <ele>493.558665</ele>
        <time>2026-03-08T11:10:18.457Z</time>
      </trkpt>
      <trkpt lat="48.082596" lon="7.989996">
        <ele>505.142694</ele>
        <time>2026-03-08T11:11:27.683Z</time>
      </trkpt>
      <trkpt lat="48.081700" lon="7.990487">
        <ele>515.536962</ele>
        <time>2026-03-08T11:12:31.017Z</time>
      </trkpt>
      <trkpt lat="48.081294" lon="7.990609">
        <ele>520.436661</ele>
        <time>2026-03-08T11:13:00.065Z</time>
      </trkpt>
      <trkpt lat="48.080723" lon="7.990543">
        <ele>527.212935</ele>
        <time>2026-03-08T11:13:41.072Z</time>
      </trkpt>
      <trkpt lat="48.080409" lon="7.990557">
        <ele>530.929880</ele>
        <time>2026-03-08T11:14:03.899Z</time>
      </trkpt>
      <trkpt lat="48.078982" lon="7.990907">
        <ele>547.451723</ele>
        <time>2026-03-08T11:15:44.783Z</time>
      </trkpt>
      <trkpt lat="48.077720" lon="7.991593">
        <ele>563.163977</ele>
        <time>2026-03-08T11:17:10.487Z</time>
      </trkpt>
      <trkpt lat="48.076857" lon="7.992087">
        <ele>574.215988</ele>
        <time>2026-03-08T11:18:19.281Z</time>
      </trkpt>
      <trkpt lat="48.075972" lon="7.992521">
        <ele>585.002051</ele>
        <time>2026-03-08T11:19:31.890Z</time>
      </trkpt>
      <trkpt lat="48.075685" lon="7.992728">
        <ele>588.676690</ele>
        <time>2026-03-08T11:19:54.831Z</time>
      </trkpt>
      <trkpt lat="48.075060" lon="7.993284">
        <ele>596.440879</ele>
        <time>2026-03-08T11:20:39.633Z</time>
      </trkpt>
      <trkpt lat="48.074696" lon="7.993584">
        <ele>597.766312</ele>
        <time>2026-03-08T11:21:00.067Z</time>
      </trkpt>
      <trkpt lat="48.073848" lon="7.994040">
        <ele>600.640423</ele>
        <time>2026-03-08T11:21:27.441Z</time>
      </trkpt>
      <trkpt lat="48.073678" lon="7.994172">
        <ele>601.251297</ele>
        <time>2026-03-08T11:21:31.668Z</time>
      </trkpt>
      <trkpt lat="48.073624" lon="7.994266">
        <ele>601.515497</ele>
        <time>2026-03-08T11:21:33.244Z</time>
      </trkpt>
      <trkpt lat="48.073608" lon="7.994383">
        <ele>601.770022</ele>
        <time>2026-03-08T11:21:34.862Z</time>
      </trkpt>
      <trkpt lat="48.073649" lon="7.994503">
        <ele>602.035230</ele>
        <time>2026-03-08T11:21:36.556Z</time>
      </trkpt>
      <trkpt lat="48.073678" lon="7.994545">
        <ele>602.139726</ele>
        <time>2026-03-08T11:21:37.422Z</time>
      </trkpt>
      <trkpt lat="48.073749" lon="7.994567">
        <ele>602.327471</ele>
        <time>2026-03-08T11:21:38.806Z</time>
      </trkpt>
      <trkpt lat="48.073973" lon="7.994551">
        <ele>602.908154</ele>
        <time>2026-03-08T11:21:43.117Z</time>
      </trkpt>
      <trkpt lat="48.074458" lon="7.994426">
        <ele>604.182492</ele>
        <time>2026-03-08T11:21:53.116Z</time>
      </trkpt>
      <trkpt lat="48.075097" lon="7.994326">
        <ele>605.846131</ele>
        <time>2026-03-08T11:22:16.120Z</time>
      </trkpt>
      <trkpt lat="48.075512" lon="7.994357">
        <ele>608.023557</ele>
        <time>2026-03-08T11:22:37.193Z</time>
      </trkpt>
      <trkpt lat="48.075655" lon="7.994406">
        <ele>609.692791</ele>
        <time>2026-03-08T11:22:45.654Z</time>
      </trkpt>
      <trkpt lat="48.075862" lon="7.994597">
        <ele>612.459792</ele>
        <time>2026-03-08T11:23:00.694Z</time>
      </trkpt>
      <trkpt lat="48.076345" lon="7.995283">
        <ele>620.036327</ele>
        <time>2026-03-08T11:23:47.187Z</time>
      </trkpt>
      <trkpt lat="48.076402" lon="7.995347">
        <ele>620.847124</ele>
        <time>2026-03-08T11:23:52.721Z</time>
      </trkpt>
      <trkpt lat="48.076566" lon="7.995406">
        <ele>622.766359</ele>
        <time>2026-03-08T11:24:05.386Z</time>
      </trkpt>
      <trkpt lat="48.076789" lon="7.995446">
        <ele>625.321936</ele>
        <time>2026-03-08T11:24:22.470Z</time>
      </trkpt>
      <trkpt lat="48.077912" lon="7.995801">
        <ele>642.015166</ele>
        <time>2026-03-08T11:25:59.067Z</time>
      </trkpt>
      <trkpt lat="48.078113" lon="7.996001">
        <ele>645.643117</ele>
        <time>2026-03-08T11:26:20.816Z</time>
      </trkpt>
      <trkpt lat="48.078642" lon="7.996878">
        <ele>656.775164</ele>
        <time>2026-03-08T11:27:26.571Z</time>
      </trkpt>
      <trkpt lat="48.078736" lon="7.996994">
        <ele>658.212411</ele>
        <time>2026-03-08T11:27:35.929Z</time>
      </trkpt>
      <trkpt lat="48.078959" lon="7.997141">
        <ele>661.087028</ele>
        <time>2026-03-08T11:27:54.156Z</time>
      </trkpt>
      <trkpt lat="48.079138" lon="7.997132">
        <ele>663.199923</ele>
        <time>2026-03-08T11:28:07.019Z</time>
      </trkpt>
      <trkpt lat="48.079451" lon="7.996967">
        <ele>667.114774</ele>
        <time>2026-03-08T11:28:29.580Z</time>
      </trkpt>
      <trkpt lat="48.079876" lon="7.996863">
        <ele>672.195159</ele>
        <time>2026-03-08T11:28:56.279Z</time>
      </trkpt>
      <trkpt lat="48.080569" lon="7.996787">
        <ele>679.037949</ele>
        <time>2026-03-08T11:29:37.771Z</time>
      </trkpt>
      <trkpt lat="48.081111" lon="7.996774">
        <ele>683.725781</ele>
        <time>2026-03-08T11:30:11.472Z</time>
      </trkpt>
      <trkpt lat="48.082135" lon="7.996893">
        <ele>692.205233</ele>
        <time>2026-03-08T11:31:06.721Z</time>
      </trkpt>
      <trkpt lat="48.082543" lon="7.997007">
        <ele>694.961422</ele>
        <time>2026-03-08T11:31:24.715Z</time>
      </trkpt>
      <trkpt lat="48.083402" lon="7.997069">
        <ele>700.672380</ele>
        <time>2026-03-08T11:32:03.406Z</time>
      </trkpt>
      <trkpt lat="48.084218" lon="7.997190">
        <ele>707.097891</ele>
        <time>2026-03-08T11:32:49.146Z</time>
      </trkpt>
      <trkpt lat="48.084472" lon="7.997135">
        <ele>709.308294</ele>
        <time>2026-03-08T11:33:03.354Z</time>
      </trkpt>
      <trkpt lat="48.084831" lon="7.996937">
        <ele>712.603454</ele>
        <time>2026-03-08T11:33:25.477Z</time>
      </trkpt>
      <trkpt lat="48.084885" lon="7.996923">
        <ele>713.075465</ele>
        <time>2026-03-08T11:33:28.580Z</time>
      </trkpt>
      <trkpt lat="48.084932" lon="7.996956">
        <ele>713.522579</ele>
        <time>2026-03-08T11:33:31.692Z</time>
      </trkpt>
      <trkpt lat="48.084950" lon="7.997048">
        <ele>714.074141</ele>
        <time>2026-03-08T11:33:35.507Z</time>
      </trkpt>
      <trkpt lat="48.084911" lon="7.997131">
        <ele>714.657986</ele>
        <time>2026-03-08T11:33:39.417Z</time>
      </trkpt>
      <trkpt lat="48.084440" lon="7.997357">
        <ele>718.969858</ele>
        <time>2026-03-08T11:34:08.775Z</time>
      </trkpt>
      <trkpt lat="48.083177" lon="7.997823">
        <ele>731.128257</ele>
        <time>2026-03-08T11:35:26.526Z</time>
      </trkpt>
      <trkpt lat="48.081928" lon="7.998208">
        <ele>743.264980</ele>
        <time>2026-03-08T11:36:43.203Z</time>
      </trkpt>
      <trkpt lat="48.081284" lon="7.998171">
        <ele>749.454087</ele>
        <time>2026-03-08T11:37:19.257Z</time>
      </trkpt>
      <trkpt lat="48.080922" lon="7.998402">
        <ele>753.725825</ele>
        <time>2026-03-08T11:37:43.147Z</time>
      </trkpt>
      <trkpt lat="48.080172" lon="7.999191">
        <ele>767.689614</ele>
        <time>2026-03-08T11:38:56.794Z</time>
      </trkpt>
      <trkpt lat="48.079846" lon="7.999655">
        <ele>774.542097</ele>
        <time>2026-03-08T11:39:40.598Z</time>
      </trkpt>
      <trkpt lat="48.079574" lon="7.999844">
        <ele>779.110030</ele>
        <time>2026-03-08T11:40:09.148Z</time>
      </trkpt>
      <trkpt lat="48.079099" lon="7.999996">
        <ele>784.358850</ele>
        <time>2026-03-08T11:40:56.134Z</time>
      </trkpt>
      <trkpt lat="48.079031" lon="8.000015">
        <ele>785.075323</ele>
        <time>2026-03-08T11:41:02.686Z</time>
      </trkpt>
      <trkpt lat="48.078954" lon="8.000037">
        <ele>785.887246</ele>
        <time>2026-03-08T11:41:10.343Z</time>
      </trkpt>
      <trkpt lat="48.078851" lon="8.000063">
        <ele>786.969127</ele>
        <time>2026-03-08T11:41:19.805Z</time>
      </trkpt>
      <trkpt lat="48.078789" lon="8.000083">
        <ele>787.626033</ele>
        <time>2026-03-08T11:41:24.928Z</time>
      </trkpt>
      <trkpt lat="48.078745" lon="8.000118">
        <ele>788.142121</ele>
        <time>2026-03-08T11:41:28.883Z</time>
      </trkpt>
      <trkpt lat="48.078355" lon="8.000226">
        <ele>792.250078</ele>
        <time>2026-03-08T11:41:51.196Z</time>
      </trkpt>
      <trkpt lat="48.078088" lon="8.000195">
        <ele>795.023823</ele>
        <time>2026-03-08T11:42:01.977Z</time>
      </trkpt>
      <trkpt lat="48.077964" lon="8.000110">
        <ele>796.436432</ele>
        <time>2026-03-08T11:42:06.526Z</time>
      </trkpt>
      <trkpt lat="48.077665" lon="7.999712">
        <ele>798.966121</ele>
        <time>2026-03-08T11:42:18.931Z</time>
      </trkpt>
      <trkpt lat="48.077445" lon="7.999615">
        <ele>799.566418</ele>
        <time>2026-03-08T11:42:25.766Z</time>
      </trkpt>
      <trkpt lat="48.077280" lon="7.999610">
        <ele>799.998380</ele>
        <time>2026-03-08T11:42:30.230Z</time>
      </trkpt>
      <trkpt lat="48.076987" lon="7.999693">
        <ele>800.778898</ele>
        <time>2026-03-08T11:42:36.074Z</time>
      </trkpt>
      <trkpt lat="48.076178" lon="8.000164">
        <ele>803.050949</ele>
        <time>2026-03-08T11:43:02.854Z</time>
      </trkpt>
      <trkpt lat="48.075668" lon="8.000307">
        <ele>808.354974</ele>
        <time>2026-03-08T11:43:31.013Z</time>
      </trkpt>
      <trkpt lat="48.075570" lon="8.000387">
        <ele>809.547046</ele>
        <time>2026-03-08T11:43:37.535Z</time>
      </trkpt>
      <trkpt lat="48.075514" lon="8.000490">
        <ele>810.494526</ele>
        <time>2026-03-08T11:43:42.749Z</time>
      </trkpt>
      <trkpt lat="48.075344" lon="8.001607">
        <ele>818.668561</ele>
        <time>2026-03-08T11:44:38.525Z</time>
      </trkpt>
      <trkpt lat="48.075133" lon="8.002273">
        <ele>824.140613</ele>
        <time>2026-03-08T11:45:20.537Z</time>
      </trkpt>
      <trkpt lat="48.074960" lon="8.002712">
        <ele>828.263419</ele>
        <time>2026-03-08T11:45:47.063Z</time>
      </trkpt>
      <trkpt lat="48.074940" lon="8.002740">
        <ele>828.594977</ele>
        <time>2026-03-08T11:45:49.039Z</time>
      </trkpt>
      <trkpt lat="48.074804" lon="8.002930">
        <ele>830.847365</ele>
        <time>2026-03-08T11:46:01.696Z</time>
      </trkpt>
      <trkpt lat="48.074591" lon="8.003076">
        <ele>833.683686</ele>
        <time>2026-03-08T11:46:18.101Z</time>
      </trkpt>
      <trkpt lat="48.074232" lon="8.003190">
        <ele>838.126764</ele>
        <time>2026-03-08T11:46:45.167Z</time>
      </trkpt>
      <trkpt lat="48.074037" lon="8.003341">
        <ele>840.784863</ele>
        <time>2026-03-08T11:47:00.329Z</time>
      </trkpt>
      <trkpt lat="48.073838" lon="8.003553">
        <ele>843.742142</ele>
        <time>2026-03-08T11:47:14.898Z</time>
      </trkpt>
      <trkpt lat="48.073702" lon="8.003750">
        <ele>845.443601</ele>
        <time>2026-03-08T11:47:25.764Z</time>
      </trkpt>
      <trkpt lat="48.073516" lon="8.004148">
        <ele>848.166887</ele>
        <time>2026-03-08T11:47:44.702Z</time>
      </trkpt>
      <trkpt lat="48.073272" lon="8.004563">
        <ele>851.266418</ele>
        <time>2026-03-08T11:48:06.605Z</time>
      </trkpt>
      <trkpt lat="48.073034" lon="8.004868">
        <ele>853.895767</ele>
        <time>2026-03-08T11:48:26.341Z</time>
      </trkpt>
      <trkpt lat="48.072790" lon="8.005270">
        <ele>856.940972</ele>
        <time>2026-03-08T11:48:45.829Z</time>
      </trkpt>
      <trkpt lat="48.072677" lon="8.005403">
        <ele>858.147339</ele>
        <time>2026-03-08T11:48:51.993Z</time>
      </trkpt>
      <trkpt lat="48.072558" lon="8.005469">
        <ele>859.212535</ele>
        <time>2026-03-08T11:48:57.347Z</time>
      </trkpt>
      <trkpt lat="48.072420" lon="8.005489">
        <ele>860.410185</ele>
        <time>2026-03-08T11:49:03.213Z</time>
      </trkpt>
      <trkpt lat="48.072272" lon="8.005437">
        <ele>861.723399</ele>
        <time>2026-03-08T11:49:09.696Z</time>
      </trkpt>
      <trkpt lat="48.071850" lon="8.005109">
        <ele>865.831034</ele>
        <time>2026-03-08T11:49:29.529Z</time>
      </trkpt>
      <trkpt lat="48.071731" lon="8.005132">
        <ele>866.867518</ele>
        <time>2026-03-08T11:49:34.574Z</time>
      </trkpt>
      <trkpt lat="48.071666" lon="8.005210">
        <ele>867.587214</ele>
        <time>2026-03-08T11:49:38.240Z</time>
      </trkpt>
      <trkpt lat="48.071128" lon="8.006481">
        <ele>877.528204</ele>
        <time>2026-03-08T11:50:46.663Z</time>
      </trkpt>
      <trkpt lat="48.071011" lon="8.006845">
        <ele>881.774377</ele>
        <time>2026-03-08T11:51:12.182Z</time>
      </trkpt>
      <trkpt lat="48.070883" lon="8.007476">
        <ele>888.706587</ele>
        <time>2026-03-08T11:51:54.208Z</time>
      </trkpt>
      <trkpt lat="48.070806" lon="8.007700">
        <ele>891.354674</ele>
        <time>2026-03-08T11:52:09.923Z</time>
      </trkpt>
      <trkpt lat="48.070690" lon="8.007846">
        <ele>893.739203</ele>
        <time>2026-03-08T11:52:24.052Z</time>
      </trkpt>
      <trkpt lat="48.070566" lon="8.007896">
        <ele>895.759554</ele>
        <time>2026-03-08T11:52:35.896Z</time>
      </trkpt>
      <trkpt lat="48.070343" lon="8.007925">
        <ele>899.281033</ele>
        <time>2026-03-08T11:52:55.881Z</time>
      </trkpt>
      <trkpt lat="48.070107" lon="8.007885">
        <ele>903.017544</ele>
        <time>2026-03-08T11:53:16.066Z</time>
      </trkpt>
      <trkpt lat="48.069962" lon="8.007893">
        <ele>904.855600</ele>
        <time>2026-03-08T11:53:27.602Z</time>
      </trkpt>
      <trkpt lat="48.069386" lon="8.008199">
        <ele>912.581358</ele>
        <time>2026-03-08T11:54:12.355Z</time>
      </trkpt>
      <trkpt lat="48.068537" lon="8.008662">
        <ele>924.003038</ele>
        <time>2026-03-08T11:55:14.797Z</time>
      </trkpt>
      <trkpt lat="48.068221" lon="8.008772">
        <ele>927.253918</ele>
        <time>2026-03-08T11:55:38.122Z</time>
      </trkpt>
      <trkpt lat="48.068147" lon="8.008746">
        <ele>927.864388</ele>
        <time>2026-03-08T11:55:43.748Z</time>
      </trkpt>
      <trkpt lat="48.068034" lon="8.008608">
        <ele>929.035763</ele>
        <time>2026-03-08T11:55:54.461Z</time>
      </trkpt>
      <trkpt lat="48.067909" lon="8.008201">
        <ele>931.439715</ele>
        <time>2026-03-08T11:56:15.003Z</time>
      </trkpt>
      <trkpt lat="48.067666" lon="8.007027">
        <ele>938.035719</ele>
        <time>2026-03-08T11:56:56.569Z</time>
      </trkpt>
      <trkpt lat="48.067561" lon="8.006156">
        <ele>941.779149</ele>
        <time>2026-03-08T11:57:14.944Z</time>
      </trkpt>
      <trkpt lat="48.067136" lon="8.004903">
        <ele>946.364247</ele>
        <time>2026-03-08T11:57:46.196Z</time>
      </trkpt>
      <trkpt lat="48.067065" lon="8.004863">
        <ele>946.734689</ele>
        <time>2026-03-08T11:57:49.484Z</time>
      </trkpt>
      <trkpt lat="48.066962" lon="8.004917">
        <ele>947.267602</ele>
        <time>2026-03-08T11:57:53.691Z</time>
      </trkpt>
      <trkpt lat="48.066941" lon="8.004981">
        <ele>947.500255</ele>
        <time>2026-03-08T11:57:56.327Z</time>
      </trkpt>
      <trkpt lat="48.066952" lon="8.005058">
        <ele>947.757187</ele>
        <time>2026-03-08T11:57:58.557Z</time>
      </trkpt>
      <trkpt lat="48.067155" lon="8.005444">
        <ele>949.839404</ele>
        <time>2026-03-08T11:58:17.411Z</time>
      </trkpt>
      <trkpt lat="48.067216" lon="8.005657">
        <ele>951.604263</ele>
        <time>2026-03-08T11:58:28.034Z</time>
      </trkpt>
      <trkpt lat="48.067273" lon="8.006022">
        <ele>954.458932</ele>
        <time>2026-03-08T11:58:47.106Z</time>
      </trkpt>
      <trkpt lat="48.067247" lon="8.006447">
        <ele>957.709190</ele>
        <time>2026-03-08T11:59:10.494Z</time>
      </trkpt>
      <trkpt lat="48.067177" lon="8.007105">
        <ele>962.783506</ele>
        <time>2026-03-08T11:59:40.649Z</time>
      </trkpt>
      <trkpt lat="48.067202" lon="8.008656">
        <ele>972.618227</ele>
        <time>2026-03-08T12:00:54.236Z</time>
      </trkpt>
      <trkpt lat="48.067167" lon="8.009464">
        <ele>976.389723</ele>
        <time>2026-03-08T12:01:19.691Z</time>
      </trkpt>
      <trkpt lat="48.067145" lon="8.009815">
        <ele>978.031829</ele>
        <time>2026-03-08T12:01:30.338Z</time>
      </trkpt>
      <trkpt lat="48.067165" lon="8.010012">
        <ele>978.959968</ele>
        <time>2026-03-08T12:01:36.173Z</time>
      </trkpt>
      <trkpt lat="48.067222" lon="8.010160">
        <ele>979.755633</ele>
        <time>2026-03-08T12:01:40.895Z</time>
      </trkpt>
      <trkpt lat="48.067338" lon="8.010275">
        <ele>980.725520</ele>
        <time>2026-03-08T12:01:46.735Z</time>
      </trkpt>
      <trkpt lat="48.067619" lon="8.010290">
        <ele>982.403301</ele>
        <time>2026-03-08T12:01:57.676Z</time>
      </trkpt>
      <trkpt lat="48.068582" lon="8.010576">
        <ele>986.274522</ele>
        <time>2026-03-08T12:02:25.993Z</time>
      </trkpt>
      <trkpt lat="48.068719" lon="8.010557">
        <ele>986.817036</ele>
        <time>2026-03-08T12:02:30.847Z</time>
      </trkpt>
      <trkpt lat="48.069663" lon="8.010262">
        <ele>992.924649</ele>
        <time>2026-03-08T12:03:15.764Z</time>
      </trkpt>
      <trkpt lat="48.071071" lon="8.010468">
        <ele>1007.123649</ele>
        <time>2026-03-08T12:04:53.343Z</time>
      </trkpt>
      <trkpt lat="48.071520" lon="8.010382">
        <ele>1010.367575</ele>
        <time>2026-03-08T12:05:24.978Z</time>
      </trkpt>
      <trkpt lat="48.071942" lon="8.010146">
        <ele>1013.579662</ele>
        <time>2026-03-08T12:05:48.359Z</time>
      </trkpt>
      <trkpt lat="48.072291" lon="8.009868">
        <ele>1016.398567</ele>
        <time>2026-03-08T12:06:04.498Z</time>
      </trkpt>
      <trkpt lat="48.072737" lon="8.009054">
        <ele>1021.121123</ele>
        <time>2026-03-08T12:06:32.028Z</time>
      </trkpt>
      <trkpt lat="48.072878" lon="8.008946">
        <ele>1022.015948</ele>
        <time>2026-03-08T12:06:38.271Z</time>
      </trkpt>
      <trkpt lat="48.073732" lon="8.008763">
        <ele>1026.889705</ele>
        <time>2026-03-08T12:07:13.127Z</time>
      </trkpt>
      <trkpt lat="48.073954" lon="8.008650">
        <ele>1028.214414</ele>
        <time>2026-03-08T12:07:25.483Z</time>
      </trkpt>
      <trkpt lat="48.074289" lon="8.008187">
        <ele>1031.215453</ele>
        <time>2026-03-08T12:07:50.450Z</time>
      </trkpt>
      <trkpt lat="48.074417" lon="8.008065">
        <ele>1032.656109</ele>
        <time>2026-03-08T12:07:58.715Z</time>
      </trkpt>
      <trkpt lat="48.075151" lon="8.007705">
        <ele>1039.988924</ele>
        <time>2026-03-08T12:08:42.548Z</time>
      </trkpt>
      <trkpt lat="48.075496" lon="8.007653">
        <ele>1043.280729</ele>
        <time>2026-03-08T12:09:04.621Z</time>
      </trkpt>
      <trkpt lat="48.075880" lon="8.007668">
        <ele>1046.927454</ele>
        <time>2026-03-08T12:09:30.498Z</time>
      </trkpt>
      <trkpt lat="48.076263" lon="8.007735">
        <ele>1051.102675</ele>
        <time>2026-03-08T12:09:57.660Z</time>
      </trkpt>
      <trkpt lat="48.076377" lon="8.007843">
        <ele>1052.580401</ele>
        <time>2026-03-08T12:10:07.348Z</time>
      </trkpt>
      <trkpt lat="48.076438" lon="8.008038">
        <ele>1054.156064</ele>
        <time>2026-03-08T12:10:17.679Z</time>
      </trkpt>
      <trkpt lat="48.076395" lon="8.008240">
        <ele>1055.707504</ele>
        <time>2026-03-08T12:10:27.878Z</time>
      </trkpt>
      <trkpt lat="48.076265" lon="8.008409">
        <ele>1057.593475</ele>
        <time>2026-03-08T12:10:39.959Z</time>
      </trkpt>
      <trkpt lat="48.075895" lon="8.008686">
        <ele>1062.124697</ele>
        <time>2026-03-08T12:11:07.620Z</time>
      </trkpt>
      <trkpt lat="48.075347" lon="8.008994">
        <ele>1068.076207</ele>
        <time>2026-03-08T12:11:43.776Z</time>
      </trkpt>
      <trkpt lat="48.074936" lon="8.009409">
        <ele>1071.940583</ele>
        <time>2026-03-08T12:12:10.626Z</time>
      </trkpt>
      <trkpt lat="48.074568" lon="8.009834">
        <ele>1075.563604</ele>
        <time>2026-03-08T12:12:33.236Z</time>
      </trkpt>
      <trkpt lat="48.074345" lon="8.010045">
        <ele>1077.619979</ele>
        <time>2026-03-08T12:12:45.976Z</time>
      </trkpt>
      <trkpt lat="48.074207" lon="8.010122">
        <ele>1078.767925</ele>
        <time>2026-03-08T12:12:53.471Z</time>
      </trkpt>
      <trkpt lat="48.073898" lon="8.010201">
        <ele>1081.239815</ele>
        <time>2026-03-08T12:13:10.562Z</time>
      </trkpt>
      <trkpt lat="48.073732" lon="8.010329">
        <ele>1082.861051</ele>
        <time>2026-03-08T12:13:21.083Z</time>
      </trkpt>
      <trkpt lat="48.073567" lon="8.010635">
        <ele>1085.142093</ele>
        <time>2026-03-08T12:13:35.210Z</time>
      </trkpt>
      <trkpt lat="48.073247" lon="8.011441">
        <ele>1090.580868</ele>
        <time>2026-03-08T12:14:10.637Z</time>
      </trkpt>
      <trkpt lat="48.073128" lon="8.011662">
        <ele>1092.227388</ele>
        <time>2026-03-08T12:14:21.742Z</time>
      </trkpt>
      <trkpt lat="48.072631" lon="8.012308">
        <ele>1098.087121</ele>
        <time>2026-03-08T12:15:01.633Z</time>
      </trkpt>
      <trkpt lat="48.072353" lon="8.012523">
        <ele>1101.091523</ele>
        <time>2026-03-08T12:15:20.781Z</time>
      </trkpt>
      <trkpt lat="48.071860" lon="8.012787">
        <ele>1106.118707</ele>
        <time>2026-03-08T12:15:54.558Z</time>
      </trkpt>
      <trkpt lat="48.071293" lon="8.012971">
        <ele>1111.688994</ele>
        <time>2026-03-08T12:16:30.001Z</time>
      </trkpt>
      <trkpt lat="48.071008" lon="8.012996">
        <ele>1114.375477</ele>
        <time>2026-03-08T12:16:46.555Z</time>
      </trkpt>
      <trkpt lat="48.070928" lon="8.013025">
        <ele>1115.092123</ele>
        <time>2026-03-08T12:16:50.935Z</time>
      </trkpt>
      <trkpt lat="48.070881" lon="8.013110">
        <ele>1115.733973</ele>
        <time>2026-03-08T12:16:55.284Z</time>
      </trkpt>
      <trkpt lat="48.070886" lon="8.013154">
        <ele>1115.993625</ele>
        <time>2026-03-08T12:16:56.883Z</time>
      </trkpt>
      <trkpt lat="48.070942" lon="8.013207">
        <ele>1116.570495</ele>
        <time>2026-03-08T12:17:00.362Z</time>
      </trkpt>
      <trkpt lat="48.071264" lon="8.013249">
        <ele>1119.384552</ele>
        <time>2026-03-08T12:17:17.794Z</time>
      </trkpt>
      <trkpt lat="48.071602" lon="8.013362">
        <ele>1122.399817</ele>
        <time>2026-03-08T12:17:36.098Z</time>
      </trkpt>
      <trkpt lat="48.071863" lon="8.013491">
        <ele>1124.792880</ele>
        <time>2026-03-08T12:17:50.964Z</time>
      </trkpt>
      <trkpt lat="48.072128" lon="8.013541">
        <ele>1127.118314</ele>
        <time>2026-03-08T12:18:05.483Z</time>
      </trkpt>
      <trkpt lat="48.072484" lon="8.013550">
        <ele>1130.425575</ele>
        <time>2026-03-08T12:18:28.181Z</time>
      </trkpt>
      <trkpt lat="48.072539" lon="8.013609">
        <ele>1131.185953</ele>
        <time>2026-03-08T12:18:32.700Z</time>
      </trkpt>
      <trkpt lat="48.072551" lon="8.013665">
        <ele>1131.627503</ele>
        <time>2026-03-08T12:18:35.405Z</time>
      </trkpt>
      <trkpt lat="48.072542" lon="8.013742">
        <ele>1132.214412</ele>
        <time>2026-03-08T12:18:39.056Z</time>
      </trkpt>
      <trkpt lat="48.072504" lon="8.013802">
        <ele>1132.835108</ele>
        <time>2026-03-08T12:18:42.849Z</time>
      </trkpt>
      <trkpt lat="48.072041" lon="8.014050">
        <ele>1138.360841</ele>
        <time>2026-03-08T12:19:16.321Z</time>
      </trkpt>
      <trkpt lat="48.071796" lon="8.014142">
        <ele>1141.199149</ele>
        <time>2026-03-08T12:19:34.241Z</time>
      </trkpt>
      <trkpt lat="48.071427" lon="8.014138">
        <ele>1145.345567</ele>
        <time>2026-03-08T12:20:01.470Z</time>
      </trkpt>
      <trkpt lat="48.071216" lon="8.014066">
        <ele>1147.777343</ele>
        <time>2026-03-08T12:20:16.466Z</time>
      </trkpt>
      <trkpt lat="48.070969" lon="8.014033">
        <ele>1150.482975</ele>
        <time>2026-03-08T12:20:33.237Z</time>
      </trkpt>
      <trkpt lat="48.070451" lon="8.014149">
        <ele>1155.807563</ele>
        <time>2026-03-08T12:21:05.354Z</time>
      </trkpt>
      <trkpt lat="48.070153" lon="8.014122">
        <ele>1158.842560</ele>
        <time>2026-03-08T12:21:22.914Z</time>
      </trkpt>
      <trkpt lat="48.069692" lon="8.014170">
        <ele>1163.540389</ele>
        <time>2026-03-08T12:21:51.648Z</time>
      </trkpt>
      <trkpt lat="48.069484" lon="8.014255">
        <ele>1165.732326</ele>
        <time>2026-03-08T12:22:05.140Z</time>
      </trkpt>
      <trkpt lat="48.069083" lon="8.014542">
        <ele>1170.248617</ele>
        <time>2026-03-08T12:22:33.838Z</time>
      </trkpt>
      <trkpt lat="48.068843" lon="8.014672">
        <ele>1172.840488</ele>
        <time>2026-03-08T12:22:50.416Z</time>
      </trkpt>
      <trkpt lat="48.068491" lon="8.014785">
        <ele>1176.496270</ele>
        <time>2026-03-08T12:23:13.767Z</time>
      </trkpt>
      <trkpt lat="48.068013" lon="8.014950">
        <ele>1181.477689</ele>
        <time>2026-03-08T12:23:44.961Z</time>
      </trkpt>
      <trkpt lat="48.067271" lon="8.015112">
        <ele>1187.838231</ele>
        <time>2026-03-08T12:24:32.057Z</time>
      </trkpt>
      <trkpt lat="48.067032" lon="8.015256">
        <ele>1189.294106</ele>
        <time>2026-03-08T12:24:45.789Z</time>
      </trkpt>
      <trkpt lat="48.066730" lon="8.015478">
        <ele>1191.195404</ele>
        <time>2026-03-08T12:25:01.839Z</time>
      </trkpt>
      <trkpt lat="48.066404" lon="8.015721">
        <ele>1193.253422</ele>
        <time>2026-03-08T12:25:17.913Z</time>
      </trkpt>
      <trkpt lat="48.066138" lon="8.015860">
        <ele>1194.845520</ele>
        <time>2026-03-08T12:25:29.316Z</time>
      </trkpt>
      <trkpt lat="48.065302" lon="8.016126">
        <ele>1194.696176</ele>
        <time>2026-03-08T12:25:50.811Z</time>
      </trkpt>
      <trkpt lat="48.065001" lon="8.016258">
        <ele>1193.750443</ele>
        <time>2026-03-08T12:25:55.895Z</time>
      </trkpt>
      <trkpt lat="48.064688" lon="8.016451">
        <ele>1192.729714</ele>
        <time>2026-03-08T12:26:01.079Z</time>
      </trkpt>
      <trkpt lat="48.064108" lon="8.016772">
        <ele>1190.757424</ele>
        <time>2026-03-08T12:26:10.083Z</time>
      </trkpt>
      <trkpt lat="48.063665" lon="8.017185">
        <ele>1187.974558</ele>
        <time>2026-03-08T12:26:17.524Z</time>
      </trkpt>
      <trkpt lat="48.063298" lon="8.017530">
        <ele>1185.663715</ele>
        <time>2026-03-08T12:26:23.861Z</time>
      </trkpt>
      <trkpt lat="48.063176" lon="8.017611">
        <ele>1184.952091</ele>
        <time>2026-03-08T12:26:25.859Z</time>
      </trkpt>
      <trkpt lat="48.063037" lon="8.017675">
        <ele>1184.176693</ele>
        <time>2026-03-08T12:26:28.084Z</time>
      </trkpt>
      <trkpt lat="48.062724" lon="8.017725">
        <ele>1182.498389</ele>
        <time>2026-03-08T12:26:33.007Z</time>
      </trkpt>
      <trkpt lat="48.061947" lon="8.017549">
        <ele>1180.066897</ele>
        <time>2026-03-08T12:26:45.927Z</time>
      </trkpt>
      <trkpt lat="48.061718" lon="8.017528">
        <ele>1179.535942</ele>
        <time>2026-03-08T12:26:49.876Z</time>
      </trkpt>
      <trkpt lat="48.061487" lon="8.017606">
        <ele>1178.987910</ele>
        <time>2026-03-08T12:26:54.126Z</time>
      </trkpt>
      <trkpt lat="48.061154" lon="8.017866">
        <ele>1178.118656</ele>
        <time>2026-03-08T12:27:00.809Z</time>
      </trkpt>
      <trkpt lat="48.060369" lon="8.018496">
        <ele>1175.725771</ele>
        <time>2026-03-08T12:27:17.061Z</time>
      </trkpt>
      <trkpt lat="48.060224" lon="8.018698">
        <ele>1175.140225</ele>
        <time>2026-03-08T12:27:20.776Z</time>
      </trkpt>
      <trkpt lat="48.060071" lon="8.019075">
        <ele>1174.268994</ele>
        <time>2026-03-08T12:27:26.303Z</time>
      </trkpt>
      <trkpt lat="48.059723" lon="8.020165">
        <ele>1171.749058</ele>
        <time>2026-03-08T12:27:39.163Z</time>
      </trkpt>
      <trkpt lat="48.059567" lon="8.020658">
        <ele>1168.016417</ele>
        <time>2026-03-08T12:27:44.348Z</time>
      </trkpt>
      <trkpt lat="48.059529" lon="8.020874">
        <ele>1166.487959</ele>
        <time>2026-03-08T12:27:46.415Z</time>
      </trkpt>
      <trkpt lat="48.059538" lon="8.022157">
        <ele>1157.707777</ele>
        <time>2026-03-08T12:27:57.881Z</time>
      </trkpt>
      <trkpt lat="48.059479" lon="8.022646">
        <ele>1154.307410</ele>
        <time>2026-03-08T12:28:02.234Z</time>
      </trkpt>
      <trkpt lat="48.059338" lon="8.023160">
        <ele>1149.915286</ele>
        <time>2026-03-08T12:28:07.106Z</time>
      </trkpt>
      <trkpt lat="48.059142" lon="8.023715">
        <ele>1144.779453</ele>
        <time>2026-03-08T12:28:12.625Z</time>
      </trkpt>
      <trkpt lat="48.059097" lon="8.023923">
        <ele>1142.990693</ele>
        <time>2026-03-08T12:28:14.553Z</time>
      </trkpt>
      <trkpt lat="48.059088" lon="8.024349">
        <ele>1139.503485</ele>
        <time>2026-03-08T12:28:18.299Z</time>
      </trkpt>
      <trkpt lat="48.059124" lon="8.024880">
        <ele>1135.136632</ele>
        <time>2026-03-08T12:28:23.021Z</time>
      </trkpt>
      <trkpt lat="48.059109" lon="8.025736">
        <ele>1129.345315</ele>
        <time>2026-03-08T12:28:30.757Z</time>
      </trkpt>
      <trkpt lat="48.059151" lon="8.025976">
        <ele>1128.046594</ele>
        <time>2026-03-08T12:28:33.048Z</time>
      </trkpt>
      <trkpt lat="48.059647" lon="8.027070">
        <ele>1121.126360</ele>
        <time>2026-03-08T12:28:45.640Z</time>
      </trkpt>
      <trkpt lat="48.059868" lon="8.027762">
        <ele>1117.074331</ele>
        <time>2026-03-08T12:28:53.219Z</time>
      </trkpt>
      <trkpt lat="48.059916" lon="8.028038">
        <ele>1115.398532</ele>
        <time>2026-03-08T12:28:55.986Z</time>
      </trkpt>
      <trkpt lat="48.059957" lon="8.028441">
        <ele>1113.003204</ele>
        <time>2026-03-08T12:28:59.874Z</time>
      </trkpt>
      <trkpt lat="48.059966" lon="8.028801">
        <ele>1110.886346</ele>
        <time>2026-03-08T12:29:03.233Z</time>
      </trkpt>
      <trkpt lat="48.059849" lon="8.030009">
        <ele>1103.713923</ele>
        <time>2026-03-08T12:29:14.378Z</time>
      </trkpt>
      <trkpt lat="48.059790" lon="8.030955">
        <ele>1097.139285</ele>
        <time>2026-03-08T12:29:22.911Z</time>
      </trkpt>
      <trkpt lat="48.059683" lon="8.031546">
        <ele>1092.513400</ele>
        <time>2026-03-08T12:29:28.382Z</time>
      </trkpt>
      <trkpt lat="48.059467" lon="8.032437">
        <ele>1085.352807</ele>
        <time>2026-03-08T12:29:36.806Z</time>
      </trkpt>
      <trkpt lat="48.059357" lon="8.032741">
        <ele>1082.741107</ele>
        <time>2026-03-08T12:29:39.888Z</time>
      </trkpt>
      <trkpt lat="48.059287" lon="8.032889">
        <ele>1081.371314</ele>
        <time>2026-03-08T12:29:41.500Z</time>
      </trkpt>
      <trkpt lat="48.059166" lon="8.033056">
        <ele>1079.910679</ele>
        <time>2026-03-08T12:29:43.705Z</time>
      </trkpt>
      <trkpt lat="48.058840" lon="8.033438">
        <ele>1076.294167</ele>
        <time>2026-03-08T12:29:49.299Z</time>
      </trkpt>
      <trkpt lat="48.058648" lon="8.033714">
        <ele>1073.968712</ele>
        <time>2026-03-08T12:29:52.931Z</time>
      </trkpt>
      <trkpt lat="48.058539" lon="8.033950">
        <ele>1072.294146</ele>
        <time>2026-03-08T12:29:55.581Z</time>
      </trkpt>
      <trkpt lat="48.058396" lon="8.034378">
        <ele>1069.500934</ele>
        <time>2026-03-08T12:30:00.056Z</time>
      </trkpt>
      <trkpt lat="48.058288" lon="8.034828">
        <ele>1066.709849</ele>
        <time>2026-03-08T12:30:04.645Z</time>
      </trkpt>
      <trkpt lat="48.058251" lon="8.035088">
        <ele>1065.371265</ele>
        <time>2026-03-08T12:30:07.267Z</time>
      </trkpt>
      <trkpt lat="48.058244" lon="8.035388">
        <ele>1064.544764</ele>
        <time>2026-03-08T12:30:10.272Z</time>
      </trkpt>
      <trkpt lat="48.058259" lon="8.035539">
        <ele>1064.124445</ele>
        <time>2026-03-08T12:30:11.834Z</time>
      </trkpt>
      <trkpt lat="48.058309" lon="8.035798">
        <ele>1063.382184</ele>
        <time>2026-03-08T12:30:14.610Z</time>
      </trkpt>
      <trkpt lat="48.058386" lon="8.036006">
        <ele>1062.727518</ele>
        <time>2026-03-08T12:30:17.102Z</time>
      </trkpt>
      <trkpt lat="48.058714" lon="8.036728">
        <ele>1060.323901</ele>
        <time>2026-03-08T12:30:26.449Z</time>
      </trkpt>
      <trkpt lat="48.058828" lon="8.037045">
        <ele>1059.332785</ele>
        <time>2026-03-08T12:30:30.341Z</time>
      </trkpt>
      <trkpt lat="48.058978" lon="8.037667">
        <ele>1057.892110</ele>
        <time>2026-03-08T12:30:37.478Z</time>
      </trkpt>
      <trkpt lat="48.059089" lon="8.038355">
        <ele>1057.100246</ele>
        <time>2026-03-08T12:30:45.367Z</time>
      </trkpt>
      <trkpt lat="48.059129" lon="8.039163">
        <ele>1056.193757</ele>
        <time>2026-03-08T12:30:55.156Z</time>
      </trkpt>
      <trkpt lat="48.059176" lon="8.039508">
        <ele>1055.799825</ele>
        <time>2026-03-08T12:30:59.820Z</time>
      </trkpt>
      <trkpt lat="48.059328" lon="8.040115">
        <ele>1055.097316</ele>
        <time>2026-03-08T12:31:08.976Z</time>
      </trkpt>
      <trkpt lat="48.059452" lon="8.041048">
        <ele>1054.395546</ele>
        <time>2026-03-08T12:31:23.558Z</time>
      </trkpt>
      <trkpt lat="48.059486" lon="8.041741">
        <ele>1053.882931</ele>
        <time>2026-03-08T12:31:33.221Z</time>
      </trkpt>
      <trkpt lat="48.059492" lon="8.043236">
        <ele>1050.968448</ele>
        <time>2026-03-08T12:31:50.608Z</time>
      </trkpt>
      <trkpt lat="48.059459" lon="8.043704">
        <ele>1048.948489</ele>
        <time>2026-03-08T12:31:55.338Z</time>
      </trkpt>
      <trkpt lat="48.059437" lon="8.043771">
        <ele>1048.628070</ele>
        <time>2026-03-08T12:31:56.068Z</time>
      </trkpt>
      <trkpt lat="48.059367" lon="8.043947">
        <ele>1047.748977</ele>
        <time>2026-03-08T12:31:58.056Z</time>
      </trkpt>
      <trkpt lat="48.059288" lon="8.044055">
        <ele>1047.061731</ele>
        <time>2026-03-08T12:31:59.597Z</time>
      </trkpt>
      <trkpt lat="48.059131" lon="8.044162">
        <ele>1045.953770</ele>
        <time>2026-03-08T12:32:02.047Z</time>
      </trkpt>
      <trkpt lat="48.057634" lon="8.044466">
        <ele>1035.037893</ele>
        <time>2026-03-08T12:32:22.757Z</time>
      </trkpt>
      <trkpt lat="48.056593" lon="8.044831">
        <ele>1026.779304</ele>
        <time>2026-03-08T12:32:38.133Z</time>
      </trkpt>
      <trkpt lat="48.056289" lon="8.044902">
        <ele>1024.842659</ele>
        <time>2026-03-08T12:32:42.734Z</time>
      </trkpt>
      <trkpt lat="48.055898" lon="8.044942">
        <ele>1022.375837</ele>
        <time>2026-03-08T12:32:48.466Z</time>
      </trkpt>
      <trkpt lat="48.055505" lon="8.044923">
        <ele>1019.900882</ele>
        <time>2026-03-08T12:32:54.130Z</time>
      </trkpt>
      <trkpt lat="48.054632" lon="8.044804">
        <ele>1014.698731</ele>
        <time>2026-03-08T12:33:06.831Z</time>
      </trkpt>
      <trkpt lat="48.054388" lon="8.044765">
        <ele>1013.435872</ele>
        <time>2026-03-08T12:33:10.463Z</time>
      </trkpt>
      <trkpt lat="48.053886" lon="8.044764">
        <ele>1010.852396</ele>
        <time>2026-03-08T12:33:18.066Z</time>
      </trkpt>
      <trkpt lat="48.053519" lon="8.044823">
        <ele>1008.952808</ele>
        <time>2026-03-08T12:33:23.957Z</time>
      </trkpt>
      <trkpt lat="48.052526" lon="8.045203">
        <ele>1004.329216</ele>
        <time>2026-03-08T12:33:39.354Z</time>
      </trkpt>
      <trkpt lat="48.051906" lon="8.045545">
        <ele>1001.625206</ele>
        <time>2026-03-08T12:33:49.430Z</time>
      </trkpt>
      <trkpt lat="48.051749" lon="8.045714">
        <ele>1000.833734</ele>
        <time>2026-03-08T12:33:52.513Z</time>
      </trkpt>
      <trkpt lat="48.051669" lon="8.045840">
        <ele>1000.358392</ele>
        <time>2026-03-08T12:33:54.432Z</time>
      </trkpt>
      <trkpt lat="48.051621" lon="8.045991">
        <ele>999.901033</ele>
        <time>2026-03-08T12:33:56.278Z</time>
      </trkpt>
      <trkpt lat="48.051414" lon="8.047230">
        <ele>997.707210</ele>
        <time>2026-03-08T12:34:12.222Z</time>
      </trkpt>
      <trkpt lat="48.051319" lon="8.047987">
        <ele>996.486664</ele>
        <time>2026-03-08T12:34:22.596Z</time>
      </trkpt>
      <trkpt lat="48.051170" lon="8.048433">
        <ele>995.696553</ele>
        <time>2026-03-08T12:34:28.060Z</time>
      </trkpt>
      <trkpt lat="48.050643" lon="8.049447">
        <ele>990.973593</ele>
        <time>2026-03-08T12:34:40.789Z</time>
      </trkpt>
      <trkpt lat="48.050506" lon="8.049623">
        <ele>989.813506</ele>
        <time>2026-03-08T12:34:43.384Z</time>
      </trkpt>
      <trkpt lat="48.050380" lon="8.049716">
        <ele>988.910911</ele>
        <time>2026-03-08T12:34:45.380Z</time>
      </trkpt>
      <trkpt lat="48.049944" lon="8.049878">
        <ele>986.024917</ele>
        <time>2026-03-08T12:34:51.807Z</time>
      </trkpt>
      <trkpt lat="48.049707" lon="8.050083">
        <ele>984.266218</ele>
        <time>2026-03-08T12:34:55.698Z</time>
      </trkpt>
      <trkpt lat="48.049508" lon="8.050543">
        <ele>981.168565</ele>
        <time>2026-03-08T12:35:00.870Z</time>
      </trkpt>
      <trkpt lat="48.049415" lon="8.050678">
        <ele>979.984876</ele>
        <time>2026-03-08T12:35:02.682Z</time>
      </trkpt>
      <trkpt lat="48.049303" lon="8.050728">
        <ele>978.917264</ele>
        <time>2026-03-08T12:35:04.302Z</time>
      </trkpt>
      <trkpt lat="48.049226" lon="8.050723">
        <ele>978.213271</ele>
        <time>2026-03-08T12:35:05.362Z</time>
      </trkpt>
      <trkpt lat="48.049137" lon="8.050654">
        <ele>977.297637</ele>
        <time>2026-03-08T12:35:06.752Z</time>
      </trkpt>
      <trkpt lat="48.049044" lon="8.050509">
        <ele>976.070638</ele>
        <time>2026-03-08T12:35:08.596Z</time>
      </trkpt>
      <trkpt lat="48.048819" lon="8.049854">
        <ele>971.573969</ele>
        <time>2026-03-08T12:35:15.297Z</time>
      </trkpt>
      <trkpt lat="48.048751" lon="8.049451">
        <ele>969.036005</ele>
        <time>2026-03-08T12:35:19.061Z</time>
      </trkpt>
      <trkpt lat="48.048746" lon="8.049121">
        <ele>967.004404</ele>
        <time>2026-03-08T12:35:22.038Z</time>
      </trkpt>
      <trkpt lat="48.048833" lon="8.048518">
        <ele>962.973456</ele>
        <time>2026-03-08T12:35:27.666Z</time>
      </trkpt>
      <trkpt lat="48.048984" lon="8.047945">
        <ele>958.948852</ele>
        <time>2026-03-08T12:35:33.382Z</time>
      </trkpt>
      <trkpt lat="48.049163" lon="8.047595">
        <ele>956.069303</ele>
        <time>2026-03-08T12:35:37.480Z</time>
      </trkpt>
      <trkpt lat="48.049247" lon="8.047368">
        <ele>954.373923</ele>
        <time>2026-03-08T12:35:39.840Z</time>
      </trkpt>
      <trkpt lat="48.049256" lon="8.047148">
        <ele>952.933685</ele>
        <time>2026-03-08T12:35:41.847Z</time>
      </trkpt>
      <trkpt lat="48.049234" lon="8.047027">
        <ele>952.114311</ele>
        <time>2026-03-08T12:35:42.973Z</time>
      </trkpt>
      <trkpt lat="48.049107" lon="8.047203">
        <ele>950.422083</ele>
        <time>2026-03-08T12:35:47.182Z</time>
      </trkpt>
      <trkpt lat="48.049234" lon="8.047027">
        <ele>948.467843</ele>
        <time>2026-03-08T12:35:51.371Z</time>
      </trkpt>
      <trkpt lat="48.049188" lon="8.046858">
        <ele>946.942530</ele>
        <time>2026-03-08T12:35:52.995Z</time>
      </trkpt>
      <trkpt lat="48.048925" lon="8.046420">
        <ele>942.021074</ele>
        <time>2026-03-08T12:35:58.223Z</time>
      </trkpt>
      <trkpt lat="48.048750" lon="8.045762">
        <ele>936.101390</ele>
        <time>2026-03-08T12:36:04.442Z</time>
      </trkpt>
      <trkpt lat="48.048651" lon="8.045493">
        <ele>933.534509</ele>
        <time>2026-03-08T12:36:07.118Z</time>
      </trkpt>
      <trkpt lat="48.048483" lon="8.044906">
        <ele>928.196838</ele>
        <time>2026-03-08T12:36:12.706Z</time>
      </trkpt>
      <trkpt lat="48.048390" lon="8.044322">
        <ele>924.336844</ele>
        <time>2026-03-08T12:36:18.012Z</time>
      </trkpt>
      <trkpt lat="48.048381" lon="8.043708">
        <ele>920.690361</ele>
        <time>2026-03-08T12:36:23.553Z</time>
      </trkpt>
      <trkpt lat="48.048456" lon="8.042924">
        <ele>915.987967</ele>
        <time>2026-03-08T12:36:31.116Z</time>
      </trkpt>
      <trkpt lat="48.048501" lon="8.042607">
        <ele>914.063824</ele>
        <time>2026-03-08T12:36:34.264Z</time>
      </trkpt>
      <trkpt lat="48.048604" lon="8.042277">
        <ele>911.901422</ele>
        <time>2026-03-08T12:36:37.702Z</time>
      </trkpt>
      <trkpt lat="48.048735" lon="8.042117">
        <ele>910.514704</ele>
        <time>2026-03-08T12:36:40.144Z</time>
      </trkpt>
      <trkpt lat="48.048992" lon="8.041982">
        <ele>908.443225</ele>
        <time>2026-03-08T12:36:44.179Z</time>
      </trkpt>
      <trkpt lat="48.049046" lon="8.041889">
        <ele>907.816975</ele>
        <time>2026-03-08T12:36:45.412Z</time>
      </trkpt>
      <trkpt lat="48.049068" lon="8.041780">
        <ele>907.238126</ele>
        <time>2026-03-08T12:36:46.560Z</time>
      </trkpt>
      <trkpt lat="48.049034" lon="8.041605">
        <ele>906.311635</ele>
        <time>2026-03-08T12:36:48.411Z</time>
      </trkpt>
      <trkpt lat="48.048934" lon="8.041506">
        <ele>905.399675</ele>
        <time>2026-03-08T12:36:50.212Z</time>
      </trkpt>
      <trkpt lat="48.048832" lon="8.041517">
        <ele>904.621954</ele>
        <time>2026-03-08T12:36:51.750Z</time>
      </trkpt>
      <trkpt lat="48.048743" lon="8.041590">
        <ele>903.850042</ele>
        <time>2026-03-08T12:36:53.268Z</time>
      </trkpt>
      <trkpt lat="48.048669" lon="8.041744">
        <ele>902.885845</ele>
        <time>2026-03-08T12:36:55.114Z</time>
      </trkpt>
      <trkpt lat="48.048519" lon="8.041950">
        <ele>901.337261</ele>
        <time>2026-03-08T12:36:57.959Z</time>
      </trkpt>
      <trkpt lat="48.048342" lon="8.042054">
        <ele>899.891064</ele>
        <time>2026-03-08T12:37:00.541Z</time>
      </trkpt>
      <trkpt lat="48.047817" lon="8.042159">
        <ele>894.802552</ele>
        <time>2026-03-08T12:37:07.635Z</time>
      </trkpt>
      <trkpt lat="48.047541" lon="8.042151">
        <ele>891.362370</ele>
        <time>2026-03-08T12:37:11.338Z</time>
      </trkpt>
      <trkpt lat="48.047269" lon="8.042229">
        <ele>887.910957</ele>
        <time>2026-03-08T12:37:14.989Z</time>
      </trkpt>
      <trkpt lat="48.046832" lon="8.042511">
        <ele>881.979871</ele>
        <time>2026-03-08T12:37:21.221Z</time>
      </trkpt>
      <trkpt lat="48.046432" lon="8.042814">
        <ele>876.392299</ele>
        <time>2026-03-08T12:37:27.096Z</time>
      </trkpt>
      <trkpt lat="48.046217" lon="8.043009">
        <ele>873.440917</ele>
        <time>2026-03-08T12:37:30.414Z</time>
      </trkpt>
      <trkpt lat="48.046098" lon="8.043158">
        <ele>871.697289</ele>
        <time>2026-03-08T12:37:32.475Z</time>
      </trkpt>
      <trkpt lat="48.046019" lon="8.043283">
        <ele>870.405229</ele>
        <time>2026-03-08T12:37:34.002Z</time>
      </trkpt>
      <trkpt lat="48.045795" lon="8.043965">
        <ele>864.697625</ele>
        <time>2026-03-08T12:37:40.796Z</time>
      </trkpt>
      <trkpt lat="48.045618" lon="8.044685">
        <ele>858.935366</ele>
        <time>2026-03-08T12:37:47.669Z</time>
      </trkpt>
      <trkpt lat="48.045527" lon="8.044932">
        <ele>856.816973</ele>
        <time>2026-03-08T12:37:50.228Z</time>
      </trkpt>
      <trkpt lat="48.045377" lon="8.045120">
        <ele>854.727714</ele>
        <time>2026-03-08T12:37:52.892Z</time>
      </trkpt>
      <trkpt lat="48.045202" lon="8.045170">
        <ele>853.504990</ele>
        <time>2026-03-08T12:37:55.332Z</time>
      </trkpt>
      <trkpt lat="48.044847" lon="8.045474">
        <ele>850.697640</ele>
        <time>2026-03-08T12:38:01.026Z</time>
      </trkpt>
      <trkpt lat="48.044706" lon="8.045676">
        <ele>849.357723</ele>
        <time>2026-03-08T12:38:03.798Z</time>
      </trkpt>
      <trkpt lat="48.044599" lon="8.045891">
        <ele>848.127944</ele>
        <time>2026-03-08T12:38:06.386Z</time>
      </trkpt>
      <trkpt lat="48.044417" lon="8.046489">
        <ele>845.113257</ele>
        <time>2026-03-08T12:38:12.770Z</time>
      </trkpt>
      <trkpt lat="48.044277" lon="8.046809">
        <ele>843.358585</ele>
        <time>2026-03-08T12:38:16.738Z</time>
      </trkpt>
      <trkpt lat="48.044097" lon="8.047080">
        <ele>841.730132</ele>
        <time>2026-03-08T12:38:20.830Z</time>
      </trkpt>
      <trkpt lat="48.043920" lon="8.047267">
        <ele>840.437551</ele>
        <time>2026-03-08T12:38:24.382Z</time>
      </trkpt>
      <trkpt lat="48.043735" lon="8.047399">
        <ele>839.214936</ele>
        <time>2026-03-08T12:38:27.636Z</time>
      </trkpt>
      <trkpt lat="48.043582" lon="8.047445">
        <ele>838.284064</ele>
        <time>2026-03-08T12:38:30.069Z</time>
      </trkpt>
      <trkpt lat="48.043480" lon="8.047390">
        <ele>837.637324</ele>
        <time>2026-03-08T12:38:31.764Z</time>
      </trkpt>
      <trkpt lat="48.043434" lon="8.047247">
        <ele>837.004481</ele>
        <time>2026-03-08T12:38:33.375Z</time>
      </trkpt>
      <trkpt lat="48.043436" lon="8.047085">
        <ele>836.358334</ele>
        <time>2026-03-08T12:38:34.973Z</time>
      </trkpt>
      <trkpt lat="48.043500" lon="8.046950">
        <ele>835.698358</ele>
        <time>2026-03-08T12:38:36.597Z</time>
      </trkpt>
      <trkpt lat="48.043850" lon="8.046728">
        <ele>833.430714</ele>
        <time>2026-03-08T12:38:41.988Z</time>
      </trkpt>
      <trkpt lat="48.043927" lon="8.046584">
        <ele>832.695383</ele>
        <time>2026-03-08T12:38:43.698Z</time>
      </trkpt>
      <trkpt lat="48.043962" lon="8.046432">
        <ele>832.054286</ele>
        <time>2026-03-08T12:38:45.206Z</time>
      </trkpt>
      <trkpt lat="48.043946" lon="8.046108">
        <ele>830.049464</ele>
        <time>2026-03-08T12:38:48.182Z</time>
      </trkpt>
      <trkpt lat="48.043866" lon="8.045579">
        <ele>826.450726</ele>
        <time>2026-03-08T12:38:53.091Z</time>
      </trkpt>
      <trkpt lat="48.043765" lon="8.045214">
        <ele>823.829601</ele>
        <time>2026-03-08T12:38:56.650Z</time>
      </trkpt>
      <trkpt lat="48.043653" lon="8.044971">
        <ele>821.871197</ele>
        <time>2026-03-08T12:38:59.320Z</time>
      </trkpt>
      <trkpt lat="48.043461" lon="8.044695">
        <ele>819.228294</ele>
        <time>2026-03-08T12:39:02.917Z</time>
      </trkpt>
      <trkpt lat="48.043374" lon="8.044569">
        <ele>818.026409</ele>
        <time>2026-03-08T12:39:04.556Z</time>
      </trkpt>
      <trkpt lat="48.042670" lon="8.043805">
        <ele>810.516469</ele>
        <time>2026-03-08T12:39:16.361Z</time>
      </trkpt>
      <trkpt lat="48.042393" lon="8.043308">
        <ele>807.274774</ele>
        <time>2026-03-08T12:39:22.397Z</time>
      </trkpt>
      <trkpt lat="48.042253" lon="8.043143">
        <ele>805.939122</ele>
        <time>2026-03-08T12:39:24.912Z</time>
      </trkpt>
      <trkpt lat="48.042136" lon="8.043015">
        <ele>804.852876</ele>
        <time>2026-03-08T12:39:26.990Z</time>
      </trkpt>
      <trkpt lat="48.041835" lon="8.042728">
        <ele>802.177979</ele>
        <time>2026-03-08T12:39:32.205Z</time>
      </trkpt>
      <trkpt lat="48.041672" lon="8.042629">
        <ele>800.859666</ele>
        <time>2026-03-08T12:39:34.855Z</time>
      </trkpt>
      <trkpt lat="48.041469" lon="8.042523">
        <ele>799.918934</ele>
        <time>2026-03-08T12:39:38.207Z</time>
      </trkpt>
      <trkpt lat="48.040897" lon="8.042363">
        <ele>797.898503</ele>
        <time>2026-03-08T12:39:47.924Z</time>
      </trkpt>
      <trkpt lat="48.040404" lon="8.042110">
        <ele>796.088839</ele>
        <time>2026-03-08T12:39:56.958Z</time>
      </trkpt>
      <trkpt lat="48.040155" lon="8.041926">
        <ele>795.124542</ele>
        <time>2026-03-08T12:40:01.965Z</time>
      </trkpt>
      <trkpt lat="48.039873" lon="8.041598">
        <ele>793.412556</ele>
        <time>2026-03-08T12:40:07.663Z</time>
      </trkpt>
      <trkpt lat="48.039491" lon="8.040960">
        <ele>788.880973</ele>
        <time>2026-03-08T12:40:15.839Z</time>
      </trkpt>
      <trkpt lat="48.039213" lon="8.040316">
        <ele>784.824871</ele>
        <time>2026-03-08T12:40:22.775Z</time>
      </trkpt>
      <trkpt lat="48.038816" lon="8.039590">
        <ele>779.937525</ele>
        <time>2026-03-08T12:40:31.182Z</time>
      </trkpt>
      <trkpt lat="48.038369" lon="8.039003">
        <ele>777.494319</ele>
        <time>2026-03-08T12:40:40.219Z</time>
      </trkpt>
      <trkpt lat="48.038236" lon="8.038930">
        <ele>776.912433</ele>
        <time>2026-03-08T12:40:42.741Z</time>
      </trkpt>
      <trkpt lat="48.038045" lon="8.038895">
        <ele>776.122088</ele>
        <time>2026-03-08T12:40:46.231Z</time>
      </trkpt>
      <trkpt lat="48.037813" lon="8.038861">
        <ele>775.164649</ele>
        <time>2026-03-08T12:40:50.796Z</time>
      </trkpt>
      <trkpt lat="48.037659" lon="8.038818">
        <ele>774.521208</ele>
        <time>2026-03-08T12:40:53.698Z</time>
      </trkpt>
      <trkpt lat="48.037545" lon="8.038729">
        <ele>773.993029</ele>
        <time>2026-03-08T12:40:56.002Z</time>
      </trkpt>
      <trkpt lat="48.037456" lon="8.038473">
        <ele>773.200632</ele>
        <time>2026-03-08T12:40:59.224Z</time>
      </trkpt>
      <trkpt lat="48.037321" lon="8.037864">
        <ele>770.830665</ele>
        <time>2026-03-08T12:41:05.948Z</time>
      </trkpt>
      <trkpt lat="48.037246" lon="8.037371">
        <ele>768.734385</ele>
        <time>2026-03-08T12:41:11.014Z</time>
      </trkpt>
      <trkpt lat="48.037188" lon="8.036990">
        <ele>767.114283</ele>
        <time>2026-03-08T12:41:14.590Z</time>
      </trkpt>
      <trkpt lat="48.037132" lon="8.036770">
        <ele>766.138272</ele>
        <time>2026-03-08T12:41:16.723Z</time>
      </trkpt>
      <trkpt lat="48.037059" lon="8.036483">
        <ele>764.865139</ele>
        <time>2026-03-08T12:41:19.533Z</time>
      </trkpt>
      <trkpt lat="48.036919" lon="8.036110">
        <ele>763.091633</ele>
        <time>2026-03-08T12:41:23.532Z</time>
      </trkpt>
      <trkpt lat="48.036841" lon="8.035812">
        <ele>761.764783</ele>
        <time>2026-03-08T12:41:26.661Z</time>
      </trkpt>
      <trkpt lat="48.036780" lon="8.035418">
        <ele>760.973304</ele>
        <time>2026-03-08T12:41:30.869Z</time>
      </trkpt>
      <trkpt lat="48.036762" lon="8.035056">
        <ele>760.426582</ele>
        <time>2026-03-08T12:41:35.353Z</time>
      </trkpt>
      <trkpt lat="48.036740" lon="8.034628">
        <ele>759.780059</ele>
        <time>2026-03-08T12:41:41.815Z</time>
      </trkpt>
      <trkpt lat="48.036679" lon="8.033971">
        <ele>758.781041</ele>
        <time>2026-03-08T12:41:50.881Z</time>
      </trkpt>
      <trkpt lat="48.036681" lon="8.033636">
        <ele>758.276469</ele>
        <time>2026-03-08T12:41:54.929Z</time>
      </trkpt>
      <trkpt lat="48.036655" lon="8.033489">
        <ele>758.047453</ele>
        <time>2026-03-08T12:41:56.697Z</time>
      </trkpt>
      <trkpt lat="48.036327" lon="8.032685">
        <ele>756.382341</ele>
        <time>2026-03-08T12:42:07.276Z</time>
      </trkpt>
      <trkpt lat="48.036085" lon="8.031951">
        <ele>754.768884</ele>
        <time>2026-03-08T12:42:16.423Z</time>
      </trkpt>
      <trkpt lat="48.035665" lon="8.031301">
        <ele>752.986807</ele>
        <time>2026-03-08T12:42:26.607Z</time>
      </trkpt>
      <trkpt lat="48.035231" lon="8.030194">
        <ele>749.154130</ele>
        <time>2026-03-08T12:42:40.029Z</time>
      </trkpt>
      <trkpt lat="48.035167" lon="8.030008">
        <ele>748.419412</ele>
        <time>2026-03-08T12:42:42.130Z</time>
      </trkpt>
      <trkpt lat="48.034927" lon="8.029521">
        <ele>746.294531</ele>
        <time>2026-03-08T12:42:48.142Z</time>
      </trkpt>
      <trkpt lat="48.034603" lon="8.028570">
        <ele>742.508513</ele>
        <time>2026-03-08T12:42:58.510Z</time>
      </trkpt>
      <trkpt lat="48.033280" lon="8.026577">
        <ele>729.445003</ele>
        <time>2026-03-08T12:43:25.915Z</time>
      </trkpt>
      <trkpt lat="48.033171" lon="8.026272">
        <ele>727.028221</ele>
        <time>2026-03-08T12:43:29.002Z</time>
      </trkpt>
      <trkpt lat="48.032998" lon="8.024859">
        <ele>716.989361</ele>
        <time>2026-03-08T12:43:41.694Z</time>
      </trkpt>
      <trkpt lat="48.032972" lon="8.024759">
        <ele>716.239546</ele>
        <time>2026-03-08T12:43:42.650Z</time>
      </trkpt>
      <trkpt lat="48.032914" lon="8.024667">
        <ele>715.355925</ele>
        <time>2026-03-08T12:43:43.781Z</time>
      </trkpt>
      <trkpt lat="48.032792" lon="8.024649">
        <ele>714.074735</ele>
        <time>2026-03-08T12:43:45.430Z</time>
      </trkpt>
      <trkpt lat="48.032582" lon="8.024857">
        <ele>711.567903</ele>
        <time>2026-03-08T12:43:48.875Z</time>
      </trkpt>
      <trkpt lat="48.032384" lon="8.025002">
        <ele>710.252543</ele>
        <time>2026-03-08T12:43:51.956Z</time>
      </trkpt>
      <trkpt lat="48.031963" lon="8.025214">
        <ele>707.602170</ele>
        <time>2026-03-08T12:43:58.515Z</time>
      </trkpt>
      <trkpt lat="48.031857" lon="8.025225">
        <ele>706.968227</ele>
        <time>2026-03-08T12:44:00.158Z</time>
      </trkpt>
      <trkpt lat="48.031714" lon="8.025192">
        <ele>706.104956</ele>
        <time>2026-03-08T12:44:02.400Z</time>
      </trkpt>
      <trkpt lat="48.031134" lon="8.024928">
        <ele>702.487784</ele>
        <time>2026-03-08T12:44:11.802Z</time>
      </trkpt>
      <trkpt lat="48.030917" lon="8.024906">
        <ele>701.190138</ele>
        <time>2026-03-08T12:44:15.087Z</time>
      </trkpt>
      <trkpt lat="48.030488" lon="8.025094">
        <ele>698.203370</ele>
        <time>2026-03-08T12:44:21.705Z</time>
      </trkpt>
      <trkpt lat="48.030374" lon="8.025113">
        <ele>697.430841</ele>
        <time>2026-03-08T12:44:23.376Z</time>
      </trkpt>
      <trkpt lat="48.029965" lon="8.025072">
        <ele>694.670100</ele>
        <time>2026-03-08T12:44:29.258Z</time>
      </trkpt>
      <trkpt lat="48.029724" lon="8.025148">
        <ele>693.011297</ele>
        <time>2026-03-08T12:44:32.746Z</time>
      </trkpt>
      <trkpt lat="48.029442" lon="8.025319">
        <ele>690.961848</ele>
        <time>2026-03-08T12:44:36.978Z</time>
      </trkpt>
      <trkpt lat="48.028908" lon="8.025793">
        <ele>687.783207</ele>
        <time>2026-03-08T12:44:45.660Z</time>
      </trkpt>
      <trkpt lat="48.028807" lon="8.025811">
        <ele>687.423923</ele>
        <time>2026-03-08T12:44:47.180Z</time>
      </trkpt>
      <trkpt lat="48.028336" lon="8.025764">
        <ele>685.756527</ele>
        <time>2026-03-08T12:44:54.939Z</time>
      </trkpt>
      <trkpt lat="48.028303" lon="8.025772">
        <ele>685.638440</ele>
        <time>2026-03-08T12:44:55.528Z</time>
      </trkpt>
      <trkpt lat="48.028124" lon="8.025835">
        <ele>684.988886</ele>
        <time>2026-03-08T12:44:58.759Z</time>
      </trkpt>
      <trkpt lat="48.028100" lon="8.025783">
        <ele>684.839636</ele>
        <time>2026-03-08T12:44:59.523Z</time>
      </trkpt>
      <trkpt lat="48.028017" lon="8.025715">
        <ele>684.505336</ele>
        <time>2026-03-08T12:45:01.084Z</time>
      </trkpt>
      <trkpt lat="48.027871" lon="8.025681">
        <ele>683.983409</ele>
        <time>2026-03-08T12:45:03.674Z</time>
      </trkpt>
      <trkpt lat="48.027738" lon="8.025695">
        <ele>683.512455</ele>
        <time>2026-03-08T12:45:06.115Z</time>
      </trkpt>
      <trkpt lat="48.027523" lon="8.025764">
        <ele>682.735723</ele>
        <time>2026-03-08T12:45:10.635Z</time>
      </trkpt>
      <trkpt lat="48.027236" lon="8.026007">
        <ele>681.377395</ele>
        <time>2026-03-08T12:45:17.632Z</time>
      </trkpt>
      <trkpt lat="48.027080" lon="8.026218">
        <ele>680.485700</ele>
        <time>2026-03-08T12:45:21.821Z</time>
      </trkpt>
      <trkpt lat="48.026684" lon="8.026710">
        <ele>678.303182</ele>
        <time>2026-03-08T12:45:30.260Z</time>
      </trkpt>
      <trkpt lat="48.026426" lon="8.026896">
        <ele>677.089028</ele>
        <time>2026-03-08T12:45:34.364Z</time>
      </trkpt>
      <trkpt lat="48.026243" lon="8.026999">
        <ele>676.260147</ele>
        <time>2026-03-08T12:45:37.142Z</time>
      </trkpt>
      <trkpt lat="48.025786" lon="8.027194">
        <ele>673.612917</ele>
        <time>2026-03-08T12:45:43.975Z</time>
      </trkpt>
      <trkpt lat="48.025564" lon="8.027266">
        <ele>671.736410</ele>
        <time>2026-03-08T12:45:47.160Z</time>
      </trkpt>
      <trkpt lat="48.025333" lon="8.027244">
        <ele>669.824336</ele>
        <time>2026-03-08T12:45:50.385Z</time>
      </trkpt>
      <trkpt lat="48.024884" lon="8.027101">
        <ele>666.032101</ele>
        <time>2026-03-08T12:45:56.765Z</time>
      </trkpt>
      <trkpt lat="48.024118" lon="8.027116">
        <ele>659.824457</ele>
        <time>2026-03-08T12:46:07.309Z</time>
      </trkpt>
      <trkpt lat="48.023182" lon="8.026687">
        <ele>654.518127</ele>
        <time>2026-03-08T12:46:21.124Z</time>
      </trkpt>
      <trkpt lat="48.023091" lon="8.026598">
        <ele>653.928735</ele>
        <time>2026-03-08T12:46:22.828Z</time>
      </trkpt>
      <trkpt lat="48.023007" lon="8.026432">
        <ele>653.174123</ele>
        <time>2026-03-08T12:46:25.088Z</time>
      </trkpt>
      <trkpt lat="48.022943" lon="8.025965">
        <ele>651.445976</ele>
        <time>2026-03-08T12:46:30.852Z</time>
      </trkpt>
      <trkpt lat="48.022877" lon="8.025823">
        <ele>650.819101</ele>
        <time>2026-03-08T12:46:33.187Z</time>
      </trkpt>
      <trkpt lat="48.022766" lon="8.025675">
        <ele>649.963118</ele>
        <time>2026-03-08T12:46:36.372Z</time>
      </trkpt>
      <trkpt lat="48.022379" lon="8.025291">
        <ele>647.016493</ele>
        <time>2026-03-08T12:46:44.953Z</time>
      </trkpt>
      <trkpt lat="48.022255" lon="8.025071">
        <ele>645.795734</ele>
        <time>2026-03-08T12:46:48.040Z</time>
      </trkpt>
      <trkpt lat="48.022202" lon="8.024771">
        <ele>644.479124</ele>
        <time>2026-03-08T12:46:51.126Z</time>
      </trkpt>
      <trkpt lat="48.022227" lon="8.024516">
        <ele>643.385553</ele>
        <time>2026-03-08T12:46:53.609Z</time>
      </trkpt>
      <trkpt lat="48.022627" lon="8.023602">
        <ele>638.688713</ele>
        <time>2026-03-08T12:47:03.506Z</time>
      </trkpt>
      <trkpt lat="48.022710" lon="8.023375">
        <ele>637.116890</ele>
        <time>2026-03-08T12:47:05.786Z</time>
      </trkpt>
      <trkpt lat="48.022754" lon="8.023152">
        <ele>635.704282</ele>
        <time>2026-03-08T12:47:07.839Z</time>
      </trkpt>
      <trkpt lat="48.022768" lon="8.022916">
        <ele>634.264789</ele>
        <time>2026-03-08T12:47:09.926Z</time>
      </trkpt>
      <trkpt lat="48.022744" lon="8.022671">
        <ele>632.760362</ele>
        <time>2026-03-08T12:47:12.119Z</time>
      </trkpt>
      <trkpt lat="48.022676" lon="8.022315">
        <ele>630.510934</ele>
        <time>2026-03-08T12:47:15.462Z</time>
      </trkpt>
      <trkpt lat="48.022657" lon="8.021873">
        <ele>627.819930</ele>
        <time>2026-03-08T12:47:19.562Z</time>
      </trkpt>
      <trkpt lat="48.022694" lon="8.021482">
        <ele>625.420669</ele>
        <time>2026-03-08T12:47:23.393Z</time>
      </trkpt>
      <trkpt lat="48.022803" lon="8.021105">
        <ele>622.925278</ele>
        <time>2026-03-08T12:47:27.491Z</time>
      </trkpt>
      <trkpt lat="48.022891" lon="8.020962">
        <ele>621.978982</ele>
        <time>2026-03-08T12:47:29.485Z</time>
      </trkpt>
      <trkpt lat="48.023008" lon="8.020880">
        <ele>621.144230</ele>
        <time>2026-03-08T12:47:31.462Z</time>
      </trkpt>
      <trkpt lat="48.023640" lon="8.020775">
        <ele>617.036314</ele>
        <time>2026-03-08T12:47:40.958Z</time>
      </trkpt>
      <trkpt lat="48.023799" lon="8.020698">
        <ele>615.956622</ele>
        <time>2026-03-08T12:47:43.387Z</time>
      </trkpt>
      <trkpt lat="48.023925" lon="8.020563">
        <ele>614.955233</ele>
        <time>2026-03-08T12:47:45.640Z</time>
      </trkpt>
      <trkpt lat="48.024437" lon="8.019604">
        <ele>609.269073</ele>
        <time>2026-03-08T12:47:57.236Z</time>
      </trkpt>
      <trkpt lat="48.024783" lon="8.018908">
        <ele>604.399571</ele>
        <time>2026-03-08T12:48:05.194Z</time>
      </trkpt>
      <trkpt lat="48.024990" lon="8.018435">
        <ele>601.225553</ele>
        <time>2026-03-08T12:48:10.424Z</time>
      </trkpt>
      <trkpt lat="48.025018" lon="8.018346">
        <ele>600.673280</ele>
        <time>2026-03-08T12:48:11.336Z</time>
      </trkpt>
      <trkpt lat="48.025055" lon="8.018224">
        <ele>599.921096</ele>
        <time>2026-03-08T12:48:12.588Z</time>
      </trkpt>
      <trkpt lat="48.025082" lon="8.018046">
        <ele>598.896227</ele>
        <time>2026-03-08T12:48:14.297Z</time>
      </trkpt>
      <trkpt lat="48.025079" lon="8.017374">
        <ele>595.304318</ele>
        <time>2026-03-08T12:48:20.618Z</time>
      </trkpt>
      <trkpt lat="48.025127" lon="8.017040">
        <ele>593.874544</ele>
        <time>2026-03-08T12:48:23.850Z</time>
      </trkpt>
      <trkpt lat="48.025285" lon="8.016687">
        <ele>592.096839</ele>
        <time>2026-03-08T12:48:27.837Z</time>
      </trkpt>
      <trkpt lat="48.025632" lon="8.016060">
        <ele>588.690789</ele>
        <time>2026-03-08T12:48:35.553Z</time>
      </trkpt>
      <trkpt lat="48.025847" lon="8.015638">
        <ele>586.470560</ele>
        <time>2026-03-08T12:48:40.903Z</time>
      </trkpt>
      <trkpt lat="48.025994" lon="8.015207">
        <ele>584.531379</ele>
        <time>2026-03-08T12:48:46.120Z</time>
      </trkpt>
      <trkpt lat="48.026088" lon="8.014556">
        <ele>583.520364</ele>
        <time>2026-03-08T12:48:53.438Z</time>
      </trkpt>
      <trkpt lat="48.026103" lon="8.014488">
        <ele>583.411668</ele>
        <time>2026-03-08T12:48:54.268Z</time>
      </trkpt>
      <trkpt lat="48.026150" lon="8.014261">
        <ele>583.050937</ele>
        <time>2026-03-08T12:48:56.955Z</time>
      </trkpt>
      <trkpt lat="48.026289" lon="8.013674">
        <ele>582.105644</ele>
        <time>2026-03-08T12:49:04.476Z</time>
      </trkpt>
      <trkpt lat="48.026316" lon="8.013476">
        <ele>581.798890</ele>
        <time>2026-03-08T12:49:07.451Z</time>
      </trkpt>
      <trkpt lat="48.026331" lon="8.013253">
        <ele>581.458660</ele>
        <time>2026-03-08T12:49:10.672Z</time>
      </trkpt>
      <trkpt lat="48.026310" lon="8.012552">
        <ele>580.241312</ele>
        <time>2026-03-08T12:49:19.389Z</time>
      </trkpt>
      <trkpt lat="48.026342" lon="8.012074">
        <ele>578.445993</ele>
        <time>2026-03-08T12:49:24.661Z</time>
      </trkpt>
      <trkpt lat="48.026403" lon="8.011684">
        <ele>576.949148</ele>
        <time>2026-03-08T12:49:28.857Z</time>
      </trkpt>
      <trkpt lat="48.026566" lon="8.011300">
        <ele>575.249404</ele>
        <time>2026-03-08T12:49:33.543Z</time>
      </trkpt>
      <trkpt lat="48.026931" lon="8.010798">
        <ele>572.478168</ele>
        <time>2026-03-08T12:49:40.656Z</time>
      </trkpt>
      <trkpt lat="48.027262" lon="8.010439">
        <ele>570.165656</ele>
        <time>2026-03-08T12:49:46.216Z</time>
      </trkpt>
      <trkpt lat="48.027833" lon="8.009939">
        <ele>566.066507</ele>
        <time>2026-03-08T12:49:55.348Z</time>
      </trkpt>
      <trkpt lat="48.027994" lon="8.009754">
        <ele>564.808667</ele>
        <time>2026-03-08T12:49:58.281Z</time>
      </trkpt>
      <trkpt lat="48.028098" lon="8.009557">
        <ele>563.768874</ele>
        <time>2026-03-08T12:50:00.790Z</time>
      </trkpt>
      <trkpt lat="48.028152" lon="8.009381">
        <ele>562.966653</ele>
        <time>2026-03-08T12:50:02.718Z</time>
      </trkpt>
      <trkpt lat="48.028252" lon="8.008756">
        <ele>560.304283</ele>
        <time>2026-03-08T12:50:09.371Z</time>
      </trkpt>
      <trkpt lat="48.028261" lon="8.008052">
        <ele>557.823385</ele>
        <time>2026-03-08T12:50:17.434Z</time>
      </trkpt>
      <trkpt lat="48.028285" lon="8.007906">
        <ele>557.342241</ele>
        <time>2026-03-08T12:50:19.341Z</time>
      </trkpt>
      <trkpt lat="48.028346" lon="8.007742">
        <ele>556.741686</ele>
        <time>2026-03-08T12:50:21.696Z</time>
      </trkpt>
      <trkpt lat="48.028554" lon="8.007446">
        <ele>555.367627</ele>
        <time>2026-03-08T12:50:26.733Z</time>
      </trkpt>
      <trkpt lat="48.028640" lon="8.007278">
        <ele>554.690560</ele>
        <time>2026-03-08T12:50:29.023Z</time>
      </trkpt>
      <trkpt lat="48.028875" lon="8.006087">
        <ele>550.716662</ele>
        <time>2026-03-08T12:50:41.140Z</time>
      </trkpt>
      <trkpt lat="48.028969" lon="8.005842">
        <ele>548.708029</ele>
        <time>2026-03-08T12:50:43.731Z</time>
      </trkpt>
      <trkpt lat="48.029015" lon="8.005759">
        <ele>547.932212</ele>
        <time>2026-03-08T12:50:44.695Z</time>
      </trkpt>
      <trkpt lat="48.029160" lon="8.005552">
        <ele>545.774795</ele>
        <time>2026-03-08T12:50:47.403Z</time>
      </trkpt>
      <trkpt lat="48.029387" lon="8.005282">
        <ele>542.653289</ele>
        <time>2026-03-08T12:50:51.273Z</time>
      </trkpt>
      <trkpt lat="48.029845" lon="8.005036">
        <ele>537.416075</ele>
        <time>2026-03-08T12:50:57.726Z</time>
      </trkpt>
      <trkpt lat="48.029948" lon="8.004928">
        <ele>536.062257</ele>
        <time>2026-03-08T12:50:59.401Z</time>
      </trkpt>
      <trkpt lat="48.030479" lon="8.004079">
        <ele>528.625336</ele>
        <time>2026-03-08T12:51:09.767Z</time>
      </trkpt>
      <trkpt lat="48.030555" lon="8.003849">
        <ele>527.249688</ele>
        <time>2026-03-08T12:51:12.103Z</time>
      </trkpt>
      <trkpt lat="48.030615" lon="8.003490">
        <ele>525.265455</ele>
        <time>2026-03-08T12:51:15.550Z</time>
      </trkpt>
      <trkpt lat="48.030722" lon="8.002835">
        <ele>521.649953</ele>
        <time>2026-03-08T12:51:22.000Z</time>
      </trkpt>
      <trkpt lat="48.030918" lon="8.001901">
        <ele>516.557399</ele>
        <time>2026-03-08T12:51:31.721Z</time>
      </trkpt>
      <trkpt lat="48.030940" lon="8.000661">
        <ele>511.917455</ele>
        <time>2026-03-08T12:51:43.928Z</time>
      </trkpt>
      <trkpt lat="48.030935" lon="8.000292">
        <ele>510.536900</ele>
        <time>2026-03-08T12:51:47.535Z</time>
      </trkpt>
      <trkpt lat="48.030868" lon="7.998909">
        <ele>505.640587</ele>
        <time>2026-03-08T12:52:01.396Z</time>
      </trkpt>
      <trkpt lat="48.030804" lon="7.998238">
        <ele>503.593763</ele>
        <time>2026-03-08T12:52:08.443Z</time>
      </trkpt>
      <trkpt lat="48.030866" lon="7.997892">
        <ele>502.512035</ele>
        <time>2026-03-08T12:52:12.203Z</time>
      </trkpt>
      <trkpt lat="48.030939" lon="7.997732">
        <ele>501.927117</ele>
        <time>2026-03-08T12:52:14.243Z</time>
      </trkpt>
      <trkpt lat="48.031040" lon="7.997591">
        <ele>501.303157</ele>
        <time>2026-03-08T12:52:16.412Z</time>
      </trkpt>
      <trkpt lat="48.031363" lon="7.997341">
        <ele>499.660759</ele>
        <time>2026-03-08T12:52:22.158Z</time>
      </trkpt>
      <trkpt lat="48.032193" lon="7.996852">
        <ele>494.256552</ele>
        <time>2026-03-08T12:52:35.599Z</time>
      </trkpt>
      <trkpt lat="48.032377" lon="7.996715">
        <ele>492.916846</ele>
        <time>2026-03-08T12:52:38.595Z</time>
      </trkpt>
      <trkpt lat="48.032556" lon="7.996491">
        <ele>491.395553</ele>
        <time>2026-03-08T12:52:41.953Z</time>
      </trkpt>
      <trkpt lat="48.032676" lon="7.996254">
        <ele>490.099886</ele>
        <time>2026-03-08T12:52:44.795Z</time>
      </trkpt>
      <trkpt lat="48.032737" lon="7.996028">
        <ele>489.037653</ele>
        <time>2026-03-08T12:52:47.104Z</time>
      </trkpt>
      <trkpt lat="48.032744" lon="7.995617">
        <ele>487.245732</ele>
        <time>2026-03-08T12:52:50.972Z</time>
      </trkpt>
      <trkpt lat="48.032644" lon="7.994657">
        <ele>481.004275</ele>
        <time>2026-03-08T12:52:59.836Z</time>
      </trkpt>
      <trkpt lat="48.032648" lon="7.994077">
        <ele>477.208173</ele>
        <time>2026-03-08T12:53:05.174Z</time>
      </trkpt>
      <trkpt lat="48.032670" lon="7.993875">
        <ele>475.868733</ele>
        <time>2026-03-08T12:53:07.042Z</time>
      </trkpt>
      <trkpt lat="48.032737" lon="7.993620">
        <ele>474.075646</ele>
        <time>2026-03-08T12:53:09.515Z</time>
      </trkpt>
      <trkpt lat="48.032858" lon="7.993374">
        <ele>472.077036</ele>
        <time>2026-03-08T12:53:12.262Z</time>
      </trkpt>
      <trkpt lat="48.032992" lon="7.993186">
        <ele>470.278762</ele>
        <time>2026-03-08T12:53:14.739Z</time>
      </trkpt>
      <trkpt lat="48.033264" lon="7.992924">
        <ele>467.047078</ele>
        <time>2026-03-08T12:53:19.060Z</time>
      </trkpt>
      <trkpt lat="48.033602" lon="7.992685">
        <ele>463.284055</ele>
        <time>2026-03-08T12:53:24.082Z</time>
      </trkpt>
      <trkpt lat="48.033995" lon="7.992372">
        <ele>458.802611</ele>
        <time>2026-03-08T12:53:30.115Z</time>
      </trkpt>
      <trkpt lat="48.034060" lon="7.992314">
        <ele>458.040792</ele>
        <time>2026-03-08T12:53:31.144Z</time>
      </trkpt>
      <trkpt lat="48.034362" lon="7.991955">
        <ele>454.157918</ele>
        <time>2026-03-08T12:53:36.356Z</time>
      </trkpt>
      <trkpt lat="48.034483" lon="7.991759">
        <ele>452.362592</ele>
        <time>2026-03-08T12:53:38.801Z</time>
      </trkpt>
      <trkpt lat="48.034708" lon="7.991300">
        <ele>449.488402</ele>
        <time>2026-03-08T12:53:44.141Z</time>
      </trkpt>
      <trkpt lat="48.034997" lon="7.990426">
        <ele>445.188523</ele>
        <time>2026-03-08T12:53:53.556Z</time>
      </trkpt>
      <trkpt lat="48.035187" lon="7.990036">
        <ele>443.060549</ele>
        <time>2026-03-08T12:53:58.255Z</time>
      </trkpt>
      <trkpt lat="48.035391" lon="7.989769">
        <ele>441.272657</ele>
        <time>2026-03-08T12:54:02.320Z</time>
      </trkpt>
      <trkpt lat="48.036145" lon="7.989088">
        <ele>436.397787</ele>
        <time>2026-03-08T12:54:15.490Z</time>
      </trkpt>
      <trkpt lat="48.036379" lon="7.988772">
        <ele>434.806611</ele>
        <time>2026-03-08T12:54:20.221Z</time>
      </trkpt>
      <trkpt lat="48.036594" lon="7.988426">
        <ele>433.212651</ele>
        <time>2026-03-08T12:54:25.191Z</time>
      </trkpt>
      <trkpt lat="48.036848" lon="7.987964">
        <ele>431.194251</ele>
        <time>2026-03-08T12:54:31.346Z</time>
      </trkpt>
      <trkpt lat="48.037091" lon="7.987576">
        <ele>429.245443</ele>
        <time>2026-03-08T12:54:36.602Z</time>
      </trkpt>
      <trkpt lat="48.037184" lon="7.987495">
        <ele>428.615216</ele>
        <time>2026-03-08T12:54:38.188Z</time>
      </trkpt>
      <trkpt lat="48.037302" lon="7.987389">
        <ele>427.809143</ele>
        <time>2026-03-08T12:54:40.207Z</time>
      </trkpt>
      <trkpt lat="48.037982" lon="7.987068">
        <ele>423.633434</ele>
        <time>2026-03-08T12:54:50.670Z</time>
      </trkpt>
      <trkpt lat="48.038189" lon="7.986907">
        <ele>422.267127</ele>
        <time>2026-03-08T12:54:54.076Z</time>
      </trkpt>
      <trkpt lat="48.038621" lon="7.986399">
        <ele>419.419754</ele>
        <time>2026-03-08T12:55:01.965Z</time>
      </trkpt>
      <trkpt lat="48.038957" lon="7.985942">
        <ele>418.017562</ele>
        <time>2026-03-08T12:55:08.838Z</time>
      </trkpt>
      <trkpt lat="48.039163" lon="7.985614">
        <ele>417.088603</ele>
        <time>2026-03-08T12:55:13.901Z</time>
      </trkpt>
      <trkpt lat="48.039544" lon="7.984888">
        <ele>415.183410</ele>
        <time>2026-03-08T12:55:24.689Z</time>
      </trkpt>
      <trkpt lat="48.039816" lon="7.984233">
        <ele>413.822035</ele>
        <time>2026-03-08T12:55:35.054Z</time>
      </trkpt>
      <trkpt lat="48.040025" lon="7.983661">
        <ele>412.926688</ele>
        <time>2026-03-08T12:55:44.725Z</time>
      </trkpt>
      <trkpt lat="48.040091" lon="7.983480">
        <ele>412.643504</ele>
        <time>2026-03-08T12:55:47.556Z</time>
      </trkpt>
      <trkpt lat="48.040171" lon="7.983248">
        <ele>412.284952</ele>
        <time>2026-03-08T12:55:50.897Z</time>
      </trkpt>
      <trkpt lat="48.040279" lon="7.982970">
        <ele>411.843324</ele>
        <time>2026-03-08T12:55:54.592Z</time>
      </trkpt>
      <trkpt lat="48.040296" lon="7.982926">
        <ele>411.773522</ele>
        <time>2026-03-08T12:55:55.141Z</time>
      </trkpt>
      <trkpt lat="48.040557" lon="7.982385">
        <ele>410.857179</ele>
        <time>2026-03-08T12:56:02.186Z</time>
      </trkpt>
      <trkpt lat="48.040814" lon="7.981996">
        <ele>409.623015</ele>
        <time>2026-03-08T12:56:07.993Z</time>
      </trkpt>
      <trkpt lat="48.041003" lon="7.981765">
        <ele>408.615911</ele>
        <time>2026-03-08T12:56:11.657Z</time>
      </trkpt>
      <trkpt lat="48.041424" lon="7.981359">
        <ele>406.549027</ele>
        <time>2026-03-08T12:56:18.981Z</time>
      </trkpt>
      <trkpt lat="48.041565" lon="7.981212">
        <ele>405.839853</ele>
        <time>2026-03-08T12:56:21.561Z</time>
      </trkpt>
      <trkpt lat="48.041610" lon="7.981171">
        <ele>405.622440</ele>
        <time>2026-03-08T12:56:22.353Z</time>
      </trkpt>
      <trkpt lat="48.041938" lon="7.980695">
        <ele>403.736720</ele>
        <time>2026-03-08T12:56:29.834Z</time>
      </trkpt>
      <trkpt lat="48.042182" lon="7.980064">
        <ele>402.906371</ele>
        <time>2026-03-08T12:56:38.563Z</time>
      </trkpt>
      <trkpt lat="48.042463" lon="7.979159">
        <ele>402.414022</ele>
        <time>2026-03-08T12:56:52.182Z</time>
      </trkpt>
      <trkpt lat="48.042593" lon="7.978856">
        <ele>402.236381</ele>
        <time>2026-03-08T12:56:57.827Z</time>
      </trkpt>
      <trkpt lat="48.042781" lon="7.978456">
        <ele>401.995127</ele>
        <time>2026-03-08T12:57:06.898Z</time>
      </trkpt>
      <trkpt lat="48.043230" lon="7.977773">
        <ele>400.255197</ele>
        <time>2026-03-08T12:57:20.286Z</time>
      </trkpt>
      <trkpt lat="48.043363" lon="7.977572">
        <ele>399.551785</ele>
        <time>2026-03-08T12:57:23.386Z</time>
      </trkpt>
      <trkpt lat="48.043776" lon="7.976861">
        <ele>397.209054</ele>
        <time>2026-03-08T12:57:32.746Z</time>
      </trkpt>
      <trkpt lat="48.044035" lon="7.976298">
        <ele>395.509215</ele>
        <time>2026-03-08T12:57:39.639Z</time>
      </trkpt>
      <trkpt lat="48.044203" lon="7.975837">
        <ele>393.990871</ele>
        <time>2026-03-08T12:57:44.865Z</time>
      </trkpt>
      <trkpt lat="48.044341" lon="7.975357">
        <ele>392.397954</ele>
        <time>2026-03-08T12:57:49.993Z</time>
      </trkpt>
      <trkpt lat="48.044380" lon="7.975200">
        <ele>391.887346</ele>
        <time>2026-03-08T12:57:51.660Z</time>
      </trkpt>
      <trkpt lat="48.044506" lon="7.974643">
        <ele>390.094688</ele>
        <time>2026-03-08T12:57:57.926Z</time>
      </trkpt>
      <trkpt lat="48.044826" lon="7.973106">
        <ele>384.465318</ele>
        <time>2026-03-08T12:58:15.094Z</time>
      </trkpt>
      <trkpt lat="48.045071" lon="7.972224">
        <ele>380.356638</ele>
        <time>2026-03-08T12:58:24.214Z</time>
      </trkpt>
      <trkpt lat="48.045261" lon="7.971681">
        <ele>377.720164</ele>
        <time>2026-03-08T12:58:29.934Z</time>
      </trkpt>
      <trkpt lat="48.045437" lon="7.971271">
        <ele>375.624150</ele>
        <time>2026-03-08T12:58:34.529Z</time>
      </trkpt>
      <trkpt lat="48.045702" lon="7.970799">
        <ele>373.361745</ele>
        <time>2026-03-08T12:58:40.412Z</time>
      </trkpt>
      <trkpt lat="48.046128" lon="7.970117">
        <ele>369.998508</ele>
        <time>2026-03-08T12:58:49.552Z</time>
      </trkpt>
      <trkpt lat="48.046301" lon="7.969851">
        <ele>368.661282</ele>
        <time>2026-03-08T12:58:53.286Z</time>
      </trkpt>
      <trkpt lat="48.046526" lon="7.969502">
        <ele>366.914233</ele>
        <time>2026-03-08T12:58:58.520Z</time>
      </trkpt>
      <trkpt lat="48.046588" lon="7.969445">
        <ele>366.521986</ele>
        <time>2026-03-08T12:58:59.712Z</time>
      </trkpt>
      <trkpt lat="48.046692" lon="7.969242">
        <ele>365.627062</ele>
        <time>2026-03-08T12:59:02.469Z</time>
      </trkpt>
      <trkpt lat="48.046732" lon="7.969129">
        <ele>365.331893</ele>
        <time>2026-03-08T12:59:03.847Z</time>
      </trkpt>
      <trkpt lat="48.046759" lon="7.968937">
        <ele>364.878966</ele>
        <time>2026-03-08T12:59:05.957Z</time>
      </trkpt>
      <trkpt lat="48.046912" lon="7.968364">
        <ele>363.454605</ele>
        <time>2026-03-08T12:59:12.779Z</time>
      </trkpt>
      <trkpt lat="48.047002" lon="7.967712">
        <ele>361.917736</ele>
        <time>2026-03-08T12:59:20.192Z</time>
      </trkpt>
      <trkpt lat="48.047009" lon="7.966932">
        <ele>360.116973</ele>
        <time>2026-03-08T12:59:28.537Z</time>
      </trkpt>
      <trkpt lat="48.046998" lon="7.966426">
        <ele>358.801544</ele>
        <time>2026-03-08T12:59:33.708Z</time>
      </trkpt>
      <trkpt lat="48.047024" lon="7.966053">
        <ele>357.689353</ele>
        <time>2026-03-08T12:59:37.574Z</time>
      </trkpt>
      <trkpt lat="48.047074" lon="7.965557">
        <ele>356.201753</ele>
        <time>2026-03-08T12:59:42.738Z</time>
      </trkpt>
      <trkpt lat="48.047143" lon="7.965224">
        <ele>355.167837</ele>
        <time>2026-03-08T12:59:46.272Z</time>
      </trkpt>
      <trkpt lat="48.047249" lon="7.964904">
        <ele>354.108715</ele>
        <time>2026-03-08T12:59:49.891Z</time>
      </trkpt>
      <trkpt lat="48.047329" lon="7.964762">
        <ele>353.557994</ele>
        <time>2026-03-08T12:59:51.758Z</time>
      </trkpt>
      <trkpt lat="48.047576" lon="7.964483">
        <ele>352.184951</ele>
        <time>2026-03-08T12:59:56.479Z</time>
      </trkpt>
      <trkpt lat="48.047876" lon="7.964239">
        <ele>350.853297</ele>
        <time>2026-03-08T13:00:01.839Z</time>
      </trkpt>
      <trkpt lat="48.048074" lon="7.964057">
        <ele>350.054240</ele>
        <time>2026-03-08T13:00:05.620Z</time>
      </trkpt>
      <trkpt lat="48.048230" lon="7.963790">
        <ele>349.239159</ele>
        <time>2026-03-08T13:00:09.491Z</time>
      </trkpt>
      <trkpt lat="48.048319" lon="7.963481">
        <ele>348.465785</ele>
        <time>2026-03-08T13:00:13.143Z</time>
      </trkpt>
      <trkpt lat="48.048364" lon="7.963222">
        <ele>347.850680</ele>
        <time>2026-03-08T13:00:16.068Z</time>
      </trkpt>
      <trkpt lat="48.048406" lon="7.962695">
        <ele>346.630764</ele>
        <time>2026-03-08T13:00:21.852Z</time>
      </trkpt>
      <trkpt lat="48.048411" lon="7.962623">
        <ele>346.464377</ele>
        <time>2026-03-08T13:00:22.642Z</time>
      </trkpt>
      <trkpt lat="48.048417" lon="7.962533">
        <ele>346.256481</ele>
        <time>2026-03-08T13:00:23.623Z</time>
      </trkpt>
      <trkpt lat="48.048420" lon="7.961975">
        <ele>345.011298</ele>
        <time>2026-03-08T13:00:29.681Z</time>
      </trkpt>
      <trkpt lat="48.048379" lon="7.961461">
        <ele>343.958006</ele>
        <time>2026-03-08T13:00:35.294Z</time>
      </trkpt>
      <trkpt lat="48.048356" lon="7.961090">
        <ele>343.199866</ele>
        <time>2026-03-08T13:00:39.328Z</time>
      </trkpt>
      <trkpt lat="48.048380" lon="7.960764">
        <ele>342.532519</ele>
        <time>2026-03-08T13:00:42.888Z</time>
      </trkpt>
      <trkpt lat="48.048474" lon="7.960159">
        <ele>341.268670</ele>
        <time>2026-03-08T13:00:49.727Z</time>
      </trkpt>
      <trkpt lat="48.048502" lon="7.959516">
        <ele>339.957540</ele>
        <time>2026-03-08T13:00:56.904Z</time>
      </trkpt>
      <trkpt lat="48.048495" lon="7.959309">
        <ele>339.546765</ele>
        <time>2026-03-08T13:00:59.258Z</time>
      </trkpt>
      <trkpt lat="48.048428" lon="7.958409">
        <ele>337.773861</ele>
        <time>2026-03-08T13:01:09.461Z</time>
      </trkpt>
      <trkpt lat="48.048448" lon="7.958031">
        <ele>337.031501</ele>
        <time>2026-03-08T13:01:13.674Z</time>
      </trkpt>
      <trkpt lat="48.048502" lon="7.957363">
        <ele>335.714170</ele>
        <time>2026-03-08T13:01:21.048Z</time>
      </trkpt>
      <trkpt lat="48.048499" lon="7.955601">
        <ele>332.215676</ele>
        <time>2026-03-08T13:01:40.238Z</time>
      </trkpt>
      <trkpt lat="48.048563" lon="7.955131">
        <ele>331.256616</ele>
        <time>2026-03-08T13:01:45.492Z</time>
      </trkpt>
      <trkpt lat="48.048570" lon="7.954917">
        <ele>330.828212</ele>
        <time>2026-03-08T13:01:47.856Z</time>
      </trkpt>
      <trkpt lat="48.048512" lon="7.954116">
        <ele>329.217249</ele>
        <time>2026-03-08T13:01:56.826Z</time>
      </trkpt>
      <trkpt lat="48.048540" lon="7.953910">
        <ele>328.870627</ele>
        <time>2026-03-08T13:01:59.201Z</time>
      </trkpt>
      <trkpt lat="48.048590" lon="7.953732">
        <ele>328.559197</ele>
        <time>2026-03-08T13:02:01.384Z</time>
      </trkpt>
      <trkpt lat="48.048685" lon="7.953493">
        <ele>328.110693</ele>
        <time>2026-03-08T13:02:04.566Z</time>
      </trkpt>
      <trkpt lat="48.048801" lon="7.953059">
        <ele>327.356776</ele>
        <time>2026-03-08T13:02:09.963Z</time>
      </trkpt>
      <trkpt lat="48.048845" lon="7.952639">
        <ele>326.671053</ele>
        <time>2026-03-08T13:02:14.905Z</time>
      </trkpt>
      <trkpt lat="48.048894" lon="7.952639">
        <ele>326.552824</ele>
        <time>2026-03-08T13:02:15.766Z</time>
      </trkpt>
      <trkpt lat="48.048858" lon="7.951969">
        <ele>325.468639</ele>
        <time>2026-03-08T13:02:26.451Z</time>
      </trkpt>
      <trkpt lat="48.048800" lon="7.951652">
        <ele>324.938517</ele>
        <time>2026-03-08T13:02:31.560Z</time>
      </trkpt>
      <trkpt lat="48.048768" lon="7.951433">
        <ele>324.534012</ele>
        <time>2026-03-08T13:02:35.042Z</time>
      </trkpt>
      <trkpt lat="48.048773" lon="7.951098">
        <ele>323.904786</ele>
        <time>2026-03-08T13:02:40.209Z</time>
      </trkpt>
      <trkpt lat="48.048812" lon="7.950867">
        <ele>323.457390</ele>
        <time>2026-03-08T13:02:43.824Z</time>
      </trkpt>
      <trkpt lat="48.048836" lon="7.950522">
        <ele>322.806044</ele>
        <time>2026-03-08T13:02:49.064Z</time>
      </trkpt>
      <trkpt lat="48.048817" lon="7.950367">
        <ele>322.510129</ele>
        <time>2026-03-08T13:02:51.437Z</time>
      </trkpt>
      <trkpt lat="48.048783" lon="7.950086">
        <ele>321.973889</ele>
        <time>2026-03-08T13:02:55.763Z</time>
      </trkpt>
      <trkpt lat="48.048684" lon="7.949637">
        <ele>321.086069</ele>
        <time>2026-03-08T13:03:02.936Z</time>
      </trkpt>
      <trkpt lat="48.048647" lon="7.949200">
        <ele>320.258905</ele>
        <time>2026-03-08T13:03:09.679Z</time>
      </trkpt>
      <trkpt lat="48.048644" lon="7.948957">
        <ele>319.802515</ele>
        <time>2026-03-08T13:03:12.383Z</time>
      </trkpt>
      <trkpt lat="48.048722" lon="7.948238">
        <ele>318.650846</ele>
        <time>2026-03-08T13:03:20.587Z</time>
      </trkpt>
      <trkpt lat="48.048781" lon="7.947853">
        <ele>318.027779</ele>
        <time>2026-03-08T13:03:25.121Z</time>
      </trkpt>
      <trkpt lat="48.048780" lon="7.947604">
        <ele>317.634989</ele>
        <time>2026-03-08T13:03:28.004Z</time>
      </trkpt>
      <trkpt lat="48.048669" lon="7.947009">
        <ele>316.660551</ele>
        <time>2026-03-08T13:03:35.224Z</time>
      </trkpt>
      <trkpt lat="48.048585" lon="7.946442">
        <ele>315.744441</ele>
        <time>2026-03-08T13:03:41.957Z</time>
      </trkpt>
      <trkpt lat="48.048612" lon="7.945564">
        <ele>314.284856</ele>
        <time>2026-03-08T13:03:52.082Z</time>
      </trkpt>
      <trkpt lat="48.048607" lon="7.945294">
        <ele>313.832462</ele>
        <time>2026-03-08T13:03:55.156Z</time>
      </trkpt>
      <trkpt lat="48.048610" lon="7.944813">
        <ele>313.026804</ele>
        <time>2026-03-08T13:04:02.573Z</time>
      </trkpt>
      <trkpt lat="48.048574" lon="7.944804">
        <ele>312.935357</ele>
        <time>2026-03-08T13:04:03.223Z</time>
      </trkpt>
      <trkpt lat="48.048613" lon="7.944566">
        <ele>312.524932</ele>
        <time>2026-03-08T13:04:05.968Z</time>
      </trkpt>
      <trkpt lat="48.048965" lon="7.943492">
        <ele>310.597081</ele>
        <time>2026-03-08T13:04:19.404Z</time>
      </trkpt>
      <trkpt lat="48.049095" lon="7.943085">
        <ele>309.952664</ele>
        <time>2026-03-08T13:04:24.477Z</time>
      </trkpt>
      <trkpt lat="48.049141" lon="7.942931">
        <ele>309.711690</ele>
        <time>2026-03-08T13:04:26.393Z</time>
      </trkpt>
      <trkpt lat="48.049204" lon="7.942720">
        <ele>309.381548</ele>
        <time>2026-03-08T13:04:29.050Z</time>
      </trkpt>
      <trkpt lat="48.049219" lon="7.942675">
        <ele>309.309711</ele>
        <time>2026-03-08T13:04:29.638Z</time>
      </trkpt>
      <trkpt lat="48.049252" lon="7.942576">
        <ele>309.151669</ele>
        <time>2026-03-08T13:04:30.938Z</time>
      </trkpt>
      <trkpt lat="48.049367" lon="7.942226">
        <ele>308.594516</ele>
        <time>2026-03-08T13:04:35.542Z</time>
      </trkpt>
      <trkpt lat="48.049419" lon="7.941981">
        <ele>308.227285</ele>
        <time>2026-03-08T13:04:38.627Z</time>
      </trkpt>
      <trkpt lat="48.049439" lon="7.941746">
        <ele>307.888849</ele>
        <time>2026-03-08T13:04:41.505Z</time>
      </trkpt>
      <trkpt lat="48.049461" lon="7.940755">
        <ele>306.540487</ele>
        <time>2026-03-08T13:04:53.440Z</time>
      </trkpt>
      <trkpt lat="48.049506" lon="7.940421">
        <ele>306.099883</ele>
        <time>2026-03-08T13:04:57.626Z</time>
      </trkpt>
      <trkpt lat="48.049560" lon="7.940087">
        <ele>305.655511</ele>
        <time>2026-03-08T13:05:01.750Z</time>
      </trkpt>
      <trkpt lat="48.049595" lon="7.939732">
        <ele>305.191470</ele>
        <time>2026-03-08T13:05:06.008Z</time>
      </trkpt>
      <trkpt lat="48.049598" lon="7.939609">
        <ele>305.032305</ele>
        <time>2026-03-08T13:05:07.435Z</time>
      </trkpt>
      <trkpt lat="48.049593" lon="7.939436">
        <ele>304.808378</ele>
        <time>2026-03-08T13:05:09.444Z</time>
      </trkpt>
      <trkpt lat="48.049844" lon="7.939400">
        <ele>304.320599</ele>
        <time>2026-03-08T13:05:13.793Z</time>
      </trkpt>
      <trkpt lat="48.049817" lon="7.938922">
        <ele>303.699656</ele>
        <time>2026-03-08T13:05:19.282Z</time>
      </trkpt>
      <trkpt lat="48.049879" lon="7.938488">
        <ele>303.096036</ele>
        <time>2026-03-08T13:05:24.381Z</time>
      </trkpt>
      <trkpt lat="48.049897" lon="7.938139">
        <ele>302.619945</ele>
        <time>2026-03-08T13:05:28.510Z</time>
      </trkpt>
      <trkpt lat="48.050101" lon="7.937144">
        <ele>301.204412</ele>
        <time>2026-03-08T13:05:40.792Z</time>
      </trkpt>
      <trkpt lat="48.050494" lon="7.937431">
        <ele>300.314610</ele>
        <time>2026-03-08T13:05:48.513Z</time>
      </trkpt>
      <trkpt lat="48.050990" lon="7.936113">
        <ele>298.448365</ele>
        <time>2026-03-08T13:06:06.382Z</time>
      </trkpt>
      <trkpt lat="48.051054" lon="7.935999">
        <ele>298.267422</ele>
        <time>2026-03-08T13:06:08.127Z</time>
      </trkpt>
      <trkpt lat="48.051340" lon="7.935702">
        <ele>297.634393</ele>
        <time>2026-03-08T13:06:14.266Z</time>
      </trkpt>
      <trkpt lat="48.051544" lon="7.935295">
        <ele>297.016098</ele>
        <time>2026-03-08T13:06:20.444Z</time>
      </trkpt>
      <trkpt lat="48.051544" lon="7.935222">
        <ele>296.927372</ele>
        <time>2026-03-08T13:06:21.348Z</time>
      </trkpt>
      <trkpt lat="48.051402" lon="7.935045">
        <ele>296.588145</ele>
        <time>2026-03-08T13:06:24.758Z</time>
      </trkpt>
      <trkpt lat="48.051611" lon="7.934380">
        <ele>295.680234</ele>
        <time>2026-03-08T13:06:33.864Z</time>
      </trkpt>
      <trkpt lat="48.051634" lon="7.934398">
        <ele>295.632257</ele>
        <time>2026-03-08T13:06:34.339Z</time>
      </trkpt>
      <trkpt lat="48.051902" lon="7.934127">
        <ele>295.034359</ele>
        <time>2026-03-08T13:06:40.148Z</time>
      </trkpt>
      <trkpt lat="48.052093" lon="7.933798">
        <ele>294.495971</ele>
        <time>2026-03-08T13:06:45.318Z</time>
      </trkpt>
      <trkpt lat="48.052054" lon="7.933662">
        <ele>294.313131</ele>
        <time>2026-03-08T13:06:47.091Z</time>
      </trkpt>
      <trkpt lat="48.052069" lon="7.933530">
        <ele>294.147703</ele>
        <time>2026-03-08T13:06:48.653Z</time>
      </trkpt>
      <trkpt lat="48.052367" lon="7.932816">
        <ele>293.040824</ele>
        <time>2026-03-08T13:06:58.326Z</time>
      </trkpt>
      <trkpt lat="48.052563" lon="7.932364">
        <ele>292.247918</ele>
        <time>2026-03-08T13:07:04.408Z</time>
      </trkpt>
      <trkpt lat="48.052623" lon="7.932405">
        <ele>292.102691</ele>
        <time>2026-03-08T13:07:05.536Z</time>
      </trkpt>
      <trkpt lat="48.052971" lon="7.931554">
        <ele>290.634528</ele>
        <time>2026-03-08T13:07:16.906Z</time>
      </trkpt>
      <trkpt lat="48.053139" lon="7.931251">
        <ele>290.055178</ele>
        <time>2026-03-08T13:07:21.545Z</time>
      </trkpt>
      <trkpt lat="48.053403" lon="7.930656">
        <ele>289.160613</ele>
        <time>2026-03-08T13:07:30.104Z</time>
      </trkpt>
      <trkpt lat="48.053667" lon="7.930074">
        <ele>288.453623</ele>
        <time>2026-03-08T13:07:38.901Z</time>
      </trkpt>
      <trkpt lat="48.053440" lon="7.929908">
        <ele>288.073672</ele>
        <time>2026-03-08T13:07:43.600Z</time>
      </trkpt>
      <trkpt lat="48.052976" lon="7.929519">
        <ele>287.273837</ele>
        <time>2026-03-08T13:07:53.487Z</time>
      </trkpt>
      <trkpt lat="48.053164" lon="7.929136">
        <ele>286.796203</ele>
        <time>2026-03-08T13:07:59.317Z</time>
      </trkpt>
      <trkpt lat="48.053592" lon="7.928671">
        <ele>285.888279</ele>
        <time>2026-03-08T13:08:08.946Z</time>
      </trkpt>
      <trkpt lat="48.053906" lon="7.928280">
        <ele>285.186688</ele>
        <time>2026-03-08T13:08:16.143Z</time>
      </trkpt>
      <trkpt lat="48.054074" lon="7.928037">
        <ele>284.785383</ele>
        <time>2026-03-08T13:08:20.274Z</time>
      </trkpt>
      <trkpt lat="48.054011" lon="7.927948">
        <ele>284.636579</ele>
        <time>2026-03-08T13:08:21.912Z</time>
      </trkpt>
      <trkpt lat="48.053985" lon="7.927862">
        <ele>284.528230</ele>
        <time>2026-03-08T13:08:23.082Z</time>
      </trkpt>
      <trkpt lat="48.053958" lon="7.927687">
        <ele>284.322065</ele>
        <time>2026-03-08T13:08:25.350Z</time>
      </trkpt>
      <trkpt lat="48.053965" lon="7.927469">
        <ele>284.071532</ele>
        <time>2026-03-08T13:08:28.086Z</time>
      </trkpt>
      <trkpt lat="48.054047" lon="7.927146">
        <ele>283.680679</ele>
        <time>2026-03-08T13:08:32.425Z</time>
      </trkpt>
      <trkpt lat="48.054232" lon="7.926784">
        <ele>283.260896</ele>
        <time>2026-03-08T13:08:38.254Z</time>
      </trkpt>
      <trkpt lat="48.054394" lon="7.926355">
        <ele>282.806987</ele>
        <time>2026-03-08T13:08:44.686Z</time>
      </trkpt>
      <trkpt lat="48.054547" lon="7.925802">
        <ele>282.255639</ele>
        <time>2026-03-08T13:08:52.437Z</time>
      </trkpt>
      <trkpt lat="48.054704" lon="7.924855">
        <ele>281.356818</ele>
        <time>2026-03-08T13:09:05.340Z</time>
      </trkpt>
      <trkpt lat="48.054778" lon="7.924561">
        <ele>281.021918</ele>
        <time>2026-03-08T13:09:09.575Z</time>
      </trkpt>
      <trkpt lat="48.054885" lon="7.924372">
        <ele>280.727967</ele>
        <time>2026-03-08T13:09:12.833Z</time>
      </trkpt>
      <trkpt lat="48.055122" lon="7.924212">
        <ele>280.266302</ele>
        <time>2026-03-08T13:09:17.888Z</time>
      </trkpt>
      <trkpt lat="48.055212" lon="7.924110">
        <ele>280.065828</ele>
        <time>2026-03-08T13:09:20.039Z</time>
      </trkpt>
      <trkpt lat="48.055414" lon="7.923674">
        <ele>279.436237</ele>
        <time>2026-03-08T13:09:26.695Z</time>
      </trkpt>
      <trkpt lat="48.055723" lon="7.922781">
        <ele>278.242839</ele>
        <time>2026-03-08T13:09:39.028Z</time>
      </trkpt>
      <trkpt lat="48.055940" lon="7.922469">
        <ele>277.629923</ele>
        <time>2026-03-08T13:09:44.451Z</time>
      </trkpt>
      <trkpt lat="48.056095" lon="7.922341">
        <ele>277.239177</ele>
        <time>2026-03-08T13:09:47.574Z</time>
      </trkpt>
      <trkpt lat="48.056497" lon="7.922118">
        <ele>276.292921</ele>
        <time>2026-03-08T13:09:55.177Z</time>
      </trkpt>
      <trkpt lat="48.056795" lon="7.922006">
        <ele>275.614786</ele>
        <time>2026-03-08T13:10:00.725Z</time>
      </trkpt>
      <trkpt lat="48.057133" lon="7.921764">
        <ele>274.787784</ele>
        <time>2026-03-08T13:10:07.621Z</time>
      </trkpt>
      <trkpt lat="48.057203" lon="7.921637">
        <ele>274.544953</ele>
        <time>2026-03-08T13:10:09.679Z</time>
      </trkpt>
      <trkpt lat="48.057256" lon="7.921366">
        <ele>274.128422</ele>
        <time>2026-03-08T13:10:13.208Z</time>
      </trkpt>
      <trkpt lat="48.057393" lon="7.919395">
        <ele>271.591457</ele>
        <time>2026-03-08T13:10:37.751Z</time>
      </trkpt>
      <trkpt lat="48.057418" lon="7.919274">
        <ele>271.429890</ele>
        <time>2026-03-08T13:10:39.315Z</time>
      </trkpt>
      <trkpt lat="48.057437" lon="7.919034">
        <ele>271.121580</ele>
        <time>2026-03-08T13:10:42.320Z</time>
      </trkpt>
      <trkpt lat="48.057528" lon="7.918702">
        <ele>270.663817</ele>
        <time>2026-03-08T13:10:46.786Z</time>
      </trkpt>
      <trkpt lat="48.057715" lon="7.918468">
        <ele>270.263936</ele>
        <time>2026-03-08T13:10:51.356Z</time>
      </trkpt>
      <trkpt lat="48.058029" lon="7.918182">
        <ele>269.668919</ele>
        <time>2026-03-08T13:10:58.255Z</time>
      </trkpt>
      <trkpt lat="48.058136" lon="7.918152">
        <ele>269.492713</ele>
        <time>2026-03-08T13:11:00.296Z</time>
      </trkpt>
      <trkpt lat="48.058186" lon="7.918086">
        <ele>269.384787</ele>
        <time>2026-03-08T13:11:01.510Z</time>
      </trkpt>
      <trkpt lat="48.058682" lon="7.916810">
        <ele>267.787885</ele>
        <time>2026-03-08T13:11:21.913Z</time>
      </trkpt>
      <trkpt lat="48.058832" lon="7.916591">
        <ele>267.483987</ele>
        <time>2026-03-08T13:11:26.256Z</time>
      </trkpt>
      <trkpt lat="48.059167" lon="7.916298">
        <ele>266.938390</ele>
        <time>2026-03-08T13:11:34.256Z</time>
      </trkpt>
      <trkpt lat="48.059317" lon="7.916120">
        <ele>266.669204</ele>
        <time>2026-03-08T13:11:38.229Z</time>
      </trkpt>
      <trkpt lat="48.059428" lon="7.915882">
        <ele>266.396477</ele>
        <time>2026-03-08T13:11:42.249Z</time>
      </trkpt>
      <trkpt lat="48.059624" lon="7.915242">
        <ele>265.734916</ele>
        <time>2026-03-08T13:11:52.088Z</time>
      </trkpt>
      <trkpt lat="48.059752" lon="7.914990">
        <ele>265.437477</ele>
        <time>2026-03-08T13:11:56.501Z</time>
      </trkpt>
      <trkpt lat="48.060168" lon="7.914578">
        <ele>265.087190</ele>
        <time>2026-03-08T13:12:06.836Z</time>
      </trkpt>
      <trkpt lat="48.060417" lon="7.914283">
        <ele>264.987010</ele>
        <time>2026-03-08T13:12:14.045Z</time>
      </trkpt>
      <trkpt lat="48.060665" lon="7.913637">
        <ele>264.829958</ele>
        <time>2026-03-08T13:12:26.976Z</time>
      </trkpt>
      <trkpt lat="48.060848" lon="7.913386">
        <ele>264.751653</ele>
        <time>2026-03-08T13:12:33.317Z</time>
      </trkpt>
      <trkpt lat="48.061127" lon="7.913119">
        <ele>264.647190</ele>
        <time>2026-03-08T13:12:41.726Z</time>
      </trkpt>
      <trkpt lat="48.061165" lon="7.912926">
        <ele>264.539073</ele>
        <time>2026-03-08T13:12:44.751Z</time>
      </trkpt>
      <trkpt lat="48.061235" lon="7.912603">
        <ele>264.184886</ele>
        <time>2026-03-08T13:12:49.828Z</time>
      </trkpt>
      <trkpt lat="48.061337" lon="7.912276">
        <ele>263.808478</ele>
        <time>2026-03-08T13:12:55.074Z</time>
      </trkpt>
      <trkpt lat="48.061690" lon="7.911639">
        <ele>262.945339</ele>
        <time>2026-03-08T13:13:05.937Z</time>
      </trkpt>
      <trkpt lat="48.061932" lon="7.911063">
        <ele>262.235674</ele>
        <time>2026-03-08T13:13:13.331Z</time>
      </trkpt>
      <trkpt lat="48.062052" lon="7.910383">
        <ele>261.318066</ele>
        <time>2026-03-08T13:13:20.922Z</time>
      </trkpt>
      <trkpt lat="48.062233" lon="7.909759">
        <ele>260.190287</ele>
        <time>2026-03-08T13:13:28.280Z</time>
      </trkpt>
      <trkpt lat="48.062190" lon="7.909615">
        <ele>259.928799</ele>
        <time>2026-03-08T13:13:30.023Z</time>
      </trkpt>
      <trkpt lat="48.062131" lon="7.909518">
        <ele>259.711350</ele>
        <time>2026-03-08T13:13:31.471Z</time>
      </trkpt>
      <trkpt lat="48.062051" lon="7.909459">
        <ele>259.490096</ele>
        <time>2026-03-08T13:13:32.961Z</time>
      </trkpt>
      <trkpt lat="48.062022" lon="7.909407">
        <ele>259.377810</ele>
        <time>2026-03-08T13:13:33.734Z</time>
      </trkpt>
      <trkpt lat="48.062047" lon="7.909252">
        <ele>259.113455</ele>
        <time>2026-03-08T13:13:35.560Z</time>
      </trkpt>
      <trkpt lat="48.062116" lon="7.909022">
        <ele>258.695477</ele>
        <time>2026-03-08T13:13:38.484Z</time>
      </trkpt>
      <trkpt lat="48.062190" lon="7.908796">
        <ele>258.278234</ele>
        <time>2026-03-08T13:13:41.438Z</time>
      </trkpt>
      <trkpt lat="48.062279" lon="7.908635">
        <ele>257.931832</ele>
        <time>2026-03-08T13:13:43.960Z</time>
      </trkpt>
      <trkpt lat="48.062444" lon="7.908366">
        <ele>257.340444</ele>
        <time>2026-03-08T13:13:48.523Z</time>
      </trkpt>
      <trkpt lat="48.062534" lon="7.908148">
        <ele>257.145041</ele>
        <time>2026-03-08T13:13:51.801Z</time>
      </trkpt>
      <trkpt lat="48.062605" lon="7.907811">
        <ele>256.875586</ele>
        <time>2026-03-08T13:13:56.274Z</time>
      </trkpt>
      <trkpt lat="48.062619" lon="7.907702">
        <ele>256.790944</ele>
        <time>2026-03-08T13:13:57.689Z</time>
      </trkpt>
      <trkpt lat="48.062660" lon="7.907292">
        <ele>256.474808</ele>
        <time>2026-03-08T13:14:02.944Z</time>
      </trkpt>
      <trkpt lat="48.062738" lon="7.907026">
        <ele>256.253297</ele>
        <time>2026-03-08T13:14:06.641Z</time>
      </trkpt>
      <trkpt lat="48.062775" lon="7.906945">
        <ele>256.178479</ele>
        <time>2026-03-08T13:14:07.889Z</time>
      </trkpt>
      <trkpt lat="48.062944" lon="7.906108">
        <ele>255.511713</ele>
        <time>2026-03-08T13:14:19.092Z</time>
      </trkpt>
      <trkpt lat="48.062982" lon="7.905868">
        <ele>255.323630</ele>
        <time>2026-03-08T13:14:22.264Z</time>
      </trkpt>
      <trkpt lat="48.063092" lon="7.905257">
        <ele>254.859036</ele>
        <time>2026-03-08T13:14:30.572Z</time>
      </trkpt>
      <trkpt lat="48.063271" lon="7.904733">
        <ele>254.427825</ele>
        <time>2026-03-08T13:14:38.331Z</time>
      </trkpt>
      <trkpt lat="48.063415" lon="7.904426">
        <ele>254.152995</ele>
        <time>2026-03-08T13:14:43.243Z</time>
      </trkpt>
      <trkpt lat="48.063592" lon="7.904153">
        <ele>253.874289</ele>
        <time>2026-03-08T13:14:48.231Z</time>
      </trkpt>
      <trkpt lat="48.064211" lon="7.903328">
        <ele>252.594608</ele>
        <time>2026-03-08T13:15:03.461Z</time>
      </trkpt>
      <trkpt lat="48.064300" lon="7.903200">
        <ele>252.320821</ele>
        <time>2026-03-08T13:15:05.595Z</time>
      </trkpt>
      <trkpt lat="48.064869" lon="7.902390">
        <ele>250.578974</ele>
        <time>2026-03-08T13:15:18.891Z</time>
      </trkpt>
      <trkpt lat="48.065383" lon="7.901723">
        <ele>249.111688</ele>
        <time>2026-03-08T13:15:30.454Z</time>
      </trkpt>
      <trkpt lat="48.065498" lon="7.901661">
        <ele>248.882632</ele>
        <time>2026-03-08T13:15:32.556Z</time>
      </trkpt>
      <trkpt lat="48.065643" lon="7.901473">
        <ele>248.523113</ele>
        <time>2026-03-08T13:15:35.849Z</time>
      </trkpt>
      <trkpt lat="48.065971" lon="7.901052">
        <ele>247.713348</ele>
        <time>2026-03-08T13:15:43.413Z</time>
      </trkpt>
      <trkpt lat="48.066014" lon="7.901018">
        <ele>247.622214</ele>
        <time>2026-03-08T13:15:44.283Z</time>
      </trkpt>
      <trkpt lat="48.066133" lon="7.901047">
        <ele>247.396284</ele>
        <time>2026-03-08T13:15:46.461Z</time>
      </trkpt>
      <trkpt lat="48.066154" lon="7.900977">
        <ele>247.300198</ele>
        <time>2026-03-08T13:15:47.384Z</time>
      </trkpt>
      <trkpt lat="48.066176" lon="7.900907">
        <ele>247.203329</ele>
        <time>2026-03-08T13:15:48.334Z</time>
      </trkpt>
      <trkpt lat="48.066203" lon="7.900833">
        <ele>247.097750</ele>
        <time>2026-03-08T13:15:49.368Z</time>
      </trkpt>
      <trkpt lat="48.066195" lon="7.900780">
        <ele>247.029708</ele>
        <time>2026-03-08T13:15:50.026Z</time>
      </trkpt>
      <trkpt lat="48.066255" lon="7.900549">
        <ele>246.719354</ele>
        <time>2026-03-08T13:15:53.089Z</time>
      </trkpt>
      <trkpt lat="48.066365" lon="7.900325">
        <ele>246.371257</ele>
        <time>2026-03-08T13:15:56.514Z</time>
      </trkpt>
      <trkpt lat="48.066930" lon="7.899073">
        <ele>244.943445</ele>
        <time>2026-03-08T13:16:15.198Z</time>
      </trkpt>
      <trkpt lat="48.067076" lon="7.898682">
        <ele>244.557368</ele>
        <time>2026-03-08T13:16:20.818Z</time>
      </trkpt>
      <trkpt lat="48.067344" lon="7.897810">
        <ele>243.730049</ele>
        <time>2026-03-08T13:16:32.984Z</time>
      </trkpt>
      <trkpt lat="48.067429" lon="7.897368">
        <ele>243.417498</ele>
        <time>2026-03-08T13:16:38.789Z</time>
      </trkpt>
      <trkpt lat="48.067572" lon="7.896267">
        <ele>242.708493</ele>
        <time>2026-03-08T13:16:53.184Z</time>
      </trkpt>
      <trkpt lat="48.067589" lon="7.896096">
        <ele>242.599208</ele>
        <time>2026-03-08T13:16:55.442Z</time>
      </trkpt>
      <trkpt lat="48.067659" lon="7.895333">
        <ele>242.112366</ele>
        <time>2026-03-08T13:17:05.674Z</time>
      </trkpt>
      <trkpt lat="48.067780" lon="7.894795">
        <ele>241.741212</ele>
        <time>2026-03-08T13:17:13.224Z</time>
      </trkpt>
      <trkpt lat="48.067753" lon="7.894646">
        <ele>241.637402</ele>
        <time>2026-03-08T13:17:15.291Z</time>
      </trkpt>
      <trkpt lat="48.068036" lon="7.893152">
        <ele>240.593217</ele>
        <time>2026-03-08T13:17:35.481Z</time>
      </trkpt>
      <trkpt lat="48.068167" lon="7.892130">
        <ele>239.859531</ele>
        <time>2026-03-08T13:17:48.420Z</time>
      </trkpt>
      <trkpt lat="48.068217" lon="7.891801">
        <ele>239.601028</ele>
        <time>2026-03-08T13:17:52.641Z</time>
      </trkpt>
      <trkpt lat="48.068244" lon="7.891623">
        <ele>239.461183</ele>
        <time>2026-03-08T13:17:54.930Z</time>
      </trkpt>
      <trkpt lat="48.068302" lon="7.891364">
        <ele>239.251903</ele>
        <time>2026-03-08T13:17:58.342Z</time>
      </trkpt>
      <trkpt lat="48.068465" lon="7.890957">
        <ele>238.888364</ele>
        <time>2026-03-08T13:18:04.343Z</time>
      </trkpt>
      <trkpt lat="48.068621" lon="7.890589">
        <ele>238.554474</ele>
        <time>2026-03-08T13:18:09.964Z</time>
      </trkpt>
      <trkpt lat="48.068638" lon="7.890546">
        <ele>238.516196</ele>
        <time>2026-03-08T13:18:10.622Z</time>
      </trkpt>
      <trkpt lat="48.068720" lon="7.890326">
        <ele>238.323196</ele>
        <time>2026-03-08T13:18:13.917Z</time>
      </trkpt>
      <trkpt lat="48.068858" lon="7.889813">
        <ele>237.894457</ele>
        <time>2026-03-08T13:18:21.133Z</time>
      </trkpt>
      <trkpt lat="48.069046" lon="7.889048">
        <ele>237.251971</ele>
        <time>2026-03-08T13:18:31.384Z</time>
      </trkpt>
      <trkpt lat="48.069094" lon="7.888887">
        <ele>237.113008</ele>
        <time>2026-03-08T13:18:33.585Z</time>
      </trkpt>
      <trkpt lat="48.069198" lon="7.888755">
        <ele>236.952150</ele>
        <time>2026-03-08T13:18:36.146Z</time>
      </trkpt>
      <trkpt lat="48.069186" lon="7.888608">
        <ele>236.835418</ele>
        <time>2026-03-08T13:18:38.013Z</time>
      </trkpt>
      <trkpt lat="48.069231" lon="7.888358">
        <ele>236.631336</ele>
        <time>2026-03-08T13:18:41.271Z</time>
      </trkpt>
      <trkpt lat="48.069270" lon="7.888210">
        <ele>236.505935</ele>
        <time>2026-03-08T13:18:43.281Z</time>
      </trkpt>
      <trkpt lat="48.069285" lon="7.888144">
        <ele>236.450985</ele>
        <time>2026-03-08T13:18:44.158Z</time>
      </trkpt>
      <trkpt lat="48.069295" lon="7.888098">
        <ele>236.412856</ele>
        <time>2026-03-08T13:18:44.764Z</time>
      </trkpt>
      <trkpt lat="48.069330" lon="7.887962">
        <ele>236.297981</ele>
        <time>2026-03-08T13:18:46.607Z</time>
      </trkpt>
      <trkpt lat="48.069378" lon="7.887781">
        <ele>236.144487</ele>
        <time>2026-03-08T13:18:49.047Z</time>
      </trkpt>
      <trkpt lat="48.069388" lon="7.887739">
        <ele>236.109343</ele>
        <time>2026-03-08T13:18:49.612Z</time>
      </trkpt>
      <trkpt lat="48.069497" lon="7.887322">
        <ele>235.801760</ele>
        <time>2026-03-08T13:18:55.202Z</time>
      </trkpt>
      <trkpt lat="48.069521" lon="7.887233">
        <ele>235.743554</ele>
        <time>2026-03-08T13:18:56.425Z</time>
      </trkpt>
      <trkpt lat="48.069547" lon="7.887135">
        <ele>235.679606</ele>
        <time>2026-03-08T13:18:57.770Z</time>
      </trkpt>
      <trkpt lat="48.069609" lon="7.886884">
        <ele>235.517313</ele>
        <time>2026-03-08T13:19:01.246Z</time>
      </trkpt>
      <trkpt lat="48.069614" lon="7.886862">
        <ele>235.503220</ele>
        <time>2026-03-08T13:19:01.557Z</time>
      </trkpt>
      <trkpt lat="48.069689" lon="7.886479">
        <ele>235.261171</ele>
        <time>2026-03-08T13:19:06.781Z</time>
      </trkpt>
      <trkpt lat="48.069724" lon="7.885891">
        <ele>234.903151</ele>
        <time>2026-03-08T13:19:14.680Z</time>
      </trkpt>
      <trkpt lat="48.069725" lon="7.885832">
        <ele>234.867357</ele>
        <time>2026-03-08T13:19:15.450Z</time>
      </trkpt>
      <trkpt lat="48.069729" lon="7.885310">
        <ele>234.550756</ele>
        <time>2026-03-08T13:19:22.383Z</time>
      </trkpt>
      <trkpt lat="48.069692" lon="7.884930">
        <ele>234.317511</ele>
        <time>2026-03-08T13:19:27.428Z</time>
      </trkpt>
      <trkpt lat="48.069639" lon="7.884416">
        <ele>233.963107</ele>
        <time>2026-03-08T13:19:34.155Z</time>
      </trkpt>
      <trkpt lat="48.069623" lon="7.884257">
        <ele>233.853536</ele>
        <time>2026-03-08T13:19:36.214Z</time>
      </trkpt>
      <trkpt lat="48.069617" lon="7.884207">
        <ele>233.818920</ele>
        <time>2026-03-08T13:19:36.865Z</time>
      </trkpt>
      <trkpt lat="48.069604" lon="7.883988">
        <ele>233.669097</ele>
        <time>2026-03-08T13:19:39.692Z</time>
      </trkpt>
      <trkpt lat="48.069602" lon="7.883947">
        <ele>233.641083</ele>
        <time>2026-03-08T13:19:40.226Z</time>
      </trkpt>
      <trkpt lat="48.069660" lon="7.883888">
        <ele>233.569566</ele>
        <time>2026-03-08T13:19:41.595Z</time>
      </trkpt>
      <trkpt lat="48.069733" lon="7.883554">
        <ele>233.330101</ele>
        <time>2026-03-08T13:19:46.126Z</time>
      </trkpt>
      <trkpt lat="48.069841" lon="7.883264">
        <ele>233.103866</ele>
        <time>2026-03-08T13:19:50.486Z</time>
      </trkpt>
      <trkpt lat="48.070051" lon="7.883063">
        <ele>232.849659</ele>
        <time>2026-03-08T13:19:55.265Z</time>
      </trkpt>
      <trkpt lat="48.070821" lon="7.882795">
        <ele>232.042227</ele>
        <time>2026-03-08T13:20:10.122Z</time>
      </trkpt>
      <trkpt lat="48.071109" lon="7.882605">
        <ele>231.720355</ele>
        <time>2026-03-08T13:20:16.104Z</time>
      </trkpt>
      <trkpt lat="48.071347" lon="7.882311">
        <ele>231.404758</ele>
        <time>2026-03-08T13:20:22.104Z</time>
      </trkpt>
      <trkpt lat="48.071406" lon="7.882208">
        <ele>231.312052</ele>
        <time>2026-03-08T13:20:23.864Z</time>
      </trkpt>
      <trkpt lat="48.071648" lon="7.881566">
        <ele>230.808358</ele>
        <time>2026-03-08T13:20:33.408Z</time>
      </trkpt>
      <trkpt lat="48.071946" lon="7.880670">
        <ele>230.157741</ele>
        <time>2026-03-08T13:20:46.667Z</time>
      </trkpt>
      <trkpt lat="48.072226" lon="7.879831">
        <ele>229.557728</ele>
        <time>2026-03-08T13:20:58.827Z</time>
      </trkpt>
      <trkpt lat="48.073019" lon="7.877637">
        <ele>228.071314</ele>
        <time>2026-03-08T13:21:30.833Z</time>
      </trkpt>
      <trkpt lat="48.073072" lon="7.877598">
        <ele>228.021193</ele>
        <time>2026-03-08T13:21:32.025Z</time>
      </trkpt>
      <trkpt lat="48.073207" lon="7.877575">
        <ele>227.905885</ele>
        <time>2026-03-08T13:21:34.760Z</time>
      </trkpt>
      <trkpt lat="48.073339" lon="7.877649">
        <ele>227.786262</ele>
        <time>2026-03-08T13:21:37.554Z</time>
      </trkpt>
      <trkpt lat="48.073723" lon="7.877994">
        <ele>227.406169</ele>
        <time>2026-03-08T13:21:46.517Z</time>
      </trkpt>
      <trkpt lat="48.074096" lon="7.878385">
        <ele>227.057880</ele>
        <time>2026-03-08T13:21:55.887Z</time>
      </trkpt>
      <trkpt lat="48.074131" lon="7.878305">
        <ele>227.009123</ele>
        <time>2026-03-08T13:21:57.152Z</time>
      </trkpt>
      <trkpt lat="48.074164" lon="7.878239">
        <ele>226.967091</ele>
        <time>2026-03-08T13:21:58.255Z</time>
      </trkpt>
      <trkpt lat="48.074300" lon="7.878002">
        <ele>226.807799</ele>
        <time>2026-03-08T13:22:02.390Z</time>
      </trkpt>
      <trkpt lat="48.074523" lon="7.877750">
        <ele>226.594565</ele>
        <time>2026-03-08T13:22:08.003Z</time>
      </trkpt>
      <trkpt lat="48.074890" lon="7.877524">
        <ele>226.291723</ele>
        <time>2026-03-08T13:22:15.937Z</time>
      </trkpt>
      <trkpt lat="48.075269" lon="7.877487">
        <ele>225.991775</ele>
        <time>2026-03-08T13:22:23.359Z</time>
      </trkpt>
      <trkpt lat="48.075749" lon="7.877498">
        <ele>225.471310</ele>
        <time>2026-03-08T13:22:32.443Z</time>
      </trkpt>
      <trkpt lat="48.075837" lon="7.877506">
        <ele>225.375726</ele>
        <time>2026-03-08T13:22:34.070Z</time>
      </trkpt>
      <trkpt lat="48.076065" lon="7.877537">
        <ele>225.127517</ele>
        <time>2026-03-08T13:22:38.356Z</time>
      </trkpt>
      <trkpt lat="48.076221" lon="7.877531">
        <ele>224.958329</ele>
        <time>2026-03-08T13:22:41.349Z</time>
      </trkpt>
      <trkpt lat="48.076463" lon="7.877416">
        <ele>224.683052</ele>
        <time>2026-03-08T13:22:46.242Z</time>
      </trkpt>
      <trkpt lat="48.076688" lon="7.877297">
        <ele>224.424330</ele>
        <time>2026-03-08T13:22:50.796Z</time>
      </trkpt>
      <trkpt lat="48.076968" lon="7.877142">
        <ele>224.100663</ele>
        <time>2026-03-08T13:22:56.468Z</time>
      </trkpt>
      <trkpt lat="48.076829" lon="7.876403">
        <ele>223.606231</ele>
        <time>2026-03-08T13:23:06.343Z</time>
      </trkpt>
      <trkpt lat="48.076790" lon="7.876079">
        <ele>223.395441</ele>
        <time>2026-03-08T13:23:10.726Z</time>
      </trkpt>
      <trkpt lat="48.076783" lon="7.875762">
        <ele>223.192363</ele>
        <time>2026-03-08T13:23:14.984Z</time>
      </trkpt>
      <trkpt lat="48.076841" lon="7.875360">
        <ele>222.929039</ele>
        <time>2026-03-08T13:23:20.538Z</time>
      </trkpt>
      <trkpt lat="48.077418" lon="7.873170">
        <ele>221.310186</ele>
        <time>2026-03-08T13:23:50.376Z</time>
      </trkpt>
      <trkpt lat="48.077809" lon="7.870692">
        <ele>219.641642</ele>
        <time>2026-03-08T13:24:23.258Z</time>
      </trkpt>
      <trkpt lat="48.077997" lon="7.869806">
        <ele>219.086827</ele>
        <time>2026-03-08T13:24:35.461Z</time>
      </trkpt>
      <trkpt lat="48.078257" lon="7.868936">
        <ele>218.572310</ele>
        <time>2026-03-08T13:24:48.125Z</time>
      </trkpt>
      <trkpt lat="48.078457" lon="7.868387">
        <ele>218.267298</ele>
        <time>2026-03-08T13:24:56.431Z</time>
      </trkpt>
      <trkpt lat="48.078626" lon="7.867655">
        <ele>217.889528</ele>
        <time>2026-03-08T13:25:06.687Z</time>
      </trkpt>
      <trkpt lat="48.078680" lon="7.867111">
        <ele>217.621265</ele>
        <time>2026-03-08T13:25:14.005Z</time>
      </trkpt>
      <trkpt lat="48.078703" lon="7.866503">
        <ele>217.395511</ele>
        <time>2026-03-08T13:25:22.157Z</time>
      </trkpt>
      <trkpt lat="48.078676" lon="7.865743">
        <ele>217.173110</ele>
        <time>2026-03-08T13:25:32.504Z</time>
      </trkpt>
      <trkpt lat="48.078401" lon="7.863651">
        <ele>216.588651</ele>
        <time>2026-03-08T13:26:02.773Z</time>
      </trkpt>
      <trkpt lat="48.079010" lon="7.863407">
        <ele>216.377285</ele>
        <time>2026-03-08T13:26:16.178Z</time>
      </trkpt>
      <trkpt lat="48.079667" lon="7.863193">
        <ele>216.151858</ele>
        <time>2026-03-08T13:26:30.088Z</time>
      </trkpt>
      <trkpt lat="48.081578" lon="7.862629">
        <ele>215.257637</ele>
        <time>2026-03-08T13:27:09.994Z</time>
      </trkpt>
      <trkpt lat="48.081700" lon="7.862595">
        <ele>215.311328</ele>
        <time>2026-03-08T13:27:12.631Z</time>
      </trkpt>
      <trkpt lat="48.081966" lon="7.862512">
        <ele>215.428888</ele>
        <time>2026-03-08T13:27:18.578Z</time>
      </trkpt>
      <trkpt lat="48.082250" lon="7.862472">
        <ele>215.552305</ele>
        <time>2026-03-08T13:27:25.144Z</time>
      </trkpt>
      <trkpt lat="48.082724" lon="7.862489">
        <ele>215.757442</ele>
        <time>2026-03-08T13:27:36.931Z</time>
      </trkpt>
      <trkpt lat="48.083587" lon="7.862593">
        <ele>216.200448</ele>
        <time>2026-03-08T13:27:59.336Z</time>
      </trkpt>
      <trkpt lat="48.083953" lon="7.862667">
        <ele>216.459891</ele>
        <time>2026-03-08T13:28:08.872Z</time>
      </trkpt>
      <trkpt lat="48.084722" lon="7.862715">
        <ele>217.000570</ele>
        <time>2026-03-08T13:28:28.779Z</time>
      </trkpt>
      <trkpt lat="48.085626" lon="7.862833">
        <ele>217.225397</ele>
        <time>2026-03-08T13:28:49.638Z</time>
      </trkpt>
      <trkpt lat="48.086108" lon="7.862938">
        <ele>217.166670</ele>
        <time>2026-03-08T13:29:00.471Z</time>
      </trkpt>
      <trkpt lat="48.086709" lon="7.863162">
        <ele>217.091994</ele>
        <time>2026-03-08T13:29:13.393Z</time>
      </trkpt>
      <trkpt lat="48.087988" lon="7.863644">
        <ele>216.686958</ele>
        <time>2026-03-08T13:29:40.375Z</time>
      </trkpt>
      <trkpt lat="48.089397" lon="7.863880">
        <ele>216.418734</ele>
        <time>2026-03-08T13:30:11.590Z</time>
      </trkpt>
      <trkpt lat="48.089614" lon="7.863896">
        <ele>216.406780</ele>
        <time>2026-03-08T13:30:16.531Z</time>
      </trkpt>
      <trkpt lat="48.090125" lon="7.863864">
        <ele>216.378641</ele>
        <time>2026-03-08T13:30:28.164Z</time>
      </trkpt>
      <trkpt lat="48.090736" lon="7.863732">
        <ele>216.131432</ele>
        <time>2026-03-08T13:30:41.546Z</time>
      </trkpt>
      <trkpt lat="48.091179" lon="7.863595">
        <ele>215.779070</ele>
        <time>2026-03-08T13:30:50.564Z</time>
      </trkpt>
      <trkpt lat="48.092284" lon="7.863161">
        <ele>214.925158</ele>
        <time>2026-03-08T13:31:12.291Z</time>
      </trkpt>
      <trkpt lat="48.092784" lon="7.862759">
        <ele>214.708153</ele>
        <time>2026-03-08T13:31:23.320Z</time>
      </trkpt>
      <trkpt lat="48.093356" lon="7.862027">
        <ele>214.420432</ele>
        <time>2026-03-08T13:31:39.546Z</time>
      </trkpt>
      <trkpt lat="48.093313" lon="7.861972">
        <ele>214.398807</ele>
        <time>2026-03-08T13:31:40.877Z</time>
      </trkpt>
      <trkpt lat="48.094090" lon="7.860898">
        <ele>214.104697</ele>
        <time>2026-03-08T13:32:05.659Z</time>
      </trkpt>
      <trkpt lat="48.094278" lon="7.860652">
        <ele>214.047136</ele>
        <time>2026-03-08T13:32:11.160Z</time>
      </trkpt>
      <trkpt lat="48.094483" lon="7.860367">
        <ele>213.982644</ele>
        <time>2026-03-08T13:32:16.923Z</time>
      </trkpt>
      <trkpt lat="48.094962" lon="7.859806">
        <ele>213.802955</ele>
        <time>2026-03-08T13:32:29.016Z</time>
      </trkpt>
      <trkpt lat="48.095106" lon="7.859656">
        <ele>213.655974</ele>
        <time>2026-03-08T13:32:32.419Z</time>
      </trkpt>
      <trkpt lat="48.095177" lon="7.859575">
        <ele>213.581184</ele>
        <time>2026-03-08T13:32:34.155Z</time>
      </trkpt>
      <trkpt lat="48.095266" lon="7.859548">
        <ele>213.505098</ele>
        <time>2026-03-08T13:32:35.917Z</time>
      </trkpt>
      <trkpt lat="48.095416" lon="7.859422">
        <ele>213.360989</ele>
        <time>2026-03-08T13:32:39.262Z</time>
      </trkpt>
      <trkpt lat="48.095462" lon="7.859340">
        <ele>213.301062</ele>
        <time>2026-03-08T13:32:40.644Z</time>
      </trkpt>
      <trkpt lat="48.095502" lon="7.859316">
        <ele>213.264956</ele>
        <time>2026-03-08T13:32:41.472Z</time>
      </trkpt>
      <trkpt lat="48.095639" lon="7.859225">
        <ele>213.139379</ele>
        <time>2026-03-08T13:32:44.347Z</time>
      </trkpt>
      <trkpt lat="48.095738" lon="7.859154">
        <ele>213.047405</ele>
        <time>2026-03-08T13:32:46.452Z</time>
      </trkpt>
      <trkpt lat="48.095921" lon="7.859018">
        <ele>212.876226</ele>
        <time>2026-03-08T13:32:50.349Z</time>
      </trkpt>
      <trkpt lat="48.096786" lon="7.858375">
        <ele>212.089940</ele>
        <time>2026-03-08T13:33:09.643Z</time>
      </trkpt>
      <trkpt lat="48.097374" lon="7.857830">
        <ele>211.557302</ele>
        <time>2026-03-08T13:33:23.627Z</time>
      </trkpt>
      <trkpt lat="48.097430" lon="7.857772">
        <ele>211.504856</ele>
        <time>2026-03-08T13:33:24.973Z</time>
      </trkpt>
      <trkpt lat="48.097673" lon="7.857486">
        <ele>211.266794</ele>
        <time>2026-03-08T13:33:31.075Z</time>
      </trkpt>
      <trkpt lat="48.098106" lon="7.856975">
        <ele>210.892449</ele>
        <time>2026-03-08T13:33:41.819Z</time>
      </trkpt>
      <trkpt lat="48.098391" lon="7.856567">
        <ele>210.713033</ele>
        <time>2026-03-08T13:33:49.489Z</time>
      </trkpt>
      <trkpt lat="48.098559" lon="7.856288">
        <ele>210.598875</ele>
        <time>2026-03-08T13:33:54.662Z</time>
      </trkpt>
      <trkpt lat="48.098714" lon="7.856007">
        <ele>210.488122</ele>
        <time>2026-03-08T13:33:59.815Z</time>
      </trkpt>
      <trkpt lat="48.098959" lon="7.855578">
        <ele>210.316589</ele>
        <time>2026-03-08T13:34:07.759Z</time>
      </trkpt>
      <trkpt lat="48.099031" lon="7.855453">
        <ele>210.266427</ele>
        <time>2026-03-08T13:34:10.113Z</time>
      </trkpt>
      <trkpt lat="48.099145" lon="7.855286">
        <ele>210.193858</ele>
        <time>2026-03-08T13:34:13.550Z</time>
      </trkpt>
      <trkpt lat="48.099275" lon="7.855131">
        <ele>210.118328</ele>
        <time>2026-03-08T13:34:17.206Z</time>
      </trkpt>
      <trkpt lat="48.099479" lon="7.854954">
        <ele>210.011368</ele>
        <time>2026-03-08T13:34:22.424Z</time>
      </trkpt>
      <trkpt lat="48.099789" lon="7.854691">
        <ele>209.849729</ele>
        <time>2026-03-08T13:34:30.330Z</time>
      </trkpt>
      <trkpt lat="48.099846" lon="7.854642">
        <ele>209.819912</ele>
        <time>2026-03-08T13:34:31.810Z</time>
      </trkpt>
      <trkpt lat="48.100548" lon="7.854044">
        <ele>209.453516</ele>
        <time>2026-03-08T13:34:48.353Z</time>
      </trkpt>
      <trkpt lat="48.101140" lon="7.853539">
        <ele>209.008993</ele>
        <time>2026-03-08T13:35:01.415Z</time>
      </trkpt>
      <trkpt lat="48.101219" lon="7.853471">
        <ele>208.937592</ele>
        <time>2026-03-08T13:35:03.150Z</time>
      </trkpt>
      <trkpt lat="48.101278" lon="7.853431">
        <ele>208.886843</ele>
        <time>2026-03-08T13:35:04.406Z</time>
      </trkpt>
      <trkpt lat="48.101356" lon="7.853373">
        <ele>208.818603</ele>
        <time>2026-03-08T13:35:06.075Z</time>
      </trkpt>
      <trkpt lat="48.102206" lon="7.852718">
        <ele>208.069548</ele>
        <time>2026-03-08T13:35:25.018Z</time>
      </trkpt>
      <trkpt lat="48.102599" lon="7.852452">
        <ele>207.773353</ele>
        <time>2026-03-08T13:35:34.045Z</time>
      </trkpt>
      <trkpt lat="48.102912" lon="7.852311">
        <ele>207.573604</ele>
        <time>2026-03-08T13:35:40.870Z</time>
      </trkpt>
      <trkpt lat="48.103211" lon="7.852239">
        <ele>207.388531</ele>
        <time>2026-03-08T13:35:47.160Z</time>
      </trkpt>
      <trkpt lat="48.103842" lon="7.852066">
        <ele>206.996503</ele>
        <time>2026-03-08T13:36:00.091Z</time>
      </trkpt>
      <trkpt lat="48.104516" lon="7.851990">
        <ele>206.516125</ele>
        <time>2026-03-08T13:36:13.170Z</time>
      </trkpt>
      <trkpt lat="48.105102" lon="7.851863">
        <ele>206.052213</ele>
        <time>2026-03-08T13:36:24.846Z</time>
      </trkpt>
      <trkpt lat="48.105443" lon="7.851800">
        <ele>205.783015</ele>
        <time>2026-03-08T13:36:31.575Z</time>
      </trkpt>
      <trkpt lat="48.106151" lon="7.851658">
        <ele>205.389491</ele>
        <time>2026-03-08T13:36:45.801Z</time>
      </trkpt>
      <trkpt lat="48.106596" lon="7.851571">
        <ele>205.346118</ele>
        <time>2026-03-08T13:36:55.701Z</time>
      </trkpt>
      <trkpt lat="48.106754" lon="7.851531">
        <ele>205.330632</ele>
        <time>2026-03-08T13:36:59.365Z</time>
      </trkpt>
      <trkpt lat="48.106989" lon="7.851421">
        <ele>205.306836</ele>
        <time>2026-03-08T13:37:04.976Z</time>
      </trkpt>
      <trkpt lat="48.107138" lon="7.851343">
        <ele>205.291581</ele>
        <time>2026-03-08T13:37:08.480Z</time>
      </trkpt>
      <trkpt lat="48.107209" lon="7.851301">
        <ele>205.284203</ele>
        <time>2026-03-08T13:37:10.148Z</time>
      </trkpt>
      <trkpt lat="48.107317" lon="7.851225">
        <ele>205.272670</ele>
        <time>2026-03-08T13:37:12.753Z</time>
      </trkpt>
      <trkpt lat="48.107493" lon="7.851103">
        <ele>205.253927</ele>
        <time>2026-03-08T13:37:17.149Z</time>
      </trkpt>
      <trkpt lat="48.107557" lon="7.851053">
        <ele>205.246950</ele>
        <time>2026-03-08T13:37:18.793Z</time>
      </trkpt>
      <trkpt lat="48.107638" lon="7.850993">
        <ele>205.235965</ele>
        <time>2026-03-08T13:37:20.859Z</time>
      </trkpt>
      <trkpt lat="48.107772" lon="7.850892">
        <ele>205.181619</ele>
        <time>2026-03-08T13:37:24.332Z</time>
      </trkpt>
      <trkpt lat="48.107819" lon="7.850849">
        <ele>205.161666</ele>
        <time>2026-03-08T13:37:25.618Z</time>
      </trkpt>
      <trkpt lat="48.107955" lon="7.850735">
        <ele>205.105205</ele>
        <time>2026-03-08T13:37:29.188Z</time>
      </trkpt>
      <trkpt lat="48.108051" lon="7.850628">
        <ele>205.061852</ele>
        <time>2026-03-08T13:37:31.886Z</time>
      </trkpt>
      <trkpt lat="48.108107" lon="7.850546">
        <ele>205.033479</ele>
        <time>2026-03-08T13:37:33.652Z</time>
      </trkpt>
      <trkpt lat="48.108202" lon="7.850359">
        <ele>204.976640</ele>
        <time>2026-03-08T13:37:37.217Z</time>
      </trkpt>
      <trkpt lat="48.108254" lon="7.850212">
        <ele>204.936399</ele>
        <time>2026-03-08T13:37:39.669Z</time>
      </trkpt>
      <trkpt lat="48.108349" lon="7.849680">
        <ele>204.803187</ele>
        <time>2026-03-08T13:37:47.281Z</time>
      </trkpt>
      <trkpt lat="48.108404" lon="7.849466">
        <ele>204.747719</ele>
        <time>2026-03-08T13:37:50.354Z</time>
      </trkpt>
      <trkpt lat="48.108502" lon="7.849225">
        <ele>204.679462</ele>
        <time>2026-03-08T13:37:54.088Z</time>
      </trkpt>
      <trkpt lat="48.108683" lon="7.848963">
        <ele>204.588268</ele>
        <time>2026-03-08T13:37:58.988Z</time>
      </trkpt>
      <trkpt lat="48.108972" lon="7.848730">
        <ele>204.357696</ele>
        <time>2026-03-08T13:38:05.258Z</time>
      </trkpt>
      <trkpt lat="48.109299" lon="7.848576">
        <ele>204.116067</ele>
        <time>2026-03-08T13:38:11.765Z</time>
      </trkpt>
      <trkpt lat="48.110128" lon="7.848434">
        <ele>203.527898</ele>
        <time>2026-03-08T13:38:28.299Z</time>
      </trkpt>
      <trkpt lat="48.110416" lon="7.848341">
        <ele>203.320223</ele>
        <time>2026-03-08T13:38:34.436Z</time>
      </trkpt>
      <trkpt lat="48.111084" lon="7.847978">
        <ele>203.305102</ele>
        <time>2026-03-08T13:38:50.499Z</time>
      </trkpt>
      <trkpt lat="48.111463" lon="7.847769">
        <ele>203.296862</ele>
        <time>2026-03-08T13:39:00.026Z</time>
      </trkpt>
      <trkpt lat="48.111888" lon="7.847525">
        <ele>203.287577</ele>
        <time>2026-03-08T13:39:10.235Z</time>
      </trkpt>
      <trkpt lat="48.112525" lon="7.847161">
        <ele>203.016283</ele>
        <time>2026-03-08T13:39:24.828Z</time>
      </trkpt>
      <trkpt lat="48.113201" lon="7.846782">
        <ele>202.590419</ele>
        <time>2026-03-08T13:39:39.801Z</time>
      </trkpt>
      <trkpt lat="48.113405" lon="7.846667">
        <ele>202.461817</ele>
        <time>2026-03-08T13:39:44.079Z</time>
      </trkpt>
      <trkpt lat="48.113319" lon="7.846341">
        <ele>202.323740</ele>
        <time>2026-03-08T13:39:48.636Z</time>
      </trkpt>
      <trkpt lat="48.113086" lon="7.845451">
        <ele>201.798293</ele>
        <time>2026-03-08T13:40:00.639Z</time>
      </trkpt>
      <trkpt lat="48.112810" lon="7.844398">
        <ele>201.111028</ele>
        <time>2026-03-08T13:40:14.840Z</time>
      </trkpt>
      <trkpt lat="48.112444" lon="7.843001">
        <ele>200.579876</ele>
        <time>2026-03-08T13:40:35.492Z</time>
      </trkpt>
      <trkpt lat="48.112235" lon="7.842747">
        <ele>200.576600</ele>
        <time>2026-03-08T13:40:41.986Z</time>
      </trkpt>
      <trkpt lat="48.112007" lon="7.842338">
        <ele>200.572269</ele>
        <time>2026-03-08T13:40:50.625Z</time>
      </trkpt>
      <trkpt lat="48.111917" lon="7.842194">
        <ele>200.570665</ele>
        <time>2026-03-08T13:40:53.804Z</time>
      </trkpt>
      <trkpt lat="48.111367" lon="7.841545">
        <ele>200.553938</ele>
        <time>2026-03-08T13:41:10.599Z</time>
      </trkpt>
      <trkpt lat="48.111098" lon="7.841316">
        <ele>200.519240</ele>
        <time>2026-03-08T13:41:17.751Z</time>
      </trkpt>
      <trkpt lat="48.110648" lon="7.841009">
        <ele>200.463789</ele>
        <time>2026-03-08T13:41:28.923Z</time>
      </trkpt>
      <trkpt lat="48.109894" lon="7.840558">
        <ele>200.372743</ele>
        <time>2026-03-08T13:41:47.216Z</time>
      </trkpt>
      <trkpt lat="48.109775" lon="7.840430">
        <ele>200.343584</ele>
        <time>2026-03-08T13:41:50.443Z</time>
      </trkpt>
      <trkpt lat="48.109879" lon="7.840025">
        <ele>200.230472</ele>
        <time>2026-03-08T13:41:56.524Z</time>
      </trkpt>
      <trkpt lat="48.110620" lon="7.837815">
        <ele>199.688921</ele>
        <time>2026-03-08T13:42:30.658Z</time>
      </trkpt>
      <trkpt lat="48.111086" lon="7.836394">
        <ele>199.855746</ele>
        <time>2026-03-08T13:42:54.134Z</time>
      </trkpt>
      <trkpt lat="48.111598" lon="7.834569">
        <ele>200.234608</ele>
        <time>2026-03-08T13:43:27.636Z</time>
      </trkpt>
      <trkpt lat="48.111897" lon="7.833938">
        <ele>200.430651</ele>
        <time>2026-03-08T13:43:40.183Z</time>
      </trkpt>
      <trkpt lat="48.112090" lon="7.833405">
        <ele>200.584275</ele>
        <time>2026-03-08T13:43:49.146Z</time>
      </trkpt>
      <trkpt lat="48.112346" lon="7.832677">
        <ele>200.438441</ele>
        <time>2026-03-08T13:44:00.360Z</time>
      </trkpt>
      <trkpt lat="48.112886" lon="7.830981">
        <ele>199.905139</ele>
        <time>2026-03-08T13:44:26.341Z</time>
      </trkpt>
      <trkpt lat="48.113290" lon="7.830202">
        <ele>199.682784</ele>
        <time>2026-03-08T13:44:39.826Z</time>
      </trkpt>
      <trkpt lat="48.113562" lon="7.829376">
        <ele>199.485229</ele>
        <time>2026-03-08T13:44:52.759Z</time>
      </trkpt>
      <trkpt lat="48.113861" lon="7.828206">
        <ele>199.215683</ele>
        <time>2026-03-08T13:45:10.710Z</time>
      </trkpt>
      <trkpt lat="48.114210" lon="7.827150">
        <ele>198.959812</ele>
        <time>2026-03-08T13:45:28.192Z</time>
      </trkpt>
      <trkpt lat="48.114414" lon="7.826607">
        <ele>198.824511</ele>
        <time>2026-03-08T13:45:37.409Z</time>
      </trkpt>
      <trkpt lat="48.114674" lon="7.826041">
        <ele>198.600285</ele>
        <time>2026-03-08T13:45:46.518Z</time>
      </trkpt>
      <trkpt lat="48.114866" lon="7.825703">
        <ele>198.187446</ele>
        <time>2026-03-08T13:45:51.929Z</time>
      </trkpt>
      <trkpt lat="48.114926" lon="7.825641">
        <ele>198.085880</ele>
        <time>2026-03-08T13:45:53.250Z</time>
      </trkpt>
      <trkpt lat="48.115035" lon="7.825530">
        <ele>197.902226</ele>
        <time>2026-03-08T13:45:55.612Z</time>
      </trkpt>
      <trkpt lat="48.115050" lon="7.825515">
        <ele>197.877096</ele>
        <time>2026-03-08T13:45:55.938Z</time>
      </trkpt>
      <trkpt lat="48.115284" lon="7.825275">
        <ele>197.481935</ele>
        <time>2026-03-08T13:46:01.005Z</time>
      </trkpt>
      <trkpt lat="48.115296" lon="7.825268">
        <ele>197.463991</ele>
        <time>2026-03-08T13:46:01.234Z</time>
      </trkpt>
      <trkpt lat="48.115744" lon="7.824895">
        <ele>196.749811</ele>
        <time>2026-03-08T13:46:10.485Z</time>
      </trkpt>
      <trkpt lat="48.116246" lon="7.824422">
        <ele>196.050456</ele>
        <time>2026-03-08T13:46:21.400Z</time>
      </trkpt>
      <trkpt lat="48.117151" lon="7.823322">
        <ele>195.194468</ele>
        <time>2026-03-08T13:46:45.021Z</time>
      </trkpt>
      <trkpt lat="48.117381" lon="7.823114">
        <ele>194.997144</ele>
        <time>2026-03-08T13:46:50.534Z</time>
      </trkpt>
      <trkpt lat="48.117567" lon="7.822946">
        <ele>194.847217</ele>
        <time>2026-03-08T13:46:55.029Z</time>
      </trkpt>
      <trkpt lat="48.117887" lon="7.822715">
        <ele>194.661336</ele>
        <time>2026-03-08T13:47:02.455Z</time>
      </trkpt>
      <trkpt lat="48.118072" lon="7.822651">
        <ele>194.561981</ele>
        <time>2026-03-08T13:47:06.386Z</time>
      </trkpt>
      <trkpt lat="48.118387" lon="7.822567">
        <ele>194.394555</ele>
        <time>2026-03-08T13:47:12.874Z</time>
      </trkpt>
      <trkpt lat="48.118607" lon="7.822572">
        <ele>194.279420</ele>
        <time>2026-03-08T13:47:17.326Z</time>
      </trkpt>
      <trkpt lat="48.118882" lon="7.822593">
        <ele>194.135331</ele>
        <time>2026-03-08T13:47:22.907Z</time>
      </trkpt>
      <trkpt lat="48.119215" lon="7.822514">
        <ele>193.958906</ele>
        <time>2026-03-08T13:47:29.843Z</time>
      </trkpt>
      <trkpt lat="48.119355" lon="7.822405">
        <ele>193.899436</ele>
        <time>2026-03-08T13:47:33.125Z</time>
      </trkpt>
      <trkpt lat="48.119810" lon="7.821896">
        <ele>193.730657</ele>
        <time>2026-03-08T13:47:44.863Z</time>
      </trkpt>
      <trkpt lat="48.120073" lon="7.821459">
        <ele>193.613919</ele>
        <time>2026-03-08T13:47:52.932Z</time>
      </trkpt>
      <trkpt lat="48.120224" lon="7.821180">
        <ele>193.542657</ele>
        <time>2026-03-08T13:47:58.148Z</time>
      </trkpt>
      <trkpt lat="48.120432" lon="7.820722">
        <ele>193.432752</ele>
        <time>2026-03-08T13:48:06.347Z</time>
      </trkpt>
      <trkpt lat="48.120543" lon="7.820417">
        <ele>193.390517</ele>
        <time>2026-03-08T13:48:11.567Z</time>
      </trkpt>
      <trkpt lat="48.120580" lon="7.820261">
        <ele>193.385592</ele>
        <time>2026-03-08T13:48:14.046Z</time>
      </trkpt>
      <trkpt lat="48.120684" lon="7.819831">
        <ele>193.371987</ele>
        <time>2026-03-08T13:48:20.791Z</time>
      </trkpt>
      <trkpt lat="48.120954" lon="7.819266">
        <ele>193.351316</ele>
        <time>2026-03-08T13:48:30.668Z</time>
      </trkpt>
      <trkpt lat="48.121041" lon="7.819112">
        <ele>193.345315</ele>
        <time>2026-03-08T13:48:33.622Z</time>
      </trkpt>
      <trkpt lat="48.121191" lon="7.818845">
        <ele>193.334934</ele>
        <time>2026-03-08T13:48:38.720Z</time>
      </trkpt>
      <trkpt lat="48.121239" lon="7.818758">
        <ele>193.331577</ele>
        <time>2026-03-08T13:48:40.372Z</time>
      </trkpt>
      <trkpt lat="48.121613" lon="7.818093">
        <ele>193.314440</ele>
        <time>2026-03-08T13:48:53.548Z</time>
      </trkpt>
      <trkpt lat="48.121768" lon="7.817878">
        <ele>193.313804</ele>
        <time>2026-03-08T13:48:58.741Z</time>
      </trkpt>
      <trkpt lat="48.121795" lon="7.817846">
        <ele>193.313701</ele>
        <time>2026-03-08T13:48:59.595Z</time>
      </trkpt>
      <trkpt lat="48.121834" lon="7.817800">
        <ele>193.313551</ele>
        <time>2026-03-08T13:49:00.784Z</time>
      </trkpt>
      <trkpt lat="48.121979" lon="7.817627">
        <ele>193.312993</ele>
        <time>2026-03-08T13:49:05.256Z</time>
      </trkpt>
      <trkpt lat="48.122052" lon="7.817539">
        <ele>193.312711</ele>
        <time>2026-03-08T13:49:07.511Z</time>
      </trkpt>
      <trkpt lat="48.122146" lon="7.817438">
        <ele>193.312363</ele>
        <time>2026-03-08T13:49:10.158Z</time>
      </trkpt>
      <trkpt lat="48.122268" lon="7.817314">
        <ele>193.311919</ele>
        <time>2026-03-08T13:49:13.577Z</time>
      </trkpt>
      <trkpt lat="48.122435" lon="7.817149">
        <ele>193.311317</ele>
        <time>2026-03-08T13:49:18.241Z</time>
      </trkpt>
      <trkpt lat="48.122454" lon="7.817131">
        <ele>193.311249</ele>
        <time>2026-03-08T13:49:18.751Z</time>
      </trkpt>
      <trkpt lat="48.122481" lon="7.817108">
        <ele>193.311155</ele>
        <time>2026-03-08T13:49:19.487Z</time>
      </trkpt>
      <trkpt lat="48.122640" lon="7.816977">
        <ele>193.310609</ele>
        <time>2026-03-08T13:49:23.695Z</time>
      </trkpt>
      <trkpt lat="48.122816" lon="7.816864">
        <ele>193.310033</ele>
        <time>2026-03-08T13:49:27.998Z</time>
      </trkpt>
      <trkpt lat="48.122965" lon="7.816762">
        <ele>193.294851</ele>
        <time>2026-03-08T13:49:31.613Z</time>
      </trkpt>
      <trkpt lat="48.123098" lon="7.816664">
        <ele>193.239040</ele>
        <time>2026-03-08T13:49:34.839Z</time>
      </trkpt>
      <trkpt lat="48.123080" lon="7.816514">
        <ele>193.200732</ele>
        <time>2026-03-08T13:49:36.935Z</time>
      </trkpt>
      <trkpt lat="48.123120" lon="7.816343">
        <ele>193.155188</ele>
        <time>2026-03-08T13:49:39.387Z</time>
      </trkpt>
      <trkpt lat="48.123139" lon="7.816275">
        <ele>193.136658</ele>
        <time>2026-03-08T13:49:40.360Z</time>
      </trkpt>
      <trkpt lat="48.123291" lon="7.815728">
        <ele>192.987730</ele>
        <time>2026-03-08T13:49:48.159Z</time>
      </trkpt>
      <trkpt lat="48.123318" lon="7.815630">
        <ele>192.961081</ele>
        <time>2026-03-08T13:49:49.576Z</time>
      </trkpt>
      <trkpt lat="48.123324" lon="7.815608">
        <ele>192.955108</ele>
        <time>2026-03-08T13:49:49.901Z</time>
      </trkpt>
      <trkpt lat="48.123372" lon="7.815431">
        <ele>192.907087</ele>
        <time>2026-03-08T13:49:52.606Z</time>
      </trkpt>
      <trkpt lat="48.123544" lon="7.814814">
        <ele>192.739021</ele>
        <time>2026-03-08T13:50:02.126Z</time>
      </trkpt>
      <trkpt lat="48.123066" lon="7.814508">
        <ele>192.632387</ele>
        <time>2026-03-08T13:50:14.130Z</time>
      </trkpt>
      <trkpt lat="48.122858" lon="7.814383">
        <ele>192.632387</ele>
        <time>2026-03-08T13:50:19.408Z</time>
      </trkpt>
      <trkpt lat="48.122693" lon="7.814284">
        <ele>192.632387</ele>
        <time>2026-03-08T13:50:23.605Z</time>
      </trkpt>
      <trkpt lat="48.122290" lon="7.814199">
        <ele>192.632387</ele>
        <time>2026-03-08T13:50:33.271Z</time>
      </trkpt>
    </trkseg>
  </trk>
</gpx>