planned max heading rate: 40 deg/s
track: 5922 samples, 59210 m, duration 46.0 s, photos at [9.057210238170379, 24.78300060728287, 35.38859300891116]
[cam] pitch=60.0 heading=125.8 dist=2500 center=48.09641,7.89868
[cam] pitch=60.0 heading=125.8 dist=2500 center=48.09641,7.89868
[cam] pitch=30.0 heading=125.8 dist=2500 center=48.09641,7.89868
Invalid c3mm file!
Invalid c3mm file!
[cam] pitch=60.0 heading=125.6 dist=2500 center=48.09619,7.89882
[cam] pitch=60.0 heading=125.5 dist=2500 center=48.09596,7.89889
[cam] pitch=60.0 heading=125.1 dist=2500 center=48.09547,7.89892
[cam] pitch=60.0 heading=124.9 dist=2500 center=48.09526,7.89892
Invalid c3mm file!
[cam] pitch=60.0 heading=124.7 dist=2500 center=48.09503,7.89891
[cam] pitch=60.0 heading=124.5 dist=2500 center=48.09480,7.89891
[cam] pitch=60.0 heading=124.3 dist=2500 center=48.09457,7.89892
[cam] pitch=60.0 heading=124.1 dist=2500 center=48.09437,7.89907
[cam] pitch=60.0 heading=123.9 dist=2500 center=48.09423,7.89936
[cam] pitch=60.0 heading=123.6 dist=2500 center=48.09410,7.89967
[cam] pitch=60.0 heading=123.1 dist=2500 center=48.09384,7.90028
[cam] pitch=60.0 heading=122.9 dist=2500 center=48.09371,7.90059
[cam] pitch=60.0 heading=122.6 dist=2500 center=48.09358,7.90090
[cam] pitch=60.0 heading=122.4 dist=2500 center=48.09340,7.90083
[cam] pitch=60.0 heading=122.1 dist=2500 center=48.09321,7.90067
[cam] pitch=60.0 heading=121.9 dist=2500 center=48.09301,7.90050
[cam] pitch=60.0 heading=121.6 dist=2500 center=48.09281,7.90034
[cam] pitch=60.0 heading=121.4 dist=2500 center=48.09269,7.90037
[cam] pitch=60.0 heading=121.2 dist=2500 center=48.09267,7.90074
[cam] pitch=60.0 heading=120.9 dist=2500 center=48.09262,7.90110
[cam] pitch=60.0 heading=120.8 dist=2500 center=48.09261,7.90141
[cam] pitch=60.0 heading=120.6 dist=2500 center=48.09284,7.90157
[cam] pitch=60.0 heading=120.4 dist=2500 center=48.09302,7.90183
[cam] pitch=60.0 heading=120.3 dist=2500 center=48.09312,7.90217
[cam] pitch=60.0 heading=120.2 dist=2500 center=48.09314,7.90254
[cam] pitch=60.0 heading=120.0 dist=2500 center=48.09312,7.90291
[cam] pitch=60.0 heading=120.0 dist=2500 center=48.09307,7.90327
[cam] pitch=60.0 heading=119.9 dist=2500 center=48.09300,7.90362
[cam] pitch=60.0 heading=119.8 dist=2500 center=48.09312,7.90380
[cam] pitch=60.0 heading=119.8 dist=2500 center=48.09336,7.90387
[cam] pitch=60.0 heading=119.7 dist=2500 center=48.09360,7.90394
[cam] pitch=60.0 heading=119.7 dist=2500 center=48.09378,7.90413
[cam] pitch=60.0 heading=119.7 dist=2500 center=48.09387,7.90447
[cam] pitch=60.0 heading=119.6 dist=2500 center=48.09396,7.90480
[cam] pitch=60.0 heading=119.6 dist=2500 center=48.09401,7.90515
[cam] pitch=60.0 heading=119.5 dist=2500 center=48.09405,7.90547
[cam] pitch=60.0 heading=119.5 dist=2500 center=48.09421,7.90571
[cam] pitch=60.0 heading=119.4 dist=2500 center=48.09405,7.90591
[cam] pitch=60.0 heading=119.3 dist=2500 center=48.09384,7.90606
[cam] pitch=60.0 heading=119.3 dist=2500 center=48.09362,7.90622
[cam] pitch=60.0 heading=119.2 dist=2500 center=48.09340,7.90636
[cam] pitch=60.0 heading=119.1 dist=2500 center=48.09318,7.90650
[cam] pitch=60.0 heading=119.0 dist=2500 center=48.09297,7.90665
[cam] pitch=60.0 heading=118.9 dist=2500 center=48.09276,7.90682
[cam] pitch=60.0 heading=118.8 dist=2500 center=48.09257,7.90703
[cam] pitch=60.0 heading=118.6 dist=2500 center=48.09238,7.90724
[cam] pitch=60.0 heading=118.5 dist=2500 center=48.09219,7.90746
[cam] pitch=60.0 heading=118.4 dist=2500 center=48.09201,7.90769
[cam] pitch=60.0 heading=118.2 dist=2500 center=48.09183,7.90793
[cam] pitch=60.0 heading=118.1 dist=2500 center=48.09167,7.90819
[cam] pitch=60.0 heading=117.9 dist=2500 center=48.09151,7.90846
[cam] pitch=60.0 heading=117.8 dist=2500 center=48.09135,7.90872
[cam] pitch=60.0 heading=117.6 dist=2500 center=48.09119,7.90898
[cam] pitch=60.0 heading=117.4 dist=2500 center=48.09105,7.90923
[cam] pitch=60.0 heading=117.2 dist=2500 center=48.09091,7.90952
[cam] pitch=60.0 heading=117.0 dist=2500 center=48.09074,7.90976
[cam] pitch=60.0 heading=116.6 dist=2500 center=48.09030,7.90986
[cam] pitch=60.0 heading=116.4 dist=2500 center=48.09011,7.90972
[cam] pitch=60.0 heading=116.2 dist=2500 center=48.08991,7.90971
[cam] pitch=60.0 heading=116.0 dist=2500 center=48.08981,7.90997
[cam] pitch=60.0 heading=115.8 dist=2500 center=48.08987,7.91032
[cam] pitch=60.0 heading=115.6 dist=2500 center=48.08987,7.91069
[cam] pitch=60.0 heading=115.4 dist=2500 center=48.08986,7.91106
[cam] pitch=60.0 heading=115.1 dist=2500 center=48.08985,7.91143
[cam] pitch=60.0 heading=114.9 dist=2500 center=48.08985,7.91180
[cam] pitch=60.0 heading=114.6 dist=2500 center=48.08969,7.91189
[cam] pitch=60.0 heading=114.4 dist=2500 center=48.08946,7.91193
[cam] pitch=60.0 heading=114.1 dist=2500 center=48.08925,7.91202
[cam] pitch=60.0 heading=113.8 dist=2500 center=48.08903,7.91212
[cam] pitch=60.0 heading=113.5 dist=2500 center=48.08883,7.91226
[cam] pitch=60.0 heading=113.2 dist=2500 center=48.08864,7.91245
[cam] pitch=60.0 heading=112.9 dist=2500 center=48.08847,7.91268
[cam] pitch=60.0 heading=112.6 dist=2500 center=48.08831,7.91293
[cam] pitch=60.0 heading=112.3 dist=2500 center=48.08816,7.91319
[cam] pitch=60.0 heading=112.0 dist=2500 center=48.08803,7.91347
[cam] pitch=60.0 heading=111.7 dist=2500 center=48.08790,7.91376
[cam] pitch=60.0 heading=111.4 dist=2500 center=48.08778,7.91406
[cam] pitch=60.0 heading=111.1 dist=2500 center=48.08766,7.91435
[cam] pitch=60.0 heading=110.7 dist=2500 center=48.08754,7.91465
[cam] pitch=60.0 heading=110.4 dist=2500 center=48.08745,7.91497
[cam] pitch=60.0 heading=110.1 dist=2500 center=48.08735,7.91529
[cam] pitch=60.0 heading=109.7 dist=2500 center=48.08725,7.91560
[cam] pitch=60.0 heading=109.3 dist=2500 center=48.08715,7.91592
[cam] pitch=60.0 heading=109.0 dist=2500 center=48.08702,7.91619
[cam] pitch=60.0 heading=108.6 dist=2500 center=48.08685,7.91639
[cam] pitch=60.0 heading=108.2 dist=2500 center=48.08665,7.91653
[cam] pitch=60.0 heading=107.9 dist=2500 center=48.08646,7.91666
[cam] pitch=60.0 heading=107.5 dist=2500 center=48.08633,7.91692
[cam] pitch=60.0 heading=107.1 dist=2500 center=48.08623,7.91724
[cam] pitch=60.0 heading=106.7 dist=2500 center=48.08612,7.91754
[cam] pitch=60.0 heading=106.3 dist=2500 center=48.08601,7.91784
[cam] pitch=60.0 heading=106.0 dist=2500 center=48.08589,7.91814
[cam] pitch=60.0 heading=105.6 dist=2500 center=48.08579,7.91846
[cam] pitch=60.0 heading=105.2 dist=2500 center=48.08574,7.91881
[cam] pitch=60.0 heading=104.8 dist=2500 center=48.08571,7.91916
[cam] pitch=60.0 heading=104.5 dist=2500 center=48.08575,7.91953
[cam] pitch=60.0 heading=104.1 dist=2500 center=48.08578,7.91990
[cam] pitch=60.0 heading=103.7 dist=2500 center=48.08578,7.92026
Invalid c3mm file!
[cam] pitch=60.0 heading=103.3 dist=2500 center=48.08573,7.92061
[cam] pitch=60.0 heading=103.0 dist=2500 center=48.08567,7.92096
[cam] pitch=60.0 heading=102.6 dist=2500 center=48.08560,7.92129
[cam] pitch=60.0 heading=102.2 dist=2500 center=48.08556,7.92164
[cam] pitch=60.0 heading=101.9 dist=2500 center=48.08558,7.92201
[cam] pitch=60.0 heading=101.5 dist=2500 center=48.08560,7.92237
[cam] pitch=60.0 heading=101.2 dist=2500 center=48.08560,7.92274
Invalid c3mm file!
[cam] pitch=60.0 heading=100.8 dist=2500 center=48.08555,7.92309
[cam] pitch=60.0 heading=100.4 dist=2500 center=48.08549,7.92343
[cam] pitch=60.0 heading=100.1 dist=2500 center=48.08547,7.92378
[cam] pitch=60.0 heading=99.8 dist=2500 center=48.08554,7.92414
[cam] pitch=60.0 heading=99.4 dist=2500 center=48.08562,7.92450
[cam] pitch=60.0 heading=99.1 dist=2500 center=48.08569,7.92485
[cam] pitch=60.0 heading=98.7 dist=2500 center=48.08575,7.92522
[cam] pitch=60.0 heading=98.4 dist=2500 center=48.08578,7.92558
[cam] pitch=60.0 heading=98.0 dist=2500 center=48.08576,7.92594
[cam] pitch=60.0 heading=97.7 dist=2500 center=48.08573,7.92629
[cam] pitch=60.0 heading=97.3 dist=2500 center=48.08571,7.92665
[cam] pitch=60.0 heading=97.0 dist=2500 center=48.08571,7.92701
[cam] pitch=60.0 heading=96.7 dist=2500 center=48.08572,7.92737
[cam] pitch=60.0 heading=96.3 dist=2500 center=48.08573,7.92773
[cam] pitch=60.0 heading=96.0 dist=2500 center=48.08572,7.92809
[cam] pitch=60.0 heading=95.7 dist=2500 center=48.08566,7.92843
[cam] pitch=60.0 heading=95.3 dist=2500 center=48.08557,7.92875
[cam] pitch=60.0 heading=95.0 dist=2500 center=48.08553,7.92910
[cam] pitch=60.0 heading=94.7 dist=2500 center=48.08552,7.92946
[cam] pitch=60.0 heading=94.4 dist=2500 center=48.08559,7.92978
[cam] pitch=60.0 heading=94.2 dist=2500 center=48.08577,7.93005
[cam] pitch=60.0 heading=93.9 dist=2500 center=48.08593,7.93034
[cam] pitch=60.0 heading=93.7 dist=2500 center=48.08605,7.93066
[cam] pitch=60.0 heading=93.4 dist=2500 center=48.08615,7.93100
[cam] pitch=60.0 heading=93.2 dist=2500 center=48.08622,7.93135
[cam] pitch=60.0 heading=93.0 dist=2500 center=48.08634,7.93167
[cam] pitch=60.0 heading=92.8 dist=2500 center=48.08654,7.93189
[cam] pitch=60.0 heading=92.7 dist=2500 center=48.08678,7.93203
[cam] pitch=60.0 heading=92.5 dist=2500 center=48.08702,7.93214
[cam] pitch=60.0 heading=92.3 dist=2500 center=48.08726,7.93228
[cam] pitch=60.0 heading=92.1 dist=2500 center=48.08749,7.93243
[cam] pitch=60.0 heading=92.0 dist=2500 center=48.08772,7.93261
[cam] pitch=60.0 heading=91.8 dist=2500 center=48.08794,7.93281
[cam] pitch=60.0 heading=91.6 dist=2500 center=48.08806,7.93310
[cam] pitch=60.0 heading=91.4 dist=2500 center=48.08809,7.93347
[cam] pitch=60.0 heading=91.2 dist=2500 center=48.08798,7.93378
[cam] pitch=60.0 heading=90.9 dist=2500 center=48.08781,7.93401
[cam] pitch=60.0 heading=90.7 dist=2500 center=48.08764,7.93425
[cam] pitch=60.0 heading=90.4 dist=2500 center=48.08747,7.93447
[cam] pitch=60.0 heading=90.2 dist=2500 center=48.08729,7.93467
[cam] pitch=60.0 heading=89.9 dist=2500 center=48.08711,7.93488
[cam] pitch=60.0 heading=89.6 dist=2500 center=48.08699,7.93517
[cam] pitch=60.0 heading=89.3 dist=2500 center=48.08688,7.93548
[cam] pitch=60.0 heading=89.1 dist=2500 center=48.08680,7.93580
[cam] pitch=60.0 heading=88.8 dist=2500 center=48.08668,7.93610
[cam] pitch=60.0 heading=88.5 dist=2500 center=48.08652,7.93633
[cam] pitch=60.0 heading=88.2 dist=2500 center=48.08639,7.93657
[cam] pitch=60.0 heading=87.9 dist=2500 center=48.08634,7.93691
[cam] pitch=60.0 heading=87.6 dist=2500 center=48.08632,7.93726
[cam] pitch=60.0 heading=87.3 dist=2500 center=48.08637,7.93761
[cam] pitch=60.0 heading=87.1 dist=2500 center=48.08640,7.93796
[cam] pitch=60.0 heading=86.8 dist=2500 center=48.08636,7.93831
[cam] pitch=60.0 heading=86.5 dist=2500 center=48.08636,7.93866
[cam] pitch=60.0 heading=86.3 dist=2500 center=48.08642,7.93901
[cam] pitch=60.0 heading=86.0 dist=2500 center=48.08658,7.93928
[cam] pitch=60.0 heading=85.8 dist=2500 center=48.08676,7.93954
[cam] pitch=60.0 heading=85.5 dist=2500 center=48.08687,7.93987
[cam] pitch=60.0 heading=85.3 dist=2500 center=48.08697,7.94020
[cam] pitch=60.0 heading=85.1 dist=2500 center=48.08707,7.94053
[cam] pitch=60.0 heading=84.8 dist=2500 center=48.08717,7.94087
[cam] pitch=60.0 heading=84.6 dist=2500 center=48.08727,7.94120
[cam] pitch=60.0 heading=84.4 dist=2500 center=48.08738,7.94153
[cam] pitch=60.0 heading=84.2 dist=2500 center=48.08752,7.94183
[cam] pitch=60.0 heading=84.0 dist=2500 center=48.08766,7.94213
[cam] pitch=60.0 heading=83.9 dist=2500 center=48.08780,7.94244
[cam] pitch=60.0 heading=83.7 dist=2500 center=48.08793,7.94275
[cam] pitch=60.0 heading=83.6 dist=2500 center=48.08802,7.94309
[cam] pitch=60.0 heading=83.4 dist=2500 center=48.08814,7.94337
[cam] pitch=60.0 heading=83.3 dist=2500 center=48.08834,7.94360
[cam] pitch=60.0 heading=83.2 dist=2500 center=48.08854,7.94383
[cam] pitch=60.0 heading=83.0 dist=2500 center=48.08873,7.94406
[cam] pitch=60.0 heading=82.9 dist=2500 center=48.08893,7.94430
[cam] pitch=60.0 heading=82.8 dist=2500 center=48.08912,7.94453
[cam] pitch=60.0 heading=82.7 dist=2500 center=48.08931,7.94477
[cam] pitch=60.0 heading=82.6 dist=2500 center=48.08949,7.94503
[cam] pitch=60.0 heading=82.5 dist=2500 center=48.08964,7.94533
[cam] pitch=60.0 heading=82.4 dist=2500 center=48.08974,7.94567
[cam] pitch=60.0 heading=82.3 dist=2500 center=48.08977,7.94603
[cam] pitch=60.0 heading=82.3 dist=2500 center=48.08980,7.94640
[cam] pitch=60.0 heading=82.2 dist=2500 center=48.08983,7.94677
[cam] pitch=60.0 heading=82.1 dist=2500 center=48.08988,7.94713
[cam] pitch=60.0 heading=82.1 dist=2500 center=48.08998,7.94747
[cam] pitch=60.0 heading=82.0 dist=2500 center=48.09012,7.94778
[cam] pitch=60.0 heading=82.0 dist=2500 center=48.09027,7.94808
[cam] pitch=60.0 heading=81.9 dist=2500 center=48.09041,7.94839
[cam] pitch=60.0 heading=81.9 dist=2500 center=48.09056,7.94869
[cam] pitch=60.0 heading=81.9 dist=2500 center=48.09071,7.94899
[cam] pitch=60.0 heading=81.8 dist=2500 center=48.09085,7.94930
[cam] pitch=60.0 heading=81.8 dist=2500 center=48.09098,7.94962
[cam] pitch=60.0 heading=81.8 dist=2500 center=48.09110,7.94994
[cam] pitch=60.0 heading=81.8 dist=2500 center=48.09120,7.95028
[cam] pitch=60.0 heading=81.8 dist=2500 center=48.09129,7.95063
[cam] pitch=60.0 heading=81.8 dist=2500 center=48.09138,7.95097
[cam] pitch=60.0 heading=81.8 dist=2500 center=48.09147,7.95131
[cam] pitch=60.0 heading=81.8 dist=2500 center=48.09158,7.95164
[cam] pitch=60.0 heading=81.8 dist=2500 center=48.09172,7.95194
[cam] pitch=60.0 heading=81.9 dist=2500 center=48.09186,7.95223
[cam] pitch=60.0 heading=81.9 dist=2500 center=48.09200,7.95253
[cam] pitch=60.0 heading=82.0 dist=2500 center=48.09213,7.95283
[cam] pitch=60.0 heading=82.0 dist=2500 center=48.09216,7.95317
[cam] pitch=60.0 heading=82.1 dist=2500 center=48.09230,7.95345
[cam] pitch=60.0 heading=82.2 dist=2500 center=48.09242,7.95376
[cam] pitch=60.0 heading=82.3 dist=2500 center=48.09255,7.95406
[cam] pitch=60.0 heading=82.4 dist=2500 center=48.09270,7.95434
[cam] pitch=60.0 heading=82.5 dist=2500 center=48.09285,7.95460
[cam] pitch=60.0 heading=82.6 dist=2500 center=48.09301,7.95487
[cam] pitch=60.0 heading=82.8 dist=2500 center=48.09318,7.95510
[cam] pitch=60.0 heading=82.9 dist=2500 center=48.09336,7.95533
[cam] pitch=60.0 heading=83.1 dist=2500 center=48.09353,7.95556
[cam] pitch=60.0 heading=83.3 dist=2500 center=48.09371,7.95578
[cam] pitch=60.0 heading=83.5 dist=2500 center=48.09388,7.95599
[cam] pitch=60.0 heading=83.7 dist=2500 center=48.09406,7.95621
[cam] pitch=60.0 heading=83.9 dist=2500 center=48.09423,7.95643
[cam] pitch=60.0 heading=84.1 dist=2500 center=48.09441,7.95664
[cam] pitch=60.0 heading=84.3 dist=2500 center=48.09457,7.95688
[cam] pitch=60.0 heading=84.6 dist=2500 center=48.09471,7.95714
[cam] pitch=60.0 heading=84.8 dist=2500 center=48.09482,7.95743
[cam] pitch=60.0 heading=85.1 dist=2500 center=48.09494,7.95773
[cam] pitch=60.0 heading=85.4 dist=2500 center=48.09512,7.95788
[cam] pitch=60.0 heading=85.6 dist=2500 center=48.09532,7.95800
[cam] pitch=60.0 heading=85.9 dist=2500 center=48.09551,7.95815
[cam] pitch=60.0 heading=86.2 dist=2500 center=48.09565,7.95839
[cam] pitch=60.0 heading=86.5 dist=2500 center=48.09572,7.95871
[cam] pitch=60.0 heading=86.7 dist=2500 center=48.09575,7.95905
[cam] pitch=60.0 heading=87.0 dist=2500 center=48.09578,7.95939
[cam] pitch=60.0 heading=87.2 dist=2500 center=48.09582,7.95972
[cam] pitch=60.0 heading=87.5 dist=2500 center=48.09586,7.96005
[cam] pitch=60.0 heading=87.8 dist=2500 center=48.09590,7.96038
[cam] pitch=60.0 heading=88.0 dist=2500 center=48.09593,7.96072
[cam] pitch=60.0 heading=88.3 dist=2500 center=48.09584,7.96101
[cam] pitch=60.0 heading=88.5 dist=2500 center=48.09565,7.96122
[cam] pitch=60.0 heading=88.8 dist=2500 center=48.09545,7.96141
[cam] pitch=60.0 heading=89.0 dist=2500 center=48.09526,7.96161
[cam] pitch=60.0 heading=89.2 dist=2500 center=48.09518,7.96192
[cam] pitch=60.0 heading=89.5 dist=2500 center=48.09521,7.96224
[cam] pitch=60.0 heading=90.2 dist=2500 center=48.09520,7.96237
[cam] pitch=60.0 heading=90.2 dist=2500 center=48.09520,7.96237
[cam] pitch=60.0 heading=90.6 dist=2500 center=48.09517,7.96237
[cam] pitch=60.0 heading=90.8 dist=2500 center=48.09515,7.96237
[cam] pitch=60.0 heading=91.1 dist=2500 center=48.09514,7.96237
[cam] pitch=60.0 heading=91.3 dist=2500 center=48.09512,7.96237
[cam] pitch=60.0 heading=91.5 dist=2500 center=48.09511,7.96237
[cam] pitch=60.0 heading=91.7 dist=2500 center=48.09509,7.96237
[cam] pitch=60.0 heading=91.9 dist=2500 center=48.09508,7.96237
[cam] pitch=60.0 heading=92.1 dist=2500 center=48.09507,7.96236
[cam] pitch=60.0 heading=92.3 dist=2500 center=48.09505,7.96236
[cam] pitch=60.0 heading=92.5 dist=2500 center=48.09504,7.96236
[cam] pitch=60.0 heading=92.7 dist=2500 center=48.09503,7.96236
[cam] pitch=60.0 heading=92.8 dist=2500 center=48.09501,7.96236
[cam] pitch=60.0 heading=93.0 dist=2500 center=48.09500,7.96236
[cam] pitch=60.0 heading=93.2 dist=2500 center=48.09499,7.96236
[cam] pitch=60.0 heading=93.4 dist=2500 center=48.09497,7.96236
[cam] pitch=60.0 heading=93.6 dist=2500 center=48.09496,7.96236
[cam] pitch=60.0 heading=93.7 dist=2500 center=48.09495,7.96236
[cam] pitch=60.0 heading=93.9 dist=2500 center=48.09494,7.96235
[cam] pitch=60.0 heading=94.1 dist=2500 center=48.09493,7.96235
[cam] pitch=60.0 heading=94.2 dist=2500 center=48.09492,7.96235
[cam] pitch=60.0 heading=94.4 dist=2500 center=48.09490,7.96235
[cam] pitch=60.0 heading=94.5 dist=2500 center=48.09489,7.96235
[cam] pitch=60.0 heading=94.7 dist=2500 center=48.09488,7.96235
[cam] pitch=60.0 heading=94.9 dist=2500 center=48.09487,7.96235
[cam] pitch=60.0 heading=95.0 dist=2500 center=48.09486,7.96235
[cam] pitch=60.0 heading=95.2 dist=2500 center=48.09485,7.96234
[cam] pitch=60.0 heading=95.3 dist=2500 center=48.09484,7.96234
[cam] pitch=60.0 heading=95.5 dist=2500 center=48.09483,7.96234
[cam] pitch=60.0 heading=95.6 dist=2500 center=48.09482,7.96234
[cam] pitch=60.0 heading=95.7 dist=2500 center=48.09481,7.96234
[cam] pitch=60.0 heading=95.9 dist=2500 center=48.09480,7.96234
[cam] pitch=60.0 heading=96.0 dist=2500 center=48.09479,7.96234
[cam] pitch=60.0 heading=96.2 dist=2500 center=48.09478,7.96233
[cam] pitch=60.0 heading=96.3 dist=2500 center=48.09477,7.96233
[cam] pitch=60.0 heading=96.4 dist=2500 center=48.09476,7.96233
[cam] pitch=60.0 heading=96.6 dist=2500 center=48.09475,7.96233
[cam] pitch=60.0 heading=96.7 dist=2500 center=48.09474,7.96233
[cam] pitch=60.0 heading=96.8 dist=2500 center=48.09473,7.96233
[cam] pitch=60.0 heading=96.9 dist=2500 center=48.09473,7.96232
[cam] pitch=60.0 heading=97.1 dist=2500 center=48.09472,7.96232
[cam] pitch=60.0 heading=97.2 dist=2500 center=48.09471,7.96232
[cam] pitch=60.0 heading=97.3 dist=2500 center=48.09470,7.96232
[cam] pitch=60.0 heading=97.4 dist=2500 center=48.09469,7.96232
[cam] pitch=60.0 heading=97.5 dist=2500 center=48.09468,7.96232
[cam] pitch=60.0 heading=97.6 dist=2500 center=48.09468,7.96232
[cam] pitch=60.0 heading=97.8 dist=2500 center=48.09467,7.96231
[cam] pitch=60.0 heading=97.9 dist=2500 center=48.09466,7.96231
[cam] pitch=60.0 heading=98.0 dist=2500 center=48.09465,7.96231
[cam] pitch=60.0 heading=98.1 dist=2500 center=48.09464,7.96231
[cam] pitch=60.0 heading=98.2 dist=2500 center=48.09464,7.96231
[cam] pitch=60.0 heading=98.3 dist=2500 center=48.09463,7.96231
[cam] pitch=60.0 heading=98.4 dist=2500 center=48.09462,7.96230
[cam] pitch=60.0 heading=98.5 dist=2500 center=48.09461,7.96230
[cam] pitch=60.0 heading=98.6 dist=2500 center=48.09461,7.96230
[smooth mode=frame] callbacks=297 (59/s) speedJitter=17.9% stalls=1 maxHeadingRate=30 deg/s
    offset shown-vs-playhead camera: mean=22 m max=54 m (ground speed ~1297 m/s)
[stats mode=frame trail=chunked] t=10.0 ticks=297 fps=59.2 hitches=5 maxDt=36ms avgUpdate=0.03ms trailPts=1482
[cam] pitch=60.0 heading=98.7 dist=2500 center=48.09460,7.96230
[cam] pitch=60.0 heading=98.8 dist=2500 center=48.09459,7.96230
[cam] pitch=60.0 heading=98.9 dist=2500 center=48.09459,7.96230
[cam] pitch=60.0 heading=99.0 dist=2500 center=48.09458,7.96229
[cam] pitch=60.0 heading=99.1 dist=2500 center=48.09457,7.96229
[cam] pitch=60.0 heading=99.2 dist=2500 center=48.09457,7.96229
[cam] pitch=60.0 heading=99.3 dist=2500 center=48.09456,7.96229
[cam] pitch=60.0 heading=99.4 dist=2500 center=48.09455,7.96229
[cam] pitch=60.0 heading=99.5 dist=2500 center=48.09455,7.96229
[cam] pitch=60.0 heading=99.6 dist=2500 center=48.09454,7.96228
[cam] pitch=60.0 heading=99.7 dist=2500 center=48.09453,7.96228
[cam] pitch=60.0 heading=99.8 dist=2500 center=48.09453,7.96228
[cam] pitch=60.0 heading=99.9 dist=2500 center=48.09452,7.96228
[cam] pitch=60.0 heading=100.0 dist=2500 center=48.09451,7.96228
[cam] pitch=60.0 heading=100.0 dist=2500 center=48.09451,7.96228
[cam] pitch=60.0 heading=100.1 dist=2500 center=48.09450,7.96227
[cam] pitch=60.0 heading=100.2 dist=2500 center=48.09450,7.96227
[cam] pitch=60.0 heading=100.3 dist=2500 center=48.09449,7.96227
[cam] pitch=60.0 heading=100.4 dist=2500 center=48.09448,7.96227
[cam] pitch=60.0 heading=100.5 dist=2500 center=48.09448,7.96227
Invalid c3mm file!
[cam] pitch=60.0 heading=100.6 dist=2500 center=48.09447,7.96227
[cam] pitch=60.0 heading=100.6 dist=2500 center=48.09447,7.96226
[cam] pitch=60.0 heading=100.7 dist=2500 center=48.09446,7.96226
[cam] pitch=60.0 heading=100.8 dist=2500 center=48.09446,7.96226
[cam] pitch=60.0 heading=100.9 dist=2500 center=48.09445,7.96226
[cam] pitch=60.0 heading=101.0 dist=2500 center=48.09444,7.96226
[cam] pitch=60.0 heading=101.0 dist=2500 center=48.09444,7.96226
[cam] pitch=60.0 heading=101.1 dist=2500 center=48.09443,7.96226
[cam] pitch=60.0 heading=101.2 dist=2500 center=48.09443,7.96225
[cam] pitch=60.0 heading=101.3 dist=2500 center=48.09442,7.96225
[cam] pitch=60.0 heading=101.4 dist=2500 center=48.09442,7.96225
[cam] pitch=60.0 heading=101.4 dist=2500 center=48.09441,7.96225
[cam] pitch=60.0 heading=101.5 dist=2500 center=48.09441,7.96225
[cam] pitch=60.0 heading=101.6 dist=2500 center=48.09440,7.96225
[cam] pitch=60.0 heading=101.7 dist=2500 center=48.09440,7.96224
[cam] pitch=60.0 heading=101.7 dist=2500 center=48.09439,7.96224
[cam] pitch=60.0 heading=101.8 dist=2500 center=48.09439,7.96224
[cam] pitch=60.0 heading=101.9 dist=2500 center=48.09438,7.96224
[cam] pitch=60.0 heading=102.0 dist=2500 center=48.09437,7.96224
[cam] pitch=60.0 heading=102.0 dist=2500 center=48.09437,7.96224
[cam] pitch=60.0 heading=102.1 dist=2500 center=48.09436,7.96223
[cam] pitch=60.0 heading=102.2 dist=2500 center=48.09436,7.96223
[cam] pitch=60.0 heading=102.3 dist=2500 center=48.09435,7.96223
[cam] pitch=60.0 heading=102.3 dist=2500 center=48.09435,7.96223
[cam] pitch=60.0 heading=102.4 dist=2500 center=48.09434,7.96223
[cam] pitch=60.0 heading=102.5 dist=2500 center=48.09434,7.96223
[cam] pitch=60.0 heading=102.6 dist=2500 center=48.09433,7.96222
[cam] pitch=60.0 heading=102.6 dist=2500 center=48.09433,7.96222
[cam] pitch=60.0 heading=102.7 dist=2500 center=48.09432,7.96222
[cam] pitch=60.0 heading=102.8 dist=2500 center=48.09432,7.96222
[cam] pitch=60.0 heading=102.9 dist=2500 center=48.09431,7.96222
[cam] pitch=60.0 heading=102.9 dist=2500 center=48.09431,7.96222
[cam] pitch=60.0 heading=103.0 dist=2500 center=48.09430,7.96221
[cam] pitch=60.0 heading=103.1 dist=2500 center=48.09430,7.96221
[cam] pitch=60.0 heading=103.2 dist=2500 center=48.09429,7.96221
[cam] pitch=60.0 heading=103.2 dist=2500 center=48.09429,7.96221
[cam] pitch=60.0 heading=103.3 dist=2500 center=48.09428,7.96221
[cam] pitch=60.0 heading=103.4 dist=2500 center=48.09428,7.96220
[cam] pitch=60.0 heading=103.5 dist=2500 center=48.09427,7.96220
[cam] pitch=60.0 heading=103.5 dist=2500 center=48.09427,7.96220
[cam] pitch=60.0 heading=103.6 dist=2500 center=48.09426,7.96220
[cam] pitch=60.0 heading=103.7 dist=2500 center=48.09426,7.96220
[cam] pitch=60.0 heading=103.8 dist=2500 center=48.09438,7.96267
[cam] pitch=60.0 heading=103.8 dist=2500 center=48.09438,7.96267
[cam] pitch=60.0 heading=103.9 dist=2500 center=48.09443,7.96298
[cam] pitch=60.0 heading=104.0 dist=2500 center=48.09439,7.96328
[cam] pitch=60.0 heading=104.0 dist=2500 center=48.09449,7.96354
[cam] pitch=60.0 heading=104.1 dist=2500 center=48.09458,7.96381
[cam] pitch=60.0 heading=104.1 dist=2500 center=48.09446,7.96403
[cam] pitch=60.0 heading=104.2 dist=2500 center=48.09431,7.96427
[cam] pitch=60.0 heading=104.2 dist=2500 center=48.09417,7.96451
[cam] pitch=60.0 heading=104.2 dist=2500 center=48.09402,7.96474
[cam] pitch=60.0 heading=104.3 dist=2500 center=48.09385,7.96491
[cam] pitch=60.0 heading=104.3 dist=2500 center=48.09385,7.96519
[cam] pitch=60.0 heading=104.3 dist=2500 center=48.09372,7.96543
[cam] pitch=60.0 heading=104.3 dist=2500 center=48.09358,7.96566
[cam] pitch=60.0 heading=104.2 dist=2500 center=48.09345,7.96591
[cam] pitch=60.0 heading=104.2 dist=2500 center=48.09326,7.96599
[cam] pitch=60.0 heading=104.2 dist=2500 center=48.09313,7.96622
[cam] pitch=60.0 heading=104.2 dist=2500 center=48.09301,7.96648
[cam] pitch=60.0 heading=104.1 dist=2500 center=48.09288,7.96666
[cam] pitch=60.0 heading=104.1 dist=2500 center=48.09275,7.96690
[cam] pitch=60.0 heading=104.0 dist=2500 center=48.09262,7.96715
[cam] pitch=60.0 heading=103.9 dist=2500 center=48.09250,7.96739
[cam] pitch=60.0 heading=103.9 dist=2500 center=48.09237,7.96764
[cam] pitch=60.0 heading=103.8 dist=2500 center=48.09225,7.96788
[cam] pitch=60.0 heading=103.7 dist=2500 center=48.09211,7.96810
[cam] pitch=60.0 heading=103.6 dist=2500 center=48.09195,7.96831
[cam] pitch=60.0 heading=103.5 dist=2500 center=48.09180,7.96851
[cam] pitch=60.0 heading=103.4 dist=2500 center=48.09177,7.96879
[cam] pitch=60.0 heading=103.3 dist=2500 center=48.09174,7.96906
[cam] pitch=60.0 heading=103.2 dist=2500 center=48.09158,7.96925
[cam] pitch=60.0 heading=103.1 dist=2500 center=48.09143,7.96944
[cam] pitch=60.0 heading=103.0 dist=2500 center=48.09127,7.96963
[cam] pitch=60.0 heading=102.8 dist=2500 center=48.09115,7.96986
[cam] pitch=60.0 heading=102.7 dist=2500 center=48.09118,7.97012
[cam] pitch=60.0 heading=102.6 dist=2500 center=48.09124,7.97041
[cam] pitch=60.0 heading=102.4 dist=2500 center=48.09118,7.97068
[cam] pitch=60.0 heading=102.3 dist=2500 center=48.09106,7.97091
[cam] pitch=60.0 heading=102.2 dist=2500 center=48.09093,7.97112
[cam] pitch=60.0 heading=102.0 dist=2500 center=48.09080,7.97132
[cam] pitch=60.0 heading=101.9 dist=2500 center=48.09066,7.97152
[cam] pitch=60.0 heading=101.7 dist=2500 center=48.09057,7.97177
[cam] pitch=60.0 heading=101.6 dist=2500 center=48.09049,7.97202
[cam] pitch=60.0 heading=101.5 dist=2500 center=48.09040,7.97227
[cam] pitch=60.0 heading=101.4 dist=2500 center=48.09032,7.97253
[cam] pitch=60.0 heading=101.2 dist=2500 center=48.09026,7.97279
[cam] pitch=60.0 heading=101.1 dist=2500 center=48.09027,7.97307
[cam] pitch=60.0 heading=101.0 dist=2500 center=48.09031,7.97334
[cam] pitch=60.0 heading=100.9 dist=2500 center=48.09033,7.97362
[cam] pitch=60.0 heading=100.8 dist=2500 center=48.09035,7.97390
[cam] pitch=60.0 heading=100.8 dist=2500 center=48.09038,7.97417
[cam] pitch=60.0 heading=100.7 dist=2500 center=48.09043,7.97444
[cam] pitch=60.0 heading=100.6 dist=2500 center=48.09049,7.97471
[cam] pitch=60.0 heading=100.5 dist=2500 center=48.09055,7.97497
[cam] pitch=60.0 heading=100.5 dist=2500 center=48.09059,7.97524
[cam] pitch=60.0 heading=100.4 dist=2500 center=48.09064,7.97550
[cam] pitch=60.0 heading=100.3 dist=2500 center=48.09068,7.97577
[cam] pitch=60.0 heading=100.3 dist=2500 center=48.09072,7.97603
[cam] pitch=60.0 heading=100.2 dist=2500 center=48.09076,7.97630
[cam] pitch=60.0 heading=100.2 dist=2500 center=48.09079,7.97657
[cam] pitch=60.0 heading=100.1 dist=2500 center=48.09082,7.97683
[cam] pitch=60.0 heading=100.1 dist=2500 center=48.09085,7.97710
[cam] pitch=60.0 heading=100.1 dist=2500 center=48.09087,7.97736
[cam] pitch=60.0 heading=100.1 dist=2500 center=48.09087,7.97763
[cam] pitch=60.0 heading=100.1 dist=2500 center=48.09084,7.97789
[cam] pitch=60.0 heading=100.0 dist=2500 center=48.09080,7.97815
[cam] pitch=60.0 heading=100.1 dist=2500 center=48.09076,7.97840
[cam] pitch=60.0 heading=100.1 dist=2500 center=48.09072,7.97866
[cam] pitch=60.0 heading=100.1 dist=2500 center=48.09073,7.97891
[cam] pitch=60.0 heading=100.2 dist=2500 center=48.09079,7.97916
[cam] pitch=60.0 heading=100.3 dist=2500 center=48.09085,7.97940
[cam] pitch=60.0 heading=100.3 dist=2500 center=48.09091,7.97964
[cam] pitch=60.0 heading=100.4 dist=2500 center=48.09098,7.97987
[cam] pitch=60.0 heading=100.5 dist=2500 center=48.09105,7.98010
[cam] pitch=60.0 heading=100.7 dist=2500 center=48.09114,7.98029
[cam] pitch=60.0 heading=100.8 dist=2500 center=48.09127,7.98045
[cam] pitch=60.0 heading=101.0 dist=2500 center=48.09139,7.98061
[cam] pitch=60.0 heading=101.2 dist=2500 center=48.09151,7.98076
[cam] pitch=60.0 heading=101.4 dist=2500 center=48.09163,7.98091
[cam] pitch=60.0 heading=101.5 dist=2500 center=48.09175,7.98107
[cam] pitch=60.0 heading=101.8 dist=2500 center=48.09186,7.98123
[cam] pitch=60.0 heading=102.0 dist=2500 center=48.09197,7.98140
[cam] pitch=60.0 heading=102.2 dist=2500 center=48.09206,7.98159
[cam] pitch=60.0 heading=102.5 dist=2500 center=48.09215,7.98177
[cam] pitch=60.0 heading=102.7 dist=2500 center=48.09224,7.98195
[cam] pitch=60.0 heading=103.0 dist=2500 center=48.09233,7.98214
[cam] pitch=60.0 heading=103.3 dist=2500 center=48.09242,7.98232
[cam] pitch=60.0 heading=103.5 dist=2500 center=48.09250,7.98251
[cam] pitch=60.0 heading=103.8 dist=2500 center=48.09258,7.98270
[cam] pitch=60.0 heading=104.1 dist=2500 center=48.09265,7.98289
[cam] pitch=60.0 heading=104.4 dist=2500 center=48.09272,7.98309
[cam] pitch=60.0 heading=104.7 dist=2500 center=48.09277,7.98331
[cam] pitch=60.0 heading=105.0 dist=2500 center=48.09279,7.98353
[cam] pitch=60.0 heading=105.3 dist=2500 center=48.09279,7.98376
[cam] pitch=60.0 heading=105.6 dist=2500 center=48.09278,7.98399
[cam] pitch=60.0 heading=105.9 dist=2500 center=48.09276,7.98423
[cam] pitch=60.0 heading=106.2 dist=2500 center=48.09274,7.98446
[cam] pitch=60.0 heading=106.5 dist=2500 center=48.09270,7.98469
[cam] pitch=60.0 heading=106.8 dist=2500 center=48.09265,7.98491
[cam] pitch=60.0 heading=107.1 dist=2500 center=48.09269,7.98511
[cam] pitch=60.0 heading=107.4 dist=2500 center=48.09265,7.98529
[cam] pitch=60.0 heading=107.7 dist=2500 center=48.09257,7.98550
[cam] pitch=60.0 heading=108.0 dist=2500 center=48.09251,7.98572
[cam] pitch=60.0 heading=108.3 dist=2500 center=48.09245,7.98594
[cam] pitch=60.0 heading=108.6 dist=2500 center=48.09238,7.98616
[cam] pitch=60.0 heading=109.0 dist=2500 center=48.09232,7.98637
[cam] pitch=60.0 heading=109.3 dist=2500 center=48.09225,7.98659
[cam] pitch=60.0 heading=109.6 dist=2500 center=48.09220,7.98681
[cam] pitch=60.0 heading=109.9 dist=2500 center=48.09215,7.98703
[cam] pitch=60.0 heading=110.2 dist=2500 center=48.09211,7.98725
[cam] pitch=60.0 heading=110.4 dist=2500 center=48.09207,7.98748
[cam] pitch=60.0 heading=110.7 dist=2500 center=48.09203,7.98770
[cam] pitch=60.0 heading=111.0 dist=2500 center=48.09198,7.98792
Invalid c3mm file!
[cam] pitch=60.0 heading=111.3 dist=2500 center=48.09195,7.98814
[cam] pitch=60.0 heading=111.5 dist=2500 center=48.09191,7.98836
[cam] pitch=60.0 heading=111.8 dist=2500 center=48.09187,7.98858
[cam] pitch=60.0 heading=112.0 dist=2500 center=48.09177,7.98877
[cam] pitch=60.0 heading=112.3 dist=2500 center=48.09164,7.98892
[cam] pitch=60.0 heading=112.5 dist=2500 center=48.09150,7.98903
[cam] pitch=60.0 heading=112.8 dist=2500 center=48.09135,7.98914
[cam] pitch=60.0 heading=113.0 dist=2500 center=48.09120,7.98925
[cam] pitch=60.0 heading=113.3 dist=2500 center=48.09106,7.98937
[cam] pitch=60.0 heading=113.6 dist=2500 center=48.09092,7.98950
[cam] pitch=60.0 heading=113.8 dist=2500 center=48.09077,7.98961
[cam] pitch=60.0 heading=114.2 dist=2500 center=48.09061,7.98971
[cam] pitch=60.0 heading=114.5 dist=2500 center=48.09045,7.98977
[cam] pitch=60.0 heading=114.8 dist=2500 center=48.09028,7.98982
[cam] pitch=60.0 heading=115.2 dist=2500 center=48.09012,7.98989
[cam] pitch=60.0 heading=115.6 dist=2500 center=48.09001,7.99005
[cam] pitch=60.0 heading=116.0 dist=2500 center=48.09000,7.99025
[cam] pitch=60.0 heading=116.4 dist=2500 center=48.09003,7.99043
[cam] pitch=60.0 heading=116.9 dist=2500 center=48.09011,7.99058
[cam] pitch=60.0 heading=117.4 dist=2500 center=48.09019,7.99070
[cam] pitch=60.0 heading=117.9 dist=2500 center=48.09029,7.99080
[cam] pitch=60.0 heading=118.5 dist=2500 center=48.09039,7.99088
[cam] pitch=60.0 heading=119.0 dist=2500 center=48.09049,7.99095
[cam] pitch=60.0 heading=119.6 dist=2500 center=48.09059,7.99102
[cam] pitch=60.0 heading=120.2 dist=2500 center=48.09069,7.99107
[cam] pitch=60.0 heading=120.8 dist=2500 center=48.09080,7.99108
[cam] pitch=60.0 heading=121.4 dist=2500 center=48.09091,7.99109
[cam] pitch=60.0 heading=122.0 dist=2500 center=48.09103,7.99107
[cam] pitch=60.0 heading=122.6 dist=2500 center=48.09114,7.99106
[cam] pitch=60.0 heading=123.2 dist=2500 center=48.09125,7.99104
[cam] pitch=60.0 heading=123.9 dist=2500 center=48.09137,7.99103
[cam] pitch=60.0 heading=124.4 dist=2500 center=48.09148,7.99101
[cam] pitch=60.0 heading=125.0 dist=2500 center=48.09159,7.99101
[cam] pitch=60.0 heading=125.6 dist=2500 center=48.09163,7.99114
[cam] pitch=60.0 heading=126.2 dist=2500 center=48.09153,7.99128
[cam] pitch=60.0 heading=126.7 dist=2500 center=48.09137,7.99136
[cam] pitch=60.0 heading=127.3 dist=2500 center=48.09121,7.99143
[cam] pitch=60.0 heading=127.8 dist=2500 center=48.09104,7.99149
[cam] pitch=60.0 heading=128.3 dist=2500 center=48.09088,7.99155
[cam] pitch=60.0 heading=128.8 dist=2500 center=48.09072,7.99161
[cam] pitch=60.0 heading=129.4 dist=2500 center=48.09056,7.99167
[cam] pitch=60.0 heading=129.8 dist=2500 center=48.09040,7.99173
[cam] pitch=60.0 heading=130.3 dist=2500 center=48.09024,7.99179
[cam] pitch=60.0 heading=130.8 dist=2500 center=48.09008,7.99185
[cam] pitch=60.0 heading=131.3 dist=2500 center=48.08991,7.99186
[cam] pitch=60.0 heading=131.7 dist=2500 center=48.08975,7.99186
[cam] pitch=60.0 heading=132.1 dist=2500 center=48.08958,7.99185
[cam] pitch=60.0 heading=132.6 dist=2500 center=48.08941,7.99184
[cam] pitch=60.0 heading=133.0 dist=2500 center=48.08925,7.99184
[cam] pitch=60.0 heading=133.4 dist=2500 center=48.08908,7.99185
[cam] pitch=60.0 heading=133.7 dist=2500 center=48.08892,7.99186
[cam] pitch=60.0 heading=134.1 dist=2500 center=48.08876,7.99187
[cam] pitch=60.0 heading=134.5 dist=2500 center=48.08860,7.99188
[cam] pitch=60.0 heading=134.8 dist=2500 center=48.08844,7.99190
[cam] pitch=60.0 heading=135.1 dist=2500 center=48.08829,7.99191
[cam] pitch=60.0 heading=135.4 dist=2500 center=48.08813,7.99193
[cam] pitch=60.0 heading=135.7 dist=2500 center=48.08798,7.99196
[cam] pitch=60.0 heading=136.0 dist=2500 center=48.08783,7.99200
[cam] pitch=60.0 heading=136.2 dist=2500 center=48.08768,7.99203
[cam] pitch=60.0 heading=136.5 dist=2500 center=48.08753,7.99207
[cam] pitch=60.0 heading=136.7 dist=2500 center=48.08738,7.99208
[cam] pitch=60.0 heading=136.9 dist=2500 center=48.08723,7.99209
[cam] pitch=60.0 heading=137.1 dist=2500 center=48.08708,7.99205
[cam] pitch=60.0 heading=137.2 dist=2500 center=48.08695,7.99195
[cam] pitch=60.0 heading=137.4 dist=2500 center=48.08684,7.99179
[cam] pitch=60.0 heading=137.6 dist=2500 center=48.08673,7.99163
[cam] pitch=60.0 heading=137.7 dist=2500 center=48.08662,7.99148
[cam] pitch=60.0 heading=137.8 dist=2500 center=48.08650,7.99136
[cam] pitch=60.0 heading=137.9 dist=2500 center=48.08636,7.99126
[cam] pitch=60.0 heading=138.0 dist=2500 center=48.08623,7.99119
[cam] pitch=60.0 heading=138.1 dist=2500 center=48.08609,7.99112
[cam] pitch=60.0 heading=138.2 dist=2500 center=48.08595,7.99107
[cam] pitch=60.0 heading=138.3 dist=2500 center=48.08581,7.99103
[cam] pitch=60.0 heading=138.3 dist=2500 center=48.08567,7.99100
[cam] pitch=60.0 heading=138.4 dist=2500 center=48.08553,7.99099
[cam] pitch=60.0 heading=138.4 dist=2500 center=48.08539,7.99098
[cam] pitch=60.0 heading=138.5 dist=2500 center=48.08525,7.99098
[cam] pitch=60.0 heading=138.5 dist=2500 center=48.08511,7.99099
[cam] pitch=60.0 heading=138.6 dist=2500 center=48.08497,7.99102
[cam] pitch=60.0 heading=138.6 dist=2500 center=48.08483,7.99106
[cam] pitch=60.0 heading=138.6 dist=2500 center=48.08470,7.99112
[cam] pitch=60.0 heading=138.6 dist=2500 center=48.08457,7.99118
[cam] pitch=60.0 heading=138.6 dist=2500 center=48.08444,7.99126
[cam] pitch=60.0 heading=138.6 dist=2500 center=48.08431,7.99133
[cam] pitch=60.0 heading=138.6 dist=2500 center=48.08418,7.99141
[cam] pitch=60.0 heading=138.6 dist=2500 center=48.08405,7.99149
[cam] pitch=60.0 heading=138.6 dist=2500 center=48.08393,7.99157
[cam] pitch=60.0 heading=138.5 dist=2500 center=48.08380,7.99165
[cam] pitch=60.0 heading=138.5 dist=2500 center=48.08367,7.99173
[cam] pitch=60.0 heading=138.5 dist=2500 center=48.08354,7.99181
[cam] pitch=60.0 heading=138.4 dist=2500 center=48.08341,7.99189
[cam] pitch=60.0 heading=138.4 dist=2500 center=48.08328,7.99196
[cam] pitch=60.0 heading=138.3 dist=2500 center=48.08315,7.99203
[cam] pitch=60.0 heading=138.2 dist=2500 center=48.08302,7.99210
[cam] pitch=60.0 heading=138.2 dist=2500 center=48.08289,7.99216
[cam] pitch=60.0 heading=138.1 dist=2500 center=48.08276,7.99223
[cam] pitch=60.0 heading=138.0 dist=2500 center=48.08263,7.99231
[cam] pitch=60.0 heading=137.9 dist=2500 center=48.08250,7.99238
[cam] pitch=60.0 heading=137.8 dist=2500 center=48.08236,7.99245
[cam] pitch=60.0 heading=137.7 dist=2500 center=48.08223,7.99252
[cam] pitch=60.0 heading=137.6 dist=2500 center=48.08210,7.99259
[cam] pitch=60.0 heading=137.5 dist=2500 center=48.08197,7.99265
[cam] pitch=60.0 heading=137.3 dist=2500 center=48.08183,7.99272
[cam] pitch=60.0 heading=137.2 dist=2500 center=48.08170,7.99278
[cam] pitch=60.0 heading=137.1 dist=2500 center=48.08157,7.99284
[cam] pitch=60.0 heading=136.9 dist=2500 center=48.08143,7.99290
[cam] pitch=60.0 heading=136.8 dist=2500 center=48.08130,7.99298
[cam] pitch=60.0 heading=136.6 dist=2500 center=48.08118,7.99308
[cam] pitch=60.0 heading=136.5 dist=2500 center=48.08106,7.99319
[cam] pitch=60.0 heading=136.3 dist=2500 center=48.08094,7.99331
[cam] pitch=60.0 heading=136.1 dist=2500 center=48.08082,7.99342
[cam] pitch=60.0 heading=136.0 dist=2500 center=48.08070,7.99353
[cam] pitch=60.0 heading=135.8 dist=2500 center=48.08057,7.99363
[cam] pitch=60.0 heading=135.6 dist=2500 center=48.08045,7.99374
[cam] pitch=60.0 heading=135.4 dist=2500 center=48.08033,7.99384
[cam] pitch=60.0 heading=135.2 dist=2500 center=48.08021,7.99394
[cam] pitch=60.0 heading=135.0 dist=2500 center=48.08009,7.99405
[cam] pitch=60.0 heading=134.7 dist=2500 center=48.07997,7.99415
[cam] pitch=60.0 heading=134.5 dist=2500 center=48.07985,7.99426
[cam] pitch=60.0 heading=134.2 dist=2500 center=48.07973,7.99436
[cam] pitch=60.0 heading=134.0 dist=2500 center=48.07961,7.99445
[cam] pitch=60.0 heading=133.7 dist=2500 center=48.07949,7.99454
[cam] pitch=60.0 heading=133.4 dist=2500 center=48.07937,7.99464
[cam] pitch=60.0 heading=133.1 dist=2500 center=48.07925,7.99473
[cam] pitch=60.0 heading=132.8 dist=2500 center=48.07914,7.99482
[cam] pitch=60.0 heading=132.5 dist=2500 center=48.07902,7.99492
[cam] pitch=60.0 heading=132.2 dist=2500 center=48.07890,7.99500
[stats mode=frame trail=chunked] t=15.1 ticks=301 fps=60.0 hitches=0 maxDt=17ms avgUpdate=0.03ms trailPts=1917
[cam] pitch=60.0 heading=131.8 dist=2500 center=48.07878,7.99506
[smooth mode=frame] callbacks=302 (60/s) speedJitter=14.3% stalls=7 maxHeadingRate=37 deg/s
    offset shown-vs-playhead camera: mean=14 m max=38 m (ground speed ~858 m/s)
[cam] pitch=60.0 heading=131.5 dist=2500 center=48.07866,7.99513
[cam] pitch=60.0 heading=131.1 dist=2500 center=48.07854,7.99516
[cam] pitch=60.0 heading=130.8 dist=2500 center=48.07843,7.99517
[cam] pitch=60.0 heading=130.4 dist=2500 center=48.07831,7.99518
[cam] pitch=60.0 heading=130.0 dist=2500 center=48.07819,7.99519
[cam] pitch=60.0 heading=129.6 dist=2500 center=48.07807,7.99521
[cam] pitch=60.0 heading=129.1 dist=2500 center=48.07796,7.99525
[cam] pitch=60.0 heading=128.7 dist=2500 center=48.07784,7.99529
[cam] pitch=60.0 heading=128.3 dist=2500 center=48.07773,7.99535
[cam] pitch=60.0 heading=127.8 dist=2500 center=48.07762,7.99541
[cam] pitch=60.0 heading=127.4 dist=2500 center=48.07751,7.99548
[cam] pitch=60.0 heading=126.9 dist=2500 center=48.07740,7.99554
[cam] pitch=60.0 heading=126.4 dist=2500 center=48.07729,7.99560
[cam] pitch=60.0 heading=125.9 dist=2500 center=48.07718,7.99567
[cam] pitch=60.0 heading=125.4 dist=2500 center=48.07708,7.99573
[cam] pitch=60.0 heading=124.9 dist=2500 center=48.07697,7.99580
[cam] pitch=60.0 heading=124.4 dist=2500 center=48.07686,7.99586
[cam] pitch=60.0 heading=123.8 dist=2500 center=48.07676,7.99593
[cam] pitch=60.0 heading=123.3 dist=2500 center=48.07666,7.99602
[cam] pitch=60.0 heading=122.7 dist=2500 center=48.07656,7.99612
[cam] pitch=60.0 heading=122.2 dist=2500 center=48.07647,7.99623
[cam] pitch=60.0 heading=121.6 dist=2500 center=48.07637,7.99633
[cam] pitch=60.0 heading=121.0 dist=2500 center=48.07628,7.99643
[cam] pitch=60.0 heading=120.4 dist=2500 center=48.07619,7.99654
[cam] pitch=60.0 heading=119.8 dist=2500 center=48.07609,7.99664
[cam] pitch=60.0 heading=119.2 dist=2500 center=48.07600,7.99674
[cam] pitch=60.0 heading=118.5 dist=2500 center=48.07591,7.99684
[cam] pitch=60.0 heading=117.9 dist=2500 center=48.07582,7.99695
[cam] pitch=60.0 heading=117.2 dist=2500 center=48.07573,7.99705
[cam] pitch=60.0 heading=116.6 dist=2500 center=48.07564,7.99716
[cam] pitch=60.0 heading=115.9 dist=2500 center=48.07556,7.99726
[cam] pitch=60.0 heading=115.2 dist=2500 center=48.07547,7.99737
[cam] pitch=60.0 heading=114.6 dist=2500 center=48.07538,7.99747
[cam] pitch=60.0 heading=113.9 dist=2500 center=48.07529,7.99758
[cam] pitch=60.0 heading=113.2 dist=2500 center=48.07521,7.99768
[cam] pitch=60.0 heading=112.6 dist=2500 center=48.07512,7.99777
[cam] pitch=60.0 heading=111.9 dist=2500 center=48.07503,7.99786
[cam] pitch=60.0 heading=111.2 dist=2500 center=48.07494,7.99795
[cam] pitch=60.0 heading=110.6 dist=2500 center=48.07485,7.99804
[cam] pitch=60.0 heading=109.9 dist=2500 center=48.07476,7.99813
[cam] pitch=60.0 heading=109.2 dist=2500 center=48.07467,7.99822
[cam] pitch=60.0 heading=108.6 dist=2500 center=48.07459,7.99833
[cam] pitch=60.0 heading=107.9 dist=2500 center=48.07451,7.99844
[cam] pitch=60.0 heading=107.2 dist=2500 center=48.07443,7.99856
[cam] pitch=60.0 heading=106.6 dist=2500 center=48.07436,7.99869
[cam] pitch=60.0 heading=105.9 dist=2500 center=48.07428,7.99881
[cam] pitch=60.0 heading=105.2 dist=2500 center=48.07421,7.99894
[cam] pitch=60.0 heading=104.6 dist=2500 center=48.07413,7.99906
[cam] pitch=60.0 heading=103.9 dist=2500 center=48.07406,7.99919
[cam] pitch=60.0 heading=103.2 dist=2500 center=48.07398,7.99930
[cam] pitch=60.0 heading=102.6 dist=2500 center=48.07390,7.99942
[cam] pitch=60.0 heading=101.9 dist=2500 center=48.07382,7.99953
[cam] pitch=60.0 heading=101.2 dist=2500 center=48.07374,7.99961
[cam] pitch=60.0 heading=100.6 dist=2500 center=48.07365,7.99969
[cam] pitch=60.0 heading=99.9 dist=2500 center=48.07357,7.99978
[cam] pitch=60.0 heading=99.2 dist=2500 center=48.07348,7.99986
[cam] pitch=60.0 heading=98.6 dist=2500 center=48.07340,7.99994
[cam] pitch=60.0 heading=97.9 dist=2500 center=48.07331,8.00002
[cam] pitch=60.0 heading=97.2 dist=2500 center=48.07324,8.00012
[cam] pitch=60.0 heading=96.6 dist=2500 center=48.07318,8.00026
[cam] pitch=60.0 heading=95.9 dist=2500 center=48.07322,8.00046
[cam] pitch=60.0 heading=95.2 dist=2500 center=48.07336,8.00058
[cam] pitch=60.0 heading=94.6 dist=2500 center=48.07354,8.00059
[cam] pitch=60.0 heading=93.9 dist=2500 center=48.07373,8.00058
[cam] pitch=60.0 heading=93.2 dist=2500 center=48.07391,8.00055
[cam] pitch=60.0 heading=92.6 dist=2500 center=48.07410,8.00052
[cam] pitch=60.0 heading=91.9 dist=2500 center=48.07428,8.00048
[cam] pitch=60.0 heading=91.2 dist=2500 center=48.07446,8.00046
[cam] pitch=60.0 heading=90.6 dist=2500 center=48.07465,8.00044
[cam] pitch=60.0 heading=89.9 dist=2500 center=48.07483,8.00042
[cam] pitch=60.0 heading=89.2 dist=2500 center=48.07502,8.00040
[cam] pitch=60.0 heading=88.6 dist=2500 center=48.07520,8.00038
[cam] pitch=60.0 heading=87.9 dist=2500 center=48.07539,8.00038
[cam] pitch=60.0 heading=87.2 dist=2500 center=48.07557,8.00039
[cam] pitch=60.0 heading=86.6 dist=2500 center=48.07576,8.00040
[cam] pitch=60.0 heading=85.9 dist=2500 center=48.07594,8.00044
[cam] pitch=60.0 heading=85.2 dist=2500 center=48.07611,8.00054
[cam] pitch=60.0 heading=84.6 dist=2500 center=48.07627,8.00065
[cam] pitch=60.0 heading=83.9 dist=2500 center=48.07641,8.00078
[cam] pitch=60.0 heading=83.2 dist=2500 center=48.07656,8.00092
[cam] pitch=60.0 heading=82.6 dist=2500 center=48.07671,8.00105
[cam] pitch=60.0 heading=82.1 dist=2500 center=48.07684,8.00119
[cam] pitch=60.0 heading=81.7 dist=2500 center=48.07697,8.00131
[cam] pitch=60.0 heading=81.5 dist=2500 center=48.07712,8.00137
[cam] pitch=60.0 heading=81.2 dist=2500 center=48.07727,8.00140
[cam] pitch=60.0 heading=81.0 dist=2500 center=48.07742,8.00142
[cam] pitch=60.0 heading=80.8 dist=2500 center=48.07757,8.00146
[cam] pitch=60.0 heading=80.6 dist=2500 center=48.07772,8.00150
[cam] pitch=60.0 heading=80.4 dist=2500 center=48.07787,8.00154
[cam] pitch=60.0 heading=80.3 dist=2500 center=48.07801,8.00158
[cam] pitch=60.0 heading=80.1 dist=2500 center=48.07815,8.00162
[cam] pitch=60.0 heading=80.0 dist=2500 center=48.07830,8.00166
[cam] pitch=60.0 heading=79.9 dist=2500 center=48.07844,8.00170
[cam] pitch=60.0 heading=79.8 dist=2500 center=48.07858,8.00174
[cam] pitch=60.0 heading=79.7 dist=2500 center=48.07870,8.00183
[cam] pitch=60.0 heading=79.7 dist=2500 center=48.07882,8.00194
[cam] pitch=60.0 heading=79.7 dist=2500 center=48.07892,8.00208
[cam] pitch=60.0 heading=79.7 dist=2500 center=48.07901,8.00224
[cam] pitch=60.0 heading=79.7 dist=2500 center=48.07910,8.00239
[cam] pitch=60.0 heading=79.7 dist=2500 center=48.07919,8.00254
[cam] pitch=60.0 heading=79.8 dist=2500 center=48.07928,8.00269
[cam] pitch=60.0 heading=79.8 dist=2500 center=48.07937,8.00284
[cam] pitch=60.0 heading=79.9 dist=2500 center=48.07947,8.00297
[cam] pitch=60.0 heading=80.1 dist=2500 center=48.07958,8.00305
[cam] pitch=60.0 heading=80.2 dist=2500 center=48.07970,8.00310
[cam] pitch=60.0 heading=80.4 dist=2500 center=48.07983,8.00308
[cam] pitch=60.0 heading=80.6 dist=2500 center=48.07994,8.00302
[cam] pitch=60.0 heading=80.8 dist=2500 center=48.08006,8.00296
[cam] pitch=60.0 heading=81.0 dist=2500 center=48.08018,8.00292
[cam] pitch=60.0 heading=81.3 dist=2500 center=48.08029,8.00289
[cam] pitch=60.0 heading=81.6 dist=2500 center=48.08041,8.00286
[cam] pitch=60.0 heading=81.9 dist=2500 center=48.08053,8.00284
[cam] pitch=60.0 heading=82.3 dist=2500 center=48.08064,8.00283
[cam] pitch=60.0 heading=82.6 dist=2500 center=48.08075,8.00282
[cam] pitch=60.0 heading=83.0 dist=2500 center=48.08087,8.00281
[cam] pitch=60.0 heading=83.4 dist=2500 center=48.08098,8.00280
[cam] pitch=60.0 heading=83.8 dist=2500 center=48.08109,8.00280
[cam] pitch=60.0 heading=84.3 dist=2500 center=48.08119,8.00280
[cam] pitch=60.0 heading=84.8 dist=2500 center=48.08130,8.00280
[cam] pitch=60.0 heading=85.3 dist=2500 center=48.08141,8.00281
[cam] pitch=60.0 heading=85.8 dist=2500 center=48.08151,8.00282
[cam] pitch=60.0 heading=86.3 dist=2500 center=48.08161,8.00284
[cam] pitch=60.0 heading=86.9 dist=2500 center=48.08171,8.00286
[cam] pitch=60.0 heading=87.5 dist=2500 center=48.08181,8.00288
[cam] pitch=60.0 heading=88.1 dist=2500 center=48.08191,8.00290
[cam] pitch=60.0 heading=88.7 dist=2500 center=48.08200,8.00292
[cam] pitch=60.0 heading=89.4 dist=2500 center=48.08210,8.00293
[cam] pitch=60.0 heading=90.1 dist=2500 center=48.08219,8.00296
[cam] pitch=60.0 heading=90.7 dist=2500 center=48.08228,8.00300
[cam] pitch=60.0 heading=91.4 dist=2500 center=48.08237,8.00304
[cam] pitch=60.0 heading=92.1 dist=2500 center=48.08247,8.00306
[cam] pitch=60.0 heading=92.7 dist=2500 center=48.08256,8.00307
[cam] pitch=60.0 heading=93.4 dist=2500 center=48.08265,8.00307
[cam] pitch=60.0 heading=94.1 dist=2500 center=48.08275,8.00308
[cam] pitch=60.0 heading=94.7 dist=2500 center=48.08284,8.00308
[cam] pitch=60.0 heading=95.4 dist=2500 center=48.08294,8.00309
[cam] pitch=60.0 heading=96.1 dist=2500 center=48.08303,8.00309
[cam] pitch=60.0 heading=96.7 dist=2500 center=48.08312,8.00311
[cam] pitch=60.0 heading=97.4 dist=2500 center=48.08322,8.00312
[cam] pitch=60.0 heading=98.1 dist=2500 center=48.08331,8.00313
[cam] pitch=60.0 heading=98.7 dist=2500 center=48.08341,8.00314
[cam] pitch=60.0 heading=99.4 dist=2500 center=48.08350,8.00315
[cam] pitch=60.0 heading=100.1 dist=2500 center=48.08359,8.00313
[cam] pitch=60.0 heading=100.7 dist=2500 center=48.08369,8.00309
[cam] pitch=60.0 heading=101.4 dist=2500 center=48.08377,8.00301
[cam] pitch=60.0 heading=102.1 dist=2500 center=48.08386,8.00292
[cam] pitch=60.0 heading=102.7 dist=2500 center=48.08395,8.00284
[cam] pitch=60.0 heading=103.4 dist=2500 center=48.08400,8.00290
[cam] pitch=60.0 heading=104.1 dist=2500 center=48.08388,8.00302
[cam] pitch=60.0 heading=104.7 dist=2500 center=48.08370,8.00307
[cam] pitch=60.0 heading=105.4 dist=2500 center=48.08353,8.00312
[cam] pitch=60.0 heading=106.1 dist=2500 center=48.08335,8.00316
[cam] pitch=60.0 heading=106.7 dist=2500 center=48.08317,8.00319
[cam] pitch=60.0 heading=107.4 dist=2500 center=48.08299,8.00322
[cam] pitch=60.0 heading=108.1 dist=2500 center=48.08281,8.00325
[cam] pitch=60.0 heading=108.7 dist=2500 center=48.08263,8.00328
[cam] pitch=60.0 heading=109.4 dist=2500 center=48.08245,8.00330
[cam] pitch=60.0 heading=110.1 dist=2500 center=48.08227,8.00333
[cam] pitch=60.0 heading=110.7 dist=2500 center=48.08209,8.00336
[cam] pitch=60.0 heading=111.4 dist=2500 center=48.08191,8.00338
[cam] pitch=60.0 heading=112.1 dist=2500 center=48.08173,8.00340
[cam] pitch=60.0 heading=112.7 dist=2500 center=48.08156,8.00342
[cam] pitch=60.0 heading=113.4 dist=2500 center=48.08138,8.00344
[cam] pitch=60.0 heading=114.1 dist=2500 center=48.08120,8.00345
[cam] pitch=60.0 heading=114.7 dist=2500 center=48.08102,8.00346
[cam] pitch=60.0 heading=115.4 dist=2500 center=48.08085,8.00347
[cam] pitch=60.0 heading=116.1 dist=2500 center=48.08067,8.00348
[cam] pitch=60.0 heading=116.7 dist=2500 center=48.08049,8.00349
[cam] pitch=60.0 heading=117.4 dist=2500 center=48.08032,8.00350
[cam] pitch=60.0 heading=118.1 dist=2500 center=48.08014,8.00351
[cam] pitch=60.0 heading=118.7 dist=2500 center=48.07997,8.00351
[cam] pitch=60.0 heading=119.4 dist=2500 center=48.07979,8.00347
[cam] pitch=60.0 heading=120.1 dist=2500 center=48.07961,8.00343
[cam] pitch=60.0 heading=120.7 dist=2500 center=48.07944,8.00338
[cam] pitch=60.0 heading=121.4 dist=2500 center=48.07926,8.00334
[cam] pitch=60.0 heading=122.1 dist=2500 center=48.07909,8.00333
[cam] pitch=60.0 heading=122.7 dist=2500 center=48.07892,8.00337
[cam] pitch=60.0 heading=123.4 dist=2500 center=48.07876,8.00341
[cam] pitch=60.0 heading=124.1 dist=2500 center=48.07860,8.00347
[cam] pitch=60.0 heading=124.7 dist=2500 center=48.07845,8.00355
[cam] pitch=60.0 heading=125.4 dist=2500 center=48.07831,8.00362
[cam] pitch=60.0 heading=125.9 dist=2500 center=48.07816,8.00371
[cam] pitch=60.0 heading=126.5 dist=2500 center=48.07802,8.00379
[cam] pitch=60.0 heading=126.9 dist=2500 center=48.07789,8.00388
[cam] pitch=60.0 heading=127.2 dist=2500 center=48.07776,8.00397
[cam] pitch=60.0 heading=127.5 dist=2500 center=48.07764,8.00409
[cam] pitch=60.0 heading=127.9 dist=2500 center=48.07752,8.00420
[cam] pitch=60.0 heading=128.2 dist=2500 center=48.07741,8.00432
[cam] pitch=60.0 heading=128.5 dist=2500 center=48.07729,8.00442
[cam] pitch=60.0 heading=128.8 dist=2500 center=48.07715,8.00449
[cam] pitch=60.0 heading=129.0 dist=2500 center=48.07701,8.00455
[cam] pitch=60.0 heading=129.3 dist=2500 center=48.07687,8.00458
[cam] pitch=60.0 heading=129.5 dist=2500 center=48.07672,8.00460
[cam] pitch=60.0 heading=129.7 dist=2500 center=48.07658,8.00463
[cam] pitch=60.0 heading=129.9 dist=2500 center=48.07643,8.00465
[cam] pitch=60.0 heading=130.1 dist=2500 center=48.07629,8.00468
[cam] pitch=60.0 heading=130.3 dist=2500 center=48.07615,8.00472
[cam] pitch=60.0 heading=130.5 dist=2500 center=48.07601,8.00475
[cam] pitch=60.0 heading=130.6 dist=2500 center=48.07587,8.00478
[cam] pitch=60.0 heading=130.8 dist=2500 center=48.07573,8.00480
[cam] pitch=60.0 heading=130.9 dist=2500 center=48.07559,8.00479
[cam] pitch=60.0 heading=131.0 dist=2500 center=48.07545,8.00476
[cam] pitch=60.0 heading=131.1 dist=2500 center=48.07532,8.00467
[cam] pitch=60.0 heading=131.2 dist=2500 center=48.07521,8.00454
[cam] pitch=60.0 heading=131.2 dist=2500 center=48.07510,8.00440
[cam] pitch=60.0 heading=131.3 dist=2500 center=48.07499,8.00427
[cam] pitch=60.0 heading=131.3 dist=2500 center=48.07487,8.00420
[cam] pitch=60.0 heading=131.4 dist=2500 center=48.07473,8.00415
[cam] pitch=60.0 heading=131.4 dist=2500 center=48.07459,8.00415
[cam] pitch=60.0 heading=131.5 dist=2500 center=48.07446,8.00419
[cam] pitch=60.0 heading=131.5 dist=2500 center=48.07432,8.00422
[cam] pitch=60.0 heading=131.5 dist=2500 center=48.07419,8.00429
[cam] pitch=60.0 heading=131.6 dist=2500 center=48.07406,8.00436
[cam] pitch=60.0 heading=131.6 dist=2500 center=48.07393,8.00443
[cam] pitch=60.0 heading=131.6 dist=2500 center=48.07380,8.00451
[cam] pitch=60.0 heading=131.7 dist=2500 center=48.07367,8.00458
[cam] pitch=60.0 heading=131.7 dist=2500 center=48.07354,8.00465
[cam] pitch=60.0 heading=131.7 dist=2500 center=48.07341,8.00470
[cam] pitch=60.0 heading=131.8 dist=2500 center=48.07327,8.00474
[cam] pitch=60.0 heading=131.8 dist=2500 center=48.07313,8.00477
[cam] pitch=60.0 heading=131.8 dist=2500 center=48.07300,8.00481
[cam] pitch=60.0 heading=131.9 dist=2500 center=48.07287,8.00490
[cam] pitch=60.0 heading=131.9 dist=2500 center=48.07280,8.00507
[cam] pitch=60.0 heading=132.0 dist=2500 center=48.07277,8.00527
[cam] pitch=60.0 heading=132.0 dist=2500 center=48.07274,8.00546
[cam] pitch=60.0 heading=132.0 dist=2500 center=48.07270,8.00566
[cam] pitch=60.0 heading=132.1 dist=2500 center=48.07267,8.00586
[cam] pitch=60.0 heading=132.1 dist=2500 center=48.07264,8.00606
[cam] pitch=60.0 heading=132.1 dist=2500 center=48.07258,8.00625
[cam] pitch=60.0 heading=132.2 dist=2500 center=48.07252,8.00643
[cam] pitch=60.0 heading=132.2 dist=2500 center=48.07246,8.00661
[cam] pitch=60.0 heading=132.2 dist=2500 center=48.07240,8.00679
[cam] pitch=60.0 heading=132.3 dist=2500 center=48.07233,8.00697
[cam] pitch=60.0 heading=132.3 dist=2500 center=48.07225,8.00714
[cam] pitch=60.0 heading=132.3 dist=2500 center=48.07216,8.00729
[cam] pitch=60.0 heading=132.3 dist=2500 center=48.07206,8.00742
[cam] pitch=60.0 heading=132.4 dist=2500 center=48.07193,8.00750
[cam] pitch=60.0 heading=132.4 dist=2500 center=48.07180,8.00757
[cam] pitch=60.0 heading=132.4 dist=2500 center=48.07166,8.00761
[cam] pitch=60.0 heading=132.4 dist=2500 center=48.07153,8.00765
[cam] pitch=60.0 heading=132.4 dist=2500 center=48.07141,8.00773
[cam] pitch=60.0 heading=132.4 dist=2500 center=48.07129,8.00783
Invalid c3mm file!
[cam] pitch=60.0 heading=132.4 dist=2500 center=48.07118,8.00795
[cam] pitch=60.0 heading=132.4 dist=2500 center=48.07107,8.00808
[cam] pitch=60.0 heading=132.4 dist=2500 center=48.07097,8.00823
[cam] pitch=60.0 heading=132.4 dist=2500 center=48.07090,8.00840
[cam] pitch=60.0 heading=132.3 dist=2500 center=48.07082,8.00857
[cam] pitch=60.0 heading=132.3 dist=2500 center=48.07073,8.00873
[cam] pitch=60.0 heading=132.3 dist=2500 center=48.07064,8.00889
Invalid c3mm file!
[cam] pitch=60.0 heading=132.2 dist=2500 center=48.07045,8.00918
[cam] pitch=60.0 heading=132.1 dist=2500 center=48.07035,8.00932
[cam] pitch=60.0 heading=132.1 dist=2500 center=48.07026,8.00947
[cam] pitch=60.0 heading=132.0 dist=2500 center=48.07017,8.00963
[cam] pitch=60.0 heading=131.9 dist=2500 center=48.07008,8.00978
[cam] pitch=60.0 heading=131.8 dist=2500 center=48.06997,8.00991
[cam] pitch=60.0 heading=131.8 dist=2500 center=48.06985,8.00998
[cam] pitch=60.0 heading=131.7 dist=2500 center=48.06971,8.01000
[cam] pitch=60.0 heading=131.6 dist=2500 center=48.06959,8.00995
[cam] pitch=60.0 heading=131.5 dist=2500 center=48.06947,8.00987
[cam] pitch=60.0 heading=131.4 dist=2500 center=48.06935,8.00978
[cam] pitch=60.0 heading=131.4 dist=2500 center=48.06923,8.00969
[cam] pitch=60.0 heading=131.3 dist=2500 center=48.06910,8.00968
[cam] pitch=60.0 heading=131.2 dist=2500 center=48.06899,8.00979
[cam] pitch=60.0 heading=131.1 dist=2500 center=48.06892,8.00997
[cam] pitch=60.0 heading=131.0 dist=2500 center=48.06885,8.01015
[cam] pitch=60.0 heading=130.9 dist=2500 center=48.06878,8.01033
[cam] pitch=60.0 heading=130.8 dist=2500 center=48.06871,8.01052
[cam] pitch=60.0 heading=130.8 dist=2500 center=48.06864,8.01070
[cam] pitch=60.0 heading=130.7 dist=2500 center=48.06857,8.01088
[cam] pitch=60.0 heading=130.6 dist=2500 center=48.06851,8.01106
[cam] pitch=60.0 heading=130.5 dist=2500 center=48.06845,8.01126
[cam] pitch=60.0 heading=130.3 dist=2500 center=48.06839,8.01145
[cam] pitch=60.0 heading=130.2 dist=2500 center=48.06836,8.01166
[cam] pitch=60.0 heading=130.1 dist=2500 center=48.06833,8.01187
[cam] pitch=60.0 heading=130.0 dist=2500 center=48.06829,8.01208
[cam] pitch=60.0 heading=129.8 dist=2500 center=48.06824,8.01228
[cam] pitch=60.0 heading=129.7 dist=2500 center=48.06816,8.01244
[cam] pitch=60.0 heading=129.5 dist=2500 center=48.06804,8.01254
[cam] pitch=60.0 heading=129.3 dist=2500 center=48.06791,8.01259
[cam] pitch=60.0 heading=129.2 dist=2500 center=48.06778,8.01261
[cam] pitch=60.0 heading=129.0 dist=2500 center=48.06765,8.01260
[cam] pitch=60.0 heading=128.7 dist=2500 center=48.06752,8.01261
[cam] pitch=60.0 heading=128.5 dist=2500 center=48.06740,8.01265
[cam] pitch=60.0 heading=128.3 dist=2500 center=48.06728,8.01274
[cam] pitch=60.0 heading=128.0 dist=2500 center=48.06716,8.01283
[cam] pitch=60.0 heading=127.7 dist=2500 center=48.06704,8.01292
[cam] pitch=60.0 heading=127.4 dist=2500 center=48.06692,8.01301
[cam] pitch=60.0 heading=127.1 dist=2500 center=48.06681,8.01310
[cam] pitch=60.0 heading=126.7 dist=2500 center=48.06669,8.01320
[cam] pitch=60.0 heading=126.4 dist=2500 center=48.06658,8.01329
[cam] pitch=60.0 heading=126.0 dist=2500 center=48.06647,8.01339
[cam] pitch=60.0 heading=125.5 dist=2500 center=48.06636,8.01349
[cam] pitch=60.0 heading=125.1 dist=2500 center=48.06625,8.01360
[cam] pitch=60.0 heading=124.6 dist=2500 center=48.06614,8.01368
[cam] pitch=60.0 heading=124.0 dist=2500 center=48.06603,8.01376
[cam] pitch=60.0 heading=123.5 dist=2500 center=48.06592,8.01379
[cam] pitch=60.0 heading=122.8 dist=2500 center=48.06585,8.01369
[cam] pitch=60.0 heading=122.2 dist=2500 center=48.06582,8.01354
[cam] pitch=60.0 heading=121.6 dist=2500 center=48.06580,8.01338
[stats mode=frame trail=chunked] t=20.1 ticks=300 fps=59.8 hitches=1 maxDt=33ms avgUpdate=0.03ms trailPts=2381
[cam] pitch=60.0 heading=120.9 dist=2500 center=48.06580,8.01321
[cam] pitch=60.0 heading=120.2 dist=2500 center=48.06579,8.01304
[smooth mode=frame] callbacks=301 (60/s) speedJitter=8.7% stalls=0 maxHeadingRate=40 deg/s
    offset shown-vs-playhead camera: mean=15 m max=30 m (ground speed ~898 m/s)
[cam] pitch=60.0 heading=119.6 dist=2500 center=48.06579,8.01287
[cam] pitch=60.0 heading=118.9 dist=2500 center=48.06579,8.01269
[cam] pitch=60.0 heading=118.2 dist=2500 center=48.06579,8.01252
[cam] pitch=60.0 heading=117.6 dist=2500 center=48.06579,8.01235
[cam] pitch=60.0 heading=116.9 dist=2500 center=48.06581,8.01217
[cam] pitch=60.0 heading=116.2 dist=2500 center=48.06582,8.01199
[cam] pitch=60.0 heading=115.6 dist=2500 center=48.06584,8.01181
[cam] pitch=60.0 heading=114.9 dist=2500 center=48.06585,8.01163
[cam] pitch=60.0 heading=114.2 dist=2500 center=48.06583,8.01147
[cam] pitch=60.0 heading=113.6 dist=2500 center=48.06581,8.01130
[cam] pitch=60.0 heading=112.9 dist=2500 center=48.06579,8.01114
[cam] pitch=60.0 heading=112.2 dist=2500 center=48.06577,8.01098
[cam] pitch=60.0 heading=111.6 dist=2500 center=48.06575,8.01081
[cam] pitch=60.0 heading=110.9 dist=2500 center=48.06573,8.01065
[cam] pitch=60.0 heading=110.2 dist=2500 center=48.06567,8.01055
[cam] pitch=60.0 heading=109.6 dist=2500 center=48.06561,8.01066
[cam] pitch=60.0 heading=108.9 dist=2500 center=48.06569,8.01086
[cam] pitch=60.0 heading=108.2 dist=2500 center=48.06582,8.01105
[cam] pitch=60.0 heading=107.6 dist=2500 center=48.06595,8.01125
[cam] pitch=60.0 heading=106.9 dist=2500 center=48.06604,8.01147
[cam] pitch=60.0 heading=106.2 dist=2500 center=48.06612,8.01169
[cam] pitch=60.0 heading=105.6 dist=2500 center=48.06618,8.01192
[cam] pitch=60.0 heading=104.9 dist=2500 center=48.06622,8.01215
[cam] pitch=60.0 heading=104.2 dist=2500 center=48.06625,8.01238
[cam] pitch=60.0 heading=103.6 dist=2500 center=48.06627,8.01261
[cam] pitch=60.0 heading=102.9 dist=2500 center=48.06629,8.01284
[cam] pitch=60.0 heading=102.2 dist=2500 center=48.06632,8.01306
[cam] pitch=60.0 heading=101.6 dist=2500 center=48.06637,8.01329
[cam] pitch=60.0 heading=100.9 dist=2500 center=48.06642,8.01352
[cam] pitch=60.0 heading=100.2 dist=2500 center=48.06647,8.01374
[cam] pitch=60.0 heading=99.6 dist=2500 center=48.06652,8.01397
[cam] pitch=60.0 heading=98.9 dist=2500 center=48.06657,8.01420
[cam] pitch=60.0 heading=98.2 dist=2500 center=48.06662,8.01442
[cam] pitch=60.0 heading=97.6 dist=2500 center=48.06667,8.01464
[cam] pitch=60.0 heading=96.9 dist=2500 center=48.06671,8.01487
[cam] pitch=60.0 heading=96.2 dist=2500 center=48.06675,8.01509
[cam] pitch=60.0 heading=95.6 dist=2500 center=48.06678,8.01531
[cam] pitch=60.0 heading=94.9 dist=2500 center=48.06682,8.01553
[cam] pitch=60.0 heading=94.2 dist=2500 center=48.06685,8.01575
[cam] pitch=60.0 heading=93.6 dist=2500 center=48.06691,8.01597
[cam] pitch=60.0 heading=92.9 dist=2500 center=48.06701,8.01617
[cam] pitch=60.0 heading=92.2 dist=2500 center=48.06717,8.01630
[cam] pitch=60.0 heading=91.6 dist=2500 center=48.06735,8.01633
[cam] pitch=60.0 heading=90.9 dist=2500 center=48.06754,8.01634
[cam] pitch=60.0 heading=90.2 dist=2500 center=48.06773,8.01638
[cam] pitch=60.0 heading=89.6 dist=2500 center=48.06792,8.01642
[cam] pitch=60.0 heading=88.9 dist=2500 center=48.06811,8.01646
[cam] pitch=60.0 heading=88.2 dist=2500 center=48.06830,8.01650
[cam] pitch=60.0 heading=87.6 dist=2500 center=48.06849,8.01654
[cam] pitch=60.0 heading=86.9 dist=2500 center=48.06867,8.01658
[cam] pitch=60.0 heading=86.2 dist=2500 center=48.06886,8.01661
[cam] pitch=60.0 heading=85.6 dist=2500 center=48.06905,8.01658
[cam] pitch=60.0 heading=84.9 dist=2500 center=48.06924,8.01653
[cam] pitch=60.0 heading=84.2 dist=2500 center=48.06943,8.01648
[cam] pitch=60.0 heading=83.6 dist=2500 center=48.06961,8.01643
[cam] pitch=60.0 heading=82.9 dist=2500 center=48.06980,8.01638
[cam] pitch=60.0 heading=82.2 dist=2500 center=48.06999,8.01632
Invalid c3mm file!
[cam] pitch=60.0 heading=81.6 dist=2500 center=48.07018,8.01627
[cam] pitch=60.0 heading=80.9 dist=2500 center=48.07036,8.01625
[cam] pitch=60.0 heading=80.2 dist=2500 center=48.07055,8.01625
[cam] pitch=60.0 heading=79.6 dist=2500 center=48.07074,8.01626
[cam] pitch=60.0 heading=78.9 dist=2500 center=48.07093,8.01627
[cam] pitch=60.0 heading=78.2 dist=2500 center=48.07112,8.01628
[cam] pitch=60.0 heading=77.6 dist=2500 center=48.07131,8.01628
[cam] pitch=60.0 heading=76.9 dist=2500 center=48.07150,8.01629
[cam] pitch=60.0 heading=76.2 dist=2500 center=48.07169,8.01629
[cam] pitch=60.0 heading=75.6 dist=2500 center=48.07188,8.01630
[cam] pitch=60.0 heading=74.9 dist=2500 center=48.07207,8.01630
[cam] pitch=60.0 heading=74.2 dist=2500 center=48.07226,8.01627
[cam] pitch=60.0 heading=73.9 dist=2500 center=48.07243,8.01623
[cam] pitch=60.0 heading=73.5 dist=2500 center=48.07260,8.01619
[cam] pitch=60.0 heading=73.6 dist=2500 center=48.07274,8.01614
[cam] pitch=60.0 heading=73.6 dist=2500 center=48.07287,8.01607
[cam] pitch=60.0 heading=73.8 dist=2500 center=48.07300,8.01600
[cam] pitch=60.0 heading=73.9 dist=2500 center=48.07312,8.01591
[cam] pitch=60.0 heading=74.1 dist=2500 center=48.07324,8.01582
[cam] pitch=60.0 heading=74.3 dist=2500 center=48.07335,8.01572
[cam] pitch=60.0 heading=74.5 dist=2500 center=48.07344,8.01557
[cam] pitch=60.0 heading=74.8 dist=2500 center=48.07351,8.01541
[cam] pitch=60.0 heading=75.1 dist=2500 center=48.07359,8.01525
[cam] pitch=60.0 heading=75.4 dist=2500 center=48.07366,8.01508
[cam] pitch=60.0 heading=75.8 dist=2500 center=48.07373,8.01493
[cam] pitch=60.0 heading=76.1 dist=2500 center=48.07383,8.01483
[cam] pitch=60.0 heading=76.6 dist=2500 center=48.07395,8.01480
[cam] pitch=60.0 heading=77.0 dist=2500 center=48.07406,8.01478
[cam] pitch=60.0 heading=77.5 dist=2500 center=48.07418,8.01476
[cam] pitch=60.0 heading=77.9 dist=2500 center=48.07429,8.01474
[cam] pitch=60.0 heading=78.5 dist=2500 center=48.07440,8.01472
[cam] pitch=60.0 heading=79.0 dist=2500 center=48.07451,8.01469
[cam] pitch=60.0 heading=79.6 dist=2500 center=48.07461,8.01464
[cam] pitch=60.0 heading=80.2 dist=2500 center=48.07469,8.01454
[cam] pitch=60.0 heading=80.8 dist=2500 center=48.07476,8.01441
[cam] pitch=60.0 heading=81.4 dist=2500 center=48.07482,8.01427
[cam] pitch=60.0 heading=82.1 dist=2500 center=48.07489,8.01414
[cam] pitch=60.0 heading=82.8 dist=2500 center=48.07497,8.01405
[cam] pitch=60.0 heading=83.4 dist=2500 center=48.07506,8.01399
[cam] pitch=60.0 heading=84.1 dist=2500 center=48.07515,8.01393
[cam] pitch=60.0 heading=84.8 dist=2500 center=48.07525,8.01386
[cam] pitch=60.0 heading=85.4 dist=2500 center=48.07534,8.01380
[cam] pitch=60.0 heading=86.1 dist=2500 center=48.07543,8.01375
[cam] pitch=60.0 heading=86.8 dist=2500 center=48.07553,8.01372
[cam] pitch=60.0 heading=87.4 dist=2500 center=48.07563,8.01370
[cam] pitch=60.0 heading=88.1 dist=2500 center=48.07572,8.01370
[cam] pitch=60.0 heading=88.8 dist=2500 center=48.07582,8.01371
[cam] pitch=60.0 heading=89.4 dist=2500 center=48.07592,8.01372
[cam] pitch=60.0 heading=90.1 dist=2500 center=48.07602,8.01374
[cam] pitch=60.0 heading=90.8 dist=2500 center=48.07612,8.01377
[cam] pitch=60.0 heading=91.4 dist=2500 center=48.07621,8.01382
[cam] pitch=60.0 heading=92.1 dist=2500 center=48.07626,8.01397
[cam] pitch=60.0 heading=92.8 dist=2500 center=48.07622,8.01417
[cam] pitch=60.0 heading=93.4 dist=2500 center=48.07610,8.01434
[cam] pitch=60.0 heading=94.1 dist=2500 center=48.07594,8.01447
[cam] pitch=60.0 heading=94.8 dist=2500 center=48.07577,8.01456
[cam] pitch=60.0 heading=95.4 dist=2500 center=48.07559,8.01465
[cam] pitch=60.0 heading=96.1 dist=2500 center=48.07541,8.01473
[cam] pitch=60.0 heading=96.8 dist=2500 center=48.07523,8.01480
[cam] pitch=60.0 heading=98.3 dist=2500 center=48.07481,8.01495
[cam] pitch=60.0 heading=99.4 dist=2500 center=48.07452,8.01513
[cam] pitch=60.0 heading=100.1 dist=2500 center=48.07435,8.01524
[cam] pitch=60.0 heading=100.7 dist=2500 center=48.07419,8.01536
[cam] pitch=60.0 heading=101.2 dist=2500 center=48.07403,8.01548
[cam] pitch=60.0 heading=101.7 dist=2500 center=48.07388,8.01560
[cam] pitch=60.0 heading=102.2 dist=2500 center=48.07374,8.01573
[cam] pitch=60.0 heading=102.6 dist=2500 center=48.07358,8.01584
[cam] pitch=60.0 heading=103.1 dist=2500 center=48.07342,8.01594
[cam] pitch=60.0 heading=103.5 dist=2500 center=48.07325,8.01601
[cam] pitch=60.0 heading=103.9 dist=2500 center=48.07308,8.01603
[cam] pitch=60.0 heading=104.3 dist=2500 center=48.07290,8.01607
[cam] pitch=60.0 heading=104.7 dist=2500 center=48.07274,8.01615
[cam] pitch=60.0 heading=105.1 dist=2500 center=48.07261,8.01630
[cam] pitch=60.0 heading=105.5 dist=2500 center=48.07249,8.01646
[cam] pitch=60.0 heading=105.9 dist=2500 center=48.07239,8.01664
[cam] pitch=60.0 heading=106.3 dist=2500 center=48.07228,8.01683
[cam] pitch=60.0 heading=106.6 dist=2500 center=48.07218,8.01701
[cam] pitch=60.0 heading=106.9 dist=2500 center=48.07208,8.01720
[cam] pitch=60.0 heading=107.3 dist=2500 center=48.07197,8.01737
[cam] pitch=60.0 heading=107.6 dist=2500 center=48.07184,8.01752
[cam] pitch=60.0 heading=107.9 dist=2500 center=48.07170,8.01766
[cam] pitch=60.0 heading=108.1 dist=2500 center=48.07157,8.01780
[cam] pitch=60.0 heading=108.4 dist=2500 center=48.07143,8.01795
[cam] pitch=60.0 heading=108.7 dist=2500 center=48.07129,8.01808
[cam] pitch=60.0 heading=108.9 dist=2500 center=48.07114,8.01817
[cam] pitch=60.0 heading=109.2 dist=2500 center=48.07098,8.01826
[cam] pitch=60.0 heading=109.4 dist=2500 center=48.07081,8.01833
[cam] pitch=60.0 heading=109.7 dist=2500 center=48.07065,8.01840
[cam] pitch=60.0 heading=109.9 dist=2500 center=48.07048,8.01847
[cam] pitch=60.0 heading=110.2 dist=2500 center=48.07031,8.01851
[cam] pitch=60.0 heading=110.5 dist=2500 center=48.07013,8.01855
[cam] pitch=60.0 heading=110.8 dist=2500 center=48.06996,8.01859
[cam] pitch=60.0 heading=111.2 dist=2500 center=48.06978,8.01862
[cam] pitch=60.0 heading=111.6 dist=2500 center=48.06959,8.01862
[cam] pitch=60.0 heading=112.0 dist=2500 center=48.06942,8.01866
[cam] pitch=60.0 heading=112.4 dist=2500 center=48.06941,8.01879
[cam] pitch=60.0 heading=112.8 dist=2500 center=48.06954,8.01881
[cam] pitch=60.0 heading=113.2 dist=2500 center=48.06967,8.01881
[cam] pitch=60.0 heading=113.7 dist=2500 center=48.06980,8.01884
[cam] pitch=60.0 heading=114.1 dist=2500 center=48.06993,8.01888
[cam] pitch=60.0 heading=114.6 dist=2500 center=48.07006,8.01893
[cam] pitch=60.0 heading=115.0 dist=2500 center=48.07019,8.01898
[cam] pitch=60.0 heading=115.4 dist=2500 center=48.07033,8.01899
[cam] pitch=60.0 heading=115.8 dist=2500 center=48.07047,8.01899
[cam] pitch=60.0 heading=116.2 dist=2500 center=48.07062,8.01898
[cam] pitch=60.0 heading=116.6 dist=2500 center=48.07073,8.01905
[cam] pitch=60.0 heading=116.9 dist=2500 center=48.07063,8.01921
[cam] pitch=60.0 heading=117.3 dist=2500 center=48.07045,8.01929
[cam] pitch=60.0 heading=117.6 dist=2500 center=48.07027,8.01936
[cam] pitch=60.0 heading=117.9 dist=2500 center=48.07009,8.01942
[cam] pitch=60.0 heading=118.2 dist=2500 center=48.06990,8.01946
[cam] pitch=60.0 heading=118.5 dist=2500 center=48.06971,8.01946
[cam] pitch=60.0 heading=118.7 dist=2500 center=48.06952,8.01944
[cam] pitch=60.0 heading=119.0 dist=2500 center=48.06934,8.01939
[cam] pitch=60.0 heading=119.2 dist=2500 center=48.06915,8.01933
[cam] pitch=60.0 heading=119.4 dist=2500 center=48.06896,8.01931
[cam] pitch=60.0 heading=119.6 dist=2500 center=48.06877,8.01934
[cam] pitch=60.0 heading=119.8 dist=2500 center=48.06858,8.01937
[cam] pitch=60.0 heading=120.0 dist=2500 center=48.06839,8.01939
[cam] pitch=60.0 heading=120.1 dist=2500 center=48.06820,8.01936
[cam] pitch=60.0 heading=120.3 dist=2500 center=48.06801,8.01936
[cam] pitch=60.0 heading=120.4 dist=2500 center=48.06781,8.01937
[cam] pitch=60.0 heading=120.5 dist=2500 center=48.06762,8.01939
[cam] pitch=60.0 heading=120.6 dist=2500 center=48.06743,8.01946
[cam] pitch=60.0 heading=120.7 dist=2500 center=48.06726,8.01957
[cam] pitch=60.0 heading=120.8 dist=2500 center=48.06708,8.01969
[cam] pitch=60.0 heading=120.8 dist=2500 center=48.06689,8.01980
Invalid c3mm file!
[cam] pitch=60.0 heading=120.9 dist=2500 center=48.06670,8.01988
[cam] pitch=60.0 heading=120.9 dist=2500 center=48.06651,8.01994
[cam] pitch=60.0 heading=121.0 dist=2500 center=48.06631,8.02001
[cam] pitch=60.0 heading=121.0 dist=2500 center=48.06611,8.02007
[cam] pitch=60.0 heading=121.0 dist=2500 center=48.06591,8.02014
[cam] pitch=60.0 heading=121.0 dist=2500 center=48.06570,8.02019
[cam] pitch=60.0 heading=121.0 dist=2500 center=48.06550,8.02023
[cam] pitch=60.0 heading=120.9 dist=2500 center=48.06529,8.02028
[cam] pitch=60.0 heading=120.9 dist=2500 center=48.06509,8.02037
[cam] pitch=60.0 heading=120.8 dist=2500 center=48.06489,8.02050
[cam] pitch=60.0 heading=120.8 dist=2500 center=48.06470,8.02065
[cam] pitch=60.0 heading=120.7 dist=2500 center=48.06451,8.02080
[cam] pitch=60.0 heading=120.6 dist=2500 center=48.06431,8.02094
[cam] pitch=60.0 heading=120.5 dist=2500 center=48.06410,8.02106
[cam] pitch=60.0 heading=120.4 dist=2500 center=48.06389,8.02114
[cam] pitch=60.0 heading=120.3 dist=2500 center=48.06367,8.02122
[cam] pitch=60.0 heading=120.1 dist=2500 center=48.06345,8.02130
[cam] pitch=60.0 heading=119.8 dist=2500 center=48.06300,8.02150
[cam] pitch=60.0 heading=119.7 dist=2500 center=48.06279,8.02164
[cam] pitch=60.0 heading=119.5 dist=2500 center=48.06257,8.02179
[cam] pitch=60.0 heading=119.3 dist=2500 center=48.06234,8.02193
[cam] pitch=60.0 heading=119.1 dist=2500 center=48.06212,8.02208
[cam] pitch=60.0 heading=118.9 dist=2500 center=48.06191,8.02229
[cam] pitch=60.0 heading=118.6 dist=2500 center=48.06171,8.02251
[cam] pitch=60.0 heading=118.4 dist=2500 center=48.06151,8.02273
[cam] pitch=60.0 heading=118.1 dist=2500 center=48.06130,8.02292
[cam] pitch=60.0 heading=117.8 dist=2500 center=48.06107,8.02304
[cam] pitch=60.0 heading=117.6 dist=2500 center=48.06083,8.02308
[cam] pitch=60.0 heading=117.3 dist=2500 center=48.06059,8.02304
[cam] pitch=60.0 heading=116.9 dist=2500 center=48.06036,8.02300
[cam] pitch=60.0 heading=116.6 dist=2500 center=48.06012,8.02296
[cam] pitch=60.0 heading=116.3 dist=2500 center=48.05989,8.02297
[cam] pitch=60.0 heading=115.9 dist=2500 center=48.05967,8.02309
[cam] pitch=60.0 heading=115.6 dist=2500 center=48.05946,8.02328
[cam] pitch=60.0 heading=115.2 dist=2500 center=48.05925,8.02348
[cam] pitch=60.0 heading=114.9 dist=2500 center=48.05905,8.02368
[cam] pitch=60.0 heading=114.5 dist=2500 center=48.05884,8.02388
[cam] pitch=60.0 heading=114.2 dist=2500 center=48.05865,8.02410
[cam] pitch=60.0 heading=113.8 dist=2500 center=48.05852,8.02441
[cam] pitch=60.0 heading=113.5 dist=2500 center=48.05842,8.02477
[cam] pitch=60.0 heading=113.1 dist=2500 center=48.05833,8.02513
[cam] pitch=60.0 heading=112.8 dist=2500 center=48.05824,8.02549
[cam] pitch=60.0 heading=112.4 dist=2500 center=48.05815,8.02585
[cam] pitch=60.0 heading=112.1 dist=2500 center=48.05806,8.02622
[cam] pitch=60.0 heading=111.7 dist=2500 center=48.05803,8.02660
[cam] pitch=60.0 heading=111.4 dist=2500 center=48.05806,8.02700
[cam] pitch=60.0 heading=111.1 dist=2500 center=48.05808,8.02740
[cam] pitch=60.0 heading=110.8 dist=2500 center=48.05810,8.02780
[cam] pitch=60.0 heading=110.4 dist=2500 center=48.05808,8.02819
[cam] pitch=60.0 heading=110.1 dist=2500 center=48.05802,8.02856
[cam] pitch=60.0 heading=109.8 dist=2500 center=48.05794,8.02893
[cam] pitch=60.0 heading=109.5 dist=2500 center=48.05784,8.02928
[cam] pitch=60.0 heading=109.2 dist=2500 center=48.05777,8.02965
[cam] pitch=60.0 heading=108.9 dist=2500 center=48.05778,8.03004
[cam] pitch=60.0 heading=108.6 dist=2500 center=48.05782,8.03044
[cam] pitch=60.0 heading=108.4 dist=2500 center=48.05785,8.03083
[cam] pitch=60.0 heading=108.1 dist=2500 center=48.05786,8.03122
[cam] pitch=60.0 heading=107.9 dist=2500 center=48.05789,8.03161
[cam] pitch=60.0 heading=107.7 dist=2500 center=48.05802,8.03196
[cam] pitch=60.0 heading=107.4 dist=2500 center=48.05818,8.03228
[cam] pitch=60.0 heading=107.2 dist=2500 center=48.05834,8.03261
[cam] pitch=60.0 heading=107.0 dist=2500 center=48.05849,8.03294
[cam] pitch=60.0 heading=106.8 dist=2500 center=48.05862,8.03330
[cam] pitch=60.0 heading=106.6 dist=2500 center=48.05873,8.03366
[cam] pitch=60.0 heading=106.4 dist=2500 center=48.05879,8.03404
[cam] pitch=60.0 heading=106.2 dist=2500 center=48.05883,8.03443
[cam] pitch=60.0 heading=106.0 dist=2500 center=48.05883,8.03482
[cam] pitch=60.0 heading=105.8 dist=2500 center=48.05881,8.03521
[cam] pitch=60.0 heading=105.6 dist=2500 center=48.05878,8.03559
[cam] pitch=60.0 heading=105.4 dist=2500 center=48.05876,8.03598
[cam] pitch=60.0 heading=105.2 dist=2500 center=48.05875,8.03637
[cam] pitch=60.0 heading=105.0 dist=2500 center=48.05874,8.03676
[cam] pitch=60.0 heading=104.8 dist=2500 center=48.05869,8.03714
[cam] pitch=60.0 heading=104.6 dist=2500 center=48.05863,8.03752
[cam] pitch=60.0 heading=104.4 dist=2500 center=48.05856,8.03788
[cam] pitch=60.0 heading=104.2 dist=2500 center=48.05849,8.03825
[cam] pitch=60.0 heading=103.7 dist=2500 center=48.05823,8.03889
[cam] pitch=60.0 heading=103.5 dist=2500 center=48.05805,8.03914
[cam] pitch=60.0 heading=103.3 dist=2500 center=48.05786,8.03939
[cam] pitch=60.0 heading=103.1 dist=2500 center=48.05770,8.03968
[cam] pitch=60.0 heading=102.8 dist=2500 center=48.05759,8.04001
[cam] pitch=60.0 heading=102.6 dist=2500 center=48.05749,8.04037
[cam] pitch=60.0 heading=102.4 dist=2500 center=48.05742,8.04073
[cam] pitch=60.0 heading=102.2 dist=2500 center=48.05739,8.04112
[cam] pitch=60.0 heading=102.1 dist=2500 center=48.05742,8.04150
[cam] pitch=60.0 heading=101.9 dist=2500 center=48.05753,8.04186
[cam] pitch=60.0 heading=101.7 dist=2500 center=48.05768,8.04219
[cam] pitch=60.0 heading=101.6 dist=2500 center=48.05784,8.04251
[cam] pitch=60.0 heading=101.4 dist=2500 center=48.05798,8.04284
[cam] pitch=60.0 heading=101.3 dist=2500 center=48.05809,8.04320
[cam] pitch=60.0 heading=101.1 dist=2500 center=48.05819,8.04357
[cam] pitch=60.0 heading=101.0 dist=2500 center=48.05826,8.04394
[cam] pitch=60.0 heading=100.9 dist=2500 center=48.05833,8.04432
[cam] pitch=60.0 heading=100.7 dist=2500 center=48.05836,8.04470
[cam] pitch=60.0 heading=100.7 dist=2500 center=48.05836,8.04470
[cam] pitch=60.0 heading=100.6 dist=2500 center=48.05837,8.04471
[cam] pitch=60.0 heading=100.5 dist=2500 center=48.05838,8.04471
[cam] pitch=60.0 heading=100.4 dist=2500 center=48.05838,8.04471
[cam] pitch=60.0 heading=100.3 dist=2500 center=48.05839,8.04471
[cam] pitch=60.0 heading=100.2 dist=2500 center=48.05839,8.04471
[cam] pitch=60.0 heading=100.1 dist=2500 center=48.05840,8.04471
[cam] pitch=60.0 heading=100.0 dist=2500 center=48.05841,8.04472
[cam] pitch=60.0 heading=100.0 dist=2500 center=48.05841,8.04472
[cam] pitch=60.0 heading=99.9 dist=2500 center=48.05841,8.04472
[cam] pitch=60.0 heading=99.8 dist=2500 center=48.05842,8.04472
[cam] pitch=60.0 heading=99.8 dist=2500 center=48.05842,8.04472
[cam] pitch=60.0 heading=99.7 dist=2500 center=48.05843,8.04472
[cam] pitch=60.0 heading=99.7 dist=2500 center=48.05843,8.04472
[cam] pitch=60.0 heading=99.7 dist=2500 center=48.05843,8.04472
[cam] pitch=60.0 heading=99.6 dist=2500 center=48.05843,8.04472
[cam] pitch=60.0 heading=99.6 dist=2500 center=48.05844,8.04472
[stats mode=frame trail=chunked] t=25.1 ticks=297 fps=59.2 hitches=4 maxDt=38ms avgUpdate=0.03ms trailPts=2962
[cam] pitch=60.0 heading=99.6 dist=2500 center=48.05844,8.04472
[cam] pitch=60.0 heading=99.6 dist=2500 center=48.05844,8.04472
[cam] pitch=60.0 heading=99.5 dist=2500 center=48.05844,8.04472
[smooth mode=frame] callbacks=298 (59/s) speedJitter=17.9% stalls=6 maxHeadingRate=70 deg/s
    offset shown-vs-playhead camera: mean=20 m max=56 m (ground speed ~1171 m/s)
[cam] pitch=60.0 heading=99.5 dist=2500 center=48.05844,8.04472
[cam] pitch=60.0 heading=99.5 dist=2500 center=48.05844,8.04472
[cam] pitch=60.0 heading=99.5 dist=2500 center=48.05844,8.04472
[cam] pitch=60.0 heading=99.5 dist=2500 center=48.05844,8.04472
[cam] pitch=60.0 heading=99.6 dist=2500 center=48.05844,8.04472
[cam] pitch=60.0 heading=99.6 dist=2500 center=48.05844,8.04472
[cam] pitch=60.0 heading=99.6 dist=2500 center=48.05844,8.04472
[cam] pitch=60.0 heading=99.6 dist=2500 center=48.05843,8.04472
[cam] pitch=60.0 heading=99.7 dist=2500 center=48.05843,8.04472
[cam] pitch=60.0 heading=99.7 dist=2500 center=48.05843,8.04472
[cam] pitch=60.0 heading=99.7 dist=2500 center=48.05843,8.04472
[cam] pitch=60.0 heading=99.8 dist=2500 center=48.05842,8.04472
[cam] pitch=60.0 heading=99.8 dist=2500 center=48.05842,8.04472
[cam] pitch=60.0 heading=99.9 dist=2500 center=48.05841,8.04472
[cam] pitch=60.0 heading=100.0 dist=2500 center=48.05841,8.04472
[cam] pitch=60.0 heading=100.0 dist=2500 center=48.05840,8.04471
[cam] pitch=60.0 heading=100.1 dist=2500 center=48.05840,8.04471
[cam] pitch=60.0 heading=100.2 dist=2500 center=48.05839,8.04471
[cam] pitch=60.0 heading=100.3 dist=2500 center=48.05839,8.04471
[cam] pitch=60.0 heading=100.4 dist=2500 center=48.05838,8.04471
[cam] pitch=60.0 heading=100.5 dist=2500 center=48.05837,8.04471
[cam] pitch=60.0 heading=100.6 dist=2500 center=48.05837,8.04470
[cam] pitch=60.0 heading=100.7 dist=2500 center=48.05836,8.04470
[cam] pitch=60.0 heading=100.8 dist=2500 center=48.05835,8.04470
[cam] pitch=60.0 heading=100.9 dist=2500 center=48.05834,8.04470
[cam] pitch=60.0 heading=101.0 dist=2500 center=48.05834,8.04470
[cam] pitch=60.0 heading=101.2 dist=2500 center=48.05833,8.04469
[cam] pitch=60.0 heading=101.3 dist=2500 center=48.05832,8.04469
[cam] pitch=60.0 heading=101.4 dist=2500 center=48.05831,8.04469
[cam] pitch=60.0 heading=101.6 dist=2500 center=48.05830,8.04468
[cam] pitch=60.0 heading=101.7 dist=2500 center=48.05829,8.04468
[cam] pitch=60.0 heading=101.9 dist=2500 center=48.05828,8.04468
[cam] pitch=60.0 heading=102.0 dist=2500 center=48.05827,8.04467
[cam] pitch=60.0 heading=102.2 dist=2500 center=48.05825,8.04467
[cam] pitch=60.0 heading=102.4 dist=2500 center=48.05824,8.04467
[cam] pitch=60.0 heading=102.6 dist=2500 center=48.05823,8.04466
[cam] pitch=60.0 heading=102.8 dist=2500 center=48.05822,8.04466
[cam] pitch=60.0 heading=102.9 dist=2500 center=48.05820,8.04465
[cam] pitch=60.0 heading=103.1 dist=2500 center=48.05819,8.04465
[cam] pitch=60.0 heading=103.4 dist=2500 center=48.05818,8.04464
[cam] pitch=60.0 heading=103.6 dist=2500 center=48.05816,8.04464
[cam] pitch=60.0 heading=103.8 dist=2500 center=48.05815,8.04463
[cam] pitch=60.0 heading=104.0 dist=2500 center=48.05813,8.04463
[cam] pitch=60.0 heading=104.2 dist=2500 center=48.05812,8.04462
[cam] pitch=60.0 heading=104.5 dist=2500 center=48.05810,8.04462
[cam] pitch=60.0 heading=104.7 dist=2500 center=48.05808,8.04461
[cam] pitch=60.0 heading=105.0 dist=2500 center=48.05807,8.04460
[cam] pitch=60.0 heading=105.2 dist=2500 center=48.05805,8.04460
[cam] pitch=60.0 heading=105.5 dist=2500 center=48.05803,8.04459
[cam] pitch=60.0 heading=105.7 dist=2500 center=48.05801,8.04458
[cam] pitch=60.0 heading=106.0 dist=2500 center=48.05799,8.04457
[cam] pitch=60.0 heading=106.3 dist=2500 center=48.05797,8.04456
[cam] pitch=60.0 heading=106.6 dist=2500 center=48.05795,8.04456
[cam] pitch=60.0 heading=106.9 dist=2500 center=48.05793,8.04455
[cam] pitch=60.0 heading=107.2 dist=2500 center=48.05791,8.04454
[cam] pitch=60.0 heading=107.5 dist=2500 center=48.05789,8.04453
[cam] pitch=60.0 heading=107.8 dist=2500 center=48.05787,8.04452
[cam] pitch=60.0 heading=108.2 dist=2500 center=48.05785,8.04451
[cam] pitch=60.0 heading=108.5 dist=2500 center=48.05783,8.04450
[cam] pitch=60.0 heading=108.8 dist=2500 center=48.05780,8.04448
[cam] pitch=60.0 heading=109.2 dist=2500 center=48.05778,8.04447
[cam] pitch=60.0 heading=109.5 dist=2500 center=48.05776,8.04446
[cam] pitch=60.0 heading=109.9 dist=2500 center=48.05773,8.04445
[cam] pitch=60.0 heading=110.3 dist=2500 center=48.05771,8.04443
[cam] pitch=60.0 heading=110.7 dist=2500 center=48.05768,8.04442
[cam] pitch=60.0 heading=111.0 dist=2500 center=48.05766,8.04440
[cam] pitch=60.0 heading=111.4 dist=2500 center=48.05763,8.04439
[cam] pitch=60.0 heading=111.9 dist=2500 center=48.05760,8.04437
[cam] pitch=60.0 heading=112.3 dist=2500 center=48.05758,8.04436
[cam] pitch=60.0 heading=112.7 dist=2500 center=48.05755,8.04434
[cam] pitch=60.0 heading=113.1 dist=2500 center=48.05752,8.04432
[cam] pitch=60.0 heading=113.6 dist=2500 center=48.05749,8.04430
[cam] pitch=60.0 heading=114.0 dist=2500 center=48.05746,8.04428
[cam] pitch=60.0 heading=114.5 dist=2500 center=48.05743,8.04426
[cam] pitch=60.0 heading=114.9 dist=2500 center=48.05740,8.04424
[cam] pitch=60.0 heading=115.4 dist=2500 center=48.05737,8.04422
[cam] pitch=60.0 heading=115.9 dist=2500 center=48.05734,8.04420
[cam] pitch=60.0 heading=116.4 dist=2500 center=48.05731,8.04418
[cam] pitch=60.0 heading=116.9 dist=2500 center=48.05728,8.04415
[cam] pitch=60.0 heading=117.4 dist=2500 center=48.05725,8.04413
[cam] pitch=60.0 heading=118.0 dist=2500 center=48.05721,8.04410
[cam] pitch=60.0 heading=118.5 dist=2500 center=48.05718,8.04407
[cam] pitch=60.0 heading=119.1 dist=2500 center=48.05715,8.04405
[cam] pitch=60.0 heading=119.6 dist=2500 center=48.05711,8.04402
[cam] pitch=60.0 heading=120.2 dist=2500 center=48.05708,8.04399
[cam] pitch=60.0 heading=120.8 dist=2500 center=48.05704,8.04396
[cam] pitch=60.0 heading=121.4 dist=2500 center=48.05701,8.04392
[cam] pitch=60.0 heading=122.0 dist=2500 center=48.05697,8.04389
[cam] pitch=60.0 heading=122.6 dist=2500 center=48.05693,8.04386
[cam] pitch=60.0 heading=123.2 dist=2500 center=48.05689,8.04382
[cam] pitch=60.0 heading=123.9 dist=2500 center=48.05686,8.04378
[cam] pitch=60.0 heading=124.5 dist=2500 center=48.05682,8.04374
[cam] pitch=60.0 heading=125.2 dist=2500 center=48.05678,8.04370
[cam] pitch=60.0 heading=125.8 dist=2500 center=48.05674,8.04366
[cam] pitch=60.0 heading=126.5 dist=2500 center=48.05670,8.04362
[cam] pitch=60.0 heading=127.2 dist=2500 center=48.05667,8.04358
[cam] pitch=60.0 heading=127.8 dist=2500 center=48.05663,8.04354
[cam] pitch=60.0 heading=128.5 dist=2500 center=48.05659,8.04349
[cam] pitch=60.0 heading=129.2 dist=2500 center=48.05656,8.04345
[cam] pitch=60.0 heading=130.5 dist=2500 center=48.05650,8.04375
[cam] pitch=60.0 heading=130.5 dist=2500 center=48.05650,8.04375
[cam] pitch=60.0 heading=131.9 dist=2500 center=48.05658,8.04441
[cam] pitch=60.0 heading=132.5 dist=2500 center=48.05662,8.04472
[cam] pitch=60.0 heading=133.2 dist=2500 center=48.05663,8.04505
[cam] pitch=60.0 heading=133.8 dist=2500 center=48.05665,8.04538
[cam] pitch=60.0 heading=134.5 dist=2500 center=48.05664,8.04571
[cam] pitch=60.0 heading=135.2 dist=2500 center=48.05662,8.04605
[cam] pitch=60.0 heading=135.8 dist=2500 center=48.05659,8.04638
[cam] pitch=60.0 heading=136.5 dist=2500 center=48.05656,8.04672
[cam] pitch=60.0 heading=137.2 dist=2500 center=48.05653,8.04705
[cam] pitch=60.0 heading=137.8 dist=2500 center=48.05649,8.04738
[cam] pitch=60.0 heading=138.5 dist=2500 center=48.05642,8.04771
[cam] pitch=60.0 heading=139.2 dist=2500 center=48.05625,8.04797
[cam] pitch=60.0 heading=139.8 dist=2500 center=48.05599,8.04807
[cam] pitch=60.0 heading=140.5 dist=2500 center=48.05570,8.04807
[cam] pitch=60.0 heading=141.2 dist=2500 center=48.05542,8.04807
[cam] pitch=60.0 heading=141.8 dist=2500 center=48.05513,8.04807
[cam] pitch=60.0 heading=142.5 dist=2500 center=48.05485,8.04806
[cam] pitch=60.0 heading=143.2 dist=2500 center=48.05457,8.04806
[cam] pitch=60.0 heading=143.8 dist=2500 center=48.05428,8.04807
[cam] pitch=60.0 heading=144.5 dist=2500 center=48.05401,8.04810
[cam] pitch=60.0 heading=145.2 dist=2500 center=48.05373,8.04813
[cam] pitch=60.0 heading=145.8 dist=2500 center=48.05345,8.04816
[cam] pitch=60.0 heading=146.5 dist=2500 center=48.05317,8.04818
[cam] pitch=60.0 heading=147.2 dist=2500 center=48.05289,8.04818
[cam] pitch=60.0 heading=147.8 dist=2500 center=48.05261,8.04815
[cam] pitch=60.0 heading=148.5 dist=2500 center=48.05233,8.04810
[cam] pitch=60.0 heading=149.2 dist=2500 center=48.05205,8.04802
[cam] pitch=60.0 heading=149.8 dist=2500 center=48.05176,8.04793
[cam] pitch=60.0 heading=150.5 dist=2500 center=48.05148,8.04783
[cam] pitch=60.0 heading=151.2 dist=2500 center=48.05120,8.04774
[cam] pitch=60.0 heading=151.8 dist=2500 center=48.05093,8.04764
[cam] pitch=60.0 heading=152.5 dist=2500 center=48.05065,8.04756
[cam] pitch=60.0 heading=153.2 dist=2500 center=48.05037,8.04749
[cam] pitch=60.0 heading=153.8 dist=2500 center=48.05009,8.04746
[cam] pitch=60.0 heading=154.5 dist=2500 center=48.04981,8.04745
[cam] pitch=60.0 heading=155.2 dist=2500 center=48.04954,8.04748
[cam] pitch=60.0 heading=155.8 dist=2500 center=48.04928,8.04751
[cam] pitch=60.0 heading=157.2 dist=2500 center=48.04874,8.04758
[cam] pitch=60.0 heading=157.8 dist=2500 center=48.04848,8.04765
[cam] pitch=60.0 heading=158.5 dist=2500 center=48.04822,8.04772
[cam] pitch=60.0 heading=159.2 dist=2500 center=48.04799,8.04785
[cam] pitch=60.0 heading=159.8 dist=2500 center=48.04782,8.04809
[cam] pitch=60.0 heading=160.5 dist=2500 center=48.04774,8.04840
[cam] pitch=60.0 heading=161.2 dist=2500 center=48.04767,8.04871
[cam] pitch=60.0 heading=161.8 dist=2500 center=48.04759,8.04902
[cam] pitch=60.0 heading=162.5 dist=2500 center=48.04752,8.04933
[cam] pitch=60.0 heading=163.2 dist=2500 center=48.04746,8.04964
[cam] pitch=60.0 heading=163.8 dist=2500 center=48.04735,8.04993
[cam] pitch=60.0 heading=164.5 dist=2500 center=48.04720,8.05018
[cam] pitch=60.0 heading=165.2 dist=2500 center=48.04703,8.05042
[cam] pitch=60.0 heading=165.8 dist=2500 center=48.04686,8.05066
[cam] pitch=60.0 heading=166.5 dist=2500 center=48.04669,8.05089
[cam] pitch=60.0 heading=167.2 dist=2500 center=48.04647,8.05104
[cam] pitch=60.0 heading=167.8 dist=2500 center=48.04621,8.05107
[cam] pitch=60.0 heading=168.5 dist=2500 center=48.04595,8.05111
[cam] pitch=60.0 heading=169.2 dist=2500 center=48.04573,8.05124
[cam] pitch=60.0 heading=169.8 dist=2500 center=48.04558,8.05150
[cam] pitch=60.0 heading=170.5 dist=2500 center=48.04539,8.05169
[cam] pitch=60.0 heading=171.2 dist=2500 center=48.04515,8.05158
[cam] pitch=60.0 heading=171.8 dist=2500 center=48.04499,8.05120
[cam] pitch=60.0 heading=172.5 dist=2500 center=48.04486,8.05079
[cam] pitch=60.0 heading=173.2 dist=2500 center=48.04477,8.05036
[cam] pitch=60.0 heading=173.8 dist=2500 center=48.04473,8.04991
[cam] pitch=60.0 heading=174.5 dist=2500 center=48.04476,8.04946
[cam] pitch=60.0 heading=175.2 dist=2500 center=48.04481,8.04901
[cam] pitch=60.0 heading=175.8 dist=2500 center=48.04490,8.04859
[cam] pitch=60.0 heading=176.5 dist=2500 center=48.04502,8.04818
[cam] pitch=60.0 heading=177.2 dist=2500 center=48.04516,8.04779
[cam] pitch=60.0 heading=177.8 dist=2500 center=48.04521,8.04736
[cam] pitch=60.0 heading=178.5 dist=2500 center=48.04509,8.04733
[cam] pitch=60.0 heading=179.2 dist=2500 center=48.04515,8.04698
[cam] pitch=60.0 heading=179.8 dist=2500 center=48.04499,8.04661
[cam] pitch=60.0 heading=180.5 dist=2500 center=48.04485,8.04623
[cam] pitch=60.0 heading=181.2 dist=2500 center=48.04475,8.04580
[cam] pitch=60.0 heading=181.8 dist=2500 center=48.04464,8.04538
[cam] pitch=60.0 heading=182.5 dist=2500 center=48.04454,8.04496
[cam] pitch=60.0 heading=183.2 dist=2500 center=48.04444,8.04454
[cam] pitch=60.0 heading=183.8 dist=2500 center=48.04438,8.04409
[cam] pitch=60.0 heading=184.5 dist=2500 center=48.04436,8.04364
[cam] pitch=60.0 heading=185.2 dist=2500 center=48.04436,8.04318
[cam] pitch=60.0 heading=185.8 dist=2500 center=48.04439,8.04273
[cam] pitch=60.0 heading=186.5 dist=2500 center=48.04444,8.04228
[cam] pitch=60.0 heading=187.2 dist=2500 center=48.04450,8.04184
[cam] pitch=60.0 heading=187.8 dist=2500 center=48.04462,8.04143
[cam] pitch=60.0 heading=189.2 dist=2500 center=48.04506,8.04085
[cam] pitch=60.0 heading=189.7 dist=2500 center=48.04498,8.04052
[cam] pitch=60.0 heading=190.3 dist=2500 center=48.04476,8.04053
[cam] pitch=60.0 heading=190.5 dist=2500 center=48.04459,8.04078
[cam] pitch=60.0 heading=190.8 dist=2500 center=48.04436,8.04092
[cam] pitch=60.0 heading=191.0 dist=2500 center=48.04411,8.04095
[cam] pitch=60.0 heading=191.3 dist=2500 center=48.04386,8.04097
[cam] pitch=60.0 heading=191.6 dist=2500 center=48.04361,8.04094
[cam] pitch=60.0 heading=191.9 dist=2500 center=48.04336,8.04097
[cam] pitch=60.0 heading=192.2 dist=2500 center=48.04312,8.04108
[cam] pitch=60.0 heading=192.5 dist=2500 center=48.04289,8.04120
[cam] pitch=60.0 heading=192.9 dist=2500 center=48.04266,8.04134
[cam] pitch=60.0 heading=193.2 dist=2500 center=48.04244,8.04148
[cam] pitch=60.0 heading=193.6 dist=2500 center=48.04223,8.04165
[cam] pitch=60.0 heading=194.0 dist=2500 center=48.04207,8.04190
[cam] pitch=60.0 heading=194.4 dist=2500 center=48.04197,8.04220
[cam] pitch=60.0 heading=194.9 dist=2500 center=48.04187,8.04251
[cam] pitch=60.0 heading=195.3 dist=2500 center=48.04178,8.04282
[cam] pitch=60.0 heading=195.8 dist=2500 center=48.04170,8.04313
[cam] pitch=60.0 heading=196.3 dist=2500 center=48.04154,8.04337
[cam] pitch=60.0 heading=196.8 dist=2500 center=48.04132,8.04344
[cam] pitch=60.0 heading=197.3 dist=2500 center=48.04110,8.04358
[cam] pitch=60.0 heading=197.8 dist=2500 center=48.04091,8.04375
[cam] pitch=60.0 heading=198.4 dist=2500 center=48.04076,8.04400
[cam] pitch=60.0 heading=199.0 dist=2500 center=48.04066,8.04429
[cam] pitch=60.0 heading=199.5 dist=2500 center=48.04056,8.04458
[cam] pitch=60.0 heading=200.1 dist=2500 center=48.04042,8.04483
Invalid c3mm file!
[cam] pitch=60.0 heading=200.6 dist=2500 center=48.04024,8.04503
[cam] pitch=60.0 heading=201.1 dist=2500 center=48.04003,8.04517
[cam] pitch=60.0 heading=201.6 dist=2500 center=48.03980,8.04520
[cam] pitch=60.0 heading=202.1 dist=2500 center=48.03969,8.04486
[cam] pitch=60.0 heading=203.1 dist=2500 center=48.04014,8.04435
[cam] pitch=60.0 heading=204.0 dist=2500 center=48.04024,8.04355
[cam] pitch=60.0 heading=204.4 dist=2500 center=48.04020,8.04315
[cam] pitch=60.0 heading=204.8 dist=2500 center=48.04012,8.04275
[cam] pitch=60.0 heading=205.3 dist=2500 center=48.03999,8.04239
[cam] pitch=60.0 heading=205.7 dist=2500 center=48.03982,8.04208
[cam] pitch=60.0 heading=206.1 dist=2500 center=48.03964,8.04179
[cam] pitch=60.0 heading=206.5 dist=2500 center=48.03944,8.04153
[cam] pitch=60.0 heading=206.9 dist=2500 center=48.03924,8.04126
[cam] pitch=60.0 heading=207.3 dist=2500 center=48.03906,8.04098
[cam] pitch=60.0 heading=207.8 dist=2500 center=48.03890,8.04065
[cam] pitch=60.0 heading=208.2 dist=2500 center=48.03874,8.04034
[cam] pitch=60.0 heading=209.0 dist=2500 center=48.03834,8.03983
[cam] pitch=60.0 heading=209.4 dist=2500 center=48.03812,8.03964
[cam] pitch=60.0 heading=209.9 dist=2500 center=48.03788,8.03949
[cam] pitch=60.0 heading=210.3 dist=2500 center=48.03765,8.03938
[cam] pitch=60.0 heading=210.7 dist=2500 center=48.03741,8.03927
[cam] pitch=60.0 heading=211.1 dist=2500 center=48.03718,8.03911
[cam] pitch=60.0 heading=211.5 dist=2500 center=48.03695,8.03894
[cam] pitch=60.0 heading=211.9 dist=2500 center=48.03674,8.03873
[cam] pitch=60.0 heading=212.3 dist=2500 center=48.03654,8.03847
[cam] pitch=60.0 heading=212.7 dist=2500 center=48.03637,8.03817
[cam] pitch=60.0 heading=213.1 dist=2500 center=48.03622,8.03784
[cam] pitch=60.0 heading=213.5 dist=2500 center=48.03607,8.03751
[cam] pitch=60.0 heading=214.3 dist=2500 center=48.03582,8.03680
[cam] pitch=60.0 heading=214.7 dist=2500 center=48.03567,8.03647
[cam] pitch=60.0 heading=215.1 dist=2500 center=48.03552,8.03614
[cam] pitch=60.0 heading=215.5 dist=2500 center=48.03534,8.03585
[cam] pitch=60.0 heading=215.8 dist=2500 center=48.03517,8.03556
[cam] pitch=60.0 heading=216.2 dist=2500 center=48.03496,8.03536
[cam] pitch=60.0 heading=216.6 dist=2500 center=48.03472,8.03528
[cam] pitch=60.0 heading=216.9 dist=2500 center=48.03448,8.03520
[cam] pitch=60.0 heading=217.3 dist=2500 center=48.03429,8.03496
[cam] pitch=60.0 heading=217.6 dist=2500 center=48.03421,8.03457
[cam] pitch=60.0 heading=218.0 dist=2500 center=48.03414,8.03418
[cam] pitch=60.0 heading=218.7 dist=2500 center=48.03404,8.03325
[cam] pitch=60.0 heading=219.2 dist=2500 center=48.03390,8.03261
[cam] pitch=60.0 heading=219.5 dist=2500 center=48.03379,8.03225
[cam] pitch=60.0 heading=219.7 dist=2500 center=48.03372,8.03186
[cam] pitch=60.0 heading=220.0 dist=2500 center=48.03368,8.03146
[cam] pitch=60.0 heading=220.2 dist=2500 center=48.03367,8.03106
[cam] pitch=60.0 heading=220.5 dist=2500 center=48.03366,8.03066
[cam] pitch=60.0 heading=220.7 dist=2500 center=48.03364,8.03026
[cam] pitch=60.0 heading=220.9 dist=2500 center=48.03363,8.02985
[cam] pitch=60.0 heading=221.2 dist=2500 center=48.03359,8.02946
[cam] pitch=60.0 heading=221.4 dist=2500 center=48.03347,8.02912
[cam] pitch=60.0 heading=221.6 dist=2500 center=48.03334,8.02877
[cam] pitch=60.0 heading=221.8 dist=2500 center=48.03323,8.02841
[cam] pitch=60.0 heading=222.0 dist=2500 center=48.03313,8.02805
[cam] pitch=60.0 heading=222.2 dist=2500 center=48.03299,8.02773
[cam] pitch=60.0 heading=222.4 dist=2500 center=48.03282,8.02744
[cam] pitch=60.0 heading=222.6 dist=2500 center=48.03266,8.02713
[cam] pitch=60.0 heading=222.8 dist=2500 center=48.03254,8.02679
[cam] pitch=60.0 heading=223.0 dist=2500 center=48.03242,8.02644
Invalid c3mm file!
[cam] pitch=60.0 heading=223.2 dist=2500 center=48.03230,8.02609
[cam] pitch=60.0 heading=223.3 dist=2500 center=48.03217,8.02575
Invalid c3mm file!
[cam] pitch=60.0 heading=223.5 dist=2500 center=48.03203,8.02542
[cam] pitch=60.0 heading=223.7 dist=2500 center=48.03191,8.02507
[cam] pitch=60.0 heading=223.9 dist=2500 center=48.03180,8.02472
[cam] pitch=60.0 heading=224.0 dist=2500 center=48.03169,8.02437
[cam] pitch=60.0 heading=224.2 dist=2500 center=48.03152,8.02408
[cam] pitch=60.0 heading=224.4 dist=2500 center=48.03135,8.02379
[cam] pitch=60.0 heading=224.5 dist=2500 center=48.03117,8.02350
[cam] pitch=60.0 heading=224.7 dist=2500 center=48.03100,8.02322
[cam] pitch=60.0 heading=224.8 dist=2500 center=48.03083,8.02293
[cam] pitch=60.0 heading=225.0 dist=2500 center=48.03065,8.02265
[cam] pitch=60.0 heading=225.2 dist=2500 center=48.03048,8.02236
[cam] pitch=60.0 heading=225.3 dist=2500 center=48.03035,8.02203
[cam] pitch=60.0 heading=225.5 dist=2500 center=48.03030,8.02164
[cam] pitch=60.0 heading=225.9 dist=2500 center=48.03022,8.02086
[cam] pitch=60.0 heading=226.0 dist=2500 center=48.03018,8.02047
[cam] pitch=60.0 heading=226.3 dist=2500 center=48.02999,8.02031
[stats mode=frame trail=chunked] t=30.1 ticks=291 fps=58.0 hitches=10 maxDt=39ms avgUpdate=0.03ms trailPts=3532
[cam] pitch=60.0 heading=226.5 dist=2500 center=48.02979,8.02048
[cam] pitch=60.0 heading=226.7 dist=2500 center=48.02957,8.02062
[cam] pitch=60.0 heading=227.0 dist=2500 center=48.02933,8.02073
[cam] pitch=60.0 heading=227.3 dist=2500 center=48.02910,8.02078
[smooth mode=frame] callbacks=292 (58/s) speedJitter=30.7% stalls=3 maxHeadingRate=94 deg/s
    offset shown-vs-playhead camera: mean=21 m max=70 m (ground speed ~1212 m/s)
[cam] pitch=60.0 heading=227.5 dist=2500 center=48.02886,8.02068
[cam] pitch=60.0 heading=227.8 dist=2500 center=48.02863,8.02054
[cam] pitch=60.0 heading=228.1 dist=2500 center=48.02840,8.02042
[cam] pitch=60.0 heading=228.5 dist=2500 center=48.02816,8.02041
[cam] pitch=60.0 heading=228.8 dist=2500 center=48.02793,8.02050
[cam] pitch=60.0 heading=229.2 dist=2500 center=48.02770,8.02053
[cam] pitch=60.0 heading=229.6 dist=2500 center=48.02746,8.02048
[cam] pitch=60.0 heading=230.0 dist=2500 center=48.02723,8.02048
[cam] pitch=60.0 heading=230.4 dist=2500 center=48.02701,8.02057
[cam] pitch=60.0 heading=230.9 dist=2500 center=48.02680,8.02071
[cam] pitch=60.0 heading=231.3 dist=2500 center=48.02660,8.02088
[cam] pitch=60.0 heading=231.8 dist=2500 center=48.02641,8.02103
[cam] pitch=60.0 heading=232.3 dist=2500 center=48.02618,8.02101
[cam] pitch=60.0 heading=232.8 dist=2500 center=48.02595,8.02096
[cam] pitch=60.0 heading=233.3 dist=2500 center=48.02573,8.02097
[cam] pitch=60.0 heading=234.5 dist=2500 center=48.02531,8.02080
[cam] pitch=60.0 heading=235.1 dist=2500 center=48.02511,8.02089
[cam] pitch=60.0 heading=235.7 dist=2500 center=48.02493,8.02106
[cam] pitch=60.0 heading=236.4 dist=2500 center=48.02477,8.02127
[cam] pitch=60.0 heading=237.0 dist=2500 center=48.02461,8.02148
[cam] pitch=60.0 heading=237.7 dist=2500 center=48.02444,8.02166
[cam] pitch=60.0 heading=238.4 dist=2500 center=48.02425,8.02178
[cam] pitch=60.0 heading=239.0 dist=2500 center=48.02404,8.02187
[cam] pitch=60.0 heading=239.7 dist=2500 center=48.02383,8.02194
[cam] pitch=60.0 heading=240.4 dist=2500 center=48.02363,8.02199
[cam] pitch=60.0 heading=241.0 dist=2500 center=48.02341,8.02196
[cam] pitch=60.0 heading=241.7 dist=2500 center=48.02320,8.02185
[cam] pitch=60.0 heading=242.4 dist=2500 center=48.02299,8.02175
[cam] pitch=60.0 heading=243.0 dist=2500 center=48.02277,8.02172
[cam] pitch=60.0 heading=243.7 dist=2500 center=48.02256,8.02169
[cam] pitch=60.0 heading=244.4 dist=2500 center=48.02234,8.02165
[cam] pitch=60.0 heading=245.0 dist=2500 center=48.02214,8.02151
[cam] pitch=60.0 heading=245.7 dist=2500 center=48.02193,8.02137
[cam] pitch=60.0 heading=246.4 dist=2500 center=48.02173,8.02123
[cam] pitch=60.0 heading=247.0 dist=2500 center=48.02154,8.02105
[cam] pitch=60.0 heading=247.7 dist=2500 center=48.02145,8.02071
[cam] pitch=60.0 heading=248.4 dist=2500 center=48.02144,8.02031
[cam] pitch=60.0 heading=249.0 dist=2500 center=48.02130,8.02001
[cam] pitch=60.0 heading=249.7 dist=2500 center=48.02113,8.01978
[cam] pitch=60.0 heading=250.4 dist=2500 center=48.02097,8.01951
[cam] pitch=60.0 heading=251.0 dist=2500 center=48.02091,8.01916
[cam] pitch=60.0 heading=251.7 dist=2500 center=48.02097,8.01876
[cam] pitch=60.0 heading=252.4 dist=2500 center=48.02115,8.01841
[cam] pitch=60.0 heading=253.0 dist=2500 center=48.02134,8.01807
[cam] pitch=60.0 heading=253.7 dist=2500 center=48.02152,8.01772
[cam] pitch=60.0 heading=254.4 dist=2500 center=48.02166,8.01735
[cam] pitch=60.0 heading=255.0 dist=2500 center=48.02171,8.01695
[cam] pitch=60.0 heading=255.7 dist=2500 center=48.02170,8.01656
[cam] pitch=60.0 heading=256.4 dist=2500 center=48.02171,8.01616
[cam] pitch=60.0 heading=257.0 dist=2500 center=48.02177,8.01576
[cam] pitch=60.0 heading=257.7 dist=2500 center=48.02189,8.01538
[cam] pitch=60.0 heading=258.4 dist=2500 center=48.02207,8.01504
[cam] pitch=60.0 heading=259.0 dist=2500 center=48.02236,8.01493
[cam] pitch=60.0 heading=259.7 dist=2500 center=48.02267,8.01487
[cam] pitch=60.0 heading=260.4 dist=2500 center=48.02297,8.01481
[cam] pitch=60.0 heading=261.0 dist=2500 center=48.02325,8.01464
[cam] pitch=60.0 heading=261.7 dist=2500 center=48.02347,8.01435
[cam] pitch=60.0 heading=262.4 dist=2500 center=48.02367,8.01404
[cam] pitch=60.0 heading=263.0 dist=2500 center=48.02388,8.01373
[cam] pitch=60.0 heading=263.7 dist=2500 center=48.02408,8.01341
[cam] pitch=60.0 heading=264.4 dist=2500 center=48.02428,8.01310
[cam] pitch=60.0 heading=265.0 dist=2500 center=48.02448,8.01278
[cam] pitch=60.0 heading=265.7 dist=2500 center=48.02467,8.01245
[cam] pitch=60.0 heading=266.4 dist=2500 center=48.02481,8.01209
[cam] pitch=60.0 heading=267.0 dist=2500 center=48.02487,8.01170
[cam] pitch=60.0 heading=267.7 dist=2500 center=48.02492,8.01131
[cam] pitch=60.0 heading=268.4 dist=2500 center=48.02504,8.01094
[cam] pitch=60.0 heading=269.7 dist=2500 center=48.02544,8.01033
[cam] pitch=60.0 heading=270.4 dist=2500 center=48.02565,8.01003
[cam] pitch=60.0 heading=271.0 dist=2500 center=48.02585,8.00972
[cam] pitch=60.0 heading=271.7 dist=2500 center=48.02603,8.00940
[cam] pitch=60.0 heading=272.4 dist=2500 center=48.02618,8.00905
[cam] pitch=60.0 heading=273.0 dist=2500 center=48.02628,8.00867
[cam] pitch=60.0 heading=273.7 dist=2500 center=48.02639,8.00830
[cam] pitch=60.0 heading=274.4 dist=2500 center=48.02653,8.00795
[cam] pitch=60.0 heading=274.9 dist=2500 center=48.02664,8.00758
[cam] pitch=60.0 heading=275.4 dist=2500 center=48.02671,8.00721
[cam] pitch=60.0 heading=275.8 dist=2500 center=48.02673,8.00683
[cam] pitch=60.0 heading=276.3 dist=2500 center=48.02676,8.00645
[cam] pitch=60.0 heading=276.7 dist=2500 center=48.02681,8.00607
[cam] pitch=60.0 heading=277.1 dist=2500 center=48.02690,8.00570
[cam] pitch=60.0 heading=277.5 dist=2500 center=48.02707,8.00538
[cam] pitch=60.0 heading=277.9 dist=2500 center=48.02727,8.00511
[cam] pitch=60.0 heading=278.3 dist=2500 center=48.02749,8.00485
[cam] pitch=60.0 heading=278.7 dist=2500 center=48.02772,8.00463
[cam] pitch=60.0 heading=279.0 dist=2500 center=48.02796,8.00442
[cam] pitch=60.0 heading=279.4 dist=2500 center=48.02821,8.00423
[cam] pitch=60.0 heading=279.8 dist=2500 center=48.02845,8.00404
[cam] pitch=60.0 heading=280.1 dist=2500 center=48.02869,8.00382
[cam] pitch=60.0 heading=280.5 dist=2500 center=48.02886,8.00352
[cam] pitch=60.0 heading=280.8 dist=2500 center=48.02896,8.00316
[cam] pitch=60.0 heading=281.2 dist=2500 center=48.02903,8.00279
[cam] pitch=60.0 heading=281.5 dist=2500 center=48.02906,8.00241
[cam] pitch=60.0 heading=281.9 dist=2500 center=48.02911,8.00203
[cam] pitch=60.0 heading=282.2 dist=2500 center=48.02927,8.00173
[cam] pitch=60.0 heading=282.5 dist=2500 center=48.02947,8.00146
[cam] pitch=60.0 heading=282.8 dist=2500 center=48.02959,8.00111
[cam] pitch=60.0 heading=283.1 dist=2500 center=48.02968,8.00075
[cam] pitch=60.0 heading=283.4 dist=2500 center=48.02978,8.00039
[cam] pitch=60.0 heading=283.7 dist=2500 center=48.02990,8.00004
[cam] pitch=60.0 heading=284.0 dist=2500 center=48.03009,7.99976
[cam] pitch=60.0 heading=284.2 dist=2500 center=48.03030,7.99952
[cam] pitch=60.0 heading=284.5 dist=2500 center=48.03055,7.99935
[cam] pitch=60.0 heading=284.8 dist=2500 center=48.03081,7.99923
[cam] pitch=60.0 heading=285.0 dist=2500 center=48.03103,7.99903
[cam] pitch=60.0 heading=285.3 dist=2500 center=48.03123,7.99875
[cam] pitch=60.0 heading=285.5 dist=2500 center=48.03142,7.99848
[cam] pitch=60.0 heading=285.8 dist=2500 center=48.03160,7.99819
[cam] pitch=60.0 heading=286.0 dist=2500 center=48.03171,7.99784
[cam] pitch=60.0 heading=286.3 dist=2500 center=48.03179,7.99747
[cam] pitch=60.0 heading=286.6 dist=2500 center=48.03186,7.99710
[cam] pitch=60.0 heading=286.8 dist=2500 center=48.03196,7.99674
[cam] pitch=60.0 heading=287.1 dist=2500 center=48.03205,7.99638
[cam] pitch=60.0 heading=287.4 dist=2500 center=48.03213,7.99602
[cam] pitch=60.0 heading=287.7 dist=2500 center=48.03215,7.99564
[cam] pitch=60.0 heading=287.9 dist=2500 center=48.03218,7.99527
[cam] pitch=60.0 heading=288.2 dist=2500 center=48.03220,7.99489
[cam] pitch=60.0 heading=288.5 dist=2500 center=48.03222,7.99451
[cam] pitch=60.0 heading=288.8 dist=2500 center=48.03222,7.99414
[cam] pitch=60.0 heading=289.1 dist=2500 center=48.03222,7.99376
[cam] pitch=60.0 heading=289.4 dist=2500 center=48.03222,7.99339
[cam] pitch=60.0 heading=289.6 dist=2500 center=48.03221,7.99302
[cam] pitch=60.0 heading=289.9 dist=2500 center=48.03219,7.99264
[cam] pitch=60.0 heading=290.1 dist=2500 center=48.03225,7.99228
[cam] pitch=60.0 heading=290.4 dist=2500 center=48.03241,7.99198
[cam] pitch=60.0 heading=290.6 dist=2500 center=48.03265,7.99179
[cam] pitch=60.0 heading=290.9 dist=2500 center=48.03289,7.99164
[cam] pitch=60.0 heading=291.3 dist=2500 center=48.03340,7.99137
[cam] pitch=60.0 heading=291.5 dist=2500 center=48.03366,7.99124
[cam] pitch=60.0 heading=291.8 dist=2500 center=48.03390,7.99107
[cam] pitch=60.0 heading=292.0 dist=2500 center=48.03411,7.99082
[cam] pitch=60.0 heading=292.2 dist=2500 center=48.03425,7.99050
[cam] pitch=60.0 heading=292.5 dist=2500 center=48.03429,7.99013
[cam] pitch=60.0 heading=292.7 dist=2500 center=48.03428,7.98976
Invalid c3mm file!
[cam] pitch=60.0 heading=292.9 dist=2500 center=48.03425,7.98938
[cam] pitch=60.0 heading=293.2 dist=2500 center=48.03424,7.98901
[cam] pitch=60.0 heading=293.4 dist=2500 center=48.03425,7.98863
[cam] pitch=60.0 heading=293.6 dist=2500 center=48.03431,7.98827
[cam] pitch=60.0 heading=293.8 dist=2500 center=48.03444,7.98794
[cam] pitch=60.0 heading=294.0 dist=2500 center=48.03463,7.98767
[cam] pitch=60.0 heading=294.2 dist=2500 center=48.03486,7.98747
[cam] pitch=60.0 heading=294.4 dist=2500 center=48.03510,7.98730
[cam] pitch=60.0 heading=294.6 dist=2500 center=48.03534,7.98714
[cam] pitch=60.0 heading=294.7 dist=2500 center=48.03558,7.98696
[cam] pitch=60.0 heading=294.9 dist=2500 center=48.03581,7.98677
[cam] pitch=60.0 heading=295.1 dist=2500 center=48.03602,7.98654
[cam] pitch=60.0 heading=295.2 dist=2500 center=48.03622,7.98627
[cam] pitch=60.0 heading=295.5 dist=2500 center=48.03652,7.98564
[cam] pitch=60.0 heading=295.7 dist=2500 center=48.03664,7.98530
[cam] pitch=60.0 heading=295.9 dist=2500 center=48.03693,7.98466
[cam] pitch=60.0 heading=296.1 dist=2500 center=48.03712,7.98440
[cam] pitch=60.0 heading=296.3 dist=2500 center=48.03761,7.98396
[cam] pitch=60.0 heading=296.6 dist=2500 center=48.03827,7.98324
[cam] pitch=60.0 heading=296.7 dist=2500 center=48.03856,7.98276
[cam] pitch=60.0 heading=296.8 dist=2500 center=48.03873,7.98247
[cam] pitch=60.0 heading=296.8 dist=2500 center=48.03891,7.98219
[cam] pitch=60.0 heading=296.9 dist=2500 center=48.03941,7.98186
[cam] pitch=60.0 heading=296.9 dist=2500 center=48.03994,7.98158
[cam] pitch=60.0 heading=297.0 dist=2500 center=48.04029,7.98120
[cam] pitch=60.0 heading=297.0 dist=2500 center=48.04068,7.98070
[cam] pitch=60.0 heading=297.0 dist=2500 center=48.04087,7.98043
[cam] pitch=60.0 heading=297.0 dist=2500 center=48.04104,7.98014
[cam] pitch=60.0 heading=297.0 dist=2500 center=48.04120,7.97984
[cam] pitch=60.0 heading=297.0 dist=2500 center=48.04136,7.97954
[cam] pitch=60.0 heading=297.0 dist=2500 center=48.04150,7.97921
[cam] pitch=60.0 heading=297.0 dist=2500 center=48.04163,7.97888
[cam] pitch=60.0 heading=297.0 dist=2500 center=48.04176,7.97855
[cam] pitch=60.0 heading=296.9 dist=2500 center=48.04201,7.97784
[cam] pitch=60.0 heading=296.9 dist=2500 center=48.04230,7.97718
[cam] pitch=60.0 heading=296.8 dist=2500 center=48.04270,7.97652
[cam] pitch=60.0 heading=296.7 dist=2500 center=48.04302,7.97617
[cam] pitch=60.0 heading=296.7 dist=2500 center=48.04323,7.97596
[cam] pitch=60.0 heading=296.6 dist=2500 center=48.04344,7.97573
[cam] pitch=60.0 heading=296.5 dist=2500 center=48.04379,7.97515
[cam] pitch=60.0 heading=296.4 dist=2500 center=48.04403,7.97446
[cam] pitch=60.0 heading=296.2 dist=2500 center=48.04425,7.97374
[cam] pitch=60.0 heading=296.1 dist=2500 center=48.04455,7.97305
[cam] pitch=60.0 heading=295.9 dist=2500 center=48.04485,7.97256
[cam] pitch=60.0 heading=295.8 dist=2500 center=48.04502,7.97229
[cam] pitch=60.0 heading=295.8 dist=2500 center=48.04519,7.97200
[cam] pitch=60.0 heading=295.7 dist=2500 center=48.04536,7.97171
[cam] pitch=60.0 heading=295.6 dist=2500 center=48.04552,7.97141
[cam] pitch=60.0 heading=295.5 dist=2500 center=48.04566,7.97109
[cam] pitch=60.0 heading=295.4 dist=2500 center=48.04580,7.97076
[cam] pitch=60.0 heading=295.3 dist=2500 center=48.04591,7.97042
[cam] pitch=60.0 heading=295.3 dist=2500 center=48.04602,7.97007
[cam] pitch=60.0 heading=295.2 dist=2500 center=48.04611,7.96970
[cam] pitch=60.0 heading=295.1 dist=2500 center=48.04618,7.96934
[cam] pitch=60.0 heading=295.0 dist=2500 center=48.04626,7.96897
[cam] pitch=60.0 heading=294.9 dist=2500 center=48.04633,7.96859
[cam] pitch=60.0 heading=294.9 dist=2500 center=48.04640,7.96822
[cam] pitch=60.0 heading=294.8 dist=2500 center=48.04647,7.96785
[cam] pitch=60.0 heading=294.7 dist=2500 center=48.04655,7.96748
[cam] pitch=60.0 heading=294.6 dist=2500 center=48.04665,7.96712
[cam] pitch=60.0 heading=294.4 dist=2500 center=48.04690,7.96626
[cam] pitch=60.0 heading=294.2 dist=2500 center=48.04710,7.96575
[cam] pitch=60.0 heading=294.1 dist=2500 center=48.04726,7.96545
[cam] pitch=60.0 heading=294.0 dist=2500 center=48.04743,7.96515
[cam] pitch=60.0 heading=293.9 dist=2500 center=48.04759,7.96487
[cam] pitch=60.0 heading=293.8 dist=2500 center=48.04776,7.96458
[cam] pitch=60.0 heading=293.7 dist=2500 center=48.04794,7.96430
[cam] pitch=60.0 heading=293.6 dist=2500 center=48.04811,7.96402
[cam] pitch=60.0 heading=293.5 dist=2500 center=48.04828,7.96374
[cam] pitch=60.0 heading=293.4 dist=2500 center=48.04837,7.96339
[cam] pitch=60.0 heading=293.3 dist=2500 center=48.04846,7.96302
[cam] pitch=60.0 heading=293.2 dist=2500 center=48.04853,7.96265
[cam] pitch=60.0 heading=293.1 dist=2500 center=48.04857,7.96227
[cam] pitch=60.0 heading=293.1 dist=2500 center=48.04859,7.96189
[cam] pitch=60.0 heading=293.0 dist=2500 center=48.04859,7.96150
[cam] pitch=60.0 heading=292.9 dist=2500 center=48.04858,7.96111
[cam] pitch=60.0 heading=292.8 dist=2500 center=48.04857,7.96072
[cam] pitch=60.0 heading=292.6 dist=2500 center=48.04864,7.95990
[cam] pitch=60.0 heading=292.4 dist=2500 center=48.04889,7.95915
[cam] pitch=60.0 heading=292.2 dist=2500 center=48.04923,7.95878
[cam] pitch=60.0 heading=292.1 dist=2500 center=48.04945,7.95859
[cam] pitch=60.0 heading=292.0 dist=2500 center=48.04965,7.95835
[cam] pitch=60.0 heading=291.9 dist=2500 center=48.04978,7.95803
[cam] pitch=60.0 heading=291.8 dist=2500 center=48.04986,7.95767
[cam] pitch=60.0 heading=291.8 dist=2500 center=48.04989,7.95728
[cam] pitch=60.0 heading=291.7 dist=2500 center=48.04991,7.95689
[cam] pitch=60.0 heading=291.5 dist=2500 center=48.04988,7.95607
[cam] pitch=60.0 heading=291.4 dist=2500 center=48.04984,7.95535
[cam] pitch=60.0 heading=291.4 dist=2500 center=48.04988,7.95497
[cam] pitch=60.0 heading=291.3 dist=2500 center=48.04993,7.95459
[cam] pitch=60.0 heading=291.3 dist=2500 center=48.04996,7.95420
[cam] pitch=60.0 heading=291.3 dist=2500 center=48.04997,7.95382
[cam] pitch=60.0 heading=291.3 dist=2500 center=48.04994,7.95343
[cam] pitch=60.0 heading=291.2 dist=2500 center=48.04991,7.95305
[cam] pitch=60.0 heading=291.2 dist=2500 center=48.04990,7.95267
[cam] pitch=60.0 heading=291.2 dist=2500 center=48.04992,7.95228
[cam] pitch=60.0 heading=291.2 dist=2500 center=48.04995,7.95190
[cam] pitch=60.0 heading=291.2 dist=2500 center=48.04996,7.95151
[cam] pitch=60.0 heading=291.2 dist=2500 center=48.04996,7.95113
[cam] pitch=60.0 heading=291.2 dist=2500 center=48.04996,7.95074
[cam] pitch=60.0 heading=291.2 dist=2500 center=48.04996,7.95036
[cam] pitch=60.0 heading=291.3 dist=2500 center=48.04997,7.94997
[cam] pitch=60.0 heading=291.3 dist=2500 center=48.05002,7.94960
[cam] pitch=60.0 heading=291.3 dist=2500 center=48.05003,7.94922
[cam] pitch=60.0 heading=291.4 dist=2500 center=48.05001,7.94883
[cam] pitch=60.0 heading=291.4 dist=2500 center=48.04999,7.94845
[cam] pitch=60.0 heading=291.4 dist=2500 center=48.05007,7.94809
[cam] pitch=60.0 heading=291.5 dist=2500 center=48.05020,7.94775
[cam] pitch=60.0 heading=291.5 dist=2500 center=48.05029,7.94739
[cam] pitch=60.0 heading=291.6 dist=2500 center=48.05035,7.94705
[cam] pitch=60.0 heading=291.7 dist=2500 center=48.05037,7.94670
Invalid c3mm file!
[cam] pitch=60.0 heading=291.7 dist=2500 center=48.05035,7.94632
[cam] pitch=60.0 heading=291.8 dist=2500 center=48.05029,7.94595
[cam] pitch=60.0 heading=291.9 dist=2500 center=48.05028,7.94558
[cam] pitch=60.0 heading=292.0 dist=2500 center=48.05033,7.94520
[cam] pitch=60.0 heading=292.1 dist=2500 center=48.05034,7.94482
[cam] pitch=60.0 heading=292.2 dist=2500 center=48.05030,7.94445
[cam] pitch=60.0 heading=292.3 dist=2500 center=48.05023,7.94409
[cam] pitch=60.0 heading=292.4 dist=2500 center=48.05020,7.94371
[cam] pitch=60.0 heading=292.8 dist=2500 center=48.05027,7.94282
[cam] pitch=60.0 heading=293.0 dist=2500 center=48.05036,7.94221
[cam] pitch=60.0 heading=293.2 dist=2500 center=48.05033,7.94184
[cam] pitch=60.0 heading=293.3 dist=2500 center=48.05027,7.94148
[cam] pitch=60.0 heading=293.5 dist=2500 center=48.05023,7.94111
[cam] pitch=60.0 heading=293.7 dist=2500 center=48.05021,7.94073
[cam] pitch=60.0 heading=293.8 dist=2500 center=48.05024,7.94036
[cam] pitch=60.0 heading=294.0 dist=2500 center=48.05026,7.93998
[cam] pitch=60.0 heading=294.2 dist=2500 center=48.05026,7.93960
[cam] pitch=60.0 heading=294.4 dist=2500 center=48.05026,7.93926
[cam] pitch=60.0 heading=294.5 dist=2500 center=48.05034,7.93892
[cam] pitch=60.0 heading=294.7 dist=2500 center=48.05047,7.93858
[cam] pitch=60.0 heading=294.9 dist=2500 center=48.05059,7.93824
[stats mode=frame trail=chunked] t=35.1 ticks=270 fps=53.8 hitches=30 maxDt=53ms avgUpdate=0.03ms trailPts=4395
[cam] pitch=60.0 heading=295.1 dist=2500 center=48.05072,7.93790
[cam] pitch=60.0 heading=295.3 dist=2500 center=48.05084,7.93756
[cam] pitch=60.0 heading=295.5 dist=2500 center=48.05096,7.93722
[cam] pitch=60.0 heading=295.7 dist=2500 center=48.05108,7.93688
[cam] pitch=60.0 heading=295.9 dist=2500 center=48.05118,7.93653
[smooth mode=frame] callbacks=271 (54/s) speedJitter=23.0% stalls=0 maxHeadingRate=80 deg/s
    offset shown-vs-playhead camera: mean=32 m max=91 m (ground speed ~1755 m/s)
[cam] pitch=60.0 heading=296.1 dist=2500 center=48.05122,7.93615
[cam] pitch=60.0 heading=296.3 dist=2500 center=48.05124,7.93578
[cam] pitch=60.0 heading=296.5 dist=2500 center=48.05126,7.93540
[cam] pitch=60.0 heading=296.7 dist=2500 center=48.05132,7.93503
[cam] pitch=60.0 heading=296.9 dist=2500 center=48.05139,7.93467
[cam] pitch=60.0 heading=297.4 dist=2500 center=48.05163,7.93404
[cam] pitch=60.0 heading=297.8 dist=2500 center=48.05171,7.93352
[cam] pitch=60.0 heading=298.0 dist=2500 center=48.05177,7.93315
[cam] pitch=60.0 heading=298.2 dist=2500 center=48.05181,7.93278
[cam] pitch=60.0 heading=298.4 dist=2500 center=48.05190,7.93242
[cam] pitch=60.0 heading=298.8 dist=2500 center=48.05195,7.93232
[cam] pitch=60.0 heading=298.8 dist=2500 center=48.05195,7.93232
[cam] pitch=60.0 heading=299.2 dist=2500 center=48.05198,7.93234
[cam] pitch=60.0 heading=299.4 dist=2500 center=48.05199,7.93235
[cam] pitch=60.0 heading=299.6 dist=2500 center=48.05200,7.93236
[cam] pitch=60.0 heading=300.0 dist=2500 center=48.05202,7.93238
[cam] pitch=60.0 heading=300.3 dist=2500 center=48.05204,7.93240
[cam] pitch=60.0 heading=300.4 dist=2500 center=48.05205,7.93241
[cam] pitch=60.0 heading=300.6 dist=2500 center=48.05206,7.93242
[cam] pitch=60.0 heading=300.8 dist=2500 center=48.05207,7.93242
[cam] pitch=60.0 heading=300.9 dist=2500 center=48.05208,7.93243
[cam] pitch=60.0 heading=301.1 dist=2500 center=48.05209,7.93244
[cam] pitch=60.0 heading=301.2 dist=2500 center=48.05210,7.93245
[cam] pitch=60.0 heading=301.4 dist=2500 center=48.05211,7.93246
[cam] pitch=60.0 heading=301.5 dist=2500 center=48.05212,7.93246
[cam] pitch=60.0 heading=301.7 dist=2500 center=48.05212,7.93247
[cam] pitch=60.0 heading=301.8 dist=2500 center=48.05213,7.93248
[cam] pitch=60.0 heading=301.9 dist=2500 center=48.05214,7.93249
[cam] pitch=60.0 heading=302.1 dist=2500 center=48.05215,7.93250
[cam] pitch=60.0 heading=302.2 dist=2500 center=48.05216,7.93250
[cam] pitch=60.0 heading=302.3 dist=2500 center=48.05216,7.93251
[cam] pitch=60.0 heading=302.4 dist=2500 center=48.05217,7.93252
[cam] pitch=60.0 heading=302.6 dist=2500 center=48.05218,7.93252
[cam] pitch=60.0 heading=302.7 dist=2500 center=48.05219,7.93253
[cam] pitch=60.0 heading=302.8 dist=2500 center=48.05219,7.93254
[cam] pitch=60.0 heading=302.9 dist=2500 center=48.05220,7.93254
[cam] pitch=60.0 heading=303.0 dist=2500 center=48.05221,7.93255
[cam] pitch=60.0 heading=303.1 dist=2500 center=48.05221,7.93256
[cam] pitch=60.0 heading=303.2 dist=2500 center=48.05222,7.93256
[cam] pitch=60.0 heading=303.3 dist=2500 center=48.05223,7.93257
[cam] pitch=60.0 heading=303.4 dist=2500 center=48.05223,7.93257
[cam] pitch=60.0 heading=303.5 dist=2500 center=48.05224,7.93258
[cam] pitch=60.0 heading=303.6 dist=2500 center=48.05224,7.93259
[cam] pitch=60.0 heading=303.7 dist=2500 center=48.05225,7.93259
[cam] pitch=60.0 heading=303.8 dist=2500 center=48.05225,7.93260
[cam] pitch=60.0 heading=303.9 dist=2500 center=48.05226,7.93260
[cam] pitch=60.0 heading=304.0 dist=2500 center=48.05226,7.93261
[cam] pitch=60.0 heading=304.1 dist=2500 center=48.05227,7.93261
[cam] pitch=60.0 heading=304.2 dist=2500 center=48.05227,7.93262
[cam] pitch=60.0 heading=304.2 dist=2500 center=48.05228,7.93262
[cam] pitch=60.0 heading=304.3 dist=2500 center=48.05228,7.93263
[cam] pitch=60.0 heading=304.4 dist=2500 center=48.05229,7.93263
[cam] pitch=60.0 heading=304.5 dist=2500 center=48.05229,7.93264
[cam] pitch=60.0 heading=304.6 dist=2500 center=48.05230,7.93264
[cam] pitch=60.0 heading=304.6 dist=2500 center=48.05230,7.93264
[cam] pitch=60.0 heading=304.7 dist=2500 center=48.05230,7.93265
[cam] pitch=60.0 heading=304.8 dist=2500 center=48.05231,7.93265
[cam] pitch=60.0 heading=304.9 dist=2500 center=48.05232,7.93266
[cam] pitch=60.0 heading=304.9 dist=2500 center=48.05232,7.93266
[cam] pitch=60.0 heading=305.0 dist=2500 center=48.05232,7.93267
[cam] pitch=60.0 heading=305.1 dist=2500 center=48.05233,7.93267
[cam] pitch=60.0 heading=305.1 dist=2500 center=48.05233,7.93267
[cam] pitch=60.0 heading=305.2 dist=2500 center=48.05233,7.93268
[cam] pitch=60.0 heading=305.2 dist=2500 center=48.05233,7.93268
[cam] pitch=60.0 heading=305.3 dist=2500 center=48.05234,7.93269
[cam] pitch=60.0 heading=305.4 dist=2500 center=48.05234,7.93269
[cam] pitch=60.0 heading=305.4 dist=2500 center=48.05234,7.93269
[cam] pitch=60.0 heading=305.4 dist=2500 center=48.05235,7.93269
[cam] pitch=60.0 heading=305.5 dist=2500 center=48.05235,7.93270
[cam] pitch=60.0 heading=305.5 dist=2500 center=48.05235,7.93270
[cam] pitch=60.0 heading=305.5 dist=2500 center=48.05235,7.93270
[cam] pitch=60.0 heading=305.6 dist=2500 center=48.05236,7.93270
[cam] pitch=60.0 heading=305.6 dist=2500 center=48.05236,7.93270
[cam] pitch=60.0 heading=305.6 dist=2500 center=48.05236,7.93271
[cam] pitch=60.0 heading=305.7 dist=2500 center=48.05236,7.93271
[cam] pitch=60.0 heading=305.7 dist=2500 center=48.05236,7.93271
[cam] pitch=60.0 heading=305.7 dist=2500 center=48.05236,7.93271
[cam] pitch=60.0 heading=305.7 dist=2500 center=48.05236,7.93271
[cam] pitch=60.0 heading=305.8 dist=2500 center=48.05237,7.93271
[cam] pitch=60.0 heading=305.8 dist=2500 center=48.05237,7.93272
[cam] pitch=60.0 heading=305.8 dist=2500 center=48.05237,7.93272
[cam] pitch=60.0 heading=305.8 dist=2500 center=48.05237,7.93272
[cam] pitch=60.0 heading=305.8 dist=2500 center=48.05237,7.93272
[cam] pitch=60.0 heading=305.8 dist=2500 center=48.05237,7.93272
[cam] pitch=60.0 heading=305.9 dist=2500 center=48.05237,7.93272
[cam] pitch=60.0 heading=305.9 dist=2500 center=48.05237,7.93272
[cam] pitch=60.0 heading=305.9 dist=2500 center=48.05237,7.93272
[cam] pitch=60.0 heading=305.9 dist=2500 center=48.05237,7.93272
[cam] pitch=60.0 heading=305.9 dist=2500 center=48.05237,7.93272
[cam] pitch=60.0 heading=305.9 dist=2500 center=48.05237,7.93272
[cam] pitch=60.0 heading=305.9 dist=2500 center=48.05237,7.93272
[cam] pitch=60.0 heading=305.9 dist=2500 center=48.05237,7.93272
[cam] pitch=60.0 heading=305.9 dist=2500 center=48.05237,7.93272
[cam] pitch=60.0 heading=305.9 dist=2500 center=48.05237,7.93272
[cam] pitch=60.0 heading=305.9 dist=2500 center=48.05237,7.93272
[cam] pitch=60.0 heading=305.9 dist=2500 center=48.05237,7.93272
[cam] pitch=60.0 heading=305.9 dist=2500 center=48.05237,7.93272
[cam] pitch=60.0 heading=305.8 dist=2500 center=48.05237,7.93272
[cam] pitch=60.0 heading=305.8 dist=2500 center=48.05237,7.93272
[cam] pitch=60.0 heading=305.8 dist=2500 center=48.05237,7.93272
[cam] pitch=60.0 heading=305.8 dist=2500 center=48.05237,7.93272
[cam] pitch=60.0 heading=305.8 dist=2500 center=48.05237,7.93271
[cam] pitch=60.0 heading=305.8 dist=2500 center=48.05237,7.93271
[cam] pitch=60.0 heading=305.7 dist=2500 center=48.05236,7.93271
[cam] pitch=60.0 heading=305.7 dist=2500 center=48.05236,7.93271
[cam] pitch=60.0 heading=305.7 dist=2500 center=48.05236,7.93271
[cam] pitch=60.0 heading=305.7 dist=2500 center=48.05236,7.93271
[cam] pitch=60.0 heading=305.6 dist=2500 center=48.05236,7.93271
[cam] pitch=60.0 heading=305.6 dist=2500 center=48.05236,7.93270
[cam] pitch=60.0 heading=305.6 dist=2500 center=48.05236,7.93270
[cam] pitch=60.0 heading=305.5 dist=2500 center=48.05235,7.93270
[cam] pitch=60.0 heading=305.5 dist=2500 center=48.05235,7.93270
[cam] pitch=60.0 heading=305.5 dist=2500 center=48.05235,7.93270
[cam] pitch=60.0 heading=305.4 dist=2500 center=48.05235,7.93269
[cam] pitch=60.0 heading=305.4 dist=2500 center=48.05234,7.93269
[cam] pitch=60.0 heading=305.4 dist=2500 center=48.05234,7.93269
[cam] pitch=60.0 heading=305.3 dist=2500 center=48.05234,7.93269
[cam] pitch=60.0 heading=305.3 dist=2500 center=48.05234,7.93268
[cam] pitch=60.0 heading=305.2 dist=2500 center=48.05233,7.93268
[cam] pitch=60.0 heading=305.2 dist=2500 center=48.05233,7.93268
[cam] pitch=60.0 heading=305.1 dist=2500 center=48.05233,7.93267
[cam] pitch=60.0 heading=305.1 dist=2500 center=48.05233,7.93267
[cam] pitch=60.0 heading=305.0 dist=2500 center=48.05232,7.93267
[cam] pitch=60.0 heading=304.9 dist=2500 center=48.05232,7.93266
[cam] pitch=60.0 heading=304.9 dist=2500 center=48.05231,7.93266
[cam] pitch=60.0 heading=304.8 dist=2500 center=48.05250,7.93224
[cam] pitch=60.0 heading=304.8 dist=2500 center=48.05250,7.93224
[cam] pitch=60.0 heading=304.6 dist=2500 center=48.05288,7.93222
[cam] pitch=60.0 heading=304.6 dist=2500 center=48.05300,7.93188
[cam] pitch=60.0 heading=304.5 dist=2500 center=48.05312,7.93154
[cam] pitch=60.0 heading=304.4 dist=2500 center=48.05325,7.93120
[cam] pitch=60.0 heading=304.4 dist=2500 center=48.05342,7.93092
[cam] pitch=60.0 heading=304.3 dist=2500 center=48.05362,7.93069
[cam] pitch=60.0 heading=304.3 dist=2500 center=48.05378,7.93038
[cam] pitch=60.0 heading=304.2 dist=2500 center=48.05371,7.93009
[cam] pitch=60.0 heading=304.1 dist=2500 center=48.05376,7.92976
[cam] pitch=60.0 heading=304.1 dist=2500 center=48.05387,7.92943
[cam] pitch=60.0 heading=304.0 dist=2500 center=48.05407,7.92921
[cam] pitch=60.0 heading=304.0 dist=2500 center=48.05425,7.92895
[cam] pitch=60.0 heading=303.9 dist=2500 center=48.05431,7.92863
[cam] pitch=60.0 heading=303.9 dist=2500 center=48.05442,7.92828
[cam] pitch=60.0 heading=303.8 dist=2500 center=48.05455,7.92795
[cam] pitch=60.0 heading=303.7 dist=2500 center=48.05483,7.92735
[cam] pitch=60.0 heading=303.6 dist=2500 center=48.05498,7.92709
[cam] pitch=60.0 heading=303.6 dist=2500 center=48.05511,7.92676
[cam] pitch=60.0 heading=303.6 dist=2500 center=48.05525,7.92644
[cam] pitch=60.0 heading=303.5 dist=2500 center=48.05541,7.92613
[cam] pitch=60.0 heading=303.5 dist=2500 center=48.05555,7.92581
[cam] pitch=60.0 heading=303.5 dist=2500 center=48.05569,7.92549
[cam] pitch=60.0 heading=303.5 dist=2500 center=48.05583,7.92517
[cam] pitch=60.0 heading=303.5 dist=2500 center=48.05554,7.92475
[cam] pitch=60.0 heading=303.5 dist=2500 center=48.05531,7.92456
[cam] pitch=60.0 heading=303.5 dist=2500 center=48.05529,7.92431
[cam] pitch=60.0 heading=303.5 dist=2500 center=48.05545,7.92402
[cam] pitch=60.0 heading=303.5 dist=2500 center=48.05566,7.92380
[cam] pitch=60.0 heading=303.5 dist=2500 center=48.05587,7.92357
[cam] pitch=60.0 heading=303.5 dist=2500 center=48.05607,7.92332
[cam] pitch=60.0 heading=303.5 dist=2500 center=48.05626,7.92306
[cam] pitch=60.0 heading=303.5 dist=2500 center=48.05621,7.92275
[cam] pitch=60.0 heading=303.5 dist=2500 center=48.05621,7.92238
[cam] pitch=60.0 heading=303.5 dist=2500 center=48.05632,7.92203
[cam] pitch=60.0 heading=303.5 dist=2500 center=48.05647,7.92172
[cam] pitch=60.0 heading=303.6 dist=2500 center=48.05660,7.92139
[cam] pitch=60.0 heading=303.6 dist=2500 center=48.05671,7.92104
[cam] pitch=60.0 heading=303.6 dist=2500 center=48.05680,7.92068
[cam] pitch=60.0 heading=303.6 dist=2500 center=48.05686,7.92030
[cam] pitch=60.0 heading=303.6 dist=2500 center=48.05692,7.91993
[cam] pitch=60.0 heading=303.7 dist=2500 center=48.05718,7.91930
[cam] pitch=60.0 heading=303.7 dist=2500 center=48.05741,7.91912
[cam] pitch=60.0 heading=303.7 dist=2500 center=48.05757,7.91882
[cam] pitch=60.0 heading=303.7 dist=2500 center=48.05771,7.91850
[cam] pitch=60.0 heading=303.7 dist=2500 center=48.05782,7.91815
[cam] pitch=60.0 heading=303.7 dist=2500 center=48.05794,7.91781
[cam] pitch=60.0 heading=303.6 dist=2500 center=48.05811,7.91753
[cam] pitch=60.0 heading=303.6 dist=2500 center=48.05832,7.91731
[cam] pitch=60.0 heading=303.6 dist=2500 center=48.05857,7.91718
[cam] pitch=60.0 heading=303.6 dist=2500 center=48.05906,7.91695
[cam] pitch=60.0 heading=303.6 dist=2500 center=48.05929,7.91678
[cam] pitch=60.0 heading=303.6 dist=2500 center=48.05946,7.91652
[cam] pitch=60.0 heading=303.6 dist=2500 center=48.05951,7.91614
[cam] pitch=60.0 heading=303.6 dist=2500 center=48.05953,7.91576
[cam] pitch=60.0 heading=303.6 dist=2500 center=48.05956,7.91537
[cam] pitch=60.0 heading=303.6 dist=2500 center=48.05959,7.91499
[cam] pitch=60.0 heading=303.6 dist=2500 center=48.05961,7.91461
[cam] pitch=60.0 heading=303.6 dist=2500 center=48.05965,7.91423
[cam] pitch=60.0 heading=303.6 dist=2500 center=48.05971,7.91386
[cam] pitch=60.0 heading=303.6 dist=2500 center=48.06007,7.91333
[cam] pitch=60.0 heading=303.6 dist=2500 center=48.06029,7.91314
[cam] pitch=60.0 heading=303.6 dist=2500 center=48.06048,7.91291
[cam] pitch=60.0 heading=303.6 dist=2500 center=48.06061,7.91258
[cam] pitch=60.0 heading=303.6 dist=2500 center=48.06074,7.91224
[cam] pitch=60.0 heading=303.6 dist=2500 center=48.06087,7.91191
[cam] pitch=60.0 heading=303.6 dist=2500 center=48.06103,7.91161
[cam] pitch=60.0 heading=303.6 dist=2500 center=48.06124,7.91140
[cam] pitch=60.0 heading=303.5 dist=2500 center=48.06146,7.91119
[cam] pitch=60.0 heading=303.5 dist=2500 center=48.06163,7.91091
[cam] pitch=60.0 heading=303.5 dist=2500 center=48.06174,7.91057
[cam] pitch=60.0 heading=303.5 dist=2500 center=48.06185,7.91022
[cam] pitch=60.0 heading=303.4 dist=2500 center=48.06201,7.90992
[cam] pitch=60.0 heading=303.4 dist=2500 center=48.06222,7.90970
[cam] pitch=60.0 heading=303.4 dist=2500 center=48.06243,7.90948
[cam] pitch=60.0 heading=303.3 dist=2500 center=48.06263,7.90924
[cam] pitch=60.0 heading=303.3 dist=2500 center=48.06276,7.90891
[cam] pitch=60.0 heading=303.3 dist=2500 center=48.06289,7.90858
[cam] pitch=60.0 heading=303.2 dist=2500 center=48.06308,7.90832
[cam] pitch=60.0 heading=303.2 dist=2500 center=48.06329,7.90810
[cam] pitch=60.0 heading=303.2 dist=2500 center=48.06340,7.90777
[cam] pitch=60.0 heading=303.2 dist=2500 center=48.06349,7.90741
[cam] pitch=60.0 heading=303.1 dist=2500 center=48.06362,7.90708
[cam] pitch=60.0 heading=303.1 dist=2500 center=48.06394,7.90647
[cam] pitch=60.0 heading=303.1 dist=2500 center=48.06408,7.90615
[cam] pitch=60.0 heading=303.1 dist=2500 center=48.06417,7.90580
[cam] pitch=60.0 heading=303.1 dist=2500 center=48.06424,7.90542
[cam] pitch=60.0 heading=303.1 dist=2500 center=48.06433,7.90506
[cam] pitch=60.0 heading=303.1 dist=2500 center=48.06443,7.90471
[cam] pitch=60.0 heading=303.1 dist=2500 center=48.06429,7.90408
[cam] pitch=60.0 heading=303.1 dist=2500 center=48.06440,7.90375
[cam] pitch=60.0 heading=303.2 dist=2500 center=48.06456,7.90345
[cam] pitch=60.0 heading=303.2 dist=2500 center=48.06472,7.90315
[cam] pitch=60.0 heading=303.2 dist=2500 center=48.06481,7.90279
[cam] pitch=60.0 heading=303.2 dist=2500 center=48.06486,7.90241
[cam] pitch=60.0 heading=303.3 dist=2500 center=48.06493,7.90205
[cam] pitch=60.0 heading=303.3 dist=2500 center=48.06503,7.90170
[cam] pitch=60.0 heading=303.4 dist=2500 center=48.06511,7.90133
[cam] pitch=60.0 heading=303.4 dist=2500 center=48.06518,7.90096
[cam] pitch=60.0 heading=303.4 dist=2500 center=48.06525,7.90059
Invalid c3mm file!
[cam] pitch=60.0 heading=303.5 dist=2500 center=48.06532,7.90022
[cam] pitch=60.0 heading=303.5 dist=2500 center=48.06544,7.89988
[cam] pitch=60.0 heading=303.5 dist=2500 center=48.06557,7.89955
[cam] pitch=60.0 heading=303.5 dist=2500 center=48.06573,7.89925
[cam] pitch=60.0 heading=303.6 dist=2500 center=48.06592,7.89899
[cam] pitch=60.0 heading=303.6 dist=2500 center=48.06631,7.89848
[cam] pitch=60.0 heading=303.6 dist=2500 center=48.06650,7.89822
[cam] pitch=60.0 heading=303.6 dist=2500 center=48.06669,7.89795
[cam] pitch=60.0 heading=303.6 dist=2500 center=48.06687,7.89768
[cam] pitch=60.0 heading=303.6 dist=2500 center=48.06706,7.89742
[cam] pitch=60.0 heading=303.6 dist=2500 center=48.06725,7.89716
[cam] pitch=60.0 heading=303.6 dist=2500 center=48.06744,7.89691
[cam] pitch=60.0 heading=303.6 dist=2500 center=48.06765,7.89667
[cam] pitch=60.0 heading=303.5 dist=2500 center=48.06786,7.89646
[cam] pitch=60.0 heading=303.5 dist=2500 center=48.06805,7.89621
Invalid c3mm file!
[cam] pitch=60.0 heading=303.5 dist=2500 center=48.06825,7.89599
[cam] pitch=60.0 heading=303.5 dist=2500 center=48.06842,7.89581
[cam] pitch=60.0 heading=303.5 dist=2500 center=48.06851,7.89546
[cam] pitch=60.0 heading=303.5 dist=2500 center=48.06866,7.89514
[cam] pitch=60.0 heading=303.5 dist=2500 center=48.06880,7.89482
[cam] pitch=60.0 heading=303.5 dist=2500 center=48.06894,7.89450
[cam] pitch=60.0 heading=303.5 dist=2500 center=48.06922,7.89385
[cam] pitch=60.0 heading=303.5 dist=2500 center=48.06934,7.89351
[cam] pitch=60.0 heading=303.5 dist=2500 center=48.06945,7.89316
[cam] pitch=60.0 heading=303.5 dist=2500 center=48.06956,7.89281
[cam] pitch=60.0 heading=303.5 dist=2500 center=48.06964,7.89244
[cam] pitch=60.0 heading=303.6 dist=2500 center=48.06970,7.89207
[cam] pitch=60.0 heading=303.6 dist=2500 center=48.06975,7.89169
[cam] pitch=60.0 heading=303.6 dist=2500 center=48.06980,7.89132
[cam] pitch=60.0 heading=303.7 dist=2500 center=48.06984,7.89094
[cam] pitch=60.0 heading=303.7 dist=2500 center=48.06988,7.89056
[cam] pitch=60.0 heading=303.8 dist=2500 center=48.06993,7.89019
[cam] pitch=60.0 heading=303.9 dist=2500 center=48.07002,7.88983
[cam] pitch=60.0 heading=303.9 dist=2500 center=48.07004,7.88946
[cam] pitch=60.0 heading=304.0 dist=2500 center=48.07012,7.88909
[cam] pitch=60.0 heading=304.1 dist=2500 center=48.07019,7.88873
[cam] pitch=60.0 heading=304.2 dist=2500 center=48.07027,7.88836
[cam] pitch=60.0 heading=304.3 dist=2500 center=48.07033,7.88799
[cam] pitch=60.0 heading=304.4 dist=2500 center=48.07039,7.88762
[cam] pitch=60.0 heading=304.5 dist=2500 center=48.07044,7.88725
[cam] pitch=60.0 heading=304.6 dist=2500 center=48.07050,7.88687
[cam] pitch=60.0 heading=304.7 dist=2500 center=48.07058,7.88651
[cam] pitch=60.0 heading=304.9 dist=2500 center=48.07085,7.88582
[cam] pitch=60.0 heading=305.0 dist=2500 center=48.07098,7.88553
[cam] pitch=60.0 heading=305.1 dist=2500 center=48.07110,7.88519
[cam] pitch=60.0 heading=305.4 dist=2500 center=48.07130,7.88446
[cam] pitch=60.0 heading=305.7 dist=2500 center=48.07154,7.88380
[cam] pitch=60.0 heading=305.8 dist=2500 center=48.07159,7.88347
[cam] pitch=60.0 heading=305.9 dist=2500 center=48.07169,7.88312
[cam] pitch=60.0 heading=306.1 dist=2500 center=48.07179,7.88277
[stats mode=frame trail=chunked] t=40.1 ticks=281 fps=56.0 hitches=20 maxDt=39ms avgUpdate=0.03ms trailPts=4914
[cam] pitch=60.0 heading=306.3 dist=2500 center=48.07190,7.88242
[cam] pitch=60.0 heading=306.5 dist=2500 center=48.07200,7.88207
[cam] pitch=60.0 heading=306.6 dist=2500 center=48.07208,7.88172
[cam] pitch=60.0 heading=306.8 dist=2500 center=48.07213,7.88135
[cam] pitch=60.0 heading=307.0 dist=2500 center=48.07216,7.88098
[cam] pitch=60.0 heading=307.2 dist=2500 center=48.07217,7.88060
[smooth mode=frame] callbacks=282 (56/s) speedJitter=40.7% stalls=11 maxHeadingRate=25 deg/s
    offset shown-vs-playhead camera: mean=18 m max=60 m (ground speed ~1039 m/s)
[cam] pitch=60.0 heading=307.4 dist=2500 center=48.07216,7.88023
[cam] pitch=60.0 heading=307.6 dist=2500 center=48.07213,7.87986
[cam] pitch=60.0 heading=307.8 dist=2500 center=48.07210,7.87950
[cam] pitch=60.0 heading=308.0 dist=2500 center=48.07213,7.87915
[cam] pitch=60.0 heading=308.2 dist=2500 center=48.07223,7.87882
[cam] pitch=60.0 heading=308.4 dist=2500 center=48.07238,7.87851
[cam] pitch=60.0 heading=308.6 dist=2500 center=48.07261,7.87832
[cam] pitch=60.0 heading=308.8 dist=2500 center=48.07287,7.87825
[cam] pitch=60.0 heading=309.0 dist=2500 center=48.07313,7.87817
[cam] pitch=60.0 heading=309.1 dist=2500 center=48.07339,7.87809
[cam] pitch=60.0 heading=309.3 dist=2500 center=48.07364,7.87795
[cam] pitch=60.0 heading=309.5 dist=2500 center=48.07385,7.87773
[cam] pitch=60.0 heading=309.9 dist=2500 center=48.07417,7.87712
[cam] pitch=60.0 heading=310.1 dist=2500 center=48.07430,7.87680
[cam] pitch=60.0 heading=310.3 dist=2500 center=48.07442,7.87647
[cam] pitch=60.0 heading=310.5 dist=2500 center=48.07455,7.87614
[cam] pitch=60.0 heading=310.7 dist=2500 center=48.07467,7.87581
[cam] pitch=60.0 heading=310.9 dist=2500 center=48.07480,7.87548
[cam] pitch=60.0 heading=311.1 dist=2500 center=48.07493,7.87515
[cam] pitch=60.0 heading=311.3 dist=2500 center=48.07506,7.87482
[cam] pitch=60.0 heading=311.4 dist=2500 center=48.07519,7.87449
[cam] pitch=60.0 heading=311.6 dist=2500 center=48.07532,7.87417
[cam] pitch=60.0 heading=311.8 dist=2500 center=48.07546,7.87384
[cam] pitch=60.0 heading=312.0 dist=2500 center=48.07559,7.87351
[cam] pitch=60.0 heading=312.1 dist=2500 center=48.07572,7.87318
[cam] pitch=60.0 heading=312.4 dist=2500 center=48.07619,7.87330
[cam] pitch=60.0 heading=312.5 dist=2500 center=48.07642,7.87350
[cam] pitch=60.0 heading=312.6 dist=2500 center=48.07664,7.87373
[cam] pitch=60.0 heading=312.7 dist=2500 center=48.07685,7.87391
[cam] pitch=60.0 heading=312.7 dist=2500 center=48.07701,7.87361
[cam] pitch=60.0 heading=312.8 dist=2500 center=48.07722,7.87337
[cam] pitch=60.0 heading=312.9 dist=2500 center=48.07745,7.87321
[cam] pitch=60.0 heading=312.9 dist=2500 center=48.07769,7.87309
[cam] pitch=60.0 heading=313.0 dist=2500 center=48.07795,7.87307
[cam] pitch=60.0 heading=313.0 dist=2500 center=48.07821,7.87307
[cam] pitch=60.0 heading=313.0 dist=2500 center=48.07847,7.87308
[cam] pitch=60.0 heading=313.1 dist=2500 center=48.07899,7.87311
[cam] pitch=60.0 heading=313.2 dist=2500 center=48.07924,7.87300
[cam] pitch=60.0 heading=313.2 dist=2500 center=48.07948,7.87287
[cam] pitch=60.0 heading=313.3 dist=2500 center=48.07971,7.87273
[cam] pitch=60.0 heading=313.4 dist=2500 center=48.07968,7.87239
[cam] pitch=60.0 heading=313.5 dist=2500 center=48.07961,7.87202
[cam] pitch=60.0 heading=313.5 dist=2500 center=48.07957,7.87165
[cam] pitch=60.0 heading=313.6 dist=2500 center=48.07959,7.87127
[cam] pitch=60.0 heading=313.8 dist=2500 center=48.07966,7.87091
[cam] pitch=60.0 heading=313.9 dist=2500 center=48.07976,7.87056
[cam] pitch=60.0 heading=314.0 dist=2500 center=48.07986,7.87021
[cam] pitch=60.0 heading=314.1 dist=2500 center=48.07996,7.86986
[cam] pitch=60.0 heading=314.3 dist=2500 center=48.08006,7.86951
[cam] pitch=60.0 heading=314.4 dist=2500 center=48.08016,7.86916
[cam] pitch=60.0 heading=314.6 dist=2500 center=48.08026,7.86881
[cam] pitch=60.0 heading=314.7 dist=2500 center=48.08033,7.86845
[cam] pitch=60.0 heading=314.9 dist=2500 center=48.08040,7.86809
[cam] pitch=60.0 heading=315.1 dist=2500 center=48.08047,7.86772
[cam] pitch=60.0 heading=315.3 dist=2500 center=48.08053,7.86736
[cam] pitch=60.0 heading=315.5 dist=2500 center=48.08060,7.86700
[cam] pitch=60.0 heading=315.7 dist=2500 center=48.08067,7.86664
[cam] pitch=60.0 heading=315.9 dist=2500 center=48.08075,7.86629
[cam] pitch=60.0 heading=316.1 dist=2500 center=48.08084,7.86594
[cam] pitch=60.0 heading=316.3 dist=2500 center=48.08093,7.86559
[cam] pitch=60.0 heading=316.6 dist=2500 center=48.08105,7.86525
[cam] pitch=60.0 heading=316.8 dist=2500 center=48.08117,7.86492
[cam] pitch=60.0 heading=317.3 dist=2500 center=48.08143,7.86427
[cam] pitch=60.0 heading=317.6 dist=2500 center=48.08153,7.86393
[cam] pitch=60.0 heading=317.9 dist=2500 center=48.08162,7.86359
[cam] pitch=60.0 heading=318.2 dist=2500 center=48.08168,7.86323
[cam] pitch=60.0 heading=318.5 dist=2500 center=48.08172,7.86288
[cam] pitch=60.0 heading=318.9 dist=2500 center=48.08175,7.86252
[cam] pitch=60.0 heading=319.2 dist=2500 center=48.08175,7.86216
[cam] pitch=60.0 heading=319.6 dist=2500 center=48.08175,7.86180
[cam] pitch=60.0 heading=319.9 dist=2500 center=48.08172,7.86145
[cam] pitch=60.0 heading=320.3 dist=2500 center=48.08169,7.86111
[cam] pitch=60.0 heading=320.7 dist=2500 center=48.08165,7.86076
[cam] pitch=60.0 heading=321.0 dist=2500 center=48.08162,7.86041
[cam] pitch=60.0 heading=321.4 dist=2500 center=48.08158,7.86006
[cam] pitch=60.0 heading=321.7 dist=2500 center=48.08170,7.85985
[cam] pitch=60.0 heading=322.1 dist=2500 center=48.08197,7.85978
[cam] pitch=60.0 heading=322.4 dist=2500 center=48.08223,7.85971
[cam] pitch=60.0 heading=322.8 dist=2500 center=48.08250,7.85966
[cam] pitch=60.0 heading=323.1 dist=2500 center=48.08276,7.85960
[cam] pitch=60.0 heading=323.4 dist=2500 center=48.08303,7.85955
[cam] pitch=60.0 heading=323.7 dist=2500 center=48.08329,7.85950
[cam] pitch=60.0 heading=324.0 dist=2500 center=48.08356,7.85945
[cam] pitch=60.0 heading=324.3 dist=2500 center=48.08382,7.85940
[cam] pitch=60.0 heading=324.6 dist=2500 center=48.08409,7.85935
[cam] pitch=60.0 heading=324.8 dist=2500 center=48.08435,7.85930
Invalid c3mm file!
[cam] pitch=60.0 heading=325.1 dist=2500 center=48.08462,7.85925
[cam] pitch=60.0 heading=325.3 dist=2500 center=48.08488,7.85919
[cam] pitch=60.0 heading=325.6 dist=2500 center=48.08514,7.85914
[cam] pitch=60.0 heading=325.8 dist=2500 center=48.08541,7.85910
[cam] pitch=60.0 heading=326.0 dist=2500 center=48.08567,7.85909
[cam] pitch=60.0 heading=326.2 dist=2500 center=48.08594,7.85912
[cam] pitch=60.0 heading=326.6 dist=2500 center=48.08647,7.85920
[cam] pitch=60.0 heading=326.8 dist=2500 center=48.08673,7.85925
[cam] pitch=60.0 heading=327.0 dist=2500 center=48.08699,7.85930
[cam] pitch=60.0 heading=327.1 dist=2500 center=48.08725,7.85936
[cam] pitch=60.0 heading=327.3 dist=2500 center=48.08752,7.85941
[cam] pitch=60.0 heading=327.4 dist=2500 center=48.08778,7.85943
[cam] pitch=60.0 heading=327.5 dist=2500 center=48.08804,7.85946
[cam] pitch=60.0 heading=327.6 dist=2500 center=48.08830,7.85950
[cam] pitch=60.0 heading=327.7 dist=2500 center=48.08856,7.85954
[cam] pitch=60.0 heading=327.8 dist=2500 center=48.08882,7.85958
[cam] pitch=60.0 heading=327.9 dist=2500 center=48.08908,7.85962
[cam] pitch=60.0 heading=327.9 dist=2500 center=48.08934,7.85968
[cam] pitch=60.0 heading=328.0 dist=2500 center=48.08959,7.85975
[cam] pitch=60.0 heading=328.0 dist=2500 center=48.08985,7.85985
[cam] pitch=60.0 heading=328.0 dist=2500 center=48.09010,7.85994
[cam] pitch=60.0 heading=328.0 dist=2500 center=48.09035,7.86004
[cam] pitch=60.0 heading=328.0 dist=2500 center=48.09060,7.86013
[cam] pitch=60.0 heading=328.0 dist=2500 center=48.09085,7.86022
[cam] pitch=60.0 heading=328.0 dist=2500 center=48.09110,7.86032
[cam] pitch=60.0 heading=328.0 dist=2500 center=48.09134,7.86041
[cam] pitch=60.0 heading=327.9 dist=2500 center=48.09160,7.86046
[cam] pitch=60.0 heading=327.9 dist=2500 center=48.09185,7.86050
[cam] pitch=60.0 heading=327.8 dist=2500 center=48.09210,7.86053
[cam] pitch=60.0 heading=327.7 dist=2500 center=48.09236,7.86057
[cam] pitch=60.0 heading=327.6 dist=2500 center=48.09261,7.86061
[cam] pitch=60.0 heading=327.5 dist=2500 center=48.09286,7.86064
[cam] pitch=60.0 heading=327.4 dist=2500 center=48.09312,7.86063
[cam] pitch=60.0 heading=327.3 dist=2500 center=48.09337,7.86061
[cam] pitch=60.0 heading=327.2 dist=2500 center=48.09362,7.86057
[cam] pitch=60.0 heading=327.0 dist=2500 center=48.09413,7.86044
[cam] pitch=60.0 heading=326.9 dist=2500 center=48.09437,7.86035
[cam] pitch=60.0 heading=326.8 dist=2500 center=48.09462,7.86026
[cam] pitch=60.0 heading=326.7 dist=2500 center=48.09487,7.86015
[cam] pitch=60.0 heading=326.5 dist=2500 center=48.09511,7.86004
[cam] pitch=60.0 heading=326.4 dist=2500 center=48.09535,7.85993
[cam] pitch=60.0 heading=326.3 dist=2500 center=48.09560,7.85982
[cam] pitch=60.0 heading=326.2 dist=2500 center=48.09583,7.85964
[cam] pitch=60.0 heading=326.1 dist=2500 center=48.09605,7.85945
[cam] pitch=60.0 heading=325.9 dist=2500 center=48.09625,7.85922
[cam] pitch=60.0 heading=325.8 dist=2500 center=48.09644,7.85896
[cam] pitch=60.0 heading=325.7 dist=2500 center=48.09664,7.85870
[cam] pitch=60.0 heading=325.6 dist=2500 center=48.09674,7.85843
[cam] pitch=60.0 heading=325.5 dist=2500 center=48.09692,7.85816
[cam] pitch=60.0 heading=325.4 dist=2500 center=48.09711,7.85789
[cam] pitch=60.0 heading=325.3 dist=2500 center=48.09729,7.85762
[cam] pitch=60.0 heading=325.2 dist=2500 center=48.09748,7.85735
[cam] pitch=60.0 heading=325.1 dist=2500 center=48.09767,7.85708
[cam] pitch=60.0 heading=325.0 dist=2500 center=48.09786,7.85682
[cam] pitch=60.0 heading=324.9 dist=2500 center=48.09806,7.85657
[cam] pitch=60.0 heading=324.7 dist=2500 center=48.09825,7.85632
[cam] pitch=60.0 heading=324.6 dist=2500 center=48.09846,7.85610
[cam] pitch=60.0 heading=324.5 dist=2500 center=48.09868,7.85592
[cam] pitch=60.0 heading=324.4 dist=2500 center=48.09890,7.85572
[cam] pitch=60.0 heading=324.3 dist=2500 center=48.09913,7.85554
[cam] pitch=60.0 heading=324.2 dist=2500 center=48.09935,7.85536
[cam] pitch=60.0 heading=324.0 dist=2500 center=48.09958,7.85518
[cam] pitch=60.0 heading=323.9 dist=2500 center=48.09980,7.85500
[cam] pitch=60.0 heading=323.8 dist=2500 center=48.10003,7.85481
[cam] pitch=60.0 heading=323.7 dist=2500 center=48.10024,7.85460
[cam] pitch=60.0 heading=323.6 dist=2500 center=48.10046,7.85439
[cam] pitch=60.0 heading=323.5 dist=2500 center=48.10067,7.85417
[cam] pitch=60.0 heading=323.3 dist=2500 center=48.10087,7.85393
[cam] pitch=60.0 heading=323.2 dist=2500 center=48.10107,7.85368
[cam] pitch=60.0 heading=323.1 dist=2500 center=48.10127,7.85343
[cam] pitch=60.0 heading=323.0 dist=2500 center=48.10145,7.85316
[cam] pitch=60.0 heading=322.9 dist=2500 center=48.10163,7.85289
[cam] pitch=60.0 heading=322.8 dist=2500 center=48.10180,7.85259
[cam] pitch=60.0 heading=322.7 dist=2500 center=48.10196,7.85228
Invalid c3mm file!
[cam] pitch=60.0 heading=322.5 dist=2500 center=48.10229,7.85169
[cam] pitch=60.0 heading=322.4 dist=2500 center=48.10248,7.85143
[cam] pitch=60.0 heading=322.2 dist=2500 center=48.10270,7.85122
[cam] pitch=60.0 heading=322.1 dist=2500 center=48.10292,7.85102
[cam] pitch=60.0 heading=322.0 dist=2500 center=48.10314,7.85082
[cam] pitch=60.0 heading=321.9 dist=2500 center=48.10336,7.85062
[cam] pitch=60.0 heading=321.7 dist=2500 center=48.10358,7.85042
[cam] pitch=60.0 heading=321.6 dist=2500 center=48.10379,7.85022
[cam] pitch=60.0 heading=321.5 dist=2500 center=48.10401,7.85002
[cam] pitch=60.0 heading=321.4 dist=2500 center=48.10423,7.84981
[cam] pitch=60.0 heading=321.2 dist=2500 center=48.10445,7.84962
[cam] pitch=60.0 heading=321.1 dist=2500 center=48.10468,7.84943
[cam] pitch=60.0 heading=320.9 dist=2500 center=48.10490,7.84924
[cam] pitch=60.0 heading=320.7 dist=2500 center=48.10512,7.84905
[cam] pitch=60.0 heading=320.6 dist=2500 center=48.10534,7.84886
[cam] pitch=60.0 heading=320.4 dist=2500 center=48.10557,7.84869
[cam] pitch=60.0 heading=320.2 dist=2500 center=48.10580,7.84854
[cam] pitch=60.0 heading=320.0 dist=2500 center=48.10604,7.84842
[cam] pitch=60.0 heading=319.8 dist=2500 center=48.10628,7.84834
[cam] pitch=60.0 heading=319.6 dist=2500 center=48.10653,7.84825
[cam] pitch=60.0 heading=319.4 dist=2500 center=48.10677,7.84816
[cam] pitch=60.0 heading=319.1 dist=2500 center=48.10702,7.84809
[cam] pitch=60.0 heading=318.9 dist=2500 center=48.10726,7.84804
[cam] pitch=60.0 heading=318.7 dist=2500 center=48.10751,7.84800
[cam] pitch=60.0 heading=318.4 dist=2500 center=48.10775,7.84792
[cam] pitch=60.0 heading=318.1 dist=2500 center=48.10799,7.84785
[cam] pitch=60.0 heading=317.6 dist=2500 center=48.10848,7.84770
[cam] pitch=60.0 heading=317.3 dist=2500 center=48.10872,7.84763
[cam] pitch=60.0 heading=317.0 dist=2500 center=48.10896,7.84756
[cam] pitch=60.0 heading=316.7 dist=2500 center=48.10920,7.84748
[cam] pitch=60.0 heading=316.4 dist=2500 center=48.10944,7.84741
[cam] pitch=60.0 heading=316.0 dist=2500 center=48.10968,7.84732
[cam] pitch=60.0 heading=315.7 dist=2500 center=48.10991,7.84718
[cam] pitch=60.0 heading=315.4 dist=2500 center=48.11014,7.84702
[cam] pitch=60.0 heading=315.1 dist=2500 center=48.11035,7.84683
[cam] pitch=60.0 heading=314.8 dist=2500 center=48.11057,7.84664
[cam] pitch=60.0 heading=314.5 dist=2500 center=48.11078,7.84642
[cam] pitch=60.0 heading=314.2 dist=2500 center=48.11095,7.84615
[cam] pitch=60.0 heading=313.9 dist=2500 center=48.11106,7.84579
[cam] pitch=60.0 heading=313.5 dist=2500 center=48.11111,7.84539
[cam] pitch=60.0 heading=313.2 dist=2500 center=48.11119,7.84501
[cam] pitch=60.0 heading=312.9 dist=2500 center=48.11133,7.84468
[cam] pitch=60.0 heading=312.5 dist=2500 center=48.11151,7.84442
[cam] pitch=60.0 heading=312.2 dist=2500 center=48.11172,7.84423
[cam] pitch=60.0 heading=311.8 dist=2500 center=48.11195,7.84408
[cam] pitch=60.0 heading=311.4 dist=2500 center=48.11218,7.84400
[cam] pitch=60.0 heading=311.0 dist=2500 center=48.11242,7.84393
[cam] pitch=60.0 heading=310.6 dist=2500 center=48.11265,7.84386
[cam] pitch=60.0 heading=310.3 dist=2500 center=48.11289,7.84377
[cam] pitch=60.0 heading=309.8 dist=2500 center=48.11311,7.84363
[cam] pitch=60.0 heading=309.4 dist=2500 center=48.11333,7.84348
[cam] pitch=60.0 heading=309.0 dist=2500 center=48.11355,7.84331
[cam] pitch=60.0 heading=308.6 dist=2500 center=48.11377,7.84315
[cam] pitch=60.0 heading=308.1 dist=2500 center=48.11399,7.84299
[cam] pitch=60.0 heading=307.7 dist=2500 center=48.11420,7.84282
[cam] pitch=60.0 heading=306.8 dist=2500 center=48.11465,7.84248
[cam] pitch=60.0 heading=306.3 dist=2500 center=48.11485,7.84233
[cam] pitch=60.0 heading=305.9 dist=2500 center=48.11507,7.84216
[cam] pitch=60.0 heading=305.5 dist=2500 center=48.11528,7.84200
[cam] pitch=60.0 heading=305.1 dist=2500 center=48.11550,7.84184
[cam] pitch=60.0 heading=304.7 dist=2500 center=48.11568,7.84165
[cam] pitch=60.0 heading=304.3 dist=2500 center=48.11558,7.84129
[cam] pitch=60.0 heading=304.0 dist=2500 center=48.11547,7.84091
[cam] pitch=60.0 heading=303.6 dist=2500 center=48.11535,7.84053
[cam] pitch=60.0 heading=303.3 dist=2500 center=48.11524,7.84015
[cam] pitch=60.0 heading=303.0 dist=2500 center=48.11513,7.83977
[cam] pitch=60.0 heading=302.7 dist=2500 center=48.11502,7.83939
[cam] pitch=60.0 heading=302.4 dist=2500 center=48.11491,7.83902
[cam] pitch=60.0 heading=302.2 dist=2500 center=48.11480,7.83865
[cam] pitch=60.0 heading=301.9 dist=2500 center=48.11469,7.83827
[cam] pitch=60.0 heading=301.8 dist=2500 center=48.11458,7.83791
[cam] pitch=60.0 heading=301.6 dist=2500 center=48.11439,7.83763
[cam] pitch=60.0 heading=301.4 dist=2500 center=48.11421,7.83734
[cam] pitch=60.0 heading=301.3 dist=2500 center=48.11403,7.83704
[cam] pitch=60.0 heading=301.2 dist=2500 center=48.11382,7.83680
[cam] pitch=60.0 heading=301.1 dist=2500 center=48.11362,7.83655
[cam] pitch=60.0 heading=301.1 dist=2500 center=48.11341,7.83632
[cam] pitch=60.0 heading=301.0 dist=2500 center=48.11318,7.83613
[cam] pitch=60.0 heading=301.0 dist=2500 center=48.11295,7.83597
[cam] pitch=60.0 heading=301.0 dist=2500 center=48.11271,7.83581
[cam] pitch=60.0 heading=301.0 dist=2500 center=48.11223,7.83552
[cam] pitch=60.0 heading=301.0 dist=2500 center=48.11199,7.83538
[cam] pitch=60.0 heading=301.1 dist=2500 center=48.11189,7.83511
[cam] pitch=60.0 heading=301.1 dist=2500 center=48.11199,7.83476
[cam] pitch=60.0 heading=301.1 dist=2500 center=48.11211,7.83441
[cam] pitch=60.0 heading=301.1 dist=2500 center=48.11223,7.83407
[cam] pitch=60.0 heading=301.1 dist=2500 center=48.11234,7.83372
[cam] pitch=60.0 heading=301.2 dist=2500 center=48.11246,7.83338
[cam] pitch=60.0 heading=301.2 dist=2500 center=48.11258,7.83304
[cam] pitch=60.0 heading=301.2 dist=2500 center=48.11270,7.83269
[cam] pitch=60.0 heading=301.3 dist=2500 center=48.11281,7.83235
[cam] pitch=60.0 heading=301.3 dist=2500 center=48.11293,7.83200
[cam] pitch=60.0 heading=301.3 dist=2500 center=48.11304,7.83166
[cam] pitch=60.0 heading=301.4 dist=2500 center=48.11316,7.83131
[cam] pitch=60.0 heading=301.4 dist=2500 center=48.11327,7.83096
[cam] pitch=60.0 heading=301.4 dist=2500 center=48.11337,7.83061
[cam] pitch=60.0 heading=301.5 dist=2500 center=48.11347,7.83026
[cam] pitch=60.0 heading=301.5 dist=2500 center=48.11357,7.82990
[cam] pitch=60.0 heading=301.5 dist=2500 center=48.11367,7.82955
[cam] pitch=60.0 heading=301.6 dist=2500 center=48.11381,7.82922
[cam] pitch=60.0 heading=301.6 dist=2500 center=48.11396,7.82891
[cam] pitch=60.0 heading=301.7 dist=2500 center=48.11409,7.82858
[cam] pitch=60.0 heading=301.7 dist=2500 center=48.11422,7.82824
[cam] pitch=60.0 heading=301.8 dist=2500 center=48.11434,7.82790
[cam] pitch=60.0 heading=301.8 dist=2500 center=48.11446,7.82756
[cam] pitch=60.0 heading=301.9 dist=2500 center=48.11458,7.82722
[cam] pitch=60.0 heading=301.9 dist=2500 center=48.11469,7.82687
[cam] pitch=60.0 heading=301.9 dist=2500 center=48.11481,7.82653
[cam] pitch=60.0 heading=302.0 dist=2500 center=48.11492,7.82618
[cam] pitch=60.0 heading=302.1 dist=2500 center=48.11504,7.82584
[cam] pitch=60.0 heading=302.1 dist=2500 center=48.11520,7.82554
[cam] pitch=60.0 heading=302.2 dist=2500 center=48.11550,7.82491
[cam] pitch=60.0 heading=302.3 dist=2500 center=48.11562,7.82457
[cam] pitch=60.0 heading=302.3 dist=2500 center=48.11573,7.82422
[cam] pitch=60.0 heading=302.4 dist=2500 center=48.11583,7.82387
[cam] pitch=60.0 heading=302.5 dist=2500 center=48.11592,7.82351
[cam] pitch=60.0 heading=302.5 dist=2500 center=48.11602,7.82315
[cam] pitch=60.0 heading=302.6 dist=2500 center=48.11614,7.82281
[cam] pitch=60.0 heading=302.6 dist=2500 center=48.11625,7.82247
[cam] pitch=60.0 heading=302.7 dist=2500 center=48.11637,7.82212
[cam] pitch=60.0 heading=302.7 dist=2500 center=48.11650,7.82179
[cam] pitch=60.0 heading=302.8 dist=2500 center=48.11663,7.82146
[cam] pitch=60.0 heading=302.8 dist=2500 center=48.11678,7.82114
[cam] pitch=60.0 heading=302.9 dist=2500 center=48.11694,7.82084
[stats mode=frame trail=chunked] t=45.2 ticks=290 fps=57.8 hitches=11 maxDt=34ms avgUpdate=0.03ms trailPts=5776
[cam] pitch=60.0 heading=302.9 dist=2500 center=48.11712,7.82056
[cam] pitch=60.0 heading=302.9 dist=2500 center=48.11768,7.82003
[cam] pitch=60.0 heading=302.9 dist=2500 center=48.11800,7.81976
Invalid c3mm file!
[cam] pitch=60.0 heading=302.9 dist=2500 center=48.11822,7.81955
[cam] pitch=60.0 heading=302.9 dist=2500 center=48.11843,7.81935
[smooth mode=frame] callbacks=289 (57/s) speedJitter=23.1% stalls=0 maxHeadingRate=59 deg/s
    offset shown-vs-playhead camera: mean=30 m max=75 m (ground speed ~1736 m/s)
[cam] pitch=60.0 heading=302.9 dist=2500 center=48.11885,7.81884
[cam] pitch=60.0 heading=302.8 dist=2500 center=48.11926,7.81833
[cam] pitch=60.0 heading=302.6 dist=2500 center=48.11965,7.81793
[cam] pitch=60.0 heading=302.5 dist=2500 center=48.11987,7.81775
[cam] pitch=60.0 heading=302.4 dist=2500 center=48.12010,7.81759
[cam] pitch=60.0 heading=302.3 dist=2500 center=48.12035,7.81751
[cam] pitch=60.0 heading=302.2 dist=2500 center=48.12059,7.81745
[cam] pitch=60.0 heading=302.1 dist=2500 center=48.12084,7.81745
[cam] pitch=60.0 heading=302.0 dist=2500 center=48.12109,7.81744
[cam] pitch=60.0 heading=301.7 dist=2500 center=48.12162,7.81710
[cam] pitch=60.0 heading=301.5 dist=2500 center=48.12194,7.81669
[cam] pitch=60.0 heading=301.3 dist=2500 center=48.12211,7.81639
[cam] pitch=60.0 heading=301.2 dist=2500 center=48.12227,7.81609
[cam] pitch=60.0 heading=301.1 dist=2500 center=48.12241,7.81577
[cam] pitch=60.0 heading=300.9 dist=2500 center=48.12254,7.81544
[cam] pitch=60.0 heading=300.8 dist=2500 center=48.12264,7.81508
[cam] pitch=60.0 heading=300.4 dist=2500 center=48.12292,7.81420
[cam] pitch=60.0 heading=300.2 dist=2500 center=48.12314,7.81375
[cam] pitch=60.0 heading=300.0 dist=2500 center=48.12330,7.81345
[cam] pitch=60.0 heading=299.9 dist=2500 center=48.12346,7.81314
[cam] pitch=60.0 heading=299.7 dist=2500 center=48.12361,7.81284
[cam] pitch=60.0 heading=299.5 dist=2500 center=48.12379,7.81257
[cam] pitch=60.0 heading=299.3 dist=2500 center=48.12398,7.81232
Invalid c3mm file!
[cam] pitch=60.0 heading=299.1 dist=2500 center=48.12418,7.81208
[cam] pitch=60.0 heading=299.0 dist=2500 center=48.12438,7.81186
[cam] pitch=60.0 heading=298.8 dist=2500 center=48.12460,7.81167
[cam] pitch=60.0 heading=298.6 dist=2500 center=48.12482,7.81150
[cam] pitch=60.0 heading=298.5 dist=2500 center=48.12501,7.81130
[cam] pitch=60.0 heading=298.3 dist=2500 center=48.12506,7.81093
[cam] pitch=60.0 heading=298.1 dist=2500 center=48.12525,7.81018
[cam] pitch=60.0 heading=297.9 dist=2500 center=48.12542,7.80948
[cam] pitch=60.0 heading=297.9 dist=2500 center=48.12521,7.80932
[cam] pitch=60.0 heading=297.9 dist=2500 center=48.12498,7.80917
[cam] pitch=60.0 heading=297.9 dist=2500 center=48.12474,7.80902
[cam] pitch=60.0 heading=298.0 dist=2500 center=48.12450,7.80892
[stats mode=frame trail=chunked] t=46.0 ticks=40 fps=47.1 hitches=9 maxDt=43ms avgUpdate=0.03ms trailPts=5923
[cam] pitch=60.0 heading=298.1 dist=2500 center=48.12425,7.80887
org.openbikecomputer.spike.flyover: 18545
